0.000000 15.000000 0.750000 0.000000 -0.000000 0.000000 0.000000
0.000000 15.000000 0.750000 0.000000 -0.000000 0.188496 9.645000
0.000000 15.000000 0.750000 0.000000 -0.000000 0.376991 9.765000
0.000000 15.000000 0.750000 0.000000 -0.000000 0.554924 9.890000
0.004287 15.003021 0.750000 0.000000 -0.000000 0.730277 10.065000
0.013707 15.014202 0.750000 0.000000 -0.000000 0.907843 10.285000
0.046053 15.068459 0.750000 0.000000 -0.000000 1.083197 10.590000
0.131232 15.253462 0.750000 0.000000 -0.000000 1.178878 10.845000
0.209332 15.440699 0.750000 0.000000 -0.000000 1.174650 11.000000
0.289318 15.632028 0.750000 0.000000 -0.000000 1.174814 11.125000
0.374116 15.850080 0.750000 0.000000 -0.000000 1.230365 11.245000
0.436480 16.041140 0.750000 0.000000 -0.000000 1.278144 11.345000
0.495051 16.236858 0.750000 0.000000 -0.000000 1.303705 11.447000
0.549586 16.430576 0.750000 0.000000 -0.000000 1.289105 11.547000
0.601950 16.635330 0.750000 0.000000 -0.000000 1.342739 11.652000
0.649511 16.839102 0.750000 0.000000 -0.000000 1.340339 11.756000
0.699626 17.052767 0.750000 0.000000 -0.000000 1.340457 11.865000
0.747859 17.258429 0.750000 0.000000 -0.000000 1.340442 11.970000
0.793865 17.454597 0.750000 0.000000 -0.000000 1.340445 12.070000
0.839746 17.650230 0.750000 0.000000 -0.000000 1.340446 12.170000
0.887081 17.852074 0.750000 0.000000 -0.000000 1.340447 12.273000
0.933915 18.051771 0.750000 0.000000 -0.000000 1.340448 12.375000
0.977180 18.254631 0.750000 0.000000 -0.000000 1.418989 12.480000
0.995133 18.454123 0.750000 0.000000 -0.000000 1.494857 12.590000
1.012095 18.666393 0.750000 0.000000 -0.000000 1.491056 12.697000
1.028517 18.872938 0.750000 0.000000 -0.000000 1.491457 12.800000
1.044476 19.073549 0.750000 0.000000 -0.000000 1.491414 12.900000
1.060424 19.274038 0.750000 0.000000 -0.000000 1.491420 13.000000
1.076412 19.475031 0.750000 0.000000 -0.000000 1.491419 13.100000
1.092371 19.675648 0.750000 0.000000 -0.000000 1.491419 13.200000
1.108323 19.876186 0.750000 0.000000 -0.000000 1.491419 13.300000
1.124775 20.083008 0.750000 0.000000 -0.000000 1.491419 13.403000
1.134790 20.284801 0.750000 0.000000 -0.000000 1.587238 13.506000
1.125019 20.486687 0.750000 0.000000 -0.000000 1.615803 13.613000
1.116737 20.687767 0.750000 0.000000 -0.000000 1.612572 13.713000
1.108225 20.889091 0.750000 0.000000 -0.000000 1.612946 13.813000
1.099605 21.093784 0.750000 0.000000 -0.000000 1.612885 13.915000
1.094556 21.315199 0.750000 0.000000 -0.000000 1.566451 14.025000
1.095974 21.536564 0.750000 0.000000 -0.000000 1.569292 14.135000
1.096358 21.737932 0.750000 0.000000 -0.000000 1.568263 14.235000
1.096902 21.959450 0.750000 0.000000 -0.000000 1.568395 14.345000
1.097670 22.170815 0.750000 0.000000 -0.000000 1.558966 14.450000
1.098184 22.407492 0.750000 0.000000 -0.000000 1.576661 14.570000
1.104088 22.608747 0.750000 0.000000 -0.000000 1.515698 14.670000
1.120047 22.809143 0.750000 0.000000 -0.000000 1.469069 14.770000
1.145568 23.008244 0.750000 0.000000 -0.000000 1.420449 14.870000
1.180803 23.206491 0.750000 0.000000 -0.000000 1.372000 14.970000
1.225589 23.402805 0.750000 0.000000 -0.000000 1.323602 15.070000
1.279779 23.596472 0.750000 0.000000 -0.000000 1.275119 15.170000
1.343253 23.787298 0.750000 0.000000 -0.000000 1.226955 15.270000
1.415334 23.975319 0.750000 0.000000 -0.000000 1.195118 15.370000
1.488987 24.162874 0.750000 0.000000 -0.000000 1.197111 15.470000
1.555615 24.356125 0.750000 0.000000 -0.000000 1.241127 15.575000
1.627952 24.542681 0.750000 0.000000 -0.000000 1.174212 15.685000
1.715536 24.743134 0.750000 0.000000 -0.000000 1.157301 15.795000
1.796109 24.927441 0.750000 0.000000 -0.000000 1.158824 15.895000
1.878598 25.111134 0.750000 0.000000 -0.000000 1.126893 15.995000
1.970035 25.290359 0.750000 0.000000 -0.000000 1.076051 16.094999
2.067971 25.466173 0.750000 0.000000 -0.000000 1.062780 16.195000
2.165595 25.642300 0.750000 0.000000 -0.000000 1.064698 16.295000
2.263278 25.818424 0.750000 0.000000 -0.000000 1.064372 16.395000
2.362844 25.997936 0.750000 0.000000 -0.000000 1.064393 16.497000
2.456203 26.181067 0.750000 0.000000 -0.000000 1.100303 16.600000
2.551009 26.358845 0.750000 0.000000 -0.000000 1.057050 16.700001
2.652409 26.532679 0.750000 0.000000 -0.000000 1.043492 16.799999
2.753292 26.706938 0.750000 0.000000 -0.000000 1.045937 16.900000
2.854321 26.881281 0.750000 0.000000 -0.000000 1.045630 17.000000
2.957702 27.054125 0.750000 0.000000 -0.000000 1.007900 17.100000
3.069612 27.221218 0.750000 0.000000 -0.000000 0.957779 17.200001
3.187332 27.384417 0.750000 0.000000 -0.000000 0.946777 17.299999
3.304766 27.548006 0.750000 0.000000 -0.000000 0.948045 17.400000
3.426474 27.717442 0.750000 0.000000 -0.000000 0.947913 17.504000
3.537279 27.891649 0.750000 0.000000 -0.000000 1.026637 17.608999
3.635491 28.069078 0.750000 0.000000 -0.000000 1.115315 17.714001
3.717205 28.254196 0.750000 0.000000 -0.000000 1.177305 17.823999
3.799796 28.470161 0.750000 0.000000 -0.000000 1.232752 17.938999
3.861733 28.661615 0.750000 0.000000 -0.000000 1.281072 18.039000
3.919560 28.854244 0.750000 0.000000 -0.000000 1.275400 18.139000
3.979845 29.052401 0.750000 0.000000 -0.000000 1.275898 18.242001
4.045734 29.270145 0.750000 0.000000 -0.000000 1.285890 18.355000
4.101629 29.484314 0.750000 0.000000 -0.000000 1.341631 18.465000
4.137252 29.686947 0.750000 0.000000 -0.000000 1.429687 18.570000
4.166542 29.885750 0.750000 0.000000 -0.000000 1.422451 18.670000
4.198136 30.098713 0.750000 0.000000 -0.000000 1.423942 18.777000
4.228497 30.303791 0.750000 0.000000 -0.000000 1.423788 18.879999
4.257973 30.502863 0.750000 0.000000 -0.000000 1.423812 18.980000
4.287439 30.701887 0.750000 0.000000 -0.000000 1.423811 19.080000
4.316909 30.900936 0.750000 0.000000 -0.000000 1.423811 19.180000
4.345278 31.100040 0.750000 0.000000 -0.000000 1.446534 19.280001
4.365642 31.300226 0.750000 0.000000 -0.000000 1.474505 19.379999
4.384770 31.508581 0.750000 0.000000 -0.000000 1.518106 19.485001
4.382881 31.714270 0.750000 0.000000 -0.000000 1.592970 19.594999
4.378981 31.914976 0.750000 0.000000 -0.000000 1.590030 19.695000
4.375040 32.116066 0.750000 0.000000 -0.000000 1.590403 19.795000
4.371103 32.317291 0.750000 0.000000 -0.000000 1.590360 19.895000
4.367174 32.518265 0.750000 0.000000 -0.000000 1.590363 19.995001
4.363242 32.719360 0.750000 0.000000 -0.000000 1.590364 20.094999
4.359303 32.920837 0.750000 0.000000 -0.000000 1.590366 20.195000
4.355362 33.122189 0.750000 0.000000 -0.000000 1.590366 20.295000
4.351412 33.323940 0.750000 0.000000 -0.000000 1.590366 20.395000
4.346628 33.525436 0.750000 0.000000 -0.000000 1.623352 20.496000
4.330972 33.728596 0.750000 0.000000 -0.000000 1.596596 20.610001
4.339642 33.935162 0.750000 0.000000 -0.000000 1.474399 20.750000
4.365059 34.138199 0.750000 0.000000 -0.000000 1.419952 20.881001
4.401101 34.338848 0.750000 0.000000 -0.000000 1.369093 20.990999
4.446314 34.534679 0.750000 0.000000 -0.000000 1.320992 21.091000
4.501043 34.728443 0.750000 0.000000 -0.000000 1.272807 21.191000
4.567744 34.926746 0.750000 0.000000 -0.000000 1.222449 21.295000
4.641218 35.114082 0.750000 0.000000 -0.000000 1.174089 21.395000
4.721338 35.297592 0.750000 0.000000 -0.000000 1.187169 21.495001
4.790764 35.486996 0.750000 0.000000 -0.000000 1.198030 21.600000
4.867581 35.672741 0.750000 0.000000 -0.000000 1.178709 21.700001
4.944018 35.858719 0.750000 0.000000 -0.000000 1.180836 21.799999
5.020530 36.044777 0.750000 0.000000 -0.000000 1.180631 21.900000
5.097063 36.230877 0.750000 0.000000 -0.000000 1.180637 22.000000
5.175739 36.415947 0.750000 0.000000 -0.000000 1.145793 22.100000
5.264690 36.599010 0.750000 0.000000 -0.000000 1.095251 22.201000
5.362436 36.783939 0.750000 0.000000 -0.000000 1.084027 22.305000
5.456431 36.961754 0.750000 0.000000 -0.000000 1.084473 22.405001
5.549711 37.139797 0.750000 0.000000 -0.000000 1.115792 22.504999
5.636586 37.329758 0.750000 0.000000 -0.000000 1.119725 22.611000
5.733186 37.515217 0.750000 0.000000 -0.000000 1.067154 22.715000
5.831883 37.690880 0.750000 0.000000 -0.000000 1.059585 22.815001
5.931205 37.868069 0.750000 0.000000 -0.000000 1.059791 22.916000
6.033545 38.050591 0.750000 0.000000 -0.000000 1.059769 23.020000
6.146204 38.241554 0.750000 0.000000 -0.000000 1.010275 23.129999
6.257457 38.409267 0.750000 0.000000 -0.000000 0.962037 23.230000
6.372577 38.574371 0.750000 0.000000 -0.000000 0.965151 23.330000
6.487249 38.739906 0.750000 0.000000 -0.000000 0.964656 23.430000
6.607723 38.909584 0.750000 0.000000 -0.000000 0.991888 23.535000
6.718667 39.087276 0.750000 0.000000 -0.000000 1.027378 23.639999
6.827218 39.266285 0.750000 0.000000 -0.000000 1.023400 23.743999
6.931855 39.438046 0.750000 0.000000 -0.000000 1.023894 23.844000
7.036387 39.609722 0.750000 0.000000 -0.000000 1.023853 23.944000
7.141053 39.781612 0.750000 0.000000 -0.000000 1.023858 24.044001
7.250854 39.961937 0.750000 0.000000 -0.000000 1.023859 24.149000
7.355650 40.134041 0.750000 0.000000 -0.000000 1.023859 24.249001
7.460316 40.305931 0.750000 0.000000 -0.000000 1.023860 24.349001
7.575578 40.495224 0.750000 0.000000 -0.000000 1.023861 24.459000
7.690425 40.701958 0.750000 0.000000 -0.000000 1.097198 24.579000
7.783720 40.879848 0.750000 0.000000 -0.000000 1.085030 24.679001
7.877611 41.057980 0.750000 0.000000 -0.000000 1.086002 24.778999
7.971407 41.236012 0.750000 0.000000 -0.000000 1.085944 24.879000
8.065202 41.414043 0.750000 0.000000 -0.000000 1.085953 24.979000
8.159054 41.592186 0.750000 0.000000 -0.000000 1.085956 25.079000
8.252789 41.770107 0.750000 0.000000 -0.000000 1.085962 25.179001
8.346642 41.948250 0.750000 0.000000 -0.000000 1.085967 25.278999
8.443232 42.131592 0.750000 0.000000 -0.000000 1.085973 25.382000
8.537084 42.309734 0.750000 0.000000 -0.000000 1.085978 25.482000
8.623313 42.497139 0.750000 0.000000 -0.000000 1.160551 25.587000
8.705171 42.680851 0.750000 0.000000 -0.000000 1.149851 25.687000
8.787334 42.864681 0.750000 0.000000 -0.000000 1.150638 25.787001
8.869384 43.048283 0.750000 0.000000 -0.000000 1.150580 25.886999
8.951486 43.231998 0.750000 0.000000 -0.000000 1.150592 25.987000
9.033486 43.415485 0.750000 0.000000 -0.000000 1.150598 26.087000
9.118094 43.604820 0.750000 0.000000 -0.000000 1.150606 26.190001
9.200239 43.788654 0.750000 0.000000 -0.000000 1.150610 26.290001
9.290551 43.990768 0.750000 0.000000 -0.000000 1.150615 26.400000
9.372523 44.174412 0.750000 0.000000 -0.000000 1.158471 26.500000
9.436707 44.365555 0.750000 0.000000 -0.000000 1.331259 26.610001
9.463364 44.548977 0.750000 0.000000 -0.000000 1.519755 26.730000
9.456067 44.703842 0.750000 0.000000 -0.000000 1.716104 26.855000
9.430928 44.808887 0.750000 0.000000 -0.000000 1.896746 26.969999
9.400845 44.877434 0.750000 0.000000 -0.000000 2.077388 27.084999
9.377776 44.911930 0.750000 0.000000 -0.000000 2.258029 27.200001
9.347283 44.942337 0.750000 0.000000 -0.000000 2.433292 27.379999
9.339815 44.948414 0.750000 0.000000 -0.000000 2.257013 27.740000
9.337595 44.951717 0.750000 0.000000 -0.000000 2.079987 27.910000
9.336552 44.954674 0.750000 0.000000 -0.000000 1.902869 28.107000
9.331634 44.973099 0.750000 0.000000 -0.000000 1.712577 28.370001
9.327151 45.175713 0.750000 0.000000 -0.000000 1.540719 28.809999
9.341169 45.381542 0.750000 0.000000 -0.000000 1.469491 28.980000
9.368306 45.586536 0.750000 0.000000 -0.000000 1.412172 29.110001
9.402986 45.791878 0.750000 0.000000 -0.000000 1.405424 29.219999
9.440987 46.020134 0.750000 0.000000 -0.000000 1.405668 29.334999
9.472761 46.217861 0.750000 0.000000 -0.000000 1.444952 29.434999
9.498946 46.427750 0.750000 0.000000 -0.000000 1.429808 29.541000
9.533806 46.634052 0.750000 0.000000 -0.000000 1.383141 29.645000
9.576280 46.861664 0.750000 0.000000 -0.000000 1.388795 29.760000
9.612799 47.059448 0.750000 0.000000 -0.000000 1.387933 29.860001
9.653058 47.277241 0.750000 0.000000 -0.000000 1.388042 29.969999
9.689667 47.475292 0.750000 0.000000 -0.000000 1.388030 30.070000
9.726231 47.673100 0.750000 0.000000 -0.000000 1.388033 30.170000
9.762836 47.871128 0.750000 0.000000 -0.000000 1.388035 30.270000
9.799468 48.069302 0.750000 0.000000 -0.000000 1.388037 30.370001
9.834764 48.266663 0.750000 0.000000 -0.000000 1.427309 30.469999
9.850128 48.469246 0.750000 0.000000 -0.000000 1.499848 30.580000
9.872838 48.673485 0.750000 0.000000 -0.000000 1.433386 30.690001
9.905166 48.871861 0.750000 0.000000 -0.000000 1.386626 30.790001
9.945385 49.068672 0.750000 0.000000 -0.000000 1.366968 30.889999
9.985740 49.266228 0.750000 0.000000 -0.000000 1.369712 30.990000
10.025996 49.463688 0.750000 0.000000 -0.000000 1.369640 31.090000
10.067752 49.668499 0.750000 0.000000 -0.000000 1.369645 31.194000
10.109306 49.865292 0.750000 0.000000 -0.000000 1.343346 31.294001
10.160126 50.060001 0.750000 0.000000 -0.000000 1.292317 31.393999
10.217485 50.260269 0.750000 0.000000 -0.000000 1.343722 31.499001
10.253762 50.461739 0.750000 0.000000 -0.000000 1.372110 31.614000
10.301446 50.661602 0.750000 0.000000 -0.000000 1.312033 31.729000
10.366560 50.881767 0.750000 0.000000 -0.000000 1.256612 31.844000
10.433506 51.071384 0.750000 0.000000 -0.000000 1.208090 31.944000
10.504564 51.259811 0.750000 0.000000 -0.000000 1.212889 32.043999
10.575205 51.448532 0.750000 0.000000 -0.000000 1.212367 32.144001
10.663051 51.662399 0.750000 0.000000 -0.000000 1.158050 32.258999
10.743484 51.846737 0.750000 0.000000 -0.000000 1.160750 32.359001
10.823897 52.031231 0.750000 0.000000 -0.000000 1.153175 32.459000
10.898554 52.218220 0.750000 0.000000 -0.000000 1.251350 32.563999
10.970927 52.423309 0.750000 0.000000 -0.000000 1.210525 32.674000
11.050945 52.618801 0.750000 0.000000 -0.000000 1.157405 32.778999
11.135847 52.801388 0.750000 0.000000 -0.000000 1.127103 32.879002
11.221707 52.983677 0.750000 0.000000 -0.000000 1.132151 32.979000
11.307301 53.165817 0.750000 0.000000 -0.000000 1.131234 33.078999
11.392926 53.347931 0.750000 0.000000 -0.000000 1.131375 33.179001
11.478547 53.530045 0.750000 0.000000 -0.000000 1.131375 33.278999
11.564168 53.712158 0.750000 0.000000 -0.000000 1.131382 33.379002
11.650205 53.893795 0.750000 0.000000 -0.000000 1.124194 33.479000
11.725310 54.086952 0.750000 0.000000 -0.000000 1.217963 33.589001
11.804670 54.275242 0.750000 0.000000 -0.000000 1.143997 33.703999
11.893096 54.462814 0.750000 0.000000 -0.000000 1.129238 33.808998
11.978852 54.644882 0.750000 0.000000 -0.000000 1.130615 33.909000
12.064747 54.827152 0.750000 0.000000 -0.000000 1.130427 34.008999
12.150486 55.009075 0.750000 0.000000 -0.000000 1.130444 34.109001
12.236217 55.190998 0.750000 0.000000 -0.000000 1.130450 34.209000
12.322001 55.373035 0.750000 0.000000 -0.000000 1.130453 34.308998
12.407836 55.555187 0.750000 0.000000 -0.000000 1.130455 34.409000
12.489472 55.744446 0.750000 0.000000 -0.000000 1.232559 34.514000
12.570939 55.985359 0.750000 0.000000 -0.000000 1.204070 34.653999
12.650481 56.177799 0.750000 0.000000 -0.000000 1.156546 34.758999
12.736176 56.359879 0.750000 0.000000 -0.000000 1.109590 34.859001
12.829622 56.549061 0.750000 0.000000 -0.000000 1.114137 34.964001
12.927351 56.747696 0.750000 0.000000 -0.000000 1.113281 35.074001
13.016649 56.927910 0.750000 0.000000 -0.000000 1.098269 35.174000
13.118554 57.113071 0.750000 0.000000 -0.000000 1.041687 35.278999
13.223742 57.284492 0.750000 0.000000 -0.000000 1.012704 35.379002
13.330531 57.462780 0.750000 0.000000 -0.000000 1.085009 35.484001
13.411643 57.654240 0.750000 0.000000 -0.000000 1.230803 35.604000
13.467410 57.850452 0.750000 0.000000 -0.000000 1.354800 35.749001
13.503648 58.051022 0.750000 0.000000 -0.000000 1.444497 35.894001
13.519387 58.262257 0.750000 0.000000 -0.000000 1.527414 36.049000
13.522153 58.463451 0.750000 0.000000 -0.000000 1.582749 36.168999
13.514367 58.667786 0.750000 0.000000 -0.000000 1.631939 36.273998
13.496525 58.872242 0.750000 0.000000 -0.000000 1.681316 36.375999
13.469248 59.071949 0.750000 0.000000 -0.000000 1.722883 36.476002
13.428715 59.278469 0.750000 0.000000 -0.000000 1.782209 36.583000
13.386269 59.481457 0.750000 0.000000 -0.000000 1.775520 36.686001
13.345188 59.678921 0.750000 0.000000 -0.000000 1.775988 36.785999
13.304221 59.875801 0.750000 0.000000 -0.000000 1.775937 36.886002
13.263248 60.072708 0.750000 0.000000 -0.000000 1.775943 36.986000
13.220682 60.269264 0.750000 0.000000 -0.000000 1.803893 37.085999
13.168754 60.463573 0.750000 0.000000 -0.000000 1.855248 37.186001
13.108284 60.655453 0.750000 0.000000 -0.000000 1.881798 37.285999
13.046673 60.849117 0.750000 0.000000 -0.000000 1.878380 37.387001
12.980609 61.041298 0.750000 0.000000 -0.000000 1.963596 37.491001
12.893042 61.221794 0.750000 0.000000 -0.000000 2.029933 37.601002
12.803404 61.405354 0.750000 0.000000 -0.000000 2.025144 37.702999
12.712324 61.591434 0.750000 0.000000 -0.000000 2.026024 37.806000
12.623003 61.773960 0.750000 0.000000 -0.000000 2.025910 37.907001
12.531025 61.961922 0.750000 0.000000 -0.000000 2.025920 38.011002
12.442464 62.142899 0.750000 0.000000 -0.000000 2.025921 38.111000
12.354046 62.323589 0.750000 0.000000 -0.000000 2.025927 38.210999
12.265570 62.504383 0.750000 0.000000 -0.000000 2.025932 38.311001
12.177062 62.685246 0.750000 0.000000 -0.000000 2.025934 38.410999
12.086308 62.865200 0.750000 0.000000 -0.000000 2.035309 38.511002
11.996531 63.045174 0.750000 0.000000 -0.000000 2.033831 38.611000
11.909685 63.226593 0.750000 0.000000 -0.000000 1.993070 38.710999
11.828904 63.410919 0.750000 0.000000 -0.000000 1.985427 38.811001
11.747631 63.595074 0.750000 0.000000 -0.000000 1.986245 38.910999
11.666384 63.779320 0.750000 0.000000 -0.000000 1.986164 39.011002
11.585106 63.963638 0.750000 0.000000 -0.000000 1.986172 39.111000
11.506094 64.150719 0.750000 0.000000 -0.000000 1.945593 39.212002
11.431516 64.346268 0.750000 0.000000 -0.000000 1.937124 39.316002
11.357813 64.537872 0.750000 0.000000 -0.000000 1.937671 39.417999
11.272861 64.737602 0.750000 0.000000 -0.000000 1.994974 39.526001
11.172752 64.957489 0.750000 0.000000 -0.000000 1.995187 39.646000
11.089712 65.141136 0.750000 0.000000 -0.000000 1.995587 39.745998
11.006727 65.324593 0.750000 0.000000 -0.000000 1.995538 39.846001
10.923697 65.507820 0.750000 0.000000 -0.000000 2.002607 39.945999
10.834476 65.688309 0.750000 0.000000 -0.000000 2.054381 40.046001
10.736574 65.863976 0.750000 0.000000 -0.000000 2.097957 40.146000
10.635839 66.038200 0.750000 0.000000 -0.000000 2.092581 40.245998
10.534538 66.214241 0.750000 0.000000 -0.000000 2.093180 40.347000
10.434067 66.388756 0.750000 0.000000 -0.000000 2.093108 40.446999
10.333664 66.563309 0.750000 0.000000 -0.000000 2.088397 40.547001
10.235012 66.747948 0.750000 0.000000 -0.000000 2.046175 40.651001
10.133268 66.944702 0.750000 0.000000 -0.000000 2.049127 40.761002
10.040556 67.123611 0.750000 0.000000 -0.000000 2.048840 40.861000
9.943373 67.311172 0.750000 0.000000 -0.000000 2.048855 40.966000
9.850904 67.489647 0.750000 0.000000 -0.000000 2.048855 41.066002
9.758322 67.668335 0.750000 0.000000 -0.000000 2.048860 41.166000
9.666348 67.847328 0.750000 0.000000 -0.000000 2.031355 41.265999
9.581593 68.030121 0.750000 0.000000 -0.000000 1.991312 41.366001
9.495722 68.211426 0.750000 0.000000 -0.000000 2.065632 41.466999
9.386724 68.379257 0.750000 0.000000 -0.000000 2.209575 41.581001
9.244283 68.546936 0.750000 0.000000 -0.000000 2.343513 41.736000
9.087981 68.682388 0.750000 0.000000 -0.000000 2.507154 41.936001
8.920139 68.796494 0.750000 0.000000 -0.000000 2.576424 42.101002
8.741586 68.902344 0.750000 0.000000 -0.000000 2.633448 42.230999
8.556390 68.998886 0.750000 0.000000 -0.000000 2.684948 42.341000
8.373946 69.081291 0.750000 0.000000 -0.000000 2.765673 42.441002
8.185637 69.151459 0.750000 0.000000 -0.000000 2.801030 42.541000
7.996018 69.219116 0.750000 0.000000 -0.000000 2.796663 42.640999
7.806396 69.287125 0.750000 0.000000 -0.000000 2.801823 42.741001
7.614856 69.348969 0.750000 0.000000 -0.000000 2.849988 42.841000
7.422235 69.407364 0.750000 0.000000 -0.000000 2.845107 42.941002
7.210718 69.471764 0.750000 0.000000 -0.000000 2.853938 43.050999
7.016104 69.523010 0.750000 0.000000 -0.000000 2.909843 43.151001
6.819198 69.564270 0.750000 0.000000 -0.000000 2.957790 43.250999
6.620519 69.596222 0.750000 0.000000 -0.000000 2.996919 43.351002
6.421207 69.624954 0.750000 0.000000 -0.000000 3.008591 43.451000
6.220002 69.652802 0.750000 0.000000 -0.000000 3.000218 43.551998
6.012867 69.682121 0.750000 0.000000 -0.000000 3.001409 43.655998
5.793739 69.713051 0.750000 0.000000 -0.000000 3.001324 43.765999
5.594588 69.741188 0.750000 0.000000 -0.000000 3.001344 43.866001
5.395363 69.769325 0.750000 0.000000 -0.000000 3.001349 43.966000
5.196088 69.797478 0.750000 0.000000 -0.000000 3.001353 44.066002
4.996813 69.825577 0.750000 0.000000 -0.000000 3.001358 44.166000
4.797514 69.853729 0.750000 0.000000 -0.000000 3.001340 44.265999
4.588337 69.883278 0.750000 0.000000 -0.000000 3.001345 44.370998
4.385606 69.911774 0.750000 0.000000 -0.000000 2.962080 44.476002
4.199352 69.963638 0.750000 0.000000 -0.000000 2.781438 44.591000
4.055217 70.033516 0.750000 0.000000 -0.000000 2.600797 44.706001
3.945023 70.115303 0.750000 0.000000 -0.000000 2.404448 44.831001
3.879443 70.187462 0.750000 0.000000 -0.000000 2.208098 44.956001
3.849819 70.235764 0.750000 0.000000 -0.000000 2.025886 45.071999
3.840935 70.257889 0.750000 0.000000 -0.000000 1.845244 45.187000
3.840739 70.258644 0.750000 0.000000 -0.000000 1.666173 45.300999
3.840739 70.258644 0.750000 0.000000 -0.000000 1.485531 45.416000
3.840739 70.258644 0.750000 0.000000 -0.000000 1.306460 45.756001
3.840739 70.258644 0.750000 0.000000 -0.000000 1.125819 45.870998
3.840739 70.258644 0.750000 0.000000 -0.000000 0.945177 45.986000
3.840739 70.258644 0.750000 0.000000 -0.000000 0.762965 46.102001
3.840739 70.258644 0.750000 0.000000 -0.000000 0.583894 46.216000
3.840739 70.258644 0.750000 0.000000 -0.000000 0.401681 46.332001
3.902365 70.274246 0.750000 0.000000 -0.000000 0.225579 46.655998
4.102862 70.300507 0.750000 0.000000 -0.000000 0.092763 46.960999
4.321402 70.321281 0.750000 0.000000 -0.000000 0.094962 47.136002
4.533193 70.341446 0.750000 0.000000 -0.000000 0.094981 47.265999
4.734381 70.360619 0.750000 0.000000 -0.000000 0.094978 47.370998
4.939030 70.386894 0.750000 0.000000 -0.000000 0.128409 47.476002
5.139362 70.405785 0.750000 0.000000 -0.000000 0.069099 47.576000
5.340646 70.414696 0.750000 0.000000 -0.000000 0.021632 47.675999
5.541688 70.415031 0.750000 0.000000 0.000000 -0.004266 47.776001
5.751029 70.413742 0.750000 0.000000 0.000000 -0.022405 47.880001
5.954045 70.403793 0.750000 0.000000 0.000000 -0.061166 47.980999
6.154950 70.392044 0.750000 0.000000 0.000000 -0.057721 48.081001
6.355835 70.380371 0.750000 0.000000 0.000000 -0.058080 48.181000
6.558792 70.368584 0.750000 0.000000 0.000000 -0.058040 48.282001
6.767813 70.356438 0.750000 0.000000 0.000000 -0.058043 48.386002
6.972566 70.342667 0.750000 0.000000 0.000000 -0.109321 48.491001
7.172225 70.307785 0.750000 0.000000 0.000000 -0.228392 48.611000
7.371348 70.247017 0.750000 0.000000 0.000000 -0.365978 48.765999
7.558950 70.156570 0.750000 0.000000 0.000000 -0.516822 48.971001
7.729481 70.046959 0.750000 0.000000 0.000000 -0.637053 49.151001
7.887266 69.921501 0.750000 0.000000 0.000000 -0.702529 49.311001
8.037409 69.787140 0.750000 0.000000 0.000000 -0.735828 49.436001
8.188628 69.649170 0.750000 0.000000 0.000000 -0.743299 49.546001
8.336857 69.513054 0.750000 0.000000 0.000000 -0.742481 49.646000
8.485221 69.376930 0.750000 0.000000 0.000000 -0.742563 49.745998
8.635128 69.239380 0.750000 0.000000 0.000000 -0.742578 49.847000
8.796842 69.091003 0.750000 0.000000 0.000000 -0.742595 49.956001
8.944864 68.954689 0.750000 0.000000 0.000000 -0.754393 50.056000
9.087333 68.812950 0.750000 0.000000 0.000000 -0.812471 50.155998
9.221051 68.663071 0.750000 0.000000 0.000000 -0.854582 50.256001
9.373243 68.488976 0.750000 0.000000 0.000000 -0.851504 50.370998
9.504680 68.338058 0.750000 0.000000 0.000000 -0.852605 50.471001
9.649027 68.190643 0.750000 0.000000 0.000000 -0.814896 50.585999
9.785566 68.036263 0.750000 0.000000 0.000000 -0.858989 50.701000
9.924411 67.873474 0.750000 0.000000 0.000000 -0.870796 50.807999
10.052072 67.712097 0.750000 0.000000 0.000000 -0.931402 50.910999
10.173899 67.551773 0.750000 0.000000 0.000000 -0.895437 51.011002
10.301519 67.396378 0.750000 0.000000 0.000000 -0.885263 51.111000
10.430087 67.238808 0.750000 0.000000 0.000000 -0.886045 51.212002
10.565485 67.079018 0.750000 0.000000 0.000000 -0.843049 51.316002
10.703171 66.932259 0.750000 0.000000 0.000000 -0.794277 51.416000
10.851323 66.793701 0.750000 0.000000 0.000000 -0.733588 51.516998
11.049687 66.625549 0.750000 0.000000 0.000000 -0.672372 51.646000
11.209764 66.504646 0.750000 0.000000 0.000000 -0.619456 51.745998
11.394323 66.389526 0.750000 0.000000 0.000000 -0.499355 51.867001
11.579997 66.302841 0.750000 0.000000 0.000000 -0.374747 52.006001
11.776143 66.234619 0.750000 0.000000 0.000000 -0.305673 52.151001
11.988940 66.174622 0.750000 0.000000 0.000000 -0.247809 52.276001
12.189590 66.130447 0.750000 0.000000 0.000000 -0.175195 52.381001
12.394814 66.108002 0.750000 0.000000 0.000000 -0.029746 52.500999
12.627977 66.113907 0.750000 0.000000 -0.000000 0.051828 52.640999
12.832675 66.129974 0.750000 0.000000 -0.000000 0.101641 52.745998
13.032204 66.155495 0.750000 0.000000 -0.000000 0.150290 52.846001
13.230361 66.190674 0.750000 0.000000 -0.000000 0.198746 52.945999
13.426313 66.235359 0.750000 0.000000 -0.000000 0.247172 53.046001
13.629571 66.292366 0.750000 0.000000 -0.000000 0.293759 53.151001
13.822165 66.350342 0.750000 0.000000 -0.000000 0.290797 53.250999
14.045721 66.417328 0.750000 0.000000 -0.000000 0.291280 53.367001
14.246351 66.477455 0.750000 0.000000 -0.000000 0.291241 53.471001
14.435575 66.542244 0.750000 0.000000 -0.000000 0.361863 53.571999
14.629790 66.620056 0.750000 0.000000 -0.000000 0.387116 53.675999
14.816224 66.695572 0.750000 0.000000 -0.000000 0.384191 53.776001
15.002826 66.771088 0.750000 0.000000 -0.000000 0.384568 53.875999
15.189380 66.846611 0.750000 0.000000 -0.000000 0.384520 53.976002
15.377675 66.922836 0.750000 0.000000 -0.000000 0.384507 54.077000
15.564233 66.998367 0.750000 0.000000 -0.000000 0.384491 54.176998
15.750791 67.073898 0.750000 0.000000 -0.000000 0.384469 54.277000
15.937581 67.149521 0.750000 0.000000 -0.000000 0.384443 54.376999
16.128757 67.230339 0.750000 0.000000 -0.000000 0.451970 54.480999
16.311924 67.331444 0.750000 0.000000 -0.000000 0.512143 54.591000
16.487637 67.429848 0.750000 0.000000 -0.000000 0.510570 54.691002
16.663294 67.528313 0.750000 0.000000 -0.000000 0.510769 54.791000
16.838863 67.626724 0.750000 0.000000 -0.000000 0.510735 54.890999
17.014435 67.725143 0.750000 0.000000 -0.000000 0.510717 54.991001
17.190050 67.823578 0.750000 0.000000 -0.000000 0.510696 55.091000
17.365404 67.921867 0.750000 0.000000 -0.000000 0.510676 55.191002
17.540976 68.020287 0.750000 0.000000 -0.000000 0.510652 55.291000
17.716396 68.118614 0.750000 0.000000 -0.000000 0.510628 55.390999
17.890795 68.217278 0.750000 0.000000 -0.000000 0.548301 55.491001
18.060640 68.329727 0.750000 0.000000 -0.000000 0.565323 55.597000
18.241026 68.436462 0.750000 0.000000 -0.000000 0.510246 55.701000
18.418951 68.530205 0.750000 0.000000 -0.000000 0.461976 55.800999
18.601530 68.615417 0.750000 0.000000 -0.000000 0.413796 55.901001
18.787775 68.691605 0.750000 0.000000 -0.000000 0.365436 56.000999
18.981356 68.759933 0.750000 0.000000 -0.000000 0.316064 56.103001
19.174364 68.817635 0.750000 0.000000 -0.000000 0.267710 56.202999
19.374832 68.870003 0.750000 0.000000 -0.000000 0.256106 56.306000
19.569546 68.921249 0.750000 0.000000 -0.000000 0.257231 56.405998
19.766127 68.980316 0.750000 0.000000 -0.000000 0.362326 56.511002
19.961308 69.056175 0.750000 0.000000 -0.000000 0.342974 56.620998
20.181444 69.127159 0.750000 0.000000 -0.000000 0.287196 56.736000
20.374252 69.184494 0.750000 0.000000 -0.000000 0.289248 56.835999
20.570452 69.237083 0.750000 0.000000 -0.000000 0.235895 56.937000
20.775040 69.280937 0.750000 0.000000 -0.000000 0.195692 57.041000
21.001842 69.326103 0.750000 0.000000 -0.000000 0.197029 57.155998
21.199211 69.365486 0.750000 0.000000 -0.000000 0.196818 57.256001
21.416292 69.408791 0.750000 0.000000 -0.000000 0.196831 57.366001
21.614132 69.447548 0.750000 0.000000 -0.000000 0.180332 57.466000
21.814194 69.499786 0.750000 0.000000 -0.000000 0.273274 57.576000
22.013416 69.546867 0.750000 0.000000 -0.000000 0.203728 57.686001
22.216913 69.583595 0.750000 0.000000 -0.000000 0.156505 57.789001
22.416288 69.610931 0.750000 0.000000 -0.000000 0.130987 57.889000
22.615698 69.637909 0.750000 0.000000 -0.000000 0.135308 57.988998
22.815235 69.665031 0.750000 0.000000 -0.000000 0.134997 58.089001
23.014648 69.692108 0.750000 0.000000 -0.000000 0.135032 58.188999
23.214270 69.717567 0.750000 0.000000 -0.000000 0.107085 58.289001
23.414858 69.733559 0.750000 0.000000 -0.000000 0.056419 58.389000
23.622284 69.741325 0.750000 0.000000 -0.000000 0.034607 58.492001
23.823034 69.757950 0.750000 0.000000 -0.000000 0.081901 58.597000
24.023384 69.768257 0.750000 0.000000 -0.000000 0.047504 58.707001
24.232992 69.778824 0.750000 0.000000 -0.000000 0.050512 58.812000
24.434114 69.788979 0.750000 0.000000 -0.000000 0.050211 58.911999
24.635237 69.799133 0.750000 0.000000 -0.000000 0.050210 59.012001
24.836233 69.809280 0.750000 0.000000 -0.000000 0.050184 59.112000
25.037457 69.816765 0.750000 0.000000 -0.000000 0.014239 59.212002
25.238701 69.816978 0.750000 0.000000 -0.000000 0.001456 59.312000
25.439945 69.817551 0.750000 0.000000 -0.000000 0.002752 59.411999
25.640564 69.818268 0.750000 0.000000 -0.000000 0.018261 59.512001
25.849079 69.828011 0.750000 0.000000 -0.000000 0.046770 59.617001
26.050085 69.834488 0.750000 0.000000 -0.000000 0.008889 59.716999
26.251205 69.833832 0.750000 0.000000 0.000000 -0.002567 59.817001
26.452326 69.833687 0.750000 0.000000 0.000000 -0.000828 59.917000
26.657547 69.833504 0.750000 0.000000 0.000000 -0.001069 60.019001
26.858789 69.833328 0.750000 0.000000 0.000000 -0.001081 60.118999
27.060059 69.833168 0.750000 0.000000 0.000000 -0.001108 60.219002
27.261354 69.833000 0.750000 0.000000 0.000000 -0.001142 60.319000
27.462473 69.832748 0.750000 0.000000 0.000000 -0.001123 60.418999
27.690786 69.835266 0.750000 0.000000 -0.000000 0.061708 60.534000
27.893276 69.835014 0.750000 0.000000 0.000000 -0.052452 60.648998
28.097961 69.818520 0.750000 0.000000 0.000000 -0.115944 60.758999
28.298958 69.783401 0.750000 0.000000 0.000000 -0.211850 60.874001
28.496740 69.736000 0.750000 0.000000 0.000000 -0.257692 60.979000
28.689838 69.679794 0.750000 0.000000 0.000000 -0.305953 61.078999
28.880106 69.614273 0.750000 0.000000 0.000000 -0.354617 61.179001
29.066973 69.539612 0.750000 0.000000 0.000000 -0.402827 61.278999
29.249943 69.456032 0.750000 0.000000 0.000000 -0.451267 61.379002
29.429092 69.364510 0.750000 0.000000 0.000000 -0.478905 61.479000
29.616947 69.275703 0.750000 0.000000 0.000000 -0.444059 61.584999
29.796036 69.184196 0.750000 0.000000 0.000000 -0.478360 61.685001
29.975080 69.092308 0.750000 0.000000 0.000000 -0.473308 61.785000
30.158012 68.998573 0.750000 0.000000 0.000000 -0.473508 61.887001
30.337112 68.906792 0.750000 0.000000 0.000000 -0.473496 61.987000
30.515602 68.814102 0.750000 0.000000 0.000000 -0.495841 62.087002
30.689842 68.713432 0.750000 0.000000 0.000000 -0.547682 62.187000
30.858829 68.604393 0.750000 0.000000 0.000000 -0.595751 62.286999
31.022451 68.487251 0.750000 0.000000 0.000000 -0.644175 62.387001
31.180283 68.362221 0.750000 0.000000 0.000000 -0.692961 62.487000
31.344166 68.230988 0.750000 0.000000 0.000000 -0.665483 62.591999
31.500525 68.104309 0.750000 0.000000 0.000000 -0.703519 62.692001
31.650930 67.970627 0.750000 0.000000 0.000000 -0.734594 62.792000
31.805414 67.829857 0.750000 0.000000 0.000000 -0.757840 62.896000
31.947647 67.687515 0.750000 0.000000 0.000000 -0.809070 62.995998
32.084061 67.539558 0.750000 0.000000 0.000000 -0.828360 63.096001
32.220356 67.391495 0.750000 0.000000 0.000000 -0.826611 63.195999
32.360779 67.238960 0.750000 0.000000 0.000000 -0.826845 63.299000
32.497082 67.090881 0.750000 0.000000 0.000000 -0.826839 63.398998
32.634716 66.941376 0.750000 0.000000 0.000000 -0.826852 63.500000
32.779411 66.800041 0.750000 0.000000 0.000000 -0.770444 63.604000
32.922821 66.658875 0.750000 0.000000 0.000000 -0.777444 63.703999
33.066360 66.517822 0.750000 0.000000 0.000000 -0.776715 63.804001
33.209915 66.376740 0.750000 0.000000 0.000000 -0.776790 63.903999
33.353371 66.235756 0.750000 0.000000 0.000000 -0.776792 64.003998
33.496929 66.094673 0.750000 0.000000 0.000000 -0.776800 64.103996
33.640503 65.953560 0.750000 0.000000 0.000000 -0.776808 64.204002
33.784084 65.812424 0.750000 0.000000 0.000000 -0.776808 64.304001
33.927589 65.671356 0.750000 0.000000 0.000000 -0.776805 64.403999
34.071026 65.530373 0.750000 0.000000 0.000000 -0.776805 64.503998
34.213882 65.389084 0.750000 0.000000 0.000000 -0.803737 64.603996
34.349308 65.240265 0.750000 0.000000 0.000000 -0.854869 64.704002
34.488937 65.085915 0.750000 0.000000 0.000000 -0.805030 64.808998
34.638245 64.940666 0.750000 0.000000 0.000000 -0.741432 64.914001
34.786812 64.804916 0.750000 0.000000 0.000000 -0.744251 65.014000
34.932346 64.665977 0.750000 0.000000 0.000000 -0.786270 65.113998
35.079601 64.521072 0.750000 0.000000 0.000000 -0.742489 65.219002
35.228634 64.386208 0.750000 0.000000 0.000000 -0.737719 65.319000
35.380386 64.237770 0.750000 0.000000 0.000000 -0.831691 65.429001
35.518864 64.078705 0.750000 0.000000 0.000000 -0.844176 65.539001
35.660446 63.930145 0.750000 0.000000 0.000000 -0.793179 65.643997
35.797428 63.782578 0.750000 0.000000 0.000000 -0.850064 65.744003
35.926350 63.628216 0.750000 0.000000 0.000000 -0.897543 65.844002
36.053619 63.459824 0.750000 0.000000 0.000000 -0.941893 65.948997
36.172329 63.297291 0.750000 0.000000 0.000000 -0.937692 66.049004
36.291153 63.135056 0.750000 0.000000 0.000000 -0.945230 66.149002
36.404385 62.968872 0.750000 0.000000 0.000000 -0.997592 66.249001
36.510242 62.795391 0.750000 0.000000 0.000000 -1.046052 66.349998
36.610306 62.611507 0.750000 0.000000 0.000000 -1.096455 66.454002
36.700577 62.426708 0.750000 0.000000 0.000000 -1.109945 66.556000
36.804867 62.253078 0.750000 0.000000 0.000000 -0.987423 66.664001
36.918472 62.078392 0.750000 0.000000 0.000000 -0.997058 66.768997
37.027771 61.909397 0.750000 0.000000 0.000000 -0.996602 66.869003
37.137096 61.740410 0.750000 0.000000 0.000000 -0.996650 66.969002
37.246426 61.571419 0.750000 0.000000 0.000000 -0.996652 67.069000
37.355816 61.402325 0.750000 0.000000 0.000000 -0.996661 67.168999
37.465111 61.233376 0.750000 0.000000 0.000000 -0.996668 67.268997
37.579910 61.055893 0.750000 0.000000 0.000000 -0.996675 67.374001
37.689190 60.886929 0.750000 0.000000 0.000000 -0.996675 67.473999
37.802841 60.711205 0.750000 0.000000 0.000000 -0.996675 67.578003
37.913227 60.540512 0.750000 0.000000 0.000000 -0.996675 67.679001
38.022541 60.371525 0.750000 0.000000 0.000000 -0.996671 67.778999
38.132797 60.203201 0.750000 0.000000 0.000000 -0.973339 67.878998
38.254562 60.033504 0.750000 0.000000 0.000000 -0.942043 67.983002
38.372654 59.870548 0.750000 0.000000 0.000000 -0.931140 68.083000
38.496296 59.711784 0.750000 0.000000 0.000000 -0.902895 68.182999
38.620789 59.553661 0.750000 0.000000 0.000000 -0.904181 68.282997
38.745224 59.395504 0.750000 0.000000 0.000000 -0.904054 68.383003
38.870213 59.235207 0.750000 0.000000 0.000000 -0.924095 68.484001
38.990032 59.074615 0.750000 0.000000 0.000000 -0.937976 68.584000
39.108379 58.900585 0.750000 0.000000 0.000000 -0.983553 68.695000
39.224606 58.726997 0.750000 0.000000 0.000000 -0.980539 68.799004
39.338512 58.560951 0.750000 0.000000 0.000000 -0.947486 68.899002
39.458546 58.399418 0.750000 0.000000 0.000000 -0.930818 68.999001
39.578594 58.237717 0.750000 0.000000 0.000000 -0.932242 69.098999
39.705818 58.066353 0.750000 0.000000 0.000000 -0.932182 69.205002
39.834209 57.893417 0.750000 0.000000 0.000000 -0.932192 69.311996
39.956509 57.728695 0.750000 0.000000 0.000000 -0.932197 69.414001
40.078857 57.563892 0.750000 0.000000 0.000000 -0.932198 69.515999
40.204632 57.408134 0.750000 0.000000 0.000000 -0.819101 69.619003
40.340405 57.258694 0.750000 0.000000 0.000000 -0.875775 69.738998
40.466331 57.099064 0.750000 0.000000 0.000000 -0.926095 69.853996
40.598843 56.911716 0.750000 0.000000 0.000000 -0.981408 69.969002
40.707195 56.741985 0.750000 0.000000 0.000000 -1.010211 70.069000
40.814541 56.571606 0.750000 0.000000 0.000000 -1.008018 70.168999
40.921898 56.401390 0.750000 0.000000 0.000000 -1.008168 70.268997
41.029316 56.231068 0.750000 0.000000 0.000000 -1.008158 70.369003
41.136066 56.060513 0.750000 0.000000 0.000000 -1.025667 70.469002
41.236767 55.887215 0.750000 0.000000 0.000000 -1.021506 70.569000
41.355831 55.719685 0.750000 0.000000 0.000000 -0.944444 70.679001
41.472843 55.545479 0.750000 0.000000 0.000000 -1.004716 70.783997
41.576397 55.373081 0.750000 0.000000 0.000000 -1.052437 70.884003
41.671631 55.195675 0.750000 0.000000 0.000000 -1.100880 70.984001
41.758148 55.013962 0.750000 0.000000 0.000000 -1.149237 71.084000
41.836414 54.826523 0.750000 0.000000 0.000000 -1.198122 71.184998
41.907444 54.629719 0.750000 0.000000 0.000000 -1.248319 71.289001
41.967449 54.437458 0.750000 0.000000 0.000000 -1.272981 71.389000
42.025658 54.244839 0.750000 0.000000 0.000000 -1.296349 71.488998
42.078320 54.051422 0.750000 0.000000 0.000000 -1.267827 71.588997
42.147434 53.862175 0.750000 0.000000 0.000000 -1.233294 71.694000
42.210281 53.670834 0.750000 0.000000 0.000000 -1.255072 71.793999
42.273026 53.479610 0.750000 0.000000 0.000000 -1.253544 71.893997
42.335739 53.288528 0.750000 0.000000 0.000000 -1.253668 71.994003
42.398537 53.097183 0.750000 0.000000 0.000000 -1.253658 72.094002
42.463398 52.904533 0.750000 0.000000 0.000000 -1.225333 72.195000
42.539822 52.709671 0.750000 0.000000 0.000000 -1.173189 72.299004
42.622482 52.526089 0.750000 0.000000 0.000000 -1.125065 72.399002
42.713875 52.346668 0.750000 0.000000 0.000000 -1.076826 72.499001
42.818840 52.165806 0.750000 0.000000 0.000000 -0.993465 72.603996
42.935936 52.000347 0.750000 0.000000 0.000000 -0.956531 72.709000
43.051403 51.835514 0.750000 0.000000 0.000000 -0.959576 72.808998
43.166950 51.670753 0.750000 0.000000 0.000000 -0.959231 72.908997
43.282570 51.505894 0.750000 0.000000 0.000000 -0.959288 73.009003
43.398205 51.341003 0.750000 0.000000 0.000000 -0.959294 73.109001
43.516056 51.172935 0.750000 0.000000 0.000000 -0.959306 73.210999
43.635124 51.003136 0.750000 0.000000 0.000000 -0.959308 73.314003
43.750668 50.838375 0.750000 0.000000 0.000000 -0.959318 73.414001
43.866199 50.673634 0.750000 0.000000 0.000000 -0.959328 73.514000
43.984165 50.507038 0.750000 0.000000 0.000000 -0.924776 73.615997
44.110420 50.347454 0.750000 0.000000 0.000000 -0.907606 73.719002
44.234173 50.188789 0.750000 0.000000 0.000000 -0.908074 73.819000
44.359261 50.028549 0.750000 0.000000 0.000000 -0.908032 73.919998
44.506451 49.839996 0.750000 0.000000 0.000000 -0.908038 74.039001
44.630276 49.681377 0.750000 0.000000 0.000000 -0.908045 74.139000
44.754101 49.522758 0.750000 0.000000 0.000000 -0.908055 74.238998
44.877926 49.364117 0.750000 0.000000 0.000000 -0.908053 74.338997
45.014206 49.189518 0.750000 0.000000 0.000000 -0.908059 74.448997
45.144028 49.023174 0.750000 0.000000 0.000000 -0.908056 74.554001
45.267555 48.865559 0.750000 0.000000 0.000000 -0.901772 74.653999
45.384121 48.695602 0.750000 0.000000 0.000000 -1.031157 74.768997
45.476940 48.517262 0.750000 0.000000 0.000000 -1.151075 74.903999
45.550346 48.328995 0.750000 0.000000 0.000000 -1.229702 75.054001
45.614124 48.130417 0.750000 0.000000 0.000000 -1.286435 75.179001
45.665543 47.935661 0.750000 0.000000 0.000000 -1.335403 75.282997
45.707428 47.739090 0.750000 0.000000 0.000000 -1.383563 75.383003
45.740299 47.540554 0.750000 0.000000 0.000000 -1.417210 75.483002
45.771790 47.341782 0.750000 0.000000 0.000000 -1.412175 75.583000
45.804043 47.144398 0.750000 0.000000 0.000000 -1.381371 75.682999
45.855583 46.951118 0.750000 0.000000 0.000000 -1.299920 75.792999
45.902630 46.752140 0.750000 0.000000 0.000000 -1.364414 75.903999
45.939026 46.554428 0.750000 0.000000 0.000000 -1.411511 76.003998
45.965767 46.355232 0.750000 0.000000 0.000000 -1.460076 76.103996
45.983051 46.152580 0.750000 0.000000 0.000000 -1.508924 76.205002
45.992725 45.943699 0.750000 0.000000 0.000000 -1.525283 76.308998
46.002304 45.742691 0.750000 0.000000 0.000000 -1.523199 76.408997
46.011818 45.541946 0.750000 0.000000 0.000000 -1.523427 76.509003
46.021740 45.332878 0.750000 0.000000 0.000000 -1.523388 76.612999
46.034103 45.132946 0.750000 0.000000 0.000000 -1.456055 76.713997
46.063702 44.931763 0.750000 0.000000 0.000000 -1.451274 76.823997
46.082321 44.716213 0.750000 0.000000 0.000000 -1.507928 76.939003
46.094936 44.515484 0.750000 0.000000 0.000000 -1.505264 77.039001
46.103058 44.314449 0.750000 0.000000 0.000000 -1.557324 77.139000
46.099449 44.073128 0.750000 0.000000 0.000000 -1.601519 77.259003
46.093925 43.869637 0.750000 0.000000 0.000000 -1.595631 77.360001
46.088314 43.648064 0.750000 0.000000 0.000000 -1.596432 77.470001
46.082024 43.428684 0.750000 0.000000 0.000000 -1.614185 77.579002
46.069939 43.228275 0.750000 0.000000 0.000000 -1.630641 77.679001
46.056564 43.027447 0.750000 0.000000 0.000000 -1.652197 77.778999
46.035652 42.827290 0.750000 0.000000 0.000000 -1.681826 77.878998
46.013729 42.627235 0.750000 0.000000 0.000000 -1.679207 77.978996
45.990845 42.427288 0.750000 0.000000 0.000000 -1.701045 78.079002
45.959908 42.228573 0.750000 0.000000 0.000000 -1.734380 78.179001
45.927773 42.029896 0.750000 0.000000 0.000000 -1.730034 78.278999
45.895153 41.831276 0.750000 0.000000 0.000000 -1.748131 78.378998
45.854618 41.634159 0.750000 0.000000 0.000000 -1.783078 78.478996
45.812283 41.437363 0.750000 0.000000 0.000000 -1.795651 78.579002
45.765240 41.236088 0.750000 0.000000 0.000000 -1.752800 78.683998
45.746731 41.028694 0.750000 0.000000 0.000000 -1.574822 78.806000
45.761856 40.825516 0.750000 0.000000 0.000000 -1.432074 78.954002
45.806747 40.625313 0.750000 0.000000 0.000000 -1.269956 79.149002
45.885956 40.434803 0.750000 0.000000 0.000000 -1.099878 79.374001
45.994576 40.240376 0.750000 0.000000 0.000000 -1.027124 79.554001
46.104225 40.073055 0.750000 0.000000 0.000000 -0.956452 79.679001
46.225960 39.908329 0.750000 0.000000 0.000000 -0.911781 79.789001
46.351948 39.751400 0.750000 0.000000 0.000000 -0.890455 79.889000
46.478302 39.594761 0.750000 0.000000 0.000000 -0.892405 79.988998
46.605457 39.438747 0.750000 0.000000 0.000000 -0.869897 80.088997
46.739742 39.288681 0.750000 0.000000 0.000000 -0.817246 80.189003
46.879913 39.144291 0.750000 0.000000 0.000000 -0.796465 80.289001
47.020275 39.000313 0.750000 0.000000 0.000000 -0.798755 80.389000
47.160717 38.856133 0.750000 0.000000 0.000000 -0.798459 80.488998
47.301136 38.711979 0.750000 0.000000 0.000000 -0.798492 80.588997
47.441994 38.568382 0.750000 0.000000 0.000000 -0.780147 80.689003
47.595879 38.435120 0.750000 0.000000 0.000000 -0.679948 80.793999
47.753979 38.310558 0.750000 0.000000 0.000000 -0.664877 80.893997
47.912067 38.186214 0.750000 0.000000 0.000000 -0.666732 80.994003
48.070282 38.061729 0.750000 0.000000 0.000000 -0.666569 81.094002
48.228458 37.937279 0.750000 0.000000 0.000000 -0.666584 81.194000
48.388283 37.811527 0.750000 0.000000 0.000000 -0.666577 81.294998
48.548111 37.685780 0.750000 0.000000 0.000000 -0.666570 81.396004
48.712654 37.556320 0.750000 0.000000 0.000000 -0.666562 81.500000
48.871014 37.431736 0.750000 0.000000 0.000000 -0.666558 81.599998
49.030685 37.310516 0.750000 0.000000 0.000000 -0.626461 81.699997
49.196827 37.196308 0.750000 0.000000 0.000000 -0.579443 81.800003
49.367111 37.089054 0.750000 0.000000 0.000000 -0.559842 81.900002
49.547508 36.978691 0.750000 0.000000 0.000000 -0.524940 82.004997
49.723167 36.880497 0.750000 0.000000 0.000000 -0.509302 82.105003
49.903900 36.779224 0.750000 0.000000 0.000000 -0.510888 82.208000
50.079563 36.680763 0.750000 0.000000 0.000000 -0.510782 82.307999
50.259960 36.582367 0.750000 0.000000 0.000000 -0.476182 82.410004
50.441250 36.494926 0.750000 0.000000 0.000000 -0.426458 82.510002
50.625694 36.413483 0.750000 0.000000 0.000000 -0.415892 82.610001
50.818817 36.334793 0.750000 0.000000 0.000000 -0.319578 82.717003
51.015297 36.278591 0.750000 0.000000 0.000000 -0.277041 82.827003
51.207973 36.220089 0.750000 0.000000 0.000000 -0.318949 82.927002
51.398376 36.154892 0.750000 0.000000 0.000000 -0.328022 83.027000
51.588821 36.090244 0.750000 0.000000 0.000000 -0.327529 83.126999
51.779366 36.025475 0.750000 0.000000 0.000000 -0.327640 83.226997
51.969910 35.960701 0.750000 0.000000 0.000000 -0.327620 83.327003
52.166088 35.894005 0.750000 0.000000 0.000000 -0.327612 83.430000
52.356514 35.829273 0.750000 0.000000 0.000000 -0.327604 83.529999
52.546822 35.764587 0.750000 0.000000 0.000000 -0.327596 83.629997
52.743740 35.708649 0.750000 0.000000 0.000000 -0.198789 83.737000
52.942074 35.661831 0.750000 0.000000 0.000000 -0.273764 83.862000
53.138187 35.607674 0.750000 0.000000 0.000000 -0.267100 83.980003
53.338543 35.552727 0.750000 0.000000 0.000000 -0.267791 84.084999
53.532429 35.498672 0.750000 0.000000 0.000000 -0.287098 84.184998
53.724018 35.436939 0.750000 0.000000 0.000000 -0.320041 84.285004
53.918304 35.372040 0.750000 0.000000 0.000000 -0.339577 84.387001
54.112206 35.298466 0.750000 0.000000 0.000000 -0.368245 84.489998
54.302017 35.225830 0.750000 0.000000 0.000000 -0.364885 84.591003
54.497551 35.151085 0.750000 0.000000 0.000000 -0.365242 84.695000
54.685863 35.071903 0.750000 0.000000 0.000000 -0.467302 84.800003
54.849380 34.969601 0.750000 0.000000 0.000000 -0.647944 84.915001
54.967388 34.862057 0.750000 0.000000 0.000000 -0.828586 85.029999
55.064068 34.734108 0.750000 0.000000 0.000000 -1.005499 85.180000
55.153320 34.561565 0.750000 0.000000 0.000000 -1.181721 85.400002
55.203529 34.400871 0.750000 0.000000 0.000000 -1.356327 85.617996
55.240650 34.203838 0.750000 0.000000 0.000000 -1.303545 85.845001
55.268063 34.041214 0.750000 0.000000 0.000000 -1.480154 86.095001
55.266479 33.838341 0.750000 0.000000 0.000000 -1.635920 86.361000
55.245525 33.635479 0.750000 0.000000 0.000000 -1.705629 86.526001
55.211544 33.431183 0.750000 0.000000 0.000000 -1.762593 86.654999
55.166588 33.216618 0.750000 0.000000 0.000000 -1.763198 86.771004
55.131165 33.010502 0.750000 0.000000 0.000000 -1.718984 86.875000
55.106590 32.810680 0.750000 0.000000 0.000000 -1.670065 86.974998
55.091270 32.599976 0.750000 0.000000 0.000000 -1.619325 87.080002
55.085964 32.398834 0.750000 0.000000 0.000000 -1.588680 87.180000
55.081764 32.197735 0.750000 0.000000 0.000000 -1.592675 87.279999
55.078236 31.996616 0.750000 0.000000 0.000000 -1.573299 87.379997
55.083431 31.795708 0.750000 0.000000 0.000000 -1.521001 87.480003
55.097778 31.595278 0.750000 0.000000 0.000000 -1.491678 87.580002
55.112888 31.394594 0.750000 0.000000 0.000000 -1.497027 87.680000
55.131866 31.194727 0.750000 0.000000 0.000000 -1.458385 87.779999
55.153347 30.982010 0.750000 0.000000 0.000000 -1.474167 87.886002
55.173824 30.773882 0.750000 0.000000 0.000000 -1.472452 87.989998
55.193573 30.573469 0.750000 0.000000 0.000000 -1.472548 88.089996
55.213276 30.373404 0.750000 0.000000 0.000000 -1.472524 88.190002
55.232986 30.173237 0.750000 0.000000 0.000000 -1.472511 88.290001
55.252712 29.972948 0.750000 0.000000 0.000000 -1.472499 88.389999
55.272503 29.772238 0.750000 0.000000 0.000000 -1.472488 88.489998
55.292419 29.570282 0.750000 0.000000 0.000000 -1.472492 88.591003
55.314316 29.362339 0.750000 0.000000 0.000000 -1.446261 88.695000
55.344414 29.159697 0.750000 0.000000 0.000000 -1.418596 88.796997
55.375065 28.954647 0.750000 0.000000 0.000000 -1.423024 88.900002
55.405033 28.753859 0.750000 0.000000 0.000000 -1.422558 89.000999
55.434719 28.555050 0.750000 0.000000 0.000000 -1.422587 89.100998
55.465912 28.346153 0.750000 0.000000 0.000000 -1.422586 89.206001
55.498993 28.139400 0.750000 0.000000 0.000000 -1.389091 89.309998
55.542107 27.936737 0.750000 0.000000 0.000000 -1.337735 89.413002
55.591064 27.737024 0.750000 0.000000 0.000000 -1.330575 89.514999
55.642090 27.542191 0.750000 0.000000 0.000000 -1.290609 89.614998
55.702847 27.350609 0.750000 0.000000 0.000000 -1.241067 89.714996
55.778294 27.160963 0.750000 0.000000 0.000000 -1.119642 89.820000
55.892349 26.954281 0.750000 0.000000 0.000000 -1.043365 89.945000
56.009033 26.766333 0.750000 0.000000 0.000000 -0.989295 90.055000
56.141460 26.576548 0.750000 0.000000 0.000000 -0.945180 90.169998
56.258629 26.412930 0.750000 0.000000 0.000000 -0.951237 90.269997
56.375561 26.249168 0.750000 0.000000 0.000000 -0.950500 90.370003
56.492710 26.085178 0.750000 0.000000 0.000000 -0.950578 90.470001
56.610172 25.921938 0.750000 0.000000 0.000000 -0.933061 90.570000
56.734589 25.763399 0.750000 0.000000 0.000000 -0.881218 90.669998
56.866581 25.612486 0.750000 0.000000 0.000000 -0.806050 90.769997
57.018295 25.477457 0.750000 0.000000 0.000000 -0.692473 90.879997
57.177181 25.343220 0.750000 0.000000 0.000000 -0.704826 90.985001
57.330372 25.213272 0.750000 0.000000 0.000000 -0.703124 91.084999
57.483734 25.083229 0.750000 0.000000 0.000000 -0.703356 91.184998
57.637123 24.953129 0.750000 0.000000 0.000000 -0.703320 91.285004
57.790844 24.822763 0.750000 0.000000 0.000000 -0.703314 91.385002
57.944412 24.692526 0.750000 0.000000 0.000000 -0.703309 91.485001
58.097626 24.562595 0.750000 0.000000 0.000000 -0.703305 91.584999
58.257599 24.426928 0.750000 0.000000 0.000000 -0.703299 91.689003
58.412586 24.295492 0.750000 0.000000 0.000000 -0.703289 91.790001
58.567196 24.167662 0.750000 0.000000 0.000000 -0.682680 91.889999
58.722332 24.039625 0.750000 0.000000 0.000000 -0.691620 91.989998
58.879128 23.910027 0.750000 0.000000 0.000000 -0.690383 92.091003
59.041786 23.775633 0.750000 0.000000 0.000000 -0.690562 92.195999
59.209229 23.637281 0.750000 0.000000 0.000000 -0.690549 92.304001
59.367634 23.506397 0.750000 0.000000 0.000000 -0.690550 92.405998
59.529079 23.373001 0.750000 0.000000 0.000000 -0.690550 92.510002
59.684265 23.244778 0.750000 0.000000 0.000000 -0.690550 92.610001
59.839394 23.116600 0.750000 0.000000 0.000000 -0.690550 92.709999
59.993610 22.981693 0.750000 0.000000 0.000000 -0.784797 92.815002
60.137867 22.829868 0.750000 0.000000 0.000000 -0.899155 92.940002
60.224541 22.697662 0.750000 0.000000 0.000000 -1.079796 93.055000
60.275967 22.573696 0.750000 0.000000 0.000000 -1.276146 93.180000
60.294273 22.486082 0.750000 0.000000 0.000000 -1.456787 93.294998
60.295879 22.431429 0.750000 0.000000 0.000000 -1.632717 93.406998
60.292652 22.407803 0.750000 0.000000 0.000000 -1.813358 93.522003
60.291100 22.403774 0.750000 0.000000 0.000000 -1.988279 93.698997
60.285103 22.390303 0.750000 0.000000 0.000000 -1.809769 93.906998
60.283440 22.375244 0.750000 0.000000 0.000000 -1.634195 94.126999
60.285522 22.274128 0.750000 0.000000 0.000000 -1.456847 94.425003
60.322063 22.074665 0.750000 0.000000 0.000000 -1.344222 94.705002
60.371250 21.879013 0.750000 0.000000 0.000000 -1.295990 94.864998
60.424305 21.682192 0.750000 0.000000 0.000000 -1.311838 94.996002
60.476845 21.484558 0.750000 0.000000 0.000000 -1.310827 95.106003
60.528603 21.289946 0.750000 0.000000 0.000000 -1.310881 95.206001
60.580326 21.095455 0.750000 0.000000 0.000000 -1.310875 95.306000
60.632034 20.901014 0.750000 0.000000 0.000000 -1.310877 95.405998
60.683796 20.706381 0.750000 0.000000 0.000000 -1.310878 95.505997
60.737080 20.506020 0.750000 0.000000 0.000000 -1.310878 95.609001
60.791836 20.307831 0.750000 0.000000 0.000000 -1.279646 95.710999
60.854916 20.116953 0.750000 0.000000 0.000000 -1.228611 95.810997
60.930397 19.924850 0.750000 0.000000 0.000000 -1.137191 95.915001
61.020058 19.745302 0.750000 0.000000 0.000000 -1.135346 96.026001
61.105194 19.546703 0.750000 0.000000 0.000000 -1.189574 96.136002
61.181870 19.351870 0.750000 0.000000 0.000000 -1.191889 96.239998
61.256435 19.164944 0.750000 0.000000 0.000000 -1.191708 96.339996
61.332287 18.974483 0.750000 0.000000 0.000000 -1.191787 96.442001
61.410477 18.778151 0.750000 0.000000 0.000000 -1.191789 96.546997
61.486309 18.587744 0.750000 0.000000 0.000000 -1.191789 96.649002
61.563705 18.393414 0.750000 0.000000 0.000000 -1.191788 96.752998
61.639465 18.203192 0.750000 0.000000 0.000000 -1.191788 96.855003
61.714027 18.016396 0.750000 0.000000 0.000000 -1.183934 96.955002
61.789581 17.829924 0.750000 0.000000 0.000000 -1.188376 97.055000
61.864658 17.643368 0.750000 0.000000 0.000000 -1.187921 97.154999
61.939831 17.456717 0.750000 0.000000 0.000000 -1.187961 97.254997
62.015030 17.269949 0.750000 0.000000 0.000000 -1.187946 97.355003
62.090237 17.083202 0.750000 0.000000 0.000000 -1.187944 97.455002
62.165421 16.896526 0.750000 0.000000 0.000000 -1.187947 97.555000
62.240704 16.709597 0.750000 0.000000 0.000000 -1.187955 97.654999
62.331673 16.483465 0.750000 0.000000 0.000000 -1.193134 97.776001
62.403332 16.286892 0.750000 0.000000 0.000000 -1.246260 97.879997
62.472431 16.092321 0.750000 0.000000 0.000000 -1.217846 97.985001
62.535770 15.901069 0.750000 0.000000 0.000000 -1.277878 98.084999
62.593014 15.690796 0.750000 0.000000 0.000000 -1.329200 98.193001
62.636917 15.490371 0.750000 0.000000 0.000000 -1.378426 98.294998
62.671299 15.292367 0.750000 0.000000 0.000000 -1.405855 98.394997
62.705734 15.085486 0.750000 0.000000 0.000000 -1.405855 98.499001
62.739502 14.882603 0.750000 0.000000 0.000000 -1.405855 98.600998
62.774567 14.671926 0.750000 0.000000 0.000000 -1.405852 98.707001
62.805912 14.473168 0.750000 0.000000 0.000000 -1.434519 98.806999
62.827713 14.273497 0.750000 0.000000 0.000000 -1.484919 98.906998
62.850956 14.068345 0.750000 0.000000 0.000000 -1.464392 99.012001
62.867229 13.867639 0.750000 0.000000 0.000000 -1.495812 99.112000
62.882874 13.667125 0.750000 0.000000 0.000000 -1.492314 99.211998
62.898605 13.466367 0.750000 0.000000 0.000000 -1.492664 99.311996
62.916191 13.241930 0.750000 0.000000 0.000000 -1.492630 99.424004
62.929607 13.035309 0.750000 0.000000 0.000000 -1.528633 99.527000
62.932690 12.827779 0.750000 0.000000 0.000000 -1.579359 99.629997
62.928059 12.622835 0.750000 0.000000 0.000000 -1.593652 99.732002
62.923729 12.421512 0.750000 0.000000 0.000000 -1.592239 99.832001
62.919411 12.220413 0.750000 0.000000 0.000000 -1.592278 99.931999
62.915707 12.012659 0.750000 0.000000 0.000000 -1.541884 100.037003
62.921310 11.808362 0.750000 0.000000 0.000000 -1.571908 100.141998
62.920059 11.596987 0.750000 0.000000 0.000000 -1.574841 100.247002
62.919262 11.395809 0.750000 0.000000 0.000000 -1.574917 100.347000
62.918320 11.174533 0.750000 0.000000 0.000000 -1.577252 100.457001
62.910400 10.955406 0.750000 0.000000 0.000000 -1.633694 100.566002
62.892601 10.753258 0.750000 0.000000 0.000000 -1.677212 100.667000
62.871696 10.550633 0.750000 0.000000 0.000000 -1.670929 100.767998
62.850758 10.342686 0.750000 0.000000 0.000000 -1.671347 100.872002
62.831448 10.142520 0.750000 0.000000 0.000000 -1.655604 100.972000
62.813141 9.942006 0.750000 0.000000 0.000000 -1.666249 101.071999
62.794151 9.741807 0.750000 0.000000 0.000000 -1.664897 101.171997
62.775253 9.541674 0.750000 0.000000 0.000000 -1.664988 101.272003
62.755924 9.337184 0.750000 0.000000 0.000000 -1.664965 101.374001
62.736427 9.130902 0.750000 0.000000 0.000000 -1.664969 101.476997
62.717285 8.928229 0.750000 0.000000 0.000000 -1.664959 101.578003
62.698181 8.725905 0.750000 0.000000 0.000000 -1.664968 101.679001
62.678501 8.517557 0.750000 0.000000 0.000000 -1.664958 101.782997
62.658989 8.311000 0.750000 0.000000 0.000000 -1.664958 101.886002
62.641117 8.110800 0.750000 0.000000 0.000000 -1.649245 101.986000
62.623108 7.894296 0.750000 0.000000 0.000000 -1.656232 102.094002
62.606033 7.693924 0.750000 0.000000 0.000000 -1.655706 102.194000
62.588615 7.489115 0.750000 0.000000 0.000000 -1.655768 102.295998
62.570866 7.280470 0.750000 0.000000 0.000000 -1.655777 102.400002
62.553108 7.072124 0.750000 0.000000 0.000000 -1.655780 102.503998
62.536026 6.871601 0.750000 0.000000 0.000000 -1.655776 102.603996
62.518784 6.669308 0.750000 0.000000 0.000000 -1.655778 102.705002
62.498459 6.430622 0.750000 0.000000 0.000000 -1.655775 102.823997
62.480862 6.223945 0.750000 0.000000 0.000000 -1.655775 102.927002
62.466492 6.019305 0.750000 0.000000 0.000000 -1.643076 103.028999
62.451355 5.818625 0.750000 0.000000 0.000000 -1.645833 103.128998
62.436310 5.617914 0.750000 0.000000 0.000000 -1.645562 103.228996
62.421276 5.417228 0.750000 0.000000 0.000000 -1.645566 103.329002
62.406250 5.216641 0.750000 0.000000 0.000000 -1.645565 103.429001
62.391094 5.014283 0.750000 0.000000 0.000000 -1.645568 103.529999
62.376019 4.812999 0.750000 0.000000 0.000000 -1.645569 103.629997
62.364391 4.612353 0.750000 0.000000 0.000000 -1.605941 103.730003
62.359921 4.402928 0.750000 0.000000 0.000000 -1.593382 103.834000
62.354946 4.201565 0.750000 0.000000 0.000000 -1.595129 103.933998
62.361328 4.001236 0.750000 0.000000 0.000000 -1.461323 104.039001
62.387070 3.797684 0.750000 0.000000 0.000000 -1.451651 104.149002
62.412167 3.587780 0.750000 0.000000 0.000000 -1.451103 104.253998
62.436726 3.383701 0.750000 0.000000 0.000000 -1.451171 104.356003
62.462242 3.171528 0.750000 0.000000 0.000000 -1.451180 104.461998
62.486748 2.967770 0.750000 0.000000 0.000000 -1.451188 104.564003
62.511986 2.757906 0.750000 0.000000 0.000000 -1.451198 104.668999
62.536026 2.557970 0.750000 0.000000 0.000000 -1.451203 104.768997
62.560028 2.358407 0.750000 0.000000 0.000000 -1.451215 104.869003
62.587978 2.157885 0.750000 0.000000 0.000000 -1.377392 104.971001
62.627171 1.943753 0.750000 0.000000 0.000000 -1.404653 105.080002
62.661259 1.745411 0.750000 0.000000 0.000000 -1.398280 105.180000
62.695732 1.547137 0.750000 0.000000 0.000000 -1.398873 105.279999
62.731194 1.342968 0.750000 0.000000 0.000000 -1.398808 105.383003
62.765629 1.144712 0.750000 0.000000 0.000000 -1.398811 105.483002
62.801510 0.938130 0.750000 0.000000 0.000000 -1.398810 105.586998
62.835907 0.740120 0.750000 0.000000 0.000000 -1.398811 105.686996
62.870335 0.541963 0.750000 0.000000 0.000000 -1.398814 105.787003
62.903179 0.343558 0.750000 0.000000 0.000000 -1.445941 105.888000
62.927837 0.143119 0.750000 0.000000 0.000000 -1.468145 106.001999
62.929527 -0.035250 0.750000 0.000000 0.000000 -1.643246 106.123001
62.902729 -0.197699 0.750000 0.000000 0.000000 -1.822024 106.268997
62.838276 -0.381250 0.750000 0.000000 0.000000 -1.996801 106.485001
62.741558 -0.559485 0.750000 0.000000 0.000000 -2.114305 106.689003
62.623543 -0.726676 0.750000 0.000000 0.000000 -2.238027 106.877998
62.483147 -0.875634 0.750000 0.000000 0.000000 -2.372012 107.068001
62.331764 -1.012638 0.750000 0.000000 0.000000 -2.435441 107.211998
62.172295 -1.141114 0.750000 0.000000 0.000000 -2.488622 107.330002
62.006905 -1.260978 0.750000 0.000000 0.000000 -2.537809 107.432999
61.829960 -1.381152 0.750000 0.000000 0.000000 -2.543526 107.539001
61.658455 -1.498091 0.750000 0.000000 0.000000 -2.543242 107.641998
61.492195 -1.611434 0.750000 0.000000 0.000000 -2.543254 107.741997
61.289143 -1.742053 0.750000 0.000000 0.000000 -2.599326 107.862000
61.114174 -1.839029 0.750000 0.000000 0.000000 -2.687907 107.962997
60.932350 -1.922596 0.750000 0.000000 0.000000 -2.726300 108.063004
60.715282 -2.018638 0.750000 0.000000 0.000000 -2.724221 108.181000
60.523518 -2.103588 0.750000 0.000000 0.000000 -2.724710 108.285004
60.332069 -2.188370 0.750000 0.000000 0.000000 -2.724685 108.389000
60.147869 -2.269942 0.750000 0.000000 0.000000 -2.724686 108.488998
59.958202 -2.352974 0.750000 0.000000 0.000000 -2.744323 108.592003
59.768757 -2.426410 0.750000 0.000000 0.000000 -2.795519 108.693001
59.571198 -2.490875 0.750000 0.000000 0.000000 -2.865736 108.797997
59.373661 -2.535698 0.750000 0.000000 0.000000 -2.961158 108.910004
59.159832 -2.559870 0.750000 0.000000 0.000000 -3.061004 109.030998
58.952068 -2.571709 0.750000 0.000000 0.000000 -3.108475 109.136002
58.750854 -2.573264 0.750000 0.000000 -0.000000 3.126475 109.236000
58.547943 -2.564992 0.750000 0.000000 -0.000000 3.077764 109.336998
58.347588 -2.547063 0.750000 0.000000 -0.000000 3.029370 109.436996
58.148338 -2.519491 0.750000 0.000000 -0.000000 2.981112 109.537003
57.950008 -2.485734 0.750000 0.000000 -0.000000 2.974635 109.637001
57.745869 -2.451479 0.750000 0.000000 -0.000000 2.975194 109.739998
57.540012 -2.413889 0.750000 0.000000 -0.000000 2.938784 109.844002
57.328560 -2.364395 0.750000 0.000000 -0.000000 2.886824 109.952003
57.115818 -2.302645 0.750000 0.000000 -0.000000 2.833592 110.061996
56.924145 -2.242118 0.750000 0.000000 -0.000000 2.837614 110.162003
56.732162 -2.181870 0.750000 0.000000 -0.000000 2.837392 110.262001
56.540188 -2.121598 0.750000 0.000000 -0.000000 2.837414 110.362000
56.311485 -2.049800 0.750000 0.000000 -0.000000 2.837414 110.481003
56.117702 -1.988964 0.750000 0.000000 -0.000000 2.837416 110.582001
55.925709 -1.928688 0.750000 0.000000 -0.000000 2.837418 110.681999
55.716499 -1.862324 0.750000 0.000000 -0.000000 2.821008 110.791000
55.527000 -1.793810 0.750000 0.000000 -0.000000 2.771421 110.890999
55.331955 -1.726538 0.750000 0.000000 -0.000000 2.830940 110.996002
55.141422 -1.663338 0.750000 0.000000 -0.000000 2.804098 111.096001
54.953339 -1.592456 0.750000 0.000000 -0.000000 2.773565 111.195999
54.765518 -1.520634 0.750000 0.000000 -0.000000 2.777689 111.295998
54.577599 -1.448969 0.750000 0.000000 -0.000000 2.777133 111.396004
54.389759 -1.376664 0.750000 0.000000 -0.000000 2.760516 111.496002
54.205235 -1.297480 0.750000 0.000000 -0.000000 2.728420 111.596001
54.013317 -1.213755 0.750000 0.000000 -0.000000 2.730768 111.699997
53.825550 -1.130338 0.750000 0.000000 -0.000000 2.705387 111.802002
53.639381 -1.045050 0.750000 0.000000 -0.000000 2.769256 111.905998
53.442574 -0.988940 0.750000 0.000000 -0.000000 2.956181 112.025002
53.280262 -0.973669 0.750000 0.000000 -0.000000 3.136822 112.139999
53.151562 -0.984735 0.750000 0.000000 0.000000 -2.965721 112.254997
53.058800 -1.009910 0.750000 0.000000 0.000000 -2.785080 112.370003
53.001503 -1.037098 0.750000 0.000000 0.000000 -2.604438 112.485001
52.976570 -1.054723 0.750000 0.000000 0.000000 -2.423796 112.599998
52.974541 -1.056611 0.750000 0.000000 0.000000 -2.243155 112.714996
52.974541 -1.056611 0.750000 0.000000 0.000000 -2.056230 112.834000
52.974541 -1.056611 0.750000 0.000000 0.000000 -1.875588 112.948997
52.974541 -1.056611 0.750000 0.000000 0.000000 -1.679239 113.073997
52.974541 -1.056611 0.750000 0.000000 0.000000 -1.498597 113.189003
52.974541 -1.056611 0.750000 0.000000 0.000000 -1.321922 113.314003
52.975250 -1.058294 0.750000 0.000000 0.000000 -1.143947 113.500000
52.997242 -1.095340 0.750000 0.000000 0.000000 -0.967390 113.750000
53.044254 -1.152323 0.750000 0.000000 0.000000 -0.788074 113.959999
53.196312 -1.287762 0.750000 0.000000 0.000000 -0.683110 114.239998
53.357426 -1.417781 0.750000 0.000000 0.000000 -0.679761 114.403000
53.523754 -1.549013 0.750000 0.000000 0.000000 -0.643932 114.532997
53.691483 -1.667971 0.750000 0.000000 0.000000 -0.593111 114.639999
53.859013 -1.778586 0.750000 0.000000 0.000000 -0.585077 114.739998
54.026745 -1.890015 0.750000 0.000000 0.000000 -0.586132 114.839996
54.201931 -1.996652 0.750000 0.000000 0.000000 -0.474467 114.945999
54.411053 -2.100581 0.750000 0.000000 0.000000 -0.463462 115.067001
54.596539 -2.193240 0.750000 0.000000 0.000000 -0.463021 115.169998
54.776703 -2.283192 0.750000 0.000000 0.000000 -0.463085 115.269997
54.956852 -2.373137 0.750000 0.000000 0.000000 -0.463082 115.370003
55.136658 -2.462914 0.750000 0.000000 0.000000 -0.463082 115.470001
55.316921 -2.552913 0.750000 0.000000 0.000000 -0.463082 115.570000
55.496796 -2.642723 0.750000 0.000000 0.000000 -0.463084 115.669998
55.676846 -2.732623 0.750000 0.000000 0.000000 -0.463082 115.769997
55.858574 -2.823359 0.750000 0.000000 0.000000 -0.463082 115.871002
56.045349 -2.917769 0.750000 0.000000 0.000000 -0.473802 115.974998
56.224636 -3.009535 0.750000 0.000000 0.000000 -0.472685 116.074997
56.403816 -3.101164 0.750000 0.000000 0.000000 -0.472730 116.175003
56.583015 -3.192807 0.750000 0.000000 0.000000 -0.472729 116.275002
56.771309 -3.288900 0.750000 0.000000 0.000000 -0.464732 116.379997
56.953960 -3.374185 0.750000 0.000000 0.000000 -0.421846 116.480003
57.137531 -3.456972 0.750000 0.000000 0.000000 -0.424865 116.580002
57.320591 -3.539750 0.750000 0.000000 0.000000 -0.424570 116.680000
57.503967 -3.622645 0.750000 0.000000 0.000000 -0.424608 116.779999
57.693169 -3.708014 0.750000 0.000000 0.000000 -0.417115 116.883003
57.886578 -3.779947 0.750000 0.000000 0.000000 -0.312699 116.988998
58.083862 -3.846762 0.750000 0.000000 0.000000 -0.345935 117.093002
58.271511 -3.919531 0.750000 0.000000 0.000000 -0.381763 117.193001
58.458439 -3.994165 0.750000 0.000000 0.000000 -0.378647 117.292999
58.645821 -4.068813 0.750000 0.000000 0.000000 -0.379310 117.392998
58.834778 -4.144121 0.750000 0.000000 0.000000 -0.379264 117.494003
59.031132 -4.222379 0.750000 0.000000 0.000000 -0.379268 117.598999
59.225494 -4.299843 0.750000 0.000000 0.000000 -0.379268 117.703003
59.412708 -4.374459 0.750000 0.000000 0.000000 -0.379270 117.803001
59.599472 -4.449164 0.750000 0.000000 0.000000 -0.389082 117.903000
59.797852 -4.515892 0.750000 0.000000 0.000000 -0.298571 118.012001
59.990391 -4.578844 0.750000 0.000000 0.000000 -0.337485 118.112999
60.207157 -4.659964 0.750000 0.000000 0.000000 -0.361977 118.227997
60.397240 -4.731761 0.750000 0.000000 0.000000 -0.361090 118.329002
60.586445 -4.806109 0.750000 0.000000 0.000000 -0.396234 118.430000
60.775280 -4.891287 0.750000 0.000000 0.000000 -0.447731 118.532997
60.955482 -4.980665 0.750000 0.000000 0.000000 -0.459976 118.633003
61.135944 -5.069736 0.750000 0.000000 0.000000 -0.458274 118.733002
61.319496 -5.165569 0.750000 0.000000 0.000000 -0.525239 118.838997
61.496170 -5.274223 0.750000 0.000000 0.000000 -0.511449 118.962997
61.666882 -5.388281 0.750000 0.000000 0.000000 -0.663840 119.119003
61.827698 -5.528745 0.750000 0.000000 0.000000 -0.751565 119.295998
61.976250 -5.678842 0.750000 0.000000 0.000000 -0.843814 119.435997
62.104053 -5.837467 0.750000 0.000000 0.000000 -0.919971 119.575996
62.224140 -6.005186 0.750000 0.000000 0.000000 -0.974762 119.693001
62.337124 -6.181614 0.750000 0.000000 0.000000 -1.024936 119.797997
62.437168 -6.356211 0.750000 0.000000 0.000000 -1.073162 119.898003
62.532410 -6.550072 0.750000 0.000000 0.000000 -1.149131 120.005997
62.614059 -6.738595 0.750000 0.000000 0.000000 -1.166879 120.108002
62.706165 -6.952883 0.750000 0.000000 0.000000 -1.164439 120.223999
62.788815 -7.144982 0.750000 0.000000 0.000000 -1.164493 120.328003
62.868500 -7.330192 0.750000 0.000000 0.000000 -1.164489 120.428001
62.952866 -7.526287 0.750000 0.000000 0.000000 -1.164487 120.533997
63.035713 -7.718845 0.750000 0.000000 0.000000 -1.164486 120.638000
63.116901 -7.907545 0.750000 0.000000 0.000000 -1.164486 120.739998
63.193859 -8.093211 0.750000 0.000000 0.000000 -1.201050 120.839996
63.266129 -8.287898 0.750000 0.000000 0.000000 -1.217309 120.943001
63.332485 -8.477283 0.750000 0.000000 0.000000 -1.230596 121.042999
63.400665 -8.668864 0.750000 0.000000 0.000000 -1.229206 121.143997
63.468052 -8.858501 0.750000 0.000000 0.000000 -1.229408 121.244003
63.536076 -9.049883 0.750000 0.000000 0.000000 -1.229400 121.345001
63.603481 -9.239521 0.750000 0.000000 0.000000 -1.229412 121.445000
63.672874 -9.434791 0.750000 0.000000 0.000000 -1.229420 121.547997
63.740280 -9.624452 0.750000 0.000000 0.000000 -1.229429 121.648003
63.807674 -9.814066 0.750000 0.000000 0.000000 -1.229443 121.748001
63.875046 -10.003657 0.750000 0.000000 0.000000 -1.229456 121.848000
63.957741 -10.225910 0.750000 0.000000 0.000000 -1.182537 121.968002
64.029343 -10.417297 0.750000 0.000000 0.000000 -1.238709 122.070000
64.097542 -10.612846 0.750000 0.000000 0.000000 -1.232364 122.172997
64.164268 -10.802685 0.750000 0.000000 0.000000 -1.233198 122.273003
64.233047 -10.998563 0.750000 0.000000 0.000000 -1.233067 122.375999
64.296181 -11.192239 0.750000 0.000000 0.000000 -1.278021 122.476997
64.356377 -11.388700 0.750000 0.000000 0.000000 -1.270005 122.579002
64.417152 -11.584749 0.750000 0.000000 0.000000 -1.270752 122.681000
64.476883 -11.777136 0.750000 0.000000 0.000000 -1.261952 122.780998
64.543320 -11.966973 0.750000 0.000000 0.000000 -1.209610 122.880997
64.623367 -12.153651 0.750000 0.000000 0.000000 -1.120261 122.986000
64.718307 -12.339095 0.750000 0.000000 0.000000 -1.075955 123.091003
64.818031 -12.514051 0.750000 0.000000 0.000000 -1.041788 123.191002
64.919212 -12.687819 0.750000 0.000000 0.000000 -1.044317 123.291000
65.020317 -12.861687 0.750000 0.000000 0.000000 -1.044051 123.390999
65.127533 -13.046056 0.750000 0.000000 0.000000 -1.044079 123.497002
65.228638 -13.219927 0.750000 0.000000 0.000000 -1.044074 123.597000
65.329865 -13.394010 0.750000 0.000000 0.000000 -1.044069 123.696999
65.435097 -13.574983 0.750000 0.000000 0.000000 -1.044068 123.801003
65.535408 -13.749035 0.750000 0.000000 0.000000 -1.075484 123.901001
65.620537 -13.938840 0.750000 0.000000 0.000000 -1.172737 124.011002
65.707016 -14.140287 0.750000 0.000000 0.000000 -1.163594 124.120003
65.795227 -14.341189 0.750000 0.000000 0.000000 -1.136216 124.228996
65.889809 -14.530062 0.750000 0.000000 0.000000 -1.082633 124.334000
65.986801 -14.706371 0.750000 0.000000 0.000000 -1.067156 124.433998
66.083542 -14.882564 0.750000 0.000000 0.000000 -1.068669 124.533997
66.181244 -15.060448 0.750000 0.000000 0.000000 -1.068504 124.635002
66.280312 -15.235383 0.750000 0.000000 0.000000 -1.033152 124.735001
66.381584 -15.411129 0.750000 0.000000 0.000000 -1.110065 124.838997
66.456322 -15.600174 0.750000 0.000000 0.000000 -1.278273 124.959000
66.499435 -15.800315 0.750000 0.000000 0.000000 -1.427756 125.112000
66.517479 -16.005041 0.750000 0.000000 0.000000 -1.518011 125.283997
66.521851 -16.213940 0.750000 0.000000 0.000000 -1.577818 125.417999
66.514572 -16.422390 0.750000 0.000000 0.000000 -1.629627 125.529999
66.497047 -16.628874 0.750000 0.000000 0.000000 -1.679227 125.633003
66.470154 -16.828299 0.750000 0.000000 0.000000 -1.727691 125.733002
66.432686 -17.030386 0.750000 0.000000 0.000000 -1.777148 125.834999
66.389168 -17.226742 0.750000 0.000000 0.000000 -1.789015 125.934998
66.345894 -17.423569 0.750000 0.000000 0.000000 -1.782390 126.035004
66.304810 -17.620577 0.750000 0.000000 0.000000 -1.776265 126.135002
66.266113 -17.818441 0.750000 0.000000 0.000000 -1.740793 126.235001
66.234734 -18.017231 0.750000 0.000000 0.000000 -1.727588 126.334999
66.202980 -18.216166 0.750000 0.000000 0.000000 -1.729009 126.434998
66.168091 -18.416727 0.750000 0.000000 0.000000 -1.766752 126.536003
66.121689 -18.621000 0.750000 0.000000 0.000000 -1.818079 126.639999
66.065666 -18.820593 0.750000 0.000000 0.000000 -1.867989 126.742996
66.001877 -19.011387 0.750000 0.000000 0.000000 -1.916298 126.843002
65.930542 -19.199814 0.750000 0.000000 0.000000 -1.957374 126.943001
65.847923 -19.387568 0.750000 0.000000 0.000000 -2.008773 127.044998
65.755295 -19.572514 0.750000 0.000000 0.000000 -2.058439 127.148003
65.652512 -19.754530 0.750000 0.000000 0.000000 -2.108669 127.251999
65.545143 -19.924536 0.750000 0.000000 0.000000 -2.157362 127.351997
65.432625 -20.091234 0.750000 0.000000 0.000000 -2.162144 127.452003
65.320473 -20.258512 0.750000 0.000000 0.000000 -2.161716 127.552002
65.205406 -20.423744 0.750000 0.000000 0.000000 -2.204186 127.652000
65.084488 -20.586987 0.750000 0.000000 0.000000 -2.206647 127.752998
64.957138 -20.753052 0.750000 0.000000 0.000000 -2.250648 127.857002
64.828354 -20.907751 0.750000 0.000000 0.000000 -2.255600 127.957001
64.678047 -21.083887 0.750000 0.000000 0.000000 -2.309499 128.072006
64.536385 -21.240723 0.750000 0.000000 0.000000 -2.301884 128.177002
64.395111 -21.398136 0.750000 0.000000 0.000000 -2.302397 128.281998
64.247200 -21.562864 0.750000 0.000000 0.000000 -2.302297 128.391998
64.112320 -21.712555 0.750000 0.000000 0.000000 -2.314976 128.492004
63.966106 -21.862629 0.750000 0.000000 0.000000 -2.367553 128.595993
63.818745 -22.000036 0.750000 0.000000 0.000000 -2.402869 128.695999
63.668922 -22.137384 0.750000 0.000000 0.000000 -2.398380 128.796997
63.513382 -22.280266 0.750000 0.000000 0.000000 -2.398630 128.901993
63.358086 -22.420315 0.750000 0.000000 0.000000 -2.413342 129.005997
63.208149 -22.554523 0.750000 0.000000 0.000000 -2.411003 129.106003
63.058159 -22.688860 0.750000 0.000000 0.000000 -2.411225 129.205994
62.908333 -22.823048 0.750000 0.000000 0.000000 -2.411209 129.306000
62.758579 -22.957169 0.750000 0.000000 0.000000 -2.411212 129.406006
62.608482 -23.091608 0.750000 0.000000 0.000000 -2.411216 129.505997
62.458584 -23.225849 0.750000 0.000000 0.000000 -2.411220 129.606003
62.308758 -23.360041 0.750000 0.000000 0.000000 -2.411217 129.705994
62.158733 -23.494400 0.750000 0.000000 0.000000 -2.411222 129.806000
62.008797 -23.628675 0.750000 0.000000 0.000000 -2.411222 129.906006
61.850380 -23.760498 0.750000 0.000000 0.000000 -2.455818 130.011002
61.694824 -23.888617 0.750000 0.000000 0.000000 -2.451985 130.110992
61.539333 -24.016769 0.750000 0.000000 0.000000 -2.452347 130.210999
61.384151 -24.144659 0.750000 0.000000 0.000000 -2.452327 130.311005
61.228447 -24.272978 0.750000 0.000000 0.000000 -2.452330 130.410995
61.073433 -24.400721 0.750000 0.000000 0.000000 -2.452330 130.511002
60.911594 -24.534096 0.750000 0.000000 0.000000 -2.452330 130.615005
60.754978 -24.663160 0.750000 0.000000 0.000000 -2.452332 130.716003
60.598381 -24.790358 0.750000 0.000000 0.000000 -2.478996 130.815994
60.436325 -24.909697 0.750000 0.000000 0.000000 -2.530017 130.916000
60.269936 -25.022903 0.750000 0.000000 0.000000 -2.546845 131.016006
60.086773 -25.147026 0.750000 0.000000 0.000000 -2.545896 131.126007
59.920284 -25.259869 0.750000 0.000000 0.000000 -2.545938 131.225998
59.750896 -25.372004 0.750000 0.000000 0.000000 -2.578202 131.326996
59.569248 -25.479713 0.750000 0.000000 0.000000 -2.630666 131.432007
59.392635 -25.575861 0.750000 0.000000 0.000000 -2.643578 131.531998
59.216045 -25.672077 0.750000 0.000000 0.000000 -2.642639 131.632004
59.030487 -25.773176 0.750000 0.000000 0.000000 -2.642703 131.737000
58.854084 -25.869289 0.750000 0.000000 0.000000 -2.642692 131.837006
58.675751 -25.966461 0.750000 0.000000 0.000000 -2.642694 131.938004
58.496742 -26.063154 0.750000 0.000000 0.000000 -2.645522 132.039001
58.319733 -26.159157 0.750000 0.000000 0.000000 -2.644599 132.139008
58.131737 -26.261129 0.750000 0.000000 0.000000 -2.644630 132.244995
57.949608 -26.359922 0.750000 0.000000 0.000000 -2.644637 132.348007
57.763973 -26.460623 0.750000 0.000000 0.000000 -2.644645 132.453003
57.585102 -26.557648 0.750000 0.000000 0.000000 -2.644651 132.554001
57.401066 -26.652773 0.750000 0.000000 0.000000 -2.689608 132.656998
57.211212 -26.744892 0.750000 0.000000 0.000000 -2.687130 132.761993
57.028408 -26.828932 0.750000 0.000000 0.000000 -2.737111 132.862000
56.824360 -26.909494 0.750000 0.000000 0.000000 -2.789573 132.970993
56.633873 -26.975079 0.750000 0.000000 0.000000 -2.825597 133.070999
56.442436 -27.037880 0.750000 0.000000 0.000000 -2.823838 133.171005
56.251373 -27.100718 0.750000 0.000000 0.000000 -2.823945 133.270996
56.060329 -27.163548 0.750000 0.000000 0.000000 -2.823947 133.371002
55.869427 -27.226318 0.750000 0.000000 0.000000 -2.823956 133.470993
55.676373 -27.289791 0.750000 0.000000 0.000000 -2.823955 133.572006
55.477406 -27.355207 0.750000 0.000000 0.000000 -2.823958 133.675995
55.284153 -27.418575 0.750000 0.000000 0.000000 -2.831500 133.776993
55.083061 -27.476969 0.750000 0.000000 0.000000 -2.877923 133.880997
54.881237 -27.531736 0.750000 0.000000 0.000000 -2.879192 133.985001
54.680988 -27.585922 0.750000 0.000000 0.000000 -2.875823 134.087997
54.486820 -27.638775 0.750000 0.000000 0.000000 -2.875823 134.188004
54.270836 -27.697561 0.750000 0.000000 0.000000 -2.875821 134.298996
54.072483 -27.751551 0.750000 0.000000 0.000000 -2.875818 134.401001
53.876621 -27.804867 0.750000 0.000000 0.000000 -2.875818 134.501999
53.674068 -27.858913 0.750000 0.000000 0.000000 -2.897396 134.606003
53.475750 -27.902496 0.750000 0.000000 0.000000 -2.949094 134.707001
53.269257 -27.937965 0.750000 0.000000 0.000000 -2.979922 134.811005
53.070751 -27.970980 0.750000 0.000000 0.000000 -2.976065 134.910995
52.871864 -28.004148 0.750000 0.000000 0.000000 -2.978670 135.011002
52.670650 -28.033764 0.750000 0.000000 0.000000 -2.999409 135.112000
52.463528 -28.063608 0.750000 0.000000 0.000000 -2.998260 135.216003
52.224617 -28.098078 0.750000 0.000000 0.000000 -2.998327 135.335999
52.025661 -28.126785 0.750000 0.000000 0.000000 -2.998328 135.436005
51.826710 -28.155491 0.750000 0.000000 0.000000 -2.998332 135.535995
51.623409 -28.184816 0.750000 0.000000 0.000000 -2.998332 135.638000
51.418217 -28.214420 0.750000 0.000000 0.000000 -2.998334 135.740997
51.219234 -28.243126 0.750000 0.000000 0.000000 -2.998337 135.841003
51.020283 -28.271826 0.750000 0.000000 0.000000 -2.998338 135.940994
50.816471 -28.299381 0.750000 0.000000 0.000000 -3.043122 136.044006
50.608776 -28.313002 0.750000 0.000000 0.000000 -3.075361 136.151993
50.379967 -28.328568 0.750000 0.000000 0.000000 -3.074379 136.266006
50.177017 -28.342237 0.750000 0.000000 0.000000 -3.074294 136.367004
49.974312 -28.355906 0.750000 0.000000 0.000000 -3.074302 136.468002
49.765778 -28.369968 0.750000 0.000000 0.000000 -3.074306 136.572006
49.554596 -28.384201 0.750000 0.000000 0.000000 -3.074309 136.677002
49.345707 -28.398281 0.750000 0.000000 0.000000 -3.074307 136.781006
49.138588 -28.412235 0.750000 0.000000 0.000000 -3.074308 136.884003
48.938042 -28.432026 0.750000 0.000000 0.000000 -3.017646 136.983994
48.732796 -28.460325 0.750000 0.000000 0.000000 -2.987658 137.087006
48.523651 -28.499901 0.750000 0.000000 0.000000 -2.939411 137.192993
48.318497 -28.541519 0.750000 0.000000 0.000000 -2.942274 137.296997
48.119205 -28.581806 0.750000 0.000000 0.000000 -2.942089 137.397995
47.914059 -28.623287 0.750000 0.000000 0.000000 -2.942095 137.501999
47.715073 -28.664183 0.750000 0.000000 0.000000 -2.926148 137.602997
47.519371 -28.712589 0.750000 0.000000 0.000000 -2.875528 137.703003
47.326778 -28.770401 0.750000 0.000000 0.000000 -2.827608 137.802994
47.136997 -28.836493 0.750000 0.000000 0.000000 -2.799431 137.903000
46.947266 -28.903618 0.750000 0.000000 0.000000 -2.802263 138.003006
46.755451 -28.960402 0.750000 0.000000 0.000000 -2.875577 138.108002
46.557590 -29.019550 0.750000 0.000000 0.000000 -2.842556 138.212006
46.365276 -29.078434 0.750000 0.000000 0.000000 -2.845338 138.311996
46.168964 -29.138411 0.750000 0.000000 0.000000 -2.844976 138.414001
45.976486 -29.197231 0.750000 0.000000 0.000000 -2.844990 138.514008
45.777744 -29.257978 0.750000 0.000000 0.000000 -2.844988 138.617004
45.585529 -29.316713 0.750000 0.000000 0.000000 -2.844992 138.716995
45.392960 -29.375572 0.750000 0.000000 0.000000 -2.844988 138.817001
45.200508 -29.434385 0.750000 0.000000 0.000000 -2.844991 138.917007
45.008224 -29.494177 0.750000 0.000000 0.000000 -2.833465 139.016998
44.805435 -29.543888 0.750000 0.000000 0.000000 -2.905882 139.126999
44.611599 -29.598356 0.750000 0.000000 0.000000 -2.841813 139.237000
44.421684 -29.662209 0.750000 0.000000 0.000000 -2.794571 139.337006
44.233913 -29.734241 0.750000 0.000000 0.000000 -2.769930 139.436996
44.045860 -29.810728 0.750000 0.000000 0.000000 -2.732266 139.537994
43.849770 -29.898884 0.750000 0.000000 0.000000 -2.718886 139.645004
43.662388 -29.983046 0.750000 0.000000 0.000000 -2.719388 139.746994
43.475193 -30.067141 0.750000 0.000000 0.000000 -2.719354 139.848999
43.286106 -30.152090 0.750000 0.000000 0.000000 -2.719357 139.951996
43.085938 -30.235588 0.750000 0.000000 0.000000 -2.813605 140.061996
42.892624 -30.298199 0.750000 0.000000 0.000000 -2.816228 140.166000
42.649300 -30.389013 0.750000 0.000000 0.000000 -2.763010 140.294998
42.458145 -30.464666 0.750000 0.000000 0.000000 -2.765758 140.397003
42.271187 -30.538485 0.750000 0.000000 0.000000 -2.765489 140.496994
42.083889 -30.612453 0.750000 0.000000 0.000000 -2.765528 140.597000
41.889473 -30.689232 0.750000 0.000000 0.000000 -2.765528 140.701004
41.698475 -30.765053 0.750000 0.000000 0.000000 -2.752789 140.802994
41.506958 -30.849514 0.750000 0.000000 0.000000 -2.716000 140.906998
41.323452 -30.931833 0.750000 0.000000 0.000000 -2.721732 141.007004
41.132980 -31.010796 0.750000 0.000000 0.000000 -2.778240 141.112000
40.936150 -31.087702 0.750000 0.000000 0.000000 -2.766378 141.216995
40.747433 -31.163223 0.750000 0.000000 0.000000 -2.743278 141.317993
40.564342 -31.246416 0.750000 0.000000 0.000000 -2.691340 141.417999
40.377769 -31.341011 0.750000 0.000000 0.000000 -2.668677 141.522003
40.180523 -31.441277 0.750000 0.000000 0.000000 -2.671879 141.632004
40.001091 -31.532351 0.750000 0.000000 0.000000 -2.671876 141.731995
39.822296 -31.625254 0.750000 0.000000 0.000000 -2.642336 141.832001
39.645512 -31.725342 0.750000 0.000000 0.000000 -2.625333 141.932999
39.464081 -31.826578 0.750000 0.000000 0.000000 -2.666522 142.037003
39.274891 -31.915899 0.750000 0.000000 0.000000 -2.699283 142.143997
39.089153 -32.008015 0.750000 0.000000 0.000000 -2.656436 142.246994
38.911762 -32.103954 0.750000 0.000000 0.000000 -2.647741 142.347000
38.734394 -32.199093 0.750000 0.000000 0.000000 -2.649301 142.447006
38.549580 -32.298241 0.750000 0.000000 0.000000 -2.649153 142.550995
38.373611 -32.395859 0.750000 0.000000 0.000000 -2.611141 142.651001
38.201199 -32.503353 0.750000 0.000000 0.000000 -2.560945 142.751999
38.033421 -32.615002 0.750000 0.000000 0.000000 -2.556717 142.852005
37.871426 -32.735703 0.750000 0.000000 0.000000 -2.422746 142.957993
37.743324 -32.870255 0.750000 0.000000 0.000000 -2.244460 143.072006
37.644714 -33.018921 0.750000 0.000000 0.000000 -2.067705 143.207001
37.568565 -33.201324 0.750000 0.000000 0.000000 -1.888731 143.397995
37.521721 -33.406178 0.750000 0.000000 0.000000 -1.705128 143.623001
37.506016 -33.612209 0.750000 0.000000 0.000000 -1.609479 143.815002
37.504681 -33.817719 0.750000 0.000000 0.000000 -1.549213 143.953003
37.508030 -34.027779 0.750000 0.000000 0.000000 -1.619333 144.074997
37.506489 -34.233868 0.750000 0.000000 0.000000 -1.544695 144.188995
37.516441 -34.434231 0.750000 0.000000 0.000000 -1.499579 144.289001
37.536842 -34.642166 0.750000 0.000000 0.000000 -1.448828 144.393005
37.567348 -34.847816 0.750000 0.000000 0.000000 -1.408547 144.496002
37.599586 -35.046589 0.750000 0.000000 0.000000 -1.403053 144.595993
37.638878 -35.244057 0.750000 0.000000 0.000000 -1.349414 144.695999
37.687817 -35.439251 0.750000 0.000000 0.000000 -1.309139 144.796005
37.739265 -35.634068 0.750000 0.000000 0.000000 -1.314422 144.895996
37.791328 -35.832481 0.750000 0.000000 0.000000 -1.314066 144.998001
37.834766 -36.036087 0.750000 0.000000 0.000000 -1.403908 145.106003
37.872620 -36.242264 0.750000 0.000000 0.000000 -1.370719 145.210999
37.918411 -36.444267 0.750000 0.000000 0.000000 -1.339559 145.313995
37.966389 -36.648064 0.750000 0.000000 0.000000 -1.339554 145.417999
38.017490 -36.865158 0.750000 0.000000 0.000000 -1.339546 145.529007
38.066971 -37.068344 0.750000 0.000000 0.000000 -1.313263 145.632996
38.123253 -37.261753 0.750000 0.000000 0.000000 -1.264693 145.733002
38.186893 -37.452473 0.750000 0.000000 0.000000 -1.246110 145.832993
38.250999 -37.643669 0.750000 0.000000 0.000000 -1.247494 145.932999
38.316082 -37.834080 0.750000 0.000000 0.000000 -1.223489 146.033005
38.383995 -38.023418 0.750000 0.000000 0.000000 -1.226890 146.132996
38.452721 -38.212589 0.750000 0.000000 0.000000 -1.222114 146.233002
38.523178 -38.401115 0.750000 0.000000 0.000000 -1.192133 146.332993
38.599995 -38.586990 0.750000 0.000000 0.000000 -1.179183 146.432999
38.678097 -38.776947 0.750000 0.000000 0.000000 -1.180748 146.535004
38.760227 -38.971561 0.750000 0.000000 0.000000 -1.149979 146.639999
38.847679 -39.157406 0.750000 0.000000 0.000000 -1.127654 146.742004
38.929447 -39.346313 0.750000 0.000000 0.000000 -1.232710 146.848007
38.976151 -39.535549 0.750000 0.000000 0.000000 -1.418064 146.966003
38.985252 -39.703297 0.750000 0.000000 0.000000 -1.614414 147.091003
38.969021 -39.823257 0.750000 0.000000 0.000000 -1.796626 147.207001
38.938919 -39.914013 0.750000 0.000000 0.000000 -1.977050 147.337006
38.910545 -39.968449 0.750000 0.000000 0.000000 -2.153318 147.496002
38.903114 -39.977688 0.750000 0.000000 0.000000 -2.331784 147.675995
38.875923 -40.000999 0.750000 0.000000 0.000000 -2.509306 147.912994
38.700836 -40.102425 0.750000 0.000000 0.000000 -2.667942 148.266006
38.519421 -40.186813 0.750000 0.000000 0.000000 -2.738771 148.432007
38.331364 -40.264004 0.750000 0.000000 0.000000 -2.753211 148.561005
38.140888 -40.341927 0.750000 0.000000 0.000000 -2.753295 148.671005
37.954479 -40.418194 0.750000 0.000000 0.000000 -2.753300 148.770996
37.765919 -40.489143 0.750000 0.000000 0.000000 -2.807949 148.871002
37.549026 -40.557453 0.750000 0.000000 0.000000 -2.862359 148.983994
37.341515 -40.612724 0.750000 0.000000 0.000000 -2.905772 149.091003
37.135647 -40.659843 0.750000 0.000000 0.000000 -2.917547 149.195999
36.939632 -40.704597 0.750000 0.000000 0.000000 -2.916854 149.296005
36.743702 -40.749363 0.750000 0.000000 0.000000 -2.916924 149.395996
36.547249 -40.794250 0.750000 0.000000 0.000000 -2.916909 149.496002
36.351189 -40.839050 0.750000 0.000000 0.000000 -2.916904 149.595993
36.153076 -40.884323 0.750000 0.000000 0.000000 -2.916895 149.697006
35.954937 -40.929600 0.750000 0.000000 0.000000 -2.916889 149.798004
35.754974 -40.975292 0.750000 0.000000 0.000000 -2.916885 149.899994
35.554508 -41.021095 0.750000 0.000000 0.000000 -2.916878 150.001999
35.358349 -41.065556 0.750000 0.000000 0.000000 -2.928652 150.102005
35.156952 -41.103188 0.750000 0.000000 0.000000 -2.970682 150.203995
34.958626 -41.138084 0.750000 0.000000 0.000000 -2.965860 150.304001
34.760475 -41.173210 0.750000 0.000000 0.000000 -2.966289 150.404007
34.560459 -41.208633 0.750000 0.000000 0.000000 -2.966242 150.505005
34.362411 -41.243706 0.750000 0.000000 0.000000 -2.966241 150.604996
34.164112 -41.278824 0.750000 0.000000 0.000000 -2.966235 150.705002
33.961853 -41.314651 0.750000 0.000000 0.000000 -2.966224 150.807007
33.763607 -41.349766 0.750000 0.000000 0.000000 -2.966221 150.906998
33.565876 -41.384792 0.750000 0.000000 0.000000 -2.966216 151.007004
33.365677 -41.419510 0.750000 0.000000 0.000000 -2.984020 151.108002
33.159660 -41.444698 0.750000 0.000000 0.000000 -3.039168 151.212006
32.959599 -41.467175 0.750000 0.000000 0.000000 -3.026755 151.311996
32.759655 -41.490047 0.750000 0.000000 0.000000 -3.027966 151.412003
32.559681 -41.512886 0.750000 0.000000 0.000000 -3.027846 151.511993
32.359974 -41.535717 0.750000 0.000000 0.000000 -3.027849 151.612000
32.157780 -41.558815 0.750000 0.000000 0.000000 -3.027858 151.712997
31.945827 -41.583035 0.750000 0.000000 0.000000 -3.027862 151.819000
31.736038 -41.608410 0.750000 0.000000 0.000000 -3.002143 151.923996
31.529060 -41.641735 0.750000 0.000000 0.000000 -2.978628 152.028000
31.330923 -41.673817 0.750000 0.000000 0.000000 -3.006667 152.128006
31.098633 -41.695614 0.750000 0.000000 0.000000 -3.027923 152.253006
30.895546 -41.724129 0.750000 0.000000 0.000000 -2.979703 152.356003
30.697786 -41.761600 0.750000 0.000000 0.000000 -2.931289 152.455994
30.501129 -41.804821 0.750000 0.000000 0.000000 -2.927181 152.556000
30.304502 -41.847492 0.750000 0.000000 0.000000 -2.927656 152.656006
30.107578 -41.890308 0.750000 0.000000 0.000000 -2.927531 152.755997
29.911613 -41.937008 0.750000 0.000000 0.000000 -2.882632 152.856003
29.715336 -41.990479 0.750000 0.000000 0.000000 -2.876581 152.957001
29.513014 -42.045429 0.750000 0.000000 0.000000 -2.876166 153.061005
29.316017 -42.092106 0.750000 0.000000 0.000000 -2.938982 153.164001
29.118826 -42.132607 0.750000 0.000000 0.000000 -2.938987 153.264008
28.914852 -42.179752 0.750000 0.000000 0.000000 -2.889570 153.367996
28.719734 -42.230145 0.750000 0.000000 0.000000 -2.891454 153.468002
28.485971 -42.298065 0.750000 0.000000 0.000000 -2.828475 153.589005
28.287828 -42.368614 0.750000 0.000000 0.000000 -2.755405 153.694000
28.105213 -42.461674 0.750000 0.000000 0.000000 -2.602818 153.807999
27.915728 -42.584347 0.750000 0.000000 0.000000 -2.560064 153.932999
27.744110 -42.696735 0.750000 0.000000 0.000000 -2.561851 154.035004
27.550655 -42.823483 0.750000 0.000000 0.000000 -2.561624 154.149994
27.377014 -42.934589 0.750000 0.000000 0.000000 -2.618169 154.253998
27.199753 -43.040665 0.750000 0.000000 0.000000 -2.546598 154.373001
27.032433 -43.153351 0.750000 0.000000 0.000000 -2.550037 154.488007
26.863079 -43.267437 0.750000 0.000000 0.000000 -2.540749 154.591003
26.692217 -43.391632 0.750000 0.000000 0.000000 -2.488970 154.695999
26.532393 -43.520103 0.750000 0.000000 0.000000 -2.451845 154.798004
26.376560 -43.647522 0.750000 0.000000 0.000000 -2.467410 154.897995
26.216253 -43.769039 0.750000 0.000000 0.000000 -2.506681 154.998001
26.054438 -43.887630 0.750000 0.000000 0.000000 -2.519324 155.098007
25.891487 -44.005775 0.750000 0.000000 0.000000 -2.511720 155.197998
25.728762 -44.124321 0.750000 0.000000 0.000000 -2.512031 155.298004
25.562838 -44.244907 0.750000 0.000000 0.000000 -2.521845 155.399994
25.392212 -44.362324 0.750000 0.000000 0.000000 -2.541703 155.503006
25.226151 -44.476105 0.750000 0.000000 0.000000 -2.540505 155.602997
25.051764 -44.592072 0.750000 0.000000 0.000000 -2.578041 155.707001
24.875502 -44.697197 0.750000 0.000000 0.000000 -2.616060 155.809006
24.694630 -44.802612 0.750000 0.000000 0.000000 -2.613849 155.912994
24.520788 -44.903912 0.750000 0.000000 0.000000 -2.614021 156.013000
24.339396 -45.004780 0.750000 0.000000 0.000000 -2.692544 156.117996
24.142742 -45.097878 0.750000 0.000000 0.000000 -2.695888 156.227997
23.957701 -45.186703 0.750000 0.000000 0.000000 -2.693748 156.330002
23.767160 -45.278210 0.750000 0.000000 0.000000 -2.693930 156.434998
23.537071 -45.388710 0.750000 0.000000 0.000000 -2.693928 156.561996
23.350208 -45.478455 0.750000 0.000000 0.000000 -2.693937 156.664993
23.161385 -45.569141 0.750000 0.000000 0.000000 -2.693948 156.768997
22.974388 -45.658951 0.750000 0.000000 0.000000 -2.693958 156.871994
22.787661 -45.748634 0.750000 0.000000 0.000000 -2.693964 156.975006
22.579208 -45.848747 0.750000 0.000000 0.000000 -2.693979 157.089996
22.397478 -45.935268 0.750000 0.000000 0.000000 -2.707908 157.190002
22.215549 -46.020721 0.750000 0.000000 0.000000 -2.699346 157.289993
22.033314 -46.106888 0.750000 0.000000 0.000000 -2.700338 157.389999
21.851606 -46.192730 0.750000 0.000000 0.000000 -2.700277 157.490005
21.669493 -46.278767 0.750000 0.000000 0.000000 -2.700282 157.589996
21.485888 -46.365513 0.750000 0.000000 0.000000 -2.700293 157.690994
21.296677 -46.454906 0.750000 0.000000 0.000000 -2.700295 157.794998
21.108734 -46.533760 0.750000 0.000000 0.000000 -2.818110 157.899994
20.921337 -46.577950 0.750000 0.000000 0.000000 -2.998752 158.014999
20.759390 -46.586090 0.750000 0.000000 -0.000000 3.102221 158.130997
20.619774 -46.567398 0.750000 0.000000 -0.000000 2.924484 158.259995
20.520561 -46.536476 0.750000 0.000000 -0.000000 2.747662 158.399994
20.435717 -46.491875 0.750000 0.000000 -0.000000 2.571585 158.615005
20.323095 -46.402691 0.750000 0.000000 -0.000000 2.396517 158.889999
20.179743 -46.248196 0.750000 0.000000 -0.000000 2.272634 159.156998
20.064980 -46.077374 0.750000 0.000000 -0.000000 2.114062 159.345001
19.966553 -45.901295 0.750000 0.000000 -0.000000 2.055909 159.485001
19.872051 -45.722488 0.750000 0.000000 -0.000000 2.057271 159.600006
19.774427 -45.537834 0.750000 0.000000 -0.000000 2.057052 159.705002
19.680435 -45.359989 0.750000 0.000000 -0.000000 2.057069 159.804993
19.581711 -45.173191 0.750000 0.000000 -0.000000 2.057077 159.910004
19.486773 -44.993557 0.750000 0.000000 -0.000000 2.057085 160.011002
19.391903 -44.814072 0.750000 0.000000 -0.000000 2.057096 160.112000
19.298115 -44.636166 0.750000 0.000000 -0.000000 2.041389 160.212006
19.210379 -44.449245 0.750000 0.000000 -0.000000 2.011067 160.317001
19.121952 -44.262218 0.750000 0.000000 -0.000000 2.012129 160.419998
19.035976 -44.080097 0.750000 0.000000 -0.000000 2.011764 160.520004
18.950052 -43.898060 0.750000 0.000000 -0.000000 2.011777 160.619995
18.864149 -43.716064 0.750000 0.000000 -0.000000 2.011776 160.720001
18.778149 -43.533867 0.750000 0.000000 -0.000000 2.011774 160.820007
18.677677 -43.352871 0.750000 0.000000 -0.000000 2.160998 160.929993
18.561718 -43.210022 0.750000 0.000000 -0.000000 2.341640 161.044998
18.425327 -43.093182 0.750000 0.000000 -0.000000 2.519385 161.184998
18.267708 -43.003044 0.750000 0.000000 -0.000000 2.697065 161.380997
18.119932 -42.948555 0.750000 0.000000 -0.000000 2.882804 161.595001
17.920160 -42.911919 0.750000 0.000000 -0.000000 3.041413 161.832001
17.719727 -42.909214 0.750000 0.000000 0.000000 -3.105612 162.059998
17.493641 -42.916397 0.750000 0.000000 0.000000 -3.111167 162.244995
17.257410 -42.932533 0.750000 0.000000 0.000000 -3.041146 162.399994
17.056320 -42.958241 0.750000 0.000000 0.000000 -2.990198 162.509995
16.857744 -42.990940 0.750000 0.000000 0.000000 -2.978015 162.610001
16.659279 -43.023537 0.750000 0.000000 0.000000 -2.978875 162.710007
16.460808 -43.056133 0.750000 0.000000 0.000000 -2.978791 162.809998
16.262133 -43.089005 0.750000 0.000000 0.000000 -2.969377 162.910004
16.065069 -43.128490 0.750000 0.000000 0.000000 -2.921177 163.009995
15.869987 -43.177441 0.750000 0.000000 0.000000 -2.872874 163.110001
15.666523 -43.227871 0.750000 0.000000 0.000000 -2.895600 163.214996
15.471025 -43.277206 0.750000 0.000000 0.000000 -2.894611 163.315002
15.274481 -43.329609 0.750000 0.000000 0.000000 -2.856932 163.416000
15.072090 -43.390579 0.750000 0.000000 0.000000 -2.851036 163.520996
14.847857 -43.457485 0.750000 0.000000 0.000000 -2.851499 163.636993
14.653074 -43.515633 0.750000 0.000000 0.000000 -2.851518 163.738007
14.448318 -43.580143 0.750000 0.000000 0.000000 -2.803088 163.845001
14.264653 -43.662594 0.750000 0.000000 0.000000 -2.640827 163.955002
14.068006 -43.789440 0.750000 0.000000 0.000000 -2.528116 164.100006
13.906576 -43.909523 0.750000 0.000000 0.000000 -2.451229 164.220001
13.755911 -44.044594 0.750000 0.000000 0.000000 -2.386189 164.345001
13.603326 -44.187965 0.750000 0.000000 0.000000 -2.384646 164.455002
13.460936 -44.329803 0.750000 0.000000 0.000000 -2.338058 164.554993
13.320770 -44.474396 0.750000 0.000000 0.000000 -2.342607 164.654999
13.180419 -44.618629 0.750000 0.000000 0.000000 -2.342484 164.755005
13.040391 -44.762653 0.750000 0.000000 0.000000 -2.337773 164.854996
12.898154 -44.918636 0.750000 0.000000 0.000000 -2.285056 164.960007
12.765168 -45.080463 0.750000 0.000000 0.000000 -2.234735 165.063995
12.611032 -45.249313 0.750000 0.000000 0.000000 -2.304532 165.188995
12.487952 -45.410194 0.750000 0.000000 0.000000 -2.155010 165.324005
12.386271 -45.591606 0.750000 0.000000 0.000000 -2.026738 165.498993
12.300548 -45.798203 0.750000 0.000000 0.000000 -1.879916 165.690002
12.243864 -46.024708 0.750000 0.000000 0.000000 -1.775043 165.899002
12.205500 -46.248600 0.750000 0.000000 0.000000 -1.710845 166.044998
12.172793 -46.490284 0.750000 0.000000 0.000000 -1.703464 166.177994
12.152136 -46.703358 0.750000 0.000000 0.000000 -1.641293 166.285004
12.142598 -46.926899 0.750000 0.000000 0.000000 -1.588019 166.395996
12.144201 -47.127998 0.750000 0.000000 0.000000 -1.547161 166.496002
12.148370 -47.337215 0.750000 0.000000 0.000000 -1.553024 166.600006
12.152006 -47.538567 0.750000 0.000000 0.000000 -1.552689 166.699997
12.158319 -47.739872 0.750000 0.000000 0.000000 -1.517027 166.800003
12.172095 -47.942551 0.750000 0.000000 0.000000 -1.502934 166.901001
12.185659 -48.147327 0.750000 0.000000 0.000000 -1.504791 167.003006
12.201572 -48.352097 0.750000 0.000000 0.000000 -1.480672 167.104996
12.216129 -48.561474 0.750000 0.000000 0.000000 -1.474664 167.210007
12.237446 -48.763599 0.750000 0.000000 0.000000 -1.466210 167.311005
12.259124 -48.972042 0.750000 0.000000 0.000000 -1.467516 167.414993
12.282876 -49.171764 0.750000 0.000000 0.000000 -1.428913 167.514999
12.312861 -49.370865 0.750000 0.000000 0.000000 -1.421914 167.615005
12.342653 -49.569916 0.750000 0.000000 0.000000 -1.422158 167.714996
12.372503 -49.769169 0.750000 0.000000 0.000000 -1.422061 167.815002
12.395239 -49.972454 0.750000 0.000000 0.000000 -1.511389 167.921997
12.394919 -50.179359 0.750000 0.000000 0.000000 -1.630768 168.050995
12.367607 -50.380527 0.750000 0.000000 0.000000 -1.781218 168.214996
12.315092 -50.579121 0.750000 0.000000 0.000000 -1.887785 168.384995
12.234949 -50.783123 0.750000 0.000000 0.000000 -1.979410 168.559006
12.148415 -50.967113 0.750000 0.000000 0.000000 -2.037524 168.684998
12.048326 -51.152981 0.750000 0.000000 0.000000 -2.088928 168.794998
11.946224 -51.326298 0.750000 0.000000 0.000000 -2.104584 168.895004
11.842404 -51.498692 0.750000 0.000000 0.000000 -2.132696 168.994995
11.714112 -51.684372 0.750000 0.000000 0.000000 -2.243700 169.108994
11.578066 -51.840527 0.750000 0.000000 0.000000 -2.287237 169.218994
11.446321 -51.992664 0.750000 0.000000 0.000000 -2.284769 169.319000
11.310445 -52.149441 0.750000 0.000000 0.000000 -2.284970 169.421997
11.178628 -52.301533 0.750000 0.000000 0.000000 -2.284970 169.522003
11.046975 -52.453434 0.750000 0.000000 0.000000 -2.284976 169.621994
10.913733 -52.607162 0.750000 0.000000 0.000000 -2.284981 169.723007
10.759432 -52.785183 0.750000 0.000000 0.000000 -2.284986 169.839996
10.627695 -52.937168 0.750000 0.000000 0.000000 -2.284988 169.940002
10.469447 -53.119743 0.750000 0.000000 0.000000 -2.284994 170.059998
10.327219 -53.273952 0.750000 0.000000 0.000000 -2.343950 170.167007
10.187953 -53.418709 0.750000 0.000000 0.000000 -2.333114 170.266998
10.002961 -53.612144 0.750000 0.000000 0.000000 -2.334143 170.399994
9.863835 -53.757561 0.750000 0.000000 0.000000 -2.334089 170.500000
9.723186 -53.904564 0.750000 0.000000 0.000000 -2.334095 170.600998
9.577251 -54.057095 0.750000 0.000000 0.000000 -2.334094 170.705994
9.433965 -54.206863 0.750000 0.000000 0.000000 -2.334094 170.809006
9.290547 -54.356762 0.750000 0.000000 0.000000 -2.334095 170.912003
9.153863 -54.504009 0.750000 0.000000 0.000000 -2.295900 171.011993
9.020189 -54.662205 0.750000 0.000000 0.000000 -2.276794 171.115005
8.887887 -54.813644 0.750000 0.000000 0.000000 -2.256209 171.220001
8.756859 -54.983002 0.750000 0.000000 0.000000 -2.204727 171.326996
8.638391 -55.153210 0.750000 0.000000 0.000000 -2.154987 171.429993
8.526284 -55.322872 0.750000 0.000000 0.000000 -2.157061 171.531006
8.389174 -55.529346 0.750000 0.000000 0.000000 -2.156844 171.654007
8.278015 -55.696354 0.750000 0.000000 0.000000 -2.172587 171.753998
8.150641 -55.850723 0.750000 0.000000 0.000000 -2.345375 171.863998
8.014977 -55.966007 0.750000 0.000000 0.000000 -2.527587 171.979996
7.892535 -56.036652 0.750000 0.000000 0.000000 -2.708229 172.095001
7.790843 -56.073025 0.750000 0.000000 0.000000 -2.888871 172.210007
7.717314 -56.085320 0.750000 0.000000 0.000000 -3.067942 172.324005
7.672488 -56.084621 0.750000 0.000000 -0.000000 3.017323 172.449997
7.664679 -56.083282 0.750000 0.000000 -0.000000 2.830595 172.570007
7.659275 -56.080681 0.750000 0.000000 -0.000000 2.653169 172.755005
7.655027 -56.077641 0.750000 0.000000 -0.000000 2.475264 172.962006
7.618284 -56.039421 0.750000 0.000000 -0.000000 2.298385 173.242004
7.510681 -55.885624 0.750000 0.000000 -0.000000 2.123353 173.587006
7.410593 -55.707970 0.750000 0.000000 -0.000000 2.049352 173.761993
7.323481 -55.526447 0.750000 0.000000 -0.000000 1.991063 173.891998
7.241700 -55.336163 0.750000 0.000000 -0.000000 1.975486 174.003998
7.168005 -55.144283 0.750000 0.000000 -0.000000 1.914412 174.106995
7.102280 -54.954361 0.750000 0.000000 -0.000000 1.903610 174.207001
7.036500 -54.764408 0.750000 0.000000 -0.000000 1.904150 174.307007
6.970654 -54.574242 0.750000 0.000000 -0.000000 1.904121 174.406998
6.902231 -54.376629 0.750000 0.000000 -0.000000 1.904121 174.511002
6.835027 -54.182541 0.750000 0.000000 -0.000000 1.904121 174.613007
6.767889 -53.988640 0.750000 0.000000 -0.000000 1.904120 174.714996
6.702042 -53.798477 0.750000 0.000000 -0.000000 1.904117 174.815002
6.633465 -53.600422 0.750000 0.000000 -0.000000 1.904116 174.919006
6.568851 -53.398006 0.750000 0.000000 -0.000000 1.833832 175.024994
6.521709 -53.197159 0.750000 0.000000 -0.000000 1.780466 175.128006
6.495082 -52.968410 0.750000 0.000000 -0.000000 1.592121 175.253006
6.504910 -52.742996 0.750000 0.000000 -0.000000 1.507828 175.393005
6.514896 -52.537880 0.750000 0.000000 -0.000000 1.545462 175.503998
6.517688 -52.328781 0.750000 0.000000 -0.000000 1.557561 175.608002
6.520486 -52.127701 0.750000 0.000000 -0.000000 1.556884 175.707993
6.520219 -51.926472 0.750000 0.000000 -0.000000 1.595124 175.807999
6.513106 -51.725391 0.750000 0.000000 -0.000000 1.605847 175.908005
6.506248 -51.524071 0.750000 0.000000 -0.000000 1.604769 176.007996
6.504847 -51.323692 0.750000 0.000000 -0.000000 1.515331 176.110001
6.526342 -51.122887 0.750000 0.000000 -0.000000 1.457729 176.218994
6.550066 -50.911110 0.750000 0.000000 -0.000000 1.459036 176.324997
6.568021 -50.710510 0.750000 0.000000 -0.000000 1.505833 176.425003
6.583091 -50.483406 0.750000 0.000000 -0.000000 1.503564 176.537994
6.596593 -50.282726 0.750000 0.000000 -0.000000 1.503690 176.638000
6.611286 -50.064083 0.750000 0.000000 -0.000000 1.503684 176.746994
6.626022 -49.841160 0.750000 0.000000 -0.000000 1.511224 176.858002
6.633343 -49.637634 0.750000 0.000000 -0.000000 1.547373 176.959000
6.638405 -49.428318 0.750000 0.000000 -0.000000 1.546148 177.063004
6.646436 -49.219971 0.750000 0.000000 -0.000000 1.524869 177.167999
6.648636 -48.990570 0.750000 0.000000 -0.000000 1.574944 177.281998
6.648345 -48.767090 0.750000 0.000000 -0.000000 1.571472 177.393005
6.646064 -48.545872 0.750000 0.000000 -0.000000 1.604294 177.503006
6.633863 -48.344864 0.750000 0.000000 -0.000000 1.654318 177.602997
6.614012 -48.144669 0.750000 0.000000 -0.000000 1.670907 177.703003
6.594148 -47.944405 0.750000 0.000000 -0.000000 1.669543 177.802994
6.571761 -47.744415 0.750000 0.000000 -0.000000 1.703969 177.903000
6.539935 -47.545841 0.750000 0.000000 -0.000000 1.752452 178.003006
6.503747 -47.342289 0.750000 0.000000 -0.000000 1.747971 178.106003
6.465500 -47.136078 0.750000 0.000000 -0.000000 1.755693 178.210007
6.427138 -46.930431 0.750000 0.000000 -0.000000 1.755206 178.313995
6.384908 -46.725456 0.750000 0.000000 -0.000000 1.798810 178.417999
6.338183 -46.529644 0.750000 0.000000 -0.000000 1.803708 178.518005
6.291429 -46.331974 0.750000 0.000000 -0.000000 1.803039 178.619003
6.240849 -46.131058 0.750000 0.000000 -0.000000 1.842594 178.722000
6.177068 -45.937057 0.750000 0.000000 -0.000000 1.938436 178.830002
6.094994 -45.745335 0.750000 0.000000 -0.000000 1.999717 178.942993
6.014761 -45.560860 0.750000 0.000000 -0.000000 1.962436 179.042999
5.932275 -45.377510 0.750000 0.000000 -0.000000 2.020349 179.143005
5.830941 -45.180851 0.750000 0.000000 -0.000000 2.062963 179.253006
5.736041 -45.003490 0.750000 0.000000 -0.000000 2.061578 179.352997
5.630726 -44.806431 0.750000 0.000000 -0.000000 2.061673 179.464005
5.526705 -44.613735 0.750000 0.000000 -0.000000 2.081397 179.572998
5.418222 -44.432060 0.750000 0.000000 -0.000000 2.133089 179.677994
5.307212 -44.264206 0.750000 0.000000 -0.000000 2.164255 179.778000
5.194726 -44.097172 0.750000 0.000000 -0.000000 2.163194 179.878006
5.082677 -43.929996 0.750000 0.000000 -0.000000 2.150366 179.977997
4.957248 -43.724098 0.750000 0.000000 -0.000000 2.102177 180.098007
4.852097 -43.547329 0.750000 0.000000 -0.000000 2.109069 180.199997
4.749211 -43.374794 0.750000 0.000000 -0.000000 2.108374 180.300003
4.641033 -43.193321 0.750000 0.000000 -0.000000 2.108422 180.404999
4.539704 -43.019531 0.750000 0.000000 -0.000000 2.078062 180.505005
4.444779 -42.841873 0.750000 0.000000 -0.000000 2.058626 180.604996
4.350523 -42.664635 0.750000 0.000000 -0.000000 2.059626 180.705002
4.246881 -42.491173 0.750000 0.000000 -0.000000 2.185238 180.809998
4.123183 -42.346313 0.750000 0.000000 -0.000000 2.365880 180.925003
3.963110 -42.221004 0.750000 0.000000 -0.000000 2.573641 181.080002
3.847797 -42.162281 0.750000 0.000000 -0.000000 2.764745 181.216003
3.762772 -42.136524 0.750000 0.000000 -0.000000 2.939882 181.365005
3.716623 -42.131435 0.750000 0.000000 -0.000000 3.132272 181.578003
3.688739 -42.133644 0.750000 0.000000 0.000000 -2.975506 181.778000
3.685650 -42.134258 0.750000 0.000000 0.000000 -2.779156 181.903000
3.685650 -42.134258 0.750000 0.000000 0.000000 -2.603227 182.014999
3.685650 -42.134258 0.750000 0.000000 0.000000 -2.422585 182.149994
3.685650 -42.134258 0.750000 0.000000 0.000000 -2.234090 182.270004
3.685650 -42.134258 0.750000 0.000000 0.000000 -2.053448 182.384995
3.685650 -42.134258 0.750000 0.000000 0.000000 -1.857099 182.509995
3.685650 -42.134258 0.750000 0.000000 0.000000 -1.674886 182.626007
3.685650 -42.134258 0.750000 0.000000 0.000000 -1.494244 182.740997
3.685650 -42.134258 0.750000 0.000000 0.000000 -1.676457 182.875000
3.685650 -42.134258 0.750000 0.000000 0.000000 -1.857099 182.990005
3.685650 -42.134258 0.750000 0.000000 0.000000 -2.045594 183.110001
3.685650 -42.134258 0.750000 0.000000 0.000000 -2.226236 183.225006
3.685650 -42.134258 0.750000 0.000000 0.000000 -2.406878 183.339996
3.623316 -42.178268 0.750000 0.000000 0.000000 -2.582630 183.690994
3.602520 -42.189217 0.750000 0.000000 0.000000 -2.761701 183.804993
3.601586 -42.189571 0.750000 0.000000 0.000000 -2.942343 183.919998
3.601586 -42.189571 0.750000 0.000000 0.000000 -3.124555 184.035995
3.601387 -42.189552 0.750000 0.000000 -0.000000 2.965679 184.199997
3.600692 -42.189354 0.750000 0.000000 -0.000000 2.773097 184.389999
3.590778 -42.184174 0.750000 0.000000 -0.000000 2.596092 184.619995
3.428909 -42.064487 0.750000 0.000000 -0.000000 2.452626 184.975006
3.279114 -41.925377 0.750000 0.000000 -0.000000 2.355335 185.151001
3.138994 -41.775108 0.750000 0.000000 -0.000000 2.292367 185.285995
2.995932 -41.605793 0.750000 0.000000 -0.000000 2.267870 185.406006
2.864181 -41.448601 0.750000 0.000000 -0.000000 2.268429 185.507996
2.724206 -41.281612 0.750000 0.000000 -0.000000 2.268401 185.615997
2.586292 -41.131931 0.750000 0.000000 -0.000000 2.390924 185.720993
2.434493 -41.014343 0.750000 0.000000 -0.000000 2.571566 185.835999
2.255911 -40.922070 0.750000 0.000000 -0.000000 2.719221 185.985992
2.142439 -40.883415 0.750000 0.000000 -0.000000 2.907717 186.106003
2.062008 -40.871616 0.750000 0.000000 -0.000000 3.088358 186.220993
2.012726 -40.873222 0.750000 0.000000 0.000000 -3.009473 186.339005
1.998285 -40.876034 0.750000 0.000000 0.000000 -2.814694 186.462997
1.998285 -40.876034 0.750000 0.000000 0.000000 -2.634052 186.578003
1.998285 -40.876034 0.750000 0.000000 0.000000 -2.453411 186.692993
1.998285 -40.876034 0.750000 0.000000 0.000000 -2.634052 186.947998
1.998285 -40.876034 0.750000 0.000000 0.000000 -2.846110 187.082993
1.998285 -40.876034 0.750000 0.000000 0.000000 -3.026752 187.197998
1.998285 -40.876034 0.750000 0.000000 -0.000000 3.080505 187.309998
1.998285 -40.876034 0.750000 0.000000 -0.000000 2.898292 187.425995
1.998285 -40.876034 0.750000 0.000000 -0.000000 2.717651 187.541000
1.995045 -40.874054 0.750000 0.000000 -0.000000 2.534218 187.709000
1.992546 -40.871796 0.750000 0.000000 -0.000000 2.354944 187.923996
1.973062 -40.849686 0.750000 0.000000 -0.000000 2.177321 188.119003
1.875268 -40.672771 0.750000 0.000000 -0.000000 2.024163 188.496002
1.790182 -40.489189 0.750000 0.000000 -0.000000 1.996408 188.660995
1.709996 -40.298069 0.750000 0.000000 -0.000000 1.958144 188.791000
1.627496 -40.097034 0.750000 0.000000 -0.000000 1.960860 188.906006
1.545216 -39.891796 0.750000 0.000000 -0.000000 1.946696 189.016006
1.459861 -39.676872 0.750000 0.000000 -0.000000 1.949031 189.130997
1.385519 -39.489719 0.750000 0.000000 -0.000000 1.948913 189.231003
1.311129 -39.302448 0.750000 0.000000 -0.000000 1.948919 189.330994
1.236878 -39.115532 0.750000 0.000000 -0.000000 1.948919 189.431000
1.162581 -38.928497 0.750000 0.000000 -0.000000 1.948918 189.531006
1.088284 -38.741463 0.750000 0.000000 -0.000000 1.948918 189.630997
1.017116 -38.553234 0.750000 0.000000 -0.000000 1.909201 189.731003
0.950098 -38.357391 0.750000 0.000000 -0.000000 1.900597 189.834000
0.882249 -38.159241 0.750000 0.000000 -0.000000 1.900667 189.938004
0.819374 -37.967724 0.750000 0.000000 -0.000000 1.891711 190.037994
0.755689 -37.776817 0.750000 0.000000 -0.000000 1.892352 190.138000
0.696976 -37.584576 0.750000 0.000000 -0.000000 1.844336 190.238007
0.647598 -37.389805 0.750000 0.000000 -0.000000 1.796280 190.337997
0.601694 -37.188080 0.750000 0.000000 -0.000000 1.795417 190.440994
0.556858 -36.991875 0.750000 0.000000 -0.000000 1.795408 190.541000
0.512039 -36.795647 0.750000 0.000000 -0.000000 1.795380 190.641006
0.466290 -36.595352 0.750000 0.000000 -0.000000 1.795385 190.742996
0.435363 -36.395035 0.750000 0.000000 -0.000000 1.643903 190.850998
0.435859 -36.187458 0.750000 0.000000 -0.000000 1.519651 190.977997
0.461248 -35.977100 0.750000 0.000000 -0.000000 1.423425 191.108002
0.487734 -35.777061 0.750000 0.000000 -0.000000 1.461402 191.218002
0.504358 -35.576748 0.750000 0.000000 -0.000000 1.510955 191.317993
0.511252 -35.375763 0.750000 0.000000 -0.000000 1.559248 191.417999
0.511774 -35.171001 0.750000 0.000000 -0.000000 1.568964 191.520004
0.517214 -34.968071 0.750000 0.000000 -0.000000 1.495880 191.625000
0.553871 -34.750366 0.750000 0.000000 -0.000000 1.300281 191.759995
0.607929 -34.607533 0.750000 0.000000 -0.000000 1.119640 191.875000
0.674499 -34.498531 0.750000 0.000000 -0.000000 0.924861 191.998993
0.734870 -34.432129 0.750000 0.000000 -0.000000 0.736365 192.119003
0.776265 -34.400558 0.750000 0.000000 -0.000000 0.555724 192.233994
0.793151 -34.391621 0.750000 0.000000 -0.000000 0.375082 192.348999
0.793151 -34.391621 0.750000 0.000000 -0.000000 0.194440 192.464005
0.793151 -34.391621 0.750000 0.000000 -0.000000 0.012228 192.580002
0.793151 -34.391621 0.750000 0.000000 0.000000 -0.215538 192.725006
0.793151 -34.391621 0.750000 0.000000 0.000000 -0.396179 192.839996
0.793151 -34.391621 0.750000 0.000000 0.000000 -0.576821 192.955002
0.793151 -34.391621 0.750000 0.000000 0.000000 -0.752436 193.067993
0.801857 -34.402775 0.750000 0.000000 0.000000 -0.928018 193.289993
0.919643 -34.587639 0.750000 0.000000 0.000000 -1.055049 193.619995
1.013789 -34.768826 0.750000 0.000000 0.000000 -1.123048 193.779999
1.101637 -34.962803 0.750000 0.000000 0.000000 -1.150574 193.910004
1.182022 -35.146408 0.750000 0.000000 0.000000 -1.196843 194.014999
1.250396 -35.341599 0.750000 0.000000 0.000000 -1.212716 194.125000
1.323547 -35.528893 0.750000 0.000000 0.000000 -1.198767 194.225006
1.396645 -35.716778 0.750000 0.000000 0.000000 -1.199816 194.324997
1.474715 -35.908680 0.750000 0.000000 0.000000 -1.160702 194.427994
1.557451 -36.094353 0.750000 0.000000 0.000000 -1.151674 194.529007
1.636606 -36.279881 0.750000 0.000000 0.000000 -1.191406 194.628998
1.711973 -36.474949 0.750000 0.000000 0.000000 -1.201759 194.733002
1.788465 -36.660851 0.750000 0.000000 0.000000 -1.157268 194.832993
1.870929 -36.844433 0.750000 0.000000 0.000000 -1.150157 194.932999
1.952408 -37.035343 0.750000 0.000000 0.000000 -1.221878 195.037994
2.024398 -37.223011 0.750000 0.000000 0.000000 -1.178133 195.139999
2.104718 -37.416046 0.750000 0.000000 0.000000 -1.177263 195.244003
2.181962 -37.602116 0.750000 0.000000 0.000000 -1.177331 195.343994
2.259140 -37.788017 0.750000 0.000000 0.000000 -1.177332 195.444000
2.340180 -37.983231 0.750000 0.000000 0.000000 -1.177334 195.548996
2.435030 -38.194508 0.750000 0.000000 0.000000 -1.121933 195.664001
2.530505 -38.393959 0.750000 0.000000 0.000000 -1.126460 195.774002
2.617014 -38.575611 0.750000 0.000000 0.000000 -1.126221 195.873993
2.711273 -38.776157 0.750000 0.000000 0.000000 -1.140140 195.983994
2.797282 -38.960178 0.750000 0.000000 0.000000 -1.123015 196.085007
2.916456 -39.190952 0.750000 0.000000 0.000000 -1.084152 196.214005
3.012595 -39.367744 0.750000 0.000000 0.000000 -1.051557 196.313995
3.115530 -39.540928 0.750000 0.000000 0.000000 -1.031691 196.414001
3.218526 -39.713699 0.750000 0.000000 0.000000 -1.033439 196.514008
3.323768 -39.885345 0.750000 0.000000 0.000000 -0.998937 196.613998
3.436903 -40.051430 0.750000 0.000000 0.000000 -0.950015 196.714005
3.564420 -40.220131 0.750000 0.000000 0.000000 -0.899614 196.819000
3.701504 -40.388962 0.750000 0.000000 0.000000 -0.888437 196.927002
3.827730 -40.545872 0.750000 0.000000 0.000000 -0.893445 197.026993
3.956481 -40.705597 0.750000 0.000000 0.000000 -0.892294 197.128998
4.082834 -40.862328 0.750000 0.000000 0.000000 -0.892312 197.229004
4.209144 -41.018997 0.750000 0.000000 0.000000 -0.892314 197.328995
4.335480 -41.175709 0.750000 0.000000 0.000000 -0.892315 197.429001
4.461800 -41.332401 0.750000 0.000000 0.000000 -0.892315 197.529007
4.588199 -41.489193 0.750000 0.000000 0.000000 -0.892315 197.628998
4.715775 -41.647442 0.750000 0.000000 0.000000 -0.892316 197.729996
4.847321 -41.810612 0.750000 0.000000 0.000000 -0.892318 197.834000
4.970891 -41.969711 0.750000 0.000000 0.000000 -0.935761 197.934006
5.088857 -42.135902 0.750000 0.000000 0.000000 -0.994222 198.035995
5.195145 -42.306675 0.750000 0.000000 0.000000 -1.008206 198.139008
5.305839 -42.474567 0.750000 0.000000 0.000000 -0.963130 198.238998
5.421626 -42.639019 0.750000 0.000000 0.000000 -0.959536 198.339005
5.537061 -42.803936 0.750000 0.000000 0.000000 -0.959908 198.438995
5.652575 -42.968876 0.750000 0.000000 0.000000 -0.959891 198.539001
5.767941 -43.133610 0.750000 0.000000 0.000000 -0.959892 198.639008
5.879791 -43.300201 0.750000 0.000000 0.000000 -1.004339 198.738998
5.986405 -43.470589 0.750000 0.000000 0.000000 -1.011327 198.839005
6.093217 -43.641003 0.750000 0.000000 0.000000 -1.010926 198.938995
6.197791 -43.812630 0.750000 0.000000 0.000000 -1.051830 199.039001
6.292886 -43.999405 0.750000 0.000000 0.000000 -1.121167 199.143997
6.379188 -44.181072 0.750000 0.000000 0.000000 -1.125992 199.244003
6.465994 -44.362919 0.750000 0.000000 0.000000 -1.125463 199.343994
6.549702 -44.546047 0.750000 0.000000 0.000000 -1.165648 199.444000
6.624264 -44.732948 0.750000 0.000000 0.000000 -1.214052 199.544006
6.689686 -44.923073 0.750000 0.000000 0.000000 -1.262248 199.643997
6.760428 -45.153999 0.750000 0.000000 0.000000 -1.263824 199.764008
6.827510 -45.348083 0.750000 0.000000 0.000000 -1.214725 199.865997
6.912842 -45.559052 0.750000 0.000000 0.000000 -1.160477 199.979004
6.995636 -45.742092 0.750000 0.000000 0.000000 -1.146009 200.078995
7.078963 -45.925125 0.750000 0.000000 0.000000 -1.142653 200.179001
7.162571 -46.108055 0.750000 0.000000 0.000000 -1.135792 200.279007
7.275185 -46.330647 0.750000 0.000000 0.000000 -1.072204 200.403000
7.376390 -46.509113 0.750000 0.000000 0.000000 -1.050791 200.505005
7.476413 -46.683800 0.750000 0.000000 0.000000 -1.050791 200.604996
7.576436 -46.858490 0.750000 0.000000 0.000000 -1.050791 200.705002
7.676484 -47.033215 0.750000 0.000000 0.000000 -1.050792 200.804993
7.786481 -47.225319 0.750000 0.000000 0.000000 -1.050795 200.914993
7.886490 -47.399990 0.750000 0.000000 0.000000 -1.050795 201.014999
7.988621 -47.583290 0.750000 0.000000 0.000000 -1.044152 201.119995
8.096100 -47.760464 0.750000 0.000000 0.000000 -1.024923 201.223007
8.200174 -47.932419 0.750000 0.000000 0.000000 -1.026556 201.322998
8.306440 -48.107906 0.750000 0.000000 0.000000 -1.026335 201.425003
8.412922 -48.278801 0.750000 0.000000 0.000000 -0.991655 201.524994
8.528483 -48.445644 0.750000 0.000000 0.000000 -0.942012 201.626007
8.642292 -48.613991 0.750000 0.000000 0.000000 -1.048922 201.731995
8.720316 -48.784447 0.750000 0.000000 0.000000 -1.227992 201.845993
8.760971 -48.947617 0.750000 0.000000 0.000000 -1.424342 201.970993
8.767591 -49.073460 0.750000 0.000000 0.000000 -1.611267 202.089996
8.753331 -49.172890 0.750000 0.000000 0.000000 -1.823324 202.225006
8.736818 -49.220013 0.750000 0.000000 0.000000 -2.003966 202.339996
8.728234 -49.235821 0.750000 0.000000 0.000000 -2.179061 202.494995
8.723073 -49.242096 0.750000 0.000000 0.000000 -2.357231 202.735001
8.705661 -49.255253 0.750000 0.000000 0.000000 -2.539661 203.016998
8.592623 -49.313740 0.750000 0.000000 0.000000 -2.714533 203.348007
8.400708 -49.390232 0.750000 0.000000 0.000000 -2.795448 203.552994
8.212439 -49.458317 0.750000 0.000000 0.000000 -2.794282 203.692993
7.989232 -49.539112 0.750000 0.000000 0.000000 -2.794313 203.828003
7.791767 -49.610569 0.750000 0.000000 0.000000 -2.794310 203.932999
7.602416 -49.679085 0.750000 0.000000 0.000000 -2.794301 204.033005
7.409412 -49.745377 0.750000 0.000000 0.000000 -2.809199 204.134995
7.219036 -49.811394 0.750000 0.000000 0.000000 -2.807848 204.235001
7.029096 -49.877228 0.750000 0.000000 0.000000 -2.807927 204.335007
6.837830 -49.939686 0.750000 0.000000 0.000000 -2.849148 204.434998
6.644022 -49.992710 0.750000 0.000000 0.000000 -2.897379 204.535004
6.446355 -50.040230 0.750000 0.000000 0.000000 -2.904193 204.636002
6.243311 -50.089558 0.750000 0.000000 0.000000 -2.903374 204.740005
6.047720 -50.137039 0.750000 0.000000 0.000000 -2.903398 204.839996
5.846493 -50.185909 0.750000 0.000000 0.000000 -2.903399 204.942993
5.648893 -50.233814 0.750000 0.000000 0.000000 -2.911253 205.044006
5.453250 -50.277214 0.750000 0.000000 0.000000 -2.918496 205.143997
5.245290 -50.324532 0.750000 0.000000 0.000000 -2.918143 205.250000
5.001925 -50.379292 0.750000 0.000000 0.000000 -2.933127 205.373993
4.774279 -50.420197 0.750000 0.000000 0.000000 -2.990950 205.488998
4.574703 -50.446018 0.750000 0.000000 0.000000 -3.021117 205.589005
4.374873 -50.470722 0.750000 0.000000 0.000000 -3.017612 205.688995
4.166952 -50.495319 0.750000 0.000000 0.000000 -3.041492 205.792999
3.934253 -50.513279 0.750000 0.000000 0.000000 -3.071062 205.908997
3.723885 -50.528603 0.750000 0.000000 0.000000 -3.068677 206.014008
3.523168 -50.543251 0.750000 0.000000 0.000000 -3.068830 206.113998
3.312352 -50.558632 0.750000 0.000000 0.000000 -3.068831 206.218994
3.111809 -50.573265 0.750000 0.000000 0.000000 -3.068836 206.319000
2.909072 -50.588058 0.750000 0.000000 0.000000 -3.068846 206.419998
2.700500 -50.603268 0.750000 0.000000 0.000000 -3.068852 206.524002
2.495843 -50.618191 0.750000 0.000000 0.000000 -3.068856 206.626007
2.288767 -50.633282 0.750000 0.000000 0.000000 -3.068857 206.729004
2.088233 -50.650356 0.750000 0.000000 0.000000 -3.033471 206.828995
1.889035 -50.677441 0.750000 0.000000 0.000000 -2.983830 206.929001
1.690124 -50.710407 0.750000 0.000000 0.000000 -2.984442 207.029007
1.483193 -50.734562 0.750000 0.000000 0.000000 -3.027859 207.134003
1.283806 -50.761745 0.750000 0.000000 0.000000 -2.982749 207.233994
1.085387 -50.795383 0.750000 0.000000 0.000000 -2.974026 207.334000
0.884610 -50.829311 0.750000 0.000000 0.000000 -2.974173 207.434998
0.686050 -50.862865 0.750000 0.000000 0.000000 -2.974170 207.535004
0.487491 -50.896416 0.750000 0.000000 0.000000 -2.974168 207.634995
0.283386 -50.930908 0.750000 0.000000 0.000000 -2.974165 207.738007
0.084457 -50.964516 0.750000 0.000000 0.000000 -2.974161 207.837997
-0.113325 -51.000938 0.750000 0.000000 0.000000 -2.935964 207.938004
-0.309652 -51.044014 0.750000 0.000000 0.000000 -2.927349 208.037994
-0.512438 -51.082867 0.750000 0.000000 0.000000 -2.949676 208.141006
-0.718114 -51.122978 0.750000 0.000000 0.000000 -2.949272 208.244995
-0.944981 -51.167141 0.750000 0.000000 0.000000 -2.949316 208.360001
-1.144509 -51.205990 0.750000 0.000000 0.000000 -2.949323 208.460999
-1.347990 -51.245594 0.750000 0.000000 0.000000 -2.949322 208.563995
-1.565261 -51.287888 0.750000 0.000000 0.000000 -2.949322 208.673996
-1.767214 -51.327221 0.750000 0.000000 0.000000 -2.946963 208.776001
-1.963316 -51.371758 0.750000 0.000000 0.000000 -2.895044 208.876007
-2.164152 -51.421474 0.750000 0.000000 0.000000 -2.902501 208.979004
-2.367350 -51.454861 0.750000 0.000000 0.000000 -3.001972 209.089005
-2.565071 -51.489567 0.750000 0.000000 0.000000 -2.942017 209.190002
-2.761261 -51.534328 0.750000 0.000000 0.000000 -2.894562 209.289993
-2.991857 -51.597591 0.750000 0.000000 0.000000 -2.868408 209.408997
-3.185619 -51.651871 0.750000 0.000000 0.000000 -2.868406 209.509003
-3.388818 -51.708801 0.750000 0.000000 0.000000 -2.868403 209.613998
-3.592089 -51.765747 0.750000 0.000000 0.000000 -2.868401 209.718994
-3.788565 -51.817326 0.750000 0.000000 0.000000 -2.906886 209.820007
-3.985401 -51.859146 0.750000 0.000000 0.000000 -2.955079 209.919998
-4.188224 -51.889469 0.750000 0.000000 0.000000 -3.042229 210.026001
-4.389820 -51.899258 0.750000 0.000000 0.000000 -3.117042 210.136002
-4.596474 -51.899330 0.750000 0.000000 -0.000000 3.118168 210.238998
-4.806972 -51.883850 0.750000 0.000000 -0.000000 3.013491 210.350998
-5.006283 -51.846062 0.750000 0.000000 -0.000000 2.896586 210.479004
-5.202827 -51.783989 0.750000 0.000000 -0.000000 2.797128 210.632004
-5.389929 -51.705601 0.750000 0.000000 -0.000000 2.694452 210.779007
-5.570091 -51.612503 0.750000 0.000000 -0.000000 2.637508 210.910995
-5.746790 -51.507408 0.750000 0.000000 -0.000000 2.552291 211.024002
-5.913837 -51.385448 0.750000 0.000000 -0.000000 2.489777 211.134003
-6.070598 -51.259640 0.750000 0.000000 -0.000000 2.441913 211.233994
-6.233037 -51.115154 0.750000 0.000000 -0.000000 2.389648 211.341995
-6.427166 -50.933262 0.750000 0.000000 -0.000000 2.383196 211.473999
-6.576330 -50.783539 0.750000 0.000000 -0.000000 2.328412 211.578995
-6.711298 -50.634071 0.750000 0.000000 -0.000000 2.293558 211.679001
-6.848798 -50.484653 0.750000 0.000000 -0.000000 2.371793 211.781998
-7.013597 -50.353615 0.750000 0.000000 -0.000000 2.565001 211.904999
-7.157948 -50.277473 0.750000 0.000000 -0.000000 2.745643 212.020004
-7.351690 -50.215096 0.750000 0.000000 -0.000000 2.901152 212.218994
-7.423247 -50.204067 0.750000 0.000000 -0.000000 3.081793 212.334000
-7.463135 -50.204979 0.750000 0.000000 0.000000 -3.020751 212.449005
-7.470946 -50.206299 0.750000 0.000000 0.000000 -2.824401 212.574005
-7.470946 -50.206299 0.750000 0.000000 0.000000 -2.648471 212.686005
-7.470946 -50.206299 0.750000 0.000000 0.000000 -2.824924 212.934006
-7.470946 -50.206299 0.750000 0.000000 0.000000 -3.019042 213.057999
-7.471695 -50.206264 0.750000 0.000000 -0.000000 3.089240 213.201004
-7.519521 -50.198944 0.750000 0.000000 -0.000000 2.912980 213.464005
-7.632936 -50.157352 0.750000 0.000000 -0.000000 2.735148 213.770996
-7.813208 -50.069218 0.750000 0.000000 -0.000000 2.649680 213.981003
-7.990699 -49.966152 0.750000 0.000000 -0.000000 2.585538 214.128006
-8.180622 -49.839005 0.750000 0.000000 -0.000000 2.503298 214.259995
-8.340027 -49.715435 0.750000 0.000000 -0.000000 2.465581 214.363998
-8.493699 -49.585514 0.750000 0.000000 -0.000000 2.420458 214.464005
-8.645392 -49.453228 0.750000 0.000000 -0.000000 2.427718 214.563995
-8.798926 -49.320084 0.750000 0.000000 -0.000000 2.426734 214.664993
-8.957056 -49.182842 0.750000 0.000000 -0.000000 2.426875 214.768997
-9.116630 -49.044365 0.750000 0.000000 -0.000000 2.426860 214.873993
-9.270448 -48.910877 0.750000 0.000000 -0.000000 2.426863 214.975006
-9.422359 -48.779045 0.750000 0.000000 -0.000000 2.426865 215.074997
-9.572625 -48.640114 0.750000 0.000000 -0.000000 2.348325 215.179001
-9.715060 -48.498837 0.750000 0.000000 -0.000000 2.366213 215.279007
-9.858676 -48.357861 0.750000 0.000000 -0.000000 2.365038 215.378998
-10.002245 -48.216831 0.750000 0.000000 -0.000000 2.365165 215.479004
-10.145643 -48.075977 0.750000 0.000000 -0.000000 2.365151 215.578995
-10.289219 -47.934948 0.750000 0.000000 -0.000000 2.365154 215.679001
-10.432972 -47.793743 0.750000 0.000000 -0.000000 2.365156 215.779007
-10.576725 -47.652538 0.750000 0.000000 -0.000000 2.365159 215.878998
-10.720389 -47.511421 0.750000 0.000000 -0.000000 2.365162 215.979004
-10.863688 -47.370106 0.750000 0.000000 -0.000000 2.357310 216.078995
-11.006549 -47.228359 0.750000 0.000000 -0.000000 2.362023 216.179001
-11.149636 -47.086834 0.750000 0.000000 -0.000000 2.361435 216.279007
-11.292784 -46.945183 0.750000 0.000000 -0.000000 2.361528 216.378998
-11.435933 -46.803532 0.750000 0.000000 -0.000000 2.361530 216.479004
-11.586102 -46.654934 0.750000 0.000000 -0.000000 2.361539 216.584000
-11.730603 -46.511951 0.750000 0.000000 -0.000000 2.361549 216.684998
-11.873860 -46.370197 0.750000 0.000000 -0.000000 2.361553 216.785004
-12.017332 -46.228249 0.750000 0.000000 -0.000000 2.361562 216.884995
-12.161763 -46.085346 0.750000 0.000000 -0.000000 2.361564 216.985992
-12.310529 -45.938141 0.750000 0.000000 -0.000000 2.361572 217.089996
-12.453866 -45.796322 0.750000 0.000000 -0.000000 2.361584 217.190002
-12.589331 -45.647148 0.750000 0.000000 -0.000000 2.278349 217.294998
-12.728189 -45.489616 0.750000 0.000000 -0.000000 2.299018 217.399994
-12.861839 -45.339157 0.750000 0.000000 -0.000000 2.296453 217.500000
-12.997867 -45.185875 0.750000 0.000000 -0.000000 2.296729 217.602005
-13.134592 -45.029991 0.750000 0.000000 -0.000000 2.271810 217.705002
-13.264134 -44.868713 0.750000 0.000000 -0.000000 2.241876 217.807999
-13.396437 -44.701954 0.750000 0.000000 -0.000000 2.223823 217.914001
-13.518215 -44.531265 0.750000 0.000000 -0.000000 2.137451 218.018997
-13.618362 -44.357441 0.750000 0.000000 -0.000000 2.093267 218.123001
-13.719703 -44.183514 0.750000 0.000000 -0.000000 2.097952 218.223007
-13.820823 -44.009506 0.750000 0.000000 -0.000000 2.097304 218.322998
-13.922093 -43.835293 0.750000 0.000000 -0.000000 2.097397 218.423004
-14.023366 -43.661083 0.750000 0.000000 -0.000000 2.097390 218.522995
-14.124576 -43.486977 0.750000 0.000000 -0.000000 2.097393 218.623001
-14.225596 -43.313198 0.750000 0.000000 -0.000000 2.097396 218.723007
-14.329620 -43.134258 0.750000 0.000000 -0.000000 2.097399 218.826004
-14.430792 -42.960232 0.750000 0.000000 -0.000000 2.097400 218.925995
-14.532040 -42.786060 0.750000 0.000000 -0.000000 2.097403 219.026001
-14.631601 -42.601345 0.750000 0.000000 -0.000000 2.069083 219.130997
-14.728230 -42.424889 0.750000 0.000000 -0.000000 2.071842 219.231003
-14.825825 -42.246635 0.750000 0.000000 -0.000000 2.071734 219.332001
-14.924328 -42.066753 0.750000 0.000000 -0.000000 2.071754 219.434006
-15.021043 -41.890137 0.750000 0.000000 -0.000000 2.071743 219.533997
-15.119643 -41.710075 0.750000 0.000000 -0.000000 2.071739 219.636002
-15.220234 -41.526363 0.750000 0.000000 -0.000000 2.071737 219.740005
-15.317836 -41.348125 0.750000 0.000000 -0.000000 2.071732 219.841003
-15.414380 -41.171814 0.750000 0.000000 -0.000000 2.071728 219.940994
-15.514578 -40.988125 0.750000 0.000000 -0.000000 2.052873 220.044998
-15.608265 -40.801613 0.750000 0.000000 -0.000000 2.064607 220.149994
-15.706947 -40.623787 0.750000 0.000000 -0.000000 2.074818 220.251007
-15.804018 -40.447201 0.750000 0.000000 -0.000000 2.073692 220.350998
