0.000000 15.000000 0.750000 0.000000 -0.000000 0.000000 0.000000
0.000000 15.000000 0.750000 0.000000 -0.000000 0.219912 13.618000
0.000000 15.000000 0.750000 0.000000 -0.000000 0.416261 13.743000
0.000828 15.000560 0.750000 0.000000 -0.000000 0.616433 13.903000
0.006209 15.005782 0.750000 0.000000 -0.000000 0.793782 14.103000
0.036927 15.044827 0.750000 0.000000 -0.000000 0.972713 14.388000
0.122316 15.210293 0.750000 0.000000 -0.000000 1.147622 14.738000
0.200142 15.401905 0.750000 0.000000 -0.000000 1.204114 14.913000
0.272957 15.591504 0.750000 0.000000 -0.000000 1.204114 15.043000
0.346454 15.782876 0.750000 0.000000 -0.000000 1.204114 15.153000
0.415934 15.971710 0.750000 0.000000 -0.000000 1.240408 15.253000
0.476224 16.163616 0.750000 0.000000 -0.000000 1.289233 15.353000
0.528348 16.358025 0.750000 0.000000 -0.000000 1.310489 15.453000
0.580479 16.552660 0.750000 0.000000 -0.000000 1.309097 15.553000
0.633019 16.748930 0.750000 0.000000 -0.000000 1.309240 15.654000
0.685061 16.943346 0.750000 0.000000 -0.000000 1.309227 15.754000
0.737104 17.137762 0.750000 0.000000 -0.000000 1.309227 15.854000
0.789179 17.332298 0.750000 0.000000 -0.000000 1.309226 15.954000
0.843278 17.534393 0.750000 0.000000 -0.000000 1.309224 16.058001
0.895302 17.728733 0.750000 0.000000 -0.000000 1.309223 16.158001
0.947307 17.923000 0.750000 0.000000 -0.000000 1.309223 16.257999
0.996374 18.118467 0.750000 0.000000 -0.000000 1.347652 16.358000
1.028370 18.324688 0.750000 0.000000 -0.000000 1.499869 16.468000
1.039278 18.530500 0.750000 0.000000 -0.000000 1.511140 16.577999
1.052353 18.751640 0.750000 0.000000 -0.000000 1.512129 16.688000
1.065562 18.976477 0.750000 0.000000 -0.000000 1.512089 16.799999
1.077845 19.185463 0.750000 0.000000 -0.000000 1.512094 16.903999
1.090136 19.394575 0.750000 0.000000 -0.000000 1.512094 17.007999
1.104303 19.635632 0.750000 0.000000 -0.000000 1.512094 17.128000
1.117867 19.866432 0.750000 0.000000 -0.000000 1.512094 17.243000
1.129802 20.069504 0.750000 0.000000 -0.000000 1.512094 17.344000
1.139967 20.279222 0.750000 0.000000 -0.000000 1.567072 17.448999
1.131758 20.481987 0.750000 0.000000 -0.000000 1.614071 17.554001
1.123489 20.682945 0.750000 0.000000 -0.000000 1.611829 17.653999
1.114872 20.892187 0.750000 0.000000 -0.000000 1.611965 17.757999
1.106589 21.093287 0.750000 0.000000 -0.000000 1.611963 17.858000
1.098307 21.294333 0.750000 0.000000 -0.000000 1.611963 17.958000
1.089943 21.497379 0.750000 0.000000 -0.000000 1.611963 18.059000
1.081656 21.698576 0.750000 0.000000 -0.000000 1.611963 18.159000
1.073045 21.907618 0.750000 0.000000 -0.000000 1.611963 18.263000
1.068086 22.108885 0.750000 0.000000 -0.000000 1.571048 18.363001
1.069447 22.310005 0.750000 0.000000 -0.000000 1.571830 18.462999
1.069310 22.520102 0.750000 0.000000 -0.000000 1.541878 18.568001
1.080407 22.721025 0.750000 0.000000 -0.000000 1.492825 18.667999
1.101129 22.921188 0.750000 0.000000 -0.000000 1.444663 18.768000
1.131492 23.120167 0.750000 0.000000 -0.000000 1.396479 18.868000
1.171859 23.319269 0.750000 0.000000 -0.000000 1.347676 18.969000
1.218984 23.523151 0.750000 0.000000 -0.000000 1.344328 19.073000
1.268645 23.718132 0.750000 0.000000 -0.000000 1.297561 19.173000
1.327816 23.910494 0.750000 0.000000 -0.000000 1.249536 19.273001
1.391507 24.101400 0.750000 0.000000 -0.000000 1.250325 19.372999
1.462674 24.320255 0.750000 0.000000 -0.000000 1.281725 19.488001
1.520684 24.512932 0.750000 0.000000 -0.000000 1.274037 19.587999
1.588667 24.734097 0.750000 0.000000 -0.000000 1.261863 19.702999
1.654997 24.924076 0.750000 0.000000 -0.000000 1.211206 19.802999
1.730241 25.110687 0.750000 0.000000 -0.000000 1.174398 19.903000
1.815526 25.314968 0.750000 0.000000 -0.000000 1.175828 20.013000
1.904540 25.528460 0.750000 0.000000 -0.000000 1.175735 20.128000
1.993577 25.741999 0.750000 0.000000 -0.000000 1.175741 20.243000
2.070982 25.927639 0.750000 0.000000 -0.000000 1.175740 20.343000
2.148454 26.113436 0.750000 0.000000 -0.000000 1.175739 20.443001
2.224504 26.308899 0.750000 0.000000 -0.000000 1.203035 20.548000
2.297434 26.496443 0.750000 0.000000 -0.000000 1.199811 20.648001
2.370394 26.684118 0.750000 0.000000 -0.000000 1.200011 20.747999
2.445702 26.870764 0.750000 0.000000 -0.000000 1.165416 20.848000
2.529911 27.053473 0.750000 0.000000 -0.000000 1.116013 20.948000
2.620599 27.233131 0.750000 0.000000 -0.000000 1.102025 21.048000
2.711501 27.412853 0.750000 0.000000 -0.000000 1.102548 21.148001
2.802280 27.592321 0.750000 0.000000 -0.000000 1.102506 21.247999
2.893172 27.772013 0.750000 0.000000 -0.000000 1.102509 21.348000
2.987247 27.952019 0.750000 0.000000 -0.000000 1.066719 21.448999
3.072772 28.137865 0.750000 0.000000 -0.000000 1.216629 21.558001
3.135162 28.354685 0.750000 0.000000 -0.000000 1.356134 21.702999
3.166096 28.553331 0.750000 0.000000 -0.000000 1.453935 21.858000
3.177685 28.757032 0.750000 0.000000 -0.000000 1.568776 22.013000
3.171852 28.958420 0.750000 0.000000 -0.000000 1.628004 22.150000
3.154799 29.159248 0.750000 0.000000 -0.000000 1.680101 22.263000
3.126434 29.367123 0.750000 0.000000 -0.000000 1.730418 22.368000
3.086431 29.571939 0.750000 0.000000 -0.000000 1.818952 22.473000
3.023340 29.792210 0.750000 0.000000 -0.000000 1.872695 22.587999
2.952205 30.001694 0.750000 0.000000 -0.000000 1.911060 22.698000
2.885200 30.191431 0.750000 0.000000 -0.000000 1.909852 22.798000
2.818231 30.381285 0.750000 0.000000 -0.000000 1.909924 22.898001
2.749657 30.574816 0.750000 0.000000 -0.000000 1.920289 23.000000
2.673496 30.767517 0.750000 0.000000 -0.000000 1.971434 23.103001
2.590686 30.950924 0.750000 0.000000 -0.000000 2.007695 23.202999
2.505680 31.133308 0.750000 0.000000 -0.000000 2.006305 23.302999
2.399550 31.361347 0.750000 0.000000 -0.000000 2.006422 23.427999
2.307202 31.549845 0.750000 0.000000 -0.000000 2.036185 23.533001
2.208215 31.748047 0.750000 0.000000 -0.000000 2.033573 23.643000
2.118439 31.927963 0.750000 0.000000 -0.000000 2.033633 23.743000
2.024052 32.117130 0.750000 0.000000 -0.000000 2.033629 23.848000
1.934264 32.297089 0.750000 0.000000 -0.000000 2.033637 23.948000
1.842954 32.475838 0.750000 0.000000 -0.000000 2.063334 24.048000
1.742765 32.650341 0.750000 0.000000 -0.000000 2.117592 24.148001
1.635630 32.820999 0.750000 0.000000 -0.000000 2.132782 24.247999
1.528479 32.991356 0.750000 0.000000 -0.000000 2.132240 24.348000
1.421365 33.161655 0.750000 0.000000 -0.000000 2.132280 24.448000
1.299210 33.327591 0.750000 0.000000 -0.000000 2.289359 24.558001
1.148251 33.498241 0.750000 0.000000 -0.000000 2.266862 24.683001
1.005175 33.679783 0.750000 0.000000 -0.000000 2.212062 24.798000
0.888610 33.843971 0.750000 0.000000 -0.000000 2.173538 24.898001
0.774274 34.009521 0.750000 0.000000 -0.000000 2.176373 24.997999
0.655172 34.181561 0.750000 0.000000 -0.000000 2.176264 25.101999
0.538835 34.350418 0.750000 0.000000 -0.000000 2.164018 25.204000
0.430706 34.520126 0.750000 0.000000 -0.000000 2.114561 25.304001
0.325809 34.703476 0.750000 0.000000 -0.000000 2.078983 25.409000
0.220539 34.885014 0.750000 0.000000 -0.000000 2.098564 25.514000
0.106180 35.097752 0.750000 0.000000 -0.000000 2.032809 25.634001
0.019953 35.279587 0.750000 0.000000 -0.000000 2.009296 25.733999
-0.065637 35.461742 0.750000 0.000000 -0.000000 2.010160 25.834000
-0.159804 35.662121 0.750000 0.000000 -0.000000 2.010105 25.944000
-0.248035 35.849884 0.750000 0.000000 -0.000000 2.010108 26.047001
-0.337990 36.041309 0.750000 0.000000 -0.000000 2.010110 26.152000
-0.423586 36.223461 0.750000 0.000000 -0.000000 2.010115 26.252001
-0.509182 36.405613 0.750000 0.000000 -0.000000 2.010120 26.351999
-0.594413 36.592457 0.750000 0.000000 -0.000000 1.977397 26.454000
-0.670646 36.782501 0.750000 0.000000 -0.000000 1.875916 26.563999
-0.709149 36.960003 0.750000 0.000000 -0.000000 1.695274 26.679001
-0.715114 37.131184 0.750000 0.000000 -0.000000 1.518094 26.813999
-0.696965 37.259266 0.750000 0.000000 -0.000000 1.338003 26.954000
-0.660434 37.369457 0.750000 0.000000 -0.000000 1.162284 27.164000
-0.567147 37.548496 0.750000 0.000000 -0.000000 1.098936 27.459000
-0.471525 37.725449 0.750000 0.000000 -0.000000 1.035684 27.704000
-0.360134 37.898540 0.750000 0.000000 -0.000000 0.967616 27.860001
-0.220432 38.098717 0.750000 0.000000 -0.000000 0.962225 28.004000
-0.101721 38.269073 0.750000 0.000000 -0.000000 0.962119 28.108999
0.013336 38.434189 0.750000 0.000000 -0.000000 0.962113 28.209000
0.128817 38.599014 0.750000 0.000000 -0.000000 0.947963 28.309000
0.250569 38.759243 0.750000 0.000000 -0.000000 0.897368 28.409000
0.373819 38.924515 0.750000 0.000000 -0.000000 0.945376 28.514000
0.496276 39.084194 0.750000 0.000000 -0.000000 0.905377 28.614000
0.632424 39.258404 0.750000 0.000000 -0.000000 0.908091 28.724001
0.774877 39.440861 0.750000 0.000000 -0.000000 0.907934 28.839001
0.904935 39.607437 0.750000 0.000000 -0.000000 0.907946 28.944000
1.028854 39.766155 0.750000 0.000000 -0.000000 0.907950 29.044001
1.154372 39.923382 0.750000 0.000000 -0.000000 0.875578 29.143999
1.287324 40.074444 0.750000 0.000000 -0.000000 0.826126 29.243999
1.433094 40.227161 0.750000 0.000000 -0.000000 0.806236 29.349001
1.571567 40.372543 0.750000 0.000000 -0.000000 0.824564 29.448999
1.708092 40.527618 0.750000 0.000000 -0.000000 0.826139 29.554001
1.848577 40.671715 0.750000 0.000000 -0.000000 0.775091 29.653999
1.993750 40.811085 0.750000 0.000000 -0.000000 0.765301 29.754000
2.138694 40.950695 0.750000 0.000000 -0.000000 0.767711 29.854000
2.285505 41.088326 0.750000 0.000000 -0.000000 0.730337 29.954000
2.438906 41.218639 0.750000 0.000000 -0.000000 0.681335 30.054001
2.596515 41.343735 0.750000 0.000000 -0.000000 0.671281 30.153999
2.754007 41.469028 0.750000 0.000000 -0.000000 0.672017 30.254000
2.911465 41.594273 0.750000 0.000000 -0.000000 0.671975 30.354000
3.071170 41.722298 0.750000 0.000000 -0.000000 0.703396 30.455999
3.223513 41.862061 0.750000 0.000000 -0.000000 0.742991 30.561001
3.371951 41.997772 0.750000 0.000000 -0.000000 0.740666 30.660999
3.524879 42.137627 0.750000 0.000000 -0.000000 0.740869 30.764000
3.675843 42.270679 0.750000 0.000000 -0.000000 0.699153 30.864000
3.830653 42.398876 0.750000 0.000000 -0.000000 0.693341 30.964001
3.985374 42.527565 0.750000 0.000000 -0.000000 0.693740 31.063999
4.144972 42.660278 0.750000 0.000000 -0.000000 0.693726 31.167000
4.299706 42.788948 0.750000 0.000000 -0.000000 0.693741 31.267000
4.454439 42.917618 0.750000 0.000000 -0.000000 0.693747 31.367001
4.607347 43.046883 0.750000 0.000000 -0.000000 0.740873 31.466999
4.756703 43.190754 0.750000 0.000000 -0.000000 0.763720 31.572001
4.902219 43.329777 0.750000 0.000000 -0.000000 0.762753 31.672001
5.047699 43.468822 0.750000 0.000000 -0.000000 0.762818 31.771999
5.193182 43.607868 0.750000 0.000000 -0.000000 0.762818 31.872000
5.338665 43.746914 0.750000 0.000000 -0.000000 0.762823 31.972000
5.484148 43.885960 0.750000 0.000000 -0.000000 0.762827 32.071999
5.626882 44.027805 0.750000 0.000000 -0.000000 0.806429 32.172001
5.762376 44.176590 0.750000 0.000000 -0.000000 0.854875 32.271999
5.893564 44.329205 0.750000 0.000000 -0.000000 0.859493 32.372002
6.024777 44.481464 0.750000 0.000000 -0.000000 0.867047 32.472000
6.157592 44.644127 0.750000 0.000000 -0.000000 0.881906 32.577000
6.285727 44.799309 0.750000 0.000000 -0.000000 0.881019 32.676998
6.413782 44.954567 0.750000 0.000000 -0.000000 0.881101 32.777000
6.541837 45.109825 0.750000 0.000000 -0.000000 0.881098 32.876999
6.669891 45.265083 0.750000 0.000000 -0.000000 0.881096 32.977001
6.797946 45.420341 0.750000 0.000000 -0.000000 0.881094 33.077000
6.934829 45.586304 0.750000 0.000000 -0.000000 0.881091 33.183998
7.069326 45.749374 0.750000 0.000000 -0.000000 0.881089 33.289001
7.197318 45.904552 0.750000 0.000000 -0.000000 0.881085 33.389000
7.338674 46.077354 0.750000 0.000000 -0.000000 0.896787 33.500000
7.469642 46.240719 0.750000 0.000000 -0.000000 0.893652 33.604000
7.595714 46.397583 0.750000 0.000000 -0.000000 0.893921 33.703999
7.721741 46.554459 0.750000 0.000000 -0.000000 0.894036 33.804001
7.854151 46.719284 0.750000 0.000000 -0.000000 0.894036 33.909000
7.980079 46.876049 0.750000 0.000000 -0.000000 0.894037 34.008999
8.106116 47.032944 0.750000 0.000000 -0.000000 0.894035 34.109001
8.232154 47.189842 0.750000 0.000000 -0.000000 0.894035 34.209000
8.383352 47.378063 0.750000 0.000000 -0.000000 0.894033 34.328999
8.509390 47.534958 0.750000 0.000000 -0.000000 0.894032 34.429001
8.652528 47.716732 0.750000 0.000000 -0.000000 0.908382 34.543999
8.776568 47.875248 0.750000 0.000000 -0.000000 0.906581 34.644001
8.900537 48.033615 0.750000 0.000000 -0.000000 0.906680 34.743999
9.029244 48.201111 0.750000 0.000000 -0.000000 0.936365 34.848999
9.144176 48.366291 0.750000 0.000000 -0.000000 0.985884 34.949001
9.253215 48.535568 0.750000 0.000000 -0.000000 0.999871 35.049000
9.362055 48.704845 0.750000 0.000000 -0.000000 0.999361 35.148998
9.470830 48.874035 0.750000 0.000000 -0.000000 0.999388 35.249001
9.579726 49.043415 0.750000 0.000000 -0.000000 0.999384 35.348999
9.693706 49.220695 0.750000 0.000000 -0.000000 0.999382 35.453999
9.797924 49.392830 0.750000 0.000000 -0.000000 1.049789 35.554001
9.893768 49.569740 0.750000 0.000000 -0.000000 1.097059 35.653999
9.980851 49.751156 0.750000 0.000000 -0.000000 1.146967 35.754002
10.061571 49.935535 0.750000 0.000000 -0.000000 1.158742 35.854000
10.142251 50.119957 0.750000 0.000000 -0.000000 1.158367 35.953999
10.223005 50.304554 0.750000 0.000000 -0.000000 1.158382 36.054001
10.300852 50.490131 0.750000 0.000000 -0.000000 1.196656 36.153999
10.369496 50.679287 0.750000 0.000000 -0.000000 1.245737 36.254002
10.431670 50.870667 0.750000 0.000000 -0.000000 1.256449 36.354000
10.494050 51.061893 0.750000 0.000000 -0.000000 1.255434 36.453999
10.554489 51.253826 0.750000 0.000000 -0.000000 1.263612 36.554001
10.617578 51.451263 0.750000 0.000000 -0.000000 1.261553 36.657001
10.680021 51.646763 0.750000 0.000000 -0.000000 1.261670 36.758999
10.741255 51.838482 0.750000 0.000000 -0.000000 1.261662 36.859001
10.802481 52.030174 0.750000 0.000000 -0.000000 1.261662 36.959000
10.863714 52.221889 0.750000 0.000000 -0.000000 1.261664 37.058998
10.924940 52.413586 0.750000 0.000000 -0.000000 1.261665 37.159000
10.986166 52.605282 0.750000 0.000000 -0.000000 1.261665 37.258999
11.047346 52.796841 0.750000 0.000000 -0.000000 1.261665 37.359001
11.103049 52.993317 0.750000 0.000000 -0.000000 1.363768 37.464001
11.159840 53.211090 0.750000 0.000000 -0.000000 1.261466 37.598999
11.223876 53.407261 0.750000 0.000000 -0.000000 1.228711 37.719002
11.298722 53.600998 0.750000 0.000000 -0.000000 1.196467 37.834000
11.384241 53.819481 0.750000 0.000000 -0.000000 1.198603 37.951000
11.459512 54.006107 0.750000 0.000000 -0.000000 1.165761 38.050999
11.543715 54.195564 0.750000 0.000000 -0.000000 1.151487 38.153999
11.622798 54.380638 0.750000 0.000000 -0.000000 1.190217 38.254002
11.695573 54.568291 0.750000 0.000000 -0.000000 1.200479 38.354000
11.768518 54.755836 0.750000 0.000000 -0.000000 1.199854 38.453999
11.841464 54.943405 0.750000 0.000000 -0.000000 1.199884 38.554001
11.914348 55.130802 0.750000 0.000000 -0.000000 1.199883 38.653999
11.987294 55.318371 0.750000 0.000000 -0.000000 1.199883 38.754002
12.060250 55.505962 0.750000 0.000000 -0.000000 1.199883 38.854000
12.133214 55.693577 0.750000 0.000000 -0.000000 1.199883 38.953999
12.206885 55.883011 0.750000 0.000000 -0.000000 1.199883 39.055000
12.282671 56.077866 0.750000 0.000000 -0.000000 1.199884 39.159000
12.355627 56.265461 0.750000 0.000000 -0.000000 1.199884 39.258999
12.428627 56.453167 0.750000 0.000000 -0.000000 1.199883 39.359001
12.497169 56.649029 0.750000 0.000000 -0.000000 1.301277 39.464001
12.547907 56.847290 0.750000 0.000000 -0.000000 1.316715 39.569000
12.598609 57.042049 0.750000 0.000000 -0.000000 1.316345 39.668999
12.649253 57.236801 0.750000 0.000000 -0.000000 1.316382 39.769001
12.699927 57.431679 0.750000 0.000000 -0.000000 1.316380 39.868999
12.750608 57.626579 0.750000 0.000000 -0.000000 1.316377 39.969002
12.801215 57.821190 0.750000 0.000000 -0.000000 1.316376 40.069000
12.852314 58.017685 0.750000 0.000000 -0.000000 1.316377 40.169998
12.910044 58.239685 0.750000 0.000000 -0.000000 1.316375 40.284000
12.965760 58.453941 0.750000 0.000000 -0.000000 1.316373 40.394001
13.014593 58.664856 0.750000 0.000000 -0.000000 1.378771 40.504002
13.058586 58.883759 0.750000 0.000000 -0.000000 1.369942 40.615002
13.099108 59.083084 0.750000 0.000000 -0.000000 1.370364 40.716000
13.139181 59.280304 0.750000 0.000000 -0.000000 1.370355 40.816002
13.179255 59.477524 0.750000 0.000000 -0.000000 1.370356 40.916000
13.219328 59.674744 0.750000 0.000000 -0.000000 1.370358 41.015999
13.272980 59.938797 0.750000 0.000000 -0.000000 1.370360 41.150002
13.313053 60.136017 0.750000 0.000000 -0.000000 1.370360 41.250000
13.354745 60.341198 0.750000 0.000000 -0.000000 1.370363 41.354000
13.397368 60.537743 0.750000 0.000000 -0.000000 1.334620 41.453999
13.449622 60.732067 0.750000 0.000000 -0.000000 1.285295 41.554001
13.511142 60.923634 0.750000 0.000000 -0.000000 1.237336 41.653999
13.581801 61.112045 0.750000 0.000000 -0.000000 1.189135 41.754002
13.661427 61.296688 0.750000 0.000000 -0.000000 1.140709 41.854000
13.747233 61.478863 0.750000 0.000000 -0.000000 1.130916 41.953999
13.832815 61.661011 0.750000 0.000000 -0.000000 1.131550 42.054001
13.921150 61.841824 0.750000 0.000000 -0.000000 1.093238 42.153999
14.018320 62.018166 0.750000 0.000000 -0.000000 1.044312 42.254002
14.121257 62.191120 0.750000 0.000000 -0.000000 1.033959 42.354000
14.219296 62.366905 0.750000 0.000000 -0.000000 1.110022 42.459000
14.307960 62.582096 0.750000 0.000000 -0.000000 1.248379 42.604000
14.358003 62.777351 0.750000 0.000000 -0.000000 1.392687 42.769001
14.384934 62.983131 0.750000 0.000000 -0.000000 1.501035 42.944000
14.382438 63.188011 0.750000 0.000000 -0.000000 1.643231 43.148998
14.360136 63.392582 0.750000 0.000000 -0.000000 1.711535 43.308998
14.325302 63.594852 0.750000 0.000000 -0.000000 1.768033 43.433998
14.274460 63.796337 0.750000 0.000000 -0.000000 1.812598 43.554001
14.236591 63.993950 0.750000 0.000000 -0.000000 1.692080 43.665001
14.212599 64.200287 0.750000 0.000000 -0.000000 1.704765 43.779999
14.175298 64.444946 0.750000 0.000000 -0.000000 1.757863 43.903999
14.125196 64.650528 0.750000 0.000000 -0.000000 1.837066 44.020000
14.068643 64.847366 0.750000 0.000000 -0.000000 1.847359 44.124001
14.011332 65.085663 0.750000 0.000000 -0.000000 1.765358 44.249001
13.975131 65.282494 0.750000 0.000000 -0.000000 1.751928 44.348999
13.930971 65.483566 0.750000 0.000000 -0.000000 1.856706 44.453999
13.874982 65.679893 0.750000 0.000000 -0.000000 1.800033 44.574001
13.816703 65.874199 0.750000 0.000000 -0.000000 1.914262 44.714001
13.747680 66.068306 0.750000 0.000000 -0.000000 1.867934 44.848999
13.684165 66.258224 0.750000 0.000000 -0.000000 1.947170 44.984001
13.611686 66.448204 0.750000 0.000000 -0.000000 1.962967 45.118999
13.524250 66.629944 0.750000 0.000000 -0.000000 2.053485 45.258999
13.407821 66.816208 0.750000 0.000000 -0.000000 2.197275 45.409000
13.276505 66.975586 0.750000 0.000000 -0.000000 2.290307 45.549000
13.142406 67.134949 0.750000 0.000000 -0.000000 2.244893 45.668999
13.016690 67.300941 0.750000 0.000000 -0.000000 2.195722 45.773998
12.904529 67.466972 0.750000 0.000000 -0.000000 2.135760 45.874001
12.762785 67.650673 0.750000 0.000000 -0.000000 2.329050 46.004002
12.634960 67.763039 0.750000 0.000000 -0.000000 2.509692 46.118999
12.508070 67.838058 0.750000 0.000000 -0.000000 2.706042 46.243999
12.412668 67.872459 0.750000 0.000000 -0.000000 2.886683 46.359001
12.345490 67.883888 0.750000 0.000000 -0.000000 3.062613 46.471001
12.309410 67.883911 0.750000 0.000000 0.000000 -3.043073 46.584000
12.303346 67.883064 0.750000 0.000000 0.000000 -2.846723 46.709000
12.303346 67.883064 0.750000 0.000000 0.000000 -2.670087 46.824001
12.125255 67.788513 0.750000 0.000000 0.000000 -2.604475 47.444000
11.947683 67.695480 0.750000 0.000000 0.000000 -2.751055 47.984001
11.864895 67.669487 0.750000 0.000000 0.000000 -2.928242 48.203999
11.775419 67.657227 0.750000 0.000000 0.000000 -3.104191 48.709000
11.579993 67.675011 0.750000 0.000000 -0.000000 2.998075 49.110001
11.379810 67.708687 0.750000 0.000000 -0.000000 2.971920 49.278999
11.179847 67.741989 0.750000 0.000000 -0.000000 2.985178 49.409000
10.981619 67.774323 0.750000 0.000000 -0.000000 2.978111 49.519001
10.783513 67.806976 0.750000 0.000000 -0.000000 2.978414 49.618999
10.584939 67.839706 0.750000 0.000000 -0.000000 2.978412 49.719002
10.386340 67.872437 0.750000 0.000000 -0.000000 2.978427 49.819000
10.148069 67.911697 0.750000 0.000000 -0.000000 2.978443 49.938999
9.949486 67.944427 0.750000 0.000000 -0.000000 2.978457 50.039001
9.741036 67.978775 0.750000 0.000000 -0.000000 2.978477 50.144001
9.542429 68.011497 0.750000 0.000000 -0.000000 2.978488 50.243999
9.343797 68.044182 0.750000 0.000000 -0.000000 2.978495 50.344002
9.136810 68.075432 0.750000 0.000000 -0.000000 3.041329 50.449001
8.934452 68.087402 0.750000 0.000000 -0.000000 3.086081 50.554001
8.733522 68.098793 0.750000 0.000000 -0.000000 3.084909 50.653999
8.532593 68.110161 0.750000 0.000000 -0.000000 3.084972 50.754002
8.331538 68.121536 0.750000 0.000000 -0.000000 3.084957 50.854000
8.130709 68.132904 0.750000 0.000000 -0.000000 3.084948 50.953999
7.929853 68.144272 0.750000 0.000000 -0.000000 3.084939 51.054001
7.729049 68.155632 0.750000 0.000000 -0.000000 3.084928 51.153999
7.528120 68.167000 0.750000 0.000000 -0.000000 3.084917 51.254002
7.327191 68.178368 0.750000 0.000000 -0.000000 3.084902 51.354000
7.126126 68.179840 0.750000 0.000000 0.000000 -3.072627 51.459000
6.939813 68.149643 0.750000 0.000000 0.000000 -2.891985 51.574001
6.740914 68.112747 0.750000 0.000000 0.000000 -3.034544 51.729000
6.538119 68.102478 0.750000 0.000000 0.000000 -3.138206 51.903999
6.333422 68.115440 0.750000 0.000000 -0.000000 3.038946 52.076000
6.131341 68.142944 0.750000 0.000000 -0.000000 2.978280 52.209999
5.926284 68.182701 0.750000 0.000000 -0.000000 2.925180 52.324001
5.731149 68.230843 0.750000 0.000000 -0.000000 2.877232 52.424000
5.538310 68.288361 0.750000 0.000000 -0.000000 2.829004 52.523998
5.348509 68.355057 0.750000 0.000000 -0.000000 2.780791 52.624001
5.143093 68.437485 0.750000 0.000000 -0.000000 2.753951 52.734001
4.956655 68.513390 0.750000 0.000000 -0.000000 2.755171 52.834000
4.760990 68.592995 0.750000 0.000000 -0.000000 2.755077 52.938999
4.565211 68.672646 0.750000 0.000000 -0.000000 2.755069 53.043999
4.379644 68.750626 0.750000 0.000000 -0.000000 2.722104 53.144001
4.188127 68.839668 0.750000 0.000000 -0.000000 2.704295 53.249001
4.000315 68.927299 0.750000 0.000000 -0.000000 2.705136 53.352001
3.816750 69.018806 0.750000 0.000000 -0.000000 2.610845 53.459000
3.663359 69.128983 0.750000 0.000000 -0.000000 2.430203 53.574001
3.555079 69.241020 0.750000 0.000000 -0.000000 2.249562 53.688999
3.486907 69.343216 0.750000 0.000000 -0.000000 2.068920 53.804001
3.451178 69.425560 0.750000 0.000000 -0.000000 1.888278 53.918999
3.437725 69.484055 0.750000 0.000000 -0.000000 1.691929 54.043999
3.436669 69.504890 0.750000 0.000000 -0.000000 1.511287 54.159000
3.436687 69.505135 0.750000 0.000000 -0.000000 1.330646 54.273998
3.436687 69.505135 0.750000 0.000000 -0.000000 1.134296 54.398998
3.436687 69.505135 0.750000 0.000000 -0.000000 0.953654 54.514000
3.436687 69.505135 0.750000 0.000000 -0.000000 0.773013 54.629002
3.436894 69.505272 0.750000 0.000000 -0.000000 0.597054 54.769001
3.444537 69.509354 0.750000 0.000000 -0.000000 0.420059 55.004002
3.637029 69.568092 0.750000 0.000000 -0.000000 0.336368 55.424000
3.699894 69.596664 0.750000 0.000000 -0.000000 0.524864 55.543999
3.726655 69.615128 0.750000 0.000000 -0.000000 0.705505 55.659000
3.729429 69.617661 0.750000 0.000000 -0.000000 0.886147 55.773998
3.729429 69.617661 0.750000 0.000000 -0.000000 1.082497 55.898998
3.729429 69.617661 0.750000 0.000000 -0.000000 1.263138 56.014000
3.729429 69.617661 0.750000 0.000000 -0.000000 1.443780 56.129002
3.729429 69.617661 0.750000 0.000000 -0.000000 1.624421 56.243999
3.729429 69.617661 0.750000 0.000000 -0.000000 1.805063 56.359001
3.729429 69.617661 0.750000 0.000000 -0.000000 1.985705 56.473999
3.729429 69.617661 0.750000 0.000000 -0.000000 2.205616 56.613998
3.729429 69.617661 0.750000 0.000000 -0.000000 2.386258 56.729000
3.729429 69.617661 0.750000 0.000000 -0.000000 2.566756 56.844002
3.729429 69.617661 0.750000 0.000000 -0.000000 2.749382 56.993999
3.693854 69.627045 0.750000 0.000000 -0.000000 2.924698 57.264000
3.491010 69.656303 0.750000 0.000000 -0.000000 3.049589 57.555000
3.249146 69.669266 0.750000 0.000000 -0.000000 3.103832 57.744999
3.041173 69.677200 0.750000 0.000000 -0.000000 3.103353 57.868999
2.835949 69.685051 0.750000 0.000000 -0.000000 3.103353 57.973999
2.634923 69.692749 0.750000 0.000000 -0.000000 3.103357 58.074001
2.433821 69.700455 0.750000 0.000000 -0.000000 3.103363 58.174000
2.232720 69.708160 0.750000 0.000000 -0.000000 3.103369 58.273998
2.031668 69.715866 0.750000 0.000000 -0.000000 3.103378 58.374001
1.830565 69.723572 0.750000 0.000000 -0.000000 3.103384 58.473999
1.629312 69.731285 0.750000 0.000000 -0.000000 3.103391 58.574001
1.428208 69.738991 0.750000 0.000000 -0.000000 3.103400 58.674000
1.227104 69.746696 0.750000 0.000000 -0.000000 3.103407 58.773998
1.025976 69.754395 0.750000 0.000000 -0.000000 3.103408 58.874001
0.824872 69.762100 0.750000 0.000000 -0.000000 3.103418 58.973999
0.621746 69.769882 0.750000 0.000000 -0.000000 3.103427 59.075001
0.382316 69.772125 0.750000 0.000000 0.000000 -3.128332 59.194000
0.150709 69.769218 0.750000 0.000000 0.000000 -3.129622 59.308998
-0.050526 69.766785 0.750000 0.000000 0.000000 -3.129549 59.409000
-0.263736 69.764198 0.750000 0.000000 0.000000 -3.129562 59.514999
-0.513242 69.761169 0.750000 0.000000 0.000000 -3.129572 59.639000
-0.724677 69.758606 0.750000 0.000000 0.000000 -3.129582 59.743999
-0.925838 69.756165 0.750000 0.000000 0.000000 -3.129592 59.844002
-1.127048 69.753723 0.750000 0.000000 0.000000 -3.129606 59.944000
-1.328283 69.751282 0.750000 0.000000 0.000000 -3.129617 60.043999
-1.529544 69.748840 0.750000 0.000000 0.000000 -3.129632 60.144001
-1.730780 69.746407 0.750000 0.000000 0.000000 -3.129643 60.243999
-1.932016 69.743965 0.750000 0.000000 0.000000 -3.129656 60.344002
-2.134788 69.739532 0.750000 0.000000 0.000000 -3.114809 60.445000
-2.344208 69.734772 0.750000 0.000000 0.000000 -3.119307 60.549000
-2.545383 69.730270 0.750000 0.000000 0.000000 -3.119167 60.648998
-2.746582 69.725769 0.750000 0.000000 0.000000 -3.119165 60.749001
-2.947780 69.721268 0.750000 0.000000 0.000000 -3.119160 60.848999
-3.148954 69.716766 0.750000 0.000000 0.000000 -3.119154 60.949001
-3.350059 69.709572 0.750000 0.000000 0.000000 -3.083121 61.049000
-3.550796 69.695251 0.750000 0.000000 0.000000 -3.069942 61.148998
-3.751691 69.680969 0.750000 0.000000 0.000000 -3.070853 61.249001
-3.952436 69.666710 0.750000 0.000000 0.000000 -3.070833 61.348999
-4.152522 69.650452 0.750000 0.000000 0.000000 -3.057928 61.449001
-4.353175 69.634315 0.750000 0.000000 0.000000 -3.061705 61.549000
-4.553682 69.618225 0.750000 0.000000 0.000000 -3.061577 61.648998
-4.754287 69.602127 0.750000 0.000000 0.000000 -3.061601 61.749001
-4.954918 69.586029 0.750000 0.000000 0.000000 -3.061612 61.848999
-5.155523 69.569931 0.750000 0.000000 0.000000 -3.061620 61.949001
-5.356104 69.553833 0.750000 0.000000 0.000000 -3.061630 62.049000
-5.556737 69.537735 0.750000 0.000000 0.000000 -3.061643 62.148998
-5.757472 69.521629 0.750000 0.000000 0.000000 -3.061650 62.249001
-5.958106 69.505531 0.750000 0.000000 0.000000 -3.061665 62.348999
-6.158740 69.489433 0.750000 0.000000 0.000000 -3.061678 62.449001
-6.359549 69.473328 0.750000 0.000000 0.000000 -3.061688 62.549000
-6.560134 69.457237 0.750000 0.000000 0.000000 -3.061703 62.648998
-6.760744 69.441147 0.750000 0.000000 0.000000 -3.061718 62.749001
-6.961379 69.425056 0.750000 0.000000 0.000000 -3.061733 62.848999
-7.161989 69.408958 0.750000 0.000000 0.000000 -3.061751 62.949001
-7.362723 69.392853 0.750000 0.000000 0.000000 -3.061772 63.049000
-7.563309 69.376808 0.750000 0.000000 0.000000 -3.061779 63.148998
-7.764071 69.363365 0.750000 0.000000 0.000000 -3.097348 63.249001
-7.965224 69.357162 0.750000 0.000000 0.000000 -3.111603 63.348999
-8.170854 69.345917 0.750000 0.000000 0.000000 -3.024332 63.453999
-8.377032 69.314247 0.750000 0.000000 0.000000 -2.988106 63.563999
-8.575868 69.283661 0.750000 0.000000 0.000000 -2.988855 63.664001
-8.774776 69.253059 0.750000 0.000000 0.000000 -2.988824 63.764000
-8.974189 69.226280 0.750000 0.000000 0.000000 -3.032480 63.863998
-9.174743 69.209496 0.750000 0.000000 0.000000 -3.080867 63.964001
-9.375695 69.198509 0.750000 0.000000 0.000000 -3.085779 64.064003
-9.576625 69.187149 0.750000 0.000000 0.000000 -3.085385 64.164001
-9.777604 69.175797 0.750000 0.000000 0.000000 -3.085417 64.264000
-9.978510 69.164474 0.750000 0.000000 0.000000 -3.085438 64.363998
-10.180890 69.145363 0.750000 0.000000 0.000000 -2.975487 64.469002
-10.378997 69.109955 0.750000 0.000000 0.000000 -2.969498 64.573997
-10.578033 69.079483 0.750000 0.000000 0.000000 -3.014351 64.674004
-10.778221 69.059013 0.750000 0.000000 0.000000 -3.062648 64.774002
-10.978878 69.043579 0.750000 0.000000 0.000000 -3.063999 64.874001
-11.179522 69.027946 0.750000 0.000000 0.000000 -3.063961 64.973999
-11.380165 69.012314 0.750000 0.000000 0.000000 -3.063973 65.073997
-11.580809 68.996674 0.750000 0.000000 0.000000 -3.063990 65.174004
-11.781869 68.986298 0.750000 0.000000 0.000000 -3.113956 65.274002
-11.985212 68.980522 0.750000 0.000000 0.000000 -3.112357 65.375000
-12.201722 68.962029 0.750000 0.000000 0.000000 -2.990785 65.488998
-12.445007 68.932716 0.750000 0.000000 0.000000 -3.036976 65.613998
-12.645157 68.911446 0.750000 0.000000 0.000000 -3.035276 65.713997
-12.855278 68.889618 0.750000 0.000000 0.000000 -3.052098 65.819000
-13.056152 68.877296 0.750000 0.000000 0.000000 -3.104254 65.918999
-13.257239 68.873978 0.750000 0.000000 0.000000 -3.132394 66.018997
-13.458449 68.871796 0.750000 0.000000 0.000000 -3.130235 66.119003
-13.699931 68.869049 0.750000 0.000000 0.000000 -3.130323 66.238998
-13.911291 68.866646 0.750000 0.000000 0.000000 -3.130331 66.344002
-14.121629 68.861115 0.750000 0.000000 0.000000 -3.058945 66.450996
-14.324925 68.841049 0.750000 0.000000 0.000000 -3.063245 66.558998
-14.525820 68.830330 0.750000 0.000000 0.000000 -3.111182 66.658997
-14.727049 68.829277 0.750000 0.000000 -0.000000 3.123904 66.759003
-14.927960 68.838051 0.750000 0.000000 -0.000000 3.074350 66.859001
-15.128648 68.853401 0.750000 0.000000 -0.000000 3.065306 66.959000
-15.329317 68.868683 0.750000 0.000000 -0.000000 3.065600 67.058998
-15.531976 68.884155 0.750000 0.000000 -0.000000 3.065602 67.160004
-15.740792 68.900055 0.750000 0.000000 -0.000000 3.065605 67.264000
-15.941258 68.915321 0.750000 0.000000 -0.000000 3.065613 67.363998
-16.144579 68.923691 0.750000 0.000000 0.000000 -3.112328 67.469002
-16.345516 68.915611 0.750000 0.000000 0.000000 -3.106194 67.573997
-16.546671 68.908546 0.750000 0.000000 0.000000 -3.106279 67.674004
-16.747799 68.901436 0.750000 0.000000 0.000000 -3.106276 67.774002
-16.948978 68.894341 0.750000 0.000000 0.000000 -3.106269 67.874001
-17.150108 68.887230 0.750000 0.000000 0.000000 -3.106272 67.973999
-17.351238 68.880135 0.750000 0.000000 0.000000 -3.106265 68.073997
-17.552393 68.873039 0.750000 0.000000 0.000000 -3.106260 68.174004
-17.753523 68.865944 0.750000 0.000000 0.000000 -3.106251 68.274002
-17.954527 68.858849 0.750000 0.000000 0.000000 -3.106245 68.374001
-18.154732 68.839256 0.750000 0.000000 0.000000 -2.964873 68.478996
-18.365084 68.802177 0.750000 0.000000 0.000000 -2.969156 68.588997
-18.573204 68.765900 0.750000 0.000000 0.000000 -2.969165 68.694000
-18.801226 68.726158 0.750000 0.000000 0.000000 -2.969177 68.808998
-19.009222 68.689903 0.750000 0.000000 0.000000 -2.969185 68.914001
-19.207699 68.656006 0.750000 0.000000 0.000000 -2.986495 69.014000
-19.407246 68.629616 0.750000 0.000000 0.000000 -3.019722 69.113998
-19.606932 68.604782 0.750000 0.000000 0.000000 -3.017282 69.213997
-19.806810 68.579872 0.750000 0.000000 0.000000 -3.017414 69.314003
-20.006687 68.554955 0.750000 0.000000 0.000000 -3.017399 69.414001
-20.211420 68.514343 0.750000 0.000000 0.000000 -2.910770 69.524002
-20.435381 68.463676 0.750000 0.000000 0.000000 -2.921017 69.639000
-20.631884 68.419556 0.750000 0.000000 0.000000 -2.920636 69.738998
-20.838228 68.373215 0.750000 0.000000 0.000000 -2.920631 69.844002
-21.034670 68.329094 0.750000 0.000000 0.000000 -2.920629 69.944000
-21.231159 68.284958 0.750000 0.000000 0.000000 -2.920625 70.043999
-21.429478 68.240410 0.750000 0.000000 0.000000 -2.920625 70.144997
-21.633797 68.194519 0.750000 0.000000 0.000000 -2.920623 70.249001
-21.830313 68.150383 0.750000 0.000000 0.000000 -2.920617 70.348999
-22.025894 68.105667 0.750000 0.000000 0.000000 -2.889196 70.448997
-22.224689 68.048927 0.750000 0.000000 0.000000 -2.883217 70.554001
-22.420532 68.002670 0.750000 0.000000 0.000000 -2.932595 70.653999
-22.618378 67.966049 0.750000 0.000000 0.000000 -2.982302 70.753998
-22.817446 67.936325 0.750000 0.000000 0.000000 -2.994070 70.853996
-23.016499 67.906662 0.750000 0.000000 0.000000 -2.993695 70.954002
-23.215425 67.876999 0.750000 0.000000 0.000000 -2.993733 71.054001
-23.422415 67.846138 0.750000 0.000000 0.000000 -2.993741 71.157997
-23.629385 67.815338 0.750000 0.000000 0.000000 -2.993733 71.262001
-23.832842 67.788033 0.750000 0.000000 0.000000 -3.031638 71.363998
-24.032715 67.766838 0.750000 0.000000 0.000000 -3.014612 71.463997
-24.229935 67.723709 0.750000 0.000000 0.000000 -2.841825 71.573997
-24.424107 67.667770 0.750000 0.000000 0.000000 -2.888015 71.683998
-24.639555 67.618217 0.750000 0.000000 0.000000 -2.940732 71.793999
-24.847603 67.581566 0.750000 0.000000 0.000000 -2.991363 71.899002
-25.087379 67.552658 0.750000 0.000000 0.000000 -3.049351 72.018997
-25.318390 67.538109 0.750000 0.000000 0.000000 -3.105935 72.134003
-25.529598 67.534386 0.750000 0.000000 0.000000 -3.127857 72.238998
-25.742971 67.531326 0.750000 0.000000 0.000000 -3.127141 72.345001
-25.945013 67.525581 0.750000 0.000000 0.000000 -3.073607 72.445999
-26.152199 67.500717 0.750000 0.000000 0.000000 -3.014604 72.554001
-26.351841 67.475380 0.750000 0.000000 0.000000 -3.015669 72.653999
-26.551733 67.450027 0.750000 0.000000 0.000000 -3.015661 72.753998
-26.751375 67.424698 0.750000 0.000000 0.000000 -3.015720 72.853996
-26.951069 67.399368 0.750000 0.000000 0.000000 -3.015748 72.954002
-27.150387 67.371132 0.750000 0.000000 0.000000 -2.978629 73.054001
-27.346437 67.326538 0.750000 0.000000 0.000000 -2.840280 73.158997
-27.520805 67.254257 0.750000 0.000000 0.000000 -2.661379 73.274002
-27.699030 67.147751 0.750000 0.000000 0.000000 -2.571605 73.416000
-27.871538 67.030945 0.750000 0.000000 0.000000 -2.521979 73.539001
-28.037083 66.913116 0.750000 0.000000 0.000000 -2.532689 73.643997
-28.212420 66.799240 0.750000 0.000000 0.000000 -2.605576 73.749001
-28.389734 66.701103 0.750000 0.000000 0.000000 -2.650727 73.853996
-28.567017 66.602791 0.750000 0.000000 0.000000 -2.602183 73.959000
-28.744900 66.491951 0.750000 0.000000 0.000000 -2.575842 74.064003
-28.914818 66.384193 0.750000 0.000000 0.000000 -2.576339 74.164001
-29.088257 66.274162 0.750000 0.000000 0.000000 -2.576267 74.265999
-29.265581 66.166748 0.750000 0.000000 0.000000 -2.621214 74.369003
-29.446051 66.069527 0.750000 0.000000 0.000000 -2.670715 74.471001
-29.618992 65.964180 0.750000 0.000000 0.000000 -2.511352 74.579002
-29.784954 65.843941 0.750000 0.000000 0.000000 -2.516591 74.686996
-29.951483 65.723831 0.750000 0.000000 0.000000 -2.521197 74.789001
-30.135048 65.600319 0.750000 0.000000 0.000000 -2.575108 74.899002
-30.333536 65.481239 0.750000 0.000000 0.000000 -2.613869 75.014000
-30.507223 65.379761 0.750000 0.000000 0.000000 -2.612564 75.113998
-30.680965 65.278198 0.750000 0.000000 0.000000 -2.612608 75.213997
-30.858051 65.174690 0.750000 0.000000 0.000000 -2.612607 75.316002
-31.031620 65.073242 0.750000 0.000000 0.000000 -2.612598 75.416000
-31.205816 64.972252 0.750000 0.000000 0.000000 -2.630230 75.515999
-31.390318 64.876518 0.750000 0.000000 0.000000 -2.704554 75.621002
-31.602434 64.790710 0.750000 0.000000 0.000000 -2.789771 75.746002
-31.810677 64.720589 0.750000 0.000000 0.000000 -2.841366 75.856003
-32.004124 64.666069 0.750000 0.000000 0.000000 -2.889744 75.956001
-32.199879 64.618301 0.750000 0.000000 0.000000 -2.903401 76.056000
-32.395878 64.573257 0.750000 0.000000 0.000000 -2.937440 76.155998
-32.594036 64.537560 0.750000 0.000000 0.000000 -2.986302 76.255997
-32.793869 64.509819 0.750000 0.000000 0.000000 -3.006662 76.356003
-32.997131 64.481873 0.750000 0.000000 0.000000 -3.004791 76.458000
-33.196365 64.454422 0.750000 0.000000 0.000000 -3.004853 76.557999
-33.401619 64.426155 0.750000 0.000000 0.000000 -3.004860 76.661003
-33.601101 64.398689 0.750000 0.000000 0.000000 -3.004873 76.761002
-33.802639 64.370934 0.750000 0.000000 0.000000 -3.004884 76.862000
-34.010021 64.342369 0.750000 0.000000 0.000000 -3.004895 76.966003
-34.209751 64.317924 0.750000 0.000000 0.000000 -3.043494 77.066002
-34.410183 64.303436 0.750000 0.000000 0.000000 -3.092206 77.166000
-34.611107 64.294998 0.750000 0.000000 0.000000 -3.099174 77.265999
-34.812325 64.286369 0.750000 0.000000 0.000000 -3.098787 77.365997
-35.013397 64.277748 0.750000 0.000000 0.000000 -3.098811 77.466003
-35.214546 64.272858 0.750000 0.000000 0.000000 -3.140486 77.566002
-35.415779 64.274033 0.750000 0.000000 -0.000000 3.137355 77.666000
-35.617016 64.274796 0.750000 0.000000 -0.000000 3.137628 77.765999
-35.818310 64.279510 0.750000 0.000000 -0.000000 3.093940 77.865997
-36.018627 64.294228 0.750000 0.000000 -0.000000 3.045423 77.966003
-36.218506 64.315132 0.750000 0.000000 -0.000000 3.038260 78.066002
-36.418652 64.335815 0.750000 0.000000 -0.000000 3.038624 78.166000
-36.618622 64.356483 0.750000 0.000000 -0.000000 3.038620 78.265999
-36.818718 64.377167 0.750000 0.000000 -0.000000 3.038626 78.365997
-37.018238 64.401611 0.750000 0.000000 -0.000000 2.996109 78.466003
-37.219849 64.426468 0.750000 0.000000 -0.000000 3.088332 78.570999
-37.421047 64.438774 0.750000 0.000000 -0.000000 3.054832 78.676003
-37.620834 64.461670 0.750000 0.000000 -0.000000 3.004824 78.776001
-37.819969 64.489891 0.750000 0.000000 -0.000000 3.002303 78.875999
-38.021008 64.518051 0.750000 0.000000 -0.000000 3.002281 78.976997
-38.220287 64.545975 0.750000 0.000000 -0.000000 3.002267 79.077003
-38.419323 64.573868 0.750000 0.000000 -0.000000 3.002259 79.177002
-38.655285 64.613808 0.750000 0.000000 -0.000000 2.945843 79.295998
-38.872879 64.663177 0.750000 0.000000 -0.000000 2.899410 79.406998
-39.077934 64.712875 0.750000 0.000000 -0.000000 2.932118 79.512001
-39.281605 64.740227 0.750000 0.000000 -0.000000 3.029251 79.622002
-39.488235 64.770515 0.750000 0.000000 -0.000000 2.969500 79.726997
-39.725082 64.816986 0.750000 0.000000 -0.000000 2.942388 79.847000
-39.930202 64.858170 0.750000 0.000000 -0.000000 2.943618 79.950996
-40.127499 64.897766 0.750000 0.000000 -0.000000 2.943622 80.051003
-40.324799 64.937363 0.750000 0.000000 -0.000000 2.943632 80.151001
-40.524982 64.985069 0.750000 0.000000 -0.000000 2.836824 80.255997
-40.713612 65.061317 0.750000 0.000000 -0.000000 2.694753 80.375999
-40.904942 65.173004 0.750000 0.000000 -0.000000 2.576131 80.527000
-41.081535 65.284332 0.750000 0.000000 -0.000000 2.581172 80.651001
-41.254829 65.395332 0.750000 0.000000 -0.000000 2.550646 80.755997
-41.421097 65.509262 0.750000 0.000000 -0.000000 2.539955 80.856003
-41.585655 65.625778 0.750000 0.000000 -0.000000 2.503139 80.956001
-41.744164 65.750145 0.750000 0.000000 -0.000000 2.452025 81.056000
-41.897610 65.879791 0.750000 0.000000 -0.000000 2.440629 81.155998
-42.053543 66.007172 0.750000 0.000000 -0.000000 2.479717 81.255997
-42.215580 66.126610 0.750000 0.000000 -0.000000 2.529275 81.356003
-42.382084 66.240059 0.750000 0.000000 -0.000000 2.545098 81.456001
-42.557247 66.351822 0.750000 0.000000 -0.000000 2.637476 81.560997
-42.740208 66.442215 0.750000 0.000000 -0.000000 2.704020 81.666000
-42.924507 66.523018 0.750000 0.000000 -0.000000 2.751270 81.765999
-43.111069 66.598450 0.750000 0.000000 -0.000000 2.756213 81.865997
-43.298752 66.670692 0.750000 0.000000 -0.000000 2.797387 81.966003
-43.494083 66.735039 0.750000 0.000000 -0.000000 2.846547 82.068001
-43.687248 66.791954 0.750000 0.000000 -0.000000 2.855059 82.167999
-43.886402 66.850647 0.750000 0.000000 -0.000000 2.854869 82.271004
-44.087292 66.909882 0.750000 0.000000 -0.000000 2.854869 82.375000
-44.280342 66.966805 0.750000 0.000000 -0.000000 2.854872 82.474998
-44.476482 67.010971 0.750000 0.000000 -0.000000 2.999385 82.580002
-44.675591 67.037735 0.750000 0.000000 -0.000000 3.001391 82.685997
-44.922745 67.072556 0.750000 0.000000 -0.000000 3.001863 82.809998
-45.122032 67.100555 0.750000 0.000000 -0.000000 3.002063 82.910004
-45.321293 67.128555 0.750000 0.000000 -0.000000 3.002053 83.010002
-45.550381 67.160744 0.750000 0.000000 -0.000000 3.002059 83.125000
-45.749912 67.188774 0.750000 0.000000 -0.000000 3.002065 83.224998
-45.953205 67.217339 0.750000 0.000000 -0.000000 3.002071 83.327003
-46.152485 67.245338 0.750000 0.000000 -0.000000 3.002078 83.427002
-46.351887 67.273361 0.750000 0.000000 -0.000000 3.002088 83.527000
-46.551361 67.299942 0.750000 0.000000 -0.000000 3.015279 83.626999
-46.750751 67.326279 0.750000 0.000000 -0.000000 3.008519 83.726997
-46.950222 67.352982 0.750000 0.000000 -0.000000 3.008755 83.827003
-47.155865 67.380501 0.750000 0.000000 -0.000000 3.008763 83.930000
-47.385193 67.411194 0.750000 0.000000 -0.000000 3.008779 84.044998
-47.594955 67.439270 0.750000 0.000000 -0.000000 3.008794 84.150002
-47.794422 67.465965 0.750000 0.000000 -0.000000 3.008813 84.250000
-47.993919 67.492668 0.750000 0.000000 -0.000000 3.008833 84.349998
-48.195423 67.519569 0.750000 0.000000 -0.000000 3.008842 84.450996
-48.403179 67.544388 0.750000 0.000000 -0.000000 3.045329 84.555000
-48.612473 67.555237 0.750000 0.000000 -0.000000 3.114625 84.660004
-48.813667 67.555702 0.750000 0.000000 0.000000 -3.121146 84.760002
-49.014847 67.549957 0.750000 0.000000 0.000000 -3.113858 84.860001
-49.216000 67.544464 0.750000 0.000000 0.000000 -3.114391 84.959999
-49.417152 67.538971 0.750000 0.000000 0.000000 -3.114387 85.059998
-49.618301 67.533478 0.750000 0.000000 0.000000 -3.114395 85.160004
-49.819454 67.527985 0.750000 0.000000 0.000000 -3.114402 85.260002
-50.020607 67.522484 0.750000 0.000000 0.000000 -3.114416 85.360001
-50.221771 67.514297 0.750000 0.000000 0.000000 -3.078366 85.459999
-50.422108 67.496407 0.750000 0.000000 0.000000 -3.029544 85.559998
-50.621330 67.469345 0.750000 0.000000 0.000000 -3.006309 85.660004
-50.820759 67.442459 0.750000 0.000000 0.000000 -3.007423 85.760002
-51.019970 67.415558 0.750000 0.000000 0.000000 -3.007375 85.860001
-51.219650 67.388588 0.750000 0.000000 0.000000 -3.007375 85.959999
-51.421066 67.361397 0.750000 0.000000 0.000000 -3.007371 86.060997
-51.628723 67.333344 0.750000 0.000000 0.000000 -3.007374 86.165001
-51.828175 67.306412 0.750000 0.000000 0.000000 -3.007375 86.264999
-52.027657 67.279472 0.750000 0.000000 0.000000 -3.007377 86.364998
-52.227089 67.252541 0.750000 0.000000 0.000000 -3.007376 86.464996
-52.436001 67.222626 0.750000 0.000000 0.000000 -2.958679 86.570999
-52.638924 67.183746 0.750000 0.000000 0.000000 -2.952391 86.675003
-52.836742 67.145828 0.750000 0.000000 0.000000 -2.952414 86.775002
-53.034420 67.107994 0.750000 0.000000 0.000000 -2.952403 86.875000
-53.232243 67.070122 0.750000 0.000000 0.000000 -2.952401 86.974998
-53.429916 67.032257 0.750000 0.000000 0.000000 -2.952412 87.074997
-53.627613 66.994415 0.750000 0.000000 0.000000 -2.952410 87.175003
-53.825264 66.956573 0.750000 0.000000 0.000000 -2.952406 87.275002
-54.022663 66.918770 0.750000 0.000000 0.000000 -2.952396 87.375000
-54.222305 66.880524 0.750000 0.000000 0.000000 -2.952410 87.475998
-54.452515 66.832085 0.750000 0.000000 0.000000 -2.897429 87.595001
-54.647038 66.783600 0.750000 0.000000 0.000000 -2.897434 87.695000
-54.842316 66.734932 0.750000 0.000000 0.000000 -2.897444 87.794998
-55.037590 66.686256 0.750000 0.000000 0.000000 -2.897448 87.894997
-55.252560 66.633087 0.750000 0.000000 0.000000 -2.909772 88.004997
-55.457691 66.591377 0.750000 0.000000 0.000000 -2.986753 88.110001
-55.656853 66.571205 0.750000 0.000000 0.000000 -3.060495 88.220001
-55.903130 66.552460 0.750000 0.000000 0.000000 -3.086823 88.345001
-56.104252 66.544884 0.750000 0.000000 0.000000 -3.106270 88.445000
-56.313404 66.535751 0.750000 0.000000 0.000000 -3.058394 88.550003
-56.515812 66.510406 0.750000 0.000000 0.000000 -3.013349 88.655998
-56.715218 66.485085 0.750000 0.000000 0.000000 -3.015591 88.755997
-56.915001 66.459740 0.750000 0.000000 0.000000 -3.015419 88.856003
-57.122421 66.433418 0.750000 0.000000 0.000000 -3.015433 88.959999
-57.330379 66.414909 0.750000 0.000000 0.000000 -3.104209 89.070000
-57.536079 66.414314 0.750000 0.000000 -0.000000 3.120821 89.180000
-57.767426 66.418907 0.750000 0.000000 -0.000000 3.122357 89.294998
-57.988899 66.422684 0.750000 0.000000 -0.000000 3.136628 89.404999
-58.190079 66.418541 0.750000 0.000000 0.000000 -3.098112 89.504997
-58.399178 66.401390 0.750000 0.000000 0.000000 -3.031128 89.610001
-58.599228 66.379478 0.750000 0.000000 0.000000 -3.025552 89.709999
-58.798378 66.350616 0.750000 0.000000 0.000000 -2.973613 89.809998
-58.995937 66.312492 0.750000 0.000000 0.000000 -2.940017 89.910004
-59.193253 66.272308 0.750000 0.000000 0.000000 -2.941077 90.010002
-59.390472 66.232246 0.750000 0.000000 0.000000 -2.941027 90.110001
-59.587814 66.192162 0.750000 0.000000 0.000000 -2.941020 90.209999
-59.785179 66.152061 0.750000 0.000000 0.000000 -2.941005 90.309998
-59.982422 66.111992 0.750000 0.000000 0.000000 -2.940995 90.410004
-60.179855 66.072403 0.750000 0.000000 0.000000 -2.955122 90.510002
-60.380997 66.027252 0.750000 0.000000 0.000000 -2.902501 90.614998
-60.631039 65.977867 0.750000 0.000000 0.000000 -3.001467 90.745003
-60.831768 65.957932 0.750000 0.000000 0.000000 -3.068413 90.855003
-61.032043 65.948288 0.750000 0.000000 0.000000 -3.116494 90.955002
-61.233295 65.948349 0.750000 0.000000 -0.000000 3.118399 91.055000
-61.434296 65.958145 0.750000 0.000000 -0.000000 3.069888 91.154999
-61.634506 65.977654 0.750000 0.000000 -0.000000 3.021817 91.254997
-61.834099 66.003899 0.750000 0.000000 -0.000000 3.010292 91.355003
-62.033710 66.030159 0.750000 0.000000 -0.000000 3.010689 91.455002
-62.232651 66.055191 0.750000 0.000000 -0.000000 3.049954 91.555000
-62.439987 66.055145 0.750000 0.000000 0.000000 -3.052590 91.669998
-62.683048 66.038391 0.750000 0.000000 0.000000 -3.107064 91.805000
-62.884033 66.036514 0.750000 0.000000 -0.000000 3.128210 91.904999
-63.085117 66.044266 0.750000 0.000000 -0.000000 3.080203 92.004997
-63.285660 66.061371 0.750000 0.000000 -0.000000 3.043707 92.105003
-63.486118 66.080917 0.750000 0.000000 -0.000000 3.044882 92.205002
-63.686390 66.100739 0.750000 0.000000 -0.000000 3.032572 92.305000
-63.901443 66.130440 0.750000 0.000000 -0.000000 2.979207 92.413002
-64.103012 66.168747 0.750000 0.000000 -0.000000 2.940452 92.514999
-64.302711 66.195656 0.750000 0.000000 -0.000000 3.017816 92.620003
-64.543137 66.232506 0.750000 0.000000 -0.000000 2.982048 92.740997
-64.771278 66.271584 0.750000 0.000000 -0.000000 2.948953 92.856003
-64.967720 66.315201 0.750000 0.000000 -0.000000 2.900055 92.956001
-65.162384 66.365791 0.750000 0.000000 -0.000000 2.885997 93.056000
-65.364708 66.418587 0.750000 0.000000 -0.000000 2.886607 93.160004
-65.561157 66.469849 0.750000 0.000000 -0.000000 2.886601 93.261002
-65.763725 66.522705 0.750000 0.000000 -0.000000 2.886628 93.364998
-65.961571 66.578339 0.750000 0.000000 -0.000000 2.843912 93.467003
-66.155289 66.642250 0.750000 0.000000 -0.000000 2.835638 93.569000
-66.353683 66.703011 0.750000 0.000000 -0.000000 2.820262 93.674004
-66.544930 66.772186 0.750000 0.000000 -0.000000 2.771295 93.775002
-66.734344 66.851349 0.750000 0.000000 -0.000000 2.722152 93.876999
-66.949890 66.937790 0.750000 0.000000 -0.000000 2.794371 93.995003
-67.143768 67.000114 0.750000 0.000000 -0.000000 2.842830 94.097000
-67.339203 67.065811 0.750000 0.000000 -0.000000 2.814936 94.199997
-67.538475 67.124596 0.750000 0.000000 -0.000000 2.889901 94.306000
-67.739517 67.169174 0.750000 0.000000 -0.000000 2.943709 94.410004
-67.938934 67.208336 0.750000 0.000000 -0.000000 2.935589 94.511002
-68.143066 67.254295 0.750000 0.000000 -0.000000 2.919964 94.614998
-68.388252 67.310211 0.750000 0.000000 -0.000000 2.916773 94.739998
-68.596436 67.357811 0.750000 0.000000 -0.000000 2.916841 94.846001
-68.800278 67.404419 0.750000 0.000000 -0.000000 2.916842 94.949997
-68.996490 67.449287 0.750000 0.000000 -0.000000 2.916847 95.050003
-69.193062 67.492546 0.750000 0.000000 -0.000000 2.934867 95.150002
-69.394180 67.529610 0.750000 0.000000 -0.000000 2.993306 95.254997
-69.592888 67.555397 0.750000 0.000000 -0.000000 3.022263 95.355003
-69.799995 67.583382 0.750000 0.000000 -0.000000 2.984484 95.459000
-70.000534 67.608269 0.750000 0.000000 -0.000000 3.086989 95.565002
-70.202698 67.605927 0.750000 0.000000 0.000000 -3.073920 95.690002
-70.409729 67.578323 0.750000 0.000000 0.000000 -2.964788 95.845001
-70.604706 67.533112 0.750000 0.000000 0.000000 -2.854944 95.989998
-70.822449 67.460060 0.750000 0.000000 0.000000 -2.785764 96.144997
-71.016319 67.381744 0.750000 0.000000 0.000000 -2.732691 96.260002
-71.202301 67.295387 0.750000 0.000000 0.000000 -2.683821 96.362000
-71.380264 67.202003 0.750000 0.000000 0.000000 -2.635502 96.461998
-71.560417 67.099625 0.750000 0.000000 0.000000 -2.624104 96.565002
-71.737251 66.995949 0.750000 0.000000 0.000000 -2.611694 96.667000
-71.910881 66.894424 0.750000 0.000000 0.000000 -2.612428 96.766998
-72.084602 66.792809 0.750000 0.000000 0.000000 -2.612417 96.866997
-72.256638 66.688370 0.750000 0.000000 0.000000 -2.573252 96.967003
-72.423340 66.575806 0.750000 0.000000 0.000000 -2.524800 97.067001
-72.586647 66.458511 0.750000 0.000000 0.000000 -2.519764 97.167000
-72.750542 66.341133 0.750000 0.000000 0.000000 -2.520024 97.266998
-72.914070 66.224037 0.750000 0.000000 0.000000 -2.520015 97.366997
-73.077934 66.106689 0.750000 0.000000 0.000000 -2.520005 97.467003
-73.240868 65.989723 0.750000 0.000000 0.000000 -2.504286 97.567001
-73.397629 65.865181 0.750000 0.000000 0.000000 -2.448970 97.667000
-73.551674 65.735825 0.750000 0.000000 0.000000 -2.444114 97.766998
-73.707291 65.605453 0.750000 0.000000 0.000000 -2.444322 97.867996
-73.861557 65.476212 0.750000 0.000000 0.000000 -2.444321 97.968002
-74.023865 65.340233 0.750000 0.000000 0.000000 -2.444331 98.072998
-74.178230 65.210915 0.750000 0.000000 0.000000 -2.444336 98.172997
-74.335556 65.073120 0.750000 0.000000 0.000000 -2.397522 98.277000
-74.481392 64.931801 0.750000 0.000000 0.000000 -2.348689 98.377998
-74.628441 64.782875 0.750000 0.000000 0.000000 -2.350729 98.482002
-74.788406 64.637222 0.750000 0.000000 0.000000 -2.426220 98.597000
-74.950348 64.522453 0.750000 0.000000 0.000000 -2.622570 98.722000
-75.100174 64.456024 0.750000 0.000000 0.000000 -2.826774 98.851997
-75.208076 64.431404 0.750000 0.000000 0.000000 -3.008986 98.968002
-75.296722 64.427376 0.750000 0.000000 -0.000000 3.096626 99.107002
-75.338234 64.432198 0.750000 0.000000 -0.000000 2.921057 99.257004
-75.358154 64.438629 0.750000 0.000000 -0.000000 2.724070 99.457001
-75.373589 64.446259 0.750000 0.000000 -0.000000 2.546347 99.817001
-75.526321 64.582130 0.750000 0.000000 -0.000000 2.389179 100.257004
-75.668945 64.723587 0.750000 0.000000 -0.000000 2.326884 100.421997
-75.807144 64.875320 0.750000 0.000000 -0.000000 2.327612 100.552002
-75.954521 65.020088 0.750000 0.000000 -0.000000 2.364286 100.672997
-76.096291 65.166702 0.750000 0.000000 -0.000000 2.315667 100.777000
-76.232918 65.314667 0.750000 0.000000 -0.000000 2.317122 100.876999
-76.369743 65.462593 0.750000 0.000000 -0.000000 2.317070 100.976997
-76.507561 65.611580 0.750000 0.000000 -0.000000 2.317053 101.078003
-76.650574 65.757080 0.750000 0.000000 -0.000000 2.379517 101.180000
-76.803131 65.891838 0.750000 0.000000 -0.000000 2.447334 101.281998
-76.967720 66.018425 0.750000 0.000000 -0.000000 2.514638 101.386002
-77.137512 66.131989 0.750000 0.000000 -0.000000 2.577748 101.487999
-77.317497 66.238663 0.750000 0.000000 -0.000000 2.639263 101.592003
-77.497726 66.332161 0.750000 0.000000 -0.000000 2.684941 101.693001
-77.704468 66.426720 0.750000 0.000000 -0.000000 2.730829 101.806000
-77.909195 66.516190 0.750000 0.000000 -0.000000 2.728756 101.917000
-78.093613 66.596931 0.750000 0.000000 -0.000000 2.728828 102.016998
-78.277901 66.677605 0.750000 0.000000 -0.000000 2.728818 102.116997
-78.462357 66.758354 0.750000 0.000000 -0.000000 2.728806 102.217003
-78.646759 66.839081 0.750000 0.000000 -0.000000 2.728795 102.317001
-78.851486 66.928703 0.750000 0.000000 -0.000000 2.728783 102.428001
-79.043907 67.011543 0.750000 0.000000 -0.000000 2.753073 102.531998
-79.239227 67.077881 0.750000 0.000000 -0.000000 2.845769 102.637001
-79.452774 67.136795 0.750000 0.000000 -0.000000 2.897411 102.747002
-79.668716 67.184288 0.750000 0.000000 -0.000000 2.950355 102.857002
-79.867065 67.217491 0.750000 0.000000 -0.000000 2.998574 102.957001
-80.066818 67.241089 0.750000 0.000000 -0.000000 3.046876 103.056999
-80.267258 67.257729 0.750000 0.000000 -0.000000 3.058385 103.156998
-80.467613 67.274635 0.750000 0.000000 -0.000000 3.057284 103.257004
-80.667992 67.291557 0.750000 0.000000 -0.000000 3.057318 103.357002
-80.868469 67.308487 0.750000 0.000000 -0.000000 3.057314 103.457001
-81.069199 67.322937 0.750000 0.000000 -0.000000 3.090856 103.556999
-81.270203 67.329613 0.750000 0.000000 -0.000000 3.108098 103.656998
-81.471313 67.336540 0.750000 0.000000 -0.000000 3.107200 103.757004
-81.672234 67.343468 0.750000 0.000000 -0.000000 3.107234 103.857002
-81.873497 67.350410 0.750000 0.000000 -0.000000 3.107238 103.957001
-82.074638 67.357353 0.750000 0.000000 -0.000000 3.107250 104.056999
-82.275749 67.364296 0.750000 0.000000 -0.000000 3.107264 104.156998
-82.485023 67.371498 0.750000 0.000000 -0.000000 3.107274 104.261002
-82.688217 67.378502 0.750000 0.000000 -0.000000 3.107281 104.362000
-82.889542 67.385445 0.750000 0.000000 -0.000000 3.107290 104.461998
-83.092628 67.392433 0.750000 0.000000 -0.000000 3.107299 104.563004
-83.301643 67.393875 0.750000 0.000000 -0.000000 3.135262 104.667000
-83.505051 67.395607 0.750000 0.000000 -0.000000 3.133153 104.767998
-83.706314 67.397285 0.750000 0.000000 -0.000000 3.133226 104.867996
-83.907578 67.398964 0.750000 0.000000 -0.000000 3.133222 104.968002
-84.116882 67.400703 0.750000 0.000000 -0.000000 3.133214 105.071999
-84.318169 67.402382 0.750000 0.000000 -0.000000 3.133210 105.171997
-84.519279 67.404060 0.750000 0.000000 -0.000000 3.133206 105.272003
-84.720421 67.405739 0.750000 0.000000 -0.000000 3.133203 105.372002
-84.921822 67.407425 0.750000 0.000000 -0.000000 3.133203 105.472000
-85.127373 67.409142 0.750000 0.000000 -0.000000 3.133199 105.573997
-85.358932 67.407478 0.750000 0.000000 0.000000 -3.134304 105.689003
-85.560211 67.405960 0.750000 0.000000 0.000000 -3.134332 105.789001
-85.791603 67.404243 0.750000 0.000000 0.000000 -3.134355 105.903999
-85.992989 67.402794 0.750000 0.000000 0.000000 -3.134346 106.003998
-86.194229 67.401329 0.750000 0.000000 0.000000 -3.134344 106.103996
-86.405472 67.399796 0.750000 0.000000 0.000000 -3.134355 106.209000
-86.626740 67.398209 0.750000 0.000000 0.000000 -3.134352 106.319000
-86.830002 67.396736 0.750000 0.000000 0.000000 -3.134348 106.419998
-87.031235 67.395287 0.750000 0.000000 0.000000 -3.134346 106.519997
-87.260803 67.391693 0.750000 0.000000 0.000000 -3.120307 106.634003
-87.492241 67.387291 0.750000 0.000000 0.000000 -3.123048 106.749001
-87.693474 67.386093 0.750000 0.000000 -0.000000 3.126083 106.848999
-87.894508 67.391800 0.750000 0.000000 -0.000000 3.112080 106.948997
-88.095558 67.400276 0.750000 0.000000 -0.000000 3.077750 107.049004
-88.296013 67.415649 0.750000 0.000000 -0.000000 3.063921 107.149002
-88.496651 67.431183 0.750000 0.000000 -0.000000 3.064335 107.249001
-88.697296 67.446701 0.750000 0.000000 -0.000000 3.064318 107.348999
-88.903885 67.462654 0.750000 0.000000 -0.000000 3.064304 107.452003
-89.110321 67.488113 0.750000 0.000000 -0.000000 2.941770 107.559998
-89.306030 67.537415 0.750000 0.000000 -0.000000 2.811393 107.682999
-89.446983 67.600723 0.750000 0.000000 -0.000000 2.629181 107.799004
-89.545700 67.668678 0.750000 0.000000 -0.000000 2.448540 107.914001
-89.612976 67.736786 0.750000 0.000000 -0.000000 2.244336 108.043999
-89.640625 67.778152 0.750000 0.000000 -0.000000 2.063695 108.158997
-89.647484 67.793152 0.750000 0.000000 -0.000000 1.883053 108.274002
-89.647484 67.793152 0.750000 0.000000 -0.000000 1.678849 108.403999
-89.647484 67.793152 0.750000 0.000000 -0.000000 1.474646 108.533997
-89.647484 67.793152 0.750000 0.000000 -0.000000 1.286150 108.694000
-89.647484 67.793152 0.750000 0.000000 -0.000000 1.105509 108.808998
-89.647484 67.793152 0.750000 0.000000 -0.000000 0.893451 108.944000
-89.647484 67.793152 0.750000 0.000000 -0.000000 0.712809 109.058998
-89.647484 67.793152 0.750000 0.000000 -0.000000 0.532168 109.174004
-89.647484 67.793152 0.750000 0.000000 -0.000000 0.351526 109.289001
-89.647240 67.793198 0.750000 0.000000 -0.000000 0.174057 109.455002
-89.552895 67.796814 0.750000 0.000000 0.000000 -0.001642 109.844002
-89.350266 67.788300 0.750000 0.000000 0.000000 -0.054674 110.058998
-89.145653 67.777122 0.750000 0.000000 0.000000 -0.054579 110.206001
-88.937622 67.765762 0.750000 0.000000 0.000000 -0.054571 110.327003
-88.731178 67.754509 0.750000 0.000000 0.000000 -0.054578 110.431999
-88.520233 67.742973 0.750000 0.000000 0.000000 -0.054592 110.537003
-88.289261 67.735260 0.750000 0.000000 0.000000 -0.021297 110.652000
-88.086052 67.729462 0.750000 0.000000 0.000000 -0.029439 110.752998
-87.883003 67.723526 0.750000 0.000000 0.000000 -0.029284 110.853996
-87.681900 67.717644 0.750000 0.000000 0.000000 -0.029297 110.954002
-87.480621 67.711761 0.750000 0.000000 0.000000 -0.029301 111.054001
-87.279419 67.705879 0.750000 0.000000 0.000000 -0.029308 111.153999
-87.078064 67.699989 0.750000 0.000000 0.000000 -0.029314 111.253998
-86.876991 67.694122 0.750000 0.000000 0.000000 -0.029324 111.353996
-86.675812 67.688255 0.750000 0.000000 0.000000 -0.029340 111.454002
-86.474556 67.682381 0.750000 0.000000 0.000000 -0.029363 111.554001
-86.273323 67.679077 0.750000 0.000000 0.000000 -0.016210 111.653999
-86.072067 67.675552 0.750000 0.000000 0.000000 -0.017627 111.753998
-85.871002 67.672028 0.750000 0.000000 0.000000 -0.017556 111.853996
-85.669762 67.668510 0.750000 0.000000 0.000000 -0.017560 111.954002
-85.468491 67.665001 0.750000 0.000000 0.000000 -0.017568 112.054001
-85.261200 67.661369 0.750000 0.000000 0.000000 -0.017577 112.156998
-85.053696 67.657745 0.750000 0.000000 0.000000 -0.017586 112.260002
-84.852432 67.654236 0.750000 0.000000 0.000000 -0.017602 112.360001
-84.643089 67.650566 0.750000 0.000000 0.000000 -0.017613 112.463997
-84.441902 67.647057 0.750000 0.000000 0.000000 -0.017625 112.564003
-84.241310 67.649933 0.750000 0.000000 -0.000000 0.014486 112.664001
-84.040047 67.652435 0.750000 0.000000 -0.000000 0.012794 112.764000
-83.838783 67.655029 0.750000 0.000000 -0.000000 0.012958 112.863998
-83.637520 67.657623 0.750000 0.000000 -0.000000 0.012962 112.963997
-83.430061 67.660301 0.750000 0.000000 -0.000000 0.012966 113.067001
-83.228813 67.659599 0.750000 0.000000 0.000000 -0.026379 113.167000
-83.023483 67.651817 0.750000 0.000000 0.000000 -0.038492 113.268997
-82.822449 67.644119 0.750000 0.000000 0.000000 -0.038317 113.369003
-82.621338 67.636421 0.750000 0.000000 0.000000 -0.038331 113.469002
-82.420250 67.628723 0.750000 0.000000 0.000000 -0.038339 113.569000
-82.214348 67.635857 0.750000 0.000000 -0.000000 0.118739 113.679001
-82.004196 67.654060 0.750000 0.000000 -0.000000 0.059604 113.790001
-81.795082 67.660980 0.750000 0.000000 -0.000000 0.009052 113.893997
-81.593842 67.657692 0.750000 0.000000 0.000000 -0.039358 113.994003
-81.392998 67.644814 0.750000 0.000000 0.000000 -0.080726 114.094002
-81.172340 67.627144 0.750000 0.000000 0.000000 -0.079333 114.204002
-80.971687 67.611198 0.750000 0.000000 0.000000 -0.079337 114.304001
-80.771080 67.595253 0.750000 0.000000 0.000000 -0.079340 114.403999
-80.570587 67.579315 0.750000 0.000000 0.000000 -0.079345 114.503998
-80.360115 67.563866 0.750000 0.000000 0.000000 -0.067565 114.609001
-80.117905 67.541458 0.750000 0.000000 0.000000 -0.100898 114.730003
-79.909622 67.520531 0.750000 0.000000 0.000000 -0.099975 114.834000
-79.709541 67.499062 0.750000 0.000000 0.000000 -0.125361 114.933998
-79.510635 67.468597 0.750000 0.000000 0.000000 -0.174988 115.033997
-79.293312 67.426201 0.750000 0.000000 0.000000 -0.196796 115.143997
-79.066719 67.381020 0.750000 0.000000 0.000000 -0.196805 115.259003
-78.869530 67.341736 0.750000 0.000000 0.000000 -0.196801 115.359001
-78.672318 67.302399 0.750000 0.000000 0.000000 -0.196807 115.459000
-78.474236 67.266350 0.750000 0.000000 0.000000 -0.157092 115.558998
-78.275200 67.241982 0.750000 0.000000 0.000000 -0.100196 115.658997
-78.074844 67.223267 0.750000 0.000000 0.000000 -0.093152 115.759003
-77.874496 67.204468 0.750000 0.000000 0.000000 -0.093524 115.859001
-77.674149 67.185699 0.750000 0.000000 0.000000 -0.093494 115.959000
-77.473579 67.166901 0.750000 0.000000 0.000000 -0.093498 116.058998
-77.273300 67.148132 0.750000 0.000000 0.000000 -0.093508 116.158997
-77.072922 67.129356 0.750000 0.000000 0.000000 -0.093514 116.259003
-76.868248 67.113777 0.750000 0.000000 0.000000 -0.052611 116.361000
-76.667076 67.108360 0.750000 0.000000 0.000000 -0.003933 116.460999
-76.465813 67.109734 0.750000 0.000000 -0.000000 0.007261 116.560997
-76.264427 67.111107 0.750000 0.000000 -0.000000 0.006952 116.661003
-76.057091 67.112526 0.750000 0.000000 -0.000000 0.006960 116.764000
-75.850212 67.113953 0.750000 0.000000 -0.000000 0.006966 116.866997
-75.648949 67.115326 0.750000 0.000000 -0.000000 0.006975 116.967003
-75.447685 67.116699 0.750000 0.000000 -0.000000 0.006987 117.067001
-75.246422 67.118073 0.750000 0.000000 -0.000000 0.007001 117.167000
-75.040939 67.119484 0.750000 0.000000 -0.000000 0.007016 117.268997
-74.839699 67.120857 0.750000 0.000000 -0.000000 0.007032 117.369003
-74.638290 67.122246 0.750000 0.000000 -0.000000 0.007042 117.469002
-74.437141 67.127266 0.750000 0.000000 -0.000000 0.049652 117.569000
-74.236313 67.140091 0.750000 0.000000 -0.000000 0.061576 117.668999
-74.035439 67.152374 0.750000 0.000000 -0.000000 0.061212 117.768997
-73.834435 67.164665 0.750000 0.000000 -0.000000 0.061236 117.869003
-73.633392 67.176956 0.750000 0.000000 -0.000000 0.061248 117.969002
-73.432350 67.189247 0.750000 0.000000 -0.000000 0.061265 118.069000
-73.231438 67.201538 0.750000 0.000000 -0.000000 0.061277 118.168999
-73.030632 67.213821 0.750000 0.000000 -0.000000 0.061294 118.268997
-72.827980 67.226227 0.750000 0.000000 -0.000000 0.061309 118.370003
-72.618980 67.239014 0.750000 0.000000 -0.000000 0.061325 118.473999
-72.418076 67.251312 0.750000 0.000000 -0.000000 0.061337 118.573997
-72.215332 67.280243 0.750000 0.000000 -0.000000 0.226273 118.683998
-72.000366 67.322113 0.750000 0.000000 -0.000000 0.167771 118.799004
-71.800117 67.356255 0.750000 0.000000 -0.000000 0.169379 118.900002
-71.563927 67.395790 0.750000 0.000000 -0.000000 0.149745 119.018997
-71.354179 67.421539 0.750000 0.000000 -0.000000 0.097862 119.124001
-71.153564 67.437180 0.750000 0.000000 -0.000000 0.071432 119.223999
-70.952827 67.451698 0.750000 0.000000 -0.000000 0.072398 119.323997
-70.752083 67.466270 0.750000 0.000000 -0.000000 0.072357 119.424004
-70.541252 67.481575 0.750000 0.000000 -0.000000 0.072351 119.528999
-70.320518 67.497597 0.750000 0.000000 -0.000000 0.072338 119.639000
-70.115463 67.520782 0.750000 0.000000 -0.000000 0.099293 119.744003
-69.915024 67.537537 0.750000 0.000000 -0.000000 0.081382 119.844002
-69.692368 67.555817 0.750000 0.000000 -0.000000 0.081967 119.955002
-69.483826 67.572945 0.750000 0.000000 -0.000000 0.081941 120.058998
-69.283318 67.589409 0.750000 0.000000 -0.000000 0.081938 120.158997
-69.082909 67.605858 0.750000 0.000000 -0.000000 0.081946 120.259003
-68.879913 67.620331 0.750000 0.000000 -0.000000 0.047838 120.360001
-68.670815 67.627190 0.750000 0.000000 -0.000000 0.030734 120.463997
-68.469696 67.633362 0.750000 0.000000 -0.000000 0.030742 120.564003
-68.263252 67.653358 0.750000 0.000000 -0.000000 0.179970 120.674004
-68.028488 67.689888 0.750000 0.000000 -0.000000 0.124484 120.799004
-67.828293 67.710075 0.750000 0.000000 -0.000000 0.085882 120.899002
-67.627960 67.727455 0.750000 0.000000 -0.000000 0.087049 120.999001
-67.427391 67.744926 0.750000 0.000000 -0.000000 0.087015 121.098999
-67.226997 67.762154 0.750000 0.000000 -0.000000 0.077603 121.198997
-67.026093 67.772522 0.750000 0.000000 -0.000000 0.028140 121.299004
-66.815102 67.773170 0.750000 0.000000 0.000000 -0.011024 121.403999
-66.573540 67.770500 0.750000 0.000000 0.000000 -0.011025 121.524002
-66.343147 67.769470 0.750000 0.000000 -0.000000 0.034526 121.639000
-66.138885 67.787308 0.750000 0.000000 -0.000000 0.097361 121.747002
-65.938522 67.806854 0.750000 0.000000 -0.000000 0.097365 121.847000
-65.738426 67.826363 0.750000 0.000000 -0.000000 0.097375 121.946999
-65.538200 67.845879 0.750000 0.000000 -0.000000 0.097392 122.046997
-65.327797 67.863434 0.750000 0.000000 -0.000000 0.060026 122.152000
-65.124832 67.870323 0.750000 0.000000 -0.000000 0.010893 122.252998
-64.915161 67.870087 0.750000 0.000000 0.000000 -0.001901 122.357002
-64.713799 67.869781 0.750000 0.000000 0.000000 -0.001489 122.457001
-64.512558 67.869476 0.750000 0.000000 0.000000 -0.001504 122.556999
-64.304344 67.884361 0.750000 0.000000 -0.000000 0.155576 122.667000
-64.101852 67.917503 0.750000 0.000000 -0.000000 0.125376 122.788002
-63.888378 67.938309 0.750000 0.000000 -0.000000 0.073255 122.902000
-63.647106 67.948692 0.750000 0.000000 -0.000000 0.015049 123.022003
-63.405781 67.946602 0.750000 0.000000 0.000000 -0.015819 123.141998
-63.184334 67.943466 0.750000 0.000000 0.000000 -0.013917 123.251999
-62.983109 67.940636 0.750000 0.000000 0.000000 -0.014039 123.351997
-62.782009 67.937805 0.750000 0.000000 0.000000 -0.014023 123.452003
-62.580830 67.932770 0.750000 0.000000 0.000000 -0.046069 123.552002
-62.380295 67.923073 0.750000 0.000000 0.000000 -0.049432 123.652000
-62.179802 67.912552 0.750000 0.000000 0.000000 -0.052791 123.751999
-61.978756 67.902000 0.750000 0.000000 0.000000 -0.052331 123.851997
-61.777660 67.891472 0.750000 0.000000 0.000000 -0.052358 123.952003
-61.576916 67.880943 0.750000 0.000000 0.000000 -0.052356 124.052002
-61.375671 67.870407 0.750000 0.000000 0.000000 -0.052358 124.152000
-61.174629 67.859886 0.750000 0.000000 0.000000 -0.052368 124.251999
-60.973763 67.847290 0.750000 0.000000 0.000000 -0.083080 124.351997
-60.773689 67.827469 0.750000 0.000000 0.000000 -0.100858 124.452003
-60.573318 67.807411 0.750000 0.000000 0.000000 -0.098879 124.552002
-60.373516 67.790718 0.750000 0.000000 0.000000 -0.081957 124.652000
-60.173286 67.773277 0.750000 0.000000 0.000000 -0.087303 124.751999
-59.970921 67.755630 0.750000 0.000000 0.000000 -0.086960 124.852997
-59.762280 67.737457 0.750000 0.000000 0.000000 -0.087001 124.957001
-59.561535 67.719963 0.750000 0.000000 0.000000 -0.087007 125.056999
-59.361107 67.702499 0.750000 0.000000 0.000000 -0.087017 125.156998
-59.160358 67.685005 0.750000 0.000000 0.000000 -0.087024 125.257004
-58.957771 67.667343 0.750000 0.000000 0.000000 -0.087036 125.358002
-58.749180 67.649170 0.750000 0.000000 0.000000 -0.087046 125.461998
-58.542629 67.631157 0.750000 0.000000 0.000000 -0.087058 125.565002
-58.338440 67.615616 0.750000 0.000000 0.000000 -0.078877 125.667000
-58.137627 67.599518 0.750000 0.000000 0.000000 -0.079816 125.766998
-57.936962 67.583473 0.750000 0.000000 0.000000 -0.079809 125.866997
-57.736275 67.567406 0.750000 0.000000 0.000000 -0.079805 125.967003
-57.535637 67.551369 0.750000 0.000000 0.000000 -0.079793 126.067001
-57.335022 67.535347 0.750000 0.000000 0.000000 -0.079795 126.167000
-57.134586 67.519341 0.750000 0.000000 0.000000 -0.079807 126.266998
-56.934120 67.503311 0.750000 0.000000 0.000000 -0.079819 126.366997
-56.733253 67.487206 0.750000 0.000000 0.000000 -0.079811 126.467003
-56.532536 67.471169 0.750000 0.000000 0.000000 -0.079806 126.567001
-56.332413 67.457451 0.750000 0.000000 0.000000 -0.071688 126.667000
-56.131714 67.442741 0.750000 0.000000 0.000000 -0.073124 126.766998
-55.931023 67.428017 0.750000 0.000000 0.000000 -0.073030 126.866997
-55.730404 67.413300 0.750000 0.000000 0.000000 -0.073019 126.967003
-55.529709 67.398582 0.750000 0.000000 0.000000 -0.072972 127.067001
-55.329678 67.383942 0.750000 0.000000 0.000000 -0.072960 127.167000
-55.126858 67.372421 0.750000 0.000000 0.000000 -0.033583 127.267998
-54.917950 67.367111 0.750000 0.000000 0.000000 -0.026208 127.372002
-54.716904 67.361771 0.750000 0.000000 0.000000 -0.026462 127.472000
-54.515686 67.356438 0.750000 0.000000 0.000000 -0.026440 127.571999
-54.314705 67.363647 0.750000 0.000000 -0.000000 0.114931 127.677002
-54.115421 67.389023 0.750000 0.000000 -0.000000 0.121848 127.782997
-53.905506 67.413795 0.750000 0.000000 -0.000000 0.114326 127.888000
-53.677361 67.433167 0.750000 0.000000 -0.000000 0.063220 128.001999
-53.476391 67.446030 0.750000 0.000000 -0.000000 0.064763 128.102005
-53.243382 67.461304 0.750000 0.000000 -0.000000 0.065923 128.218002
-53.000484 67.477295 0.750000 0.000000 -0.000000 0.065890 128.339005
-52.783268 67.491577 0.750000 0.000000 -0.000000 0.065906 128.447006
-52.582191 67.504799 0.750000 0.000000 -0.000000 0.065924 128.546997
-52.375908 67.522331 0.750000 0.000000 -0.000000 0.142919 128.651993
-52.175358 67.560974 0.750000 0.000000 -0.000000 0.196493 128.761993
-51.978111 67.599884 0.750000 0.000000 -0.000000 0.193580 128.862000
-51.780491 67.638580 0.750000 0.000000 -0.000000 0.193197 128.962006
-51.582966 67.677261 0.750000 0.000000 -0.000000 0.193196 129.061996
-51.383095 67.713387 0.750000 0.000000 -0.000000 0.156277 129.162994
-51.183552 67.739563 0.750000 0.000000 -0.000000 0.107538 129.263000
-50.975300 67.759865 0.750000 0.000000 -0.000000 0.097595 129.367004
-50.775028 67.779610 0.750000 0.000000 -0.000000 0.098238 129.466995
-50.575001 67.799339 0.750000 0.000000 -0.000000 0.098217 129.567001
-50.374832 67.816978 0.750000 0.000000 -0.000000 0.100801 129.667007
-50.169979 67.843735 0.750000 0.000000 -0.000000 0.126577 129.770996
-49.969727 67.865082 0.750000 0.000000 -0.000000 0.082923 129.871002
-49.768803 67.876602 0.750000 0.000000 -0.000000 0.034409 129.970993
-49.567654 67.882278 0.750000 0.000000 -0.000000 0.029424 130.070999
-49.366505 67.888496 0.750000 0.000000 -0.000000 0.032052 130.171005
-49.165081 67.894997 0.750000 0.000000 -0.000000 0.032159 130.270996
-48.963966 67.898773 0.750000 0.000000 0.000000 -0.005849 130.371002
-48.762836 67.896004 0.750000 0.000000 0.000000 -0.012430 130.470993
-48.561859 67.893570 0.750000 0.000000 0.000000 -0.012038 130.570999
-48.360683 67.886536 0.750000 0.000000 0.000000 -0.057999 130.671005
-48.159641 67.871872 0.750000 0.000000 0.000000 -0.095992 130.770996
-47.959305 67.851685 0.750000 0.000000 0.000000 -0.099665 130.871002
-47.758694 67.831650 0.750000 0.000000 0.000000 -0.099588 130.970993
-47.558331 67.811646 0.750000 0.000000 0.000000 -0.099594 131.070999
-47.357971 67.791641 0.750000 0.000000 0.000000 -0.099601 131.171005
-47.157883 67.771667 0.750000 0.000000 0.000000 -0.099611 131.270996
-46.953915 67.751305 0.750000 0.000000 0.000000 -0.099624 131.373001
-46.747856 67.730736 0.750000 0.000000 0.000000 -0.099636 131.475998
-46.547817 67.706032 0.750000 0.000000 0.000000 -0.146785 131.576004
-46.347221 67.674332 0.750000 0.000000 0.000000 -0.146458 131.677002
-46.140327 67.647346 0.750000 0.000000 0.000000 -0.136368 131.781006
-45.941170 67.619804 0.750000 0.000000 0.000000 -0.137049 131.880997
-45.742180 67.592384 0.750000 0.000000 0.000000 -0.137003 131.981003
-45.539383 67.558983 0.750000 0.000000 0.000000 -0.187739 132.082993
-45.338345 67.519623 0.750000 0.000000 0.000000 -0.189550 132.184998
-45.139908 67.476433 0.750000 0.000000 0.000000 -0.237886 132.285995
-44.943542 67.423485 0.750000 0.000000 0.000000 -0.286579 132.386993
-44.742321 67.364372 0.750000 0.000000 0.000000 -0.283562 132.490997
-44.548168 67.312454 0.750000 0.000000 0.000000 -0.235982 132.591003
-44.346943 67.274536 0.750000 0.000000 0.000000 -0.112733 132.697006
-44.137447 67.255501 0.750000 0.000000 0.000000 -0.070551 132.804001
-43.926304 67.246078 0.750000 0.000000 0.000000 -0.026607 132.908997
-43.725143 67.240616 0.750000 0.000000 0.000000 -0.027840 133.009003
-43.523994 67.235046 0.750000 0.000000 0.000000 -0.027750 133.108994
-43.316887 67.229301 0.750000 0.000000 0.000000 -0.027758 133.212006
-43.115513 67.223709 0.750000 0.000000 0.000000 -0.027757 133.311996
-42.876308 67.217079 0.750000 0.000000 0.000000 -0.027759 133.431000
-42.673206 67.211449 0.750000 0.000000 0.000000 -0.027769 133.531998
-42.471802 67.205872 0.750000 0.000000 0.000000 -0.027775 133.632004
-42.263447 67.206245 0.750000 0.000000 -0.000000 0.015506 133.737000
-42.039944 67.208717 0.750000 0.000000 -0.000000 0.010224 133.848007
-41.836567 67.210861 0.750000 0.000000 -0.000000 0.010378 133.949005
-41.629211 67.213043 0.750000 0.000000 -0.000000 0.010355 134.052002
-41.427677 67.215164 0.750000 0.000000 -0.000000 0.010336 134.151993
-41.224449 67.217308 0.750000 0.000000 -0.000000 0.010317 134.253006
-41.014896 67.219498 0.750000 0.000000 -0.000000 0.010297 134.356995
-40.803394 67.221672 0.750000 0.000000 -0.000000 0.010293 134.462006
-40.602291 67.223732 0.750000 0.000000 -0.000000 0.010292 134.561996
-40.386765 67.225945 0.750000 0.000000 -0.000000 0.010293 134.669006
-40.186226 67.231483 0.750000 0.000000 -0.000000 0.027873 134.768997
-39.985161 67.236595 0.750000 0.000000 -0.000000 0.025359 134.869003
-39.776073 67.241913 0.750000 0.000000 -0.000000 0.025445 134.973007
-39.566868 67.247238 0.750000 0.000000 -0.000000 0.025443 135.076996
-39.365559 67.252357 0.750000 0.000000 -0.000000 0.025444 135.177002
-39.164368 67.257469 0.750000 0.000000 -0.000000 0.025448 135.276993
-38.963284 67.262581 0.750000 0.000000 -0.000000 0.025447 135.376999
-38.762218 67.267693 0.750000 0.000000 -0.000000 0.025449 135.477005
-38.560909 67.272812 0.750000 0.000000 -0.000000 0.025453 135.576996
-38.326431 67.259064 0.750000 0.000000 0.000000 -0.155188 135.701996
-38.127098 67.219566 0.750000 0.000000 0.000000 -0.233728 135.832001
-37.980194 67.169586 0.750000 0.000000 0.000000 -0.412443 135.957001
-37.861912 67.104820 0.750000 0.000000 0.000000 -0.589291 136.106995
-37.772144 67.033546 0.750000 0.000000 0.000000 -0.769932 136.326996
-37.717316 66.969818 0.750000 0.000000 0.000000 -0.947561 136.561996
-37.636227 66.826385 0.750000 0.000000 0.000000 -1.123176 137.167007
-37.555054 66.640793 0.750000 0.000000 0.000000 -1.193003 137.371994
-37.479771 66.448662 0.750000 0.000000 0.000000 -1.196407 137.516998
-37.405785 66.260414 0.750000 0.000000 0.000000 -1.196465 137.632996
-37.312424 66.022362 0.750000 0.000000 0.000000 -1.216809 137.761993
-37.245113 65.832848 0.750000 0.000000 0.000000 -1.230090 137.862000
-37.177181 65.641495 0.750000 0.000000 0.000000 -1.229617 137.962997
-37.107086 65.444031 0.750000 0.000000 0.000000 -1.229639 138.067001
-37.039665 65.254135 0.750000 0.000000 0.000000 -1.229632 138.167007
-36.970959 65.060616 0.750000 0.000000 0.000000 -1.229632 138.268997
-36.905228 64.864120 0.750000 0.000000 0.000000 -1.272069 138.371994
-36.849747 64.664711 0.750000 0.000000 0.000000 -1.322433 138.475006
-36.801998 64.469238 0.750000 0.000000 0.000000 -1.331348 138.574997
-36.754169 64.273537 0.750000 0.000000 0.000000 -1.331165 138.675003
-36.699467 64.080711 0.750000 0.000000 0.000000 -1.225943 138.776993
-36.616402 63.846096 0.750000 0.000000 0.000000 -1.261110 138.904999
-36.559521 63.652809 0.750000 0.000000 0.000000 -1.297146 139.005005
-36.505295 63.459019 0.750000 0.000000 0.000000 -1.304203 139.104996
-36.455357 63.253696 0.750000 0.000000 0.000000 -1.357394 139.210007
-36.417187 63.056114 0.750000 0.000000 0.000000 -1.390718 139.309998
-36.380989 62.858265 0.750000 0.000000 0.000000 -1.389486 139.410004
-36.344696 62.660343 0.750000 0.000000 0.000000 -1.389530 139.509995
-36.308647 62.462345 0.750000 0.000000 0.000000 -1.398949 139.610001
-36.276714 62.260242 0.750000 0.000000 0.000000 -1.417855 139.712006
-36.245430 62.012581 0.750000 0.000000 0.000000 -1.454511 139.835999
-36.219944 61.782745 0.750000 0.000000 0.000000 -1.479849 139.951004
-36.206581 61.574093 0.750000 0.000000 0.000000 -1.530794 140.054993
-36.201424 61.372890 0.750000 0.000000 0.000000 -1.546904 140.154999
-36.196266 61.171581 0.750000 0.000000 0.000000 -1.543934 140.255005
-36.192963 60.970848 0.750000 0.000000 0.000000 -1.575305 140.354996
-36.196999 60.769508 0.750000 0.000000 0.000000 -1.592309 140.455002
-36.203388 60.566441 0.750000 0.000000 0.000000 -1.623066 140.556000
-36.217560 60.355850 0.750000 0.000000 0.000000 -1.639785 140.660995
-36.222309 60.152161 0.750000 0.000000 0.000000 -1.519815 140.766006
-36.204685 59.948681 0.750000 0.000000 0.000000 -1.483704 140.875000
-36.187325 59.748180 0.750000 0.000000 0.000000 -1.484339 140.975006
-36.169800 59.545807 0.750000 0.000000 0.000000 -1.484308 141.076004
-36.151756 59.337433 0.750000 0.000000 0.000000 -1.484305 141.179993
-36.134373 59.136837 0.750000 0.000000 0.000000 -1.484276 141.279999
-36.116982 58.936363 0.750000 0.000000 0.000000 -1.484276 141.380005
-36.103615 58.727692 0.750000 0.000000 0.000000 -1.532152 141.483994
-36.101212 58.504440 0.750000 0.000000 0.000000 -1.584287 141.595001
-36.103848 58.283016 0.750000 0.000000 0.000000 -1.581175 141.705002
-36.105625 58.059364 0.750000 0.000000 0.000000 -1.565463 141.815994
-36.105164 57.850388 0.750000 0.000000 0.000000 -1.571442 141.919998
-36.105259 57.649040 0.750000 0.000000 0.000000 -1.571163 142.020004
-36.105339 57.437691 0.750000 0.000000 0.000000 -1.571170 142.125000
-36.105427 57.204334 0.750000 0.000000 0.000000 -1.571168 142.240997
-36.105515 56.975380 0.750000 0.000000 0.000000 -1.571167 142.354996
-36.105591 56.774155 0.750000 0.000000 0.000000 -1.571167 142.455002
-36.105663 56.573193 0.750000 0.000000 0.000000 -1.571167 142.554993
-36.107948 56.372398 0.750000 0.000000 0.000000 -1.603733 142.654999
-36.117661 56.171528 0.750000 0.000000 0.000000 -1.620626 142.755005
-36.127457 55.970505 0.750000 0.000000 0.000000 -1.619284 142.854996
-36.137222 55.769482 0.750000 0.000000 0.000000 -1.619323 142.955002
-36.146976 55.568611 0.750000 0.000000 0.000000 -1.619316 143.054993
-36.156715 55.368114 0.750000 0.000000 0.000000 -1.619314 143.154999
-36.166477 55.167137 0.750000 0.000000 0.000000 -1.619312 143.255005
-36.176243 54.966114 0.750000 0.000000 0.000000 -1.619312 143.354996
-36.189621 54.751553 0.750000 0.000000 0.000000 -1.657547 143.462006
-36.210770 54.545269 0.750000 0.000000 0.000000 -1.674173 143.565002
-36.231361 54.344929 0.750000 0.000000 0.000000 -1.673154 143.664993
-36.251953 54.144737 0.750000 0.000000 0.000000 -1.673260 143.764999
-36.267254 53.938507 0.750000 0.000000 0.000000 -1.579002 143.869995
-36.263119 53.736671 0.750000 0.000000 0.000000 -1.550018 143.975006
-36.259010 53.533195 0.750000 0.000000 0.000000 -1.550526 144.076004
-36.254768 53.323975 0.750000 0.000000 0.000000 -1.550480 144.179993
-36.250683 53.122627 0.750000 0.000000 0.000000 -1.550479 144.279999
-36.246601 52.921532 0.750000 0.000000 0.000000 -1.550478 144.380005
-36.242523 52.720440 0.750000 0.000000 0.000000 -1.550474 144.479996
-36.238441 52.519215 0.750000 0.000000 0.000000 -1.550470 144.580002
-36.234356 52.317993 0.750000 0.000000 0.000000 -1.550469 144.679993
-36.230221 52.114368 0.750000 0.000000 0.000000 -1.550467 144.781006
-36.225056 51.911816 0.750000 0.000000 0.000000 -1.547391 144.882004
-36.220364 51.710629 0.750000 0.000000 0.000000 -1.547466 144.981995
-36.215061 51.483318 0.750000 0.000000 0.000000 -1.547458 145.095001
-36.209900 51.262012 0.750000 0.000000 0.000000 -1.547455 145.205002
-36.205162 51.058819 0.750000 0.000000 0.000000 -1.547454 145.306000
-36.200195 50.845901 0.750000 0.000000 0.000000 -1.547452 145.412003
-36.194653 50.608250 0.750000 0.000000 0.000000 -1.547450 145.529999
-36.190971 50.356926 0.750000 0.000000 0.000000 -1.578899 145.654999
-36.195271 50.155972 0.750000 0.000000 0.000000 -1.594073 145.755005
-36.197956 49.955368 0.750000 0.000000 0.000000 -1.581611 145.854996
-36.200569 49.753765 0.750000 0.000000 0.000000 -1.584107 145.955002
-36.203209 49.552540 0.750000 0.000000 0.000000 -1.583898 146.054993
-36.208351 49.351521 0.750000 0.000000 0.000000 -1.617192 146.154999
-36.220547 49.150650 0.750000 0.000000 0.000000 -1.632666 146.255005
-36.234016 48.929558 0.750000 0.000000 0.000000 -1.631497 146.365005
-36.246227 48.728653 0.750000 0.000000 0.000000 -1.631563 146.464996
-36.258427 48.527897 0.750000 0.000000 0.000000 -1.631567 146.565002
-36.270756 48.324978 0.750000 0.000000 0.000000 -1.631575 146.666000
-36.275990 48.123890 0.750000 0.000000 0.000000 -1.548547 146.770004
-36.258308 47.917778 0.750000 0.000000 0.000000 -1.411049 146.895004
-36.212837 47.720661 0.750000 0.000000 0.000000 -1.274849 147.050003
-36.138302 47.534225 0.750000 0.000000 0.000000 -1.100760 147.255005
-36.022400 47.356838 0.750000 0.000000 0.000000 -0.899788 147.544998
-35.876064 47.209457 0.750000 0.000000 0.000000 -0.720882 147.839996
-35.713303 47.086376 0.750000 0.000000 0.000000 -0.578323 148.039993
-35.532314 46.966995 0.750000 0.000000 0.000000 -0.583513 148.210007
-35.360901 46.853828 0.750000 0.000000 0.000000 -0.583522 148.335999
-35.185913 46.738316 0.750000 0.000000 0.000000 -0.583520 148.445007
-35.009422 46.621815 0.750000 0.000000 0.000000 -0.583530 148.550003
-34.829571 46.503109 0.750000 0.000000 0.000000 -0.583537 148.656998
-34.659943 46.391151 0.750000 0.000000 0.000000 -0.583548 148.757996
-34.491776 46.280159 0.750000 0.000000 0.000000 -0.583563 148.858002
-34.320457 46.175800 0.750000 0.000000 0.000000 -0.537807 148.959000
-34.130581 46.061993 0.750000 0.000000 0.000000 -0.540064 149.069000
-33.957935 45.958546 0.750000 0.000000 0.000000 -0.539894 149.169006
-33.785282 45.855091 0.750000 0.000000 0.000000 -0.539914 149.268997
-33.612244 45.748352 0.750000 0.000000 0.000000 -0.576274 149.369995
-33.446472 45.634327 0.750000 0.000000 0.000000 -0.625479 149.470001
-33.284664 45.514622 0.750000 0.000000 0.000000 -0.635676 149.570007
-33.120941 45.394260 0.750000 0.000000 0.000000 -0.634028 149.671005
-32.949528 45.268192 0.750000 0.000000 0.000000 -0.634167 149.776993
-32.780621 45.144413 0.750000 0.000000 0.000000 -0.632888 149.880997
-32.606129 45.011417 0.750000 0.000000 0.000000 -0.678423 149.990005
-32.441616 44.878735 0.750000 0.000000 0.000000 -0.676198 150.095001
-32.268753 44.740002 0.750000 0.000000 0.000000 -0.676447 150.205002
-32.088959 44.594528 0.750000 0.000000 0.000000 -0.695941 150.320007
-31.936153 44.460564 0.750000 0.000000 0.000000 -0.730343 150.421005
-31.757559 44.301258 0.750000 0.000000 0.000000 -0.727708 150.539993
-31.586416 44.145424 0.750000 0.000000 0.000000 -0.762155 150.654999
-31.445925 43.996162 0.750000 0.000000 0.000000 -0.890077 150.759995
-31.322210 43.828346 0.750000 0.000000 0.000000 -0.883794 150.884003
-31.172739 43.676418 0.750000 0.000000 0.000000 -0.819391 151.044998
-31.103600 43.587585 0.750000 0.000000 0.000000 -1.000033 151.160004
-31.066608 43.516998 0.750000 0.000000 0.000000 -1.180674 151.274994
-31.052784 43.473469 0.750000 0.000000 0.000000 -1.356604 151.386993
-31.050476 43.458683 0.750000 0.000000 0.000000 -1.532533 151.500000
-31.050581 43.456890 0.750000 0.000000 0.000000 -1.709318 151.654999
-31.052126 43.451851 0.750000 0.000000 0.000000 -1.885939 152.074997
-31.083138 43.383709 0.750000 0.000000 0.000000 -2.066126 152.356003
-31.194281 43.216499 0.750000 0.000000 0.000000 -2.207667 152.682007
-31.322355 43.054649 0.750000 0.000000 0.000000 -2.267229 152.852005
-31.458941 42.902225 0.750000 0.000000 0.000000 -2.328776 152.983002
-31.603771 42.757378 0.750000 0.000000 0.000000 -2.377931 153.093002
-31.763460 42.604061 0.750000 0.000000 0.000000 -2.375410 153.203003
-31.937532 42.436558 0.750000 0.000000 0.000000 -2.375457 153.322998
-32.082558 42.297016 0.750000 0.000000 0.000000 -2.375453 153.423004
-32.228039 42.157772 0.750000 0.000000 0.000000 -2.390635 153.522995
-32.401920 42.005447 0.750000 0.000000 0.000000 -2.449224 153.638000
-32.595600 41.851200 0.750000 0.000000 0.000000 -2.473006 153.761002
-32.754681 41.723961 0.750000 0.000000 0.000000 -2.433267 153.863007
-32.906124 41.585163 0.750000 0.000000 0.000000 -2.399903 153.968002
-33.054657 41.449356 0.750000 0.000000 0.000000 -2.400871 154.067993
-33.204491 41.312340 0.750000 0.000000 0.000000 -2.400816 154.169006
-33.358902 41.171135 0.750000 0.000000 0.000000 -2.400812 154.272995
-33.510792 41.036240 0.750000 0.000000 0.000000 -2.439327 154.373993
-33.675690 40.904224 0.750000 0.000000 0.000000 -2.490618 154.479004
-33.836735 40.783585 0.750000 0.000000 0.000000 -2.497805 154.578995
-34.037575 40.632690 0.750000 0.000000 0.000000 -2.497343 154.703995
-34.204876 40.507038 0.750000 0.000000 0.000000 -2.497480 154.807999
-34.364494 40.385742 0.750000 0.000000 0.000000 -2.473919 154.908005
-34.550510 40.241611 0.750000 0.000000 0.000000 -2.500793 155.024994
-34.719456 40.121628 0.750000 0.000000 0.000000 -2.533181 155.128006
-34.884460 40.006439 0.750000 0.000000 0.000000 -2.531752 155.227997
-35.049301 39.891296 0.750000 0.000000 0.000000 -2.531892 155.328003
-35.214184 39.776123 0.750000 0.000000 0.000000 -2.531892 155.427994
-35.385525 39.656445 0.750000 0.000000 0.000000 -2.531896 155.531998
-35.550407 39.541275 0.750000 0.000000 0.000000 -2.531896 155.632004
-35.715694 39.426464 0.750000 0.000000 0.000000 -2.547155 155.731995
-35.885128 39.317886 0.750000 0.000000 0.000000 -2.581264 155.832001
-36.055538 39.207851 0.750000 0.000000 0.000000 -2.557695 155.932999
-36.248848 39.080734 0.750000 0.000000 0.000000 -2.560362 156.048004
-36.426456 38.966404 0.750000 0.000000 0.000000 -2.590712 156.153000
-36.599510 38.863724 0.750000 0.000000 0.000000 -2.607733 156.253006
-36.781132 38.756100 0.750000 0.000000 0.000000 -2.606598 156.358002
-36.954266 38.653503 0.750000 0.000000 0.000000 -2.606632 156.457993
-37.127380 38.550915 0.750000 0.000000 0.000000 -2.606632 156.557999
-37.300407 38.448380 0.750000 0.000000 0.000000 -2.606633 156.658005
-37.478680 38.348320 0.750000 0.000000 0.000000 -2.676469 156.763000
-37.663677 38.268078 0.750000 0.000000 0.000000 -2.752422 156.882996
-37.852943 38.200970 0.750000 0.000000 0.000000 -2.879153 157.033005
-38.050385 38.161930 0.750000 0.000000 0.000000 -2.995483 157.203003
-38.256241 38.138294 0.750000 0.000000 0.000000 -3.055449 157.337997
-38.459194 38.126297 0.750000 0.000000 0.000000 -3.106387 157.447998
-38.660538 38.124287 0.750000 0.000000 -0.000000 3.129038 157.548004
-38.883446 38.130398 0.750000 0.000000 -0.000000 3.111995 157.658997
-39.092667 38.136620 0.750000 0.000000 -0.000000 3.112014 157.763000
-39.293968 38.142574 0.750000 0.000000 -0.000000 3.112021 157.863007
-39.503540 38.146561 0.750000 0.000000 -0.000000 3.099696 157.968002
-39.704521 38.157417 0.750000 0.000000 -0.000000 3.088886 158.067993
-39.907009 38.167850 0.750000 0.000000 -0.000000 3.090136 158.169006
-40.108273 38.178234 0.750000 0.000000 -0.000000 3.090037 158.268997
-40.308781 38.192059 0.750000 0.000000 -0.000000 3.049195 158.369003
-40.508629 38.215801 0.750000 0.000000 -0.000000 3.000364 158.468994
-40.707516 38.245762 0.750000 0.000000 -0.000000 2.992835 158.569000
-40.910522 38.276073 0.750000 0.000000 -0.000000 2.993434 158.671005
-41.113407 38.306362 0.750000 0.000000 -0.000000 2.993352 158.772995
-41.311398 38.338669 0.750000 0.000000 -0.000000 2.956644 158.873001
-41.510792 38.377930 0.750000 0.000000 -0.000000 2.947244 158.973999
-41.708221 38.416759 0.750000 0.000000 -0.000000 2.947387 159.074005
-41.905670 38.455597 0.750000 0.000000 -0.000000 2.947382 159.173996
-42.103371 38.494480 0.750000 0.000000 -0.000000 2.947380 159.274002
-42.300797 38.533314 0.750000 0.000000 -0.000000 2.947381 159.373993
-42.498245 38.572147 0.750000 0.000000 -0.000000 2.947380 159.473999
-42.694820 38.614704 0.750000 0.000000 -0.000000 2.904129 159.574005
-42.889122 38.667080 0.750000 0.000000 -0.000000 2.855302 159.673996
-43.081757 38.725574 0.750000 0.000000 -0.000000 2.847685 159.774002
-43.274445 38.783581 0.750000 0.000000 -0.000000 2.850322 159.873993
-43.465851 38.845356 0.750000 0.000000 -0.000000 2.805861 159.973999
-43.655415 38.912868 0.750000 0.000000 -0.000000 2.800758 160.074005
-43.844856 38.979992 0.750000 0.000000 -0.000000 2.801025 160.173996
-44.034794 39.047321 0.750000 0.000000 -0.000000 2.801019 160.274002
-44.230530 39.121513 0.750000 0.000000 -0.000000 2.755748 160.378006
-44.416405 39.198669 0.750000 0.000000 -0.000000 2.749793 160.477997
-44.602703 39.275475 0.750000 0.000000 -0.000000 2.750470 160.578003
-44.787422 39.355301 0.750000 0.000000 -0.000000 2.710527 160.677994
-44.971165 39.441856 0.750000 0.000000 -0.000000 2.701158 160.779007
-45.153286 39.527641 0.750000 0.000000 -0.000000 2.701281 160.878998
-45.337273 39.614319 0.750000 0.000000 -0.000000 2.701263 160.979996
-45.526814 39.702518 0.750000 0.000000 -0.000000 2.703933 161.084000
-45.710915 39.788673 0.750000 0.000000 -0.000000 2.703950 161.184998
-45.928013 39.890266 0.750000 0.000000 -0.000000 2.703953 161.304001
-46.139263 39.989124 0.750000 0.000000 -0.000000 2.703957 161.419998
-46.347378 40.086514 0.750000 0.000000 -0.000000 2.703963 161.533997
-46.547722 40.180267 0.750000 0.000000 -0.000000 2.703968 161.643997
-46.757252 40.278320 0.750000 0.000000 -0.000000 2.703984 161.759003
-46.940495 40.361248 0.750000 0.000000 -0.000000 2.738229 161.858994
-47.126675 40.437794 0.750000 0.000000 -0.000000 2.752791 161.959000
-47.312775 40.514122 0.750000 0.000000 -0.000000 2.752320 162.059006
-47.500820 40.591259 0.750000 0.000000 -0.000000 2.752321 162.160004
-47.694626 40.670750 0.750000 0.000000 -0.000000 2.752318 162.264008
-47.881031 40.747208 0.750000 0.000000 -0.000000 2.752314 162.363998
-48.067204 40.823570 0.750000 0.000000 -0.000000 2.752310 162.464005
-48.253365 40.899937 0.750000 0.000000 -0.000000 2.752307 162.563995
-48.440697 40.973511 0.750000 0.000000 -0.000000 2.790495 162.664001
-48.633003 41.040333 0.750000 0.000000 -0.000000 2.807796 162.764999
-48.830826 41.109463 0.750000 0.000000 -0.000000 2.805335 162.869003
-49.020374 41.175449 0.750000 0.000000 -0.000000 2.821200 162.968994
-49.212391 41.233562 0.750000 0.000000 -0.000000 2.845039 163.070007
-49.406746 41.293358 0.750000 0.000000 -0.000000 2.842997 163.171005
-49.599300 41.352627 0.750000 0.000000 -0.000000 2.842997 163.270996
-49.793720 41.412472 0.750000 0.000000 -0.000000 2.842999 163.371994
-49.993580 41.473991 0.750000 0.000000 -0.000000 2.842999 163.475998
-50.185749 41.533142 0.750000 0.000000 -0.000000 2.843000 163.576004
-50.378204 41.592381 0.750000 0.000000 -0.000000 2.842998 163.675995
-50.570656 41.651615 0.750000 0.000000 -0.000000 2.843000 163.776001
-50.758484 41.722801 0.750000 0.000000 -0.000000 2.703986 163.880997
-50.937729 41.819038 0.750000 0.000000 -0.000000 2.634969 164.005997
-51.107574 41.933701 0.750000 0.000000 -0.000000 2.467190 164.167999
-51.254471 42.071323 0.750000 0.000000 -0.000000 2.332923 164.365997
-51.390320 42.224331 0.750000 0.000000 -0.000000 2.265586 164.520996
-51.514549 42.384186 0.750000 0.000000 -0.000000 2.184969 164.645996
-51.625851 42.568703 0.750000 0.000000 -0.000000 2.050089 164.802002
-51.712486 42.749870 0.750000 0.000000 -0.000000 1.988066 164.940994
-51.793873 42.941830 0.750000 0.000000 -0.000000 2.004640 165.061005
-51.888527 43.127991 0.750000 0.000000 -0.000000 2.016188 165.181000
-51.972637 43.317623 0.750000 0.000000 -0.000000 1.965144 165.285995
-52.047256 43.510967 0.750000 0.000000 -0.000000 1.915498 165.389008
-52.110439 43.702118 0.750000 0.000000 -0.000000 1.867080 165.488998
-52.181450 43.937153 0.750000 0.000000 -0.000000 1.862577 165.610992
-52.235085 44.135521 0.750000 0.000000 -0.000000 1.809546 165.712997
-52.285862 44.371841 0.750000 0.000000 -0.000000 1.769308 165.832993
-52.326698 44.573093 0.750000 0.000000 -0.000000 1.771657 165.934998
-52.373493 44.792255 0.750000 0.000000 -0.000000 1.826522 166.046997
-52.434017 44.990898 0.750000 0.000000 -0.000000 1.854838 166.156006
-52.488079 45.184750 0.750000 0.000000 -0.000000 1.841666 166.255997
-52.540501 45.379307 0.750000 0.000000 -0.000000 1.814019 166.356003
-52.583874 45.577751 0.750000 0.000000 -0.000000 1.762676 166.457001
-52.620926 45.783543 0.750000 0.000000 -0.000000 1.747913 166.561005
-52.656540 45.981392 0.750000 0.000000 -0.000000 1.749049 166.660995
-52.692581 46.181541 0.750000 0.000000 -0.000000 1.748973 166.761993
-52.726788 46.388062 0.750000 0.000000 -0.000000 1.711648 166.865997
-52.749832 46.588470 0.750000 0.000000 -0.000000 1.662304 166.966003
-52.766148 46.788261 0.750000 0.000000 -0.000000 1.699620 167.069000
-52.797264 46.991127 0.750000 0.000000 -0.000000 1.698641 167.179001
-52.817577 47.191204 0.750000 0.000000 -0.000000 1.649105 167.279007
-52.824299 47.392761 0.750000 0.000000 -0.000000 1.554717 167.384003
-52.818760 47.594540 0.750000 0.000000 -0.000000 1.546071 167.490997
-52.809643 47.795689 0.750000 0.000000 -0.000000 1.501669 167.591003
-52.790653 47.996265 0.750000 0.000000 -0.000000 1.453452 167.690994
-52.766087 48.196133 0.750000 0.000000 -0.000000 1.450539 167.791000
-52.742260 48.396221 0.750000 0.000000 -0.000000 1.453627 167.891006
-52.734524 48.596737 0.750000 0.000000 -0.000000 1.613937 167.998001
-52.761845 48.789806 0.750000 0.000000 -0.000000 1.807145 168.121002
-52.809864 48.930847 0.750000 0.000000 -0.000000 1.989357 168.237000
-52.865513 49.030712 0.750000 0.000000 -0.000000 2.168428 168.350998
-52.917679 49.094479 0.750000 0.000000 -0.000000 2.349070 168.466003
-52.954952 49.126431 0.750000 0.000000 -0.000000 2.529711 168.580994
-52.968597 49.134777 0.750000 0.000000 -0.000000 2.718207 168.701004
-52.968597 49.134777 0.750000 0.000000 -0.000000 2.898849 168.815994
-52.968597 49.134777 0.750000 0.000000 -0.000000 3.087344 168.936005
-52.968597 49.134777 0.750000 0.000000 0.000000 -3.015199 169.050995
-52.968597 49.134777 0.750000 0.000000 0.000000 -2.836534 169.171997
-52.976383 49.131409 0.750000 0.000000 0.000000 -2.660798 169.397003
-52.995056 49.118107 0.750000 0.000000 0.000000 -2.484874 169.671997
-53.088123 49.047913 0.750000 0.000000 0.000000 -2.661733 169.945007
-53.096661 49.043873 0.750000 0.000000 0.000000 -2.839233 170.078003
-53.096661 49.043873 0.750000 0.000000 0.000000 -3.046578 170.210007
-53.096661 49.043873 0.750000 0.000000 -0.000000 3.055965 170.324997
-53.096661 49.043873 0.750000 0.000000 -0.000000 2.851762 170.455002
-53.096661 49.043873 0.750000 0.000000 -0.000000 2.671120 170.570007
-53.096661 49.043873 0.750000 0.000000 -0.000000 2.493620 170.682999
-53.096661 49.043873 0.750000 0.000000 -0.000000 2.312979 170.798004
-53.096661 49.043873 0.750000 0.000000 -0.000000 2.116629 170.923004
-53.096661 49.043873 0.750000 0.000000 -0.000000 1.935987 171.037994
-53.096661 49.043873 0.750000 0.000000 -0.000000 1.759423 171.220001
-53.096661 49.043873 0.750000 0.000000 -0.000000 1.571713 171.343002
-53.096176 49.248169 0.750000 0.000000 -0.000000 1.625455 171.778000
-53.105244 49.449223 0.750000 0.000000 -0.000000 1.634169 171.945007
-53.125401 49.655231 0.750000 0.000000 -0.000000 1.727206 172.078003
-53.154621 49.873875 0.750000 0.000000 -0.000000 1.702672 172.227997
-53.192841 50.071648 0.750000 0.000000 -0.000000 1.849758 172.358994
-53.243912 50.203659 0.750000 0.000000 -0.000000 2.028829 172.473007
-53.306015 50.303833 0.750000 0.000000 -0.000000 2.225178 172.598007
-53.354897 50.357323 0.750000 0.000000 -0.000000 2.401108 172.710007
-53.407673 50.395901 0.750000 0.000000 -0.000000 2.577600 172.873001
-53.580742 50.506557 0.750000 0.000000 -0.000000 2.536586 173.132996
-53.748070 50.627392 0.750000 0.000000 -0.000000 2.513798 173.292999
-53.922913 50.754311 0.750000 0.000000 -0.000000 2.513670 173.423004
-54.088234 50.874329 0.750000 0.000000 -0.000000 2.513679 173.528000
-54.284584 51.014900 0.750000 0.000000 -0.000000 2.540418 173.647995
-54.452785 51.125839 0.750000 0.000000 -0.000000 2.562565 173.748001
-54.627934 51.231026 0.750000 0.000000 -0.000000 2.670300 173.852005
-54.812630 51.304707 0.750000 0.000000 -0.000000 2.850942 173.966995
-54.975250 51.337570 0.750000 0.000000 -0.000000 3.031583 174.082001
-55.107838 51.340126 0.750000 0.000000 0.000000 -3.069390 174.197998
-55.203766 51.324467 0.750000 0.000000 0.000000 -2.888748 174.313004
-55.264954 51.302769 0.750000 0.000000 0.000000 -2.706536 174.429001
-55.291775 51.287693 0.750000 0.000000 0.000000 -2.527465 174.542999
-55.294483 51.285641 0.750000 0.000000 0.000000 -2.346823 174.658005
-55.294483 51.285641 0.750000 0.000000 0.000000 -2.166182 174.772995
-55.294483 51.285641 0.750000 0.000000 0.000000 -2.353106 174.942001
-55.294483 51.285641 0.750000 0.000000 0.000000 -2.531746 175.238998
-55.303249 51.280861 0.750000 0.000000 0.000000 -2.707919 175.453995
-55.412853 51.247505 0.750000 0.000000 0.000000 -2.893098 175.824005
-55.613144 51.206768 0.750000 0.000000 0.000000 -2.980183 176.031998
-55.820808 51.164623 0.750000 0.000000 0.000000 -2.966019 176.201996
-56.021793 51.135368 0.750000 0.000000 0.000000 -3.023949 176.332001
-56.230309 51.115719 0.750000 0.000000 0.000000 -3.055539 176.444000
-56.430676 51.098057 0.750000 0.000000 0.000000 -3.053317 176.544006
-56.633327 51.080132 0.750000 0.000000 0.000000 -3.053453 176.645004
-56.833874 51.062393 0.750000 0.000000 0.000000 -3.053450 176.744995
-57.034340 51.044659 0.750000 0.000000 0.000000 -3.053460 176.845001
-57.234959 51.028866 0.750000 0.000000 0.000000 -3.083039 176.945007
-57.435917 51.020405 0.750000 0.000000 0.000000 -3.102530 177.044998
-57.663563 51.002918 0.750000 0.000000 0.000000 -3.081215 177.160004
-57.864277 50.993553 0.750000 0.000000 0.000000 -3.095687 177.259995
-58.065060 50.984226 0.750000 0.000000 0.000000 -3.095161 177.360001
-58.266193 50.974880 0.750000 0.000000 0.000000 -3.095193 177.460007
-58.467224 50.965542 0.750000 0.000000 0.000000 -3.095191 177.559998
-58.668568 50.958817 0.750000 0.000000 0.000000 -3.130342 177.660004
-58.869644 50.961834 0.750000 0.000000 -0.000000 3.103842 177.759995
-59.070652 50.971947 0.750000 0.000000 -0.000000 3.090870 177.860001
-59.271648 50.981983 0.750000 0.000000 -0.000000 3.091734 177.960007
-59.472622 50.992016 0.750000 0.000000 -0.000000 3.091688 178.059998
-59.680981 50.991646 0.750000 0.000000 0.000000 -3.133368 178.166000
-59.884190 50.993679 0.750000 0.000000 -0.000000 3.107984 178.266998
-60.091248 51.006180 0.750000 0.000000 -0.000000 3.057734 178.369995
-60.291840 51.031288 0.750000 0.000000 -0.000000 2.966984 178.475006
-60.495148 51.074432 0.750000 0.000000 -0.000000 2.909931 178.585007
-60.691360 51.120850 0.750000 0.000000 -0.000000 2.910665 178.684998
-60.887283 51.166870 0.750000 0.000000 -0.000000 2.910794 178.785004
-61.083206 51.212917 0.750000 0.000000 -0.000000 2.910798 178.884995
-61.285847 51.255028 0.750000 0.000000 -0.000000 2.960297 178.988007
-61.486679 51.288879 0.750000 0.000000 -0.000000 3.017999 179.089996
-61.685234 51.313881 0.750000 0.000000 -0.000000 3.013742 179.190002
-61.884819 51.339661 0.750000 0.000000 -0.000000 3.013256 179.289993
-62.104195 51.367989 0.750000 0.000000 -0.000000 3.013261 179.399994
-62.323616 51.396305 0.750000 0.000000 -0.000000 3.013256 179.509995
-62.523247 51.422318 0.750000 0.000000 -0.000000 3.003839 179.610001
-62.751568 51.460556 0.750000 0.000000 -0.000000 2.959938 179.725006
-62.949699 51.495842 0.750000 0.000000 -0.000000 2.977028 179.824997
-63.178860 51.526905 0.750000 0.000000 -0.000000 3.033870 179.940002
-63.379292 51.543262 0.750000 0.000000 -0.000000 3.093100 180.039993
-63.583141 51.540741 0.750000 0.000000 0.000000 -3.114602 180.145004
-63.790077 51.535542 0.750000 0.000000 0.000000 -3.116902 180.248001
-63.991264 51.530544 0.750000 0.000000 0.000000 -3.116776 180.348007
-64.192451 51.525547 0.750000 0.000000 0.000000 -3.116781 180.447998
-64.423882 51.519798 0.750000 0.000000 0.000000 -3.116784 180.563004
-64.629295 51.514698 0.750000 0.000000 0.000000 -3.116786 180.664993
-64.832573 51.509651 0.750000 0.000000 0.000000 -3.116787 180.766006
-65.041565 51.504467 0.750000 0.000000 0.000000 -3.116786 180.869995
-65.242470 51.495792 0.750000 0.000000 0.000000 -3.075820 180.970001
-65.443329 51.480709 0.750000 0.000000 0.000000 -3.066664 181.070007
-65.652214 51.460175 0.750000 0.000000 0.000000 -3.045584 181.175003
-65.852600 51.441307 0.750000 0.000000 0.000000 -3.047510 181.274994
-66.053070 51.422348 0.750000 0.000000 0.000000 -3.047410 181.375000
-66.257133 51.403069 0.750000 0.000000 0.000000 -3.047425 181.477005
-66.465225 51.383415 0.750000 0.000000 0.000000 -3.047424 181.580994
-66.667076 51.364349 0.750000 0.000000 0.000000 -3.047419 181.682007
-66.869148 51.345257 0.750000 0.000000 0.000000 -3.047425 181.783005
-67.075615 51.325748 0.750000 0.000000 0.000000 -3.047430 181.886002
-67.275948 51.306831 0.750000 0.000000 0.000000 -3.047432 181.985992
-67.475662 51.287743 0.750000 0.000000 0.000000 -3.031720 182.085999
-67.678879 51.261936 0.750000 0.000000 0.000000 -3.025321 182.188004
-67.884972 51.238216 0.750000 0.000000 0.000000 -3.026762 182.291000
-68.084976 51.215164 0.750000 0.000000 0.000000 -3.026760 182.391006
-68.293121 51.191166 0.750000 0.000000 0.000000 -3.026756 182.494995
-68.492889 51.168140 0.750000 0.000000 0.000000 -3.026751 182.595001
-68.692780 51.145100 0.750000 0.000000 0.000000 -3.026743 182.695007
-68.893402 51.125477 0.750000 0.000000 0.000000 -3.069232 182.794998
-69.094307 51.111382 0.750000 0.000000 0.000000 -3.070575 182.895004
-69.300026 51.087173 0.750000 0.000000 0.000000 -2.967753 183.005005
-69.495468 51.036240 0.750000 0.000000 0.000000 -2.853244 183.130005
-69.694061 50.979549 0.750000 0.000000 0.000000 -2.875080 183.246994
-69.893875 50.925312 0.750000 0.000000 0.000000 -2.866885 183.350998
-70.106094 50.864033 0.750000 0.000000 0.000000 -2.868142 183.460999
-70.299660 50.808968 0.750000 0.000000 0.000000 -2.854294 183.561005
-70.491943 50.752048 0.750000 0.000000 0.000000 -2.863584 183.660995
-70.696846 50.686756 0.750000 0.000000 0.000000 -2.785102 183.770996
-70.899628 50.607948 0.750000 0.000000 0.000000 -2.779993 183.886002
-71.087402 50.525784 0.750000 0.000000 0.000000 -2.691860 183.994995
-71.278053 50.443424 0.750000 0.000000 0.000000 -2.743680 184.117004
-71.479614 50.350903 0.750000 0.000000 0.000000 -2.682990 184.231995
-71.667290 50.253811 0.750000 0.000000 0.000000 -2.658190 184.337006
-71.889191 50.134842 0.750000 0.000000 0.000000 -2.626042 184.462006
-72.068550 50.026680 0.750000 0.000000 0.000000 -2.575467 184.565994
-72.237030 49.913456 0.750000 0.000000 0.000000 -2.526951 184.667007
-72.398438 49.793278 0.750000 0.000000 0.000000 -2.478868 184.766998
-72.558327 49.661530 0.750000 0.000000 0.000000 -2.428666 184.869995
-72.709976 49.523426 0.750000 0.000000 0.000000 -2.379560 184.972000
-72.852074 49.380772 0.750000 0.000000 0.000000 -2.331459 185.072006
-72.984756 49.229431 0.750000 0.000000 0.000000 -2.236748 185.177002
-73.098320 49.062012 0.750000 0.000000 0.000000 -2.111160 185.300995
-73.190712 48.881187 0.750000 0.000000 0.000000 -1.973438 185.457001
-73.254898 48.690327 0.750000 0.000000 0.000000 -1.867468 185.664993
-73.327950 48.457054 0.750000 0.000000 0.000000 -1.829964 185.862000
-73.362862 48.258202 0.750000 0.000000 0.000000 -1.654535 186.061996
-73.364220 48.149647 0.750000 0.000000 0.000000 -1.478633 186.212006
-73.329521 47.948986 0.750000 0.000000 0.000000 -1.353595 186.462997
-73.272018 47.729378 0.750000 0.000000 0.000000 -1.280003 186.632996
-73.205315 47.528786 0.750000 0.000000 0.000000 -1.223035 186.757004
-73.132011 47.335423 0.750000 0.000000 0.000000 -1.207375 186.862000
-73.060738 47.147243 0.750000 0.000000 0.000000 -1.208797 186.962006
-72.987373 46.953522 0.750000 0.000000 0.000000 -1.208631 187.065002
-72.911545 46.762074 0.750000 0.000000 0.000000 -1.194417 187.167999
-72.834839 46.567181 0.750000 0.000000 0.000000 -1.195914 187.272003
-72.761131 46.379890 0.750000 0.000000 0.000000 -1.195800 187.371994
-72.687401 46.192554 0.750000 0.000000 0.000000 -1.195816 187.472000
-72.613731 46.005360 0.750000 0.000000 0.000000 -1.195807 187.572006
-72.540077 45.818214 0.750000 0.000000 0.000000 -1.195803 187.671997
-72.466446 45.631111 0.750000 0.000000 0.000000 -1.195794 187.772003
-72.395950 45.442360 0.750000 0.000000 0.000000 -1.236987 187.871994
-72.331360 45.249775 0.750000 0.000000 0.000000 -1.246020 187.973007
-72.264404 45.051651 0.750000 0.000000 0.000000 -1.245064 188.076996
-72.197983 44.861553 0.750000 0.000000 0.000000 -1.237631 188.177002
-72.132477 44.671257 0.750000 0.000000 0.000000 -1.239026 188.276993
-72.066818 44.480659 0.750000 0.000000 0.000000 -1.238914 188.376999
-72.001244 44.290344 0.750000 0.000000 0.000000 -1.238918 188.477005
-71.938591 44.099339 0.750000 0.000000 0.000000 -1.276879 188.576996
-71.882111 43.905998 0.750000 0.000000 0.000000 -1.284432 188.677002
-71.825020 43.712765 0.750000 0.000000 0.000000 -1.283684 188.776993
-71.768036 43.519764 0.750000 0.000000 0.000000 -1.283759 188.876999
-71.710953 43.326450 0.750000 0.000000 0.000000 -1.283763 188.977005
-71.657471 43.132530 0.750000 0.000000 0.000000 -1.326373 189.076996
-71.610703 42.936546 0.750000 0.000000 0.000000 -1.336791 189.177002
-71.555611 42.734116 0.750000 0.000000 0.000000 -1.305699 189.281998
-71.506721 42.539047 0.750000 0.000000 0.000000 -1.348472 189.382004
-71.465935 42.333599 0.750000 0.000000 0.000000 -1.398586 189.485992
-71.436485 42.134289 0.750000 0.000000 0.000000 -1.446986 189.585999
-71.412598 41.932144 0.750000 0.000000 0.000000 -1.451841 189.686996
-71.388649 41.732204 0.750000 0.000000 0.000000 -1.451848 189.787003
-71.364769 41.532410 0.750000 0.000000 0.000000 -1.451851 189.886993
-71.342873 41.299824 0.750000 0.000000 0.000000 -1.501762 190.003006
-71.328423 41.095055 0.750000 0.000000 0.000000 -1.498910 190.104996
-71.313133 40.878021 0.750000 0.000000 0.000000 -1.508438 190.212997
-71.289627 40.666531 0.750000 0.000000 0.000000 -1.407122 190.322998
-71.262299 40.458633 0.750000 0.000000 0.000000 -1.469185 190.427994
-71.246674 40.255878 0.750000 0.000000 0.000000 -1.516300 190.529007
-71.240273 40.040565 0.750000 0.000000 0.000000 -1.551555 190.636002
-71.235703 39.839241 0.750000 0.000000 0.000000 -1.546603 190.735992
-71.230743 39.632179 0.750000 0.000000 0.000000 -1.546999 190.839005
-71.225922 39.430748 0.750000 0.000000 0.000000 -1.546977 190.938995
-71.220886 39.219383 0.750000 0.000000 0.000000 -1.546990 191.044006
-71.212814 38.980263 0.750000 0.000000 0.000000 -1.512824 191.162994
-71.195580 38.777874 0.750000 0.000000 0.000000 -1.462469 191.264008
-71.168373 38.572571 0.750000 0.000000 0.000000 -1.394038 191.367996
-71.122017 38.371658 0.750000 0.000000 0.000000 -1.321715 191.475006
-71.066559 38.161301 0.750000 0.000000 0.000000 -1.313366 191.582993
-71.014374 37.962761 0.750000 0.000000 0.000000 -1.313611 191.684998
-70.963181 37.768135 0.750000 0.000000 0.000000 -1.313600 191.785004
-70.912010 37.573559 0.750000 0.000000 0.000000 -1.313599 191.884995
-70.852936 37.347889 0.750000 0.000000 0.000000 -1.321609 192.001007
-70.806297 37.141876 0.750000 0.000000 0.000000 -1.372535 192.106003
-70.768539 36.923946 0.750000 0.000000 0.000000 -1.416231 192.216003
-70.736061 36.717503 0.750000 0.000000 0.000000 -1.413603 192.320007
-70.701279 36.512707 0.750000 0.000000 0.000000 -1.382399 192.423996
-70.657227 36.275131 0.750000 0.000000 0.000000 -1.389987 192.544006
-70.620911 36.077053 0.750000 0.000000 0.000000 -1.389372 192.643997
-70.584679 35.879230 0.750000 0.000000 0.000000 -1.389413 192.744003
-70.541107 35.641472 0.750000 0.000000 0.000000 -1.389392 192.863998
-70.506729 35.443214 0.750000 0.000000 0.000000 -1.421321 192.964005
-70.480438 35.243671 0.750000 0.000000 0.000000 -1.440573 193.063995
-70.453850 35.044209 0.750000 0.000000 0.000000 -1.438252 193.164001
-70.429260 34.842041 0.750000 0.000000 0.000000 -1.471904 193.264999
-70.411461 34.633358 0.750000 0.000000 0.000000 -1.486818 193.369003
-70.388039 34.425121 0.750000 0.000000 0.000000 -1.457476 193.473999
-70.369049 34.224937 0.750000 0.000000 0.000000 -1.499850 193.574005
-70.356972 34.024044 0.750000 0.000000 0.000000 -1.510002 193.673996
-70.344635 33.823196 0.750000 0.000000 0.000000 -1.509532 193.774002
-70.332115 33.618446 0.750000 0.000000 0.000000 -1.509580 193.876007
-70.319496 33.412067 0.750000 0.000000 0.000000 -1.509553 193.979004
-70.310638 33.208904 0.750000 0.000000 0.000000 -1.551102 194.080002
-70.308678 32.999603 0.750000 0.000000 0.000000 -1.560087 194.184006
-70.313576 32.795506 0.750000 0.000000 0.000000 -1.648938 194.289001
-70.341171 32.556923 0.750000 0.000000 0.000000 -1.718383 194.414001
-70.388016 32.291965 0.750000 0.000000 0.000000 -1.806994 194.567001
-70.440437 32.137379 0.750000 0.000000 0.000000 -1.987033 194.682007
-70.519753 31.993540 0.750000 0.000000 0.000000 -2.161671 194.828003
-70.672974 31.805904 0.750000 0.000000 0.000000 -2.291748 195.072006
-70.809258 31.654449 0.750000 0.000000 0.000000 -2.302789 195.216995
-70.948601 31.499466 0.750000 0.000000 0.000000 -2.303020 195.337006
-71.087189 31.344219 0.750000 0.000000 0.000000 -2.285205 195.442001
-71.215096 31.188656 0.750000 0.000000 0.000000 -2.247772 195.542007
-71.353699 31.016197 0.750000 0.000000 0.000000 -2.233454 195.651993
-71.481842 30.842693 0.750000 0.000000 0.000000 -2.199975 195.759003
-71.605797 30.681189 0.750000 0.000000 0.000000 -2.269637 195.863007
-71.741966 30.533091 0.750000 0.000000 0.000000 -2.338876 195.973007
-71.882523 30.390184 0.750000 0.000000 0.000000 -2.346906 196.072998
-72.023392 30.246290 0.750000 0.000000 0.000000 -2.345375 196.173004
-72.164238 30.102367 0.750000 0.000000 0.000000 -2.345461 196.272995
-72.308693 29.951006 0.750000 0.000000 0.000000 -2.309326 196.376999
-72.440193 29.798349 0.750000 0.000000 0.000000 -2.259092 196.477005
-72.564598 29.629673 0.750000 0.000000 0.000000 -2.185867 196.582001
-72.679733 29.464825 0.750000 0.000000 0.000000 -2.182369 196.682007
-72.795448 29.299994 0.750000 0.000000 0.000000 -2.182725 196.781998
-72.911140 29.135111 0.750000 0.000000 0.000000 -2.182701 196.882004
-73.027756 28.968925 0.750000 0.000000 0.000000 -2.182709 196.983002
-73.149315 28.795681 0.750000 0.000000 0.000000 -2.182719 197.087997
-73.265610 28.621542 0.750000 0.000000 0.000000 -2.134215 197.192001
-73.373482 28.449167 0.750000 0.000000 0.000000 -2.131482 197.292999
-73.467117 28.269157 0.750000 0.000000 0.000000 -1.966684 197.401993
-73.524521 28.081448 0.750000 0.000000 0.000000 -1.770335 197.526993
-73.540237 27.938295 0.750000 0.000000 0.000000 -1.592835 197.639999
-73.531952 27.818491 0.750000 0.000000 0.000000 -1.417366 197.759995
-73.508713 27.721485 0.750000 0.000000 0.000000 -1.242312 197.910004
-73.486298 27.671255 0.750000 0.000000 0.000000 -1.067516 198.102005
-73.366013 27.507675 0.750000 0.000000 0.000000 -0.922426 198.593994
-73.245163 27.348236 0.750000 0.000000 0.000000 -0.922226 198.772003
-73.116409 27.178326 0.750000 0.000000 0.000000 -0.922220 198.912003
-72.988747 27.009914 0.750000 0.000000 0.000000 -0.922223 199.026993
-72.867157 26.849546 0.750000 0.000000 0.000000 -0.922228 199.126999
-72.727226 26.664988 0.750000 0.000000 0.000000 -0.922240 199.242004
-72.586273 26.479038 0.750000 0.000000 0.000000 -0.922251 199.358002
-72.459694 26.312094 0.750000 0.000000 0.000000 -0.922265 199.462006
-72.320595 26.132265 0.750000 0.000000 0.000000 -0.913073 199.574997
-72.195724 25.969688 0.750000 0.000000 0.000000 -0.915609 199.677002
-72.071739 25.808428 0.750000 0.000000 0.000000 -0.915453 199.778000
-71.944031 25.642321 0.750000 0.000000 0.000000 -0.915480 199.882004
-71.821198 25.482538 0.750000 0.000000 0.000000 -0.915488 199.981995
-71.697342 25.321404 0.750000 0.000000 0.000000 -0.915495 200.082993
-71.563683 25.147524 0.750000 0.000000 0.000000 -0.915494 200.192001
-71.441162 24.988153 0.750000 0.000000 0.000000 -0.915507 200.292007
-71.315948 24.825256 0.750000 0.000000 0.000000 -0.915515 200.393997
-71.192131 24.664202 0.750000 0.000000 0.000000 -0.915527 200.494995
-71.067070 24.502792 0.750000 0.000000 0.000000 -0.884120 200.597000
-70.938591 24.343515 0.750000 0.000000 0.000000 -0.899253 200.699005
-70.808098 24.179543 0.750000 0.000000 0.000000 -0.897980 200.802994
-70.676376 24.014219 0.750000 0.000000 0.000000 -0.898144 200.908005
-70.549713 23.855223 0.750000 0.000000 0.000000 -0.898148 201.009003
-70.400368 23.667772 0.750000 0.000000 0.000000 -0.898148 201.128006
-70.268829 23.502693 0.750000 0.000000 0.000000 -0.898165 201.233002
-70.140457 23.338726 0.750000 0.000000 0.000000 -0.939607 201.337997
-70.025879 23.158878 0.750000 0.000000 0.000000 -1.061915 201.460999
-69.934547 22.977259 0.750000 0.000000 0.000000 -1.113819 201.589005
-69.835838 22.767111 0.750000 0.000000 0.000000 -1.164047 201.718002
-69.749168 22.548681 0.750000 0.000000 0.000000 -1.219847 201.835007
-69.677170 22.332325 0.750000 0.000000 0.000000 -1.274626 201.947998
-69.623398 22.138666 0.750000 0.000000 0.000000 -1.322926 202.048004
-69.579018 21.942394 0.750000 0.000000 0.000000 -1.371415 202.147995
-69.542297 21.738686 0.750000 0.000000 0.000000 -1.399096 202.251007
-69.506981 21.536474 0.750000 0.000000 0.000000 -1.397660 202.352997
-69.467079 21.308355 0.750000 0.000000 0.000000 -1.397749 202.468002
-69.431328 21.104147 0.750000 0.000000 0.000000 -1.397754 202.570999
-69.390625 20.905300 0.750000 0.000000 0.000000 -1.303519 202.673996
-69.330872 20.706348 0.750000 0.000000 0.000000 -1.299849 202.783997
-69.282166 20.511253 0.750000 0.000000 0.000000 -1.348914 202.884003
-69.241501 20.305834 0.750000 0.000000 0.000000 -1.399194 202.988007
-69.211937 20.104919 0.750000 0.000000 0.000000 -1.447672 203.089005
-69.187538 19.893023 0.750000 0.000000 0.000000 -1.454955 203.195007
-69.163536 19.687208 0.750000 0.000000 0.000000 -1.454890 203.298004
-69.140274 19.487328 0.750000 0.000000 0.000000 -1.454890 203.397995
-69.121078 19.284533 0.750000 0.000000 0.000000 -1.502424 203.498993
-69.112282 19.075411 0.750000 0.000000 0.000000 -1.550364 203.602997
-69.088005 18.852013 0.750000 0.000000 0.000000 -1.369723 203.723007
-69.028870 18.651571 0.750000 0.000000 0.000000 -1.264323 203.852997
-68.972641 18.446295 0.750000 0.000000 0.000000 -1.331867 203.973007
-68.928192 18.241201 0.750000 0.000000 0.000000 -1.380758 204.078003
-68.895424 18.028412 0.750000 0.000000 0.000000 -1.467158 204.188004
-68.882721 17.823843 0.750000 0.000000 0.000000 -1.534015 204.298004
-68.880341 17.622753 0.750000 0.000000 0.000000 -1.582071 204.397995
-68.884544 17.421425 0.750000 0.000000 0.000000 -1.590569 204.498001
-68.888123 17.220203 0.750000 0.000000 0.000000 -1.587041 204.598007
-68.891281 17.017103 0.750000 0.000000 0.000000 -1.579038 204.699005
-68.896591 16.814074 0.750000 0.000000 0.000000 -1.623657 204.800003
-68.912560 16.612095 0.750000 0.000000 0.000000 -1.672678 204.901001
-68.935555 16.393848 0.750000 0.000000 0.000000 -1.674268 205.009995
-68.956306 16.193995 0.750000 0.000000 0.000000 -1.674394 205.110001
-68.978127 15.984120 0.750000 0.000000 0.000000 -1.674373 205.214996
-68.999184 15.781910 0.750000 0.000000 0.000000 -1.677197 205.315994
-69.034050 15.534906 0.750000 0.000000 0.000000 -1.741262 205.440002
-69.072327 15.337310 0.750000 0.000000 0.000000 -1.769719 205.539993
-69.111961 15.139821 0.750000 0.000000 0.000000 -1.768418 205.639999
-69.155800 14.921070 0.750000 0.000000 0.000000 -1.768565 205.751007
-69.196808 14.693213 0.750000 0.000000 0.000000 -1.686854 205.867996
-69.212189 14.490415 0.750000 0.000000 0.000000 -1.660483 205.975998
-69.235977 14.288258 0.750000 0.000000 0.000000 -1.711225 206.076996
-69.273125 14.069924 0.750000 0.000000 0.000000 -1.764345 206.186996
-69.316986 13.873354 0.750000 0.000000 0.000000 -1.813805 206.287003
-69.366837 13.678787 0.750000 0.000000 0.000000 -1.819925 206.386993
-69.416252 13.483885 0.750000 0.000000 0.000000 -1.819190 206.487000
-69.465706 13.288859 0.750000 0.000000 0.000000 -1.819215 206.587006
-69.515198 13.093616 0.750000 0.000000 0.000000 -1.819223 206.686996
-69.564606 12.898712 0.750000 0.000000 0.000000 -1.819237 206.787003
-69.618103 12.704722 0.750000 0.000000 0.000000 -1.862647 206.886993
-69.670433 12.511204 0.750000 0.000000 0.000000 -1.837695 206.987000
-69.728294 12.314487 0.750000 0.000000 0.000000 -1.881123 207.089005
-69.793556 12.117860 0.750000 0.000000 0.000000 -1.889698 207.192001
-69.856705 11.924907 0.750000 0.000000 0.000000 -1.885214 207.292999
-69.923813 11.729506 0.750000 0.000000 0.000000 -1.924281 207.395996
-69.998322 11.542706 0.750000 0.000000 0.000000 -1.973891 207.496002
-70.081886 11.359796 0.750000 0.000000 0.000000 -2.022403 207.595993
-70.171249 11.179602 0.750000 0.000000 0.000000 -2.030365 207.695999
-70.260437 10.999186 0.750000 0.000000 0.000000 -2.029926 207.796005
-70.349731 10.818563 0.750000 0.000000 0.000000 -2.030006 207.895996
-70.438972 10.638047 0.750000 0.000000 0.000000 -2.029983 207.996002
-70.525414 10.457155 0.750000 0.000000 0.000000 -2.016672 208.095993
-70.613113 10.274226 0.750000 0.000000 0.000000 -2.017614 208.197006
-70.700089 10.092593 0.750000 0.000000 0.000000 -2.017608 208.296997
-70.789642 9.905579 0.750000 0.000000 0.000000 -2.017635 208.399994
-70.896614 9.682228 0.750000 0.000000 0.000000 -2.017657 208.522995
-71.007004 9.451822 0.750000 0.000000 0.000000 -2.017673 208.649994
-71.102737 9.252077 0.750000 0.000000 0.000000 -2.017666 208.759995
-71.190567 9.068767 0.750000 0.000000 0.000000 -2.017666 208.860992
-71.278328 8.885591 0.750000 0.000000 0.000000 -2.017669 208.962006
-71.365349 8.703992 0.750000 0.000000 0.000000 -2.017670 209.061996
-71.476151 8.495107 0.750000 0.000000 0.000000 -2.069863 209.181000
-71.573013 8.316661 0.750000 0.000000 0.000000 -2.068174 209.281998
-71.669052 8.139780 0.750000 0.000000 0.000000 -2.068295 209.382004
-71.764931 7.963252 0.750000 0.000000 0.000000 -2.068287 209.481995
-71.861038 7.786265 0.750000 0.000000 0.000000 -2.068281 209.582001
-71.957954 7.607785 0.750000 0.000000 0.000000 -2.068286 209.682999
-72.057762 7.424032 0.750000 0.000000 0.000000 -2.068283 209.787003
-72.153633 7.247441 0.750000 0.000000 0.000000 -2.068292 209.886993
-72.246506 7.069342 0.750000 0.000000 0.000000 -2.027901 209.987000
-72.336060 6.873604 0.750000 0.000000 0.000000 -1.975328 210.093994
-72.411209 6.684780 0.750000 0.000000 0.000000 -1.926585 210.195007
-72.477310 6.486559 0.750000 0.000000 0.000000 -1.871924 210.298996
-72.533554 6.287370 0.750000 0.000000 0.000000 -1.822514 210.401993
-72.579529 6.087483 0.750000 0.000000 0.000000 -1.773351 210.503998
-72.621445 5.880179 0.750000 0.000000 0.000000 -1.772746 210.608994
-72.661171 5.650805 0.750000 0.000000 0.000000 -1.713313 210.725006
-72.685661 5.442710 0.750000 0.000000 0.000000 -1.670759 210.828995
-72.710075 5.202223 0.750000 0.000000 0.000000 -1.672795 210.949005
-72.733574 4.972326 0.750000 0.000000 0.000000 -1.672838 211.063995
-72.754066 4.772499 0.750000 0.000000 0.000000 -1.672853 211.164001
-72.775620 4.562177 0.750000 0.000000 0.000000 -1.672833 211.268997
-72.797951 4.362779 0.750000 0.000000 0.000000 -1.683591 211.369003
-72.819885 4.162702 0.750000 0.000000 0.000000 -1.679513 211.468994
-72.841759 3.962620 0.750000 0.000000 0.000000 -1.679784 211.569000
-72.862076 3.762407 0.750000 0.000000 0.000000 -1.653195 211.669006
-72.873375 3.561469 0.750000 0.000000 0.000000 -1.603869 211.768997
-72.876831 3.360377 0.750000 0.000000 0.000000 -1.585604 211.869003
-72.880356 3.149382 0.750000 0.000000 0.000000 -1.588857 211.973999
-72.884117 2.948666 0.750000 0.000000 0.000000 -1.589483 212.074005
-72.887932 2.743577 0.750000 0.000000 0.000000 -1.589448 212.175995
-72.891785 2.536512 0.750000 0.000000 0.000000 -1.589459 212.279007
-72.893028 2.335929 0.750000 0.000000 0.000000 -1.555720 212.378998
-72.892105 2.128512 0.750000 0.000000 0.000000 -1.626800 212.483994
-72.909050 1.922567 0.750000 0.000000 0.000000 -1.621417 212.598999
-72.911858 1.718299 0.750000 0.000000 0.000000 -1.554145 212.705002
-72.902771 1.509218 0.750000 0.000000 0.000000 -1.503429 212.809006
-72.883492 1.304845 0.750000 0.000000 0.000000 -1.452912 212.910995
-72.848602 1.069803 0.750000 0.000000 0.000000 -1.396255 213.029007
-72.798111 0.827467 0.750000 0.000000 0.000000 -1.337450 213.151993
-72.745071 0.627662 0.750000 0.000000 0.000000 -1.286834 213.257004
-72.687355 0.433454 0.750000 0.000000 0.000000 -1.318829 213.371994
-72.645218 0.230475 0.750000 0.000000 0.000000 -1.393955 213.500000
-72.617813 0.031155 0.750000 0.000000 0.000000 -1.500345 213.610001
-72.604713 -0.174651 0.750000 0.000000 0.000000 -1.499622 213.720001
-72.586281 -0.435373 0.750000 0.000000 0.000000 -1.500388 213.850006
-72.571136 -0.666369 0.750000 0.000000 0.000000 -1.522954 213.964996
-72.567162 -0.897803 0.750000 0.000000 0.000000 -1.580454 214.080002
-72.571976 -1.098993 0.750000 0.000000 0.000000 -1.596712 214.179993
-72.577080 -1.299803 0.750000 0.000000 0.000000 -1.596106 214.279999
-72.584068 -1.500921 0.750000 0.000000 0.000000 -1.625643 214.380005
-72.598549 -1.701646 0.750000 0.000000 0.000000 -1.645185 214.479996
-72.614044 -1.912455 0.750000 0.000000 0.000000 -1.643771 214.585007
-72.626961 -2.113161 0.750000 0.000000 0.000000 -1.631994 214.684998
-72.640442 -2.322074 0.750000 0.000000 0.000000 -1.635629 214.789001
-72.653488 -2.522903 0.750000 0.000000 0.000000 -1.635445 214.889008
-72.669426 -2.727696 0.750000 0.000000 0.000000 -1.670222 214.990997
-72.695755 -2.935387 0.750000 0.000000 0.000000 -1.720873 215.095001
-72.727158 -3.134171 0.750000 0.000000 0.000000 -1.726328 215.195007
-72.759270 -3.339375 0.750000 0.000000 0.000000 -1.726056 215.298004
-72.790382 -3.538078 0.750000 0.000000 0.000000 -1.726060 215.397995
-72.821487 -3.736807 0.750000 0.000000 0.000000 -1.726060 215.498001
-72.852600 -3.935535 0.750000 0.000000 0.000000 -1.726058 215.598007
-72.888237 -4.133586 0.750000 0.000000 0.000000 -1.771931 215.697998
-72.922836 -4.334908 0.750000 0.000000 0.000000 -1.668598 215.802994
-72.946404 -4.537540 0.750000 0.000000 0.000000 -1.713041 215.908005
-72.976387 -4.736695 0.750000 0.000000 0.000000 -1.719149 216.007996
-73.006172 -4.935854 0.750000 0.000000 0.000000 -1.719419 216.108002
-73.047249 -5.163522 0.750000 0.000000 0.000000 -1.770926 216.223007
-73.097099 -5.410340 0.750000 0.000000 0.000000 -1.769262 216.348007
-73.155533 -5.683997 0.750000 0.000000 0.000000 -1.808125 216.487000
-73.197906 -5.883785 0.750000 0.000000 0.000000 -1.708682 216.591995
-73.211617 -6.084206 0.750000 0.000000 0.000000 -1.585093 216.712006
-73.201019 -6.311996 0.750000 0.000000 0.000000 -1.485871 216.876999
-73.176506 -6.518387 0.750000 0.000000 0.000000 -1.425063 217.007004
-73.140526 -6.724245 0.750000 0.000000 0.000000 -1.373411 217.117004
-73.092567 -6.934004 0.750000 0.000000 0.000000 -1.313795 217.223999
-73.023834 -7.125270 0.750000 0.000000 0.000000 -1.142578 217.334000
-72.921043 -7.303423 0.750000 0.000000 0.000000 -0.947223 217.468002
-72.829353 -7.409132 0.750000 0.000000 0.000000 -0.766772 217.582993
-72.672104 -7.539004 0.750000 0.000000 0.000000 -0.665364 217.787003
-72.516052 -7.667816 0.750000 0.000000 0.000000 -0.720359 217.936996
-72.367836 -7.805750 0.750000 0.000000 0.000000 -0.775020 218.057007
-72.218391 -7.960461 0.750000 0.000000 0.000000 -0.827411 218.167007
-72.066765 -8.135346 0.750000 0.000000 0.000000 -0.882888 218.281998
-71.942909 -8.294104 0.750000 0.000000 0.000000 -0.931029 218.382004
-71.825111 -8.457123 0.750000 0.000000 0.000000 -0.946912 218.481995
-71.709328 -8.621721 0.750000 0.000000 0.000000 -0.979424 218.582001
-71.601540 -8.791796 0.750000 0.000000 0.000000 -1.029016 218.682007
-71.500687 -8.966091 0.750000 0.000000 0.000000 -1.048959 218.781998
-71.399857 -9.140414 0.750000 0.000000 0.000000 -1.044576 218.882004
-71.299782 -9.314879 0.750000 0.000000 0.000000 -1.067979 218.981995
-71.203735 -9.502716 0.750000 0.000000 0.000000 -1.125236 219.087006
-71.119431 -9.685600 0.750000 0.000000 0.000000 -1.140127 219.186996
-71.034111 -9.876657 0.750000 0.000000 0.000000 -1.173718 219.291000
-70.961472 -10.064424 0.750000 0.000000 0.000000 -1.226841 219.391006
-70.895271 -10.254605 0.750000 0.000000 0.000000 -1.235029 219.490997
-70.828796 -10.444698 0.750000 0.000000 0.000000 -1.234409 219.591003
-70.762383 -10.634551 0.750000 0.000000 0.000000 -1.234434 219.690994
-70.693520 -10.831462 0.750000 0.000000 0.000000 -1.234443 219.796005
-70.628731 -11.029773 0.750000 0.000000 0.000000 -1.279036 219.901993
-70.572647 -11.237589 0.750000 0.000000 0.000000 -1.332710 220.009003
-70.529198 -11.439981 0.750000 0.000000 0.000000 -1.389181 220.112000
-70.493088 -11.684784 0.750000 0.000000 0.000000 -1.440320 220.235001
-70.466705 -11.884325 0.750000 0.000000 0.000000 -1.438534 220.335007
-70.433319 -12.135335 0.750000 0.000000 0.000000 -1.438536 220.460999
-70.406776 -12.334776 0.750000 0.000000 0.000000 -1.438532 220.561005
-70.379997 -12.536001 0.750000 0.000000 0.000000 -1.438542 220.662003
-70.352829 -12.743577 0.750000 0.000000 0.000000 -1.453410 220.766006
-70.335457 -12.944426 0.750000 0.000000 0.000000 -1.509349 220.865997
-70.327774 -13.145638 0.750000 0.000000 0.000000 -1.545490 220.966003
-70.321503 -13.386926 0.750000 0.000000 0.000000 -1.544609 221.085999
-70.316246 -13.587978 0.750000 0.000000 0.000000 -1.544656 221.186005
-70.310997 -13.788906 0.750000 0.000000 0.000000 -1.544649 221.285995
-70.308876 -13.989513 0.750000 0.000000 0.000000 -1.561508 221.386002
-70.306496 -14.190623 0.750000 0.000000 0.000000 -1.558641 221.485992
-70.304054 -14.391483 0.750000 0.000000 0.000000 -1.558730 221.585999
-70.301613 -14.592718 0.750000 0.000000 0.000000 -1.558731 221.686005
-70.299072 -14.801827 0.750000 0.000000 0.000000 -1.558739 221.789993
-70.296631 -15.003312 0.750000 0.000000 0.000000 -1.558746 221.889999
-70.294189 -15.204422 0.750000 0.000000 0.000000 -1.558754 221.990005
-70.291748 -15.406157 0.750000 0.000000 0.000000 -1.558763 222.089996
-70.289307 -15.607391 0.750000 0.000000 0.000000 -1.558770 222.190002
-70.286743 -15.818625 0.750000 0.000000 0.000000 -1.558780 222.294998
-70.284386 -16.019609 0.750000 0.000000 0.000000 -1.566642 222.395004
-70.290726 -16.228502 0.750000 0.000000 0.000000 -1.602361 222.500000
-70.297104 -16.435722 0.750000 0.000000 0.000000 -1.601472 222.602997
-70.303284 -16.636974 0.750000 0.000000 0.000000 -1.601463 222.703003
-70.309517 -16.840076 0.750000 0.000000 0.000000 -1.601462 222.804001
-70.315956 -17.049448 0.750000 0.000000 0.000000 -1.601458 222.908005
-70.322266 -17.254896 0.750000 0.000000 0.000000 -1.601457 223.009995
-70.329552 -17.492252 0.750000 0.000000 0.000000 -1.601457 223.128006
-70.337799 -17.731647 0.750000 0.000000 0.000000 -1.630924 223.248001
-70.362358 -17.933548 0.750000 0.000000 0.000000 -1.747054 223.363007
-70.410507 -18.130777 0.750000 0.000000 0.000000 -1.872348 223.503006
-70.476204 -18.325476 0.750000 0.000000 0.000000 -1.930752 223.649002
-70.554405 -18.516348 0.750000 0.000000 0.000000 -1.985204 223.768005
-70.643150 -18.704378 0.750000 0.000000 0.000000 -2.035080 223.873001
-70.738785 -18.883671 0.750000 0.000000 0.000000 -2.083988 223.973999
-70.846199 -19.062937 0.750000 0.000000 0.000000 -2.134858 224.078003
-70.958199 -19.230333 0.750000 0.000000 0.000000 -2.183198 224.177994
-71.082611 -19.401051 0.750000 0.000000 0.000000 -2.203152 224.283005
-71.207230 -19.571552 0.750000 0.000000 0.000000 -2.202003 224.388000
-71.327965 -19.732389 0.750000 0.000000 0.000000 -2.236754 224.488007
-71.454407 -19.889050 0.750000 0.000000 0.000000 -2.250177 224.587997
-71.580750 -20.045713 0.750000 0.000000 0.000000 -2.249368 224.688004
-71.708763 -20.200750 0.750000 0.000000 0.000000 -2.259495 224.787994
-71.835968 -20.356150 0.750000 0.000000 0.000000 -2.256709 224.888000
-71.963486 -20.511898 0.750000 0.000000 0.000000 -2.256893 224.988007
-72.092880 -20.665939 0.750000 0.000000 0.000000 -2.290967 225.087997
-72.229546 -20.813534 0.750000 0.000000 0.000000 -2.341969 225.188004
-72.377357 -20.961763 0.750000 0.000000 0.000000 -2.355160 225.292007
-72.523956 -21.108986 0.750000 0.000000 0.000000 -2.354120 225.395004
-72.670395 -21.255962 0.750000 0.000000 0.000000 -2.354273 225.498001
-72.815392 -21.401497 0.750000 0.000000 0.000000 -2.354264 225.600006
-72.959061 -21.545685 0.750000 0.000000 0.000000 -2.354256 225.701004
-73.103859 -21.685966 0.750000 0.000000 0.000000 -2.394362 225.800995
-73.255020 -21.818981 0.750000 0.000000 0.000000 -2.442833 225.901001
-73.413155 -21.949793 0.750000 0.000000 0.000000 -2.449905 226.003006
-73.568169 -22.078241 0.750000 0.000000 0.000000 -2.449688 226.102997
-73.724625 -22.207888 0.750000 0.000000 0.000000 -2.449702 226.203995
-73.881454 -22.337835 0.750000 0.000000 0.000000 -2.449719 226.304993
-74.040352 -22.464319 0.750000 0.000000 0.000000 -2.492732 226.406006
-74.206451 -22.588146 0.750000 0.000000 0.000000 -2.500174 226.509003
-74.367859 -22.708773 0.750000 0.000000 0.000000 -2.499887 226.608994
-74.529167 -22.835337 0.750000 0.000000 0.000000 -2.413576 226.714005
-74.674751 -22.994740 0.750000 0.000000 0.000000 -2.209372 226.843994
-74.779396 -23.167871 0.750000 0.000000 0.000000 -2.122978 226.998993
-74.857468 -23.309120 0.750000 0.000000 0.000000 -1.944817 227.184998
-74.908058 -23.502750 0.750000 0.000000 0.000000 -1.775470 227.488998
-74.934036 -23.704422 0.750000 0.000000 0.000000 -1.641629 227.707001
-74.942841 -23.933266 0.750000 0.000000 0.000000 -1.576917 227.882996
-74.938156 -24.136309 0.750000 0.000000 0.000000 -1.521763 228.005005
-74.922897 -24.340723 0.750000 0.000000 0.000000 -1.474126 228.110992
-74.911240 -24.540495 0.750000 0.000000 0.000000 -1.585044 228.214996
-74.915031 -24.790163 0.750000 0.000000 0.000000 -1.551340 228.345993
-74.905388 -24.991062 0.750000 0.000000 0.000000 -1.508311 228.445999
-74.893219 -25.191946 0.750000 0.000000 0.000000 -1.511563 228.546005
-74.881226 -25.393118 0.750000 0.000000 0.000000 -1.511263 228.645996
-74.868797 -25.601549 0.750000 0.000000 0.000000 -1.511288 228.750000
-74.855042 -25.832275 0.750000 0.000000 0.000000 -1.511291 228.865005
-74.839943 -26.040068 0.750000 0.000000 0.000000 -1.448463 228.970001
-74.791672 -26.258005 0.750000 0.000000 0.000000 -1.275300 229.100006
-74.713364 -26.480064 0.750000 0.000000 0.000000 -1.228481 229.244995
-74.659607 -26.679310 0.750000 0.000000 0.000000 -1.293570 229.380005
-74.587486 -26.869802 0.750000 0.000000 0.000000 -1.155180 229.554993
-74.504082 -27.055365 0.750000 0.000000 0.000000 -1.125151 229.709000
-74.412750 -27.243353 0.750000 0.000000 0.000000 -1.119120 229.834000
-74.308937 -27.457342 0.750000 0.000000 0.000000 -1.119042 229.955002
-74.221230 -27.638159 0.750000 0.000000 0.000000 -1.119034 230.054993
-74.115715 -27.855684 0.750000 0.000000 0.000000 -1.118999 230.175003
-74.013786 -28.065781 0.750000 0.000000 0.000000 -1.118983 230.291000
-73.924316 -28.254971 0.750000 0.000000 0.000000 -1.129682 230.395004
-73.838089 -28.437092 0.750000 0.000000 0.000000 -1.128532 230.494995
-73.751846 -28.619211 0.750000 0.000000 0.000000 -1.128561 230.595001
-73.665482 -28.801598 0.750000 0.000000 0.000000 -1.128562 230.695007
-73.579437 -28.983316 0.750000 0.000000 0.000000 -1.128564 230.794998
-73.493462 -29.164881 0.750000 0.000000 0.000000 -1.128565 230.895004
-73.407394 -29.346643 0.750000 0.000000 0.000000 -1.128565 230.994995
-73.321266 -29.528519 0.750000 0.000000 0.000000 -1.128572 231.095001
-73.232437 -29.716112 0.750000 0.000000 0.000000 -1.128574 231.197998
-73.144783 -29.901222 0.750000 0.000000 0.000000 -1.128578 231.300003
-73.058647 -30.083124 0.750000 0.000000 0.000000 -1.128580 231.399994
-72.977142 -30.269337 0.750000 0.000000 0.000000 -1.166641 231.501999
-72.893852 -30.458845 0.750000 0.000000 0.000000 -1.155248 231.604996
-72.813042 -30.643053 0.750000 0.000000 0.000000 -1.159117 231.705002
-72.729317 -30.835226 0.750000 0.000000 0.000000 -1.159810 231.809998
-72.635414 -31.051054 0.750000 0.000000 0.000000 -1.166816 231.945007
-72.557236 -31.250559 0.750000 0.000000 0.000000 -1.221856 232.098999
-72.489967 -31.442215 0.750000 0.000000 0.000000 -1.256724 232.298996
-72.434166 -31.639433 0.750000 0.000000 0.000000 -1.328381 232.464005
-72.389992 -31.845066 0.750000 0.000000 0.000000 -1.371770 232.595993
-72.348747 -32.047401 0.750000 0.000000 0.000000 -1.369503 232.705994
-72.309525 -32.254990 0.750000 0.000000 0.000000 -1.407874 232.811005
-72.280899 -32.464520 0.750000 0.000000 0.000000 -1.459084 232.916000
-72.259132 -32.666424 0.750000 0.000000 0.000000 -1.463457 233.016998
-72.236961 -32.872478 0.750000 0.000000 0.000000 -1.463442 233.119995
-72.215446 -33.072464 0.750000 0.000000 0.000000 -1.463401 233.220001
-72.198242 -33.278481 0.750000 0.000000 0.000000 -1.511657 233.322998
-72.191353 -33.526299 0.750000 0.000000 0.000000 -1.571566 233.445999
-72.198044 -33.755810 0.750000 0.000000 0.000000 -1.617134 233.559998
-72.207626 -33.956879 0.750000 0.000000 0.000000 -1.628333 233.660004
-72.218796 -34.157574 0.750000 0.000000 0.000000 -1.625301 233.759995
-72.229759 -34.358406 0.750000 0.000000 0.000000 -1.625492 233.860001
-72.241913 -34.579750 0.750000 0.000000 0.000000 -1.625476 233.970001
-72.254036 -34.800648 0.750000 0.000000 0.000000 -1.625441 234.080002
-72.265015 -35.001602 0.750000 0.000000 0.000000 -1.625420 234.179993
-72.276451 -35.211040 0.750000 0.000000 0.000000 -1.625430 234.283997
-72.290184 -35.462177 0.750000 0.000000 0.000000 -1.625442 234.408997
-72.301170 -35.663258 0.750000 0.000000 0.000000 -1.625448 234.509003
-72.312607 -35.872303 0.750000 0.000000 0.000000 -1.625454 234.613007
-72.323944 -36.079369 0.750000 0.000000 0.000000 -1.625444 234.716003
-72.351387 -36.280148 0.750000 0.000000 0.000000 -1.790378 234.824997
-72.393059 -36.490982 0.750000 0.000000 0.000000 -1.733819 234.940002
-72.424492 -36.730240 0.750000 0.000000 0.000000 -1.685679 235.059998
-72.450119 -36.950382 0.750000 0.000000 0.000000 -1.686972 235.169998
-72.478127 -37.190254 0.750000 0.000000 0.000000 -1.686893 235.289993
-72.501457 -37.390278 0.750000 0.000000 0.000000 -1.686894 235.389999
-72.524788 -37.590122 0.750000 0.000000 0.000000 -1.686892 235.490005
-72.550186 -37.807648 0.750000 0.000000 0.000000 -1.686870 235.598999
-72.575775 -38.026787 0.750000 0.000000 0.000000 -1.686845 235.709000
-72.599121 -38.226677 0.750000 0.000000 0.000000 -1.686803 235.809006
-72.623947 -38.425362 0.750000 0.000000 0.000000 -1.733905 235.908997
-72.666527 -38.622528 0.750000 0.000000 0.000000 -1.787053 236.014008
-72.707550 -38.819546 0.750000 0.000000 0.000000 -1.767771 236.113998
-72.743134 -39.017357 0.750000 0.000000 0.000000 -1.725646 236.214005
-72.772026 -39.216515 0.750000 0.000000 0.000000 -1.715171 236.313995
-72.801071 -39.415520 0.750000 0.000000 0.000000 -1.715793 236.414001
-72.830139 -39.614647 0.750000 0.000000 0.000000 -1.715773 236.514008
-72.859230 -39.813896 0.750000 0.000000 0.000000 -1.715771 236.613998
-72.888344 -40.013268 0.750000 0.000000 0.000000 -1.715767 236.714005
-72.915192 -40.212830 0.750000 0.000000 0.000000 -1.682611 236.813995
-72.935745 -40.412899 0.750000 0.000000 0.000000 -1.673312 236.914001
-72.953453 -40.613354 0.750000 0.000000 0.000000 -1.636053 237.014008
-72.971085 -40.813316 0.750000 0.000000 0.000000 -1.657845 237.113998
-72.988197 -41.013977 0.750000 0.000000 0.000000 -1.655911 237.214005
-73.005371 -41.214642 0.750000 0.000000 0.000000 -1.656072 237.313995
-73.026131 -41.414673 0.750000 0.000000 0.000000 -1.696584 237.414001
-73.054207 -41.613964 0.750000 0.000000 0.000000 -1.710988 237.514008
-73.081894 -41.813179 0.750000 0.000000 0.000000 -1.708969 237.613998
-73.109650 -42.012371 0.750000 0.000000 0.000000 -1.709136 237.714005
-73.137436 -42.211815 0.750000 0.000000 0.000000 -1.709115 237.813995
-73.165192 -42.411007 0.750000 0.000000 0.000000 -1.709098 237.914001
-73.193428 -42.613693 0.750000 0.000000 0.000000 -1.709090 238.016006
-73.226555 -42.820187 0.750000 0.000000 0.000000 -1.755140 238.119995
-73.268669 -43.021702 0.750000 0.000000 0.000000 -1.769132 238.223007
-73.313263 -43.254772 0.750000 0.000000 0.000000 -1.753386 238.341003
-73.351334 -43.460484 0.750000 0.000000 0.000000 -1.754303 238.445007
-73.388817 -43.662586 0.750000 0.000000 0.000000 -1.754207 238.546997
-73.426971 -43.868195 0.750000 0.000000 0.000000 -1.756584 238.651001
-73.470520 -44.066227 0.750000 0.000000 0.000000 -1.814260 238.751999
-73.524544 -44.259830 0.750000 0.000000 0.000000 -1.865756 238.852005
-73.588112 -44.478306 0.750000 0.000000 0.000000 -1.807024 238.972000
-73.614723 -44.661072 0.750000 0.000000 0.000000 -1.626382 239.087006
-73.609352 -44.812584 0.750000 0.000000 0.000000 -1.445741 239.201996
-73.568962 -45.009766 0.750000 0.000000 0.000000 -1.277665 239.427002
-73.541267 -45.078037 0.750000 0.000000 0.000000 -1.086270 239.587006
-73.526031 -45.102345 0.750000 0.000000 0.000000 -0.911140 239.757004
-73.481247 -45.151363 0.750000 0.000000 0.000000 -0.735362 240.011993
-73.388802 -45.216366 0.750000 0.000000 0.000000 -0.560345 240.352005
-73.218262 -45.322472 0.750000 0.000000 0.000000 -0.538972 240.576004
-73.039284 -45.424164 0.750000 0.000000 0.000000 -0.513378 240.731003
-72.827156 -45.543831 0.750000 0.000000 0.000000 -0.513545 240.873001
-72.638382 -45.650314 0.750000 0.000000 0.000000 -0.513553 240.981995
-72.462639 -45.748226 0.750000 0.000000 0.000000 -0.490765 241.082001
-72.273399 -45.842354 0.750000 0.000000 0.000000 -0.436959 241.186996
-72.071213 -45.932148 0.750000 0.000000 0.000000 -0.414042 241.296997
-71.884903 -46.014313 0.750000 0.000000 0.000000 -0.415489 241.397995
-71.700981 -46.095448 0.750000 0.000000 0.000000 -0.415410 241.498001
-71.518654 -46.181740 0.750000 0.000000 0.000000 -0.442543 241.598999
-71.318222 -46.271503 0.750000 0.000000 0.000000 -0.396079 241.707993
-71.123932 -46.350189 0.750000 0.000000 0.000000 -0.384411 241.811996
-70.931694 -46.428009 0.750000 0.000000 0.000000 -0.384623 241.914993
-70.732475 -46.508667 0.750000 0.000000 0.000000 -0.384613 242.022003
-70.544174 -46.584904 0.750000 0.000000 0.000000 -0.384604 242.123001
-70.357727 -46.660389 0.750000 0.000000 0.000000 -0.384595 242.223007
-70.170937 -46.736015 0.750000 0.000000 0.000000 -0.384585 242.322998
-69.957443 -46.815601 0.750000 0.000000 0.000000 -0.329655 242.436005
-69.736504 -46.884399 0.750000 0.000000 0.000000 -0.284035 242.550995
-69.513954 -46.949402 0.750000 0.000000 0.000000 -0.284271 242.666000
-69.321129 -47.007271 0.750000 0.000000 0.000000 -0.305048 242.766006
-69.128777 -47.066536 0.750000 0.000000 0.000000 -0.295823 242.865997
-68.936310 -47.125317 0.750000 0.000000 0.000000 -0.296802 242.966003
-68.725830 -47.189762 0.750000 0.000000 0.000000 -0.297268 243.076004
-68.533661 -47.248631 0.750000 0.000000 0.000000 -0.297237 243.175995
-68.335876 -47.309223 0.750000 0.000000 0.000000 -0.297241 243.279007
-68.135567 -47.369396 0.750000 0.000000 0.000000 -0.274354 243.382996
-67.933022 -47.422329 0.750000 0.000000 0.000000 -0.252023 243.487000
-67.738190 -47.472767 0.750000 0.000000 0.000000 -0.253639 243.587006
-67.524109 -47.528252 0.750000 0.000000 0.000000 -0.253534 243.697006
-67.328316 -47.575600 0.750000 0.000000 0.000000 -0.214926 243.796997
-67.113647 -47.624134 0.750000 0.000000 0.000000 -0.223904 243.906998
-66.909058 -47.669186 0.750000 0.000000 0.000000 -0.211620 244.011002
-66.711334 -47.707951 0.750000 0.000000 0.000000 -0.169931 244.110992
-66.512459 -47.740219 0.750000 0.000000 0.000000 -0.161725 244.210999
-66.313835 -47.772747 0.750000 0.000000 0.000000 -0.162291 244.311005
-66.114906 -47.802582 0.750000 0.000000 0.000000 -0.124453 244.410995
-65.914726 -47.822094 0.750000 0.000000 0.000000 -0.074357 244.511002
-65.710655 -47.835136 0.750000 0.000000 0.000000 -0.063986 244.615997
-65.472275 -47.850552 0.750000 0.000000 0.000000 -0.064407 244.740997
-65.221199 -47.866768 0.750000 0.000000 0.000000 -0.064442 244.865997
-64.981758 -47.884384 0.750000 0.000000 0.000000 -0.119412 244.985992
-64.775536 -47.921581 0.750000 0.000000 0.000000 -0.191125 245.095993
-64.575569 -47.960072 0.750000 0.000000 0.000000 -0.189818 245.197006
-64.377747 -47.998100 0.750000 0.000000 0.000000 -0.189959 245.296997
-64.179955 -48.036133 0.750000 0.000000 0.000000 -0.189951 245.397003
-63.974617 -48.075615 0.750000 0.000000 0.000000 -0.189949 245.501007
-63.777008 -48.113609 0.750000 0.000000 0.000000 -0.189948 245.600998
-63.579250 -48.151638 0.750000 0.000000 0.000000 -0.189948 245.701004
-63.371334 -48.191612 0.750000 0.000000 0.000000 -0.189947 245.806000
-63.173733 -48.229607 0.750000 0.000000 0.000000 -0.189947 245.906006
-62.976009 -48.267624 0.750000 0.000000 0.000000 -0.189946 246.005997
-62.774498 -48.309963 0.750000 0.000000 0.000000 -0.209406 246.108994
-62.573551 -48.351894 0.750000 0.000000 0.000000 -0.205607 246.210999
-62.376434 -48.393040 0.750000 0.000000 0.000000 -0.205802 246.311005
-62.177704 -48.434528 0.750000 0.000000 0.000000 -0.205783 246.412003
-61.968838 -48.478130 0.750000 0.000000 0.000000 -0.205783 246.518005
-61.761955 -48.521313 0.750000 0.000000 0.000000 -0.205782 246.623001
-61.556808 -48.564125 0.750000 0.000000 0.000000 -0.205785 246.727005
-61.351082 -48.602352 0.750000 0.000000 0.000000 -0.161108 246.830994
-61.148453 -48.635330 0.750000 0.000000 0.000000 -0.161715 246.932999
-60.878826 -48.670063 0.750000 0.000000 0.000000 -0.111042 247.067993
-60.672737 -48.693405 0.750000 0.000000 0.000000 -0.113349 247.171005
-60.462730 -48.727886 0.750000 0.000000 0.000000 -0.202722 247.281998
-60.259560 -48.759911 0.750000 0.000000 0.000000 -0.146778 247.401001
-60.058163 -48.790634 0.750000 0.000000 0.000000 -0.151676 247.505997
-59.858772 -48.818703 0.750000 0.000000 0.000000 -0.117123 247.606003
-59.656582 -48.839634 0.750000 0.000000 0.000000 -0.103558 247.707001
-59.448513 -48.861584 0.750000 0.000000 0.000000 -0.105170 247.811005
-59.248077 -48.878925 0.750000 0.000000 0.000000 -0.063186 247.910995
-59.047016 -48.886482 0.750000 0.000000 0.000000 -0.014726 248.011002
-58.845589 -48.898861 0.750000 0.000000 0.000000 -0.138440 248.115997
-58.658348 -48.943012 0.750000 0.000000 0.000000 -0.320652 248.231995
-58.494179 -49.017330 0.750000 0.000000 0.000000 -0.531139 248.365997
-58.398327 -49.085995 0.750000 0.000000 0.000000 -0.711780 248.481003
-58.338737 -49.147568 0.750000 0.000000 0.000000 -0.893993 248.597000
-58.309586 -49.190895 0.750000 0.000000 0.000000 -1.073064 248.710999
-58.301495 -49.208534 0.750000 0.000000 0.000000 -1.253705 248.826004
-58.301495 -49.208534 0.750000 0.000000 0.000000 -1.434347 248.940994
-58.301495 -49.208534 0.750000 0.000000 0.000000 -1.638551 249.070999
-58.301495 -49.208534 0.750000 0.000000 0.000000 -1.457909 249.306000
-58.301495 -49.208534 0.750000 0.000000 0.000000 -1.277267 249.421005
-58.301495 -49.208534 0.750000 0.000000 0.000000 -1.088772 249.561005
-58.301495 -49.208534 0.750000 0.000000 0.000000 -0.908130 249.675995
-58.301495 -49.208534 0.750000 0.000000 0.000000 -0.727488 249.791000
-58.301495 -49.208534 0.750000 0.000000 0.000000 -0.546847 249.906006
-58.301495 -49.208534 0.750000 0.000000 0.000000 -0.366484 250.044998
-58.301205 -49.208618 0.750000 0.000000 0.000000 -0.186648 250.205002
-58.300632 -49.208679 0.750000 0.000000 0.000000 -0.010333 250.380005
-58.283703 -49.206333 0.750000 0.000000 -0.000000 0.164808 250.701004
-58.086872 -49.158928 0.750000 0.000000 -0.000000 0.286791 251.011002
-57.889713 -49.098919 0.750000 0.000000 -0.000000 0.311565 251.175995
-57.700634 -49.031319 0.750000 0.000000 -0.000000 0.370037 251.300995
-57.507812 -48.952614 0.750000 0.000000 -0.000000 0.388251 251.410995
-57.321682 -48.877613 0.750000 0.000000 -0.000000 0.361624 251.511002
-57.125786 -48.812382 0.750000 0.000000 -0.000000 0.338704 251.615997
-56.937843 -48.739429 0.750000 0.000000 -0.000000 0.393090 251.716003
-56.752781 -48.660980 0.750000 0.000000 -0.000000 0.400262 251.815994
-56.567387 -48.582714 0.750000 0.000000 -0.000000 0.399392 251.916000
-56.382107 -48.504486 0.750000 0.000000 -0.000000 0.399492 252.016006
-56.197887 -48.423508 0.750000 0.000000 -0.000000 0.437094 252.115997
-56.017555 -48.333363 0.750000 0.000000 -0.000000 0.486632 252.216003
-55.840942 -48.236870 0.750000 0.000000 -0.000000 0.499784 252.315994
-55.664146 -48.140728 0.750000 0.000000 -0.000000 0.498128 252.416000
-55.487366 -48.044533 0.750000 0.000000 -0.000000 0.498310 252.516006
-55.300819 -47.948124 0.750000 0.000000 -0.000000 0.479930 252.621002
-55.122612 -47.854362 0.750000 0.000000 -0.000000 0.484358 252.720993
-54.944283 -47.760597 0.750000 0.000000 -0.000000 0.484026 252.820999
-54.766285 -47.667004 0.750000 0.000000 -0.000000 0.484053 252.921005
-54.588440 -47.573490 0.750000 0.000000 -0.000000 0.484050 253.020996
-54.408672 -47.478966 0.750000 0.000000 -0.000000 0.484048 253.121994
-54.227242 -47.383568 0.750000 0.000000 -0.000000 0.484044 253.223999
-54.050667 -47.287064 0.750000 0.000000 -0.000000 0.524990 253.324005
-53.877640 -47.184288 0.750000 0.000000 -0.000000 0.534057 253.423996
-53.674885 -47.064629 0.750000 0.000000 -0.000000 0.533353 253.541000
-53.494720 -46.960423 0.750000 0.000000 -0.000000 0.494056 253.645004
-53.281357 -46.843170 0.750000 0.000000 -0.000000 0.519392 253.766006
-53.100708 -46.733978 0.750000 0.000000 -0.000000 0.552666 253.871002
-52.894714 -46.607479 0.750000 0.000000 -0.000000 0.550209 253.990997
-52.713440 -46.496235 0.750000 0.000000 -0.000000 0.550483 254.097000
-52.535046 -46.386761 0.750000 0.000000 -0.000000 0.550453 254.201004
-52.363621 -46.281563 0.750000 0.000000 -0.000000 0.550460 254.300995
-52.186218 -46.180595 0.750000 0.000000 -0.000000 0.448362 254.406006
-52.004101 -46.112938 0.750000 0.000000 -0.000000 0.266150 254.522003
-51.830017 -46.084045 0.750000 0.000000 -0.000000 0.063517 254.651001
-51.698177 -46.088551 0.750000 0.000000 0.000000 -0.132832 254.776001
-51.608196 -46.109447 0.750000 0.000000 0.000000 -0.329182 254.901001
-51.561905 -46.129776 0.750000 0.000000 0.000000 -0.509824 255.016006
-51.547440 -46.139191 0.750000 0.000000 0.000000 -0.714027 255.145996
-51.547440 -46.139191 0.750000 0.000000 0.000000 -0.902523 255.266006
-51.547440 -46.139191 0.750000 0.000000 0.000000 -1.091018 255.386002
-51.547440 -46.139191 0.750000 0.000000 0.000000 -1.271660 255.501007
-51.547440 -46.139191 0.750000 0.000000 0.000000 -1.449683 255.621002
-51.550499 -46.341896 0.750000 0.000000 0.000000 -1.591775 256.112000
-51.554264 -46.556900 0.750000 0.000000 0.000000 -1.579456 256.295990
-51.555923 -46.760696 0.750000 0.000000 0.000000 -1.588349 256.425995
-51.560463 -46.969967 0.750000 0.000000 0.000000 -1.590888 256.539001
-51.556068 -47.200859 0.750000 0.000000 0.000000 -1.520902 256.658997
-51.543274 -47.425785 0.750000 0.000000 0.000000 -1.526670 256.770996
-51.540176 -47.627377 0.750000 0.000000 0.000000 -1.581717 256.871002
-51.549767 -47.872803 0.750000 0.000000 0.000000 -1.636606 256.993011
-51.570644 -48.082199 0.750000 0.000000 0.000000 -1.715122 257.101013
-51.611629 -48.279881 0.750000 0.000000 0.000000 -1.831461 257.221008
-51.676979 -48.472427 0.750000 0.000000 0.000000 -1.965093 257.371002
-51.765186 -48.652138 0.750000 0.000000 0.000000 -2.054591 257.540985
-51.817780 -48.779213 0.750000 0.000000 0.000000 -1.873949 257.656006
-51.840477 -48.886898 0.750000 0.000000 0.000000 -1.680741 257.778992
-51.842155 -48.963318 0.750000 0.000000 0.000000 -1.495387 257.907013
-51.837330 -48.994610 0.750000 0.000000 0.000000 -1.316316 258.020996
-51.836380 -48.997868 0.750000 0.000000 0.000000 -1.135674 258.135986
-51.836380 -48.997868 0.750000 0.000000 0.000000 -0.955033 258.251007
-51.836380 -48.997868 0.750000 0.000000 0.000000 -0.750829 258.381012
-51.836380 -48.997868 0.750000 0.000000 0.000000 -0.570187 258.496002
-51.835464 -48.998253 0.750000 0.000000 0.000000 -0.376501 258.656006
-51.834484 -48.998543 0.750000 0.000000 0.000000 -0.197081 258.812012
-51.831123 -48.999012 0.750000 0.000000 0.000000 -0.019801 259.056000
-51.769394 -48.991074 0.750000 0.000000 -0.000000 0.170007 259.401001
-51.572960 -48.946136 0.750000 0.000000 -0.000000 0.266550 259.645996
-51.377789 -48.891460 0.750000 0.000000 -0.000000 0.294664 259.799988
-51.182384 -48.835346 0.750000 0.000000 -0.000000 0.202996 259.929993
-50.979275 -48.789841 0.750000 0.000000 -0.000000 0.252577 260.061005
-50.762127 -48.726849 0.750000 0.000000 -0.000000 0.308497 260.179993
-50.561909 -48.658821 0.750000 0.000000 -0.000000 0.332814 260.285004
-50.343685 -48.581406 0.750000 0.000000 -0.000000 0.362319 260.399994
-50.157707 -48.505093 0.750000 0.000000 -0.000000 0.412347 260.500000
-49.972935 -48.420895 0.750000 0.000000 -0.000000 0.428784 260.601013
-49.782398 -48.334099 0.750000 0.000000 -0.000000 0.427380 260.704987
-49.590923 -48.243999 0.750000 0.000000 -0.000000 0.462580 260.809998
-49.403999 -48.152382 0.750000 0.000000 -0.000000 0.393440 260.917999
-49.209461 -48.071308 0.750000 0.000000 -0.000000 0.421301 261.028992
-49.013725 -47.977036 0.750000 0.000000 -0.000000 0.473688 261.136993
-48.832821 -47.884655 0.750000 0.000000 -0.000000 0.470184 261.238007
-48.649620 -47.791718 0.750000 0.000000 -0.000000 0.469633 261.339996
-48.470028 -47.700603 0.750000 0.000000 -0.000000 0.469621 261.440002
-48.287029 -47.607761 0.750000 0.000000 -0.000000 0.469634 261.541992
-48.069839 -47.497559 0.750000 0.000000 -0.000000 0.469641 261.662994
-47.854649 -47.388374 0.750000 0.000000 -0.000000 0.469649 261.782990
-47.675369 -47.296661 0.750000 0.000000 -0.000000 0.486152 261.882996
-47.469738 -47.201969 0.750000 0.000000 -0.000000 0.407423 261.997986
-47.285717 -47.120510 0.750000 0.000000 -0.000000 0.433106 262.097992
-47.093895 -47.027641 0.750000 0.000000 -0.000000 0.453206 262.204010
-46.912857 -46.939789 0.750000 0.000000 -0.000000 0.451712 262.303986
-46.731815 -46.851902 0.750000 0.000000 -0.000000 0.451891 262.403992
-46.548988 -46.763153 0.750000 0.000000 -0.000000 0.451839 262.505005
-46.361107 -46.671951 0.750000 0.000000 -0.000000 0.451821 262.609009
-46.181164 -46.581863 0.750000 0.000000 -0.000000 0.486157 262.709015
-46.004421 -46.485294 0.750000 0.000000 -0.000000 0.501480 262.808990
-45.827930 -46.388649 0.750000 0.000000 -0.000000 0.500957 262.908997
-45.650322 -46.294056 0.750000 0.000000 -0.000000 0.489357 263.009003
-45.474133 -46.196632 0.750000 0.000000 -0.000000 0.527845 263.109009
-45.301609 -46.093075 0.750000 0.000000 -0.000000 0.540850 263.209015
-45.129044 -45.989758 0.750000 0.000000 -0.000000 0.538449 263.308990
-44.951710 -45.883930 0.750000 0.000000 -0.000000 0.538075 263.419006
-44.778072 -45.775017 0.750000 0.000000 -0.000000 0.588538 263.549011
-44.612667 -45.655540 0.750000 0.000000 -0.000000 0.688738 263.718994
-44.483036 -45.528076 0.750000 0.000000 -0.000000 0.864901 263.933990
-44.353809 -45.373898 0.750000 0.000000 -0.000000 0.956110 264.269012
-44.278885 -45.237873 0.750000 0.000000 -0.000000 1.139678 264.569000
-44.202827 -45.050171 0.750000 0.000000 -0.000000 1.221193 264.773987
-44.132492 -44.836624 0.750000 0.000000 -0.000000 1.283744 264.929993
-44.076122 -44.640232 0.750000 0.000000 -0.000000 1.275910 265.045990
-44.006542 -44.406601 0.750000 0.000000 -0.000000 1.284547 265.169006
-43.949547 -44.213364 0.750000 0.000000 -0.000000 1.283674 265.269012
-43.892578 -44.020390 0.750000 0.000000 -0.000000 1.283753 265.368988
-43.828186 -43.798027 0.750000 0.000000 -0.000000 1.307389 265.484009
-43.779015 -43.592445 0.750000 0.000000 -0.000000 1.360551 265.588989
-43.737007 -43.375366 0.750000 0.000000 -0.000000 1.383868 265.699005
-43.699387 -43.177803 0.750000 0.000000 -0.000000 1.382410 265.799011
-43.661713 -42.980171 0.750000 0.000000 -0.000000 1.382505 265.898987
-43.624023 -42.782463 0.750000 0.000000 -0.000000 1.382508 265.998993
-43.581299 -42.568981 0.750000 0.000000 -0.000000 1.373140 266.106995
-43.543587 -42.367008 0.750000 0.000000 -0.000000 1.407413 266.209015
-43.513783 -42.168056 0.750000 0.000000 -0.000000 1.422762 266.308990
-43.483860 -41.968983 0.750000 0.000000 -0.000000 1.421543 266.408997
-43.453911 -41.769718 0.750000 0.000000 -0.000000 1.421620 266.509003
-43.423985 -41.570576 0.750000 0.000000 -0.000000 1.421612 266.609009
-43.394047 -41.371510 0.750000 0.000000 -0.000000 1.421611 266.709015
-43.366322 -41.167854 0.750000 0.000000 -0.000000 1.458636 266.811005
-43.348717 -40.961407 0.750000 0.000000 -0.000000 1.509322 266.914001
-43.338352 -40.760342 0.750000 0.000000 -0.000000 1.518310 267.014008
-43.327435 -40.554970 0.750000 0.000000 -0.000000 1.517592 267.115997
-43.316769 -40.354256 0.750000 0.000000 -0.000000 1.517584 267.216003
-43.305775 -40.147404 0.750000 0.000000 -0.000000 1.517572 267.319000
-43.294559 -39.936626 0.750000 0.000000 -0.000000 1.517563 267.424011
-43.283852 -39.735664 0.750000 0.000000 -0.000000 1.517548 267.523987
-43.273125 -39.534767 0.750000 0.000000 -0.000000 1.517555 267.623993
-43.262436 -39.333961 0.750000 0.000000 -0.000000 1.517549 267.723999
-43.256329 -39.132946 0.750000 0.000000 -0.000000 1.563550 267.824005
-43.256062 -38.931717 0.750000 0.000000 -0.000000 1.568257 267.924011
-43.255470 -38.722137 0.750000 0.000000 -0.000000 1.568008 268.028015
-43.244835 -38.519279 0.750000 0.000000 -0.000000 1.442363 268.132996
-43.220566 -38.318668 0.750000 0.000000 -0.000000 1.480157 268.238007
-43.207298 -38.117741 0.750000 0.000000 -0.000000 1.527558 268.338013
-43.204144 -37.874046 0.750000 0.000000 -0.000000 1.585544 268.459015
-43.216900 -37.608902 0.750000 0.000000 -0.000000 1.649159 268.591003
-43.243057 -37.368855 0.750000 0.000000 -0.000000 1.707096 268.710999
-43.273849 -37.165653 0.750000 0.000000 -0.000000 1.722303 268.812988
-43.304016 -36.966927 0.750000 0.000000 -0.000000 1.721448 268.912994
-43.334232 -36.768009 0.750000 0.000000 -0.000000 1.721511 269.013000
-43.356075 -36.564182 0.750000 0.000000 -0.000000 1.603692 269.118011
-43.355942 -36.359398 0.750000 0.000000 -0.000000 1.588754 269.227997
-43.364849 -36.158615 0.750000 0.000000 -0.000000 1.637757 269.328003
-43.379143 -35.956043 0.750000 0.000000 -0.000000 1.639816 269.428986
-43.392975 -35.755077 0.750000 0.000000 -0.000000 1.639578 269.528992
-43.406776 -35.554436 0.750000 0.000000 -0.000000 1.639595 269.628998
-43.424557 -35.354172 0.750000 0.000000 -0.000000 1.684995 269.729004
-43.452579 -35.155151 0.750000 0.000000 -0.000000 1.733332 269.829010
-43.486397 -34.954578 0.750000 0.000000 -0.000000 1.736207 269.929993
-43.519459 -34.756012 0.750000 0.000000 -0.000000 1.735844 270.029999
-43.551544 -34.557217 0.750000 0.000000 -0.000000 1.733240 270.130005
-43.584217 -34.358624 0.750000 0.000000 -0.000000 1.733782 270.230011
-43.616848 -34.160152 0.750000 0.000000 -0.000000 1.733747 270.329987
-43.649502 -33.961559 0.750000 0.000000 -0.000000 1.733747 270.429993
-43.683163 -33.756851 0.750000 0.000000 -0.000000 1.733745 270.532990
-43.720856 -33.554699 0.750000 0.000000 -0.000000 1.779370 270.635010
-43.775204 -33.329800 0.750000 0.000000 -0.000000 1.829920 270.750000
-43.829578 -33.123753 0.750000 0.000000 -0.000000 1.827481 270.855988
-43.887810 -32.902004 0.750000 0.000000 -0.000000 1.827669 270.970001
-43.936939 -32.699718 0.750000 0.000000 -0.000000 1.783582 271.075012
-43.982395 -32.499878 0.750000 0.000000 -0.000000 1.799538 271.177002
-44.041260 -32.245308 0.750000 0.000000 -0.000000 1.797621 271.307007
-44.086624 -32.048840 0.750000 0.000000 -0.000000 1.797674 271.407013
-44.136387 -31.847462 0.750000 0.000000 -0.000000 1.834677 271.510010
-44.193398 -31.649771 0.750000 0.000000 -0.000000 1.852974 271.612000
-44.250824 -31.450409 0.750000 0.000000 -0.000000 1.851159 271.714996
-44.306511 -31.257044 0.750000 0.000000 -0.000000 1.851190 271.815002
-44.362190 -31.063658 0.750000 0.000000 -0.000000 1.851192 271.915009
-44.417374 -30.867762 0.750000 0.000000 -0.000000 1.846527 272.015991
-44.475700 -30.662907 0.750000 0.000000 -0.000000 1.848245 272.122009
-44.532421 -30.463686 0.750000 0.000000 -0.000000 1.848092 272.225006
-44.589233 -30.264151 0.750000 0.000000 -0.000000 1.848091 272.328003
-44.644321 -30.070694 0.750000 0.000000 -0.000000 1.848079 272.428009
-44.699444 -29.877117 0.750000 0.000000 -0.000000 1.848050 272.528015
-44.755539 -29.679981 0.750000 0.000000 -0.000000 1.848040 272.630005
-44.810661 -29.486288 0.750000 0.000000 -0.000000 1.848039 272.730011
-44.866348 -29.290573 0.750000 0.000000 -0.000000 1.848043 272.830994
-44.912655 -29.095757 0.750000 0.000000 -0.000000 1.730234 272.934998
-44.948551 -28.846025 0.750000 0.000000 -0.000000 1.721883 273.066986
-44.981770 -28.627337 0.750000 0.000000 -0.000000 1.720728 273.177002
-45.013443 -28.417917 0.750000 0.000000 -0.000000 1.720980 273.282013
-45.045036 -28.209036 0.750000 0.000000 -0.000000 1.720966 273.386993
-45.075096 -28.010290 0.750000 0.000000 -0.000000 1.720971 273.487000
-45.105175 -27.811420 0.750000 0.000000 -0.000000 1.720977 273.587006
-45.138302 -27.592403 0.750000 0.000000 -0.000000 1.720984 273.696991
-45.175026 -27.349607 0.750000 0.000000 -0.000000 1.720994 273.819000
-45.205128 -27.144810 0.750000 0.000000 -0.000000 1.716937 273.921997
-45.235798 -26.937723 0.750000 0.000000 -0.000000 1.717829 274.026001
-45.265305 -26.738527 0.750000 0.000000 -0.000000 1.717747 274.126007
-45.294773 -26.539581 0.750000 0.000000 -0.000000 1.717742 274.226013
-45.324867 -26.336405 0.750000 0.000000 -0.000000 1.717732 274.328003
-45.355537 -26.129297 0.750000 0.000000 -0.000000 1.717723 274.432007
-45.385063 -25.929928 0.750000 0.000000 -0.000000 1.717718 274.532013
-45.414852 -25.728802 0.750000 0.000000 -0.000000 1.717708 274.632996
-45.444252 -25.530169 0.750000 0.000000 -0.000000 1.717703 274.733002
-45.473988 -25.329367 0.750000 0.000000 -0.000000 1.717696 274.834015
-45.496895 -25.130615 0.750000 0.000000 -0.000000 1.686352 274.933990
-45.520363 -24.930668 0.750000 0.000000 -0.000000 1.687390 275.033997
-45.543774 -24.730621 0.750000 0.000000 -0.000000 1.687282 275.134003
-45.567886 -24.524788 0.750000 0.000000 -0.000000 1.687298 275.237000
-45.591263 -24.325041 0.750000 0.000000 -0.000000 1.687284 275.337006
-45.614658 -24.125046 0.750000 0.000000 -0.000000 1.687285 275.437012
-45.638496 -23.921350 0.750000 0.000000 -0.000000 1.687287 275.539001
-45.661884 -23.721478 0.750000 0.000000 -0.000000 1.687289 275.639008
-45.685326 -23.521156 0.750000 0.000000 -0.000000 1.687295 275.739014
-45.708504 -23.321257 0.750000 0.000000 -0.000000 1.671584 275.838989
-45.730194 -23.121704 0.750000 0.000000 -0.000000 1.707674 275.938995
-45.759747 -22.922644 0.750000 0.000000 -0.000000 1.716417 276.039001
-45.788841 -22.723524 0.750000 0.000000 -0.000000 1.715983 276.139008
-45.818279 -22.522127 0.750000 0.000000 -0.000000 1.716010 276.239990
-45.847385 -22.322981 0.750000 0.000000 -0.000000 1.716016 276.339996
-45.877670 -22.115801 0.750000 0.000000 -0.000000 1.716021 276.444000
-45.910370 -21.916994 0.750000 0.000000 -0.000000 1.759229 276.544006
-45.950172 -21.715231 0.750000 0.000000 -0.000000 1.763268 276.645996
-45.994827 -21.508730 0.750000 0.000000 -0.000000 1.810581 276.751007
-46.045364 -21.303741 0.750000 0.000000 -0.000000 1.801311 276.855988
-46.092896 -21.099939 0.750000 0.000000 -0.000000 1.805097 276.959991
-46.142406 -20.892107 0.750000 0.000000 -0.000000 1.804376 277.066010
-46.191357 -20.686335 0.750000 0.000000 -0.000000 1.804380 277.170990
-46.237934 -20.490559 0.750000 0.000000 -0.000000 1.804381 277.270996
-46.284519 -20.294733 0.750000 0.000000 -0.000000 1.804381 277.371002
-46.331081 -20.099009 0.750000 0.000000 -0.000000 1.804387 277.471008
-46.377712 -19.903351 0.750000 0.000000 -0.000000 1.809099 277.571014
-46.430565 -19.709320 0.750000 0.000000 -0.000000 1.861627 277.670990
-46.493496 -19.516600 0.750000 0.000000 -0.000000 1.904598 277.772003
-46.559116 -19.326134 0.750000 0.000000 -0.000000 1.900600 277.872009
-46.611546 -19.127651 0.750000 0.000000 -0.000000 1.775148 277.980988
-46.671387 -18.887817 0.750000 0.000000 -0.000000 1.847561 278.105988
-46.740715 -18.667366 0.750000 0.000000 -0.000000 1.901692 278.221008
-46.810879 -18.478872 0.750000 0.000000 -0.000000 1.950032 278.321014
-46.888332 -18.293261 0.750000 0.000000 -0.000000 1.968725 278.420990
-46.966793 -18.105902 0.750000 0.000000 -0.000000 1.967238 278.522003
-47.041309 -17.913034 0.750000 0.000000 -0.000000 1.873160 278.627991
-47.081886 -17.723341 0.750000 0.000000 -0.000000 1.692519 278.743011
-47.086941 -17.543144 0.750000 0.000000 -0.000000 1.512946 278.872986
-47.066971 -17.407543 0.750000 0.000000 -0.000000 1.331629 279.002991
-47.022617 -17.279957 0.750000 0.000000 -0.000000 1.148520 279.200989
-46.936111 -17.125864 0.750000 0.000000 -0.000000 0.966098 279.476013
-46.805676 -16.968121 0.750000 0.000000 -0.000000 0.832421 279.726013
-46.661957 -16.820860 0.750000 0.000000 -0.000000 0.775486 279.881989
-46.496452 -16.658825 0.750000 0.000000 -0.000000 0.753440 280.019989
-46.335045 -16.527578 0.750000 0.000000 -0.000000 0.649365 280.140015
-46.170399 -16.404814 0.750000 0.000000 -0.000000 0.641080 280.244995
-46.009380 -16.284523 0.750000 0.000000 -0.000000 0.641525 280.345001
-45.841335 -16.159037 0.750000 0.000000 -0.000000 0.641479 280.449005
-45.680088 -16.038626 0.750000 0.000000 -0.000000 0.641487 280.549011
-45.518738 -15.918123 0.750000 0.000000 -0.000000 0.641488 280.648987
-45.357697 -15.797842 0.750000 0.000000 -0.000000 0.641486 280.748993
-45.193974 -15.680408 0.750000 0.000000 -0.000000 0.597840 280.848999
-45.020863 -15.569060 0.750000 0.000000 -0.000000 0.548232 280.950989
-44.843262 -15.466829 0.750000 0.000000 -0.000000 0.498774 281.053009
-44.658718 -15.373841 0.750000 0.000000 -0.000000 0.416302 281.156006
-44.471134 -15.298607 0.750000 0.000000 -0.000000 0.364218 281.256989
-44.280594 -15.226088 0.750000 0.000000 -0.000000 0.365704 281.358002
-44.092644 -15.154107 0.750000 0.000000 -0.000000 0.365667 281.458008
-43.857948 -15.064413 0.750000 0.000000 -0.000000 0.358272 281.583008
-43.653999 -14.995925 0.750000 0.000000 -0.000000 0.269991 281.691010
-43.444916 -14.957685 0.750000 0.000000 -0.000000 0.119290 281.811005
-43.237232 -14.939850 0.750000 0.000000 -0.000000 0.049610 281.925995
-43.034313 -14.936044 0.750000 0.000000 0.000000 -0.013390 282.031006
-42.832916 -14.941313 0.750000 0.000000 0.000000 -0.026542 282.131012
-42.629807 -14.946581 0.750000 0.000000 0.000000 -0.025907 282.231995
-42.428257 -14.955799 0.750000 0.000000 0.000000 -0.046800 282.333008
-42.221539 -14.962507 0.750000 0.000000 0.000000 -0.008479 282.436005
-42.020397 -14.962151 0.750000 0.000000 -0.000000 0.001881 282.536011
-41.819244 -14.961860 0.750000 0.000000 -0.000000 0.001446 282.635986
-41.614353 -14.961564 0.750000 0.000000 -0.000000 0.001459 282.738007
-41.407337 -14.958539 0.750000 0.000000 -0.000000 0.038123 282.841003
-41.204231 -14.945417 0.750000 0.000000 -0.000000 0.087324 282.941986
-40.995907 -14.921668 0.750000 0.000000 -0.000000 0.137314 283.045990
-40.797314 -14.889071 0.750000 0.000000 -0.000000 0.185448 283.145996
-40.570580 -14.834104 0.750000 0.000000 -0.000000 0.270035 283.270996
-40.378742 -14.774890 0.750000 0.000000 -0.000000 0.325257 283.376007
-40.169048 -14.697570 0.750000 0.000000 -0.000000 0.378645 283.487000
-39.955074 -14.605097 0.750000 0.000000 -0.000000 0.434674 283.602997
-39.774422 -14.515585 0.750000 0.000000 -0.000000 0.482961 283.703003
-39.596344 -14.416306 0.750000 0.000000 -0.000000 0.531736 283.803986
-39.391079 -14.289319 0.750000 0.000000 -0.000000 0.560211 283.924011
-39.213440 -14.175941 0.750000 0.000000 -0.000000 0.589635 284.028992
-39.046116 -14.057107 0.750000 0.000000 -0.000000 0.640984 284.131012
-38.887806 -13.932686 0.750000 0.000000 -0.000000 0.688945 284.230988
-38.734135 -13.801894 0.750000 0.000000 -0.000000 0.706862 284.330994
-38.573795 -13.668355 0.750000 0.000000 -0.000000 0.649059 284.436005
-38.410450 -13.548292 0.750000 0.000000 -0.000000 0.658387 284.540985
-38.254608 -13.420399 0.750000 0.000000 -0.000000 0.710252 284.640991
-38.104916 -13.284979 0.750000 0.000000 -0.000000 0.758402 284.740997
-37.962318 -13.142817 0.750000 0.000000 -0.000000 0.806859 284.841003
-37.825089 -12.995438 0.750000 0.000000 -0.000000 0.822410 284.941010
-37.688095 -12.848171 0.750000 0.000000 -0.000000 0.821496 285.040985
-37.551029 -12.700810 0.750000 0.000000 -0.000000 0.821563 285.140991
-37.413967 -12.553449 0.750000 0.000000 -0.000000 0.821556 285.240997
-37.276905 -12.406087 0.750000 0.000000 -0.000000 0.821552 285.341003
-37.140018 -12.258908 0.750000 0.000000 -0.000000 0.821546 285.441010
-36.996174 -12.117139 0.750000 0.000000 -0.000000 0.703733 285.545990
-36.840160 -11.986712 0.750000 0.000000 -0.000000 0.721258 285.656006
-36.692886 -11.850319 0.750000 0.000000 -0.000000 0.769922 285.756012
-36.549454 -11.708443 0.750000 0.000000 -0.000000 0.778873 285.855988
-36.406208 -11.567268 0.750000 0.000000 -0.000000 0.778245 285.955994
-36.260006 -11.423145 0.750000 0.000000 -0.000000 0.778256 286.058014
-36.116776 -11.281956 0.750000 0.000000 -0.000000 0.778258 286.157990
-35.976467 -11.137531 0.750000 0.000000 -0.000000 0.824437 286.257996
-35.822884 -10.970309 0.750000 0.000000 -0.000000 0.826477 286.371002
-35.686546 -10.822272 0.750000 0.000000 -0.000000 0.826638 286.471008
-35.540035 -10.665342 0.750000 0.000000 -0.000000 0.784215 286.578003
-35.391994 -10.514301 0.750000 0.000000 -0.000000 0.811196 286.683014
-35.242382 -10.348221 0.750000 0.000000 -0.000000 0.851523 286.794006
-35.097103 -10.181850 0.750000 0.000000 -0.000000 0.865344 286.903992
-34.970802 -10.024875 0.750000 0.000000 -0.000000 0.917143 287.003998
-34.835411 -9.837123 0.750000 0.000000 -0.000000 0.972462 287.118988
-34.726391 -9.668135 0.750000 0.000000 -0.000000 1.020704 287.218994
-34.607285 -9.478412 0.750000 0.000000 -0.000000 0.942911 287.334015
-34.484524 -9.337605 0.750000 0.000000 -0.000000 0.766982 287.446014
-34.325878 -9.210994 0.750000 0.000000 -0.000000 0.596577 287.596985
-34.154892 -9.101154 0.750000 0.000000 -0.000000 0.544238 287.734985
-33.975563 -8.999322 0.750000 0.000000 -0.000000 0.491620 287.850006
-33.798111 -8.905951 0.750000 0.000000 -0.000000 0.486043 287.950012
-33.618652 -8.811067 0.750000 0.000000 -0.000000 0.486237 288.050995
-33.432137 -8.716295 0.750000 0.000000 -0.000000 0.445233 288.154999
-33.213009 -8.614478 0.750000 0.000000 -0.000000 0.435128 288.274994
-33.030300 -8.529561 0.750000 0.000000 -0.000000 0.435032 288.375000
-32.842155 -8.442125 0.750000 0.000000 -0.000000 0.435040 288.477997
-32.659775 -8.357368 0.750000 0.000000 -0.000000 0.435041 288.578003
-32.477951 -8.272012 0.750000 0.000000 -0.000000 0.466456 288.678009
-32.299248 -8.181651 0.750000 0.000000 -0.000000 0.453989 288.778015
-32.115101 -8.091500 0.750000 0.000000 -0.000000 0.456525 288.880005
-31.930984 -8.001089 0.750000 0.000000 -0.000000 0.456390 288.981995
-31.698969 -7.887175 0.750000 0.000000 -0.000000 0.456397 289.109985
-31.484011 -7.781638 0.750000 0.000000 -0.000000 0.456396 289.229004
-31.303476 -7.693001 0.750000 0.000000 -0.000000 0.456395 289.329010
-31.122717 -7.604253 0.750000 0.000000 -0.000000 0.456395 289.428986
-30.942093 -7.515572 0.750000 0.000000 -0.000000 0.456395 289.528992
-30.760742 -7.424110 0.750000 0.000000 -0.000000 0.489823 289.630005
-30.577749 -7.322578 0.750000 0.000000 -0.000000 0.506918 289.734009
-30.401583 -7.225076 0.750000 0.000000 -0.000000 0.505524 289.834015
-30.226986 -7.124965 0.750000 0.000000 -0.000000 0.543828 289.933990
-30.050333 -7.011458 0.750000 0.000000 -0.000000 0.595173 290.039001
-29.882730 -6.896307 0.750000 0.000000 -0.000000 0.601943 290.148987
-29.692425 -6.764982 0.750000 0.000000 -0.000000 0.617116 290.300995
-29.530571 -6.644361 0.750000 0.000000 -0.000000 0.652165 290.484009
-29.422928 -6.571864 0.750000 0.000000 -0.000000 0.425970 290.699005
-29.402142 -6.564195 0.750000 0.000000 -0.000000 0.245328 290.813995
-29.401655 -6.564080 0.750000 0.000000 -0.000000 0.064687 290.928986
-29.401655 -6.564080 0.750000 0.000000 0.000000 -0.115955 291.044006
-29.401655 -6.564080 0.750000 0.000000 0.000000 -0.294928 291.199005
-29.401201 -6.564281 0.750000 0.000000 0.000000 -0.471848 291.368988
-29.392654 -6.569917 0.750000 0.000000 0.000000 -0.648611 291.609009
-29.389294 -6.572905 0.750000 0.000000 0.000000 -0.824271 291.843994
-29.254049 -6.727602 0.750000 0.000000 0.000000 -0.915751 292.455994
-29.136595 -6.894763 0.750000 0.000000 0.000000 -0.994231 292.644012
-29.026857 -7.066317 0.750000 0.000000 0.000000 -1.000932 292.779999
-28.909525 -7.249454 0.750000 0.000000 0.000000 -1.001063 292.899994
-28.801102 -7.418705 0.750000 0.000000 0.000000 -1.001046 293.000000
-28.684826 -7.591456 0.750000 0.000000 0.000000 -0.977966 293.105011
-28.577415 -7.762214 0.750000 0.000000 0.000000 -1.020793 293.204987
-28.434998 -7.991833 0.750000 0.000000 0.000000 -1.014844 293.338989
-28.328846 -8.162809 0.750000 0.000000 0.000000 -1.015177 293.438995
-28.224360 -8.334796 0.750000 0.000000 0.000000 -1.045655 293.539001
-28.128132 -8.511384 0.750000 0.000000 0.000000 -1.094773 293.639008
-28.037193 -8.693179 0.750000 0.000000 0.000000 -1.107277 293.739990
-27.946095 -8.875034 0.750000 0.000000 0.000000 -1.106376 293.841003
-27.852350 -9.062225 0.750000 0.000000 0.000000 -1.106512 293.945007
-27.762285 -9.242063 0.750000 0.000000 0.000000 -1.106504 294.045013
-27.676041 -9.431153 0.750000 0.000000 0.000000 -1.210963 294.151001
-27.606249 -9.627332 0.750000 0.000000 0.000000 -1.224711 294.259003
-27.537220 -9.818236 0.750000 0.000000 0.000000 -1.224144 294.359985
-27.468859 -10.007514 0.750000 0.000000 0.000000 -1.224172 294.459991
-27.396366 -10.208219 0.750000 0.000000 0.000000 -1.224166 294.566010
-27.313673 -10.437163 0.750000 0.000000 0.000000 -1.224163 294.687012
-27.239170 -10.643438 0.750000 0.000000 0.000000 -1.224161 294.795990
-27.170740 -10.832902 0.750000 0.000000 0.000000 -1.224157 294.895996
-27.099743 -11.029468 0.750000 0.000000 0.000000 -1.224151 295.000000
-27.031433 -11.218579 0.750000 0.000000 0.000000 -1.224153 295.100006
-26.958895 -11.419400 0.750000 0.000000 0.000000 -1.224151 295.205994
-26.890368 -11.609122 0.750000 0.000000 0.000000 -1.224152 295.306000
-26.822374 -11.798615 0.750000 0.000000 0.000000 -1.238407 295.406006
-26.761173 -11.992994 0.750000 0.000000 0.000000 -1.277085 295.506989
-26.702559 -12.184734 0.750000 0.000000 0.000000 -1.273041 295.606995
-26.641121 -12.385049 0.750000 0.000000 0.000000 -1.273245 295.710999
-26.567541 -12.613497 0.750000 0.000000 0.000000 -1.215477 295.833008
-26.486437 -12.797210 0.750000 0.000000 0.000000 -1.100757 295.950989
-26.372700 -12.986213 0.750000 0.000000 0.000000 -0.955970 296.113007
-26.249220 -13.144143 0.750000 0.000000 0.000000 -0.841102 296.325989
-26.109383 -13.289409 0.750000 0.000000 0.000000 -0.770595 296.501007
-25.952383 -13.432263 0.750000 0.000000 0.000000 -0.709523 296.639008
-25.792994 -13.565583 0.750000 0.000000 0.000000 -0.696469 296.751007
-25.633022 -13.693429 0.750000 0.000000 0.000000 -0.651453 296.852997
-25.472139 -13.814365 0.750000 0.000000 0.000000 -0.645704 296.953003
-25.309622 -13.936925 0.750000 0.000000 0.000000 -0.645972 297.053986
-25.141636 -14.058663 0.750000 0.000000 0.000000 -0.602187 297.157013
-24.976580 -14.179680 0.750000 0.000000 0.000000 -0.628825 297.259003
-24.811817 -14.295437 0.750000 0.000000 0.000000 -0.588993 297.359009
-24.636356 -14.406072 0.750000 0.000000 0.000000 -0.539077 297.462006
-24.450651 -14.515164 0.750000 0.000000 0.000000 -0.532949 297.569000
-24.247711 -14.634838 0.750000 0.000000 0.000000 -0.532741 297.686005
-24.034336 -14.760645 0.750000 0.000000 0.000000 -0.532744 297.808990
-23.812653 -14.891354 0.750000 0.000000 0.000000 -0.532744 297.937012
-23.634258 -14.992621 0.750000 0.000000 0.000000 -0.493055 298.039001
-23.454588 -15.083244 0.750000 0.000000 0.000000 -0.444258 298.139008
-23.271250 -15.170751 0.750000 0.000000 0.000000 -0.443520 298.239990
-23.081995 -15.259946 0.750000 0.000000 0.000000 -0.440166 298.343994
-22.900280 -15.345567 0.750000 0.000000 0.000000 -0.440321 298.444000
-22.716652 -15.427878 0.750000 0.000000 0.000000 -0.398281 298.544006
-22.528467 -15.504811 0.750000 0.000000 0.000000 -0.389277 298.644989
-22.338343 -15.582933 0.750000 0.000000 0.000000 -0.389826 298.747009
-22.151506 -15.662974 0.750000 0.000000 0.000000 -0.428923 298.847992
-21.963413 -15.755350 0.750000 0.000000 0.000000 -0.480162 298.951996
-21.787376 -15.852797 0.750000 0.000000 0.000000 -0.528465 299.052002
-21.611563 -15.961731 0.750000 0.000000 0.000000 -0.578420 299.154999
-21.447441 -16.076773 0.750000 0.000000 0.000000 -0.631897 299.255005
-21.285803 -16.196451 0.750000 0.000000 0.000000 -0.636382 299.355011
-21.123978 -16.315928 0.750000 0.000000 0.000000 -0.636056 299.454987
-20.958858 -16.442295 0.750000 0.000000 0.000000 -0.679967 299.558014
-20.801399 -16.576937 0.750000 0.000000 0.000000 -0.731017 299.661011
-20.652567 -16.712214 0.750000 0.000000 0.000000 -0.735245 299.760986
-20.503351 -16.847107 0.750000 0.000000 0.000000 -0.734952 299.860992
-20.352285 -16.983658 0.750000 0.000000 0.000000 -0.734949 299.962006
-20.182184 -17.137411 0.750000 0.000000 0.000000 -0.734947 300.075989
-20.025627 -17.269453 0.750000 0.000000 0.000000 -0.665832 300.179993
-19.871107 -17.397261 0.750000 0.000000 0.000000 -0.713711 300.279999
-19.719666 -17.535032 0.750000 0.000000 0.000000 -0.752629 300.381989
-19.566692 -17.678030 0.750000 0.000000 0.000000 -0.751076 300.485992
-19.391548 -17.841568 0.750000 0.000000 0.000000 -0.751148 300.605011
-19.244621 -17.978989 0.750000 0.000000 0.000000 -0.759497 300.704987
-19.102448 -18.121372 0.750000 0.000000 0.000000 -0.796919 300.804993
-18.942110 -18.284809 0.750000 0.000000 0.000000 -0.794436 300.919006
-18.799608 -18.429941 0.750000 0.000000 0.000000 -0.794505 301.019989
-18.660421 -18.573849 0.750000 0.000000 0.000000 -0.840050 301.119995
-18.537653 -18.733437 0.750000 0.000000 0.000000 -0.942026 301.227997
-18.410954 -18.905277 0.750000 0.000000 0.000000 -0.933852 301.334991
-18.274452 -19.089924 0.750000 0.000000 0.000000 -0.934228 301.449005
-18.151045 -19.256849 0.750000 0.000000 0.000000 -0.934205 301.552002
-18.027832 -19.423513 0.750000 0.000000 0.000000 -0.934208 301.654999
-17.901564 -19.588243 0.750000 0.000000 0.000000 -0.892799 301.757996
-17.767223 -19.748669 0.750000 0.000000 0.000000 -0.865214 301.862000
-17.634666 -19.902737 0.750000 0.000000 0.000000 -0.849672 301.963013
-17.504845 -20.056520 0.750000 0.000000 0.000000 -0.893857 302.062988
-17.382885 -20.216516 0.750000 0.000000 0.000000 -0.942387 302.162994
-17.270498 -20.383316 0.750000 0.000000 0.000000 -0.997831 302.263000
-17.162546 -20.553011 0.750000 0.000000 0.000000 -1.002168 302.363007
-17.054010 -20.722635 0.750000 0.000000 0.000000 -1.001795 302.463013
-16.948820 -20.894180 0.750000 0.000000 0.000000 -1.045604 302.562988
-16.852652 -21.070744 0.750000 0.000000 0.000000 -1.094722 302.662994
-16.764912 -21.251955 0.750000 0.000000 0.000000 -1.142816 302.763000
-16.685575 -21.438511 0.750000 0.000000 0.000000 -1.191434 302.864014
-16.615131 -21.629168 0.750000 0.000000 0.000000 -1.239984 302.964996
-16.547642 -21.829475 0.750000 0.000000 0.000000 -1.244457 303.070007
-16.482512 -22.021847 0.750000 0.000000 0.000000 -1.244572 303.170990
-16.418024 -22.212467 0.750000 0.000000 0.000000 -1.244580 303.270996
-16.345181 -22.427792 0.750000 0.000000 0.000000 -1.244579 303.384003
-16.261251 -22.675890 0.750000 0.000000 0.000000 -1.244578 303.514008
-16.194494 -22.876299 0.750000 0.000000 0.000000 -1.265840 303.618988
-16.137375 -23.071503 0.750000 0.000000 0.000000 -1.291322 303.720001
-16.077808 -23.266108 0.750000 0.000000 0.000000 -1.219580 303.822998
-15.992443 -23.445816 0.750000 0.000000 0.000000 -1.038938 303.937988
-15.895753 -23.580318 0.750000 0.000000 0.000000 -0.858296 304.053009
-15.751410 -23.721094 0.750000 0.000000 0.000000 -0.709673 304.243011
-15.627510 -23.807640 0.750000 0.000000 0.000000 -0.531626 304.441986
-15.505352 -23.865871 0.750000 0.000000 0.000000 -0.355626 304.662994
-15.298798 -23.916237 0.750000 0.000000 0.000000 -0.177904 304.997986
-15.100574 -23.944014 0.750000 0.000000 0.000000 -0.116122 305.162994
-14.896273 -23.966003 0.750000 0.000000 0.000000 -0.079913 305.300995
-14.676963 -23.984028 0.750000 0.000000 0.000000 -0.082709 305.421997
-14.477394 -24.000551 0.750000 0.000000 0.000000 -0.082583 305.522003
-14.276827 -24.017157 0.750000 0.000000 0.000000 -0.082589 305.622009
-14.029867 -24.037598 0.750000 0.000000 0.000000 -0.082587 305.744995
-13.829257 -24.050201 0.750000 0.000000 0.000000 -0.008759 305.846985
-13.629314 -24.032778 0.750000 0.000000 -0.000000 0.175024 305.963989
-13.471974 -23.989899 0.750000 0.000000 -0.000000 0.354095 306.078003
-13.306192 -23.910179 0.750000 0.000000 -0.000000 0.531595 306.248993
-13.239187 -23.862320 0.750000 0.000000 -0.000000 0.712237 306.364014
-13.204505 -23.826822 0.750000 0.000000 -0.000000 0.894449 306.480011
-13.195038 -23.813326 0.750000 0.000000 -0.000000 1.106506 306.614990
-13.195038 -23.813326 0.750000 0.000000 -0.000000 1.287148 306.730011
-13.195038 -23.813326 0.750000 0.000000 -0.000000 1.109648 306.942993
-13.194304 -23.812315 0.750000 0.000000 -0.000000 0.928642 307.098999
-13.181505 -23.798977 0.750000 0.000000 -0.000000 0.750193 307.322998
-13.140374 -23.768465 0.750000 0.000000 -0.000000 0.575068 307.613007
-12.961066 -23.678873 0.750000 0.000000 -0.000000 0.410224 307.972992
-12.765832 -23.601576 0.750000 0.000000 -0.000000 0.367309 308.145996
-12.578787 -23.529860 0.750000 0.000000 -0.000000 0.344636 308.273010
-12.387211 -23.464256 0.750000 0.000000 -0.000000 0.335839 308.389008
-12.190739 -23.401743 0.750000 0.000000 -0.000000 0.288633 308.493011
-11.959311 -23.332109 0.750000 0.000000 -0.000000 0.293812 308.613007
-11.766633 -23.273838 0.750000 0.000000 -0.000000 0.293610 308.713013
-11.562201 -23.213003 0.750000 0.000000 -0.000000 0.273518 308.819000
-11.316188 -23.145266 0.750000 0.000000 -0.000000 0.329811 308.947998
-11.137134 -23.064962 0.750000 0.000000 -0.000000 0.508882 309.062012
-11.002879 -22.973391 0.750000 0.000000 -0.000000 0.686382 309.174988
-10.854652 -22.838781 0.750000 0.000000 -0.000000 0.810475 309.362000
-10.804351 -22.775591 0.750000 0.000000 -0.000000 0.991117 309.476990
-10.782120 -22.734671 0.750000 0.000000 -0.000000 1.168617 309.589996
-10.777639 -22.722107 0.750000 0.000000 -0.000000 1.350829 309.705994
-10.777389 -22.721453 0.750000 0.000000 -0.000000 1.145614 310.019989
-10.774641 -22.716429 0.750000 0.000000 -0.000000 0.970378 310.217010
-10.708968 -22.644196 0.750000 0.000000 -0.000000 0.794924 310.549988
-10.562121 -22.505863 0.750000 0.000000 -0.000000 0.743319 310.761993
-10.415173 -22.369247 0.750000 0.000000 -0.000000 0.787728 310.907013
-10.319416 -22.252752 0.750000 0.000000 -0.000000 0.974653 311.026001
-10.264033 -22.152855 0.750000 0.000000 -0.000000 1.155295 311.140991
-10.237886 -22.075905 0.750000 0.000000 -0.000000 1.335936 311.256012
-10.226904 -22.018553 0.750000 0.000000 -0.000000 1.538569 311.437012
-10.226892 -22.016975 0.750000 0.000000 -0.000000 1.719211 311.552002
-10.226892 -22.016975 0.750000 0.000000 -0.000000 1.899853 311.666992
-10.226892 -22.016975 0.750000 0.000000 -0.000000 2.080494 311.782013
-10.226892 -22.016975 0.750000 0.000000 -0.000000 1.884145 312.117004
-10.226892 -22.016975 0.750000 0.000000 -0.000000 1.706645 312.230011
-10.226892 -22.016975 0.750000 0.000000 -0.000000 1.521291 312.347992
-10.226892 -22.016975 0.750000 0.000000 -0.000000 1.342220 312.462006
-10.226892 -22.016975 0.750000 0.000000 -0.000000 1.119952 312.604004
-10.221504 -22.009306 0.750000 0.000000 -0.000000 0.920738 312.852997
-10.172433 -21.959499 0.750000 0.000000 -0.000000 0.745789 313.177002
-10.003657 -21.823780 0.750000 0.000000 -0.000000 0.630222 313.438995
-9.821101 -21.694853 0.750000 0.000000 -0.000000 0.613770 313.604004
-9.656069 -21.578585 0.750000 0.000000 -0.000000 0.613737 313.721985
-9.486336 -21.459005 0.750000 0.000000 -0.000000 0.613737 313.826996
-9.305444 -21.331560 0.750000 0.000000 -0.000000 0.613735 313.937012
-9.140985 -21.215702 0.750000 0.000000 -0.000000 0.613735 314.036987
-8.976567 -21.099867 0.750000 0.000000 -0.000000 0.613735 314.136993
-8.803312 -20.979973 0.750000 0.000000 -0.000000 0.601571 314.242004
-8.636992 -20.866856 0.750000 0.000000 -0.000000 0.577375 314.342010
-8.464383 -20.759264 0.750000 0.000000 -0.000000 0.554506 314.442993
-8.286763 -20.648691 0.750000 0.000000 -0.000000 0.557062 314.546997
-8.114923 -20.543722 0.750000 0.000000 -0.000000 0.527421 314.647003
-7.938450 -20.447336 0.750000 0.000000 -0.000000 0.476849 314.747009
-7.750164 -20.356440 0.750000 0.000000 -0.000000 0.427068 314.851013
-7.564017 -20.274651 0.750000 0.000000 -0.000000 0.412897 314.951996
-7.374253 -20.191395 0.750000 0.000000 -0.000000 0.413462 315.054993
-7.187919 -20.109648 0.750000 0.000000 -0.000000 0.413432 315.156006
-6.992080 -20.028553 0.750000 0.000000 -0.000000 0.396080 315.261993
-6.799534 -19.946947 0.750000 0.000000 -0.000000 0.400713 315.365997
-6.610267 -19.866829 0.750000 0.000000 -0.000000 0.400410 315.467987
-6.418949 -19.785851 0.750000 0.000000 -0.000000 0.400412 315.571014
-6.231937 -19.706692 0.750000 0.000000 -0.000000 0.400412 315.671997
-6.046858 -19.628349 0.750000 0.000000 -0.000000 0.400411 315.772003
-5.861526 -19.549900 0.750000 0.000000 -0.000000 0.400409 315.872009
-5.668780 -19.468313 0.750000 0.000000 -0.000000 0.400408 315.976013
-5.479650 -19.388256 0.750000 0.000000 -0.000000 0.400407 316.078003
-5.283512 -19.311298 0.750000 0.000000 -0.000000 0.337424 316.183014
-5.088675 -19.243568 0.750000 0.000000 -0.000000 0.344471 316.286011
-4.895594 -19.174236 0.750000 0.000000 -0.000000 0.343384 316.388000
-4.704120 -19.105759 0.750000 0.000000 -0.000000 0.343601 316.489014
-4.486361 -19.027853 0.750000 0.000000 -0.000000 0.343582 316.604004
-4.296707 -18.960003 0.750000 0.000000 -0.000000 0.343584 316.704010
-4.088033 -18.885351 0.750000 0.000000 -0.000000 0.343585 316.813995
-3.894684 -18.816177 0.750000 0.000000 -0.000000 0.343586 316.915985
-3.660072 -18.732243 0.750000 0.000000 -0.000000 0.343585 317.040009
-3.442455 -18.654388 0.750000 0.000000 -0.000000 0.343585 317.154999
-3.244888 -18.584925 0.750000 0.000000 -0.000000 0.338333 317.259003
-3.048029 -18.515408 0.750000 0.000000 -0.000000 0.339547 317.363007
-2.856289 -18.447685 0.750000 0.000000 -0.000000 0.339540 317.463989
-2.666530 -18.380661 0.750000 0.000000 -0.000000 0.339542 317.563995
-2.474978 -18.313004 0.750000 0.000000 -0.000000 0.339543 317.665009
-2.276533 -18.246626 0.750000 0.000000 -0.000000 0.297270 317.769012
-2.076405 -18.186457 0.750000 0.000000 -0.000000 0.291884 317.872986
-1.874066 -18.125647 0.750000 0.000000 -0.000000 0.291879 317.977997
-1.633491 -18.053364 0.750000 0.000000 -0.000000 0.291879 318.102997
-1.409769 -17.987301 0.750000 0.000000 -0.000000 0.278685 318.218994
-1.212712 -17.929714 0.750000 0.000000 -0.000000 0.286917 318.321014
-1.019177 -17.872730 0.750000 0.000000 -0.000000 0.286114 318.420990
-0.826108 -17.815929 0.750000 0.000000 -0.000000 0.286113 318.520996
-0.632919 -17.759094 0.750000 0.000000 -0.000000 0.286112 318.621002
-0.439730 -17.702259 0.750000 0.000000 -0.000000 0.286111 318.721008
-0.226754 -17.639606 0.750000 0.000000 -0.000000 0.286111 318.830994
0.014642 -17.568588 0.750000 0.000000 -0.000000 0.286109 318.955994
0.207591 -17.511822 0.750000 0.000000 -0.000000 0.286109 319.056000
0.410013 -17.452267 0.750000 0.000000 -0.000000 0.286108 319.161011
0.607429 -17.399242 0.750000 0.000000 -0.000000 0.199712 319.265991
0.810028 -17.361406 0.750000 0.000000 -0.000000 0.211102 319.376007
1.006495 -17.317791 0.750000 0.000000 -0.000000 0.216966 319.476013
1.203048 -17.274565 0.750000 0.000000 -0.000000 0.216500 319.575989
1.399354 -17.231398 0.750000 0.000000 -0.000000 0.216518 319.675995
1.595831 -17.188190 0.750000 0.000000 -0.000000 0.216523 319.776001
1.792552 -17.144928 0.750000 0.000000 -0.000000 0.216527 319.876007
1.992643 -17.100920 0.750000 0.000000 -0.000000 0.216530 319.977997
2.226454 -17.049500 0.750000 0.000000 -0.000000 0.216536 320.096985
2.424984 -17.005829 0.750000 0.000000 -0.000000 0.216538 320.197998
2.646792 -16.956507 0.750000 0.000000 -0.000000 0.230964 320.311005
2.851574 -16.902693 0.750000 0.000000 -0.000000 0.270034 320.415985
3.055202 -16.846741 0.750000 0.000000 -0.000000 0.267404 320.520996
3.255152 -16.791937 0.750000 0.000000 -0.000000 0.267560 320.623993
3.478535 -16.730713 0.750000 0.000000 -0.000000 0.267559 320.739014
3.691769 -16.672264 0.750000 0.000000 -0.000000 0.267562 320.848999
3.890235 -16.624399 0.750000 0.000000 -0.000000 0.168603 320.954010
4.083712 -16.609627 0.750000 0.000000 0.000000 -0.012038 321.069000
4.250778 -16.627724 0.750000 0.000000 0.000000 -0.202105 321.190002
4.371750 -16.664198 0.750000 0.000000 0.000000 -0.382746 321.304993
4.460631 -16.710325 0.750000 0.000000 0.000000 -0.579096 321.429993
4.505545 -16.745426 0.750000 0.000000 0.000000 -0.758167 321.544006
4.521558 -16.762999 0.750000 0.000000 0.000000 -0.938808 321.658997
4.522076 -16.763735 0.750000 0.000000 0.000000 -1.119450 321.773987
4.522076 -16.763735 0.750000 0.000000 0.000000 -1.323654 321.903992
4.522076 -16.763735 0.750000 0.000000 0.000000 -1.520003 322.028992
4.522076 -16.763735 0.750000 0.000000 0.000000 -1.700645 322.144012
4.522076 -16.763735 0.750000 0.000000 0.000000 -1.881287 322.259003
4.522076 -16.763735 0.750000 0.000000 0.000000 -2.057601 322.403015
4.520729 -16.765533 0.750000 0.000000 0.000000 -2.232540 322.597992
4.518813 -16.767677 0.750000 0.000000 0.000000 -2.408510 322.822998
4.451244 -16.815861 0.750000 0.000000 0.000000 -2.591710 323.152008
4.268319 -16.911705 0.750000 0.000000 0.000000 -2.727821 323.417999
4.050742 -16.997616 0.750000 0.000000 0.000000 -2.791511 323.602997
3.856720 -17.068457 0.750000 0.000000 0.000000 -2.791512 323.729004
3.662205 -17.139477 0.750000 0.000000 0.000000 -2.791511 323.835999
3.467245 -17.210669 0.750000 0.000000 0.000000 -2.791511 323.938995
3.278507 -17.279583 0.750000 0.000000 0.000000 -2.791513 324.039001
3.061050 -17.358986 0.750000 0.000000 0.000000 -2.791515 324.153992
2.871218 -17.425161 0.750000 0.000000 0.000000 -2.828510 324.253998
2.678416 -17.481997 0.750000 0.000000 0.000000 -2.883149 324.354004
2.478513 -17.522575 0.750000 0.000000 0.000000 -2.954717 324.459015
2.280827 -17.560282 0.750000 0.000000 0.000000 -2.953177 324.558990
2.083158 -17.597948 0.750000 0.000000 0.000000 -2.953298 324.658997
1.883354 -17.636019 0.750000 0.000000 0.000000 -2.953291 324.760010
1.677754 -17.675196 0.750000 0.000000 0.000000 -2.953290 324.864014
1.477778 -17.713305 0.750000 0.000000 0.000000 -2.953291 324.964996
1.276280 -17.751699 0.750000 0.000000 0.000000 -2.953291 325.066986
1.078588 -17.789370 0.750000 0.000000 0.000000 -2.953291 325.166992
0.880895 -17.827040 0.750000 0.000000 0.000000 -2.953291 325.266998
0.683203 -17.864710 0.750000 0.000000 0.000000 -2.953290 325.367004
0.479947 -17.898436 0.750000 0.000000 0.000000 -3.039684 325.471985
0.275948 -17.912472 0.750000 0.000000 0.000000 -3.052996 325.582001
0.076312 -17.935684 0.750000 0.000000 0.000000 -3.002812 325.682007
-0.130855 -17.966011 0.750000 0.000000 0.000000 -2.996732 325.786011
-0.330124 -17.995058 0.750000 0.000000 0.000000 -2.996850 325.885986
-0.529294 -18.024088 0.750000 0.000000 0.000000 -2.996850 325.985992
-0.734254 -18.053965 0.750000 0.000000 0.000000 -2.996849 326.088989
-0.932038 -18.087038 0.750000 0.000000 0.000000 -2.951928 326.188995
-1.135587 -18.125753 0.750000 0.000000 0.000000 -2.955361 326.291992
-1.347304 -18.165817 0.750000 0.000000 0.000000 -2.949125 326.398987
-1.573914 -18.208784 0.750000 0.000000 0.000000 -2.974918 326.515015
-1.799111 -18.253378 0.750000 0.000000 0.000000 -2.919997 326.628998
-1.998494 -18.302294 0.750000 0.000000 0.000000 -2.895604 326.730988
-2.199698 -18.352819 0.750000 0.000000 0.000000 -2.895607 326.834015
-2.396733 -18.402298 0.750000 0.000000 0.000000 -2.895609 326.934998
-2.638674 -18.463049 0.750000 0.000000 0.000000 -2.895615 327.058990
-2.839590 -18.513502 0.750000 0.000000 0.000000 -2.895619 327.161987
-3.034749 -18.561071 0.750000 0.000000 0.000000 -2.912900 327.261993
-3.231300 -18.606339 0.750000 0.000000 0.000000 -2.925531 327.362000
-3.428284 -18.647535 0.750000 0.000000 0.000000 -2.945006 327.462006
-3.629022 -18.689354 0.750000 0.000000 0.000000 -2.932602 327.563995
-3.830643 -18.724655 0.750000 0.000000 0.000000 -2.961341 327.667999
-4.036057 -18.763184 0.750000 0.000000 0.000000 -2.967297 327.772003
-4.234320 -18.804760 0.750000 0.000000 0.000000 -2.884919 327.877991
-4.440729 -18.862701 0.750000 0.000000 0.000000 -2.846094 327.989990
-4.683609 -18.941139 0.750000 0.000000 0.000000 -2.809789 328.117004
-4.891790 -19.016315 0.750000 0.000000 0.000000 -2.792306 328.226990
-5.081178 -19.084383 0.750000 0.000000 0.000000 -2.792979 328.326996
-5.267680 -19.157349 0.750000 0.000000 0.000000 -2.732979 328.427002
-5.470926 -19.250755 0.750000 0.000000 0.000000 -2.766275 328.552002
-5.665884 -19.316124 0.750000 0.000000 0.000000 -2.821372 328.677002
-5.855667 -19.383917 0.750000 0.000000 0.000000 -2.774806 328.782990
-6.049139 -19.464220 0.750000 0.000000 0.000000 -2.724561 328.886993
-6.238029 -19.553909 0.750000 0.000000 0.000000 -2.674144 328.990997
-6.436120 -19.661016 0.750000 0.000000 0.000000 -2.614687 329.102997
-6.603749 -19.779490 0.750000 0.000000 0.000000 -2.441899 329.213013
-6.731615 -19.908871 0.750000 0.000000 0.000000 -2.261257 329.328003
-6.815689 -20.031883 0.750000 0.000000 0.000000 -2.080616 329.442993
-6.909487 -20.211308 0.750000 0.000000 0.000000 -2.000505 329.678009
-6.926030 -20.257389 0.750000 0.000000 0.000000 -1.816722 329.795013
-6.928797 -20.272297 0.750000 0.000000 0.000000 -1.599952 329.933014
-6.928797 -20.272297 0.750000 0.000000 0.000000 -1.403602 330.058014
-6.928797 -20.272297 0.750000 0.000000 0.000000 -1.222961 330.173004
-6.928797 -20.272297 0.750000 0.000000 0.000000 -1.042319 330.287994
-6.928797 -20.272297 0.750000 0.000000 0.000000 -0.861677 330.403015
-6.928797 -20.272297 0.750000 0.000000 0.000000 -0.685748 330.572998
-6.928797 -20.272297 0.750000 0.000000 0.000000 -0.503536 330.688995
-6.928797 -20.272297 0.750000 0.000000 0.000000 -0.285195 330.828003
-6.920367 -20.273384 0.750000 0.000000 0.000000 -0.107650 331.014008
-6.749419 -20.267975 0.750000 0.000000 -0.000000 0.070639 331.458008
-6.531665 -20.242123 0.750000 0.000000 -0.000000 0.156875 331.653015
-6.332015 -20.204187 0.750000 0.000000 -0.000000 0.215181 331.786011
-6.115253 -20.155674 0.750000 0.000000 -0.000000 0.219319 331.906006
-5.918508 -20.111811 0.750000 0.000000 -0.000000 0.219386 332.006012
-5.712295 -20.065834 0.750000 0.000000 -0.000000 0.219384 332.110992
-5.496102 -20.017635 0.750000 0.000000 -0.000000 0.219385 332.221008
-5.261192 -19.963833 0.750000 0.000000 -0.000000 0.243811 332.341003
-5.028087 -19.903175 0.750000 0.000000 -0.000000 0.267503 332.460999
-4.829576 -19.842972 0.750000 0.000000 -0.000000 0.299364 332.563995
-4.627438 -19.781172 0.750000 0.000000 -0.000000 0.296535 332.669006
-4.435101 -19.722370 0.750000 0.000000 -0.000000 0.296658 332.769012
-4.239008 -19.662416 0.750000 0.000000 -0.000000 0.296647 332.871002
-4.038826 -19.601221 0.750000 0.000000 -0.000000 0.296643 332.975006
-3.847051 -19.540237 0.750000 0.000000 -0.000000 0.329795 333.075012
-3.657453 -19.472748 0.750000 0.000000 -0.000000 0.342662 333.174988
-3.467873 -19.405216 0.750000 0.000000 -0.000000 0.342239 333.274994
-3.277254 -19.341467 0.750000 0.000000 -0.000000 0.321079 333.375000
-3.086373 -19.277706 0.750000 0.000000 -0.000000 0.322369 333.475006
-2.891453 -19.212620 0.750000 0.000000 -0.000000 0.322278 333.576996
-2.700563 -19.148876 0.750000 0.000000 -0.000000 0.322285 333.677002
-2.501990 -19.082563 0.750000 0.000000 -0.000000 0.322282 333.781006
-2.310840 -19.018732 0.750000 0.000000 -0.000000 0.322281 333.881012
-2.120022 -18.955013 0.750000 0.000000 -0.000000 0.322280 333.980988
-1.874551 -18.865715 0.750000 0.000000 -0.000000 0.370683 334.110992
-1.667917 -18.786354 0.750000 0.000000 -0.000000 0.364954 334.221008
-1.479724 -18.714417 0.750000 0.000000 -0.000000 0.365198 334.321014
-1.291652 -18.642509 0.750000 0.000000 -0.000000 0.365187 334.420990
-1.103790 -18.570684 0.750000 0.000000 -0.000000 0.365188 334.520996
-0.906564 -18.495281 0.750000 0.000000 -0.000000 0.365191 334.626007
-0.718212 -18.423267 0.750000 0.000000 -0.000000 0.365191 334.726013
-0.492662 -18.337032 0.750000 0.000000 -0.000000 0.365193 334.846008
-0.279838 -18.255663 0.750000 0.000000 -0.000000 0.365194 334.959015
-0.091813 -18.183777 0.750000 0.000000 -0.000000 0.365196 335.058990
0.095109 -18.109510 0.750000 0.000000 -0.000000 0.400336 335.158997
0.280774 -18.026766 0.750000 0.000000 -0.000000 0.422094 335.260010
0.472914 -17.945004 0.750000 0.000000 -0.000000 0.401529 335.364014
0.657697 -17.865347 0.750000 0.000000 -0.000000 0.407494 335.463989
0.842539 -17.785633 0.750000 0.000000 -0.000000 0.407164 335.563995
1.027313 -17.705952 0.750000 0.000000 -0.000000 0.407167 335.664001
1.212087 -17.626272 0.750000 0.000000 -0.000000 0.407169 335.764008
1.402531 -17.544144 0.750000 0.000000 -0.000000 0.407172 335.867004
1.586417 -17.462093 0.750000 0.000000 -0.000000 0.440686 335.967010
1.768652 -17.372044 0.750000 0.000000 -0.000000 0.462343 336.067993
1.958269 -17.278183 0.750000 0.000000 -0.000000 0.459282 336.173004
2.138545 -17.189013 0.750000 0.000000 -0.000000 0.459338 336.273010
2.324203 -17.105791 0.750000 0.000000 -0.000000 0.349380 336.377991
2.517736 -17.038195 0.750000 0.000000 -0.000000 0.338247 336.484985
2.760445 -16.952478 0.750000 0.000000 -0.000000 0.345922 336.613007
2.986848 -16.862877 0.750000 0.000000 -0.000000 0.405105 336.734009
3.186441 -16.771629 0.750000 0.000000 -0.000000 0.436731 336.842987
3.394854 -16.675062 0.750000 0.000000 -0.000000 0.433447 336.957001
3.586559 -16.586311 0.750000 0.000000 -0.000000 0.433563 337.062012
3.774723 -16.499197 0.750000 0.000000 -0.000000 0.433561 337.165009
3.959439 -16.413681 0.750000 0.000000 -0.000000 0.433559 337.265991
4.150142 -16.327559 0.750000 0.000000 -0.000000 0.426811 337.369995
4.335266 -16.238392 0.750000 0.000000 -0.000000 0.471939 337.471985
4.512107 -16.142370 0.750000 0.000000 -0.000000 0.520293 337.571991
4.692765 -16.036943 0.750000 0.000000 -0.000000 0.528120 337.675995
4.866354 -15.931069 0.750000 0.000000 -0.000000 0.572353 337.777008
5.039326 -15.817316 0.750000 0.000000 -0.000000 0.579195 337.880005
5.209672 -15.706399 0.750000 0.000000 -0.000000 0.576973 337.980988
5.390114 -15.588948 0.750000 0.000000 -0.000000 0.577002 338.088013
5.562134 -15.476979 0.750000 0.000000 -0.000000 0.577000 338.190002
5.786264 -15.345550 0.750000 0.000000 -0.000000 0.455231 338.325012
5.975572 -15.250417 0.750000 0.000000 -0.000000 0.484043 338.432007
6.194535 -15.126062 0.750000 0.000000 -0.000000 0.545415 338.557007
6.367198 -15.018317 0.750000 0.000000 -0.000000 0.559008 338.657990
6.544307 -14.907631 0.750000 0.000000 -0.000000 0.558531 338.761993
6.716406 -14.803090 0.750000 0.000000 -0.000000 0.523979 338.862000
6.893088 -14.707505 0.750000 0.000000 -0.000000 0.473372 338.962006
7.074152 -14.620448 0.750000 0.000000 -0.000000 0.425468 339.062012
7.258492 -14.540015 0.750000 0.000000 -0.000000 0.410121 339.161987
7.452191 -14.467753 0.750000 0.000000 -0.000000 0.323160 339.266998
7.643453 -14.405541 0.750000 0.000000 -0.000000 0.314887 339.367004
7.839168 -14.341589 0.750000 0.000000 -0.000000 0.315917 339.468994
8.036167 -14.277213 0.750000 0.000000 -0.000000 0.315829 339.571991
8.227467 -14.214701 0.750000 0.000000 -0.000000 0.315831 339.671997
8.418906 -14.152142 0.750000 0.000000 -0.000000 0.315830 339.772003
8.610012 -14.089692 0.750000 0.000000 -0.000000 0.315830 339.872009
8.801827 -14.030189 0.750000 0.000000 -0.000000 0.277098 339.971985
8.999017 -13.979881 0.750000 0.000000 -0.000000 0.227114 340.072998
9.199393 -13.945773 0.750000 0.000000 -0.000000 0.091710 340.178009
9.414845 -13.935199 0.750000 0.000000 -0.000000 0.053807 340.295013
9.661715 -13.921935 0.750000 0.000000 -0.000000 0.052822 340.417999
9.894863 -13.909598 0.750000 0.000000 -0.000000 0.052877 340.533997
10.103670 -13.898549 0.750000 0.000000 -0.000000 0.052877 340.638000
10.306785 -13.887802 0.750000 0.000000 -0.000000 0.052877 340.739014
10.515891 -13.876737 0.750000 0.000000 -0.000000 0.052878 340.842987
10.757203 -13.863968 0.750000 0.000000 -0.000000 0.052880 340.963013
10.958296 -13.853327 0.750000 0.000000 -0.000000 0.052881 341.062988
11.159567 -13.842755 0.750000 0.000000 -0.000000 0.045029 341.162994
11.367749 -13.842649 0.750000 0.000000 0.000000 -0.000843 341.268005
11.569199 -13.842319 0.750000 0.000000 -0.000000 0.001808 341.368011
11.770351 -13.841956 0.750000 0.000000 -0.000000 0.001808 341.467987
11.971799 -13.838224 0.750000 0.000000 -0.000000 0.041586 341.567993
12.172847 -13.827178 0.750000 0.000000 -0.000000 0.056379 341.667999
12.384397 -13.815410 0.750000 0.000000 -0.000000 0.055434 341.773010
12.585312 -13.804244 0.750000 0.000000 -0.000000 0.055511 341.872986
12.793742 -13.792664 0.750000 0.000000 -0.000000 0.055509 341.976990
12.994633 -13.781501 0.750000 0.000000 -0.000000 0.055510 342.076996
13.201055 -13.774147 0.750000 0.000000 0.000000 -0.023030 342.182007
13.410237 -13.776751 0.750000 0.000000 -0.000000 0.014722 342.290985
13.615043 -13.771293 0.750000 0.000000 -0.000000 0.026679 342.393005
13.878314 -13.755636 0.750000 0.000000 -0.000000 0.080203 342.523987
14.085094 -13.739620 0.750000 0.000000 -0.000000 0.076106 342.627014
14.296103 -13.723533 0.750000 0.000000 -0.000000 0.076107 342.731995
14.496841 -13.708227 0.750000 0.000000 -0.000000 0.076107 342.832001
14.697629 -13.692921 0.750000 0.000000 -0.000000 0.076107 342.932007
14.918358 -13.676094 0.750000 0.000000 -0.000000 0.076109 343.041992
15.119020 -13.660797 0.750000 0.000000 -0.000000 0.076111 343.141998
15.319558 -13.645510 0.750000 0.000000 -0.000000 0.076113 343.242004
15.520720 -13.630175 0.750000 0.000000 -0.000000 0.076116 343.342010
15.721383 -13.614878 0.750000 0.000000 -0.000000 0.076118 343.441986
15.932141 -13.598811 0.750000 0.000000 -0.000000 0.076122 343.546997
16.152756 -13.581994 0.750000 0.000000 -0.000000 0.076125 343.657013
16.363152 -13.565954 0.750000 0.000000 -0.000000 0.076130 343.761993
16.593615 -13.548373 0.750000 0.000000 -0.000000 0.076131 343.877014
16.794512 -13.533051 0.750000 0.000000 -0.000000 0.076132 343.976990
17.003235 -13.517126 0.750000 0.000000 -0.000000 0.076131 344.080994
17.206013 -13.503613 0.750000 0.000000 -0.000000 0.069585 344.182007
17.406389 -13.489444 0.750000 0.000000 -0.000000 0.070623 344.282013
17.611204 -13.474956 0.750000 0.000000 -0.000000 0.070623 344.384003
17.818237 -13.460311 0.750000 0.000000 -0.000000 0.070623 344.487000
18.021502 -13.445933 0.750000 0.000000 -0.000000 0.070624 344.588013
18.230156 -13.431173 0.750000 0.000000 -0.000000 0.070624 344.691986
18.431004 -13.416966 0.750000 0.000000 -0.000000 0.070625 344.791992
18.631653 -13.402772 0.750000 0.000000 -0.000000 0.070625 344.891998
18.833042 -13.392923 0.750000 0.000000 -0.000000 0.024536 344.992004
19.035999 -13.388696 0.750000 0.000000 -0.000000 0.022367 345.092987
19.237453 -13.384149 0.750000 0.000000 -0.000000 0.022503 345.192993
19.438509 -13.379622 0.750000 0.000000 -0.000000 0.022499 345.292999
19.639715 -13.375093 0.750000 0.000000 -0.000000 0.022499 345.393005
19.841192 -13.370556 0.750000 0.000000 -0.000000 0.022498 345.493011
20.044741 -13.365973 0.750000 0.000000 -0.000000 0.022497 345.593994
20.245955 -13.356732 0.750000 0.000000 -0.000000 0.069786 345.694000
20.448874 -13.341371 0.750000 0.000000 -0.000000 0.073523 345.795013
20.652704 -13.326399 0.750000 0.000000 -0.000000 0.073389 345.897003
20.853415 -13.311636 0.750000 0.000000 -0.000000 0.073401 345.997009
21.057497 -13.303306 0.750000 0.000000 0.000000 -0.025327 346.101990
21.261724 -13.304857 0.750000 0.000000 -0.000000 0.015830 346.207001
21.477074 -13.301023 0.750000 0.000000 -0.000000 0.017177 346.313995
21.708168 -13.297046 0.750000 0.000000 -0.000000 0.017249 346.428986
21.939390 -13.293056 0.750000 0.000000 -0.000000 0.017247 346.544006
22.150665 -13.289412 0.750000 0.000000 -0.000000 0.017247 346.648987
22.351765 -13.285943 0.750000 0.000000 -0.000000 0.017247 346.748993
22.553278 -13.281150 0.750000 0.000000 -0.000000 0.040996 346.848999
22.760241 -13.267210 0.750000 0.000000 -0.000000 0.090602 346.951996
22.963980 -13.244550 0.750000 0.000000 -0.000000 0.117365 347.053986
23.221687 -13.224933 0.750000 0.000000 -0.000000 0.062593 347.183990
23.426542 -13.212094 0.750000 0.000000 -0.000000 0.062593 347.286011
23.633419 -13.199128 0.750000 0.000000 -0.000000 0.062594 347.389008
23.834280 -13.186540 0.750000 0.000000 -0.000000 0.062594 347.489014
24.035067 -13.173955 0.750000 0.000000 -0.000000 0.062594 347.588989
24.235605 -13.157286 0.750000 0.000000 -0.000000 0.105770 347.688995
24.435627 -13.135073 0.750000 0.000000 -0.000000 0.110752 347.789001
24.637140 -13.112664 0.750000 0.000000 -0.000000 0.110752 347.890015
24.836916 -13.087848 0.750000 0.000000 -0.000000 0.145596 347.989990
25.035229 -13.061234 0.750000 0.000000 -0.000000 0.082668 348.091003
25.236610 -13.044127 0.750000 0.000000 -0.000000 0.106292 348.195007
25.442818 -13.021474 0.750000 0.000000 -0.000000 0.107960 348.298004
25.642792 -12.999880 0.750000 0.000000 -0.000000 0.107616 348.398010
25.842714 -12.974877 0.750000 0.000000 -0.000000 0.148160 348.497986
26.041668 -12.943950 0.750000 0.000000 -0.000000 0.154462 348.597992
26.246243 -12.912100 0.750000 0.000000 -0.000000 0.154462 348.700989
26.485882 -12.855781 0.750000 0.000000 -0.000000 0.312530 348.834015
26.675785 -12.781315 0.750000 0.000000 -0.000000 0.435129 348.968994
26.852081 -12.684585 0.750000 0.000000 -0.000000 0.552611 349.144012
27.030491 -12.553636 0.750000 0.000000 -0.000000 0.678532 349.363007
27.221243 -12.386088 0.750000 0.000000 -0.000000 0.756961 349.536987
27.368097 -12.240217 0.750000 0.000000 -0.000000 0.792589 349.652008
27.529188 -12.080861 0.750000 0.000000 -0.000000 0.742324 349.766998
27.690351 -11.947290 0.750000 0.000000 -0.000000 0.661267 349.881989
27.858627 -11.822951 0.750000 0.000000 -0.000000 0.612662 349.987000
28.026150 -11.711463 0.750000 0.000000 -0.000000 0.564355 350.087006
28.196751 -11.605247 0.750000 0.000000 -0.000000 0.537366 350.187012
28.372385 -11.506779 0.750000 0.000000 -0.000000 0.488110 350.286987
28.552889 -11.416711 0.750000 0.000000 -0.000000 0.440025 350.386993
28.742989 -11.329275 0.750000 0.000000 -0.000000 0.431067 350.490997
28.931105 -11.242588 0.750000 0.000000 -0.000000 0.432036 350.593994
29.114096 -11.158225 0.750000 0.000000 -0.000000 0.432011 350.694000
29.297546 -11.076132 0.750000 0.000000 -0.000000 0.398865 350.794006
29.484869 -11.002958 0.750000 0.000000 -0.000000 0.349581 350.894012
29.678194 -10.933509 0.750000 0.000000 -0.000000 0.344740 350.996002
29.867550 -10.865511 0.750000 0.000000 -0.000000 0.344739 351.096008
30.065050 -10.796140 0.750000 0.000000 -0.000000 0.302762 351.200989
30.257811 -10.742500 0.750000 0.000000 -0.000000 0.250870 351.302002
30.455360 -10.692317 0.750000 0.000000 -0.000000 0.250644 351.403015
30.650257 -10.642347 0.750000 0.000000 -0.000000 0.250817 351.502991
30.874561 -10.584878 0.750000 0.000000 -0.000000 0.250823 351.618011
31.079033 -10.532488 0.750000 0.000000 -0.000000 0.250820 351.722992
31.274187 -10.482828 0.750000 0.000000 -0.000000 0.239434 351.822998
31.480547 -10.438083 0.750000 0.000000 -0.000000 0.196064 351.928009
31.677740 -10.398484 0.750000 0.000000 -0.000000 0.199730 352.028015
31.875023 -10.358574 0.750000 0.000000 -0.000000 0.199533 352.127991
32.151115 -10.303512 0.750000 0.000000 -0.000000 0.195415 352.268005
32.348034 -10.264189 0.750000 0.000000 -0.000000 0.197379 352.368011
32.555206 -10.222796 0.750000 0.000000 -0.000000 0.197180 352.472992
32.752720 -10.184477 0.750000 0.000000 -0.000000 0.174108 352.572998
32.951519 -10.153349 0.750000 0.000000 -0.000000 0.153329 352.673004
33.159985 -10.120830 0.750000 0.000000 -0.000000 0.154843 352.778015
33.359032 -10.089770 0.750000 0.000000 -0.000000 0.154776 352.877991
33.557461 -10.056360 0.750000 0.000000 -0.000000 0.189858 352.977997
33.758472 -10.014859 0.750000 0.000000 -0.000000 0.203685 353.079987
33.955364 -9.974401 0.750000 0.000000 -0.000000 0.202549 353.179993
34.162304 -9.931879 0.750000 0.000000 -0.000000 0.202665 353.285004
34.364784 -9.896864 0.750000 0.000000 -0.000000 0.192520 353.388000
34.561684 -9.855257 0.750000 0.000000 -0.000000 0.206899 353.488007
34.758709 -9.814235 0.750000 0.000000 -0.000000 0.205463 353.588013
34.956104 -9.773074 0.750000 0.000000 -0.000000 0.205569 353.687988
35.152687 -9.732085 0.750000 0.000000 -0.000000 0.205560 353.787994
35.350754 -9.687256 0.750000 0.000000 -0.000000 0.246364 353.889008
35.554874 -9.633503 0.750000 0.000000 -0.000000 0.256206 353.993988
35.757317 -9.580600 0.750000 0.000000 -0.000000 0.255729 354.097992
35.955910 -9.528674 0.750000 0.000000 -0.000000 0.255733 354.200012
36.160458 -9.475194 0.750000 0.000000 -0.000000 0.255734 354.304993
36.363800 -9.426456 0.750000 0.000000 -0.000000 0.209630 354.408997
36.559586 -9.380508 0.750000 0.000000 -0.000000 0.257184 354.509003
36.781422 -9.321099 0.750000 0.000000 -0.000000 0.260279 354.622986
37.005230 -9.261495 0.750000 0.000000 -0.000000 0.260279 354.738007
37.201515 -9.209217 0.750000 0.000000 -0.000000 0.260279 354.838989
37.395920 -9.157443 0.750000 0.000000 -0.000000 0.260278 354.938995
37.598236 -9.105923 0.750000 0.000000 -0.000000 0.203730 355.044006
37.797276 -9.083416 0.750000 0.000000 -0.000000 0.024659 355.157990
37.966873 -9.094920 0.750000 0.000000 0.000000 -0.157553 355.273987
38.097797 -9.128022 0.750000 0.000000 0.000000 -0.336624 355.388000
38.214588 -9.182779 0.750000 0.000000 0.000000 -0.548466 355.528992
38.273708 -9.226703 0.750000 0.000000 0.000000 -0.736962 355.648987
38.299671 -9.254554 0.750000 0.000000 0.000000 -0.925458 355.769012
38.302696 -9.258904 0.750000 0.000000 0.000000 -1.107670 355.885010
38.302696 -9.258904 0.750000 0.000000 0.000000 -1.286741 355.998993
38.302696 -9.258904 0.750000 0.000000 0.000000 -1.096674 356.359985
38.302696 -9.258904 0.750000 0.000000 0.000000 -0.917604 356.473999
38.302696 -9.258904 0.750000 0.000000 0.000000 -0.739033 356.588989
38.302696 -9.258904 0.750000 0.000000 0.000000 -0.561533 356.701996
38.302696 -9.258904 0.750000 0.000000 0.000000 -0.357329 356.832001
38.302696 -9.258904 0.750000 0.000000 0.000000 -0.152739 356.975006
38.303535 -9.259007 0.750000 0.000000 -0.000000 0.022517 357.131012
38.502907 -9.231043 0.750000 0.000000 -0.000000 0.140252 357.588013
38.707230 -9.202915 0.750000 0.000000 -0.000000 0.137605 357.757996
38.912327 -9.174522 0.750000 0.000000 -0.000000 0.137559 357.888000
39.119045 -9.145905 0.750000 0.000000 -0.000000 0.137560 357.997986
39.317856 -9.114166 0.750000 0.000000 -0.000000 0.181800 358.097992
39.514606 -9.072777 0.750000 0.000000 -0.000000 0.230179 358.197998
39.709602 -9.025014 0.750000 0.000000 -0.000000 0.237810 358.298004
39.909306 -8.976787 0.750000 0.000000 -0.000000 0.237080 358.399994
40.111023 -8.928039 0.750000 0.000000 -0.000000 0.237104 358.502991
40.336288 -8.873600 0.750000 0.000000 -0.000000 0.237102 358.618011
40.563213 -8.819236 0.750000 0.000000 -0.000000 0.238266 358.734009
40.765057 -8.764829 0.750000 0.000000 -0.000000 0.277549 358.838013
40.968090 -8.707125 0.750000 0.000000 -0.000000 0.286176 358.942993
41.176487 -8.639385 0.750000 0.000000 -0.000000 0.326137 359.052002
41.386009 -8.568524 0.750000 0.000000 -0.000000 0.326137 359.161987
41.578407 -8.503449 0.750000 0.000000 -0.000000 0.326138 359.263000
41.769028 -8.438981 0.750000 0.000000 -0.000000 0.326136 359.363007
41.966877 -8.372068 0.750000 0.000000 -0.000000 0.326137 359.467010
42.178303 -8.300557 0.750000 0.000000 -0.000000 0.326139 359.578003
42.382885 -8.228554 0.750000 0.000000 -0.000000 0.361943 359.686005
42.572197 -8.153853 0.750000 0.000000 -0.000000 0.377895 359.786987
42.759068 -8.079631 0.750000 0.000000 -0.000000 0.378077 359.886993
42.947872 -8.004640 0.750000 0.000000 -0.000000 0.378068 359.988007
43.138741 -7.928830 0.750000 0.000000 -0.000000 0.378068 360.089996
43.325657 -7.854590 0.750000 0.000000 -0.000000 0.378067 360.190002
43.518391 -7.778043 0.750000 0.000000 -0.000000 0.378068 360.292999
43.704964 -7.703941 0.750000 0.000000 -0.000000 0.378067 360.393005
43.890675 -7.626192 0.750000 0.000000 -0.000000 0.419485 360.493011
44.077236 -7.541228 0.750000 0.000000 -0.000000 0.425337 360.595001
44.266403 -7.455723 0.750000 0.000000 -0.000000 0.424567 360.697998
44.455669 -7.370173 0.750000 0.000000 -0.000000 0.424579 360.800995
44.645260 -7.286001 0.750000 0.000000 -0.000000 0.399418 360.903992
44.838100 -7.204855 0.750000 0.000000 -0.000000 0.398787 361.007996
45.023476 -7.126746 0.750000 0.000000 -0.000000 0.398779 361.108002
45.214001 -7.040891 0.750000 0.000000 -0.000000 0.447844 361.212006
45.394718 -6.952623 0.750000 0.000000 -0.000000 0.453172 361.312012
45.575539 -6.864581 0.750000 0.000000 -0.000000 0.453193 361.411987
45.754421 -6.771852 0.750000 0.000000 -0.000000 0.501449 361.511993
45.996780 -6.627777 0.750000 0.000000 -0.000000 0.568859 361.652008
46.163517 -6.515122 0.750000 0.000000 -0.000000 0.617112 361.752014
46.332565 -6.388270 0.750000 0.000000 -0.000000 0.667914 361.856995
46.517540 -6.233052 0.750000 0.000000 -0.000000 0.725779 361.976990
46.669361 -6.088378 0.750000 0.000000 -0.000000 0.786797 362.082001
46.809555 -5.944174 0.750000 0.000000 -0.000000 0.800492 362.182007
46.949642 -5.796862 0.750000 0.000000 -0.000000 0.831546 362.282990
47.088871 -5.635335 0.750000 0.000000 -0.000000 0.883268 362.389008
47.214905 -5.478824 0.750000 0.000000 -0.000000 0.893478 362.489014
47.343204 -5.319357 0.750000 0.000000 -0.000000 0.893243 362.591003
47.469360 -5.162564 0.750000 0.000000 -0.000000 0.893245 362.691010
47.598198 -5.007993 0.750000 0.000000 -0.000000 0.852184 362.790985
47.734543 -4.860025 0.750000 0.000000 -0.000000 0.803374 362.890991
47.878048 -4.718598 0.750000 0.000000 -0.000000 0.755436 362.990997
48.027935 -4.584517 0.750000 0.000000 -0.000000 0.706992 363.091003
48.184883 -4.454597 0.750000 0.000000 -0.000000 0.676252 363.191986
48.351139 -4.327978 0.750000 0.000000 -0.000000 0.627095 363.295990
48.516460 -4.209792 0.750000 0.000000 -0.000000 0.621670 363.397003
48.686394 -4.087904 0.750000 0.000000 -0.000000 0.622118 363.501007
48.854622 -3.967259 0.750000 0.000000 -0.000000 0.622128 363.604004
49.029987 -3.841499 0.750000 0.000000 -0.000000 0.622128 363.710999
49.206619 -3.714822 0.750000 0.000000 -0.000000 0.622126 363.819000
49.373127 -3.595467 0.750000 0.000000 -0.000000 0.617410 363.920990
49.557552 -3.480206 0.750000 0.000000 -0.000000 0.502228 364.037994
49.746174 -3.391367 0.750000 0.000000 -0.000000 0.379150 364.173004
49.943878 -3.328762 0.750000 0.000000 -0.000000 0.277917 364.348999
50.138039 -3.274220 0.750000 0.000000 -0.000000 0.177634 364.604004
50.336872 -3.248739 0.750000 0.000000 -0.000000 0.089519 364.808990
50.566132 -3.237059 0.750000 0.000000 -0.000000 0.017488 364.968994
50.766483 -3.236408 0.750000 0.000000 -0.000000 0.002072 365.082001
50.972946 -3.239022 0.750000 0.000000 0.000000 -0.034896 365.186005
51.175961 -3.248586 0.750000 0.000000 0.000000 -0.047407 365.286987
51.379490 -3.258080 0.750000 0.000000 0.000000 -0.046608 365.388000
51.582653 -3.270013 0.750000 0.000000 0.000000 -0.083463 365.489014
51.787109 -3.292236 0.750000 0.000000 0.000000 -0.132114 365.591003
51.990566 -3.320093 0.750000 0.000000 0.000000 -0.136146 365.692993
52.195526 -3.348172 0.750000 0.000000 0.000000 -0.136146 365.795990
52.395020 -3.375501 0.750000 0.000000 0.000000 -0.136146 365.895996
52.596672 -3.403125 0.750000 0.000000 0.000000 -0.136146 365.997009
52.820766 -3.438249 0.750000 0.000000 0.000000 -0.182302 366.109985
53.031391 -3.483019 0.750000 0.000000 0.000000 -0.234110 366.217010
53.260712 -3.544502 0.750000 0.000000 0.000000 -0.277521 366.334991
53.493019 -3.610023 0.750000 0.000000 0.000000 -0.274024 366.454987
53.715744 -3.672654 0.750000 0.000000 0.000000 -0.274163 366.570007
53.911510 -3.727711 0.750000 0.000000 0.000000 -0.274164 366.670990
54.112961 -3.784365 0.750000 0.000000 0.000000 -0.274165 366.774994
54.317478 -3.844619 0.750000 0.000000 0.000000 -0.308761 366.881012
54.510544 -3.909109 0.750000 0.000000 0.000000 -0.323689 366.981995
54.707394 -3.974972 0.750000 0.000000 0.000000 -0.322814 367.084991
54.898125 -4.038785 0.750000 0.000000 0.000000 -0.322870 367.184998
55.088737 -4.102559 0.750000 0.000000 0.000000 -0.322871 367.285004
55.288990 -4.160447 0.750000 0.000000 0.000000 -0.232249 367.394989
55.501022 -4.196674 0.750000 0.000000 0.000000 -0.107767 367.529999
55.705662 -4.203486 0.750000 0.000000 -0.000000 0.043174 367.700012
55.916256 -4.184174 0.750000 0.000000 -0.000000 0.153470 367.875000
56.140862 -4.137131 0.750000 0.000000 -0.000000 0.242075 368.054993
56.334221 -4.083167 0.750000 0.000000 -0.000000 0.298045 368.177002
56.525909 -4.018801 0.750000 0.000000 -0.000000 0.347202 368.282013
56.715874 -3.946905 0.750000 0.000000 -0.000000 0.361605 368.382996
56.911919 -3.873186 0.750000 0.000000 -0.000000 0.359645 368.487000
57.100281 -3.802341 0.750000 0.000000 -0.000000 0.359728 368.587006
57.288670 -3.731490 0.750000 0.000000 -0.000000 0.359722 368.687012
57.477192 -3.660586 0.750000 0.000000 -0.000000 0.359721 368.786987
57.665970 -3.589576 0.750000 0.000000 -0.000000 0.383667 368.886993
57.851582 -3.511532 0.750000 0.000000 -0.000000 0.397553 368.987000
58.042503 -3.431557 0.750000 0.000000 -0.000000 0.396660 369.089996
58.228012 -3.353845 0.750000 0.000000 -0.000000 0.396718 369.190002
58.413750 -3.276034 0.750000 0.000000 -0.000000 0.396719 369.290009
58.601974 -3.193995 0.750000 0.000000 -0.000000 0.434980 369.391998
58.782272 -3.104411 0.750000 0.000000 -0.000000 0.483766 369.492004
58.963440 -3.007022 0.750000 0.000000 -0.000000 0.494107 369.593994
59.146248 -2.908557 0.750000 0.000000 -0.000000 0.494111 369.696991
59.321892 -2.810243 0.750000 0.000000 -0.000000 0.534981 369.796997
59.494068 -2.701986 0.750000 0.000000 -0.000000 0.584224 369.898010
59.667446 -2.586373 0.750000 0.000000 -0.000000 0.571647 370.002014
59.838684 -2.480388 0.750000 0.000000 -0.000000 0.553192 370.101990
60.009712 -2.374567 0.750000 0.000000 -0.000000 0.554062 370.201996
60.178905 -2.265860 0.750000 0.000000 -0.000000 0.594666 370.302002
60.345085 -2.152335 0.750000 0.000000 -0.000000 0.598649 370.402008
60.513020 -2.037868 0.750000 0.000000 -0.000000 0.598254 370.502991
60.724117 -1.886181 0.750000 0.000000 -0.000000 0.644737 370.631989
60.932617 -1.731912 0.750000 0.000000 -0.000000 0.618776 370.760986
61.123592 -1.600744 0.750000 0.000000 -0.000000 0.598760 370.876007
61.289688 -1.487402 0.750000 0.000000 -0.000000 0.598754 370.976013
61.457573 -1.372834 0.750000 0.000000 -0.000000 0.598749 371.076996
61.622635 -1.254202 0.750000 0.000000 -0.000000 0.685924 371.181000
61.783226 -1.119920 0.750000 0.000000 -0.000000 0.674932 371.290985
61.943344 -0.998245 0.750000 0.000000 -0.000000 0.626911 371.390991
62.109093 -0.884486 0.750000 0.000000 -0.000000 0.578774 371.490997
62.280579 -0.778637 0.750000 0.000000 -0.000000 0.529986 371.591003
62.454765 -0.678400 0.750000 0.000000 -0.000000 0.522978 371.691010
62.629219 -0.577723 0.750000 0.000000 -0.000000 0.523356 371.790985
62.807041 -0.478758 0.750000 0.000000 -0.000000 0.484427 371.891998
62.987762 -0.389663 0.750000 0.000000 -0.000000 0.435057 371.992004
63.178211 -0.302752 0.750000 0.000000 -0.000000 0.427755 372.096008
63.361134 -0.219351 0.750000 0.000000 -0.000000 0.427753 372.196014
63.545628 -0.136601 0.750000 0.000000 -0.000000 0.387707 372.296997
63.738754 -0.061828 0.750000 0.000000 -0.000000 0.368602 372.401001
63.932217 0.012900 0.750000 0.000000 -0.000000 0.368601 372.503998
64.120201 0.085503 0.750000 0.000000 -0.000000 0.368603 372.604004
64.309235 0.153926 0.750000 0.000000 -0.000000 0.323078 372.704010
64.538185 0.229495 0.750000 0.000000 -0.000000 0.319632 372.824005
64.738655 0.295839 0.750000 0.000000 -0.000000 0.319508 372.928986
64.939957 0.362244 0.750000 0.000000 -0.000000 0.311497 373.033997
65.138329 0.420828 0.750000 0.000000 -0.000000 0.276136 373.136993
65.331810 0.475826 0.750000 0.000000 -0.000000 0.277462 373.237000
65.544724 0.536461 0.750000 0.000000 -0.000000 0.277439 373.346985
65.738724 0.591319 0.750000 0.000000 -0.000000 0.264708 373.446991
65.934090 0.639580 0.750000 0.000000 -0.000000 0.233676 373.546997
66.139343 0.688438 0.750000 0.000000 -0.000000 0.233675 373.652008
66.335236 0.735067 0.750000 0.000000 -0.000000 0.233673 373.752014
66.531380 0.781187 0.750000 0.000000 -0.000000 0.217785 373.851990
66.749031 0.822969 0.750000 0.000000 -0.000000 0.176656 373.962006
66.947685 0.858141 0.750000 0.000000 -0.000000 0.159603 374.062012
67.151367 0.886685 0.750000 0.000000 -0.000000 0.146593 374.164001
67.375526 0.927151 0.750000 0.000000 -0.000000 0.205215 374.277008
67.583038 0.976190 0.750000 0.000000 -0.000000 0.256315 374.382996
67.776360 1.032099 0.750000 0.000000 -0.000000 0.304201 374.483002
67.968651 1.093938 0.750000 0.000000 -0.000000 0.311496 374.583008
68.163635 1.149548 0.750000 0.000000 -0.000000 0.298610 374.687012
68.360527 1.217327 0.750000 0.000000 -0.000000 0.355518 374.791992
68.547295 1.292100 0.750000 0.000000 -0.000000 0.403664 374.891998
68.732124 1.372946 0.750000 0.000000 -0.000000 0.411660 374.992004
68.916763 1.453397 0.750000 0.000000 -0.000000 0.411040 375.092010
69.107079 1.536359 0.750000 0.000000 -0.000000 0.411104 375.195007
69.291786 1.616862 0.750000 0.000000 -0.000000 0.411107 375.295013
69.480614 1.703050 0.750000 0.000000 -0.000000 0.452817 375.398010
69.660545 1.792935 0.750000 0.000000 -0.000000 0.462163 375.497986
69.840782 1.882491 0.750000 0.000000 -0.000000 0.461251 375.597992
70.020882 1.972026 0.750000 0.000000 -0.000000 0.461364 375.697998
70.201088 2.061615 0.750000 0.000000 -0.000000 0.461358 375.798004
70.381470 2.149709 0.750000 0.000000 -0.000000 0.453503 375.898010
70.565948 2.239622 0.750000 0.000000 -0.000000 0.453504 376.000000
70.752167 2.330389 0.750000 0.000000 -0.000000 0.453500 376.102997
70.935005 2.419501 0.750000 0.000000 -0.000000 0.453498 376.204010
71.115898 2.507661 0.750000 0.000000 -0.000000 0.453500 376.303986
71.296661 2.595766 0.750000 0.000000 -0.000000 0.453499 376.403992
71.495270 2.692567 0.750000 0.000000 -0.000000 0.453497 376.514008
71.674446 2.783606 0.750000 0.000000 -0.000000 0.493559 376.614014
71.877083 2.894781 0.750000 0.000000 -0.000000 0.499940 376.729004
72.062561 2.996145 0.750000 0.000000 -0.000000 0.500356 376.834015
72.256111 3.101458 0.750000 0.000000 -0.000000 0.476760 376.944000
72.440163 3.180728 0.750000 0.000000 -0.000000 0.373481 377.053986
72.623589 3.260971 0.750000 0.000000 -0.000000 0.441349 377.164001
72.810585 3.355303 0.750000 0.000000 -0.000000 0.490973 377.269012
72.994232 3.459862 0.750000 0.000000 -0.000000 0.541656 377.373993
73.172241 3.573555 0.750000 0.000000 -0.000000 0.592284 377.479004
73.337914 3.691480 0.750000 0.000000 -0.000000 0.642583 377.584015
73.500526 3.820776 0.750000 0.000000 -0.000000 0.699392 377.704987
73.624466 3.944629 0.750000 0.000000 -0.000000 0.881439 377.829010
73.696152 4.049649 0.750000 0.000000 -0.000000 1.062081 377.944000
73.736549 4.141939 0.750000 0.000000 -0.000000 1.258430 378.069000
73.749680 4.198867 0.750000 0.000000 -0.000000 1.439072 378.183990
73.751152 4.224297 0.750000 0.000000 -0.000000 1.621284 378.299988
73.750870 4.226626 0.750000 0.000000 -0.000000 1.798782 378.449005
73.750511 4.227694 0.750000 0.000000 -0.000000 1.975191 378.618988
73.746376 4.235167 0.750000 0.000000 -0.000000 2.153681 378.864990
73.709007 4.277345 0.750000 0.000000 -0.000000 2.328969 379.200012
73.562935 4.415842 0.750000 0.000000 -0.000000 2.415133 379.444000
73.411583 4.550994 0.750000 0.000000 -0.000000 2.412374 379.596985
73.255783 4.690193 0.750000 0.000000 -0.000000 2.412394 379.721985
73.101501 4.827712 0.750000 0.000000 -0.000000 2.419933 379.828003
72.938942 4.962988 0.750000 0.000000 -0.000000 2.472816 379.933014
72.753731 5.101310 0.750000 0.000000 -0.000000 2.515259 380.048004
72.583176 5.225506 0.750000 0.000000 -0.000000 2.511256 380.153015
72.417564 5.346337 0.750000 0.000000 -0.000000 2.511252 380.255005
72.255081 5.464886 0.750000 0.000000 -0.000000 2.511251 380.355011
72.076912 5.596504 0.750000 0.000000 -0.000000 2.500713 380.464996
71.888435 5.734038 0.750000 0.000000 -0.000000 2.531337 380.580994
71.720474 5.844853 0.750000 0.000000 -0.000000 2.581546 380.681000
71.544579 5.951222 0.750000 0.000000 -0.000000 2.601035 380.782990
71.372002 6.054787 0.750000 0.000000 -0.000000 2.601031 380.882996
71.192566 6.162469 0.750000 0.000000 -0.000000 2.601024 380.987000
71.019775 6.266165 0.750000 0.000000 -0.000000 2.601017 381.087006
70.846985 6.369866 0.750000 0.000000 -0.000000 2.601013 381.187012
70.674301 6.473505 0.750000 0.000000 -0.000000 2.601010 381.286987
70.496513 6.580205 0.750000 0.000000 -0.000000 2.601005 381.390015
70.317123 6.687870 0.750000 0.000000 -0.000000 2.601000 381.493988
70.139809 6.800324 0.750000 0.000000 -0.000000 2.581061 381.598999
69.967270 6.903448 0.750000 0.000000 -0.000000 2.627115 381.699005
69.791489 7.001168 0.750000 0.000000 -0.000000 2.633891 381.799011
69.615768 7.098975 0.750000 0.000000 -0.000000 2.633749 381.898987
69.440018 7.196781 0.750000 0.000000 -0.000000 2.633753 381.998993
69.264015 7.294732 0.750000 0.000000 -0.000000 2.633754 382.098999
69.088120 7.392622 0.750000 0.000000 -0.000000 2.633754 382.199005
68.912247 7.490501 0.750000 0.000000 -0.000000 2.633755 382.299011
68.736404 7.588367 0.750000 0.000000 -0.000000 2.633757 382.398987
68.560295 7.686367 0.750000 0.000000 -0.000000 2.633756 382.498993
68.384666 7.784110 0.750000 0.000000 -0.000000 2.633757 382.598999
68.209297 7.887048 0.750000 0.000000 -0.000000 2.561180 382.704010
68.015923 7.996304 0.750000 0.000000 -0.000000 2.712941 382.838989
67.825531 8.062705 0.750000 0.000000 -0.000000 2.853706 382.984009
67.626740 8.120088 0.750000 0.000000 -0.000000 2.860306 383.109985
67.434204 8.175739 0.750000 0.000000 -0.000000 2.860257 383.213989
67.237793 8.226937 0.750000 0.000000 -0.000000 2.912292 383.315002
67.036278 8.274345 0.750000 0.000000 -0.000000 2.908842 383.417999
66.803818 8.352078 0.750000 0.000000 -0.000000 2.765743 383.548004
66.616455 8.423727 0.750000 0.000000 -0.000000 2.780744 383.648987
66.420853 8.497731 0.750000 0.000000 -0.000000 2.779415 383.752991
66.233170 8.569366 0.750000 0.000000 -0.000000 2.770443 383.852997
66.034393 8.631080 0.750000 0.000000 -0.000000 2.831733 383.967987
65.843483 8.707184 0.750000 0.000000 -0.000000 2.717443 384.097992
65.663940 8.795479 0.750000 0.000000 -0.000000 2.650251 384.217987
65.478111 8.905701 0.750000 0.000000 -0.000000 2.584547 384.347992
65.301628 9.017193 0.750000 0.000000 -0.000000 2.539030 384.458008
65.130615 9.150429 0.750000 0.000000 -0.000000 2.505576 384.583008
64.966988 9.275343 0.750000 0.000000 -0.000000 2.389305 384.730988
64.878746 9.376250 0.750000 0.000000 -0.000000 2.186672 384.859985
64.836845 9.447864 0.750000 0.000000 -0.000000 2.009172 384.972992
64.809349 9.525165 0.750000 0.000000 -0.000000 1.779324 385.143005
64.806778 9.543342 0.750000 0.000000 -0.000000 1.598682 385.257996
64.806778 9.543342 0.750000 0.000000 -0.000000 1.402332 385.382996
64.806778 9.543342 0.750000 0.000000 -0.000000 1.221691 385.497986
64.806778 9.543342 0.750000 0.000000 -0.000000 0.968792 385.658997
64.806778 9.543342 0.750000 0.000000 -0.000000 0.783063 386.977997
64.806778 9.543342 0.750000 0.000000 -0.000000 0.599280 387.095001
64.806778 9.543342 0.750000 0.000000 -0.000000 0.421780 387.208008
64.806778 9.543342 0.750000 0.000000 -0.000000 0.239568 387.444000
64.806778 9.543342 0.750000 0.000000 -0.000000 0.044789 387.567993
64.806778 9.543342 0.750000 0.000000 0.000000 -0.135853 387.683014
64.806778 9.543342 0.750000 0.000000 0.000000 -0.316494 387.798004
64.806778 9.543342 0.750000 0.000000 0.000000 -0.503419 387.916992
64.806778 9.543342 0.750000 0.000000 0.000000 -0.679579 388.031006
64.807632 9.542425 0.750000 0.000000 0.000000 -0.872141 388.247986
64.809860 9.539442 0.750000 0.000000 0.000000 -1.048098 388.652008
64.833916 9.484073 0.750000 0.000000 0.000000 -1.225994 388.972992
64.890259 9.288635 0.750000 0.000000 0.000000 -1.336764 389.256989
64.930511 9.088432 0.750000 0.000000 0.000000 -1.403201 389.416992
64.958466 8.886032 0.750000 0.000000 0.000000 -1.460194 389.541992
64.980026 8.624788 0.750000 0.000000 0.000000 -1.497612 389.677002
64.995407 8.422144 0.750000 0.000000 0.000000 -1.486127 389.778015
65.026253 8.215571 0.750000 0.000000 0.000000 -1.409485 389.886993
65.054604 8.013999 0.750000 0.000000 0.000000 -1.453742 389.988007
65.073517 7.805327 0.750000 0.000000 0.000000 -1.504193 390.092010
65.084488 7.604754 0.750000 0.000000 0.000000 -1.515765 390.191986
65.095940 7.401700 0.750000 0.000000 0.000000 -1.514593 390.292999
65.107628 7.192705 0.750000 0.000000 0.000000 -1.514690 390.397003
65.119026 6.989503 0.750000 0.000000 0.000000 -1.514663 390.497986
65.130783 6.780461 0.750000 0.000000 0.000000 -1.514659 390.601990
65.142052 6.580054 0.750000 0.000000 0.000000 -1.514657 390.701996
65.149857 6.378976 0.750000 0.000000 0.000000 -1.555856 390.802002
65.147675 6.177882 0.750000 0.000000 0.000000 -1.604593 390.902008
65.136864 5.977552 0.750000 0.000000 0.000000 -1.625544 391.002014
65.126190 5.776836 0.750000 0.000000 0.000000 -1.623965 391.101990
65.115211 5.571704 0.750000 0.000000 0.000000 -1.624170 391.204010
65.104439 5.370492 0.750000 0.000000 0.000000 -1.624155 391.303986
65.093544 5.167058 0.750000 0.000000 0.000000 -1.624139 391.404999
65.082573 4.962102 0.750000 0.000000 0.000000 -1.624124 391.506989
65.071465 4.754599 0.750000 0.000000 0.000000 -1.624111 391.609985
65.058876 4.519310 0.750000 0.000000 0.000000 -1.624097 391.726990
65.048119 4.318371 0.750000 0.000000 0.000000 -1.624083 391.826996
65.037361 4.117280 0.750000 0.000000 0.000000 -1.624068 391.927002
65.026611 3.916438 0.750000 0.000000 0.000000 -1.624047 392.027008
65.011597 3.635361 0.750000 0.000000 0.000000 -1.624028 392.166992
65.000359 3.424759 0.750000 0.000000 0.000000 -1.624025 392.272003
64.987053 3.212304 0.750000 0.000000 0.000000 -1.634184 392.377991
64.974358 3.003313 0.750000 0.000000 0.000000 -1.630948 392.481995
64.961739 2.794217 0.750000 0.000000 0.000000 -1.630933 392.585999
64.947563 2.585783 0.750000 0.000000 0.000000 -1.659191 392.690002
64.925758 2.381497 0.750000 0.000000 0.000000 -1.679148 392.791992
64.903419 2.173821 0.750000 0.000000 0.000000 -1.677994 392.895996
64.881981 1.974349 0.750000 0.000000 0.000000 -1.678093 392.996002
64.860466 1.774257 0.750000 0.000000 0.000000 -1.678100 393.096008
64.838966 1.574289 0.750000 0.000000 0.000000 -1.678118 393.196014
64.813774 1.370864 0.750000 0.000000 0.000000 -1.717825 393.298004
64.782990 1.172233 0.750000 0.000000 0.000000 -1.724068 393.398010
64.751968 0.970961 0.750000 0.000000 0.000000 -1.723768 393.498993
64.720116 0.764150 0.750000 0.000000 0.000000 -1.720442 393.602997
64.688042 0.565618 0.750000 0.000000 0.000000 -1.755840 393.703003
64.649696 0.368436 0.750000 0.000000 0.000000 -1.761565 393.803009
64.611641 0.170921 0.750000 0.000000 0.000000 -1.761333 393.903015
64.569717 -0.025840 0.750000 0.000000 0.000000 -1.804836 394.002991
64.521782 -0.221555 0.750000 0.000000 0.000000 -1.809742 394.102997
64.474121 -0.417470 0.750000 0.000000 0.000000 -1.809399 394.208008
64.420326 -0.614815 0.750000 0.000000 0.000000 -1.865277 394.333008
64.357651 -0.809227 0.750000 0.000000 0.000000 -1.869037 394.480988
64.302223 -1.001681 0.750000 0.000000 0.000000 -1.849499 394.606995
64.244858 -1.201561 0.750000 0.000000 0.000000 -1.850094 394.717010
64.188271 -1.398908 0.750000 0.000000 0.000000 -1.850084 394.819000
64.133781 -1.598531 0.750000 0.000000 0.000000 -1.842013 394.921997
64.079079 -1.794357 0.750000 0.000000 0.000000 -1.842695 395.023010
64.016029 -2.056472 0.750000 0.000000 0.000000 -1.774461 395.157013
63.977531 -2.270445 0.750000 0.000000 0.000000 -1.735205 395.265015
63.944183 -2.468786 0.750000 0.000000 0.000000 -1.738608 395.364990
63.910275 -2.669262 0.750000 0.000000 0.000000 -1.738273 395.466003
63.876099 -2.871443 0.750000 0.000000 0.000000 -1.738300 395.567993
63.842453 -3.070418 0.750000 0.000000 0.000000 -1.738292 395.667999
63.803829 -3.298802 0.750000 0.000000 0.000000 -1.738298 395.782990
63.769253 -3.503299 0.750000 0.000000 0.000000 -1.738292 395.885986
63.735680 -3.701880 0.750000 0.000000 0.000000 -1.738294 395.985992
63.700233 -3.912314 0.750000 0.000000 0.000000 -1.732236 396.092010
63.669003 -4.118812 0.750000 0.000000 0.000000 -1.719520 396.196014
63.637043 -4.331425 0.750000 0.000000 0.000000 -1.720014 396.303009
63.607086 -4.530612 0.750000 0.000000 0.000000 -1.720011 396.403015
63.576839 -4.731701 0.750000 0.000000 0.000000 -1.720003 396.503998
63.545723 -4.938578 0.750000 0.000000 0.000000 -1.719998 396.608002
63.515800 -5.137472 0.750000 0.000000 0.000000 -1.719987 396.708008
63.485870 -5.336561 0.750000 0.000000 0.000000 -1.719984 396.808014
63.459167 -5.536012 0.750000 0.000000 0.000000 -1.679893 396.907990
63.442463 -5.736624 0.750000 0.000000 0.000000 -1.631265 397.007996
63.435413 -5.937582 0.750000 0.000000 0.000000 -1.582945 397.108002
63.435341 -6.139005 0.750000 0.000000 0.000000 -1.572290 397.208008
63.438747 -6.342169 0.750000 0.000000 0.000000 -1.558572 397.308990
63.440723 -6.551287 0.750000 0.000000 0.000000 -1.561102 397.412994
63.442745 -6.756227 0.750000 0.000000 0.000000 -1.560956 397.515015
63.444748 -6.959616 0.750000 0.000000 0.000000 -1.560958 397.615997
63.449966 -7.164781 0.750000 0.000000 0.000000 -1.520934 397.717987
63.464993 -7.365323 0.750000 0.000000 0.000000 -1.472898 397.817993
63.487350 -7.571664 0.750000 0.000000 0.000000 -1.465838 397.920990
63.508728 -7.775848 0.750000 0.000000 0.000000 -1.466205 398.023010
63.531818 -7.995767 0.750000 0.000000 0.000000 -1.466192 398.132996
63.552826 -8.195816 0.750000 0.000000 0.000000 -1.466191 398.233002
63.573868 -8.396214 0.750000 0.000000 0.000000 -1.466191 398.333008
63.590691 -8.596040 0.750000 0.000000 0.000000 -1.540020 398.433990
63.598701 -8.821671 0.750000 0.000000 0.000000 -1.531936 398.546997
63.611988 -9.022458 0.750000 0.000000 0.000000 -1.479093 398.647003
63.635681 -9.226041 0.750000 0.000000 0.000000 -1.440183 398.748993
63.661922 -9.425217 0.750000 0.000000 0.000000 -1.432438 398.848999
63.695377 -9.625695 0.750000 0.000000 0.000000 -1.380845 398.950012
63.739983 -9.830094 0.750000 0.000000 0.000000 -1.340521 399.053986
63.803524 -10.104458 0.750000 0.000000 0.000000 -1.344098 399.194000
63.848740 -10.300406 0.750000 0.000000 0.000000 -1.343991 399.294006
63.896160 -10.495999 0.750000 0.000000 0.000000 -1.311525 399.394012
63.952888 -10.688965 0.750000 0.000000 0.000000 -1.261990 399.493988
64.020706 -10.889030 0.750000 0.000000 0.000000 -1.241679 399.598999
64.086189 -11.081914 0.750000 0.000000 0.000000 -1.243539 399.700012
64.152046 -11.275909 0.750000 0.000000 0.000000 -1.243421 399.802002
64.218903 -11.465718 0.750000 0.000000 0.000000 -1.210616 399.902008
64.292656 -11.652955 0.750000 0.000000 0.000000 -1.194104 400.002014
64.367943 -11.843695 0.750000 0.000000 0.000000 -1.194708 400.104004
64.441826 -12.030905 0.750000 0.000000 0.000000 -1.194690 400.204010
64.517166 -12.221835 0.750000 0.000000 0.000000 -1.194673 400.306000
64.593330 -12.414836 0.750000 0.000000 0.000000 -1.194642 400.408997
64.669456 -12.607599 0.750000 0.000000 0.000000 -1.194626 400.511993
64.745659 -12.800406 0.750000 0.000000 0.000000 -1.194640 400.614990
64.822525 -12.994543 0.750000 0.000000 0.000000 -1.181796 400.718994
64.906105 -13.187520 0.750000 0.000000 0.000000 -1.165880 400.825012
64.992371 -13.388897 0.750000 0.000000 0.000000 -1.165666 400.933990
65.089729 -13.615882 0.750000 0.000000 0.000000 -1.165743 401.057007
65.184845 -13.837725 0.750000 0.000000 0.000000 -1.165753 401.177002
65.268181 -14.031996 0.750000 0.000000 0.000000 -1.165750 401.282013
65.350456 -14.220327 0.750000 0.000000 0.000000 -1.141123 401.384003
65.437424 -14.401642 0.750000 0.000000 0.000000 -1.120947 401.484009
65.533630 -14.596669 0.750000 0.000000 0.000000 -1.090840 401.592010
65.631393 -14.776830 0.750000 0.000000 0.000000 -1.071523 401.694000
65.727524 -14.953798 0.750000 0.000000 0.000000 -1.073399 401.794006
65.823372 -15.130325 0.750000 0.000000 0.000000 -1.073265 401.894012
65.923210 -15.325632 0.750000 0.000000 0.000000 -1.100868 402.003998
66.017067 -15.503631 0.750000 0.000000 0.000000 -1.063326 402.104004
66.122986 -15.686115 0.750000 0.000000 0.000000 -1.042093 402.209015
66.224068 -15.859859 0.750000 0.000000 0.000000 -1.044218 402.308990
66.325294 -16.033945 0.750000 0.000000 0.000000 -1.044135 402.408997
66.426277 -16.207588 0.750000 0.000000 0.000000 -1.044141 402.509003
66.528519 -16.383417 0.750000 0.000000 0.000000 -1.044151 402.609985
66.633713 -16.564323 0.750000 0.000000 0.000000 -1.044156 402.713989
66.734779 -16.738121 0.750000 0.000000 0.000000 -1.044159 402.813995
66.843605 -16.916754 0.750000 0.000000 0.000000 -0.998487 402.917999
66.956894 -17.083057 0.750000 0.000000 0.000000 -0.949747 403.018005
67.077484 -17.254807 0.750000 0.000000 0.000000 -0.930790 403.122986
67.200020 -17.414616 0.750000 0.000000 0.000000 -0.918264 403.222992
67.323143 -17.576092 0.750000 0.000000 0.000000 -0.919317 403.324005
67.445213 -17.736118 0.750000 0.000000 0.000000 -0.919302 403.424011
67.567528 -17.896463 0.750000 0.000000 0.000000 -0.919310 403.523987
67.693626 -18.056175 0.750000 0.000000 0.000000 -0.876258 403.625000
67.827896 -18.215139 0.750000 0.000000 0.000000 -0.870940 403.729004
67.960014 -18.372011 0.750000 0.000000 0.000000 -0.870742 403.830994
68.092293 -18.529070 0.750000 0.000000 0.000000 -0.870736 403.933014
68.222000 -18.683088 0.750000 0.000000 0.000000 -0.870726 404.032990
68.354065 -18.839918 0.750000 0.000000 0.000000 -0.870707 404.135010
68.508583 -19.023071 0.750000 0.000000 0.000000 -0.870186 404.253998
68.638100 -19.176712 0.750000 0.000000 0.000000 -0.870501 404.354004
68.767937 -19.330769 0.750000 0.000000 0.000000 -0.870490 404.454010
68.904083 -19.492300 0.750000 0.000000 0.000000 -0.870490 404.558990
69.041573 -19.655420 0.750000 0.000000 0.000000 -0.870490 404.665009
69.175232 -19.814007 0.750000 0.000000 0.000000 -0.870491 404.768005
69.325523 -19.992323 0.750000 0.000000 0.000000 -0.870493 404.884003
69.485931 -20.182627 0.750000 0.000000 0.000000 -0.870505 405.007996
69.632835 -20.356949 0.750000 0.000000 0.000000 -0.870508 405.121002
69.767609 -20.516855 0.750000 0.000000 0.000000 -0.870508 405.225006
69.898842 -20.672558 0.750000 0.000000 0.000000 -0.870515 405.325989
70.028618 -20.826540 0.750000 0.000000 0.000000 -0.870519 405.425995
70.159851 -20.981585 0.750000 0.000000 0.000000 -0.866666 405.527008
70.295349 -21.140934 0.750000 0.000000 0.000000 -0.866267 405.631012
70.426933 -21.295765 0.750000 0.000000 0.000000 -0.866300 405.731995
70.557205 -21.448997 0.750000 0.000000 0.000000 -0.866285 405.832001
70.687531 -21.602291 0.750000 0.000000 0.000000 -0.866288 405.932007
70.817902 -21.755623 0.750000 0.000000 0.000000 -0.866299 406.032013
70.949516 -21.910498 0.750000 0.000000 0.000000 -0.866309 406.132996
71.073219 -22.075819 0.750000 0.000000 0.000000 -1.009249 406.240997
71.166473 -22.264801 0.750000 0.000000 0.000000 -1.215023 406.372009
71.206345 -22.413227 0.750000 0.000000 0.000000 -1.395020 406.492004
71.219719 -22.560410 0.750000 0.000000 0.000000 -1.570528 406.636993
71.209999 -22.669657 0.750000 0.000000 0.000000 -1.746761 406.798004
71.180321 -22.778929 0.750000 0.000000 0.000000 -1.924395 407.028015
71.101601 -22.950361 0.750000 0.000000 0.000000 -2.102475 407.298004
71.027519 -23.055359 0.750000 0.000000 0.000000 -2.279225 407.523010
70.881905 -23.194946 0.750000 0.000000 0.000000 -2.450743 407.833008
70.717690 -23.319820 0.750000 0.000000 0.000000 -2.526339 408.013000
70.541389 -23.436314 0.750000 0.000000 0.000000 -2.581503 408.149994
70.370758 -23.543509 0.750000 0.000000 0.000000 -2.579758 408.259003
70.191986 -23.655855 0.750000 0.000000 0.000000 -2.587431 408.364014
69.997093 -23.769358 0.750000 0.000000 0.000000 -2.626929 408.476013
69.776505 -23.894634 0.750000 0.000000 0.000000 -2.624544 408.601990
69.594276 -23.998205 0.750000 0.000000 0.000000 -2.624713 408.705994
69.408432 -24.099215 0.750000 0.000000 0.000000 -2.667571 408.811005
69.221886 -24.189072 0.750000 0.000000 0.000000 -2.716445 408.914001
69.031952 -24.271198 0.750000 0.000000 0.000000 -2.734061 409.016998
68.837845 -24.355509 0.750000 0.000000 0.000000 -2.731967 409.122009
68.644028 -24.439638 0.750000 0.000000 0.000000 -2.732135 409.226990
68.457710 -24.520508 0.750000 0.000000 0.000000 -2.732134 409.328003
68.273262 -24.600569 0.750000 0.000000 0.000000 -2.732140 409.428009
68.081291 -24.683897 0.750000 0.000000 0.000000 -2.732147 409.532013
67.893204 -24.760317 0.750000 0.000000 0.000000 -2.779624 409.632996
67.702759 -24.826687 0.750000 0.000000 0.000000 -2.830295 409.733002
67.413101 -24.894197 0.750000 0.000000 0.000000 -2.974514 409.889008
67.206963 -24.930096 0.750000 0.000000 0.000000 -2.968057 409.993988
67.006905 -24.965128 0.750000 0.000000 0.000000 -2.968312 410.095001
66.808815 -24.999802 0.750000 0.000000 0.000000 -2.968271 410.195007
66.610794 -25.034464 0.750000 0.000000 0.000000 -2.968270 410.295013
66.388603 -25.073357 0.750000 0.000000 0.000000 -2.968267 410.407013
66.184608 -25.109064 0.750000 0.000000 0.000000 -2.968263 410.510010
65.982674 -25.144423 0.750000 0.000000 0.000000 -2.968260 410.612000
65.778694 -25.180140 0.750000 0.000000 0.000000 -2.968259 410.714996
65.580276 -25.214886 0.750000 0.000000 0.000000 -2.968259 410.815002
65.378464 -25.249474 0.750000 0.000000 0.000000 -2.972859 410.916992
65.174210 -25.284573 0.750000 0.000000 0.000000 -2.971317 411.019989
64.968353 -25.319944 0.750000 0.000000 0.000000 -2.971443 411.123993
64.769989 -25.354029 0.750000 0.000000 0.000000 -2.971433 411.223999
64.571625 -25.388113 0.750000 0.000000 0.000000 -2.971434 411.324005
64.367371 -25.423208 0.750000 0.000000 0.000000 -2.971434 411.427002
64.169380 -25.460470 0.750000 0.000000 0.000000 -2.931052 411.527008
63.965118 -25.506418 0.750000 0.000000 0.000000 -2.921302 411.631012
63.768784 -25.550331 0.750000 0.000000 0.000000 -2.921542 411.730988
63.570316 -25.594723 0.750000 0.000000 0.000000 -2.921542 411.832001
63.366390 -25.640337 0.750000 0.000000 0.000000 -2.921542 411.936005
63.170383 -25.683910 0.750000 0.000000 0.000000 -2.937250 412.036011
62.968796 -25.724169 0.750000 0.000000 0.000000 -2.914409 412.139008
62.774719 -25.776333 0.750000 0.000000 0.000000 -2.848201 412.239014
62.583775 -25.839474 0.750000 0.000000 0.000000 -2.799550 412.338989
62.314877 -25.936142 0.750000 0.000000 0.000000 -2.797534 412.480988
62.119595 -26.006124 0.750000 0.000000 0.000000 -2.797442 412.584015
61.884109 -26.090519 0.750000 0.000000 0.000000 -2.797402 412.709015
61.694633 -26.158421 0.750000 0.000000 0.000000 -2.797398 412.808990
61.505039 -26.226364 0.750000 0.000000 0.000000 -2.797390 412.908997
61.315681 -26.294224 0.750000 0.000000 0.000000 -2.797381 413.009003
61.116909 -26.365458 0.750000 0.000000 0.000000 -2.797373 413.114014
60.917789 -26.436817 0.750000 0.000000 0.000000 -2.797362 413.218994
60.719006 -26.504519 0.750000 0.000000 0.000000 -2.814120 413.324005
60.525223 -26.571007 0.750000 0.000000 0.000000 -2.810905 413.425995
60.334858 -26.636293 0.750000 0.000000 0.000000 -2.811161 413.526001
60.144447 -26.701591 0.750000 0.000000 0.000000 -2.811141 413.626007
59.953949 -26.766922 0.750000 0.000000 0.000000 -2.811138 413.726013
59.763527 -26.832230 0.750000 0.000000 0.000000 -2.811133 413.825989
59.573021 -26.897560 0.750000 0.000000 0.000000 -2.811126 413.925995
59.376534 -26.964962 0.750000 0.000000 0.000000 -2.811122 414.028992
59.185905 -27.030354 0.750000 0.000000 0.000000 -2.811120 414.128998
58.995514 -27.095661 0.750000 0.000000 0.000000 -2.811117 414.229004
58.802673 -27.165604 0.750000 0.000000 0.000000 -2.768633 414.330994
58.614628 -27.237293 0.750000 0.000000 0.000000 -2.775620 414.431000
58.424534 -27.314520 0.750000 0.000000 0.000000 -2.731934 414.532990
58.242157 -27.399551 0.750000 0.000000 0.000000 -2.681204 414.632996
58.058979 -27.496508 0.750000 0.000000 0.000000 -2.631237 414.735992
57.884613 -27.595884 0.750000 0.000000 0.000000 -2.624928 414.835999
57.703747 -27.698145 0.750000 0.000000 0.000000 -2.628536 414.946991
57.519543 -27.809711 0.750000 0.000000 0.000000 -2.565152 415.080994
57.327213 -27.942017 0.750000 0.000000 0.000000 -2.531171 415.213989
57.162060 -28.056749 0.750000 0.000000 0.000000 -2.536907 415.315002
56.989914 -28.175478 0.750000 0.000000 0.000000 -2.537846 415.419006
56.823666 -28.289476 0.750000 0.000000 0.000000 -2.552479 415.519012
56.655243 -28.399717 0.750000 0.000000 0.000000 -2.561761 415.618988
56.487301 -28.509926 0.750000 0.000000 0.000000 -2.560822 415.718994
56.318909 -28.620409 0.750000 0.000000 0.000000 -2.560926 415.819000
56.150646 -28.730808 0.750000 0.000000 0.000000 -2.560914 415.919006
55.982235 -28.841303 0.750000 0.000000 0.000000 -2.560913 416.019012
55.813972 -28.951704 0.750000 0.000000 0.000000 -2.560911 416.118988
55.647209 -29.064245 0.750000 0.000000 0.000000 -2.525829 416.218994
55.484081 -29.182161 0.750000 0.000000 0.000000 -2.514823 416.319000
55.318146 -29.302328 0.750000 0.000000 0.000000 -2.514823 416.420990
55.150326 -29.423862 0.750000 0.000000 0.000000 -2.514823 416.523987
54.987141 -29.542038 0.750000 0.000000 0.000000 -2.514823 416.623993
54.822346 -29.661236 0.750000 0.000000 0.000000 -2.524248 416.725006
54.656296 -29.775824 0.750000 0.000000 0.000000 -2.509439 416.825989
54.495888 -29.900816 0.750000 0.000000 0.000000 -2.457227 416.927002
54.343208 -30.031883 0.750000 0.000000 0.000000 -2.409378 417.027008
54.195152 -30.168184 0.750000 0.000000 0.000000 -2.397887 417.127014
54.046711 -30.304443 0.750000 0.000000 0.000000 -2.398940 417.226990
53.898472 -30.440552 0.750000 0.000000 0.000000 -2.398853 417.326996
53.747433 -30.579231 0.750000 0.000000 0.000000 -2.398864 417.428986
53.597576 -30.716825 0.750000 0.000000 0.000000 -2.398866 417.529999
53.443409 -30.858377 0.750000 0.000000 0.000000 -2.398872 417.634003
53.293610 -31.001387 0.750000 0.000000 0.000000 -2.356225 417.737000
53.155033 -31.147268 0.750000 0.000000 0.000000 -2.307594 417.837006
53.020401 -31.297302 0.750000 0.000000 0.000000 -2.303863 417.937012
52.884041 -31.448687 0.750000 0.000000 0.000000 -2.303970 418.037994
52.749588 -31.603477 0.750000 0.000000 0.000000 -2.285831 418.140015
52.613785 -31.760466 0.750000 0.000000 0.000000 -2.279463 418.243011
52.481514 -31.922310 0.750000 0.000000 0.000000 -2.229612 418.346985
52.307934 -32.146130 0.750000 0.000000 0.000000 -2.232985 418.488007
52.140907 -32.360458 0.750000 0.000000 0.000000 -2.232773 418.622986
52.014553 -32.526901 0.750000 0.000000 0.000000 -2.196764 418.726990
51.898495 -32.691105 0.750000 0.000000 0.000000 -2.186930 418.826996
51.780079 -32.854065 0.750000 0.000000 0.000000 -2.222894 418.927002
51.652485 -33.012089 0.750000 0.000000 0.000000 -2.273218 419.028015
51.513161 -33.168182 0.750000 0.000000 0.000000 -2.323407 419.131989
51.371811 -33.311588 0.750000 0.000000 0.000000 -2.371811 419.231995
51.221310 -33.452133 0.750000 0.000000 0.000000 -2.390931 419.334015
51.070511 -33.592571 0.750000 0.000000 0.000000 -2.419441 419.437012
50.909603 -33.722569 0.750000 0.000000 0.000000 -2.459951 419.541992
50.750610 -33.852573 0.750000 0.000000 0.000000 -2.456654 419.644012
50.594933 -33.979710 0.750000 0.000000 0.000000 -2.456774 419.743988
50.439159 -34.106934 0.750000 0.000000 0.000000 -2.456772 419.843994
50.281467 -34.231735 0.750000 0.000000 0.000000 -2.496083 419.944000
50.119480 -34.350937 0.750000 0.000000 0.000000 -2.506887 420.044006
49.953949 -34.473007 0.750000 0.000000 0.000000 -2.506234 420.145996
49.791977 -34.592445 0.750000 0.000000 0.000000 -2.506279 420.246002
49.623585 -34.716618 0.750000 0.000000 0.000000 -2.506284 420.350006
49.431042 -34.858593 0.750000 0.000000 0.000000 -2.506293 420.468994
49.252468 -34.990261 0.750000 0.000000 0.000000 -2.506294 420.579010
49.074070 -35.121590 0.750000 0.000000 0.000000 -2.514691 420.688995
48.896553 -35.237480 0.750000 0.000000 0.000000 -2.616468 420.795990
48.709854 -35.348320 0.750000 0.000000 0.000000 -2.600271 420.903992
48.496536 -35.473667 0.750000 0.000000 0.000000 -2.633353 421.027008
48.315292 -35.571194 0.750000 0.000000 0.000000 -2.648201 421.128998
48.137333 -35.665436 0.750000 0.000000 0.000000 -2.674543 421.229004
47.950748 -35.755623 0.750000 0.000000 0.000000 -2.693318 421.332001
47.762348 -35.846458 0.750000 0.000000 0.000000 -2.692233 421.436005
47.580811 -35.934010 0.750000 0.000000 0.000000 -2.692270 421.536011
47.398403 -36.018711 0.750000 0.000000 0.000000 -2.729249 421.635986
47.205490 -36.089840 0.750000 0.000000 0.000000 -2.864036 421.742004
46.992580 -36.133492 0.750000 0.000000 0.000000 -2.998642 421.873993
46.788963 -36.148323 0.750000 0.000000 0.000000 -3.141034 422.033997
46.657612 -36.136303 0.750000 0.000000 -0.000000 2.955721 422.179993
46.459652 -36.090755 0.750000 0.000000 -0.000000 2.881781 422.368988
46.236649 -36.022278 0.750000 0.000000 -0.000000 2.811143 422.523987
46.046371 -35.951107 0.750000 0.000000 -0.000000 2.759564 422.635010
45.855122 -35.871716 0.750000 0.000000 -0.000000 2.747937 422.738007
45.666855 -35.789890 0.750000 0.000000 -0.000000 2.707459 422.839996
45.486561 -35.700512 0.750000 0.000000 -0.000000 2.658431 422.940002
45.309090 -35.601486 0.750000 0.000000 -0.000000 2.609552 423.040985
45.133648 -35.495686 0.750000 0.000000 -0.000000 2.598824 423.143005
44.961578 -35.392021 0.750000 0.000000 -0.000000 2.599340 423.243011
44.789555 -35.288357 0.750000 0.000000 -0.000000 2.599319 423.342987
44.624424 -35.174637 0.750000 0.000000 -0.000000 2.461092 423.446991
44.470367 -35.045246 0.750000 0.000000 -0.000000 2.445506 423.553986
44.306526 -34.908646 0.750000 0.000000 -0.000000 2.446291 423.660004
44.144161 -34.773212 0.750000 0.000000 -0.000000 2.446315 423.765015
43.954231 -34.614780 0.750000 0.000000 -0.000000 2.446309 423.888000
43.783703 -34.473637 0.750000 0.000000 -0.000000 2.465595 423.997986
43.603920 -34.337807 0.750000 0.000000 -0.000000 2.510064 424.109985
43.435352 -34.213776 0.750000 0.000000 -0.000000 2.506303 424.213989
43.257454 -34.082676 0.750000 0.000000 -0.000000 2.506548 424.324005
43.089092 -33.958603 0.750000 0.000000 -0.000000 2.506531 424.428009
42.926865 -33.839046 0.750000 0.000000 -0.000000 2.506536 424.528015
42.761353 -33.713058 0.750000 0.000000 -0.000000 2.437424 424.632996
42.611031 -33.577969 0.750000 0.000000 -0.000000 2.409830 424.739014
42.459572 -33.442165 0.750000 0.000000 -0.000000 2.410803 424.839996
42.309635 -33.307732 0.750000 0.000000 -0.000000 2.410811 424.940002
42.157856 -33.175404 0.750000 0.000000 -0.000000 2.447952 425.040009
42.001385 -33.048843 0.750000 0.000000 -0.000000 2.462111 425.140015
41.839104 -32.917538 0.750000 0.000000 -0.000000 2.461325 425.250000
41.668774 -32.786613 0.750000 0.000000 -0.000000 2.536871 425.385010
41.541531 -32.714706 0.750000 0.000000 -0.000000 2.717512 425.500000
41.432201 -32.677197 0.750000 0.000000 -0.000000 2.906008 425.619995
41.358494 -32.666542 0.750000 0.000000 -0.000000 3.083508 425.733002
41.314583 -32.667698 0.750000 0.000000 0.000000 -3.020606 425.846985
41.299927 -32.670307 0.750000 0.000000 0.000000 -2.843129 426.032013
41.289459 -32.674809 0.750000 0.000000 0.000000 -2.651025 426.286987
41.229370 -32.715420 0.750000 0.000000 0.000000 -2.466638 426.592010
41.085701 -32.856449 0.750000 0.000000 0.000000 -2.313611 426.932007
40.941723 -33.026089 0.750000 0.000000 0.000000 -2.253249 427.112000
40.810028 -33.180798 0.750000 0.000000 0.000000 -2.280425 427.242004
40.682617 -33.336189 0.750000 0.000000 0.000000 -2.232785 427.351990
40.522926 -33.555336 0.750000 0.000000 0.000000 -2.182068 427.487000
40.383839 -33.752918 0.750000 0.000000 0.000000 -2.184881 427.606995
40.256248 -33.933983 0.750000 0.000000 0.000000 -2.184712 427.717010
40.140190 -34.098682 0.750000 0.000000 0.000000 -2.184730 427.816986
40.010941 -34.285824 0.750000 0.000000 0.000000 -2.151315 427.929993
39.904594 -34.458569 0.750000 0.000000 0.000000 -2.100041 428.031006
39.805378 -34.633766 0.750000 0.000000 0.000000 -2.084340 428.131012
39.705425 -34.810661 0.750000 0.000000 0.000000 -2.085112 428.231995
39.602177 -34.993385 0.750000 0.000000 0.000000 -2.085052 428.335999
39.503120 -35.168705 0.750000 0.000000 0.000000 -2.085059 428.436005
39.398170 -35.345898 0.750000 0.000000 0.000000 -2.105603 428.539001
39.296452 -35.520016 0.750000 0.000000 0.000000 -2.099682 428.639008
39.190872 -35.700382 0.750000 0.000000 0.000000 -2.100291 428.743011
39.091377 -35.877594 0.750000 0.000000 0.000000 -2.057377 428.843994
38.998772 -36.056305 0.750000 0.000000 0.000000 -2.050687 428.944000
38.900951 -36.243404 0.750000 0.000000 0.000000 -2.052399 429.049011
38.804054 -36.428856 0.750000 0.000000 0.000000 -2.052307 429.153015
38.708996 -36.610767 0.750000 0.000000 0.000000 -2.052311 429.255005
38.613136 -36.794212 0.750000 0.000000 0.000000 -2.052308 429.358002
38.496635 -37.017162 0.750000 0.000000 0.000000 -2.052307 429.483002
38.368744 -37.261906 0.750000 0.000000 0.000000 -2.052307 429.619995
38.274811 -37.439148 0.750000 0.000000 0.000000 -2.091576 429.720001
38.167011 -37.609085 0.750000 0.000000 0.000000 -2.120509 429.825012
38.065716 -37.783119 0.750000 0.000000 0.000000 -2.095973 429.924988
37.964500 -37.957039 0.750000 0.000000 0.000000 -2.097924 430.024994
37.862305 -38.132668 0.750000 0.000000 0.000000 -2.097769 430.126007
37.759125 -38.314747 0.750000 0.000000 0.000000 -2.063430 430.230011
37.666576 -38.493450 0.750000 0.000000 0.000000 -2.049063 430.329987
37.573765 -38.671925 0.750000 0.000000 0.000000 -2.050317 430.429993
37.480125 -38.852062 0.750000 0.000000 0.000000 -2.050283 430.531006
37.381279 -39.031963 0.750000 0.000000 0.000000 -2.132762 430.635010
37.258099 -39.196918 0.750000 0.000000 0.000000 -2.268636 430.755005
37.119907 -39.341759 0.750000 0.000000 0.000000 -2.398299 430.898987
36.987125 -39.446003 0.750000 0.000000 0.000000 -2.579361 431.052002
36.798710 -39.550789 0.750000 0.000000 0.000000 -2.669836 431.231995
36.614532 -39.637798 0.750000 0.000000 0.000000 -2.726976 431.359985
36.369122 -39.745678 0.750000 0.000000 0.000000 -2.726557 431.500000
36.152927 -39.838722 0.750000 0.000000 0.000000 -2.756015 431.617004
35.930325 -39.921432 0.750000 0.000000 0.000000 -2.813007 431.734985
35.738407 -39.981499 0.750000 0.000000 0.000000 -2.861096 431.834991
35.543800 -40.032207 0.750000 0.000000 0.000000 -2.909691 431.934998
35.343075 -40.075825 0.750000 0.000000 0.000000 -2.929029 432.036987
35.142605 -40.119549 0.750000 0.000000 0.000000 -2.926748 432.139008
34.939823 -40.163750 0.750000 0.000000 0.000000 -2.926911 432.242004
34.735970 -40.203037 0.750000 0.000000 0.000000 -3.013296 432.346985
34.535885 -40.223511 0.750000 0.000000 0.000000 -3.036793 432.451996
34.335823 -40.244846 0.750000 0.000000 0.000000 -3.035598 432.552002
34.135685 -40.266136 0.750000 0.000000 0.000000 -3.035661 432.652008
33.935486 -40.287426 0.750000 0.000000 0.000000 -3.035661 432.752014
33.727188 -40.309582 0.750000 0.000000 0.000000 -3.035664 432.855988
33.526947 -40.330883 0.750000 0.000000 0.000000 -3.035671 432.955994
33.324841 -40.352379 0.750000 0.000000 0.000000 -3.035676 433.057007
33.124916 -40.373634 0.750000 0.000000 0.000000 -3.035675 433.157013
32.884823 -40.399166 0.750000 0.000000 0.000000 -3.035674 433.277008
32.665085 -40.422531 0.750000 0.000000 0.000000 -3.035676 433.386993
32.415047 -40.449123 0.750000 0.000000 0.000000 -3.035676 433.511993
32.214928 -40.470409 0.750000 0.000000 0.000000 -3.035680 433.612000
32.005966 -40.491219 0.750000 0.000000 0.000000 -3.059247 433.717010
31.805237 -40.508762 0.750000 0.000000 0.000000 -3.052607 433.816986
31.560555 -40.530521 0.750000 0.000000 0.000000 -3.053031 433.938995
31.352379 -40.549015 0.750000 0.000000 0.000000 -3.053019 434.042999
31.148157 -40.567165 0.750000 0.000000 0.000000 -3.053025 434.144989
30.947922 -40.584957 0.750000 0.000000 0.000000 -3.053031 434.244995
30.747335 -40.602783 0.750000 0.000000 0.000000 -3.053035 434.345001
30.546005 -40.620667 0.750000 0.000000 0.000000 -3.053041 434.446014
30.340265 -40.638931 0.750000 0.000000 0.000000 -3.053035 434.558014
30.119549 -40.646271 0.750000 0.000000 -0.000000 3.109096 434.703003
29.919634 -40.624825 0.750000 0.000000 -0.000000 2.960364 434.877991
29.769377 -40.585003 0.750000 0.000000 -0.000000 2.781184 435.054993
29.583998 -40.507187 0.750000 0.000000 -0.000000 2.733650 435.250000
29.394018 -40.425194 0.750000 0.000000 -0.000000 2.733962 435.394012
29.206253 -40.344143 0.750000 0.000000 -0.000000 2.733968 435.510010
29.016047 -40.260567 0.750000 0.000000 -0.000000 2.709620 435.614014
28.833838 -40.170506 0.750000 0.000000 -0.000000 2.659127 435.714996
28.657248 -40.073784 0.750000 0.000000 -0.000000 2.635989 435.815002
28.454697 -39.962055 0.750000 0.000000 -0.000000 2.637745 435.929993
28.278215 -39.862011 0.750000 0.000000 -0.000000 2.604181 436.031006
28.099838 -39.748932 0.750000 0.000000 -0.000000 2.552269 436.135986
27.927345 -39.630699 0.750000 0.000000 -0.000000 2.540699 436.239990
27.762104 -39.512554 0.750000 0.000000 -0.000000 2.462633 436.342987
27.605747 -39.375778 0.750000 0.000000 -0.000000 2.422057 436.453003
27.447865 -39.238110 0.750000 0.000000 -0.000000 2.424234 436.557007
27.296341 -39.105858 0.750000 0.000000 -0.000000 2.424020 436.657013
27.138885 -38.968430 0.750000 0.000000 -0.000000 2.424038 436.760986
26.923382 -38.780338 0.750000 0.000000 -0.000000 2.424040 436.903015
26.768902 -38.645504 0.750000 0.000000 -0.000000 2.424043 437.005005
26.609579 -38.506447 0.750000 0.000000 -0.000000 2.424047 437.109985
26.434740 -38.364285 0.750000 0.000000 -0.000000 2.534004 437.225006
26.257242 -38.264923 0.750000 0.000000 -0.000000 2.722500 437.345001
26.069506 -38.203041 0.750000 0.000000 -0.000000 2.913860 437.489990
25.893957 -38.176701 0.750000 0.000000 -0.000000 3.092468 437.660004
25.761906 -38.180107 0.750000 0.000000 0.000000 -3.016130 437.880005
25.579468 -38.221394 0.750000 0.000000 0.000000 -2.841512 438.204987
25.380249 -38.293064 0.750000 0.000000 0.000000 -2.757613 438.404999
25.189262 -38.375557 0.750000 0.000000 0.000000 -2.729110 438.545013
25.002186 -38.461582 0.750000 0.000000 0.000000 -2.685327 438.658997
24.824512 -38.554459 0.750000 0.000000 0.000000 -2.637083 438.759003
24.643278 -38.655914 0.750000 0.000000 0.000000 -2.633270 438.862000
24.425024 -38.777531 0.750000 0.000000 0.000000 -2.633274 438.985992
24.208183 -38.893589 0.750000 0.000000 0.000000 -2.668132 439.110992
24.017355 -39.001221 0.750000 0.000000 0.000000 -2.617226 439.235992
23.843622 -39.101013 0.750000 0.000000 0.000000 -2.620606 439.338989
23.669014 -39.201225 0.750000 0.000000 0.000000 -2.620486 439.438995
23.496067 -39.304062 0.750000 0.000000 0.000000 -2.581823 439.539001
23.328302 -39.415459 0.750000 0.000000 0.000000 -2.532536 439.639008
23.163115 -39.534092 0.750000 0.000000 0.000000 -2.519135 439.739990
22.992882 -39.655888 0.750000 0.000000 0.000000 -2.520562 439.843994
22.829174 -39.773014 0.750000 0.000000 0.000000 -2.520519 439.944000
22.665504 -39.890110 0.750000 0.000000 0.000000 -2.520518 440.044006
22.503487 -40.009548 0.750000 0.000000 0.000000 -2.482147 440.144012
22.347729 -40.137154 0.750000 0.000000 0.000000 -2.432527 440.243988
22.196516 -40.270252 0.750000 0.000000 0.000000 -2.420681 440.343994
22.036673 -40.403900 0.750000 0.000000 0.000000 -2.420606 440.449005
21.889427 -40.541168 0.750000 0.000000 0.000000 -2.368623 440.549011
21.748970 -40.685303 0.750000 0.000000 0.000000 -2.320269 440.648987
21.612316 -40.832859 0.750000 0.000000 0.000000 -2.317800 440.748993
21.464691 -40.992256 0.750000 0.000000 0.000000 -2.317794 440.856995
21.326700 -41.141251 0.750000 0.000000 0.000000 -2.317784 440.958008
21.191580 -41.292919 0.750000 0.000000 0.000000 -2.273313 441.058990
21.060957 -41.448826 0.750000 0.000000 0.000000 -2.271167 441.160004
20.914360 -41.598366 0.750000 0.000000 0.000000 -2.432014 441.272003
20.752104 -41.713760 0.750000 0.000000 0.000000 -2.610440 441.399994
20.606451 -41.782867 0.750000 0.000000 0.000000 -2.787648 441.529999
20.442772 -41.826588 0.750000 0.000000 0.000000 -2.970098 441.714996
20.241829 -41.850002 0.750000 0.000000 0.000000 -3.075167 441.899994
20.040133 -41.845646 0.750000 0.000000 -0.000000 3.043293 442.114014
19.827011 -41.816002 0.750000 0.000000 -0.000000 2.968894 442.292999
19.595871 -41.768951 0.750000 0.000000 -0.000000 2.932176 442.440002
19.399332 -41.725151 0.750000 0.000000 -0.000000 2.899698 442.545013
19.199581 -41.669796 0.750000 0.000000 -0.000000 2.848467 442.648010
19.001749 -41.607792 0.750000 0.000000 -0.000000 2.837765 442.751007
18.807886 -41.547150 0.750000 0.000000 -0.000000 2.838273 442.851990
18.615717 -41.486996 0.750000 0.000000 -0.000000 2.838199 442.951996
18.417698 -41.420166 0.750000 0.000000 -0.000000 2.818305 443.056000
18.226789 -41.356548 0.750000 0.000000 -0.000000 2.819651 443.156006
18.035881 -41.292847 0.750000 0.000000 -0.000000 2.819624 443.256012
17.844761 -41.229076 0.750000 0.000000 -0.000000 2.819630 443.355988
17.652817 -41.161385 0.750000 0.000000 -0.000000 2.777452 443.457001
17.459492 -41.081623 0.750000 0.000000 -0.000000 2.726445 443.561005
17.270636 -40.996880 0.750000 0.000000 -0.000000 2.722493 443.664001
17.085154 -40.918205 0.750000 0.000000 -0.000000 2.764714 443.764008
16.859802 -40.836830 0.750000 0.000000 -0.000000 2.822228 443.882996
16.619068 -40.765472 0.750000 0.000000 -0.000000 2.882673 444.007996
16.407326 -40.715519 0.750000 0.000000 -0.000000 2.934777 444.115997
16.210817 -40.674412 0.750000 0.000000 -0.000000 2.926922 444.216003
16.013844 -40.633514 0.750000 0.000000 -0.000000 2.954366 444.316010
15.815600 -40.600552 0.750000 0.000000 -0.000000 2.984735 444.415985
15.616380 -40.568707 0.750000 0.000000 -0.000000 2.982543 444.515991
15.405818 -40.534954 0.750000 0.000000 -0.000000 2.982671 444.622009
15.178961 -40.498592 0.750000 0.000000 -0.000000 2.982667 444.735992
14.974271 -40.465782 0.750000 0.000000 -0.000000 2.982667 444.838989
14.770711 -40.436131 0.750000 0.000000 -0.000000 3.019553 444.941010
14.570709 -40.416851 0.750000 0.000000 -0.000000 3.068407 445.040985
14.369676 -40.405636 0.750000 0.000000 -0.000000 3.088766 445.140991
14.158845 -40.394005 0.750000 0.000000 -0.000000 3.086162 445.246002
13.957972 -40.382912 0.750000 0.000000 -0.000000 3.086423 445.346008
13.750621 -40.369011 0.750000 0.000000 -0.000000 3.026710 445.450989
13.551641 -40.340279 0.750000 0.000000 -0.000000 3.001214 445.556000
13.350104 -40.315495 0.750000 0.000000 -0.000000 3.042917 445.657013
13.140958 -40.300556 0.750000 0.000000 -0.000000 3.093963 445.760986
12.931716 -40.293087 0.750000 0.000000 -0.000000 3.104510 445.864990
12.728741 -40.285259 0.750000 0.000000 -0.000000 3.103125 445.966003
12.523592 -40.277363 0.750000 0.000000 -0.000000 3.103148 446.067993
12.322366 -40.269615 0.750000 0.000000 -0.000000 3.103146 446.167999
12.100774 -40.277294 0.750000 0.000000 0.000000 -3.016675 446.286011
11.908970 -40.320805 0.750000 0.000000 0.000000 -2.826755 446.411011
11.753954 -40.387226 0.750000 0.000000 0.000000 -2.646690 446.545990
11.595970 -40.491966 0.750000 0.000000 0.000000 -2.470989 446.756012
11.493545 -40.591644 0.750000 0.000000 0.000000 -2.270491 447.031006
11.376012 -40.759209 0.750000 0.000000 0.000000 -2.113753 447.338989
11.271173 -40.950626 0.750000 0.000000 0.000000 -2.035417 447.523987
11.185282 -41.136055 0.750000 0.000000 0.000000 -1.977452 447.653992
11.104562 -41.325718 0.750000 0.000000 0.000000 -1.973085 447.764008
11.029719 -41.512379 0.750000 0.000000 0.000000 -1.928412 447.864014
10.960028 -41.702782 0.750000 0.000000 0.000000 -1.895996 447.964996
10.893287 -41.900726 0.750000 0.000000 0.000000 -1.895996 448.069000
10.832793 -42.094688 0.750000 0.000000 0.000000 -1.847827 448.170013
10.775181 -42.322861 0.750000 0.000000 0.000000 -1.791031 448.286987
10.730108 -42.523178 0.750000 0.000000 0.000000 -1.794029 448.389008
10.685583 -42.719318 0.750000 0.000000 0.000000 -1.794029 448.489014
10.629878 -42.950714 0.750000 0.000000 0.000000 -1.858331 448.609009
10.546959 -43.157547 0.750000 0.000000 0.000000 -2.043482 448.739014
10.449827 -43.311550 0.750000 0.000000 0.000000 -2.219032 448.869995
10.315997 -43.460056 0.750000 0.000000 0.000000 -2.394824 449.069000
10.158426 -43.585484 0.750000 0.000000 0.000000 -2.542763 449.303986
9.985143 -43.693474 0.750000 0.000000 0.000000 -2.619414 449.484009
9.807340 -43.788380 0.750000 0.000000 0.000000 -2.678886 449.617004
9.590536 -43.887978 0.750000 0.000000 0.000000 -2.739506 449.747009
9.399790 -43.963371 0.750000 0.000000 0.000000 -2.788636 449.848999
9.206204 -44.025944 0.750000 0.000000 0.000000 -2.878306 449.954010
9.005074 -44.072292 0.750000 0.000000 0.000000 -2.938493 450.063995
8.807000 -44.107937 0.750000 0.000000 0.000000 -2.986635 450.164001
8.603472 -44.134304 0.750000 0.000000 0.000000 -3.036046 450.265991
8.393243 -44.150841 0.750000 0.000000 0.000000 -3.093373 450.371002
8.106385 -44.151951 0.750000 0.000000 -0.000000 3.115863 450.514008
7.900750 -44.138657 0.750000 0.000000 -0.000000 3.021818 450.618988
7.673709 -44.101379 0.750000 0.000000 -0.000000 2.971865 450.743988
7.456161 -44.064217 0.750000 0.000000 -0.000000 2.972417 450.854004
7.258033 -44.030388 0.750000 0.000000 -0.000000 2.972387 450.954010
7.059585 -43.996498 0.750000 0.000000 -0.000000 2.972379 451.053986
6.860940 -43.962574 0.750000 0.000000 -0.000000 2.972373 451.153992
6.662975 -43.925629 0.750000 0.000000 -0.000000 2.933456 451.253998
6.467263 -43.878933 0.750000 0.000000 -0.000000 2.884608 451.354004
6.273798 -43.819798 0.750000 0.000000 -0.000000 2.797390 451.459015
6.084146 -43.744850 0.750000 0.000000 -0.000000 2.741694 451.565002
5.895620 -43.658749 0.750000 0.000000 -0.000000 2.650284 451.670013
5.710596 -43.555267 0.750000 0.000000 -0.000000 2.643410 451.778992
5.523345 -43.453278 0.750000 0.000000 -0.000000 2.641361 451.885010
5.304362 -43.333595 0.750000 0.000000 -0.000000 2.641570 452.009003
5.110134 -43.227470 0.750000 0.000000 -0.000000 2.641563 452.118988
4.933611 -43.131023 0.750000 0.000000 -0.000000 2.641566 452.218994
4.757219 -43.034637 0.750000 0.000000 -0.000000 2.641571 452.319000
4.577229 -42.936287 0.750000 0.000000 -0.000000 2.641575 452.420990
4.400509 -42.839714 0.750000 0.000000 -0.000000 2.641583 452.520996
4.222229 -42.742317 0.750000 0.000000 -0.000000 2.641593 452.622009
4.045138 -42.647152 0.750000 0.000000 -0.000000 2.666665 452.721985
3.864205 -42.559113 0.750000 0.000000 -0.000000 2.695929 452.821991
3.682773 -42.471970 0.750000 0.000000 -0.000000 2.693154 452.921997
3.501347 -42.384705 0.750000 0.000000 -0.000000 2.693265 453.022003
3.292839 -42.284412 0.750000 0.000000 -0.000000 2.693251 453.136993
3.102580 -42.192902 0.750000 0.000000 -0.000000 2.693251 453.242004
2.914772 -42.105656 0.750000 0.000000 -0.000000 2.729123 453.345001
2.728287 -42.028297 0.750000 0.000000 -0.000000 2.751285 453.453003
2.539338 -41.961983 0.750000 0.000000 -0.000000 2.898186 453.582001
2.372386 -41.939278 0.750000 0.000000 -0.000000 3.114956 453.720001
2.265153 -41.946411 0.750000 0.000000 0.000000 -2.981304 453.838989
2.197472 -41.963509 0.750000 0.000000 0.000000 -2.800663 453.954010
2.157982 -41.980724 0.750000 0.000000 0.000000 -2.620021 454.148987
2.157982 -41.980724 0.750000 0.000000 0.000000 -2.439380 454.264008
2.157982 -41.980724 0.750000 0.000000 0.000000 -2.263450 454.376007
2.157982 -41.980724 0.750000 0.000000 0.000000 -2.038826 454.519012
2.157982 -41.980724 0.750000 0.000000 0.000000 -1.862897 454.631012
2.157982 -41.980724 0.750000 0.000000 0.000000 -1.685397 454.743988
2.157982 -41.980724 0.750000 0.000000 0.000000 -1.509468 454.855988
2.157982 -41.980724 0.750000 0.000000 0.000000 -1.294269 454.993011
2.157982 -41.980724 0.750000 0.000000 0.000000 -1.116769 455.105988
2.157982 -41.980724 0.750000 0.000000 0.000000 -0.904711 455.240997
2.157982 -41.980724 0.750000 0.000000 0.000000 -0.726965 455.506989
2.157982 -41.980724 0.750000 0.000000 0.000000 -0.549496 455.636993
2.331715 -42.085743 0.750000 0.000000 0.000000 -0.461353 456.062988
2.530624 -42.174492 0.750000 0.000000 0.000000 -0.413339 456.302002
2.716008 -42.255779 0.750000 0.000000 0.000000 -0.413249 456.447998
2.906279 -42.343445 0.750000 0.000000 0.000000 -0.428963 456.575012
3.096929 -42.430176 0.750000 0.000000 0.000000 -0.427123 456.683990
3.288620 -42.523945 0.750000 0.000000 0.000000 -0.482214 456.790009
3.504358 -42.645374 0.750000 0.000000 0.000000 -0.540867 456.912994
3.699046 -42.770203 0.750000 0.000000 0.000000 -0.596813 457.028015
3.867293 -42.891106 0.750000 0.000000 0.000000 -0.646409 457.131012
4.024593 -43.016205 0.750000 0.000000 0.000000 -0.694672 457.230988
4.175858 -43.148918 0.750000 0.000000 0.000000 -0.743105 457.330994
4.341794 -43.310474 0.750000 0.000000 0.000000 -0.798577 457.446014
4.481369 -43.461472 0.750000 0.000000 0.000000 -0.847954 457.548004
4.610847 -43.622581 0.750000 0.000000 0.000000 -0.963882 457.653015
4.719397 -43.795200 0.750000 0.000000 0.000000 -1.006308 457.763000
4.827288 -43.964283 0.750000 0.000000 0.000000 -1.003584 457.863007
4.935404 -44.134098 0.750000 0.000000 0.000000 -1.003826 457.963013
5.044434 -44.305328 0.750000 0.000000 0.000000 -1.003815 458.063995
5.156847 -44.481876 0.750000 0.000000 0.000000 -1.003817 458.167999
5.264976 -44.651703 0.750000 0.000000 0.000000 -1.003817 458.268005
5.375630 -44.829876 0.750000 0.000000 0.000000 -1.039307 458.372009
5.472944 -45.005890 0.750000 0.000000 0.000000 -1.088452 458.471985
5.565543 -45.184425 0.750000 0.000000 0.000000 -1.090898 458.571991
5.662807 -45.371201 0.750000 0.000000 0.000000 -1.093533 458.677002
5.751396 -45.554245 0.750000 0.000000 0.000000 -1.143432 458.778015
5.828810 -45.744148 0.750000 0.000000 0.000000 -1.255723 458.882996
5.893328 -45.938595 0.750000 0.000000 0.000000 -1.245846 458.987000
5.957573 -46.129509 0.750000 0.000000 0.000000 -1.246384 459.087006
6.038418 -46.369930 0.750000 0.000000 0.000000 -1.246375 459.213013
6.114754 -46.596939 0.750000 0.000000 0.000000 -1.246372 459.332001
6.178543 -46.792629 0.750000 0.000000 0.000000 -1.274813 459.433990
6.232499 -46.988560 0.750000 0.000000 0.000000 -1.325657 459.535004
6.281844 -47.202183 0.750000 0.000000 0.000000 -1.346421 459.644012
6.324974 -47.398773 0.750000 0.000000 0.000000 -1.376023 459.743988
6.361104 -47.596783 0.750000 0.000000 0.000000 -1.391936 459.843994
6.399206 -47.806587 0.750000 0.000000 0.000000 -1.391101 459.950012
6.435158 -48.004601 0.750000 0.000000 0.000000 -1.391191 460.049988
6.466063 -48.209881 0.750000 0.000000 0.000000 -1.427198 460.153992
6.496405 -48.408886 0.750000 0.000000 0.000000 -1.419187 460.253998
6.526642 -48.607609 0.750000 0.000000 0.000000 -1.419807 460.354004
6.554607 -48.808884 0.750000 0.000000 0.000000 -1.455576 460.454987
6.576639 -49.023102 0.750000 0.000000 0.000000 -1.467315 460.562012
6.594681 -49.227543 0.750000 0.000000 0.000000 -1.506725 460.664001
6.604938 -49.430378 0.750000 0.000000 0.000000 -1.519383 460.765015
6.615641 -49.635792 0.750000 0.000000 0.000000 -1.518825 460.867004
6.626309 -49.841038 0.750000 0.000000 0.000000 -1.518856 460.968994
6.636858 -50.043980 0.750000 0.000000 0.000000 -1.518853 461.070007
6.643130 -50.283482 0.750000 0.000000 0.000000 -1.571561 461.188995
6.643064 -50.504383 0.750000 0.000000 0.000000 -1.582750 461.299011
6.641407 -50.705635 0.750000 0.000000 0.000000 -1.574409 461.398987
6.640560 -50.911037 0.750000 0.000000 0.000000 -1.575201 461.501007
6.639187 -51.134270 0.750000 0.000000 0.000000 -1.588667 461.614014
6.627020 -51.362446 0.750000 0.000000 0.000000 -1.656276 461.748993
6.607753 -51.563694 0.750000 0.000000 0.000000 -1.668638 461.899994
6.586899 -51.765293 0.750000 0.000000 0.000000 -1.591538 462.139008
6.589743 -51.811321 0.750000 0.000000 0.000000 -1.415609 462.251007
6.592896 -51.825729 0.750000 0.000000 0.000000 -1.234967 462.365997
6.592896 -51.825729 0.750000 0.000000 0.000000 -0.994635 462.519012
6.592896 -51.825729 0.750000 0.000000 0.000000 -0.815565 462.653015
6.592896 -51.825729 0.750000 0.000000 0.000000 -0.634923 462.768005
6.593223 -51.825912 0.750000 0.000000 0.000000 -0.458562 462.914001
6.599159 -51.827869 0.750000 0.000000 0.000000 -0.269638 463.148987
6.610315 -51.829411 0.750000 0.000000 0.000000 -0.090259 463.414001
6.763879 -51.825741 0.750000 0.000000 -0.000000 0.085281 463.796997
6.976737 -51.808521 0.750000 0.000000 -0.000000 0.110394 464.033997
7.189721 -51.776649 0.750000 0.000000 -0.000000 0.180722 464.195007
7.429926 -51.725082 0.750000 0.000000 -0.000000 0.223444 464.338013
7.633630 -51.679111 0.750000 0.000000 -0.000000 0.221749 464.442993
7.839803 -51.632607 0.750000 0.000000 -0.000000 0.221799 464.548004
8.035368 -51.585487 0.750000 0.000000 -0.000000 0.258611 464.648010
8.228231 -51.529041 0.750000 0.000000 -0.000000 0.307562 464.747986
8.419211 -51.464718 0.750000 0.000000 -0.000000 0.327665 464.847992
8.616844 -51.397892 0.750000 0.000000 -0.000000 0.326032 464.951996
8.812654 -51.339867 0.750000 0.000000 -0.000000 0.216215 465.057007
9.015746 -51.301414 0.750000 0.000000 -0.000000 0.212503 465.169006
9.210998 -51.253979 0.750000 0.000000 -0.000000 0.260985 465.269012
9.404122 -51.197105 0.750000 0.000000 -0.000000 0.309516 465.368988
9.599948 -51.128860 0.750000 0.000000 -0.000000 0.358685 465.471985
9.787839 -51.056759 0.750000 0.000000 -0.000000 0.364727 465.571991
9.979820 -50.983532 0.750000 0.000000 -0.000000 0.364480 465.674011
10.168105 -50.911709 0.750000 0.000000 -0.000000 0.364482 465.773987
10.358047 -50.839256 0.750000 0.000000 -0.000000 0.364489 465.875000
10.619416 -50.739555 0.750000 0.000000 -0.000000 0.364496 466.014008
10.813235 -50.665615 0.750000 0.000000 -0.000000 0.364503 466.117004
11.006775 -50.591774 0.750000 0.000000 -0.000000 0.364500 466.220001
11.201826 -50.519566 0.750000 0.000000 -0.000000 0.360628 466.324005
11.387738 -50.442883 0.750000 0.000000 -0.000000 0.401551 466.424011
11.612507 -50.348515 0.750000 0.000000 -0.000000 0.396638 466.545013
11.803826 -50.268326 0.750000 0.000000 -0.000000 0.396939 466.648010
11.998881 -50.186581 0.750000 0.000000 -0.000000 0.396913 466.752991
12.184257 -50.108898 0.750000 0.000000 -0.000000 0.396923 466.852997
12.374523 -50.026772 0.750000 0.000000 -0.000000 0.429722 466.955994
12.556169 -49.940369 0.750000 0.000000 -0.000000 0.444314 467.056000
12.738056 -49.853943 0.750000 0.000000 -0.000000 0.443568 467.156006
12.919670 -49.767647 0.750000 0.000000 -0.000000 0.443599 467.256012
13.100543 -49.678871 0.750000 0.000000 -0.000000 0.478294 467.355988
13.284926 -49.579105 0.750000 0.000000 -0.000000 0.496569 467.459991
13.468599 -49.485756 0.750000 0.000000 -0.000000 0.407423 467.565002
13.661314 -49.406231 0.750000 0.000000 -0.000000 0.417493 467.674988
13.889368 -49.295746 0.750000 0.000000 -0.000000 0.479638 467.800995
14.067259 -49.197422 0.750000 0.000000 -0.000000 0.523912 467.902008
14.285317 -49.072113 0.750000 0.000000 -0.000000 0.520224 468.027008
14.459690 -48.971401 0.750000 0.000000 -0.000000 0.538327 468.127014
14.646132 -48.853241 0.750000 0.000000 -0.000000 0.575119 468.237000
14.832423 -48.732960 0.750000 0.000000 -0.000000 0.572813 468.346985
15.010050 -48.618370 0.750000 0.000000 -0.000000 0.572922 468.451996
15.182611 -48.507046 0.750000 0.000000 -0.000000 0.572914 468.553986
15.351747 -48.397934 0.750000 0.000000 -0.000000 0.572912 468.653992
15.520881 -48.288822 0.750000 0.000000 -0.000000 0.572909 468.753998
15.689822 -48.180767 0.750000 0.000000 -0.000000 0.541492 468.854004
15.873339 -48.081215 0.750000 0.000000 -0.000000 0.496261 468.959991
16.054815 -47.980663 0.750000 0.000000 -0.000000 0.507852 469.062988
16.230795 -47.883038 0.750000 0.000000 -0.000000 0.506546 469.162994
16.413849 -47.781452 0.750000 0.000000 -0.000000 0.506637 469.266998
16.593252 -47.681896 0.750000 0.000000 -0.000000 0.506637 469.368988
16.769136 -47.584286 0.750000 0.000000 -0.000000 0.506638 469.468994
16.945328 -47.486507 0.750000 0.000000 -0.000000 0.506637 469.569000
17.126347 -47.386047 0.750000 0.000000 -0.000000 0.506633 469.671997
17.302429 -47.288330 0.750000 0.000000 -0.000000 0.506633 469.772003
17.481941 -47.188709 0.750000 0.000000 -0.000000 0.506630 469.873993
17.663116 -47.088165 0.750000 0.000000 -0.000000 0.506630 469.976990
17.842476 -46.988632 0.750000 0.000000 -0.000000 0.506631 470.079010
18.022303 -46.898575 0.750000 0.000000 -0.000000 0.390392 470.183990
18.209482 -46.819695 0.750000 0.000000 -0.000000 0.410884 470.289001
18.436934 -46.712269 0.750000 0.000000 -0.000000 0.457583 470.414001
18.626909 -46.619324 0.750000 0.000000 -0.000000 0.454223 470.519012
18.809383 -46.530205 0.750000 0.000000 -0.000000 0.454333 470.619995
19.033688 -46.420662 0.750000 0.000000 -0.000000 0.454326 470.743988
19.214500 -46.332352 0.750000 0.000000 -0.000000 0.454329 470.843994
19.395357 -46.244022 0.750000 0.000000 -0.000000 0.454327 470.944000
19.576170 -46.155720 0.750000 0.000000 -0.000000 0.454329 471.044006
19.756092 -46.065643 0.750000 0.000000 -0.000000 0.485516 471.144012
19.941360 -45.963634 0.750000 0.000000 -0.000000 0.505014 471.248993
20.117626 -45.866516 0.750000 0.000000 -0.000000 0.503531 471.348999
20.294722 -45.771248 0.750000 0.000000 -0.000000 0.493706 471.449005
20.471462 -45.675343 0.750000 0.000000 -0.000000 0.497349 471.549011
20.646795 -45.576939 0.750000 0.000000 -0.000000 0.533524 471.648987
20.818441 -45.471249 0.750000 0.000000 -0.000000 0.554096 471.748993
20.989971 -45.365711 0.750000 0.000000 -0.000000 0.551328 471.848999
21.161089 -45.260448 0.750000 0.000000 -0.000000 0.551469 471.949005
21.333059 -45.151661 0.750000 0.000000 -0.000000 0.588007 472.056000
21.525846 -45.019566 0.750000 0.000000 -0.000000 0.599986 472.204010
21.677874 -44.936687 0.750000 0.000000 -0.000000 0.387785 472.343994
21.891521 -44.872883 0.750000 0.000000 -0.000000 0.225045 472.549011
22.101662 -44.839569 0.750000 0.000000 -0.000000 0.086499 472.748993
22.301449 -44.827682 0.750000 0.000000 -0.000000 0.045762 472.924011
22.507896 -44.823250 0.750000 0.000000 -0.000000 0.017724 473.058990
22.709707 -44.819435 0.750000 0.000000 -0.000000 0.018809 473.169006
22.912342 -44.815628 0.750000 0.000000 -0.000000 0.018784 473.269989
23.113600 -44.811848 0.750000 0.000000 -0.000000 0.018785 473.369995
23.314558 -44.808075 0.750000 0.000000 -0.000000 0.018787 473.470001
23.519367 -44.804234 0.750000 0.000000 -0.000000 0.018787 473.571991
23.728474 -44.800304 0.750000 0.000000 -0.000000 0.018785 473.675995
23.941553 -44.796303 0.750000 0.000000 -0.000000 0.018788 473.782013
24.148859 -44.792412 0.750000 0.000000 -0.000000 0.018789 473.885010
24.420675 -44.787308 0.750000 0.000000 -0.000000 0.018789 474.019989
24.627390 -44.785370 0.750000 0.000000 0.000000 -0.033046 474.123993
24.863554 -44.812630 0.750000 0.000000 0.000000 -0.140331 474.253998
25.070984 -44.841095 0.750000 0.000000 0.000000 -0.136114 474.359009
25.270359 -44.868465 0.750000 0.000000 0.000000 -0.136405 474.459015
25.469734 -44.895817 0.750000 0.000000 0.000000 -0.136375 474.558990
25.669109 -44.923168 0.750000 0.000000 0.000000 -0.136383 474.658997
25.868732 -44.950558 0.750000 0.000000 0.000000 -0.136386 474.759003
26.067984 -44.977890 0.750000 0.000000 0.000000 -0.136393 474.859009
26.267483 -45.005260 0.750000 0.000000 0.000000 -0.136398 474.959015
26.468943 -45.032902 0.750000 0.000000 0.000000 -0.136401 475.059998
26.668468 -45.060272 0.750000 0.000000 0.000000 -0.136407 475.160004
26.869703 -45.087887 0.750000 0.000000 0.000000 -0.136412 475.260986
27.076908 -45.116322 0.750000 0.000000 0.000000 -0.136418 475.364990
27.276085 -45.145462 0.750000 0.000000 0.000000 -0.143116 475.464996
27.475182 -45.173920 0.750000 0.000000 0.000000 -0.142199 475.565002
27.674503 -45.202496 0.750000 0.000000 0.000000 -0.142408 475.665009
27.875208 -45.231266 0.750000 0.000000 0.000000 -0.142395 475.765991
28.074306 -45.259819 0.750000 0.000000 0.000000 -0.142395 475.865997
28.281473 -45.289528 0.750000 0.000000 0.000000 -0.142391 475.970001
28.480942 -45.318134 0.750000 0.000000 0.000000 -0.142387 476.070007
28.690458 -45.348171 0.750000 0.000000 0.000000 -0.142385 476.174988
28.895496 -45.377575 0.750000 0.000000 0.000000 -0.142381 476.278015
29.094893 -45.406170 0.750000 0.000000 0.000000 -0.142376 476.377991
29.385435 -45.447826 0.750000 0.000000 0.000000 -0.142372 476.523987
29.584658 -45.476398 0.750000 0.000000 0.000000 -0.142366 476.623993
29.785156 -45.506321 0.750000 0.000000 0.000000 -0.181630 476.725006
29.983007 -45.556694 0.750000 0.000000 0.000000 -0.254918 476.834015
30.188238 -45.602814 0.750000 0.000000 0.000000 -0.195877 476.938995
30.386280 -45.638714 0.750000 0.000000 0.000000 -0.176950 477.039001
30.584393 -45.674423 0.750000 0.000000 0.000000 -0.178511 477.139008
30.784458 -45.708752 0.750000 0.000000 0.000000 -0.150176 477.239990
31.003906 -45.738205 0.750000 0.000000 0.000000 -0.130763 477.350006
31.203793 -45.762589 0.750000 0.000000 0.000000 -0.100205 477.450012
31.412064 -45.775562 0.750000 0.000000 0.000000 -0.013149 477.558014
31.615116 -45.770184 0.750000 0.000000 -0.000000 0.049776 477.667999
31.815409 -45.755180 0.750000 0.000000 -0.000000 0.097830 477.768005
32.019333 -45.729717 0.750000 0.000000 -0.000000 0.147464 477.869995
32.217556 -45.695107 0.750000 0.000000 -0.000000 0.195900 477.970001
32.421204 -45.655987 0.750000 0.000000 -0.000000 0.192258 478.072998
32.623581 -45.613178 0.750000 0.000000 -0.000000 0.234551 478.175995
32.818996 -45.565067 0.750000 0.000000 -0.000000 0.238907 478.276001
33.018421 -45.516655 0.750000 0.000000 -0.000000 0.238274 478.377991
33.292294 -45.450127 0.750000 0.000000 -0.000000 0.238258 478.518005
33.487885 -45.402618 0.750000 0.000000 -0.000000 0.238257 478.618011
33.702911 -45.350395 0.750000 0.000000 -0.000000 0.238256 478.727997
33.898514 -45.302895 0.750000 0.000000 -0.000000 0.238259 478.828003
34.101662 -45.253551 0.750000 0.000000 -0.000000 0.238259 478.932007
34.328445 -45.198479 0.750000 0.000000 -0.000000 0.238258 479.048004
34.524239 -45.150940 0.750000 0.000000 -0.000000 0.238258 479.148010
34.719818 -45.103489 0.750000 0.000000 -0.000000 0.231981 479.247986
34.920666 -45.068298 0.750000 0.000000 -0.000000 0.167288 479.352997
35.119156 -45.033607 0.750000 0.000000 -0.000000 0.172913 479.453003
35.317532 -44.999081 0.750000 0.000000 -0.000000 0.172307 479.553009
35.515423 -44.964626 0.750000 0.000000 -0.000000 0.172364 479.653015
35.715309 -44.929821 0.750000 0.000000 -0.000000 0.172357 479.753998
35.917507 -44.894623 0.750000 0.000000 -0.000000 0.172355 479.855988
36.115795 -44.860100 0.750000 0.000000 -0.000000 0.172353 479.955994
36.322304 -44.824150 0.750000 0.000000 -0.000000 0.172354 480.059998
36.520348 -44.789665 0.750000 0.000000 -0.000000 0.172353 480.160004
36.718758 -44.755123 0.750000 0.000000 -0.000000 0.172354 480.260010
36.917046 -44.720600 0.750000 0.000000 -0.000000 0.172352 480.359985
37.115089 -44.686115 0.750000 0.000000 -0.000000 0.172350 480.459991
37.313812 -44.653553 0.750000 0.000000 -0.000000 0.161454 480.559998
37.511921 -44.618248 0.750000 0.000000 -0.000000 0.198892 480.660004
37.708454 -44.575481 0.750000 0.000000 -0.000000 0.215103 480.760010
37.905132 -44.532917 0.750000 0.000000 -0.000000 0.212909 480.859985
38.101315 -44.488110 0.750000 0.000000 -0.000000 0.246343 480.959991
38.302994 -44.434273 0.750000 0.000000 -0.000000 0.260878 481.065002
38.499020 -44.378841 0.750000 0.000000 -0.000000 0.302198 481.177002
38.706280 -44.332516 0.750000 0.000000 -0.000000 0.108625 481.320007
38.836632 -44.329849 0.750000 0.000000 0.000000 -0.067304 481.432007
38.934906 -44.345253 0.750000 0.000000 0.000000 -0.244804 481.545013
38.999805 -44.367672 0.750000 0.000000 0.000000 -0.427017 481.661011
39.031384 -44.385330 0.750000 0.000000 0.000000 -0.609229 481.777008
39.035439 -44.388386 0.750000 0.000000 0.000000 -0.785469 481.895996
39.036015 -44.389210 0.750000 0.000000 0.000000 -0.961112 482.066010
39.048557 -44.413208 0.750000 0.000000 0.000000 -1.137540 482.329987
39.120411 -44.599865 0.750000 0.000000 0.000000 -1.235625 482.621002
39.198250 -44.822186 0.750000 0.000000 0.000000 -1.233837 482.804993
39.265308 -45.013573 0.750000 0.000000 0.000000 -1.233828 482.927002
39.333366 -45.216286 0.750000 0.000000 0.000000 -1.252826 483.040009
39.397316 -45.407150 0.750000 0.000000 0.000000 -1.246668 483.140015
39.465836 -45.611343 0.750000 0.000000 0.000000 -1.247163 483.247009
39.531696 -45.807644 0.750000 0.000000 0.000000 -1.247139 483.350006
39.596985 -46.002235 0.750000 0.000000 0.000000 -1.247146 483.451996
39.663727 -46.201191 0.750000 0.000000 0.000000 -1.247149 483.556000
39.727737 -46.391972 0.750000 0.000000 0.000000 -1.247153 483.656006
39.791771 -46.582848 0.750000 0.000000 0.000000 -1.247157 483.756012
39.855721 -46.773434 0.750000 0.000000 0.000000 -1.247163 483.855988
39.919773 -46.964382 0.750000 0.000000 0.000000 -1.247168 483.955994
39.984375 -47.156933 0.750000 0.000000 0.000000 -1.247173 484.057007
40.051006 -47.355534 0.750000 0.000000 0.000000 -1.247180 484.161011
40.114941 -47.546368 0.750000 0.000000 0.000000 -1.255037 484.260986
40.174885 -47.747520 0.750000 0.000000 0.000000 -1.278186 484.365997
40.233265 -47.939934 0.750000 0.000000 0.000000 -1.276549 484.466003
40.291718 -48.132942 0.750000 0.000000 0.000000 -1.276685 484.566010
40.350006 -48.325405 0.750000 0.000000 0.000000 -1.276666 484.665985
40.408401 -48.518223 0.750000 0.000000 0.000000 -1.276660 484.765991
40.468971 -48.718201 0.750000 0.000000 0.000000 -1.276658 484.869995
40.527279 -48.910686 0.750000 0.000000 0.000000 -1.276659 484.970001
40.585754 -49.103764 0.750000 0.000000 0.000000 -1.276652 485.070007
40.645859 -49.302109 0.750000 0.000000 0.000000 -1.276655 485.173004
40.710018 -49.513905 0.750000 0.000000 0.000000 -1.276653 485.282990
40.773689 -49.724072 0.750000 0.000000 0.000000 -1.276658 485.391998
40.837177 -49.935749 0.750000 0.000000 0.000000 -1.292363 485.502014
40.898899 -50.150272 0.750000 0.000000 0.000000 -1.289285 485.613007
40.954746 -50.343616 0.750000 0.000000 0.000000 -1.289704 485.713013
41.018875 -50.565750 0.750000 0.000000 0.000000 -1.289661 485.828003
41.074654 -50.758995 0.750000 0.000000 0.000000 -1.289654 485.928009
41.142769 -50.994995 0.750000 0.000000 0.000000 -1.289638 486.049988
41.198521 -51.188114 0.750000 0.000000 0.000000 -1.289625 486.149994
41.264977 -51.386131 0.750000 0.000000 0.000000 -1.171811 486.257996
41.355690 -51.555649 0.750000 0.000000 0.000000 -0.989598 486.373993
41.494320 -51.717781 0.750000 0.000000 0.000000 -0.731988 486.537994
41.583065 -51.784039 0.750000 0.000000 0.000000 -0.549775 486.653992
41.651989 -51.818306 0.750000 0.000000 0.000000 -0.369134 486.769012
41.696518 -51.831192 0.750000 0.000000 0.000000 -0.174355 486.893005
41.706242 -51.832355 0.750000 0.000000 -0.000000 0.053411 487.037994
41.706242 -51.832355 0.750000 0.000000 -0.000000 0.241906 487.157990
41.706242 -51.832355 0.750000 0.000000 -0.000000 0.422548 487.273010
41.706242 -51.832355 0.750000 0.000000 -0.000000 0.626751 487.403015
41.706242 -51.832355 0.750000 0.000000 -0.000000 0.838809 487.537994
41.706242 -51.832355 0.750000 0.000000 -0.000000 1.019451 487.653015
41.706242 -51.832355 0.750000 0.000000 -0.000000 1.200092 487.768005
41.706242 -51.832355 0.750000 0.000000 -0.000000 1.380734 488.042999
41.706242 -51.832355 0.750000 0.000000 -0.000000 1.558067 488.167999
41.703754 -51.816658 0.750000 0.000000 -0.000000 1.737379 488.391998
41.652431 -51.609596 0.750000 0.000000 -0.000000 1.856184 488.709015
41.595917 -51.416248 0.750000 0.000000 -0.000000 1.854901 488.868011
41.530960 -51.188755 0.750000 0.000000 -0.000000 1.834489 489.013000
41.472866 -50.995392 0.750000 0.000000 -0.000000 1.873727 489.121002
41.413120 -50.802963 0.750000 0.000000 -0.000000 1.871122 489.221008
41.352356 -50.606800 0.750000 0.000000 -0.000000 1.871188 489.322998
41.292816 -50.414600 0.750000 0.000000 -0.000000 1.871188 489.423004
41.231407 -50.216358 0.750000 0.000000 -0.000000 1.871186 489.526001
41.162701 -49.997662 0.750000 0.000000 -0.000000 1.891420 489.640015
41.093887 -49.802414 0.750000 0.000000 -0.000000 1.912820 489.743011
41.023396 -49.603497 0.750000 0.000000 -0.000000 1.911148 489.847992
40.956261 -49.413914 0.750000 0.000000 -0.000000 1.911250 489.947998
40.889019 -49.224041 0.750000 0.000000 -0.000000 1.911252 490.048004
40.821857 -49.034389 0.750000 0.000000 -0.000000 1.911263 490.148010
40.753975 -48.842735 0.750000 0.000000 -0.000000 1.911270 490.248993
40.683071 -48.646381 0.750000 0.000000 -0.000000 1.903085 490.352997
40.618870 -48.447918 0.750000 0.000000 -0.000000 1.905136 490.458008
40.548172 -48.255398 0.750000 0.000000 -0.000000 1.923462 490.559998
40.477139 -48.061081 0.750000 0.000000 -0.000000 1.921212 490.662994
40.408077 -47.872135 0.750000 0.000000 -0.000000 1.921269 490.763000
40.338863 -47.682762 0.750000 0.000000 -0.000000 1.921273 490.863007
40.272957 -47.492764 0.750000 0.000000 -0.000000 1.880905 490.963013
40.213299 -47.300529 0.750000 0.000000 -0.000000 1.872577 491.062988
40.152222 -47.104813 0.750000 0.000000 -0.000000 1.873311 491.165009
40.090492 -46.907032 0.750000 0.000000 -0.000000 1.873291 491.268005
40.030533 -46.714947 0.750000 0.000000 -0.000000 1.873285 491.368011
39.970573 -46.522839 0.750000 0.000000 -0.000000 1.873279 491.467987
39.916576 -46.329250 0.750000 0.000000 -0.000000 1.822641 491.567993
39.871262 -46.133308 0.750000 0.000000 -0.000000 1.775038 491.667999
39.831726 -45.934139 0.750000 0.000000 -0.000000 1.768379 491.769012
39.792114 -45.736691 0.750000 0.000000 -0.000000 1.768690 491.868988
39.750877 -45.531063 0.750000 0.000000 -0.000000 1.768675 491.972992
39.711327 -45.333782 0.750000 0.000000 -0.000000 1.768678 492.072998
39.671768 -45.136486 0.750000 0.000000 -0.000000 1.768682 492.173004
39.632210 -44.939182 0.750000 0.000000 -0.000000 1.768683 492.273010
39.592567 -44.741493 0.750000 0.000000 -0.000000 1.768682 492.372986
39.552940 -44.543854 0.750000 0.000000 -0.000000 1.768683 492.472992
39.513374 -44.346504 0.750000 0.000000 -0.000000 1.768685 492.572998
39.473728 -44.148785 0.750000 0.000000 -0.000000 1.768687 492.673004
39.434189 -43.951557 0.750000 0.000000 -0.000000 1.768690 492.773010
39.393379 -43.748028 0.750000 0.000000 -0.000000 1.768694 492.876007
39.327259 -43.418255 0.750000 0.000000 -0.000000 1.768698 493.042999
39.285690 -43.210903 0.750000 0.000000 -0.000000 1.768699 493.148010
39.246185 -43.013874 0.750000 0.000000 -0.000000 1.768704 493.247986
39.203125 -42.799118 0.750000 0.000000 -0.000000 1.768706 493.356995
39.162357 -42.595791 0.750000 0.000000 -0.000000 1.768710 493.459991
39.122334 -42.396206 0.750000 0.000000 -0.000000 1.768712 493.561005
39.079636 -42.183247 0.750000 0.000000 -0.000000 1.768715 493.669006
39.039700 -41.984089 0.750000 0.000000 -0.000000 1.768715 493.769989
39.002403 -41.786278 0.750000 0.000000 -0.000000 1.760836 493.869995
38.962891 -41.582764 0.750000 0.000000 -0.000000 1.762191 493.972992
38.923431 -41.379063 0.750000 0.000000 -0.000000 1.762117 494.075989
38.883625 -41.173512 0.750000 0.000000 -0.000000 1.762117 494.179993
38.845360 -40.975914 0.750000 0.000000 -0.000000 1.762120 494.279999
38.807060 -40.778168 0.750000 0.000000 -0.000000 1.762125 494.380005
38.755390 -40.511452 0.750000 0.000000 -0.000000 1.762120 494.515015
38.717133 -40.313931 0.750000 0.000000 -0.000000 1.762124 494.614990
38.678875 -40.116383 0.750000 0.000000 -0.000000 1.762122 494.714996
38.640579 -39.918671 0.750000 0.000000 -0.000000 1.762121 494.815002
38.596546 -39.691299 0.750000 0.000000 -0.000000 1.762125 494.929993
38.558182 -39.493294 0.750000 0.000000 -0.000000 1.762126 495.029999
38.519936 -39.295872 0.750000 0.000000 -0.000000 1.762120 495.130005
38.481647 -39.098206 0.750000 0.000000 -0.000000 1.762119 495.230011
38.435394 -38.859344 0.750000 0.000000 -0.000000 1.762123 495.351013
38.395992 -38.655914 0.750000 0.000000 -0.000000 1.762123 495.454010
38.355923 -38.437939 0.750000 0.000000 -0.000000 1.729726 495.563995
38.326748 -38.233059 0.750000 0.000000 -0.000000 1.710765 495.666992
38.298336 -38.033566 0.750000 0.000000 -0.000000 1.712239 495.766998
38.268833 -37.826260 0.750000 0.000000 -0.000000 1.712199 495.871002
38.240437 -37.626747 0.750000 0.000000 -0.000000 1.712202 495.971008
38.212124 -37.427807 0.750000 0.000000 -0.000000 1.712205 496.071014
38.182346 -37.218517 0.750000 0.000000 -0.000000 1.712213 496.175995
38.154827 -37.017033 0.750000 0.000000 -0.000000 1.672947 496.278015
38.138443 -36.817158 0.750000 0.000000 -0.000000 1.656858 496.380005
38.116512 -36.566452 0.750000 0.000000 -0.000000 1.657661 496.505005
38.097149 -36.344063 0.750000 0.000000 -0.000000 1.657754 496.615997
38.079643 -36.143318 0.750000 0.000000 -0.000000 1.657731 496.716003
38.058823 -35.904415 0.750000 0.000000 -0.000000 1.657738 496.834991
38.043140 -35.703815 0.750000 0.000000 -0.000000 1.615887 496.936005
38.047092 -35.494373 0.750000 0.000000 -0.000000 1.495516 497.054993
38.071388 -35.289776 0.750000 0.000000 -0.000000 1.426592 497.179993
38.105476 -35.090721 0.750000 0.000000 -0.000000 1.377424 497.285004
38.149071 -34.894272 0.750000 0.000000 -0.000000 1.329679 497.385010
38.232033 -34.659069 0.750000 0.000000 -0.000000 1.166322 497.520996
38.308983 -34.473843 0.750000 0.000000 -0.000000 1.180788 497.625000
38.388668 -34.280392 0.750000 0.000000 -0.000000 1.179691 497.729004
38.466091 -34.092556 0.750000 0.000000 -0.000000 1.179833 497.829987
38.554356 -33.878429 0.750000 0.000000 -0.000000 1.179811 497.945007
38.631199 -33.692032 0.750000 0.000000 -0.000000 1.179815 498.045013
38.717419 -33.487812 0.750000 0.000000 -0.000000 1.151261 498.154999
38.804180 -33.306393 0.750000 0.000000 -0.000000 1.101846 498.255005
38.903393 -33.119675 0.750000 0.000000 -0.000000 1.077798 498.359985
39.000885 -32.936790 0.750000 0.000000 -0.000000 1.081430 498.463013
39.097271 -32.760002 0.750000 0.000000 -0.000000 1.051847 498.562988
39.201874 -32.588120 0.750000 0.000000 -0.000000 0.991103 498.662994
39.325394 -32.418636 0.750000 0.000000 -0.000000 0.917600 498.768005
39.448589 -32.259476 0.750000 0.000000 -0.000000 0.912321 498.868011
39.571720 -32.100262 0.750000 0.000000 -0.000000 0.912486 498.967987
39.695038 -31.940817 0.750000 0.000000 -0.000000 0.912471 499.067993
39.818100 -31.781729 0.750000 0.000000 -0.000000 0.912477 499.167999
39.941101 -31.622719 0.750000 0.000000 -0.000000 0.912485 499.268005
40.072407 -31.467508 0.750000 0.000000 -0.000000 0.798670 499.372986
40.283260 -31.285505 0.750000 0.000000 -0.000000 0.631980 499.548004
40.457047 -31.177025 0.750000 0.000000 -0.000000 0.493346 499.718994
40.642704 -31.085369 0.750000 0.000000 -0.000000 0.412692 499.868988
40.905029 -30.989616 0.750000 0.000000 -0.000000 0.317018 500.044006
41.099434 -30.929646 0.750000 0.000000 -0.000000 0.296586 500.148987
41.291874 -30.870583 0.750000 0.000000 -0.000000 0.297992 500.248993
41.504059 -30.808147 0.750000 0.000000 -0.000000 0.262736 500.359009
41.699585 -30.761097 0.750000 0.000000 -0.000000 0.213414 500.459015
41.899094 -30.721638 0.750000 0.000000 -0.000000 0.192207 500.559998
42.104359 -30.681042 0.750000 0.000000 -0.000000 0.195799 500.664001
42.302044 -30.641878 0.750000 0.000000 -0.000000 0.195572 500.764008
42.499191 -30.602814 0.750000 0.000000 -0.000000 0.195610 500.864014
42.696579 -30.563702 0.750000 0.000000 -0.000000 0.195608 500.963989
42.894238 -30.524536 0.750000 0.000000 -0.000000 0.195607 501.063995
43.096447 -30.490887 0.750000 0.000000 -0.000000 0.168172 501.165985
43.296566 -30.455786 0.750000 0.000000 -0.000000 0.173749 501.266998
43.498230 -30.420443 0.750000 0.000000 -0.000000 0.173474 501.368988
43.698441 -30.385357 0.750000 0.000000 -0.000000 0.173485 501.470001
43.898800 -30.350246 0.750000 0.000000 -0.000000 0.173485 501.571014
44.103378 -30.317747 0.750000 0.000000 -0.000000 0.133589 501.674011
44.305061 -30.295980 0.750000 0.000000 -0.000000 0.084916 501.774994
44.505932 -30.284010 0.750000 0.000000 -0.000000 0.036606 501.875000
44.713181 -30.278616 0.750000 0.000000 -0.000000 0.026286 501.977997
44.914333 -30.273180 0.750000 0.000000 -0.000000 0.026968 502.078003
45.115734 -30.267756 0.750000 0.000000 -0.000000 0.026924 502.178009
45.324883 -30.262123 0.750000 0.000000 -0.000000 0.026926 502.282013
45.527233 -30.259907 0.750000 0.000000 -0.000000 0.015184 502.382996
45.732552 -30.256481 0.750000 0.000000 -0.000000 0.016264 502.484985
45.933903 -30.253210 0.750000 0.000000 -0.000000 0.016265 502.584991
46.135220 -30.254169 0.750000 0.000000 0.000000 -0.029172 502.684998
46.348587 -30.261045 0.750000 0.000000 0.000000 -0.029935 502.790985
46.557930 -30.267319 0.750000 0.000000 0.000000 -0.030017 502.894989
46.889832 -30.278913 0.750000 0.000000 0.000000 -0.057377 503.059998
47.100273 -30.297066 0.750000 0.000000 0.000000 -0.110367 503.165009
47.303432 -30.324839 0.750000 0.000000 0.000000 -0.159101 503.266998
47.506943 -30.363041 0.750000 0.000000 0.000000 -0.208762 503.369995
47.702675 -30.409761 0.750000 0.000000 0.000000 -0.257185 503.470001
47.896572 -30.464153 0.750000 0.000000 0.000000 -0.283359 503.570007
48.093700 -30.531637 0.750000 0.000000 0.000000 -0.334291 503.674988
48.283875 -30.597057 0.750000 0.000000 0.000000 -0.331131 503.774994
48.474072 -30.662472 0.750000 0.000000 0.000000 -0.331305 503.875000
48.664387 -30.727932 0.750000 0.000000 0.000000 -0.331302 503.975006
48.860447 -30.795366 0.750000 0.000000 0.000000 -0.331304 504.078003
49.050880 -30.860867 0.750000 0.000000 0.000000 -0.331305 504.178009
49.241196 -30.926325 0.750000 0.000000 0.000000 -0.331306 504.278015
49.437603 -30.998430 0.750000 0.000000 0.000000 -0.376898 504.381989
49.623894 -31.073374 0.750000 0.000000 0.000000 -0.382666 504.481995
49.810352 -31.148432 0.750000 0.000000 0.000000 -0.382664 504.582001
49.997162 -31.223629 0.750000 0.000000 0.000000 -0.382662 504.682007
50.183506 -31.298893 0.750000 0.000000 0.000000 -0.398368 504.782013
50.367584 -31.378855 0.750000 0.000000 0.000000 -0.404764 504.881989
50.556702 -31.459572 0.750000 0.000000 0.000000 -0.403535 504.984009
50.740746 -31.540657 0.750000 0.000000 0.000000 -0.438966 505.084015
50.921421 -31.628735 0.750000 0.000000 0.000000 -0.453618 505.183990
51.108025 -31.719391 0.750000 0.000000 0.000000 -0.452280 505.286987
51.289169 -31.807411 0.750000 0.000000 0.000000 -0.452309 505.386993
51.470181 -31.895361 0.750000 0.000000 0.000000 -0.452306 505.487000
51.651596 -31.987509 0.750000 0.000000 0.000000 -0.495399 505.588013
51.836864 -32.089363 0.750000 0.000000 0.000000 -0.502279 505.692993
52.015137 -32.187252 0.750000 0.000000 0.000000 -0.502195 505.794006
52.198761 -32.288105 0.750000 0.000000 0.000000 -0.502197 505.898010
52.454258 -32.428432 0.750000 0.000000 0.000000 -0.502192 506.042999
52.630760 -32.525379 0.750000 0.000000 0.000000 -0.502187 506.143005
52.809227 -32.623398 0.750000 0.000000 0.000000 -0.502181 506.243988
52.992645 -32.724129 0.750000 0.000000 0.000000 -0.502179 506.347992
53.174904 -32.824207 0.750000 0.000000 0.000000 -0.502176 506.454987
53.352146 -32.921535 0.750000 0.000000 0.000000 -0.502182 506.575989
53.535301 -33.022114 0.750000 0.000000 0.000000 -0.502182 506.734985
53.716198 -33.121449 0.750000 0.000000 0.000000 -0.502186 506.890015
53.981617 -33.267193 0.750000 0.000000 0.000000 -0.502188 507.065002
54.165905 -33.368412 0.750000 0.000000 0.000000 -0.502183 507.170013
54.341446 -33.465343 0.750000 0.000000 0.000000 -0.525735 507.269989
54.510979 -33.574417 0.750000 0.000000 0.000000 -0.557636 507.375000
54.684288 -33.677200 0.750000 0.000000 0.000000 -0.532756 507.475006
54.861343 -33.782112 0.750000 0.000000 0.000000 -0.535066 507.576996
55.034309 -33.884609 0.750000 0.000000 0.000000 -0.534937 507.677002
55.214439 -33.987717 0.750000 0.000000 0.000000 -0.495475 507.779999
55.399208 -34.081169 0.750000 0.000000 0.000000 -0.444972 507.882996
55.588833 -34.169270 0.750000 0.000000 0.000000 -0.436061 507.987000
55.787968 -34.274239 0.750000 0.000000 0.000000 -0.544860 508.106995
55.971409 -34.402855 0.750000 0.000000 0.000000 -0.678056 508.252014
56.121086 -34.536915 0.750000 0.000000 0.000000 -0.762529 508.402008
56.261459 -34.687859 0.750000 0.000000 0.000000 -0.871420 508.552002
56.386562 -34.851364 0.750000 0.000000 0.000000 -0.978391 508.696991
56.493618 -35.024677 0.750000 0.000000 0.000000 -1.047170 508.842010
56.605289 -35.233677 0.750000 0.000000 0.000000 -1.109402 508.976990
56.693722 -35.423855 0.750000 0.000000 0.000000 -1.159373 509.082001
56.769501 -35.610397 0.750000 0.000000 0.000000 -1.207874 509.182007
56.845890 -35.801857 0.750000 0.000000 0.000000 -1.125517 509.286987
56.960030 -35.988884 0.750000 0.000000 0.000000 -0.921314 509.416992
57.087967 -36.123878 0.750000 0.000000 0.000000 -0.701402 509.557007
57.181446 -36.189350 0.750000 0.000000 0.000000 -0.523902 509.670013
57.272038 -36.233753 0.750000 0.000000 0.000000 -0.344831 509.816010
57.312553 -36.244621 0.750000 0.000000 0.000000 -0.164189 509.931000
57.322289 -36.245739 0.750000 0.000000 -0.000000 0.033731 510.057007
57.322289 -36.245739 0.750000 0.000000 -0.000000 0.211231 510.170013
57.323235 -36.245399 0.750000 0.000000 -0.000000 0.391736 510.337006
57.324135 -36.244961 0.750000 0.000000 -0.000000 0.566663 510.480011
57.324135 -36.244961 0.750000 0.000000 -0.000000 0.744163 510.592987
57.324135 -36.244961 0.750000 0.000000 -0.000000 0.923234 510.707001
57.324135 -36.244961 0.750000 0.000000 -0.000000 1.100734 510.820007
57.324135 -36.244961 0.750000 0.000000 -0.000000 1.330070 511.165985
57.324135 -36.244961 0.750000 0.000000 -0.000000 1.510712 511.281006
57.324135 -36.244961 0.750000 0.000000 -0.000000 1.688212 511.394012
57.324135 -36.244961 0.750000 0.000000 -0.000000 1.919119 511.540985
57.324135 -36.244961 0.750000 0.000000 -0.000000 2.105300 511.667999
57.322300 -36.242348 0.750000 0.000000 -0.000000 2.292240 511.846985
57.319344 -36.239769 0.750000 0.000000 -0.000000 2.467083 512.054016
57.306477 -36.230762 0.750000 0.000000 -0.000000 2.645735 512.611023
57.132946 -36.168892 0.750000 0.000000 -0.000000 2.849899 513.062012
56.933868 -36.111557 0.750000 0.000000 -0.000000 2.861431 513.237976
56.740261 -36.055847 0.750000 0.000000 -0.000000 2.861485 513.367004
56.546848 -35.997757 0.750000 0.000000 -0.000000 2.871000 513.481018
56.350384 -35.949505 0.750000 0.000000 -0.000000 2.923965 513.583008
56.149837 -35.907028 0.750000 0.000000 -0.000000 2.930985 513.684998
55.949486 -35.863911 0.750000 0.000000 -0.000000 2.929696 513.786987
55.744511 -35.819836 0.750000 0.000000 -0.000000 2.929715 513.890991
55.546787 -35.781109 0.750000 0.000000 -0.000000 2.971425 513.991028
55.347649 -35.752167 0.750000 0.000000 -0.000000 3.020005 514.091003
55.143394 -35.728539 0.750000 0.000000 -0.000000 3.025153 514.192993
54.883690 -35.698112 0.750000 0.000000 -0.000000 3.025012 514.322998
54.674038 -35.673553 0.750000 0.000000 -0.000000 3.025011 514.427979
54.406052 -35.641872 0.750000 0.000000 -0.000000 3.009305 514.562012
54.205029 -35.601059 0.750000 0.000000 -0.000000 2.926376 514.666992
54.007660 -35.562431 0.750000 0.000000 -0.000000 2.970892 514.767029
53.809219 -35.531208 0.750000 0.000000 -0.000000 2.986957 514.867004
53.610622 -35.500023 0.750000 0.000000 -0.000000 2.985739 514.966980
53.411327 -35.471577 0.750000 0.000000 -0.000000 3.021286 515.067017
53.211243 -35.452614 0.750000 0.000000 -0.000000 3.070067 515.166992
53.010666 -35.440643 0.750000 0.000000 -0.000000 3.082358 515.267029
52.809933 -35.428596 0.750000 0.000000 -0.000000 3.081548 515.367004
52.602962 -35.416172 0.750000 0.000000 -0.000000 3.081540 515.469971
52.401852 -35.404091 0.750000 0.000000 -0.000000 3.081535 515.570007
52.200989 -35.392029 0.750000 0.000000 -0.000000 3.081529 515.669983
51.983982 -35.379002 0.750000 0.000000 -0.000000 3.081522 515.778015
51.774502 -35.362629 0.750000 0.000000 -0.000000 3.063271 515.882996
51.566067 -35.346813 0.750000 0.000000 -0.000000 3.065749 515.987000
51.357323 -35.330936 0.750000 0.000000 -0.000000 3.065634 516.091003
51.156818 -35.315681 0.750000 0.000000 -0.000000 3.065632 516.190979
50.955868 -35.305176 0.750000 0.000000 -0.000000 3.112916 516.291016
50.752369 -35.302776 0.750000 0.000000 -0.000000 3.131184 516.392029
50.551270 -35.300404 0.750000 0.000000 -0.000000 3.129923 516.492004
50.343708 -35.302498 0.750000 0.000000 0.000000 -3.106918 516.594971
50.046085 -35.314095 0.750000 0.000000 0.000000 -3.103542 516.742981
49.844975 -35.321762 0.750000 0.000000 0.000000 -3.103381 516.843018
49.635670 -35.329750 0.750000 0.000000 0.000000 -3.103399 516.947021
49.419498 -35.325268 0.750000 0.000000 -0.000000 3.102200 517.057007
49.216278 -35.320087 0.750000 0.000000 -0.000000 3.137433 517.158020
49.006924 -35.322388 0.750000 0.000000 0.000000 -3.128144 517.262024
48.805363 -35.327248 0.750000 0.000000 0.000000 -3.096921 517.362000
48.593819 -35.340607 0.750000 0.000000 0.000000 -3.076144 517.466980
48.389389 -35.356728 0.750000 0.000000 0.000000 -3.040021 517.568970
48.184837 -35.383183 0.750000 0.000000 0.000000 -2.989628 517.672974
47.978683 -35.420334 0.750000 0.000000 0.000000 -2.939591 517.776978
47.781662 -35.461994 0.750000 0.000000 0.000000 -2.933642 517.877014
47.582638 -35.503918 0.750000 0.000000 0.000000 -2.933939 517.978027
47.385723 -35.545414 0.750000 0.000000 0.000000 -2.933903 518.078003
47.182442 -35.584049 0.750000 0.000000 0.000000 -3.012447 518.182983
46.981606 -35.604527 0.750000 0.000000 0.000000 -3.039550 518.288025
46.781410 -35.625221 0.750000 0.000000 0.000000 -3.038507 518.388000
46.581215 -35.645935 0.750000 0.000000 0.000000 -3.038537 518.487976
46.374855 -35.667286 0.750000 0.000000 0.000000 -3.038539 518.591003
46.170685 -35.688412 0.750000 0.000000 0.000000 -3.038545 518.692993
45.968231 -35.709358 0.750000 0.000000 0.000000 -3.038550 518.794006
45.734310 -35.715252 0.750000 0.000000 -0.000000 3.070275 518.919983
45.522308 -35.676193 0.750000 0.000000 -0.000000 2.848793 519.060974
45.393459 -35.623997 0.750000 0.000000 -0.000000 2.666580 519.177002
45.303993 -35.567406 0.750000 0.000000 -0.000000 2.487509 519.291016
45.247429 -35.515034 0.750000 0.000000 -0.000000 2.298227 519.416016
45.223633 -35.482807 0.750000 0.000000 -0.000000 2.079886 519.554993
45.222466 -35.480568 0.750000 0.000000 -0.000000 1.892961 519.674011
45.222466 -35.480568 0.750000 0.000000 -0.000000 1.712319 519.789001
45.222534 -35.478069 0.750000 0.000000 -0.000000 1.537761 519.934021
45.246807 -35.278484 0.750000 0.000000 -0.000000 1.397958 520.293030
45.288498 -35.076588 0.750000 0.000000 -0.000000 1.367844 520.460022
45.332397 -34.875671 0.750000 0.000000 -0.000000 1.322149 520.588013
45.391815 -34.682720 0.750000 0.000000 -0.000000 1.249788 520.700012
45.461342 -34.490395 0.750000 0.000000 -0.000000 1.200465 520.802002
45.545952 -34.303421 0.750000 0.000000 -0.000000 1.093516 520.911987
45.648502 -34.131168 0.750000 0.000000 -0.000000 0.974678 521.039978
45.791019 -33.954281 0.750000 0.000000 -0.000000 0.820228 521.229980
45.935268 -33.809586 0.750000 0.000000 -0.000000 0.756950 521.380005
46.086235 -33.675117 0.750000 0.000000 -0.000000 0.702342 521.499023
46.248653 -33.544933 0.750000 0.000000 -0.000000 0.652098 521.604980
46.444553 -33.404484 0.750000 0.000000 -0.000000 0.594344 521.724976
46.614231 -33.296062 0.750000 0.000000 -0.000000 0.545771 521.825012
46.796837 -33.192959 0.750000 0.000000 -0.000000 0.473935 521.929993
47.043350 -33.074078 0.750000 0.000000 -0.000000 0.441352 522.065979
47.232861 -32.984528 0.750000 0.000000 -0.000000 0.441455 522.169983
47.438648 -32.887287 0.750000 0.000000 -0.000000 0.441454 522.283020
47.620609 -32.801304 0.750000 0.000000 -0.000000 0.441456 522.382996
47.811062 -32.714718 0.750000 0.000000 -0.000000 0.403345 522.487000
47.997040 -32.638027 0.750000 0.000000 -0.000000 0.390723 522.586975
48.183449 -32.546295 0.750000 0.000000 -0.000000 0.540343 522.697021
48.332142 -32.436668 0.750000 0.000000 -0.000000 0.720984 522.812012
48.436970 -32.326149 0.750000 0.000000 -0.000000 0.901626 522.927002
48.509922 -32.210453 0.750000 0.000000 -0.000000 1.115254 523.062988
48.566597 -32.082851 0.750000 0.000000 -0.000000 1.302179 523.367981
48.566914 -32.081615 0.750000 0.000000 -0.000000 1.479679 523.481018
48.566914 -32.081615 0.750000 0.000000 -0.000000 1.660321 523.596008
48.566914 -32.081615 0.750000 0.000000 -0.000000 1.836250 523.708008
48.566914 -32.081615 0.750000 0.000000 -0.000000 2.026316 523.828979
48.566914 -32.081615 0.750000 0.000000 -0.000000 2.222666 523.953979
48.566914 -32.081615 0.750000 0.000000 -0.000000 2.399359 524.088989
48.566914 -32.081615 0.750000 0.000000 -0.000000 2.574692 524.268982
48.557934 -32.077122 0.750000 0.000000 -0.000000 2.756046 524.679016
48.406445 -32.037560 0.750000 0.000000 -0.000000 2.949798 525.065979
48.204704 -32.007038 0.750000 0.000000 -0.000000 3.028074 525.258972
47.997421 -31.990242 0.750000 0.000000 -0.000000 3.089671 525.400024
47.709671 -31.975607 0.750000 0.000000 -0.000000 3.090450 525.556030
47.502571 -31.966614 0.750000 0.000000 -0.000000 3.117209 525.658997
47.271168 -31.965248 0.750000 0.000000 0.000000 -3.121042 525.773987
47.066059 -31.972649 0.750000 0.000000 0.000000 -3.104743 525.875977
46.864899 -31.979916 0.750000 0.000000 0.000000 -3.105556 525.976013
46.658142 -31.987370 0.750000 0.000000 0.000000 -3.105540 526.078979
46.457104 -31.994617 0.750000 0.000000 0.000000 -3.105538 526.179016
46.250118 -32.002079 0.750000 0.000000 0.000000 -3.105536 526.281982
46.045158 -32.009487 0.750000 0.000000 0.000000 -3.105537 526.383972
45.844421 -32.020050 0.750000 0.000000 0.000000 -3.066194 526.484009
45.642540 -32.040627 0.750000 0.000000 0.000000 -3.017151 526.585022
45.425190 -32.070900 0.750000 0.000000 0.000000 -3.002333 526.693970
45.225716 -32.098743 0.750000 0.000000 0.000000 -3.002951 526.794006
45.020546 -32.127373 0.750000 0.000000 0.000000 -3.002930 526.896973
44.821228 -32.155186 0.750000 0.000000 0.000000 -3.002930 526.997009
44.618248 -32.183502 0.750000 0.000000 0.000000 -3.002925 527.098999
44.418934 -32.211311 0.750000 0.000000 0.000000 -3.002922 527.198975
44.212090 -32.240173 0.750000 0.000000 0.000000 -3.002923 527.302979
44.005100 -32.269051 0.750000 0.000000 0.000000 -3.002918 527.406982
43.805908 -32.296841 0.750000 0.000000 0.000000 -3.002913 527.507019
43.606590 -32.324650 0.750000 0.000000 0.000000 -3.002910 527.606995
43.407272 -32.352459 0.750000 0.000000 0.000000 -3.002904 527.706970
43.203991 -32.380821 0.750000 0.000000 0.000000 -3.002895 527.809021
43.004425 -32.408669 0.750000 0.000000 0.000000 -3.002890 527.908997
42.805233 -32.436459 0.750000 0.000000 0.000000 -3.002881 528.008972
42.605915 -32.464268 0.750000 0.000000 0.000000 -3.002871 528.109009
42.375771 -32.500710 0.750000 0.000000 0.000000 -2.986270 528.224976
42.149242 -32.537060 0.750000 0.000000 0.000000 -2.980057 528.338989
41.950607 -32.569389 0.750000 0.000000 0.000000 -2.980280 528.439026
41.688335 -32.612064 0.750000 0.000000 0.000000 -2.980269 528.570984
41.473854 -32.646954 0.750000 0.000000 0.000000 -2.980264 528.679016
41.275242 -32.679268 0.750000 0.000000 0.000000 -2.980257 528.778992
41.074917 -32.714378 0.750000 0.000000 0.000000 -2.945601 528.880005
40.868450 -32.759251 0.750000 0.000000 0.000000 -2.924437 528.984985
40.662170 -32.804676 0.750000 0.000000 0.000000 -2.924917 529.090027
40.465435 -32.848007 0.750000 0.000000 0.000000 -2.924914 529.190002
40.260864 -32.893059 0.750000 0.000000 0.000000 -2.924923 529.294006
40.064598 -32.936279 0.750000 0.000000 0.000000 -2.924929 529.393982
39.867870 -32.979603 0.750000 0.000000 0.000000 -2.924938 529.494019
39.669521 -33.020832 0.750000 0.000000 0.000000 -2.914101 529.594971
39.464317 -33.071442 0.750000 0.000000 0.000000 -2.898980 529.700012
39.261410 -33.121613 0.750000 0.000000 0.000000 -2.899045 529.804016
39.065907 -33.169994 0.750000 0.000000 0.000000 -2.899043 529.903992
38.864944 -33.219711 0.750000 0.000000 0.000000 -2.899040 530.007019
38.665752 -33.268990 0.750000 0.000000 0.000000 -2.899036 530.109009
38.448387 -33.322765 0.750000 0.000000 0.000000 -2.899039 530.219971
38.219997 -33.379280 0.750000 0.000000 0.000000 -2.899034 530.336975
38.009197 -33.431446 0.750000 0.000000 0.000000 -2.899040 530.445007
37.764618 -33.491947 0.750000 0.000000 0.000000 -2.899037 530.570007
37.555187 -33.540646 0.750000 0.000000 0.000000 -2.935671 530.677002
37.357841 -33.575825 0.750000 0.000000 0.000000 -3.011382 530.776978
37.149864 -33.591137 0.750000 0.000000 0.000000 -3.077296 530.885010
36.937012 -33.605328 0.750000 0.000000 0.000000 -3.075019 530.991028
36.736450 -33.618664 0.750000 0.000000 0.000000 -3.075099 531.091003
36.533772 -33.632141 0.750000 0.000000 0.000000 -3.075086 531.192017
36.332939 -33.645504 0.750000 0.000000 0.000000 -3.075079 531.291992
36.132248 -33.658852 0.750000 0.000000 0.000000 -3.075072 531.392029
35.931553 -33.669598 0.750000 0.000000 0.000000 -3.110882 531.492004
35.730518 -33.674698 0.750000 0.000000 0.000000 -3.116369 531.591980
35.529552 -33.679764 0.750000 0.000000 0.000000 -3.116367 531.692017
35.328117 -33.684845 0.750000 0.000000 0.000000 -3.116369 531.791992
35.121136 -33.690067 0.750000 0.000000 0.000000 -3.116370 531.895020
34.916019 -33.695240 0.750000 0.000000 0.000000 -3.116369 531.997009
34.712708 -33.700367 0.750000 0.000000 0.000000 -3.116369 532.098022
34.503452 -33.705647 0.750000 0.000000 0.000000 -3.116372 532.202026
34.299965 -33.707165 0.750000 0.000000 -0.000000 3.123422 532.302979
34.088245 -33.702343 0.750000 0.000000 -0.000000 3.119543 532.408020
33.840588 -33.696915 0.750000 0.000000 -0.000000 3.119617 532.531006
33.635670 -33.692402 0.750000 0.000000 -0.000000 3.119626 532.632996
33.434570 -33.687977 0.750000 0.000000 -0.000000 3.119628 532.732971
33.223095 -33.683331 0.750000 0.000000 -0.000000 3.119630 532.838013
33.021870 -33.678905 0.750000 0.000000 -0.000000 3.119633 532.937988
32.820518 -33.674480 0.750000 0.000000 -0.000000 3.119636 533.038025
32.617249 -33.670006 0.750000 0.000000 -0.000000 3.119640 533.138977
32.414024 -33.665539 0.750000 0.000000 -0.000000 3.119645 533.239990
32.204353 -33.657974 0.750000 0.000000 -0.000000 3.084964 533.344971
32.001053 -33.648567 0.750000 0.000000 -0.000000 3.102688 533.445984
31.791868 -33.640289 0.750000 0.000000 -0.000000 3.101671 533.549988
31.590729 -33.632263 0.750000 0.000000 -0.000000 3.101777 533.650024
31.389662 -33.624256 0.750000 0.000000 -0.000000 3.101768 533.750000
31.188768 -33.616257 0.750000 0.000000 -0.000000 3.101770 533.849976
30.981709 -33.608006 0.750000 0.000000 -0.000000 3.101768 533.953003
30.780493 -33.599987 0.750000 0.000000 -0.000000 3.101768 534.052979
30.529314 -33.589985 0.750000 0.000000 -0.000000 3.101765 534.177979
30.323803 -33.581791 0.750000 0.000000 -0.000000 3.101763 534.280029
30.122786 -33.573784 0.750000 0.000000 -0.000000 3.101765 534.380005
29.921621 -33.565762 0.750000 0.000000 -0.000000 3.101765 534.479980
29.718510 -33.557663 0.750000 0.000000 -0.000000 3.101766 534.580994
29.510290 -33.544239 0.750000 0.000000 -0.000000 3.075826 534.684998
29.305138 -33.531887 0.750000 0.000000 -0.000000 3.081347 534.786987
29.104008 -33.519676 0.750000 0.000000 -0.000000 3.080924 534.887024
28.903275 -33.507477 0.750000 0.000000 -0.000000 3.080966 534.987000
28.695982 -33.494888 0.750000 0.000000 -0.000000 3.080963 535.091980
28.483768 -33.482002 0.750000 0.000000 -0.000000 3.080966 535.210999
28.277287 -33.470207 0.750000 0.000000 -0.000000 3.118680 535.353027
28.137037 -33.479649 0.750000 0.000000 0.000000 -2.989264 535.478027
28.019646 -33.508987 0.750000 0.000000 0.000000 -2.810132 535.632996
27.887936 -33.568977 0.750000 0.000000 0.000000 -2.621536 535.867981
27.719997 -33.684910 0.750000 0.000000 0.000000 -2.466955 536.263000
27.567244 -33.818153 0.750000 0.000000 0.000000 -2.389960 536.442017
27.420938 -33.964161 0.750000 0.000000 0.000000 -2.328533 536.577026
27.282269 -34.115608 0.750000 0.000000 0.000000 -2.310704 536.689026
27.142681 -34.268055 0.750000 0.000000 0.000000 -2.312314 536.791992
27.001127 -34.422634 0.750000 0.000000 0.000000 -2.312213 536.895996
26.865294 -34.570938 0.750000 0.000000 0.000000 -2.312216 536.995972
26.727991 -34.720886 0.750000 0.000000 0.000000 -2.312214 537.096985
26.591805 -34.869617 0.750000 0.000000 0.000000 -2.312216 537.197021
26.456089 -35.017818 0.750000 0.000000 0.000000 -2.312215 537.296997
26.318598 -35.164932 0.750000 0.000000 0.000000 -2.298328 537.398010
26.180910 -35.322899 0.750000 0.000000 0.000000 -2.289196 537.502014
26.048485 -35.474140 0.750000 0.000000 0.000000 -2.289897 537.601990
25.915977 -35.625500 0.750000 0.000000 0.000000 -2.289859 537.702026
25.777819 -35.783314 0.750000 0.000000 0.000000 -2.289859 537.806030
25.642809 -35.943085 0.750000 0.000000 0.000000 -2.245780 537.909973
25.521042 -36.103607 0.750000 0.000000 0.000000 -2.197684 538.010010
25.404322 -36.267555 0.750000 0.000000 0.000000 -2.191062 538.109985
25.287224 -36.431229 0.750000 0.000000 0.000000 -2.191671 538.210022
25.170078 -36.595020 0.750000 0.000000 0.000000 -2.191613 538.309998
25.053078 -36.758606 0.750000 0.000000 0.000000 -2.191609 538.409973
24.936077 -36.922192 0.750000 0.000000 0.000000 -2.191602 538.510010
24.811861 -37.084324 0.750000 0.000000 0.000000 -2.293701 538.614990
24.661152 -37.255493 0.750000 0.000000 0.000000 -2.251601 538.739990
24.511303 -37.453510 0.750000 0.000000 0.000000 -2.192270 538.866028
24.380192 -37.643883 0.750000 0.000000 0.000000 -2.170077 538.981018
24.265457 -37.811878 0.750000 0.000000 0.000000 -2.170082 539.081970
24.138351 -37.997967 0.750000 0.000000 0.000000 -2.170090 539.193970
24.021532 -38.169025 0.750000 0.000000 0.000000 -2.170098 539.296997
23.907515 -38.342247 0.750000 0.000000 0.000000 -2.129228 539.400024
23.801395 -38.522682 0.750000 0.000000 0.000000 -2.078409 539.504028
23.705166 -38.699261 0.750000 0.000000 0.000000 -2.071046 539.604004
23.604553 -38.883068 0.750000 0.000000 0.000000 -2.071504 539.708008
23.507946 -39.059612 0.750000 0.000000 0.000000 -2.071472 539.807983
23.414026 -39.236450 0.750000 0.000000 0.000000 -2.071345 539.908020
23.314766 -39.416546 0.750000 0.000000 0.000000 -2.044327 540.012024
23.204203 -39.651268 0.750000 0.000000 0.000000 -1.981372 540.140991
23.119749 -39.842888 0.750000 0.000000 0.000000 -1.989808 540.244995
23.036863 -40.029037 0.750000 0.000000 0.000000 -1.989661 540.346008
22.953403 -40.218407 0.750000 0.000000 0.000000 -1.969836 540.455994
22.878870 -40.408154 0.750000 0.000000 0.000000 -1.938252 540.583984
22.785694 -40.612709 0.750000 0.000000 0.000000 -2.081599 540.770996
22.675629 -40.784573 0.750000 0.000000 0.000000 -2.177319 540.952026
22.554640 -40.947666 0.750000 0.000000 0.000000 -2.236977 541.085999
22.426558 -41.101822 0.750000 0.000000 0.000000 -2.288100 541.195984
22.282763 -41.252537 0.750000 0.000000 0.000000 -2.360092 541.301025
22.130213 -41.396107 0.750000 0.000000 0.000000 -2.410078 541.405029
21.977953 -41.530670 0.750000 0.000000 0.000000 -2.416342 541.505981
21.827375 -41.664185 0.750000 0.000000 0.000000 -2.416220 541.606018
21.676903 -41.797600 0.750000 0.000000 0.000000 -2.416227 541.705994
21.526335 -41.931095 0.750000 0.000000 0.000000 -2.416227 541.806030
21.373049 -42.061352 0.750000 0.000000 0.000000 -2.460457 541.906006
21.154598 -42.226757 0.750000 0.000000 0.000000 -2.514872 542.041992
20.961039 -42.367882 0.750000 0.000000 0.000000 -2.510356 542.161011
20.797321 -42.487537 0.750000 0.000000 0.000000 -2.510582 542.262024
20.628149 -42.611164 0.750000 0.000000 0.000000 -2.510588 542.366028
20.457685 -42.735733 0.750000 0.000000 0.000000 -2.510596 542.471008
20.286858 -42.860565 0.750000 0.000000 0.000000 -2.510601 542.575989
20.110212 -42.984413 0.750000 0.000000 0.000000 -2.532599 542.684021
19.945240 -43.099976 0.750000 0.000000 0.000000 -2.530375 542.783997
19.780310 -43.215519 0.750000 0.000000 0.000000 -2.530438 542.883972
19.615507 -43.330978 0.750000 0.000000 0.000000 -2.530432 542.984009
19.450996 -43.446236 0.750000 0.000000 0.000000 -2.530431 543.083984
19.285994 -43.561840 0.750000 0.000000 0.000000 -2.530429 543.184021
19.120955 -43.677471 0.750000 0.000000 0.000000 -2.530427 543.283997
18.953270 -43.791904 0.750000 0.000000 0.000000 -2.565359 543.385010
18.777925 -43.902107 0.750000 0.000000 0.000000 -2.580921 543.487976
18.602684 -44.012478 0.750000 0.000000 0.000000 -2.579596 543.591003
18.430641 -44.120800 0.750000 0.000000 0.000000 -2.579746 543.692017
18.253517 -44.232315 0.750000 0.000000 0.000000 -2.579745 543.796021
18.083162 -44.339565 0.750000 0.000000 0.000000 -2.579749 543.895996
17.902971 -44.446362 0.750000 0.000000 0.000000 -2.668602 544.002014
17.717630 -44.537487 0.750000 0.000000 0.000000 -2.680708 544.107971
17.530519 -44.630600 0.750000 0.000000 0.000000 -2.680037 544.211975
17.350220 -44.720264 0.750000 0.000000 0.000000 -2.680062 544.312012
17.170033 -44.809872 0.750000 0.000000 0.000000 -2.680055 544.411987
16.989733 -44.899536 0.750000 0.000000 0.000000 -2.680050 544.512024
16.809967 -44.988934 0.750000 0.000000 0.000000 -2.680044 544.612000
16.632082 -45.092892 0.750000 0.000000 0.000000 -2.536313 544.724976
16.433964 -45.238621 0.750000 0.000000 0.000000 -2.481161 544.854980
16.277031 -45.367241 0.750000 0.000000 0.000000 -2.431941 544.955994
16.127815 -45.502174 0.750000 0.000000 0.000000 -2.383411 545.056030
15.983109 -45.645103 0.750000 0.000000 0.000000 -2.355354 545.156982
15.833799 -45.790352 0.750000 0.000000 0.000000 -2.417625 545.262024
15.658853 -45.926838 0.750000 0.000000 0.000000 -2.471126 545.382019
15.504351 -46.060692 0.750000 0.000000 0.000000 -2.379747 545.487000
15.359552 -46.205944 0.750000 0.000000 0.000000 -2.354215 545.596985
15.217692 -46.354488 0.750000 0.000000 0.000000 -2.309035 545.698975
15.079552 -46.509220 0.750000 0.000000 0.000000 -2.300861 545.802002
14.943484 -46.668949 0.750000 0.000000 0.000000 -2.251704 545.906006
14.818276 -46.826664 0.750000 0.000000 0.000000 -2.242917 546.005981
14.692689 -46.984249 0.750000 0.000000 0.000000 -2.243529 546.106018
14.566985 -47.142040 0.750000 0.000000 0.000000 -2.243455 546.205994
14.441831 -47.299137 0.750000 0.000000 0.000000 -2.243461 546.306030
14.316285 -47.456730 0.750000 0.000000 0.000000 -2.243457 546.406006
14.190896 -47.614124 0.750000 0.000000 0.000000 -2.243454 546.505981
14.064460 -47.771927 0.750000 0.000000 0.000000 -2.270155 546.606995
13.927824 -47.927250 0.750000 0.000000 0.000000 -2.291601 546.711975
13.790993 -48.083076 0.750000 0.000000 0.000000 -2.291671 546.815002
13.657073 -48.235470 0.750000 0.000000 0.000000 -2.291731 546.916016
13.524236 -48.386646 0.750000 0.000000 0.000000 -2.291729 547.015991
13.391557 -48.537632 0.750000 0.000000 0.000000 -2.291728 547.116028
13.257645 -48.690025 0.750000 0.000000 0.000000 -2.291728 547.216980
13.123600 -48.842571 0.750000 0.000000 0.000000 -2.291727 547.317993
12.985166 -49.000122 0.750000 0.000000 0.000000 -2.291728 547.421997
12.837937 -49.167675 0.750000 0.000000 0.000000 -2.291729 547.533020
12.705281 -49.318642 0.750000 0.000000 0.000000 -2.291729 547.632996
12.564353 -49.479019 0.750000 0.000000 0.000000 -2.291730 547.739014
12.406346 -49.658836 0.750000 0.000000 0.000000 -2.291729 547.857971
12.273815 -49.809654 0.750000 0.000000 0.000000 -2.291731 547.958008
12.125547 -49.954018 0.750000 0.000000 0.000000 -2.401706 548.067993
11.977895 -50.090729 0.750000 0.000000 0.000000 -2.393075 548.169006
11.827412 -50.230381 0.750000 0.000000 0.000000 -2.393615 548.270996
11.676898 -50.370022 0.750000 0.000000 0.000000 -2.393579 548.372986
11.529408 -50.506866 0.750000 0.000000 0.000000 -2.393576 548.473022
11.381884 -50.643742 0.750000 0.000000 0.000000 -2.393573 548.572998
11.227121 -50.787334 0.750000 0.000000 0.000000 -2.393570 548.677979
11.079585 -50.924225 0.750000 0.000000 0.000000 -2.393568 548.778015
10.930528 -51.062527 0.750000 0.000000 0.000000 -2.393565 548.879028
10.777018 -51.204956 0.750000 0.000000 0.000000 -2.393561 548.982971
10.629501 -51.341831 0.750000 0.000000 0.000000 -2.393555 549.083008
10.480135 -51.480419 0.750000 0.000000 0.000000 -2.393549 549.184021
10.326314 -51.620937 0.750000 0.000000 0.000000 -2.440669 549.288025
10.163971 -51.745560 0.750000 0.000000 0.000000 -2.489947 549.393005
10.004249 -51.867954 0.750000 0.000000 0.000000 -2.487752 549.492981
9.839846 -51.993885 0.750000 0.000000 0.000000 -2.487914 549.596008
9.678423 -52.120705 0.750000 0.000000 0.000000 -2.451936 549.697998
9.524975 -52.249756 0.750000 0.000000 0.000000 -2.443191 549.797974
9.364594 -52.384159 0.750000 0.000000 0.000000 -2.444077 549.901978
9.207323 -52.519413 0.750000 0.000000 0.000000 -2.407135 550.005005
9.011220 -52.672554 0.750000 0.000000 0.000000 -2.575208 550.137024
8.832730 -52.773548 0.750000 0.000000 0.000000 -2.665746 550.263977
8.644915 -52.861416 0.750000 0.000000 0.000000 -2.754636 550.387024
8.441108 -52.928684 0.750000 0.000000 0.000000 -2.880131 550.539001
8.246086 -52.974228 0.750000 0.000000 0.000000 -2.940106 550.671997
8.044036 -53.004433 0.750000 0.000000 0.000000 -3.025542 550.791992
7.840983 -53.026512 0.750000 0.000000 0.000000 -3.032873 550.896973
7.641078 -53.048401 0.750000 0.000000 0.000000 -3.032557 550.997009
7.439082 -53.070503 0.750000 0.000000 0.000000 -3.032570 551.098022
7.230779 -53.089336 0.750000 0.000000 0.000000 -3.076402 551.202026
7.027699 -53.097137 0.750000 0.000000 0.000000 -3.126055 551.302979
6.826206 -53.098637 0.750000 0.000000 0.000000 -3.133386 551.403015
6.624912 -53.100315 0.750000 0.000000 0.000000 -3.133331 551.502991
6.423668 -53.101986 0.750000 0.000000 0.000000 -3.133341 551.603027
6.222549 -53.103661 0.750000 0.000000 0.000000 -3.133346 551.703003
6.020805 -53.105339 0.750000 0.000000 0.000000 -3.133351 551.802979
5.819436 -53.107018 0.750000 0.000000 0.000000 -3.133359 551.903015
5.618191 -53.108696 0.750000 0.000000 0.000000 -3.133370 552.002991
5.417846 -53.105080 0.750000 0.000000 -0.000000 3.102771 552.103027
5.217175 -53.092266 0.750000 0.000000 -0.000000 3.055125 552.203003
5.011460 -53.068981 0.750000 0.000000 -0.000000 3.005305 552.306030
4.805012 -53.035122 0.750000 0.000000 -0.000000 2.955103 552.409973
4.520448 -52.971405 0.750000 0.000000 -0.000000 2.903144 552.554993
4.324948 -52.924389 0.750000 0.000000 -0.000000 2.906416 552.655029
4.129490 -52.877518 0.750000 0.000000 -0.000000 2.906160 552.755005
3.933767 -52.830582 0.750000 0.000000 -0.000000 2.906173 552.854980
3.730070 -52.781738 0.750000 0.000000 -0.000000 2.906168 552.958984
3.528829 -52.733475 0.750000 0.000000 -0.000000 2.906163 553.062012
3.333203 -52.686565 0.750000 0.000000 -0.000000 2.906157 553.161987
3.137480 -52.639610 0.750000 0.000000 -0.000000 2.906151 553.262024
2.941879 -52.592690 0.750000 0.000000 -0.000000 2.906156 553.362000
2.746180 -52.545742 0.750000 0.000000 -0.000000 2.906153 553.461975
2.544672 -52.497414 0.750000 0.000000 -0.000000 2.906158 553.565002
2.348730 -52.450420 0.750000 0.000000 -0.000000 2.906152 553.664978
2.113283 -52.393951 0.750000 0.000000 -0.000000 2.906154 553.784973
1.913938 -52.346111 0.750000 0.000000 -0.000000 2.906151 553.887024
1.719359 -52.299431 0.750000 0.000000 -0.000000 2.906151 553.987000
1.520233 -52.255318 0.750000 0.000000 -0.000000 2.949686 554.096985
1.306667 -52.220592 0.750000 0.000000 -0.000000 3.006462 554.218018
1.037575 -52.193253 0.750000 0.000000 -0.000000 3.071485 554.353027
0.788051 -52.183559 0.750000 0.000000 -0.000000 3.131488 554.476990
0.586670 -52.186687 0.750000 0.000000 0.000000 -3.103238 554.577026
0.384107 -52.199688 0.750000 0.000000 0.000000 -3.054674 554.677979
0.176353 -52.223396 0.750000 0.000000 0.000000 -3.004297 554.781982
-0.032418 -52.250217 0.750000 0.000000 0.000000 -3.019869 554.887024
-0.237595 -52.278088 0.750000 0.000000 0.000000 -2.984504 554.989990
-0.439653 -52.315701 0.750000 0.000000 0.000000 -2.934152 555.091980
-0.637952 -52.360279 0.750000 0.000000 0.000000 -2.919419 555.192993
-0.840607 -52.405773 0.750000 0.000000 0.000000 -2.921205 555.296021
-1.037060 -52.449780 0.750000 0.000000 0.000000 -2.921152 555.395996
-1.233342 -52.493752 0.750000 0.000000 0.000000 -2.921157 555.495972
-1.429892 -52.537785 0.750000 0.000000 0.000000 -2.921150 555.596008
-1.625169 -52.585430 0.750000 0.000000 0.000000 -2.878912 555.695984
-1.819320 -52.639999 0.750000 0.000000 0.000000 -2.868881 555.796021
-2.015174 -52.694611 0.750000 0.000000 0.000000 -2.869652 555.896973
-2.208302 -52.748463 0.750000 0.000000 0.000000 -2.869592 555.997009
-2.401913 -52.802452 0.750000 0.000000 0.000000 -2.869594 556.096985
-2.603226 -52.852249 0.750000 0.000000 0.000000 -2.900012 556.200989
-2.797364 -52.905010 0.750000 0.000000 0.000000 -2.853104 556.301025
-2.994228 -52.965080 0.750000 0.000000 0.000000 -2.847311 556.403015
-3.191439 -53.028240 0.750000 0.000000 0.000000 -2.807602 556.505981
-3.381074 -53.095551 0.750000 0.000000 0.000000 -2.801522 556.606018
-3.574952 -53.164124 0.750000 0.000000 0.000000 -2.801476 556.708008
-3.774286 -53.234688 0.750000 0.000000 0.000000 -2.801458 556.812988
-3.962239 -53.306290 0.750000 0.000000 0.000000 -2.754526 556.913025
-4.251492 -53.383854 0.750000 0.000000 0.000000 -2.981658 557.080994
-4.429999 -53.398300 0.750000 0.000000 -0.000000 3.126291 557.208984
-4.558344 -53.384605 0.750000 0.000000 -0.000000 2.947220 557.325012
-4.773997 -53.316898 0.750000 0.000000 -0.000000 2.703998 557.585022
-4.910127 -53.232471 0.750000 0.000000 -0.000000 2.529281 557.814026
-5.078700 -53.092731 0.750000 0.000000 -0.000000 2.411441 558.051025
-5.228526 -52.955898 0.750000 0.000000 -0.000000 2.375318 558.200989
-5.393702 -52.794807 0.750000 0.000000 -0.000000 2.369513 558.335999
-5.546922 -52.645592 0.750000 0.000000 -0.000000 2.369370 558.443970
-5.712420 -52.484394 0.750000 0.000000 -0.000000 2.369375 558.559021
-5.860975 -52.339703 0.750000 0.000000 -0.000000 2.369376 558.661987
-6.026866 -52.178127 0.750000 0.000000 -0.000000 2.369376 558.776978
-6.170999 -52.037743 0.750000 0.000000 -0.000000 2.369377 558.877014
-6.311594 -51.894428 0.750000 0.000000 -0.000000 2.337961 558.976990
-6.452824 -51.747948 0.750000 0.000000 -0.000000 2.337962 559.078003
-6.605004 -51.590111 0.750000 0.000000 -0.000000 2.337964 559.187012
-6.773894 -51.414940 0.750000 0.000000 -0.000000 2.337966 559.307983
-6.915057 -51.268524 0.750000 0.000000 -0.000000 2.337969 559.408997
-7.056967 -51.114643 0.750000 0.000000 -0.000000 2.292050 559.513000
-7.185855 -50.959976 0.750000 0.000000 -0.000000 2.244314 559.612976
-7.311792 -50.800591 0.750000 0.000000 -0.000000 2.239414 559.713989
-7.436469 -50.642765 0.750000 0.000000 -0.000000 2.239415 559.814026
-7.561301 -50.484741 0.750000 0.000000 -0.000000 2.239418 559.914001
-7.689760 -50.322128 0.750000 0.000000 -0.000000 2.239421 560.017029
-7.818172 -50.159580 0.750000 0.000000 -0.000000 2.239422 560.119995
-7.956876 -49.983994 0.750000 0.000000 -0.000000 2.239426 560.231018
-8.070935 -49.819386 0.750000 0.000000 -0.000000 2.105909 560.335999
-8.185289 -49.629341 0.750000 0.000000 -0.000000 2.118803 560.447998
-8.337358 -49.379913 0.750000 0.000000 -0.000000 2.118135 560.593018
-8.445149 -49.203072 0.750000 0.000000 -0.000000 2.118154 560.695984
-8.552134 -49.027557 0.750000 0.000000 -0.000000 2.118148 560.797974
-8.660314 -48.850079 0.750000 0.000000 -0.000000 2.118144 560.901001
-8.764851 -48.678570 0.750000 0.000000 -0.000000 2.118140 561.000977
-8.869440 -48.506969 0.750000 0.000000 -0.000000 2.118140 561.101013
-8.974094 -48.335270 0.750000 0.000000 -0.000000 2.118134 561.200989
-9.079803 -48.161846 0.750000 0.000000 -0.000000 2.118128 561.302002
-9.189662 -47.981613 0.750000 0.000000 -0.000000 2.118121 561.406982
-9.298477 -47.803059 0.750000 0.000000 -0.000000 2.118118 561.510986
-9.410442 -47.584900 0.750000 0.000000 -0.000000 1.957582 561.642029
-9.496305 -47.395489 0.750000 0.000000 -0.000000 2.030998 561.757019
-9.592373 -47.211124 0.750000 0.000000 -0.000000 2.057878 561.862000
-9.691714 -47.024639 0.750000 0.000000 -0.000000 2.075318 561.966980
-9.803591 -46.833321 0.750000 0.000000 -0.000000 2.107266 562.077026
-9.913175 -46.648342 0.750000 0.000000 -0.000000 2.105322 562.184021
-10.017749 -46.471714 0.750000 0.000000 -0.000000 2.105405 562.286011
-10.128670 -46.279736 0.750000 0.000000 -0.000000 2.071836 562.395996
-10.223278 -46.102192 0.750000 0.000000 -0.000000 2.059701 562.495972
-10.321734 -45.917286 0.750000 0.000000 -0.000000 2.060149 562.599976
-10.420296 -45.732178 0.750000 0.000000 -0.000000 2.060104 562.703979
-10.516789 -45.550961 0.750000 0.000000 -0.000000 2.060109 562.806030
-10.611605 -45.372890 0.750000 0.000000 -0.000000 2.060111 562.906006
-10.706477 -45.185833 0.750000 0.000000 -0.000000 2.042564 563.010986
-10.799599 -45.005142 0.750000 0.000000 -0.000000 2.046242 563.112000
-10.892699 -44.824219 0.750000 0.000000 -0.000000 2.046110 563.213013
-10.988428 -44.638229 0.750000 0.000000 -0.000000 2.046131 563.317017
-11.080429 -44.459488 0.750000 0.000000 -0.000000 2.046129 563.416992
-11.207599 -44.212414 0.750000 0.000000 -0.000000 2.046128 563.554993
-11.301555 -44.029865 0.750000 0.000000 -0.000000 2.046128 563.656982
-11.393635 -43.850960 0.750000 0.000000 -0.000000 2.046128 563.757019
-11.499492 -43.645294 0.750000 0.000000 -0.000000 2.046128 563.872009
-11.591594 -43.466347 0.750000 0.000000 -0.000000 2.046128 563.971985
-11.703089 -43.249722 0.750000 0.000000 -0.000000 2.046128 564.093018
-11.798897 -43.063576 0.750000 0.000000 -0.000000 2.046128 564.197021
-11.882512 -42.879345 0.750000 0.000000 -0.000000 1.920465 564.302002
-11.949404 -42.678623 0.750000 0.000000 -0.000000 1.896827 564.414001
-12.065008 -42.338890 0.750000 0.000000 -0.000000 1.898250 564.591980
-12.136257 -42.129173 0.750000 0.000000 -0.000000 1.898319 564.702026
-12.200912 -41.938866 0.750000 0.000000 -0.000000 1.898319 564.802002
-12.268945 -41.738617 0.750000 0.000000 -0.000000 1.898321 564.906982
-12.336218 -41.548698 0.750000 0.000000 -0.000000 1.933124 565.007019
-12.413852 -41.358994 0.750000 0.000000 -0.000000 1.982533 565.109009
-12.499866 -41.174999 0.750000 0.000000 -0.000000 2.031194 565.210022
-12.595970 -40.993328 0.750000 0.000000 -0.000000 2.080661 565.312012
-12.695560 -40.818764 0.750000 0.000000 -0.000000 2.089364 565.411987
-12.796356 -40.642071 0.750000 0.000000 -0.000000 2.089206 565.513000
-12.896614 -40.452847 0.750000 0.000000 -0.000000 1.988678 565.622009
-12.980107 -40.257915 0.750000 0.000000 -0.000000 2.015140 565.736023
-13.072331 -40.076813 0.750000 0.000000 -0.000000 2.061158 565.841003
-13.166714 -39.899349 0.750000 0.000000 -0.000000 2.058354 565.940979
-13.314982 -39.625126 0.750000 0.000000 -0.000000 2.091773 566.096008
-13.421196 -39.446777 0.750000 0.000000 -0.000000 2.110869 566.198975
-13.528631 -39.267387 0.750000 0.000000 -0.000000 2.110390 566.302979
-13.633053 -39.093040 0.750000 0.000000 -0.000000 2.110425 566.403992
-13.736357 -38.920559 0.750000 0.000000 -0.000000 2.110421 566.504028
-13.843836 -38.741108 0.750000 0.000000 -0.000000 2.110421 566.607971
-13.947139 -38.568623 0.750000 0.000000 -0.000000 2.110421 566.708008
-14.051636 -38.394146 0.750000 0.000000 -0.000000 2.110421 566.809021
-14.150269 -38.213543 0.750000 0.000000 -0.000000 2.075521 566.913025
-14.251647 -38.039661 0.750000 0.000000 -0.000000 2.121468 567.013000
-14.357434 -37.868320 0.750000 0.000000 -0.000000 2.123910 567.112976
-14.463078 -37.697212 0.750000 0.000000 -0.000000 2.123909 567.213013
-14.568671 -37.526176 0.750000 0.000000 -0.000000 2.123912 567.312988
-14.674238 -37.355190 0.750000 0.000000 -0.000000 2.123914 567.413025
-14.779857 -37.184113 0.750000 0.000000 -0.000000 2.123915 567.513000
-14.878578 -37.005608 0.750000 0.000000 -0.000000 2.026133 567.619995
-14.971037 -36.795727 0.750000 0.000000 -0.000000 1.959714 567.744995
-15.061017 -36.554104 0.750000 0.000000 -0.000000 1.897984 567.872986
-15.122489 -36.355721 0.750000 0.000000 -0.000000 1.848189 567.976013
-15.177867 -36.136719 0.750000 0.000000 -0.000000 1.793930 568.088013
-15.218614 -35.931610 0.750000 0.000000 -0.000000 1.723405 568.192993
-15.238603 -35.720142 0.750000 0.000000 -0.000000 1.661013 568.304993
-15.257681 -35.519791 0.750000 0.000000 -0.000000 1.666107 568.405029
-15.277416 -35.313320 0.750000 0.000000 -0.000000 1.666109 568.507996
-15.296578 -35.112827 0.750000 0.000000 -0.000000 1.666111 568.607971
-15.316328 -34.906216 0.750000 0.000000 -0.000000 1.666113 568.710999
-15.335649 -34.704079 0.750000 0.000000 -0.000000 1.666115 568.812012
-15.354788 -34.503853 0.750000 0.000000 -0.000000 1.666116 568.911987
-15.374140 -34.301392 0.750000 0.000000 -0.000000 1.666118 569.013000
-15.393259 -34.101391 0.750000 0.000000 -0.000000 1.666121 569.112976
-15.412439 -33.900826 0.750000 0.000000 -0.000000 1.666120 569.213013
-15.431606 -33.700336 0.750000 0.000000 -0.000000 1.666121 569.312988
-15.450803 -33.499592 0.750000 0.000000 -0.000000 1.666121 569.413025
-15.469975 -33.299103 0.750000 0.000000 -0.000000 1.666121 569.513000
-15.489111 -33.090763 0.750000 0.000000 -0.000000 1.634704 569.617004
-15.496063 -32.886108 0.750000 0.000000 -0.000000 1.607779 569.719971
-15.504090 -32.679260 0.750000 0.000000 -0.000000 1.609274 569.822998
-15.511797 -32.478394 0.750000 0.000000 -0.000000 1.609160 569.922974
-15.519512 -32.277283 0.750000 0.000000 -0.000000 1.609168 570.023010
-15.528551 -32.041729 0.750000 0.000000 -0.000000 1.609171 570.140015
-15.536266 -31.840647 0.750000 0.000000 -0.000000 1.609174 570.239990
-15.544518 -31.619600 0.750000 0.000000 -0.000000 1.593467 570.349976
-15.528421 -31.401861 0.750000 0.000000 -0.000000 1.404971 570.469971
-15.476798 -31.214092 0.750000 0.000000 -0.000000 1.200767 570.599976
-15.414894 -31.089975 0.750000 0.000000 -0.000000 1.018555 570.716003
-15.347261 -31.000734 0.750000 0.000000 -0.000000 0.822205 570.841003
-15.296499 -30.954802 0.750000 0.000000 -0.000000 0.641563 570.955994
-15.262612 -30.934162 0.750000 0.000000 -0.000000 0.418510 571.098022
-15.260301 -30.933207 0.750000 0.000000 -0.000000 0.241010 571.210999
-15.260301 -30.933207 0.750000 0.000000 -0.000000 0.058798 571.327026
-15.260301 -30.933207 0.750000 0.000000 0.000000 -0.142225 571.460999
-15.259252 -30.933529 0.750000 0.000000 0.000000 -0.327862 571.643982
-15.077435 -31.018629 0.750000 0.000000 0.000000 -0.437904 572.117004
-14.895445 -31.103842 0.750000 0.000000 0.000000 -0.437904 572.283020
-14.714354 -31.189859 0.750000 0.000000 0.000000 -0.419171 572.413025
-14.467444 -31.297052 0.750000 0.000000 0.000000 -0.399147 572.557007
-14.279961 -31.370430 0.750000 0.000000 0.000000 -0.357475 572.656982
-14.082355 -31.444771 0.750000 0.000000 0.000000 -0.361284 572.762024
-13.884016 -31.519503 0.750000 0.000000 0.000000 -0.353267 572.867004
-13.683667 -31.586803 0.750000 0.000000 0.000000 -0.308461 572.971985
-13.484431 -31.648668 0.750000 0.000000 0.000000 -0.257430 573.077026
-13.278318 -31.682331 0.750000 0.000000 0.000000 -0.068934 573.197021
-13.113960 -31.678886 0.750000 0.000000 -0.000000 0.106995 573.309021
-12.982757 -31.652660 0.750000 0.000000 -0.000000 0.286066 573.422974
-12.850335 -31.594305 0.750000 0.000000 -0.000000 0.544432 573.604004
-12.797203 -31.557316 0.750000 0.000000 -0.000000 0.720365 573.793030
-12.768532 -31.526785 0.750000 0.000000 -0.000000 0.937102 574.090027
-12.680656 -31.382124 0.750000 0.000000 -0.000000 1.118040 574.398010
-12.658062 -31.323223 0.750000 0.000000 -0.000000 1.298682 574.513000
-12.651381 -31.286812 0.750000 0.000000 -0.000000 1.496772 574.687988
-12.652040 -31.242132 0.750000 0.000000 -0.000000 1.672534 574.937988
-12.657704 -31.213465 0.750000 0.000000 -0.000000 1.854017 575.257996
-12.711934 -31.084555 0.750000 0.000000 -0.000000 2.029797 575.612976
-12.768644 -30.939182 0.750000 0.000000 -0.000000 1.853780 575.861023
-12.818356 -30.727875 0.750000 0.000000 -0.000000 1.760589 576.080994
-12.849839 -30.529182 0.750000 0.000000 -0.000000 1.698831 576.221008
-12.871526 -30.293146 0.750000 0.000000 -0.000000 1.622082 576.356018
-12.885407 -30.043806 0.750000 0.000000 -0.000000 1.629589 576.482971
-12.899309 -29.806543 0.750000 0.000000 -0.000000 1.629224 576.601013
-12.912368 -29.583382 0.750000 0.000000 -0.000000 1.629251 576.711975
-12.924817 -29.370676 0.750000 0.000000 -0.000000 1.629250 576.817993
-12.936942 -29.163486 0.750000 0.000000 -0.000000 1.629249 576.921021
-12.945468 -28.962154 0.750000 0.000000 -0.000000 1.590903 577.020996
-12.946793 -28.760885 0.750000 0.000000 -0.000000 1.575682 577.120972
-12.947809 -28.559538 0.750000 0.000000 -0.000000 1.575859 577.221008
-12.946267 -28.354162 0.750000 0.000000 -0.000000 1.539041 577.322998
-12.933773 -28.145203 0.750000 0.000000 -0.000000 1.487257 577.427002
-12.915461 -27.936527 0.750000 0.000000 -0.000000 1.483823 577.531006
-12.898020 -27.735920 0.750000 0.000000 -0.000000 1.484058 577.630981
-12.880601 -27.535656 0.750000 0.000000 -0.000000 1.484049 577.731018
-12.863178 -27.335299 0.750000 0.000000 -0.000000 1.484050 577.830994
-12.841444 -27.135323 0.750000 0.000000 -0.000000 1.438212 577.931030
-12.813168 -26.936121 0.750000 0.000000 -0.000000 1.431517 578.031006
-12.785386 -26.736794 0.750000 0.000000 -0.000000 1.432171 578.130981
-12.757249 -26.535248 0.750000 0.000000 -0.000000 1.432100 578.231995
-12.728897 -26.332165 0.750000 0.000000 -0.000000 1.432102 578.333984
-12.711462 -26.110046 0.750000 0.000000 -0.000000 1.570284 578.450989
-12.727687 -25.871735 0.750000 0.000000 -0.000000 1.707763 578.603027
-12.769004 -25.675856 0.750000 0.000000 -0.000000 1.841576 578.770996
-12.843254 -25.456093 0.750000 0.000000 -0.000000 1.957465 578.968994
-12.929102 -25.267504 0.750000 0.000000 -0.000000 2.030141 579.125977
-13.032427 -25.073963 0.750000 0.000000 -0.000000 2.088882 579.255981
-13.157104 -24.869118 0.750000 0.000000 -0.000000 2.131381 579.377991
-13.263739 -24.698385 0.750000 0.000000 -0.000000 2.128171 579.478027
-13.370641 -24.528412 0.750000 0.000000 -0.000000 2.146657 579.578003
-13.485051 -24.362417 0.750000 0.000000 -0.000000 2.192080 579.677979
-13.640981 -24.143131 0.750000 0.000000 -0.000000 2.187816 579.812012
-13.757478 -23.979000 0.750000 0.000000 -0.000000 2.188075 579.911987
-13.875104 -23.813284 0.750000 0.000000 -0.000000 2.188061 580.013000
-13.991644 -23.649096 0.750000 0.000000 -0.000000 2.188062 580.112976
-14.108637 -23.485970 0.750000 0.000000 -0.000000 2.177226 580.213013
-14.222144 -23.313337 0.750000 0.000000 -0.000000 2.175220 580.317993
-14.340957 -23.151363 0.750000 0.000000 -0.000000 2.226539 580.418030
-14.472051 -22.987345 0.750000 0.000000 -0.000000 2.247861 580.521973
-14.597747 -22.829855 0.750000 0.000000 -0.000000 2.244217 580.622009
-14.723045 -22.672939 0.750000 0.000000 -0.000000 2.244669 580.721985
-14.851354 -22.517626 0.750000 0.000000 -0.000000 2.283652 580.822021
-14.992217 -22.363260 0.750000 0.000000 -0.000000 2.334351 580.926025
-15.134997 -22.221458 0.750000 0.000000 -0.000000 2.382501 581.026001
-15.290419 -22.081568 0.750000 0.000000 -0.000000 2.432811 581.130005
-15.446476 -21.954523 0.750000 0.000000 -0.000000 2.481240 581.229980
-15.615371 -21.830481 0.750000 0.000000 -0.000000 2.531434 581.333984
-15.780769 -21.715960 0.750000 0.000000 -0.000000 2.533253 581.434021
-16.013716 -21.559153 0.750000 0.000000 -0.000000 2.543630 581.573975
-16.181013 -21.447519 0.750000 0.000000 -0.000000 2.566792 581.674011
-16.352343 -21.342348 0.750000 0.000000 -0.000000 2.604208 581.773987
-16.532188 -21.235146 0.750000 0.000000 -0.000000 2.615588 581.877991
-16.714331 -21.136320 0.750000 0.000000 -0.000000 2.668865 581.981018
-16.937910 -21.029062 0.750000 0.000000 -0.000000 2.702628 582.104980
-17.124411 -20.938543 0.750000 0.000000 -0.000000 2.667222 582.213989
-17.299007 -20.838364 0.750000 0.000000 -0.000000 2.573776 582.318970
-17.469463 -20.718788 0.750000 0.000000 -0.000000 2.504645 582.434021
-17.630798 -20.593443 0.750000 0.000000 -0.000000 2.457955 582.536011
-17.786249 -20.459949 0.750000 0.000000 -0.000000 2.408495 582.638000
-17.936291 -20.325268 0.750000 0.000000 -0.000000 2.411636 582.737976
-18.133854 -20.133362 0.750000 0.000000 -0.000000 2.341865 582.875000
-18.275972 -19.979828 0.750000 0.000000 -0.000000 2.305329 582.979004
-18.413830 -19.827356 0.750000 0.000000 -0.000000 2.306470 583.080994
-18.552729 -19.673874 0.750000 0.000000 -0.000000 2.306312 583.184021
-18.717495 -19.491816 0.750000 0.000000 -0.000000 2.306325 583.306030
-18.855402 -19.339434 0.750000 0.000000 -0.000000 2.306317 583.408020
-18.989105 -19.188730 0.750000 0.000000 -0.000000 2.276865 583.507996
-19.117197 -19.033510 0.750000 0.000000 -0.000000 2.258054 583.607971
-19.248938 -18.873425 0.750000 0.000000 -0.000000 2.259466 583.710999
-19.379385 -18.714895 0.750000 0.000000 -0.000000 2.259293 583.812988
-19.507254 -18.559500 0.750000 0.000000 -0.000000 2.259320 583.913025
-19.639286 -18.399046 0.750000 0.000000 -0.000000 2.259319 584.015991
-19.761576 -18.237698 0.750000 0.000000 -0.000000 2.215479 584.117981
-19.882946 -18.077101 0.750000 0.000000 -0.000000 2.218020 584.218018
-20.004322 -17.916481 0.750000 0.000000 -0.000000 2.217913 584.317993
-20.125515 -17.756102 0.750000 0.000000 -0.000000 2.217920 584.418030
-20.246796 -17.595604 0.750000 0.000000 -0.000000 2.217921 584.518005
-20.368351 -17.434746 0.750000 0.000000 -0.000000 2.217921 584.617981
-20.494411 -17.267923 0.750000 0.000000 -0.000000 2.217922 584.721985
-20.614212 -17.105768 0.750000 0.000000 -0.000000 2.186436 584.822021
-20.727623 -16.939981 0.750000 0.000000 -0.000000 2.168966 584.921997
-20.841225 -16.773710 0.750000 0.000000 -0.000000 2.170238 585.021973
-20.956898 -16.604383 0.750000 0.000000 -0.000000 2.170116 585.124023
-21.074936 -16.431587 0.750000 0.000000 -0.000000 2.170128 585.228027
-21.189548 -16.263659 0.750000 0.000000 -0.000000 2.162277 585.328979
-21.296679 -16.093948 0.750000 0.000000 -0.000000 2.136104 585.429016
-21.404814 -15.924309 0.750000 0.000000 -0.000000 2.137920 585.528992
-21.512781 -15.754736 0.750000 0.000000 -0.000000 2.137737 585.629028
-21.622158 -15.582948 0.750000 0.000000 -0.000000 2.137742 585.729980
-21.730083 -15.413440 0.750000 0.000000 -0.000000 2.137742 585.830017
-21.841309 -15.238742 0.750000 0.000000 -0.000000 2.137742 585.932983
-21.945738 -15.066586 0.750000 0.000000 -0.000000 2.091604 586.033020
-22.044733 -14.871647 0.750000 0.000000 -0.000000 1.987496 586.148010
-22.132315 -14.657327 0.750000 0.000000 -0.000000 1.933929 586.268005
-22.205212 -14.448245 0.750000 0.000000 -0.000000 1.880854 586.377991
-22.261780 -14.254947 0.750000 0.000000 -0.000000 1.832508 586.478027
-22.309387 -14.059525 0.750000 0.000000 -0.000000 1.799661 586.578003
-22.360029 -13.844251 0.750000 0.000000 -0.000000 1.802713 586.687988
-22.415520 -13.609109 0.750000 0.000000 -0.000000 1.802512 586.807983
-22.461660 -13.413557 0.750000 0.000000 -0.000000 1.802521 586.908020
-22.506025 -13.217371 0.750000 0.000000 -0.000000 1.772568 587.007996
-22.541861 -13.013619 0.750000 0.000000 -0.000000 1.721982 587.111023
-22.570688 -12.812147 0.750000 0.000000 -0.000000 1.712167 587.211975
-22.600426 -12.603228 0.750000 0.000000 -0.000000 1.712165 587.317017
-22.630438 -12.392353 0.750000 0.000000 -0.000000 1.712164 587.422974
-22.658840 -12.192814 0.750000 0.000000 -0.000000 1.712163 587.523010
-22.687202 -11.993572 0.750000 0.000000 -0.000000 1.712162 587.622986
-22.715582 -11.794207 0.750000 0.000000 -0.000000 1.712159 587.723022
-22.742414 -11.588614 0.750000 0.000000 -0.000000 1.678458 587.825989
-22.762835 -11.388402 0.750000 0.000000 -0.000000 1.673733 587.926025
-22.783533 -11.188375 0.750000 0.000000 -0.000000 1.673901 588.026001
-22.804268 -10.987998 0.750000 0.000000 -0.000000 1.673901 588.125977
-22.824944 -10.788194 0.750000 0.000000 -0.000000 1.673901 588.226013
-22.842915 -10.585757 0.750000 0.000000 -0.000000 1.636912 588.327026
-22.851162 -10.376966 0.750000 0.000000 -0.000000 1.586348 588.431030
-22.852608 -10.169019 0.750000 0.000000 -0.000000 1.578559 588.533997
-22.854277 -9.967784 0.750000 0.000000 -0.000000 1.578970 588.633972
-22.852022 -9.766691 0.750000 0.000000 -0.000000 1.535547 588.734009
-22.842571 -9.563914 0.750000 0.000000 -0.000000 1.525188 588.835022
-22.833454 -9.360723 0.750000 0.000000 -0.000000 1.526044 588.935974
-22.822104 -9.107207 0.750000 0.000000 -0.000000 1.526045 589.062012
-22.812151 -8.888638 0.750000 0.000000 -0.000000 1.515680 589.171021
-22.781458 -8.643550 0.750000 0.000000 -0.000000 1.379220 589.310974
-22.720552 -8.419033 0.750000 0.000000 -0.000000 1.245492 589.476990
-22.648911 -8.225471 0.750000 0.000000 -0.000000 1.189022 589.612000
-22.568043 -8.038808 0.750000 0.000000 -0.000000 1.138032 589.721985
-22.479002 -7.858071 0.750000 0.000000 -0.000000 1.090147 589.822021
-22.378658 -7.677328 0.750000 0.000000 -0.000000 1.040495 589.924988
-22.273722 -7.501080 0.750000 0.000000 -0.000000 1.034898 590.026978
-22.170988 -7.327852 0.750000 0.000000 -0.000000 1.035442 590.127014
-22.068556 -7.155173 0.750000 0.000000 -0.000000 1.035408 590.226990
-21.963903 -6.983319 0.750000 0.000000 -0.000000 1.002043 590.327026
-21.851212 -6.809562 0.750000 0.000000 -0.000000 0.996719 590.429993
-21.742113 -6.640596 0.750000 0.000000 -0.000000 0.997382 590.530029
-21.630819 -6.468291 0.750000 0.000000 -0.000000 0.997288 590.632019
-21.521624 -6.299243 0.750000 0.000000 -0.000000 0.997295 590.731995
-21.409620 -6.132214 0.750000 0.000000 -0.000000 0.956483 590.831970
-21.289379 -5.970860 0.750000 0.000000 -0.000000 0.907481 590.932007
-21.163738 -5.803230 0.750000 0.000000 -0.000000 0.926900 591.036987
-21.039083 -5.645101 0.750000 0.000000 -0.000000 0.880326 591.137024
-20.895929 -5.481224 0.750000 0.000000 -0.000000 0.827948 591.244995
-20.720356 -5.290002 0.750000 0.000000 -0.000000 0.829798 591.374023
-20.580624 -5.137286 0.750000 0.000000 -0.000000 0.829711 591.476990
-20.444763 -4.988814 0.750000 0.000000 -0.000000 0.829719 591.577026
-20.306355 -4.837557 0.750000 0.000000 -0.000000 0.829719 591.679016
-20.168699 -4.687985 0.750000 0.000000 -0.000000 0.813768 591.780029
-20.026888 -4.545027 0.750000 0.000000 -0.000000 0.778446 591.880005
-19.866802 -4.386567 0.750000 0.000000 -0.000000 0.781059 591.992004
-19.711580 -4.219155 0.750000 0.000000 -0.000000 0.842831 592.106995
-19.576050 -4.067893 0.750000 0.000000 -0.000000 0.839484 592.208008
-19.434307 -3.911498 0.750000 0.000000 -0.000000 0.816635 592.312988
-19.294348 -3.766852 0.750000 0.000000 -0.000000 0.800356 592.413025
-19.143509 -3.611269 0.750000 0.000000 -0.000000 0.800936 592.520996
-18.997866 -3.461026 0.750000 0.000000 -0.000000 0.800935 592.625000
-18.856363 -3.315056 0.750000 0.000000 -0.000000 0.800934 592.726013
-18.713348 -3.167525 0.750000 0.000000 -0.000000 0.800933 592.828003
-18.573114 -3.022865 0.750000 0.000000 -0.000000 0.800933 592.927979
-18.433039 -2.878367 0.750000 0.000000 -0.000000 0.800933 593.028015
-18.292683 -2.730205 0.750000 0.000000 -0.000000 0.859052 593.130981
-18.170464 -2.567053 0.750000 0.000000 -0.000000 0.913663 593.242981
-18.039423 -2.405812 0.750000 0.000000 -0.000000 0.897654 593.361023
-17.910513 -2.243850 0.750000 0.000000 -0.000000 0.897430 593.466003
-17.734947 -2.023712 0.750000 0.000000 -0.000000 0.897653 593.606018
-17.605776 -1.861730 0.750000 0.000000 -0.000000 0.897643 593.708984
-17.471411 -1.693240 0.750000 0.000000 -0.000000 0.897650 593.815979
-17.341774 -1.534572 0.750000 0.000000 -0.000000 0.864435 593.918030
-17.206987 -1.384920 0.750000 0.000000 -0.000000 0.815194 594.018005
-17.061852 -1.235092 0.750000 0.000000 -0.000000 0.799727 594.122009
-16.921856 -1.090864 0.750000 0.000000 -0.000000 0.800360 594.221985
-16.776115 -0.940710 0.750000 0.000000 -0.000000 0.800298 594.325989
-16.635803 -0.795232 0.750000 0.000000 -0.000000 0.828562 594.427002
-16.498917 -0.639939 0.750000 0.000000 -0.000000 0.828639 594.531982
-16.357655 -0.493657 0.750000 0.000000 -0.000000 0.779692 594.632996
-16.211870 -0.352935 0.750000 0.000000 -0.000000 0.768054 594.734009
-16.061722 -0.207653 0.750000 0.000000 -0.000000 0.769005 594.838013
-15.917296 -0.067891 0.750000 0.000000 -0.000000 0.769005 594.937988
-15.769681 0.074965 0.750000 0.000000 -0.000000 0.769004 595.039978
-15.533355 0.302404 0.750000 0.000000 -0.000000 0.748009 595.203003
-15.374843 0.442182 0.750000 0.000000 -0.000000 0.714740 595.307983
-15.223460 0.574183 0.750000 0.000000 -0.000000 0.717507 595.408020
-15.072074 0.706253 0.750000 0.000000 -0.000000 0.717332 595.507996
-14.924418 0.847678 0.750000 0.000000 -0.000000 0.763043 595.611023
-14.767035 0.983104 0.750000 0.000000 -0.000000 0.683918 595.718994
-14.598181 1.113970 0.750000 0.000000 -0.000000 0.635274 595.825012
-14.433301 1.229115 0.750000 0.000000 -0.000000 0.586792 595.924988
-14.259492 1.341813 0.750000 0.000000 -0.000000 0.574387 596.028015
-14.085592 1.454463 0.750000 0.000000 -0.000000 0.574806 596.130981
-13.916677 1.563875 0.750000 0.000000 -0.000000 0.574794 596.231018
-13.740965 1.677692 0.750000 0.000000 -0.000000 0.574795 596.335022
-13.572260 1.786968 0.750000 0.000000 -0.000000 0.574796 596.434998
-13.405069 1.898518 0.750000 0.000000 -0.000000 0.611347 596.534973
-13.241816 2.019558 0.750000 0.000000 -0.000000 0.661134 596.635986
-13.088663 2.160585 0.750000 0.000000 -0.000000 0.828526 596.745972
-12.944048 2.317067 0.750000 0.000000 -0.000000 0.822263 596.856995
-12.801577 2.470455 0.750000 0.000000 -0.000000 0.822262 596.960999
-12.664653 2.617870 0.750000 0.000000 -0.000000 0.822260 597.060974
-12.518250 2.775489 0.750000 0.000000 -0.000000 0.822259 597.168030
-12.379860 2.924480 0.750000 0.000000 -0.000000 0.822258 597.268982
-12.242779 3.072060 0.750000 0.000000 -0.000000 0.822258 597.369019
-12.104457 3.220978 0.750000 0.000000 -0.000000 0.822258 597.469971
-11.961847 3.374512 0.750000 0.000000 -0.000000 0.822257 597.573975
-11.823037 3.523351 0.750000 0.000000 -0.000000 0.810004 597.674988
-11.680868 3.666093 0.750000 0.000000 -0.000000 0.776436 597.775024
-11.537364 3.807047 0.750000 0.000000 -0.000000 0.776436 597.875000
-11.393806 3.948054 0.750000 0.000000 -0.000000 0.776436 597.974976
-11.225902 4.112973 0.750000 0.000000 -0.000000 0.776437 598.091980
-11.078028 4.258220 0.750000 0.000000 -0.000000 0.776437 598.195007
-10.934542 4.399157 0.750000 0.000000 -0.000000 0.776438 598.294983
-10.785877 4.543402 0.750000 0.000000 -0.000000 0.752514 598.398010
-10.632763 4.680716 0.750000 0.000000 -0.000000 0.725443 598.500000
-10.482343 4.814792 0.750000 0.000000 -0.000000 0.728690 598.599976
-10.332003 4.948919 0.750000 0.000000 -0.000000 0.728372 598.700012
-10.181632 5.083051 0.750000 0.000000 -0.000000 0.728387 598.799988
-10.027639 5.225580 0.750000 0.000000 -0.000000 0.755773 598.905029
-9.842932 5.392675 0.750000 0.000000 -0.000000 0.708227 599.028992
-9.688320 5.521112 0.750000 0.000000 -0.000000 0.691631 599.129028
-9.529067 5.653233 0.750000 0.000000 -0.000000 0.692517 599.231995
-9.372837 5.782818 0.750000 0.000000 -0.000000 0.692457 599.333008
-9.217647 5.911542 0.750000 0.000000 -0.000000 0.692463 599.432983
-9.061647 6.040937 0.750000 0.000000 -0.000000 0.692464 599.533997
-8.906381 6.169724 0.750000 0.000000 -0.000000 0.692465 599.633972
-8.744999 6.303588 0.750000 0.000000 -0.000000 0.692466 599.737976
-8.581736 6.439015 0.750000 0.000000 -0.000000 0.692466 599.843018
-8.402241 6.588349 0.750000 0.000000 -0.000000 0.706602 599.958984
-8.244134 6.722534 0.750000 0.000000 -0.000000 0.699827 600.062012
-8.089073 6.853159 0.750000 0.000000 -0.000000 0.700265 600.163025
-7.935089 6.982925 0.750000 0.000000 -0.000000 0.700246 600.263000
-7.759668 7.130751 0.750000 0.000000 -0.000000 0.700248 600.377014
-7.605988 7.260766 0.750000 0.000000 -0.000000 0.713114 600.476990
-7.457037 7.396300 0.750000 0.000000 -0.000000 0.750806 600.577026
-7.306986 7.536198 0.750000 0.000000 -0.000000 0.750160 600.679016
-7.108132 7.721523 0.750000 0.000000 -0.000000 0.750212 600.814026
-6.955257 7.864000 0.750000 0.000000 -0.000000 0.750210 600.918030
-6.808033 8.001210 0.750000 0.000000 -0.000000 0.750211 601.018005
-6.661244 8.138657 0.750000 0.000000 -0.000000 0.773773 601.117981
-6.519615 8.289700 0.750000 0.000000 -0.000000 0.818814 601.223022
-6.377344 8.440607 0.750000 0.000000 -0.000000 0.814760 601.325989
-6.236549 8.590023 0.750000 0.000000 -0.000000 0.815097 601.427979
-6.098615 8.736398 0.750000 0.000000 -0.000000 0.815079 601.528015
-5.960650 8.882808 0.750000 0.000000 -0.000000 0.815081 601.627991
-5.822752 9.029145 0.750000 0.000000 -0.000000 0.815081 601.728027
-5.684633 9.175720 0.750000 0.000000 -0.000000 0.815080 601.828003
-5.544045 9.324914 0.750000 0.000000 -0.000000 0.815078 601.929993
-5.401806 9.475856 0.750000 0.000000 -0.000000 0.815078 602.033020
-5.263700 9.622413 0.750000 0.000000 -0.000000 0.815078 602.132996
-5.131623 9.775366 0.750000 0.000000 -0.000000 0.932888 602.237976
-5.015662 9.942132 0.750000 0.000000 -0.000000 0.958534 602.348022
-4.896829 10.103748 0.750000 0.000000 -0.000000 0.912374 602.447998
-4.770212 10.265131 0.750000 0.000000 -0.000000 0.906666 602.549988
-4.616224 10.461854 0.750000 0.000000 -0.000000 0.906579 602.674011
-4.486154 10.627999 0.750000 0.000000 -0.000000 0.906590 602.778992
-4.357010 10.792966 0.750000 0.000000 -0.000000 0.906588 602.882996
-4.208340 10.982873 0.750000 0.000000 -0.000000 0.906587 603.002991
-4.078178 11.149139 0.750000 0.000000 -0.000000 0.906586 603.107971
-3.954097 11.307685 0.750000 0.000000 -0.000000 0.911297 603.208008
-3.837100 11.477369 0.750000 0.000000 -0.000000 0.975273 603.312988
-3.716929 11.648744 0.750000 0.000000 -0.000000 0.936781 603.416992
-3.594126 11.810415 0.750000 0.000000 -0.000000 0.920181 603.518005
-3.472285 11.970938 0.750000 0.000000 -0.000000 0.921590 603.617981
-3.350788 12.130996 0.750000 0.000000 -0.000000 0.921514 603.718018
-3.229217 12.291158 0.750000 0.000000 -0.000000 0.921524 603.817993
-3.105438 12.449982 0.750000 0.000000 -0.000000 0.886628 603.918030
-2.974020 12.602670 0.750000 0.000000 -0.000000 0.837214 604.018005
-2.831117 12.755175 0.750000 0.000000 -0.000000 0.814086 604.122009
-2.691564 12.903254 0.750000 0.000000 -0.000000 0.815012 604.223022
-2.545185 13.057694 0.750000 0.000000 -0.000000 0.791775 604.328979
-2.398188 13.203613 0.750000 0.000000 -0.000000 0.781963 604.432007
-2.255261 13.345826 0.750000 0.000000 -0.000000 0.782920 604.531982
-2.112591 13.487764 0.750000 0.000000 -0.000000 0.782831 604.632019
-1.966095 13.628626 0.750000 0.000000 -0.000000 0.741985 604.732971
-1.814474 13.766523 0.750000 0.000000 -0.000000 0.738796 604.835022
-1.661624 13.905782 0.750000 0.000000 -0.000000 0.738870 604.937988
-1.510091 14.038797 0.750000 0.000000 -0.000000 0.697235 605.038025
-1.354550 14.166698 0.750000 0.000000 -0.000000 0.690958 605.138000
-1.199792 14.295033 0.750000 0.000000 -0.000000 0.692459 605.237976
-1.046840 14.434561 0.750000 0.000000 -0.000000 0.815899 605.344971
-0.879050 14.605881 0.750000 0.000000 -0.000000 0.763714 605.468994
-0.728557 14.742759 0.750000 0.000000 -0.000000 0.714737 605.570984
-0.570163 14.872581 0.750000 0.000000 -0.000000 0.659438 605.687988
-0.407225 14.989122 0.750000 0.000000 -0.000000 0.567689 605.827026
-0.228861 15.088301 0.750000 0.000000 -0.000000 0.450055 606.030029
-0.124508 15.135468 0.750000 0.000000 -0.000000 0.626012 644.257019
-0.124508 15.135468 0.750000 0.000000 -0.000000 0.806654 648.434021
-0.124508 15.135468 0.750000 0.000000 -0.000000 0.988866 653.369019
-0.124508 15.135468 0.750000 0.000000 -0.000000 1.169508 661.473999
-0.124508 15.135468 0.750000 0.000000 -0.000000 1.347008 663.570007
-0.124508 15.135468 0.750000 0.000000 -0.000000 1.526079 668.565002
-0.124508 15.135468 0.750000 0.000000 -0.000000 1.708291 674.547974
-0.124508 15.135468 0.750000 0.000000 -0.000000 1.890504 679.640991
-0.124508 15.135468 0.750000 0.000000 -0.000000 2.071146 685.692993
-0.124508 15.135468 0.750000 0.000000 -0.000000 2.248646 689.752991
-0.124508 15.135468 0.750000 0.000000 -0.000000 2.427716 695.908997
-0.124508 15.135468 0.750000 0.000000 -0.000000 2.606787 702.281982
-0.124508 15.135468 0.750000 0.000000 -0.000000 2.788999 706.382019
-0.124508 15.135468 0.750000 0.000000 -0.000000 2.971212 714.705994
-0.124508 15.135468 0.750000 0.000000 0.000000 -3.131332 720.776978
-0.124508 15.135468 0.750000 0.000000 0.000000 -2.934982 724.914978
-0.124508 15.135468 0.750000 0.000000 0.000000 -2.759053 725.927002
-0.124508 15.135468 0.750000 0.000000 0.000000 -2.578412 731.914001
-0.124508 15.135468 0.750000 0.000000 0.000000 -2.347505 735.901001
-0.124508 15.135468 0.750000 0.000000 0.000000 -2.160580 738.999023
-0.124508 15.135468 0.750000 0.000000 0.000000 -1.979938 745.031006
-0.124508 15.135468 0.750000 0.000000 0.000000 -1.799297 748.031982
-0.124508 15.135468 0.750000 0.000000 0.000000 -1.621796 750.033020
-0.124508 15.135468 0.750000 0.000000 0.000000 -1.439584 753.161987
-0.124508 15.135468 0.750000 0.000000 0.000000 -1.257372 757.210999
-0.124508 15.135468 0.750000 0.000000 0.000000 -1.076730 762.346985
-0.124508 15.135468 0.750000 0.000000 0.000000 -0.892947 767.330994
-0.124508 15.135468 0.750000 0.000000 0.000000 -0.699739 771.473999
-0.124508 15.135468 0.750000 0.000000 0.000000 -0.523809 779.581970
-0.124508 15.135468 0.750000 0.000000 0.000000 -0.347880 780.679016
-0.124508 15.135468 0.750000 0.000000 0.000000 -0.168809 784.755005
-0.124508 15.135468 0.750000 0.000000 -0.000000 0.019686 789.908997
-0.124508 15.135468 0.750000 0.000000 -0.000000 0.205040 798.979004
-0.124508 15.135468 0.750000 0.000000 -0.000000 0.399819 802.257019
-0.124508 15.135468 0.750000 0.000000 -0.000000 0.578890 803.473999
-0.124508 15.135468 0.750000 0.000000 -0.000000 0.800372 806.554016
-0.124508 15.135468 0.750000 0.000000 -0.000000 0.981014 808.549988
-0.124508 15.135468 0.750000 0.000000 -0.000000 1.156943 813.479004
-0.124508 15.135468 0.750000 0.000000 -0.000000 1.361147 818.604980
-0.124508 15.135468 0.750000 0.000000 -0.000000 1.543359 824.568970
-0.124508 15.135468 0.750000 0.000000 -0.000000 1.724001 828.604980
-0.124508 15.135468 0.750000 0.000000 -0.000000 1.899930 835.638000
-0.124508 15.135468 0.750000 0.000000 -0.000000 2.089996 838.611023
-0.124508 15.135468 0.750000 0.000000 -0.000000 2.265925 841.666992
-0.124508 15.135468 0.750000 0.000000 -0.000000 2.441854 844.684998
-0.124508 15.135468 0.750000 0.000000 -0.000000 2.641346 845.734009
-0.124508 15.135468 0.750000 0.000000 -0.000000 2.821987 847.695984
-0.124508 15.135468 0.750000 0.000000 -0.000000 2.997916 852.770020
-0.124508 15.135468 0.750000 0.000000 0.000000 -3.109340 854.921021
-0.124508 15.135468 0.750000 0.000000 0.000000 -2.933410 857.900024
-0.124508 15.135468 0.750000 0.000000 0.000000 -2.757482 859.893982
-0.124508 15.135468 0.750000 0.000000 0.000000 -2.578411 864.908020
-0.124508 15.135468 0.750000 0.000000 0.000000 -2.389915 869.038025
-0.124508 15.135468 0.750000 0.000000 0.000000 -2.213986 872.112976
-0.124508 15.135468 0.750000 0.000000 0.000000 -2.017636 878.336975
-0.124508 15.135468 0.750000 0.000000 0.000000 -1.838565 880.479004
-0.124508 15.135468 0.750000 0.000000 0.000000 -1.648499 884.596985
-0.124508 15.135468 0.750000 0.000000 0.000000 -1.472570 890.697998
-0.124508 15.135468 0.750000 0.000000 0.000000 -1.291928 894.739014
-0.124508 15.135468 0.750000 0.000000 0.000000 -1.111286 896.828003
-0.124508 15.135468 0.750000 0.000000 0.000000 -0.916508 902.796021
-0.124508 15.135468 0.750000 0.000000 0.000000 -0.734295 907.934998
-0.124508 15.135468 0.750000 0.000000 0.000000 -0.526950 917.109985
-0.124508 15.135468 0.750000 0.000000 0.000000 -0.346308 922.336975
-0.124508 15.135468 0.750000 0.000000 0.000000 -0.138963 928.565002
-0.124508 15.135468 0.750000 0.000000 -0.000000 0.041679 932.525024
-0.124508 15.135468 0.750000 0.000000 -0.000000 0.222320 935.664978
-0.124508 15.135468 0.750000 0.000000 -0.000000 0.404533 941.729004
-0.124508 15.135468 0.750000 0.000000 -0.000000 0.585174 946.174011
-0.124508 15.135468 0.750000 0.000000 -0.000000 0.767387 949.341003
-0.124508 15.135468 0.750000 0.000000 -0.000000 0.948028 950.361023
-0.124508 15.135468 0.750000 0.000000 -0.000000 1.127099 957.473022
-0.124508 15.135468 0.750000 0.000000 -0.000000 1.321878 959.546997
-0.124508 15.135468 0.750000 0.000000 -0.000000 1.499378 962.612000
-0.124508 15.135468 0.750000 0.000000 -0.000000 1.681590 969.590027
-0.124508 15.135468 0.750000 0.000000 -0.000000 1.879511 970.622009
-0.124508 15.135468 0.750000 0.000000 -0.000000 2.074290 973.698975
-0.124508 15.135468 0.750000 0.000000 -0.000000 2.256502 977.653992
-0.124508 15.135468 0.750000 0.000000 -0.000000 2.437144 979.666016
-0.124508 15.135468 0.750000 0.000000 -0.000000 2.613073 984.841003
-0.124508 15.135468 0.750000 0.000000 -0.000000 2.789002 987.864014
-0.124508 15.135468 0.750000 0.000000 -0.000000 2.969644 992.828003
-0.124508 15.135468 0.750000 0.000000 -0.000000 -3.137612 993.892029
-0.124508 15.135468 0.750000 0.000000 0.000000 -2.958541 999.057007
-0.124508 15.135468 0.750000 0.000000 0.000000 -2.760621 1004.177002
-0.124508 15.135468 0.750000 0.000000 0.000000 -2.579979 1006.190979
-0.124508 15.135468 0.750000 0.000000 0.000000 -2.389913 1013.237000
-0.124508 15.135468 0.750000 0.000000 0.000000 -2.209271 1017.155029
-0.124508 15.135468 0.750000 0.000000 0.000000 -2.030200 1018.200989
-0.124508 15.135468 0.750000 0.000000 0.000000 -1.791439 1022.281982
-0.124508 15.135468 0.750000 0.000000 0.000000 -1.612368 1026.448975
-0.124508 15.135468 0.750000 0.000000 0.000000 -1.434868 1030.612061
-0.124508 15.135468 0.750000 0.000000 0.000000 -1.252656 1032.692017
-0.124508 15.135468 0.750000 0.000000 0.000000 -1.051594 1036.803955
-0.124508 15.135468 0.750000 0.000000 0.000000 -0.804979 1039.897949
-0.124508 15.135468 0.750000 0.000000 0.000000 -0.625908 1041.911011
-0.124508 15.135468 0.750000 0.000000 0.000000 -0.423275 1044.012939
-0.124508 15.135468 0.750000 0.000000 0.000000 -0.237921 1047.155029
-0.124508 15.135468 0.750000 0.000000 0.000000 -0.058850 1049.239990
-0.124508 15.135468 0.750000 0.000000 -0.000000 0.121791 1054.239990
-0.124508 15.135468 0.750000 0.000000 -0.000000 0.307145 1057.444946
-0.124508 15.135468 0.750000 0.000000 -0.000000 0.484645 1063.745972
-0.124508 15.135468 0.750000 0.000000 -0.000000 0.662145 1066.729004
-0.124508 15.135468 0.750000 0.000000 -0.000000 0.839645 1068.749023
-0.124508 15.135468 0.750000 0.000000 -0.000000 1.018716 1069.754028
-0.124508 15.135468 0.750000 0.000000 -0.000000 1.222920 1071.782959
-0.124508 15.135468 0.750000 0.000000 -0.000000 1.405132 1075.756958
-0.124508 15.135468 0.750000 0.000000 -0.000000 1.588916 1080.834961
-0.124508 15.135468 0.750000 0.000000 -0.000000 1.766416 1086.906006
-0.124508 15.135468 0.750000 0.000000 -0.000000 1.948628 1089.951050
-0.124508 15.135468 0.750000 0.000000 -0.000000 2.168539 1094.245972
-0.124508 15.135468 0.750000 0.000000 -0.000000 2.349181 1095.270996
-0.124508 15.135468 0.750000 0.000000 -0.000000 2.532964 1099.271973
-0.124508 15.135468 0.750000 0.000000 -0.000000 2.751305 1103.353027
-0.124508 15.135468 0.750000 0.000000 -0.000000 2.930375 1105.441040
-0.124508 15.135468 0.750000 0.000000 -0.000000 3.123583 1111.509033
-0.124508 15.135468 0.750000 0.000000 0.000000 -2.977389 1113.484009
-0.124508 15.135468 0.750000 0.000000 0.000000 -2.766902 1117.564941
-0.124508 15.135468 0.750000 0.000000 0.000000 -2.584690 1119.588989
-0.124508 15.135468 0.750000 0.000000 0.000000 -2.393053 1122.775024
-0.124508 15.135468 0.750000 0.000000 0.000000 -2.215553 1124.723022
-0.124508 15.135468 0.750000 0.000000 0.000000 -2.025487 1126.832031
-0.124508 15.135468 0.750000 0.000000 0.000000 -1.836991 1128.770020
-0.124508 15.135468 0.750000 0.000000 0.000000 -1.661062 1130.796997
-0.124508 15.135468 0.750000 0.000000 0.000000 -1.477279 1133.797974
-0.124508 15.135468 0.750000 0.000000 0.000000 -1.296637 1140.276978
-0.124508 15.135468 0.750000 0.000000 0.000000 -1.115995 1142.496948
-0.124508 15.135468 0.750000 0.000000 0.000000 -0.938495 1147.583008
-0.124508 15.135468 0.750000 0.000000 0.000000 -0.759424 1150.708008
-0.124508 15.135468 0.750000 0.000000 0.000000 -0.577212 1153.744019
-0.124508 15.135468 0.750000 0.000000 0.000000 -0.396570 1160.878052
-0.124508 15.135468 0.750000 0.000000 0.000000 -0.215928 1161.901978
-0.124508 15.135468 0.750000 0.000000 0.000000 -0.036858 1167.959961
-0.124508 15.135468 0.750000 0.000000 -0.000000 0.143784 1172.135986
-0.124508 15.135468 0.750000 0.000000 -0.000000 0.336992 1175.291016
-0.124508 15.135468 0.750000 0.000000 -0.000000 0.517634 1181.495972
-0.124508 15.135468 0.750000 0.000000 -0.000000 0.702988 1184.491943
-0.124508 15.135468 0.750000 0.000000 -0.000000 0.883629 1186.635986
-0.124508 15.135468 0.750000 0.000000 -0.000000 1.065842 1190.895996
-0.124508 15.135468 0.750000 0.000000 -0.000000 1.287324 1195.987061
-0.124508 15.135468 0.750000 0.000000 -0.000000 1.467966 1200.031982
-0.124508 15.135468 0.750000 0.000000 -0.000000 1.648608 1202.134033
-0.124508 15.135468 0.750000 0.000000 -0.000000 1.826108 1205.140991
-0.124508 15.135468 0.750000 0.000000 -0.000000 2.003608 1207.227051
-0.124508 15.135468 0.750000 0.000000 -0.000000 2.214095 1212.322998
-0.124508 15.135468 0.750000 0.000000 -0.000000 2.393166 1216.449951
-0.124508 15.135468 0.750000 0.000000 -0.000000 2.573807 1219.551025
-0.124508 15.135468 0.750000 0.000000 -0.000000 2.751307 1222.553955
-0.124508 15.135468 0.750000 0.000000 -0.000000 2.942945 1228.123047
-0.124508 15.135468 0.750000 0.000000 -0.000000 3.120445 1231.250000
-0.124508 15.135468 0.750000 0.000000 0.000000 -2.982099 1235.337036
-0.124508 15.135468 0.750000 0.000000 0.000000 -2.792032 1239.380981
-0.124508 15.135468 0.750000 0.000000 0.000000 -2.606678 1244.505981
-0.124508 15.135468 0.750000 0.000000 0.000000 -2.429179 1246.538940
-0.124508 15.135468 0.750000 0.000000 0.000000 -2.253250 1255.553955
-0.124508 15.135468 0.750000 0.000000 0.000000 -2.077320 1257.576050
-0.124508 15.135468 0.750000 0.000000 0.000000 -1.890395 1260.571045
-0.124508 15.135468 0.750000 0.000000 0.000000 -1.706612 1262.692993
-0.124508 15.135468 0.750000 0.000000 0.000000 -1.524400 1264.628052
-0.124508 15.135468 0.750000 0.000000 0.000000 -1.348470 1266.779053
-0.124508 15.135468 0.750000 0.000000 0.000000 -1.172541 1268.786011
-0.124508 15.135468 0.750000 0.000000 0.000000 -0.958913 1276.034058
-0.124508 15.135468 0.750000 0.000000 0.000000 -0.776700 1277.051025
-0.124508 15.135468 0.750000 0.000000 0.000000 -0.599200 1279.113037
-0.124508 15.135468 0.750000 0.000000 0.000000 -0.418559 1280.156006
-0.124508 15.135468 0.750000 0.000000 0.000000 -0.236346 1286.305054
-0.124508 15.135468 0.750000 0.000000 0.000000 -0.055705 1291.360962
-0.124508 15.135468 0.750000 0.000000 -0.000000 0.121795 1297.431030
-0.124508 15.135468 0.750000 0.000000 -0.000000 0.315003 1301.421021
-0.124508 15.135468 0.750000 0.000000 -0.000000 0.503499 1305.433960
-0.124508 15.135468 0.750000 0.000000 -0.000000 0.680999 1307.531982
-0.124508 15.135468 0.750000 0.000000 -0.000000 0.869495 1308.567017
-0.124508 15.135468 0.750000 0.000000 -0.000000 1.053278 1311.672974
-0.124508 15.135468 0.750000 0.000000 -0.000000 1.232349 1315.818970
-0.124508 15.135468 0.750000 0.000000 -0.000000 1.434981 1318.875977
-0.124508 15.135468 0.750000 0.000000 -0.000000 1.617194 1319.900024
-0.124508 15.135468 0.750000 0.000000 -0.000000 1.829252 1320.979980
-0.124508 15.135468 0.750000 0.000000 -0.000000 2.008322 1323.990967
-0.124508 15.135468 0.750000 0.000000 -0.000000 2.192106 1330.051025
-0.124508 15.135468 0.750000 0.000000 -0.000000 2.372747 1334.161011
-0.124508 15.135468 0.750000 0.000000 -0.000000 2.548676 1338.202026
-0.124508 15.135468 0.750000 0.000000 -0.000000 2.745026 1343.396973
-0.124508 15.135468 0.750000 0.000000 -0.000000 2.928809 1348.496948
-0.124508 15.135468 0.750000 0.000000 -0.000000 3.117305 1350.654053
-0.124508 15.135468 0.750000 0.000000 0.000000 -2.985239 1353.612061
-0.124508 15.135468 0.750000 0.000000 0.000000 -2.807739 1358.675049
-0.124508 15.135468 0.750000 0.000000 0.000000 -2.617673 1360.765991
-0.124508 15.135468 0.750000 0.000000 0.000000 -2.437032 1363.712036
-0.124508 15.135468 0.750000 0.000000 0.000000 -2.261102 1366.810059
-0.124508 15.135468 0.750000 0.000000 0.000000 -2.061611 1367.911987
-0.124508 15.135468 0.750000 0.000000 0.000000 -1.882540 1373.027954
-0.124508 15.135468 0.750000 0.000000 0.000000 -1.701899 1376.026001
-0.124508 15.135468 0.750000 0.000000 0.000000 -1.524399 1378.130981
-0.124508 15.135468 0.750000 0.000000 0.000000 -1.348469 1381.229980
-0.124508 15.135468 0.750000 0.000000 0.000000 -1.170969 1385.218994
-0.124508 15.135468 0.750000 0.000000 0.000000 -0.991899 1386.259033
-0.124508 15.135468 0.750000 0.000000 0.000000 -0.811257 1388.171021
-0.124508 15.135468 0.750000 0.000000 0.000000 -0.627474 1389.296997
-0.124508 15.135468 0.750000 0.000000 0.000000 -0.440549 1393.318970
-0.124508 15.135468 0.750000 0.000000 0.000000 -0.228491 1394.369995
-0.124508 15.135468 0.750000 0.000000 0.000000 -0.047850 1398.358032
-0.124508 15.135468 0.750000 0.000000 -0.000000 0.132792 1400.461060
-0.124508 15.135468 0.750000 0.000000 -0.000000 0.308721 1403.546997
-0.124508 15.135468 0.750000 0.000000 -0.000000 0.490934 1406.487061
-0.124508 15.135468 0.750000 0.000000 -0.000000 0.671575 1407.493042
-0.124508 15.135468 0.750000 0.000000 -0.000000 0.852217 1411.524048
-0.124508 15.135468 0.750000 0.000000 -0.000000 1.054850 1414.503052
-0.124508 15.135468 0.750000 0.000000 -0.000000 1.251199 1415.541992
-0.124508 15.135468 0.750000 0.000000 -0.000000 1.431841 1417.561035
-0.124508 15.135468 0.750000 0.000000 -0.000000 1.610912 1424.546997
-0.124508 15.135468 0.750000 0.000000 -0.000000 1.805691 1426.501953
-0.124508 15.135468 0.750000 0.000000 -0.000000 1.984761 1428.582031
-0.124508 15.135468 0.750000 0.000000 -0.000000 2.162261 1430.552002
-0.124508 15.135468 0.750000 0.000000 -0.000000 2.338191 1435.587036
-0.124508 15.135468 0.750000 0.000000 -0.000000 2.517261 1438.645996
-0.124508 15.135468 0.750000 0.000000 -0.000000 2.697903 1441.870972
-0.124508 15.135468 0.750000 0.000000 -0.000000 2.875403 1448.989014
-0.124508 15.135468 0.750000 0.000000 -0.000000 3.076464 1452.197021
-0.124508 15.135468 0.750000 0.000000 0.000000 -3.024508 1457.145996
-0.124508 15.135468 0.750000 0.000000 0.000000 -2.845438 1460.261963
-0.124508 15.135468 0.750000 0.000000 0.000000 -2.633380 1464.343018
-0.124508 15.135468 0.750000 0.000000 0.000000 -2.449596 1466.395996
-0.124508 15.135468 0.750000 0.000000 0.000000 -2.262671 1471.392944
-0.124508 15.135468 0.750000 0.000000 0.000000 -2.085171 1472.400024
-0.124508 15.135468 0.750000 0.000000 0.000000 -1.906100 1474.402954
-0.124508 15.135468 0.750000 0.000000 0.000000 -1.730171 1479.410034
-0.124508 15.135468 0.750000 0.000000 0.000000 -1.552671 1481.483032
-0.124508 15.135468 0.750000 0.000000 0.000000 -1.346897 1483.510010
-0.124508 15.135468 0.750000 0.000000 0.000000 -1.170967 1486.469971
-0.124508 15.135468 0.750000 0.000000 0.000000 -0.987184 1490.604980
-0.124508 15.135468 0.750000 0.000000 0.000000 -0.779839 1495.615967
-0.124508 15.135468 0.750000 0.000000 0.000000 -0.602339 1498.616943
-0.124508 15.135468 0.750000 0.000000 0.000000 -0.413843 1501.727051
-0.124508 15.135468 0.750000 0.000000 0.000000 -0.234772 1506.722046
-0.124508 15.135468 0.750000 0.000000 0.000000 -0.052560 1511.895996
-0.124508 15.135468 0.750000 0.000000 -0.000000 0.126511 1514.889038
-0.124508 15.135468 0.750000 0.000000 -0.000000 0.308723 1517.891968
-0.124508 15.135468 0.750000 0.000000 -0.000000 0.490936 1526.119995
-0.124508 15.135468 0.750000 0.000000 -0.000000 0.671578 1528.303955
-0.124508 15.135468 0.750000 0.000000 -0.000000 0.866356 1532.386963
-0.124508 15.135468 0.750000 0.000000 -0.000000 1.042286 1533.411011
-0.124508 15.135468 0.750000 0.000000 -0.000000 1.221356 1536.524048
-0.124508 15.135468 0.750000 0.000000 -0.000000 1.401998 1542.923950
-0.124508 15.135468 0.750000 0.000000 -0.000000 1.579498 1548.031982
-0.124508 15.135468 0.750000 0.000000 -0.000000 1.756998 1549.130981
-0.124508 15.135468 0.750000 0.000000 -0.000000 1.932927 1552.338013
-0.124508 15.135468 0.750000 0.000000 -0.000000 2.113569 1558.314941
-0.124508 15.135468 0.750000 0.000000 -0.000000 2.294211 1566.604004
-0.124508 15.135468 0.750000 0.000000 -0.000000 2.474852 1566.718994
-0.124508 15.135468 0.750000 0.000000 -0.000000 2.669631 1567.656982
-0.124508 15.135468 0.750000 0.000000 -0.000000 2.873835 1568.692993
-0.124508 15.135468 0.750000 0.000000 -0.000000 3.052905 1572.884033
-0.124508 15.135468 0.750000 0.000000 0.000000 -3.054351 1576.047974
-0.124508 15.135468 0.750000 0.000000 0.000000 -2.878422 1580.083008
-0.124508 15.135468 0.750000 0.000000 0.000000 -2.697780 1582.159058
-0.124508 15.135468 0.750000 0.000000 0.000000 -2.521851 1587.076050
-0.124508 15.135468 0.750000 0.000000 0.000000 -2.341209 1591.053955
-0.124508 15.135468 0.750000 0.000000 0.000000 -2.165280 1596.079956
-0.124508 15.135468 0.750000 0.000000 0.000000 -1.939085 1600.130005
-0.124508 15.135468 0.750000 0.000000 0.000000 -1.756873 1607.166016
-0.124508 15.135468 0.750000 0.000000 0.000000 -1.580943 1613.178955
-0.124508 15.135468 0.750000 0.000000 0.000000 -1.400301 1615.270020
-0.124508 15.135468 0.750000 0.000000 0.000000 -1.219660 1620.156006
-0.124508 15.135468 0.750000 0.000000 0.000000 -1.040589 1624.259033
-0.124508 15.135468 0.750000 0.000000 0.000000 -0.859947 1627.275024
-0.124508 15.135468 0.750000 0.000000 0.000000 -0.680876 1638.300049
-0.124508 15.135468 0.750000 0.000000 0.000000 -0.504947 1640.344971
-0.124508 15.135468 0.750000 0.000000 0.000000 -0.314881 1646.343018
-0.124508 15.135468 0.750000 0.000000 0.000000 -0.113819 1651.394043
-0.124508 15.135468 0.750000 0.000000 -0.000000 0.062110 1657.458984
-0.124508 15.135468 0.750000 0.000000 -0.000000 0.241181 1659.470947
-0.124508 15.135468 0.750000 0.000000 -0.000000 0.421823 1664.409058
-0.124508 15.135468 0.750000 0.000000 -0.000000 0.604035 1666.515015
-0.124508 15.135468 0.750000 0.000000 -0.000000 0.786248 1673.786987
-0.124508 15.135468 0.750000 0.000000 -0.000000 0.976314 1678.808960
-0.124508 15.135468 0.750000 0.000000 -0.000000 1.153814 1685.905029
-0.124508 15.135468 0.750000 0.000000 -0.000000 1.343881 1688.064941
-0.124508 15.135468 0.750000 0.000000 -0.000000 1.521381 1694.047974
-0.124508 15.135468 0.750000 0.000000 -0.000000 1.703593 1698.218994
-0.124508 15.135468 0.750000 0.000000 -0.000000 1.892089 1701.187988
-0.124508 15.135468 0.750000 0.000000 -0.000000 2.068018 1703.286987
-0.124508 15.135468 0.750000 0.000000 -0.000000 2.245518 1704.295044
-0.124508 15.135468 0.750000 0.000000 -0.000000 2.426160 1708.301025
-0.124508 15.135468 0.750000 0.000000 -0.000000 2.602089 1714.407959
-0.124508 15.135468 0.750000 0.000000 -0.000000 2.806293 1721.595947
-0.124508 15.135468 0.750000 0.000000 -0.000000 2.986934 1723.616943
-0.124508 15.135468 0.750000 0.000000 0.000000 -3.114038 1725.722046
-0.124508 15.135468 0.750000 0.000000 0.000000 -2.931826 1732.737061
-0.124508 15.135468 0.750000 0.000000 0.000000 -2.755897 1740.737061
-0.124508 15.135468 0.750000 0.000000 0.000000 -2.567401 1742.890015
-0.124508 15.135468 0.750000 0.000000 0.000000 -2.386759 1745.907959
-0.124508 15.135468 0.750000 0.000000 0.000000 -2.204547 1748.869019
-0.124508 15.135468 0.750000 0.000000 0.000000 -2.028618 1749.937012
-0.124508 15.135468 0.750000 0.000000 0.000000 -1.846405 1752.251953
-0.124508 15.135468 0.750000 0.000000 0.000000 -1.665763 1759.281982
-0.124508 15.135468 0.750000 0.000000 0.000000 -1.469414 1762.360962
-0.124508 15.135468 0.750000 0.000000 0.000000 -1.288772 1766.342041
-0.124508 15.135468 0.750000 0.000000 0.000000 -1.108130 1771.427979
-0.124508 15.135468 0.750000 0.000000 0.000000 -0.913352 1772.463013
-0.124508 15.135468 0.750000 0.000000 0.000000 -0.726427 1776.604004
-0.124508 15.135468 0.750000 0.000000 0.000000 -0.544214 1778.688965
-0.124508 15.135468 0.750000 0.000000 0.000000 -0.363573 1779.723999
-0.124508 15.135468 0.750000 0.000000 0.000000 -0.179789 1783.727051
-0.124508 15.135468 0.750000 0.000000 0.000000 -0.000719 1786.755981
-0.124508 15.135468 0.750000 0.000000 -0.000000 0.179923 1791.811035
-0.124508 15.135468 0.750000 0.000000 -0.000000 0.362135 1792.927979
-0.124508 15.135468 0.750000 0.000000 -0.000000 0.539635 1794.036987
-0.124508 15.135468 0.750000 0.000000 -0.000000 0.720277 1796.140015
-0.124508 15.135468 0.750000 0.000000 -0.000000 0.908773 1798.130981
-0.124508 15.135468 0.750000 0.000000 -0.000000 1.089414 1800.167969
-0.124508 15.135468 0.750000 0.000000 -0.000000 1.268485 1805.241943
-0.124508 15.135468 0.750000 0.000000 -0.000000 1.489968 1811.134033
-0.124508 15.135468 0.750000 0.000000 -0.000000 1.676893 1814.162964
-0.124508 15.135468 0.750000 0.000000 -0.000000 1.860676 1822.371948
-0.124508 15.135468 0.750000 0.000000 -0.000000 2.036605 1827.510010
-0.124508 15.135468 0.750000 0.000000 -0.000000 2.228242 1831.740967
-0.124508 15.135468 0.750000 0.000000 -0.000000 2.424592 1832.931030
-0.124508 15.135468 0.750000 0.000000 -0.000000 2.605234 1834.963989
-0.124508 15.135468 0.750000 0.000000 -0.000000 2.784305 1842.187012
-0.124508 15.135468 0.750000 0.000000 -0.000000 2.961805 1845.380981
-0.124508 15.135468 0.750000 0.000000 -0.000000 3.137734 1849.453003
-0.124508 15.135468 0.750000 0.000000 0.000000 -2.969522 1856.765015
-0.124508 15.135468 0.750000 0.000000 0.000000 -2.787310 1858.798950
-0.124508 15.135468 0.750000 0.000000 0.000000 -2.600385 1860.808960
-0.124508 15.135468 0.750000 0.000000 0.000000 -2.396181 1863.850952
-0.124508 15.135468 0.750000 0.000000 0.000000 -2.193548 1869.921021
-0.124508 15.135468 0.750000 0.000000 0.000000 -2.000340 1872.022949
-0.124508 15.135468 0.750000 0.000000 0.000000 -1.808703 1879.057007
-0.124508 15.135468 0.750000 0.000000 0.000000 -1.628061 1881.103027
-0.124508 15.135468 0.750000 0.000000 0.000000 -1.431712 1883.064941
-0.124508 15.135468 0.750000 0.000000 0.000000 -1.251070 1887.167969
-0.124508 15.135468 0.750000 0.000000 0.000000 -1.070428 1888.206055
-0.124508 15.135468 0.750000 0.000000 0.000000 -0.889787 1892.068970
-0.124508 15.135468 0.750000 0.000000 0.000000 -0.687154 1897.155029
-0.124508 15.135468 0.750000 0.000000 0.000000 -0.506512 1898.199951
-0.124508 15.135468 0.750000 0.000000 0.000000 -0.325871 1900.175049
-0.124508 15.135468 0.750000 0.000000 0.000000 -0.143658 1904.310059
-0.124508 15.135468 0.750000 0.000000 -0.000000 0.036983 1910.494995
-0.124508 15.135468 0.750000 0.000000 -0.000000 0.214483 1915.563965
-0.124508 15.135468 0.750000 0.000000 -0.000000 0.395125 1917.718994
-0.124508 15.135468 0.750000 0.000000 -0.000000 0.575767 1922.790039
-0.124508 15.135468 0.750000 0.000000 -0.000000 0.757979 1928.055054
-0.124508 15.135468 0.750000 0.000000 -0.000000 0.944904 1931.187012
-0.124508 15.135468 0.750000 0.000000 -0.000000 1.123975 1932.215942
-0.124508 15.135468 0.750000 0.000000 -0.000000 1.312470 1936.432983
-0.124508 15.135468 0.750000 0.000000 -0.000000 1.489971 1939.626953
-0.124508 15.135468 0.750000 0.000000 -0.000000 1.672183 1943.756958
-0.124508 15.135468 0.750000 0.000000 -0.000000 1.852825 1945.805054
-0.124508 15.135468 0.750000 0.000000 -0.000000 2.030325 1949.910034
-0.124508 15.135468 0.750000 0.000000 -0.000000 2.207825 1951.968018
-0.124508 15.135468 0.750000 0.000000 -0.000000 2.383754 1955.074951
-0.124508 15.135468 0.750000 0.000000 -0.000000 2.562825 1960.034058
-0.124508 15.135468 0.750000 0.000000 -0.000000 2.743466 1966.213989
-0.124508 15.135468 0.750000 0.000000 -0.000000 2.920966 1968.229004
-0.124508 15.135468 0.750000 0.000000 -0.000000 3.117316 1971.219971
-0.124508 15.135468 0.750000 0.000000 0.000000 -2.983657 1974.395996
-0.124508 15.135468 0.750000 0.000000 0.000000 -2.803015 1978.458008
-0.124508 15.135468 0.750000 0.000000 0.000000 -2.612949 1986.490967
-0.124508 15.135468 0.750000 0.000000 0.000000 -2.416599 1995.494995
-0.124508 15.135468 0.750000 0.000000 0.000000 -2.235957 1996.560059
-0.124508 15.135468 0.750000 0.000000 0.000000 -2.047462 2001.593994
-0.124508 15.135468 0.750000 0.000000 0.000000 -1.865249 2004.671021
-0.124508 15.135468 0.750000 0.000000 0.000000 -1.683037 2008.678955
-0.124508 15.135468 0.750000 0.000000 0.000000 -1.502395 2011.665039
-0.124508 15.135468 0.750000 0.000000 0.000000 -1.326466 2014.672974
-0.124508 15.135468 0.750000 0.000000 0.000000 -1.141112 2017.694946
-0.124508 15.135468 0.750000 0.000000 0.000000 -0.960470 2019.875000
-0.124508 15.135468 0.750000 0.000000 0.000000 -0.778258 2025.828979
-0.124508 15.135468 0.750000 0.000000 0.000000 -0.597616 2026.866943
-0.124508 15.135468 0.750000 0.000000 0.000000 -0.421687 2028.884033
-0.124508 15.135468 0.750000 0.000000 0.000000 -0.245757 2031.987061
-0.124508 15.135468 0.750000 0.000000 0.000000 -0.061974 2034.968994
-0.124508 15.135468 0.750000 0.000000 -0.000000 0.118667 2040.199951
-0.124508 15.135468 0.750000 0.000000 -0.000000 0.300880 2048.471924
-0.124508 15.135468 0.750000 0.000000 -0.000000 0.478380 2049.466064
-0.124508 15.135468 0.750000 0.000000 -0.000000 0.660592 2053.496094
-0.124508 15.135468 0.750000 0.000000 -0.000000 0.836522 2060.873047
-0.124508 15.135468 0.750000 0.000000 -0.000000 1.012451 2060.985107
-0.124508 15.135468 0.750000 0.000000 -0.000000 1.191522 2061.908936
-0.124508 15.135468 0.750000 0.000000 -0.000000 1.367451 2068.018066
-0.124508 15.135468 0.750000 0.000000 -0.000000 1.544951 2071.059082
-0.124508 15.135468 0.750000 0.000000 -0.000000 1.758579 2072.188965
-0.124508 15.135468 0.750000 0.000000 -0.000000 1.937650 2076.241943
-0.124508 15.135468 0.750000 0.000000 -0.000000 2.113580 2078.243896
-0.124508 15.135468 0.750000 0.000000 -0.000000 2.297363 2079.341064
-0.124508 15.135468 0.750000 0.000000 -0.000000 2.478004 2081.454102
-0.124508 15.135468 0.750000 0.000000 -0.000000 2.658646 2084.448975
-0.124508 15.135468 0.750000 0.000000 -0.000000 2.839288 2087.534912
-0.124508 15.135468 0.750000 0.000000 -0.000000 3.019929 2089.573975
-0.124508 15.135468 0.750000 0.000000 0.000000 -3.082614 2090.604004
-0.124508 15.135468 0.750000 0.000000 0.000000 -2.903544 2093.618896
-0.124508 15.135468 0.750000 0.000000 0.000000 -2.722902 2099.937988
-0.124508 15.135468 0.750000 0.000000 0.000000 -2.546973 2104.224121
-0.124508 15.135468 0.750000 0.000000 0.000000 -2.367902 2107.250000
-0.124508 15.135468 0.750000 0.000000 0.000000 -2.179406 2113.427979
-0.124508 15.135468 0.750000 0.000000 0.000000 -2.003477 2117.492920
-0.124508 15.135468 0.750000 0.000000 0.000000 -1.825977 2121.595947
-0.124508 15.135468 0.750000 0.000000 0.000000 -1.650048 2123.688965
-0.124508 15.135468 0.750000 0.000000 0.000000 -1.470977 2126.688965
