0.000000 20.000000 0.750000 0.000000 -0.000000 0.000000 0.000000
0.003457 20.000544 0.750000 0.000000 -0.000000 0.178393 9.795000
0.011760 20.003292 0.750000 0.000000 -0.000000 0.355234 10.010000
0.021244 20.007698 0.750000 0.000000 -0.000000 0.530970 10.240000
0.095349 20.064554 0.750000 0.000000 -0.000000 0.707505 10.561000
0.240793 20.202063 0.750000 0.000000 -0.000000 0.798166 10.785000
0.379043 20.352457 0.750000 0.000000 -0.000000 0.838792 10.935000
0.515588 20.503853 0.750000 0.000000 -0.000000 0.836792 11.055000
0.653579 20.656803 0.750000 0.000000 -0.000000 0.836766 11.160000
0.788373 20.806208 0.750000 0.000000 -0.000000 0.836763 11.260000
0.924507 20.957094 0.750000 0.000000 -0.000000 0.836763 11.361000
1.064685 21.112654 0.750000 0.000000 -0.000000 0.843361 11.465000
1.193921 21.266268 0.750000 0.000000 -0.000000 0.896905 11.565000
1.319956 21.423170 0.750000 0.000000 -0.000000 0.891555 11.665000
1.446494 21.579624 0.750000 0.000000 -0.000000 0.890742 11.765000
1.572900 21.735945 0.750000 0.000000 -0.000000 0.890770 11.865000
1.699306 21.892488 0.750000 0.000000 -0.000000 0.897836 11.965000
1.820616 22.053202 0.750000 0.000000 -0.000000 0.948291 12.065000
1.933688 22.219362 0.750000 0.000000 -0.000000 0.989740 12.165000
2.044448 22.387396 0.750000 0.000000 -0.000000 0.986562 12.265000
2.177015 22.589161 0.750000 0.000000 -0.000000 1.003713 12.385000
2.281263 22.761412 0.750000 0.000000 -0.000000 1.036114 12.485000
2.397948 22.960897 0.750000 0.000000 -0.000000 1.070756 12.600000
2.504416 23.166561 0.750000 0.000000 -0.000000 1.102465 12.715000
2.596675 23.349901 0.750000 0.000000 -0.000000 1.120052 12.820000
2.679476 23.534397 0.750000 0.000000 -0.000000 1.175476 12.936000
2.751463 23.722437 0.750000 0.000000 -0.000000 1.231792 13.076000
2.817097 23.925705 0.750000 0.000000 -0.000000 1.275971 13.291000
2.846449 24.022478 0.750000 0.000000 -0.000000 1.456613 13.655000
2.846449 24.022478 0.750000 0.000000 -0.000000 1.637255 13.770000
2.846449 24.022478 0.750000 0.000000 -0.000000 1.817896 13.885000
2.846449 24.022478 0.750000 0.000000 -0.000000 1.998538 14.000000
2.846449 24.022478 0.750000 0.000000 -0.000000 2.179180 14.115000
2.846449 24.022478 0.750000 0.000000 -0.000000 2.359821 14.230000
2.846449 24.022478 0.750000 0.000000 -0.000000 2.540463 14.345000
2.846449 24.022478 0.750000 0.000000 -0.000000 2.724246 14.462000
2.846449 24.022478 0.750000 0.000000 -0.000000 2.911171 14.581000
2.846449 24.022478 0.750000 0.000000 -0.000000 3.100950 14.721000
2.840826 24.022408 0.750000 0.000000 0.000000 -2.988574 14.885000
2.840826 24.022408 0.750000 0.000000 0.000000 -2.807932 15.000000
2.840826 24.022408 0.750000 0.000000 0.000000 -2.627290 15.115000
2.840343 24.022013 0.750000 0.000000 0.000000 -2.451710 15.265000
2.770736 23.954685 0.750000 0.000000 0.000000 -2.272613 15.530000
2.643926 23.796236 0.750000 0.000000 0.000000 -2.246199 15.820000
2.508442 23.627108 0.750000 0.000000 0.000000 -2.246205 15.990000
2.381503 23.465614 0.750000 0.000000 0.000000 -2.215019 16.115000
2.258739 23.292343 0.750000 0.000000 0.000000 -2.162607 16.225000
2.148226 23.124149 0.750000 0.000000 0.000000 -2.151638 16.325001
2.037706 22.955984 0.750000 0.000000 0.000000 -2.152433 16.424999
1.928993 22.779951 0.750000 0.000000 0.000000 -2.058174 16.530001
1.842892 22.597692 0.750000 0.000000 0.000000 -1.989196 16.635000
1.765609 22.411892 0.750000 0.000000 0.000000 -1.942079 16.735001
1.697381 22.222582 0.750000 0.000000 0.000000 -1.893802 16.834999
1.638465 22.030401 0.750000 0.000000 0.000000 -1.845248 16.934999
1.585196 21.836329 0.750000 0.000000 0.000000 -1.839090 17.035000
1.531780 21.642427 0.750000 0.000000 0.000000 -1.839709 17.135000
1.478281 21.448288 0.750000 0.000000 0.000000 -1.839693 17.235001
1.427931 21.251240 0.750000 0.000000 0.000000 -1.797349 17.336000
1.386451 21.046421 0.750000 0.000000 0.000000 -1.746737 17.440001
1.358674 20.842907 0.750000 0.000000 0.000000 -1.641172 17.545000
1.347127 20.639988 0.750000 0.000000 0.000000 -1.629924 17.650000
1.334636 20.429079 0.750000 0.000000 0.000000 -1.629941 17.754999
1.322386 20.222189 0.750000 0.000000 0.000000 -1.629935 17.858000
1.310252 20.017246 0.750000 0.000000 0.000000 -1.629935 17.959999
1.297976 19.809908 0.750000 0.000000 0.000000 -1.629935 18.063000
1.289243 19.608862 0.750000 0.000000 0.000000 -1.590107 18.163000
1.287595 19.403620 0.750000 0.000000 0.000000 -1.579123 18.264999
1.285947 19.202374 0.750000 0.000000 0.000000 -1.578855 18.365000
1.284330 19.001129 0.750000 0.000000 0.000000 -1.578837 18.465000
1.284247 18.791777 0.750000 0.000000 0.000000 -1.531713 18.570000
1.287877 18.587650 0.750000 0.000000 0.000000 -1.613020 18.684999
1.266492 18.385868 0.750000 0.000000 0.000000 -1.739617 18.825001
1.214556 18.182159 0.750000 0.000000 0.000000 -1.899746 19.016001
1.133101 17.996759 0.750000 0.000000 0.000000 -2.043379 19.219999
1.034781 17.819687 0.750000 0.000000 0.000000 -2.107756 19.370001
0.926433 17.649286 0.750000 0.000000 0.000000 -2.162752 19.490000
0.802571 17.473257 0.750000 0.000000 0.000000 -2.186452 19.600000
0.685715 17.309410 0.750000 0.000000 0.000000 -2.191522 19.700001
0.562817 17.137438 0.750000 0.000000 0.000000 -2.191163 19.805000
0.422421 16.940943 0.750000 0.000000 0.000000 -2.191187 19.924999
0.303044 16.778944 0.750000 0.000000 0.000000 -2.228279 20.025000
0.175901 16.622969 0.750000 0.000000 0.000000 -2.277969 20.125000
0.041323 16.473362 0.750000 0.000000 0.000000 -2.326297 20.225000
-0.099593 16.329580 0.750000 0.000000 0.000000 -2.351875 20.325001
-0.241134 16.186584 0.750000 0.000000 0.000000 -2.351054 20.424999
-0.382676 16.043587 0.750000 0.000000 0.000000 -2.351097 20.525000
-0.523993 15.901165 0.750000 0.000000 0.000000 -2.374643 20.625000
-0.673358 15.763332 0.750000 0.000000 0.000000 -2.401191 20.726000
-0.827777 15.621974 0.750000 0.000000 0.000000 -2.400303 20.830000
-0.980555 15.482118 0.750000 0.000000 0.000000 -2.400323 20.933001
-1.129000 15.346229 0.750000 0.000000 0.000000 -2.400322 21.033001
-1.277352 15.210424 0.750000 0.000000 0.000000 -2.400322 21.132999
-1.425796 15.074535 0.750000 0.000000 0.000000 -2.400322 21.233000
-1.574240 14.938646 0.750000 0.000000 0.000000 -2.400322 21.333000
-1.722684 14.802757 0.750000 0.000000 0.000000 -2.400322 21.433001
-1.871036 14.666953 0.750000 0.000000 0.000000 -2.400322 21.533001
-2.027133 14.529978 0.750000 0.000000 0.000000 -2.472339 21.643000
-2.196464 14.412220 0.750000 0.000000 0.000000 -2.592950 21.773001
-2.377951 14.317158 0.750000 0.000000 0.000000 -2.708019 21.933001
-2.562874 14.238146 0.750000 0.000000 0.000000 -2.770163 22.068001
-2.764462 14.174601 0.750000 0.000000 0.000000 -2.883714 22.218000
-2.961934 14.126058 0.750000 0.000000 0.000000 -2.926934 22.353001
-3.167425 14.087379 0.750000 0.000000 0.000000 -2.980448 22.468000
-3.370407 14.059747 0.750000 0.000000 0.000000 -3.029719 22.570000
-3.599592 14.032549 0.750000 0.000000 0.000000 -3.051027 22.684999
-3.800442 14.019382 0.750000 0.000000 0.000000 -3.099131 22.785000
-4.011693 14.016039 0.750000 0.000000 -0.000000 3.133531 22.889999
-4.242876 14.024668 0.750000 0.000000 -0.000000 3.077451 23.004999
-4.445041 14.042853 0.750000 0.000000 -0.000000 3.029123 23.106001
-4.644363 14.070506 0.750000 0.000000 -0.000000 2.980765 23.205999
-4.859706 14.111568 0.750000 0.000000 -0.000000 2.928041 23.315001
-5.074523 14.164419 0.750000 0.000000 -0.000000 2.875055 23.424999
-5.267257 14.222366 0.750000 0.000000 -0.000000 2.826630 23.525000
-5.454983 14.292822 0.750000 0.000000 -0.000000 2.707877 23.631001
-5.614374 14.385107 0.750000 0.000000 -0.000000 2.528806 23.745001
-5.728742 14.481786 0.750000 0.000000 -0.000000 2.352877 23.857000
-5.809872 14.580706 0.750000 0.000000 -0.000000 2.165206 23.980000
-5.860973 14.672303 0.750000 0.000000 -0.000000 1.985755 24.129999
-5.887953 14.752865 0.750000 0.000000 -0.000000 1.802787 24.364000
-5.923627 14.906845 0.750000 0.000000 -0.000000 1.977510 24.865000
-6.022468 15.084438 0.750000 0.000000 -0.000000 2.149799 25.215000
-6.139924 15.249275 0.750000 0.000000 -0.000000 2.224951 25.395000
-6.272861 15.403554 0.750000 0.000000 -0.000000 2.376376 25.540001
-6.430121 15.541697 0.750000 0.000000 -0.000000 2.449540 25.684999
-6.590162 15.666909 0.750000 0.000000 -0.000000 2.502424 25.799999
-6.761442 15.787334 0.750000 0.000000 -0.000000 2.552357 25.905001
-6.929793 15.897639 0.750000 0.000000 -0.000000 2.546359 26.004999
-7.103316 16.021826 0.750000 0.000000 -0.000000 2.509002 26.111000
-7.272382 16.145288 0.750000 0.000000 -0.000000 2.511083 26.215000
-7.434948 16.263960 0.750000 0.000000 -0.000000 2.511000 26.315001
-7.613748 16.394485 0.750000 0.000000 -0.000000 2.511001 26.424999
-7.778732 16.513477 0.750000 0.000000 -0.000000 2.533771 26.525999
-7.947829 16.626028 0.750000 0.000000 -0.000000 2.512875 26.631001
-8.090586 16.751139 0.750000 0.000000 -0.000000 2.333804 26.745001
-8.189346 16.875313 0.750000 0.000000 -0.000000 2.153162 26.860001
-8.249412 16.987774 0.750000 0.000000 -0.000000 1.969379 26.976999
-8.277190 17.074171 0.750000 0.000000 -0.000000 1.791879 27.090000
-8.285530 17.136806 0.750000 0.000000 -0.000000 1.612788 27.215000
-8.284216 17.179287 0.750000 0.000000 -0.000000 1.435030 27.389999
-8.282005 17.191210 0.750000 0.000000 -0.000000 1.615111 27.760000
-8.282005 17.191210 0.750000 0.000000 -0.000000 1.811461 27.885000
-8.282005 17.191210 0.750000 0.000000 -0.000000 2.007811 28.010000
-8.283001 17.192648 0.750000 0.000000 -0.000000 2.184976 28.164000
-8.296968 17.207968 0.750000 0.000000 -0.000000 2.359770 28.438999
-8.452842 17.338575 0.750000 0.000000 -0.000000 2.494926 28.768999
-8.616710 17.454943 0.750000 0.000000 -0.000000 2.532629 28.934000
-8.785851 17.572969 0.750000 0.000000 -0.000000 2.532371 29.063999
-8.956121 17.691784 0.750000 0.000000 -0.000000 2.532373 29.174000
-9.121164 17.806950 0.750000 0.000000 -0.000000 2.532377 29.274000
-9.322640 17.947538 0.750000 0.000000 -0.000000 2.532379 29.396000
-9.487580 18.062632 0.750000 0.000000 -0.000000 2.532381 29.496000
-9.685642 18.191486 0.750000 0.000000 -0.000000 2.607841 29.615999
-9.875263 18.301237 0.750000 0.000000 -0.000000 2.618002 29.725000
-10.049483 18.401819 0.750000 0.000000 -0.000000 2.617999 29.825001
-10.223767 18.502432 0.750000 0.000000 -0.000000 2.617997 29.924999
-10.398052 18.603046 0.750000 0.000000 -0.000000 2.617994 30.025000
-10.572336 18.703659 0.750000 0.000000 -0.000000 2.617990 30.125000
-10.746642 18.804285 0.750000 0.000000 -0.000000 2.617987 30.225000
-10.921035 18.904963 0.750000 0.000000 -0.000000 2.617983 30.325001
-11.095319 19.005579 0.750000 0.000000 -0.000000 2.617981 30.424999
-11.269732 19.106281 0.750000 0.000000 -0.000000 2.617981 30.525000
-11.449893 19.200573 0.750000 0.000000 -0.000000 2.732649 30.629999
-11.642046 19.276457 0.750000 0.000000 -0.000000 2.763621 30.740000
-11.829033 19.350864 0.750000 0.000000 -0.000000 2.762984 30.840000
-12.025531 19.429029 0.750000 0.000000 -0.000000 2.763003 30.945000
-12.214271 19.504108 0.750000 0.000000 -0.000000 2.763002 31.046000
-12.408888 19.581524 0.750000 0.000000 -0.000000 2.763003 31.150000
-12.596001 19.655956 0.750000 0.000000 -0.000000 2.763003 31.250000
-12.782905 19.730307 0.750000 0.000000 -0.000000 2.763005 31.350000
-12.969786 19.804647 0.750000 0.000000 -0.000000 2.763007 31.450001
-13.156473 19.878658 0.750000 0.000000 -0.000000 2.778718 31.549999
-13.341053 19.957233 0.750000 0.000000 -0.000000 2.675297 31.660000
-13.534117 20.072443 0.750000 0.000000 -0.000000 2.535636 31.809999
-13.691654 20.200645 0.750000 0.000000 -0.000000 2.395500 31.990000
-13.838131 20.345976 0.750000 0.000000 -0.000000 2.329300 32.145000
-13.972003 20.495834 0.750000 0.000000 -0.000000 2.274953 32.264999
-14.122655 20.675377 0.750000 0.000000 -0.000000 2.268998 32.384998
-14.284244 20.868324 0.750000 0.000000 -0.000000 2.259452 32.509998
-14.429790 21.043196 0.750000 0.000000 -0.000000 2.326401 32.625000
-14.571061 21.186190 0.750000 0.000000 -0.000000 2.327525 32.730000
-14.705144 21.336205 0.750000 0.000000 -0.000000 2.277177 32.830002
-14.831759 21.492449 0.750000 0.000000 -0.000000 2.228759 32.930000
-14.950503 21.654444 0.750000 0.000000 -0.000000 2.180234 33.029999
-15.061464 21.822311 0.750000 0.000000 -0.000000 2.131939 33.130001
-15.165380 21.994801 0.750000 0.000000 -0.000000 2.108114 33.230000
-15.268515 22.167671 0.750000 0.000000 -0.000000 2.108847 33.330002
-15.371572 22.340370 0.750000 0.000000 -0.000000 2.108811 33.430000
-15.474694 22.513180 0.750000 0.000000 -0.000000 2.108812 33.529999
-15.577803 22.685966 0.750000 0.000000 -0.000000 2.108812 33.630001
-15.680923 22.858774 0.750000 0.000000 -0.000000 2.108812 33.730000
-15.782743 23.032526 0.750000 0.000000 -0.000000 2.082239 33.830002
-15.876740 23.210594 0.750000 0.000000 -0.000000 2.033619 33.930000
-15.966880 23.401501 0.750000 0.000000 -0.000000 2.004789 34.035000
-16.051601 23.584047 0.750000 0.000000 -0.000000 2.005397 34.134998
-16.136328 23.766598 0.750000 0.000000 -0.000000 2.005359 34.235001
-16.221052 23.949150 0.750000 0.000000 -0.000000 2.005362 34.334999
-16.302683 24.133242 0.750000 0.000000 -0.000000 1.964210 34.435001
-16.375013 24.321157 0.750000 0.000000 -0.000000 1.915332 34.535000
-16.450298 24.511978 0.750000 0.000000 -0.000000 2.018009 34.639999
-16.540989 24.694149 0.750000 0.000000 -0.000000 2.030034 34.744999
-16.630154 24.874565 0.750000 0.000000 -0.000000 2.029894 34.845001
-16.719322 25.054981 0.750000 0.000000 -0.000000 2.029903 34.945000
-16.808493 25.235397 0.750000 0.000000 -0.000000 2.029909 35.044998
-16.897663 25.415813 0.750000 0.000000 -0.000000 2.029919 35.145000
-16.986841 25.596226 0.750000 0.000000 -0.000000 2.029924 35.244999
-17.076097 25.776775 0.750000 0.000000 -0.000000 2.029926 35.345001
-17.180286 25.974360 0.750000 0.000000 -0.000000 2.082649 35.456001
-17.287542 26.154034 0.750000 0.000000 -0.000000 2.128423 35.560001
-17.410618 26.322639 0.750000 0.000000 -0.000000 2.285503 35.669998
-17.547972 26.476469 0.750000 0.000000 -0.000000 2.297483 35.779999
-17.677896 26.629932 0.750000 0.000000 -0.000000 2.247038 35.880001
-17.804008 26.786699 0.750000 0.000000 -0.000000 2.249110 35.980000
-17.944260 26.960756 0.750000 0.000000 -0.000000 2.249008 36.091000
-18.094524 27.147268 0.750000 0.000000 -0.000000 2.249014 36.209999
-18.239639 27.327393 0.750000 0.000000 -0.000000 2.249017 36.325001
-18.365826 27.484022 0.750000 0.000000 -0.000000 2.249022 36.424999
-18.497334 27.647247 0.750000 0.000000 -0.000000 2.249029 36.528999
-18.631893 27.803299 0.750000 0.000000 -0.000000 2.351132 36.633999
-18.784121 27.946087 0.750000 0.000000 -0.000000 2.388288 36.743999
-18.930939 28.083912 0.750000 0.000000 -0.000000 2.387985 36.844002
-19.074347 28.224964 0.750000 0.000000 -0.000000 2.340514 36.944000
-19.213768 28.370478 0.750000 0.000000 -0.000000 2.336964 37.043999
-19.356211 28.518362 0.750000 0.000000 -0.000000 2.337256 37.146000
-19.500055 28.667767 0.750000 0.000000 -0.000000 2.337250 37.249001
-19.639532 28.812635 0.750000 0.000000 -0.000000 2.337252 37.348999
-19.775898 28.961254 0.750000 0.000000 -0.000000 2.288363 37.449001
-19.904461 29.116251 0.750000 0.000000 -0.000000 2.240231 37.549000
-20.039858 29.266384 0.750000 0.000000 -0.000000 2.383174 37.653999
-20.190365 29.401470 0.750000 0.000000 -0.000000 2.428894 37.758999
-20.346079 29.529327 0.750000 0.000000 -0.000000 2.472948 37.859001
-20.504049 29.654339 0.750000 0.000000 -0.000000 2.471481 37.959000
-20.661821 29.779358 0.750000 0.000000 -0.000000 2.471524 38.058998
-20.819460 29.904268 0.750000 0.000000 -0.000000 2.471524 38.159000
-20.977098 30.029179 0.750000 0.000000 -0.000000 2.471525 38.258999
-21.134636 30.154009 0.750000 0.000000 -0.000000 2.471526 38.359001
-21.292175 30.278835 0.750000 0.000000 -0.000000 2.471526 38.459000
-21.453131 30.399233 0.750000 0.000000 -0.000000 2.524773 38.558998
-21.624369 30.503683 0.750000 0.000000 -0.000000 2.666145 38.664001
-21.805086 30.598700 0.750000 0.000000 -0.000000 2.652446 38.769001
-22.018295 30.712124 0.750000 0.000000 -0.000000 2.652819 38.889000
-22.195871 30.806570 0.750000 0.000000 -0.000000 2.652816 38.988998
-22.373713 30.901159 0.750000 0.000000 -0.000000 2.652819 39.089001
-22.551401 30.995668 0.750000 0.000000 -0.000000 2.652824 39.188999
-22.728868 31.090048 0.750000 0.000000 -0.000000 2.652828 39.289001
-22.906578 31.184553 0.750000 0.000000 -0.000000 2.652825 39.389000
-23.084156 31.278988 0.750000 0.000000 -0.000000 2.652827 39.488998
-23.261639 31.372850 0.750000 0.000000 -0.000000 2.676386 39.589001
-23.454271 31.452677 0.750000 0.000000 -0.000000 2.762647 39.699001
-23.638580 31.531200 0.750000 0.000000 -0.000000 2.732683 39.799000
-23.823513 31.611160 0.750000 0.000000 -0.000000 2.733716 39.898998
-24.008255 31.691002 0.750000 0.000000 -0.000000 2.733688 39.999001
-24.193115 31.770893 0.750000 0.000000 -0.000000 2.733692 40.098999
-24.377972 31.850784 0.750000 0.000000 -0.000000 2.733695 40.199001
-24.564438 31.931370 0.750000 0.000000 -0.000000 2.733697 40.299999
-24.756775 32.014492 0.750000 0.000000 -0.000000 2.733703 40.403999
-24.977629 32.112843 0.750000 0.000000 -0.000000 2.697928 40.523998
-25.157324 32.202477 0.750000 0.000000 -0.000000 2.655039 40.624001
-25.332579 32.301311 0.750000 0.000000 -0.000000 2.605026 40.723999
-25.502760 32.408466 0.750000 0.000000 -0.000000 2.556748 40.824001
-25.669039 32.521839 0.750000 0.000000 -0.000000 2.542860 40.924000
-25.835390 32.635094 0.750000 0.000000 -0.000000 2.543918 41.023998
-26.001709 32.748322 0.750000 0.000000 -0.000000 2.543885 41.124001
-26.168068 32.861576 0.750000 0.000000 -0.000000 2.543887 41.223999
-26.332630 32.977177 0.750000 0.000000 -0.000000 2.506759 41.324001
-26.491489 33.100651 0.750000 0.000000 -0.000000 2.457978 41.424000
-26.646364 33.229580 0.750000 0.000000 -0.000000 2.446866 41.523998
-26.809061 33.357422 0.750000 0.000000 -0.000000 2.541503 41.629002
-26.976656 33.469704 0.750000 0.000000 -0.000000 2.527577 41.734001
-27.137857 33.589775 0.750000 0.000000 -0.000000 2.478394 41.834000
-27.293236 33.717648 0.750000 0.000000 -0.000000 2.429983 41.933998
-27.442165 33.852760 0.750000 0.000000 -0.000000 2.382008 42.034000
-27.584578 33.995075 0.750000 0.000000 -0.000000 2.333638 42.133999
-27.722647 34.141430 0.750000 0.000000 -0.000000 2.327486 42.234001
-27.860680 34.287575 0.750000 0.000000 -0.000000 2.327688 42.334000
-27.998884 34.433922 0.750000 0.000000 -0.000000 2.327686 42.433998
-28.139801 34.583141 0.750000 0.000000 -0.000000 2.327698 42.535999
-28.281332 34.734779 0.750000 0.000000 -0.000000 2.297959 42.639000
-28.412432 34.890251 0.750000 0.000000 -0.000000 2.248440 42.740002
-28.542746 35.054295 0.750000 0.000000 -0.000000 2.242542 42.844002
-28.668098 35.211914 0.750000 0.000000 -0.000000 2.242594 42.944000
-28.798489 35.375874 0.750000 0.000000 -0.000000 2.242587 43.048000
-28.924175 35.542606 0.750000 0.000000 -0.000000 2.192627 43.152000
-29.042728 35.707634 0.750000 0.000000 -0.000000 2.194824 43.252998
-29.161484 35.872562 0.750000 0.000000 -0.000000 2.194821 43.354000
-29.278957 36.035721 0.750000 0.000000 -0.000000 2.194821 43.453999
-29.396479 36.198147 0.750000 0.000000 -0.000000 2.218383 43.554001
-29.521505 36.354904 0.750000 0.000000 -0.000000 2.258460 43.653999
-29.649633 36.520149 0.750000 0.000000 -0.000000 2.204412 43.757999
-29.770081 36.683895 0.750000 0.000000 -0.000000 2.212147 43.859001
-29.894674 36.842098 0.750000 0.000000 -0.000000 2.257154 43.959000
-30.022156 36.997982 0.750000 0.000000 -0.000000 2.255630 44.058998
-30.149612 37.154045 0.750000 0.000000 -0.000000 2.255667 44.159000
-30.276966 37.309864 0.750000 0.000000 -0.000000 2.260378 44.258999
-30.409050 37.461876 0.750000 0.000000 -0.000000 2.305500 44.359001
-30.545191 37.612789 0.750000 0.000000 -0.000000 2.304127 44.459999
-30.679888 37.762325 0.750000 0.000000 -0.000000 2.304135 44.560001
-30.850672 37.920029 0.750000 0.000000 -0.000000 2.444555 44.685001
-31.017002 38.060059 0.750000 0.000000 -0.000000 2.440954 44.794998
-31.170944 38.189877 0.750000 0.000000 -0.000000 2.441036 44.895000
-31.349562 38.340500 0.750000 0.000000 -0.000000 2.441036 45.011002
-31.510906 38.473568 0.750000 0.000000 -0.000000 2.473472 45.115002
-31.686714 38.608093 0.750000 0.000000 -0.000000 2.490071 45.224998
-31.846743 38.730194 0.750000 0.000000 -0.000000 2.489691 45.325001
-32.011555 38.855953 0.750000 0.000000 -0.000000 2.489691 45.428001
-32.174881 38.980572 0.750000 0.000000 -0.000000 2.489678 45.529999
-32.334789 39.102581 0.750000 0.000000 -0.000000 2.489668 45.630001
-32.495964 39.222424 0.750000 0.000000 -0.000000 2.501733 45.730000
-32.657207 39.342670 0.750000 0.000000 -0.000000 2.500797 45.830002
-32.818390 39.462879 0.750000 0.000000 -0.000000 2.500823 45.930000
-32.979679 39.583164 0.750000 0.000000 -0.000000 2.500823 46.029999
-33.147495 39.708321 0.750000 0.000000 -0.000000 2.500827 46.133999
-33.310547 39.829926 0.750000 0.000000 -0.000000 2.500832 46.235001
-33.471794 39.950180 0.750000 0.000000 -0.000000 2.500834 46.334999
-33.633095 40.070477 0.750000 0.000000 -0.000000 2.500839 46.435001
-33.796520 40.188118 0.750000 0.000000 -0.000000 2.541461 46.535000
-33.963577 40.300545 0.750000 0.000000 -0.000000 2.548500 46.634998
-34.129406 40.413647 0.750000 0.000000 -0.000000 2.518578 46.735001
-34.289577 40.535217 0.750000 0.000000 -0.000000 2.469367 46.834999
-34.443806 40.664471 0.750000 0.000000 -0.000000 2.420982 46.935001
-34.591682 40.801140 0.750000 0.000000 -0.000000 2.372462 47.035000
-34.732666 40.944725 0.750000 0.000000 -0.000000 2.324034 47.134998
-34.866608 41.095081 0.750000 0.000000 -0.000000 2.275430 47.235001
-34.995914 41.249226 0.750000 0.000000 -0.000000 2.269287 47.334999
-35.125366 41.403324 0.750000 0.000000 -0.000000 2.269490 47.435001
-35.254707 41.557293 0.750000 0.000000 -0.000000 2.269481 47.535000
-35.381935 41.712433 0.750000 0.000000 -0.000000 2.276927 47.634998
-35.521610 41.867779 0.750000 0.000000 -0.000000 2.300042 47.740002
-35.655750 42.018135 0.750000 0.000000 -0.000000 2.299391 47.840000
-35.788670 42.174278 0.750000 0.000000 -0.000000 2.252712 47.942001
-35.911499 42.333679 0.750000 0.000000 -0.000000 2.204282 48.042000
-36.029560 42.496662 0.750000 0.000000 -0.000000 2.198125 48.141998
-36.151215 42.664421 0.750000 0.000000 -0.000000 2.198246 48.244999
-36.269375 42.827362 0.750000 0.000000 -0.000000 2.198246 48.345001
-36.387562 42.990353 0.750000 0.000000 -0.000000 2.198250 48.445000
-36.506897 43.154911 0.750000 0.000000 -0.000000 2.198256 48.546001
-36.626595 43.326042 0.750000 0.000000 -0.000000 2.175559 48.650002
-36.736153 43.494831 0.750000 0.000000 -0.000000 2.120652 48.750000
-36.841465 43.666267 0.750000 0.000000 -0.000000 2.122445 48.849998
-36.944275 43.843689 0.750000 0.000000 -0.000000 2.071565 48.952000
-37.038967 44.028156 0.750000 0.000000 -0.000000 2.023756 49.055000
-37.127201 44.209034 0.750000 0.000000 -0.000000 2.025275 49.154999
-37.215538 44.389828 0.750000 0.000000 -0.000000 2.025238 49.255001
-37.303898 44.570694 0.750000 0.000000 -0.000000 2.023822 49.355000
-37.387199 44.753784 0.750000 0.000000 -0.000000 1.976178 49.455002
-37.466579 44.938721 0.750000 0.000000 -0.000000 1.976172 49.555000
-37.546764 45.122753 0.750000 0.000000 -0.000000 2.007585 49.654999
-37.631470 45.305279 0.750000 0.000000 -0.000000 2.002960 49.755001
-37.715828 45.488117 0.750000 0.000000 -0.000000 2.003091 49.855000
-37.800106 45.670830 0.750000 0.000000 -0.000000 2.000725 49.955002
-37.879196 45.855862 0.750000 0.000000 -0.000000 1.950861 50.055000
-37.949120 46.044559 0.750000 0.000000 -0.000000 1.904845 50.154999
-38.015244 46.234623 0.750000 0.000000 -0.000000 1.906304 50.255001
-38.081505 46.424633 0.750000 0.000000 -0.000000 1.906259 50.355000
-38.147858 46.614910 0.750000 0.000000 -0.000000 1.906252 50.455002
-38.214142 46.804996 0.750000 0.000000 -0.000000 1.906247 50.555000
-38.281246 46.994175 0.750000 0.000000 -0.000000 1.935302 50.654999
-38.347664 47.184219 0.750000 0.000000 -0.000000 1.882712 50.755001
-38.409573 47.375687 0.750000 0.000000 -0.000000 1.882302 50.855000
-38.466270 47.568790 0.750000 0.000000 -0.000000 1.834417 50.955002
-38.520340 47.766792 0.750000 0.000000 -0.000000 1.839908 51.056999
-38.575447 47.966591 0.750000 0.000000 -0.000000 1.839794 51.160000
-38.630524 48.166389 0.750000 0.000000 -0.000000 1.839803 51.263000
-38.685078 48.364311 0.750000 0.000000 -0.000000 1.839806 51.365002
-38.738529 48.558205 0.750000 0.000000 -0.000000 1.839809 51.465000
-38.791973 48.752098 0.750000 0.000000 -0.000000 1.839812 51.564999
-38.846912 48.945148 0.750000 0.000000 -0.000000 1.866204 51.665001
-38.899921 49.139294 0.750000 0.000000 -0.000000 1.817829 51.764999
-38.949322 49.334389 0.750000 0.000000 -0.000000 1.819525 51.865002
-38.998856 49.529510 0.750000 0.000000 -0.000000 1.819491 51.965000
-39.048401 49.724712 0.750000 0.000000 -0.000000 1.819501 52.064999
-39.097916 49.919796 0.750000 0.000000 -0.000000 1.819515 52.165001
-39.147427 50.114849 0.750000 0.000000 -0.000000 1.819532 52.264999
-39.196796 50.309940 0.750000 0.000000 -0.000000 1.812152 52.365002
-39.240402 50.509979 0.750000 0.000000 -0.000000 1.765854 52.466999
-39.288578 50.752689 0.750000 0.000000 -0.000000 1.767216 52.590000
-39.336628 50.949131 0.750000 0.000000 -0.000000 1.885007 52.695000
-39.411766 51.123962 0.750000 0.000000 -0.000000 2.065648 52.810001
-39.498730 51.254951 0.750000 0.000000 -0.000000 2.246290 52.924999
-39.584885 51.344498 0.750000 0.000000 -0.000000 2.426932 53.040001
-39.658085 51.397465 0.750000 0.000000 -0.000000 2.606003 53.153999
-39.712093 51.423470 0.750000 0.000000 -0.000000 2.788215 53.270000
-39.736843 51.430534 0.750000 0.000000 -0.000000 2.976711 53.389999
-39.737709 51.430660 0.750000 0.000000 0.000000 -3.125833 53.505001
-39.737709 51.430660 0.750000 0.000000 0.000000 -2.937337 53.625000
-39.737709 51.430660 0.750000 0.000000 0.000000 -2.756696 53.740002
-39.737709 51.430660 0.750000 0.000000 0.000000 -2.576054 53.855000
-39.737709 51.430660 0.750000 0.000000 0.000000 -2.371850 53.985001
-39.737709 51.430660 0.750000 0.000000 0.000000 -2.191209 54.099998
-39.737709 51.430660 0.750000 0.000000 0.000000 -1.994859 54.224998
-39.737709 51.430660 0.750000 0.000000 0.000000 -1.814218 54.340000
-39.737717 51.430534 0.750000 0.000000 0.000000 -1.637860 54.465000
-39.737900 51.399002 0.750000 0.000000 0.000000 -1.462452 54.666000
-39.710804 51.199169 0.750000 0.000000 0.000000 -1.435272 55.020000
-39.681705 50.985790 0.750000 0.000000 0.000000 -1.435270 55.195000
-39.653385 50.778088 0.750000 0.000000 0.000000 -1.435269 55.325001
-39.626350 50.579819 0.750000 0.000000 0.000000 -1.435268 55.430000
-39.599129 50.380295 0.750000 0.000000 0.000000 -1.435271 55.529999
-39.566616 50.176945 0.750000 0.000000 0.000000 -1.350456 55.634998
-39.521870 49.977421 0.750000 0.000000 0.000000 -1.375872 55.741001
-39.486801 49.771183 0.750000 0.000000 0.000000 -1.426389 55.845001
-39.462891 49.571289 0.750000 0.000000 0.000000 -1.474717 55.945000
-39.448681 49.370686 0.750000 0.000000 0.000000 -1.523218 56.044998
-39.444199 49.169510 0.750000 0.000000 0.000000 -1.571646 56.145000
-39.449474 48.968342 0.750000 0.000000 0.000000 -1.620149 56.244999
-39.464493 48.767765 0.750000 0.000000 0.000000 -1.668648 56.345001
-39.489227 48.567883 0.750000 0.000000 0.000000 -1.716964 56.445000
-39.518909 48.368862 0.750000 0.000000 0.000000 -1.718058 56.544998
-39.546871 48.161407 0.750000 0.000000 0.000000 -1.655183 56.650002
-39.545357 47.958313 0.750000 0.000000 0.000000 -1.474541 56.764999
-39.509846 47.778534 0.750000 0.000000 0.000000 -1.278192 56.889999
-39.459679 47.654068 0.750000 0.000000 0.000000 -1.097550 57.005001
-39.403446 47.565575 0.750000 0.000000 0.000000 -0.909054 57.125000
-39.358047 47.516724 0.750000 0.000000 0.000000 -0.728413 57.240002
-39.331127 47.496315 0.750000 0.000000 0.000000 -0.547771 57.355000
-39.327209 47.494102 0.750000 0.000000 0.000000 -0.335713 57.490002
-39.327209 47.494102 0.750000 0.000000 0.000000 -0.159784 57.602001
-39.327209 47.494102 0.750000 0.000000 -0.000000 0.025570 57.720001
-39.327209 47.494102 0.750000 0.000000 -0.000000 0.206211 57.834999
-39.327209 47.494102 0.750000 0.000000 -0.000000 0.389995 57.952000
-39.326988 47.494217 0.750000 0.000000 -0.000000 0.565770 58.105000
-39.324940 47.495861 0.750000 0.000000 -0.000000 0.742455 58.325001
-39.315792 47.506561 0.750000 0.000000 -0.000000 0.919227 58.570000
-39.292759 47.548191 0.750000 0.000000 -0.000000 1.093823 58.845001
-39.210274 47.732510 0.750000 0.000000 -0.000000 1.175092 59.099998
-39.132141 47.919331 0.750000 0.000000 -0.000000 1.174618 59.255001
-39.054436 48.105080 0.750000 0.000000 -0.000000 1.174619 59.376999
-38.965572 48.318836 0.750000 0.000000 -0.000000 1.189378 59.497002
-38.894821 48.512318 0.750000 0.000000 -0.000000 1.263790 59.599998
-38.843727 48.714390 0.750000 0.000000 -0.000000 1.332143 59.709999
-38.795254 48.909592 0.750000 0.000000 -0.000000 1.326611 59.810001
-38.746616 49.104897 0.750000 0.000000 -0.000000 1.326730 59.910000
-38.698009 49.300209 0.750000 0.000000 -0.000000 1.326716 60.009998
-38.642082 49.524773 0.750000 0.000000 -0.000000 1.326709 60.125000
-38.593445 49.720085 0.750000 0.000000 -0.000000 1.326707 60.224998
-38.544804 49.915417 0.750000 0.000000 -0.000000 1.326705 60.325001
-38.496170 50.110725 0.750000 0.000000 -0.000000 1.326700 60.424999
-38.444542 50.318069 0.750000 0.000000 -0.000000 1.326691 60.530998
-38.393364 50.526363 0.750000 0.000000 -0.000000 1.354960 60.638000
-38.353172 50.725372 0.750000 0.000000 -0.000000 1.369585 60.740002
-38.312893 50.922649 0.750000 0.000000 -0.000000 1.369595 60.840000
-38.272686 51.119869 0.750000 0.000000 -0.000000 1.369614 60.939999
-38.232456 51.317207 0.750000 0.000000 -0.000000 1.369608 61.040001
-38.192253 51.514423 0.750000 0.000000 -0.000000 1.369596 61.139999
-38.152039 51.711662 0.750000 0.000000 -0.000000 1.369591 61.240002
-38.111835 51.908855 0.750000 0.000000 -0.000000 1.369585 61.340000
-38.071621 52.106094 0.750000 0.000000 -0.000000 1.369579 61.439999
-38.031391 52.303436 0.750000 0.000000 -0.000000 1.369568 61.540001
-37.995674 52.500771 0.750000 0.000000 -0.000000 1.449678 61.640999
-37.976276 52.703266 0.750000 0.000000 -0.000000 1.474749 61.745998
-37.956863 52.903576 0.750000 0.000000 -0.000000 1.474187 61.846001
-37.937435 53.104012 0.750000 0.000000 -0.000000 1.474206 61.945999
-37.917225 53.312485 0.750000 0.000000 -0.000000 1.474211 62.049999
-37.897812 53.512791 0.750000 0.000000 -0.000000 1.474213 62.150002
-37.878201 53.715115 0.750000 0.000000 -0.000000 1.474218 62.250999
-37.857826 53.925350 0.750000 0.000000 -0.000000 1.474220 62.355999
-37.837631 54.133747 0.750000 0.000000 -0.000000 1.474218 62.459999
-37.818218 54.334103 0.750000 0.000000 -0.000000 1.474221 62.560001
-37.809280 54.534897 0.750000 0.000000 -0.000000 1.579884 62.665001
-37.809368 54.742481 0.750000 0.000000 -0.000000 1.566673 62.770000
-37.808022 54.951458 0.750000 0.000000 -0.000000 1.553250 62.874001
-37.799343 55.152752 0.750000 0.000000 -0.000000 1.504475 62.973999
-37.780907 55.353264 0.750000 0.000000 -0.000000 1.455951 63.074001
-37.756035 55.552975 0.750000 0.000000 -0.000000 1.447852 63.174000
-37.731277 55.752697 0.750000 0.000000 -0.000000 1.447279 63.273998
-37.706482 55.952396 0.750000 0.000000 -0.000000 1.447294 63.374001
-37.681671 56.152222 0.750000 0.000000 -0.000000 1.447297 63.473999
-37.655819 56.372604 0.750000 0.000000 -0.000000 1.492852 63.584999
-37.658676 56.577240 0.750000 0.000000 -0.000000 1.673493 63.700001
-37.695713 56.758446 0.750000 0.000000 -0.000000 1.869843 63.825001
-37.747341 56.884151 0.750000 0.000000 -0.000000 2.050484 63.939999
-37.803101 56.971165 0.750000 0.000000 -0.000000 2.232697 64.056000
-37.850006 57.021683 0.750000 0.000000 -0.000000 2.411768 64.169998
-37.881432 57.045158 0.750000 0.000000 -0.000000 2.615971 64.300003
-37.884731 57.046928 0.750000 0.000000 -0.000000 2.812321 64.425003
-37.884731 57.046928 0.750000 0.000000 -0.000000 2.992963 64.540001
-37.884731 57.046928 0.750000 0.000000 0.000000 -3.114293 64.652000
-37.884731 57.046928 0.750000 0.000000 0.000000 -2.933652 64.766998
-37.884731 57.046928 0.750000 0.000000 0.000000 -2.740444 64.889999
-37.884731 57.046928 0.750000 0.000000 0.000000 -2.556903 65.025002
-37.885506 57.046257 0.750000 0.000000 0.000000 -2.381591 65.209999
-37.908466 57.018078 0.750000 0.000000 0.000000 -2.206658 65.495003
-37.926746 56.989964 0.750000 0.000000 0.000000 -2.027591 65.650002
-38.009010 56.791271 0.750000 0.000000 0.000000 -1.955495 66.031998
-38.085236 56.602989 0.750000 0.000000 0.000000 -1.955487 66.196999
-38.166622 56.401962 0.750000 0.000000 0.000000 -1.955488 66.332001
-38.242023 56.206261 0.750000 0.000000 0.000000 -1.915257 66.442001
-38.305187 56.015186 0.750000 0.000000 0.000000 -1.867117 66.542000
-38.355450 55.820847 0.750000 0.000000 0.000000 -1.753334 66.644997
-38.391376 55.619656 0.750000 0.000000 0.000000 -1.750113 66.750000
-38.427616 55.419643 0.750000 0.000000 0.000000 -1.749983 66.850998
-38.465237 55.211903 0.750000 0.000000 0.000000 -1.749988 66.956001
-38.501095 55.013882 0.750000 0.000000 0.000000 -1.749992 67.056000
-38.536953 54.815861 0.750000 0.000000 0.000000 -1.749997 67.155998
-38.574547 54.608280 0.750000 0.000000 0.000000 -1.750003 67.261002
-38.611797 54.402592 0.750000 0.000000 0.000000 -1.750006 67.364998
-38.648323 54.200882 0.750000 0.000000 0.000000 -1.750017 67.467003
-38.685280 53.996807 0.750000 0.000000 0.000000 -1.750021 67.570000
-38.710167 53.769604 0.750000 0.000000 0.000000 -1.641352 67.690002
-38.725277 53.563763 0.750000 0.000000 0.000000 -1.644979 67.792999
-38.740158 53.363071 0.750000 0.000000 0.000000 -1.644723 67.892998
-38.759342 53.104294 0.750000 0.000000 0.000000 -1.644721 68.022003
-38.775707 52.883533 0.750000 0.000000 0.000000 -1.644713 68.132004
-38.790585 52.682842 0.750000 0.000000 0.000000 -1.644706 68.232002
-38.805462 52.482151 0.750000 0.000000 0.000000 -1.644698 68.332001
-38.820347 52.281334 0.750000 0.000000 0.000000 -1.644690 68.431999
-38.835224 52.080643 0.750000 0.000000 0.000000 -1.644681 68.531998
-38.846386 51.874016 0.750000 0.000000 0.000000 -1.566136 68.637001
-38.839836 51.672501 0.750000 0.000000 0.000000 -1.538637 68.741997
-38.833488 51.471352 0.750000 0.000000 0.000000 -1.539231 68.842003
-38.830868 51.270149 0.750000 0.000000 0.000000 -1.581221 68.942001
-38.834335 51.068924 0.750000 0.000000 0.000000 -1.587589 69.042000
-38.837662 50.867699 0.750000 0.000000 0.000000 -1.587398 69.141998
-38.841019 50.666473 0.750000 0.000000 0.000000 -1.587401 69.241997
-38.844475 50.459076 0.750000 0.000000 0.000000 -1.587396 69.345001
-38.847824 50.257751 0.750000 0.000000 0.000000 -1.587394 69.445000
-38.856007 50.054573 0.750000 0.000000 0.000000 -1.635012 69.545998
-38.869785 49.842113 0.750000 0.000000 0.000000 -1.604294 69.652000
-38.864964 49.637009 0.750000 0.000000 0.000000 -1.497236 69.764999
-38.837433 49.435638 0.750000 0.000000 0.000000 -1.373628 69.900002
-38.778511 49.227352 0.750000 0.000000 0.000000 -1.229416 70.089996
-38.700466 49.040215 0.750000 0.000000 0.000000 -1.103965 70.264999
-38.594830 48.863640 0.750000 0.000000 0.000000 -0.988553 70.460999
-38.475555 48.695335 0.750000 0.000000 0.000000 -0.924669 70.605003
-38.343849 48.542908 0.750000 0.000000 0.000000 -0.825181 70.730003
-38.202873 48.392429 0.750000 0.000000 0.000000 -0.818182 70.839996
-38.065315 48.245541 0.750000 0.000000 0.000000 -0.818181 70.940002
-37.927776 48.098690 0.750000 0.000000 0.000000 -0.818178 71.040001
-37.790199 47.951801 0.750000 0.000000 0.000000 -0.818184 71.139999
-37.652588 47.804878 0.750000 0.000000 0.000000 -0.818191 71.239998
-37.512531 47.660427 0.750000 0.000000 0.000000 -0.776962 71.339996
-37.365482 47.523060 0.750000 0.000000 0.000000 -0.728261 71.440002
-37.214642 47.390362 0.750000 0.000000 0.000000 -0.721481 71.540001
-37.063503 47.257694 0.750000 0.000000 0.000000 -0.705811 71.639999
-36.908947 47.129574 0.750000 0.000000 0.000000 -0.694329 71.739998
-36.751675 47.004044 0.750000 0.000000 0.000000 -0.649778 71.839996
-36.588394 46.886429 0.750000 0.000000 0.000000 -0.601256 71.940002
-36.422012 46.773209 0.750000 0.000000 0.000000 -0.598987 72.040001
-36.255978 46.659813 0.750000 0.000000 0.000000 -0.599192 72.139999
-36.089874 46.546398 0.750000 0.000000 0.000000 -0.599194 72.239998
-35.923836 46.433022 0.750000 0.000000 0.000000 -0.599201 72.339996
-35.752094 46.328873 0.750000 0.000000 0.000000 -0.488414 72.445000
-35.567863 46.232590 0.750000 0.000000 0.000000 -0.482571 72.554001
-35.384968 46.137447 0.750000 0.000000 0.000000 -0.455864 72.656998
-35.209797 46.033195 0.750000 0.000000 0.000000 -0.623939 72.769997
-35.078064 45.918739 0.750000 0.000000 0.000000 -0.804581 72.885002
-34.975563 45.786026 0.750000 0.000000 0.000000 -1.024492 73.025002
-34.930889 45.695171 0.750000 0.000000 0.000000 -1.205134 73.139999
-34.911655 45.627720 0.750000 0.000000 0.000000 -1.385776 73.254997
-34.907974 45.592709 0.750000 0.000000 0.000000 -1.566417 73.370003
-34.908157 45.587410 0.750000 0.000000 0.000000 -1.770621 73.500000
-34.908157 45.587410 0.750000 0.000000 0.000000 -1.951263 73.625000
-34.908157 45.587410 0.750000 0.000000 0.000000 -2.141329 73.795998
-34.908157 45.587410 0.750000 0.000000 0.000000 -2.322888 73.931999
-34.909206 45.586514 0.750000 0.000000 0.000000 -2.505027 74.126999
-34.928261 45.575115 0.750000 0.000000 0.000000 -2.680776 74.391998
-35.134705 45.495373 0.750000 0.000000 0.000000 -2.826688 74.911003
-35.331455 45.440365 0.750000 0.000000 0.000000 -2.905017 75.095001
-35.532028 45.398682 0.750000 0.000000 0.000000 -2.964792 75.230003
-35.734283 45.368229 0.750000 0.000000 0.000000 -3.016488 75.343002
-35.937183 45.343685 0.750000 0.000000 0.000000 -3.019292 75.445000
-36.138687 45.318901 0.750000 0.000000 0.000000 -3.019300 75.545998
-36.355278 45.288666 0.750000 0.000000 0.000000 -2.947048 75.655998
-36.558189 45.248638 0.750000 0.000000 0.000000 -2.954638 75.760002
-36.758804 45.216213 0.750000 0.000000 0.000000 -3.006443 75.861000
-36.966984 45.193359 0.750000 0.000000 0.000000 -3.051472 75.964996
-37.167591 45.174984 0.750000 0.000000 0.000000 -3.053341 76.065002
-37.368404 45.162563 0.750000 0.000000 0.000000 -3.104142 76.165001
-37.571667 45.160133 0.750000 0.000000 -0.000000 3.130636 76.265999
-37.780880 45.167828 0.750000 0.000000 -0.000000 3.085352 76.370003
-37.981617 45.178799 0.750000 0.000000 -0.000000 3.088573 76.470001
-38.182365 45.194664 0.750000 0.000000 -0.000000 3.036040 76.570000
-38.390675 45.219749 0.750000 0.000000 -0.000000 3.037070 76.675003
-38.590466 45.242577 0.750000 0.000000 -0.000000 3.016307 76.775002
-38.789574 45.272896 0.750000 0.000000 -0.000000 2.972636 76.875000
-38.987995 45.306522 0.750000 0.000000 -0.000000 2.974447 76.974998
-39.186275 45.339943 0.750000 0.000000 -0.000000 2.978264 77.074997
-39.385494 45.367249 0.750000 0.000000 -0.000000 3.025909 77.175003
-39.591377 45.391621 0.750000 0.000000 -0.000000 3.022238 77.278000
-39.791191 45.415577 0.750000 0.000000 -0.000000 3.022422 77.377998
-40.024837 45.443588 0.750000 0.000000 -0.000000 3.022436 77.495003
-40.224522 45.467495 0.750000 0.000000 -0.000000 3.022445 77.595001
-40.428940 45.486099 0.750000 0.000000 -0.000000 3.116690 77.699997
-40.622990 45.473118 0.750000 0.000000 0.000000 -2.985853 77.815002
-40.779648 45.433620 0.750000 0.000000 0.000000 -2.805212 77.930000
-40.896835 45.380314 0.750000 0.000000 0.000000 -2.624570 78.044998
-40.976448 45.324959 0.750000 0.000000 0.000000 -2.440786 78.162003
-41.019623 45.281754 0.750000 0.000000 0.000000 -2.263286 78.275002
-41.036869 45.257256 0.750000 0.000000 0.000000 -2.074791 78.394997
-41.037785 45.255482 0.750000 0.000000 0.000000 -1.894149 78.510002
-41.037785 45.255482 0.750000 0.000000 0.000000 -1.713507 78.625000
-41.037785 45.255482 0.750000 0.000000 0.000000 -1.532866 78.739998
-41.037785 45.255482 0.750000 0.000000 0.000000 -1.352224 78.855003
-41.037785 45.255482 0.750000 0.000000 0.000000 -1.171582 78.970001
-41.037785 45.255482 0.750000 0.000000 0.000000 -0.995946 79.110001
-40.990154 45.196667 0.750000 0.000000 0.000000 -0.820855 79.445000
-40.842102 45.058083 0.750000 0.000000 0.000000 -0.691057 79.720001
-40.665661 44.922306 0.750000 0.000000 0.000000 -0.636320 79.900002
-40.503010 44.801975 0.750000 0.000000 0.000000 -0.637063 80.025002
-40.340607 44.681812 0.750000 0.000000 0.000000 -0.637045 80.130997
-40.172394 44.557350 0.750000 0.000000 0.000000 -0.637051 80.235001
-40.010616 44.437645 0.750000 0.000000 0.000000 -0.637052 80.334999
-39.848839 44.317940 0.750000 0.000000 0.000000 -0.637055 80.434998
-39.685234 44.200565 0.750000 0.000000 0.000000 -0.599811 80.535004
-39.516376 44.092304 0.750000 0.000000 0.000000 -0.523894 80.635002
-39.333809 43.994961 0.750000 0.000000 0.000000 -0.491503 80.739998
-39.156532 43.899647 0.750000 0.000000 0.000000 -0.493190 80.839996
-38.979198 43.804352 0.750000 0.000000 0.000000 -0.493105 80.940002
-38.801796 43.709023 0.750000 0.000000 0.000000 -0.493109 81.040001
-38.622414 43.612633 0.750000 0.000000 0.000000 -0.493110 81.140999
-38.443596 43.520344 0.750000 0.000000 0.000000 -0.451413 81.240997
-38.252377 43.430450 0.750000 0.000000 0.000000 -0.439026 81.346001
-38.063210 43.341545 0.750000 0.000000 0.000000 -0.439282 81.449997
-37.881039 43.255939 0.750000 0.000000 0.000000 -0.439270 81.550003
-37.691116 43.169048 0.750000 0.000000 0.000000 -0.384291 81.654999
-37.502693 43.093719 0.750000 0.000000 0.000000 -0.385469 81.757004
-37.308773 43.014996 0.750000 0.000000 0.000000 -0.385560 81.861000
-37.122215 42.939274 0.750000 0.000000 0.000000 -0.385566 81.960999
-36.922691 42.858288 0.750000 0.000000 0.000000 -0.385563 82.068001
-36.732471 42.781082 0.750000 0.000000 0.000000 -0.385563 82.169998
-36.545986 42.705387 0.750000 0.000000 0.000000 -0.385564 82.269997
-36.359524 42.629704 0.750000 0.000000 0.000000 -0.385562 82.370003
-36.173038 42.554008 0.750000 0.000000 0.000000 -0.385560 82.470001
-35.986599 42.478329 0.750000 0.000000 0.000000 -0.385557 82.570000
-35.799068 42.404152 0.750000 0.000000 0.000000 -0.336860 82.670998
-35.602768 42.335705 0.750000 0.000000 0.000000 -0.346687 82.775002
-35.409473 42.266090 0.750000 0.000000 0.000000 -0.345017 82.876999
-35.186039 42.185772 0.750000 0.000000 0.000000 -0.345054 82.995003
-34.996685 42.117702 0.750000 0.000000 0.000000 -0.345049 83.095001
-34.807331 42.049633 0.750000 0.000000 0.000000 -0.345045 83.195000
-34.617958 41.981560 0.750000 0.000000 0.000000 -0.345041 83.294998
-34.428558 41.913467 0.750000 0.000000 0.000000 -0.345037 83.394997
-34.239113 41.845364 0.750000 0.000000 0.000000 -0.345029 83.495003
-34.049904 41.777351 0.750000 0.000000 0.000000 -0.345024 83.595001
-33.851475 41.709450 0.750000 0.000000 0.000000 -0.316176 83.699997
-33.660507 41.645939 0.750000 0.000000 0.000000 -0.322619 83.800003
-33.469688 41.582207 0.750000 0.000000 0.000000 -0.322231 83.900002
-33.269375 41.513916 0.750000 0.000000 0.000000 -0.346330 84.004997
-33.081818 41.440746 0.750000 0.000000 0.000000 -0.394780 84.105003
-32.897591 41.359531 0.750000 0.000000 0.000000 -0.421882 84.205002
-32.713833 41.277283 0.750000 0.000000 0.000000 -0.420594 84.305000
-32.528145 41.194218 0.750000 0.000000 0.000000 -0.420628 84.405998
-32.317745 41.094601 0.750000 0.000000 0.000000 -0.498206 84.525002
-32.148178 40.986931 0.750000 0.000000 0.000000 -0.618530 84.644997
-31.997255 40.864086 0.750000 0.000000 0.000000 -0.796030 84.790001
-31.923256 40.773403 0.750000 0.000000 0.000000 -0.976672 84.904999
-31.881235 40.696877 0.750000 0.000000 0.000000 -1.165168 85.025002
-31.865555 40.649757 0.750000 0.000000 0.000000 -1.345809 85.139999
-31.862917 40.633480 0.750000 0.000000 0.000000 -1.526451 85.254997
-31.862917 40.633480 0.750000 0.000000 0.000000 -1.707093 85.370003
-31.862917 40.633480 0.750000 0.000000 0.000000 -1.905580 85.504997
-31.864159 40.631004 0.750000 0.000000 0.000000 -2.080478 85.676003
-31.864538 40.630386 0.750000 0.000000 0.000000 -2.260896 86.025002
-31.897554 40.598816 0.750000 0.000000 0.000000 -2.439186 86.320000
-32.064663 40.482388 0.750000 0.000000 0.000000 -2.547671 86.666000
-32.234989 40.377155 0.750000 0.000000 0.000000 -2.621295 86.834999
-32.414165 40.281628 0.750000 0.000000 0.000000 -2.678688 86.964996
-32.599789 40.195202 0.750000 0.000000 0.000000 -2.723320 87.074997
-32.783615 40.113316 0.750000 0.000000 0.000000 -2.721961 87.175003
-32.972889 40.028893 0.750000 0.000000 0.000000 -2.722002 87.278000
-33.156681 39.946915 0.750000 0.000000 0.000000 -2.721995 87.377998
-33.380928 39.846886 0.750000 0.000000 0.000000 -2.721994 87.500000
-33.566879 39.764969 0.750000 0.000000 0.000000 -2.742482 87.600998
-33.753315 39.689140 0.750000 0.000000 0.000000 -2.754628 87.700996
-33.947323 39.610554 0.750000 0.000000 0.000000 -2.757376 87.805000
-34.161919 39.523766 0.750000 0.000000 0.000000 -2.757239 87.919998
-34.350113 39.447655 0.750000 0.000000 0.000000 -2.757248 88.021004
-34.544128 39.369190 0.750000 0.000000 0.000000 -2.757246 88.125000
-34.730820 39.293690 0.750000 0.000000 0.000000 -2.757242 88.224998
-34.917320 39.218262 0.750000 0.000000 0.000000 -2.757236 88.324997
-35.104679 39.144875 0.750000 0.000000 0.000000 -2.789125 88.425003
-35.294537 39.078285 0.750000 0.000000 0.000000 -2.806263 88.525002
-35.504482 39.008068 0.750000 0.000000 0.000000 -2.842548 88.635002
-35.695923 38.946354 0.750000 0.000000 0.000000 -2.827717 88.735001
-35.887379 38.884624 0.750000 0.000000 0.000000 -2.829887 88.834999
-36.078968 38.822880 0.750000 0.000000 0.000000 -2.829791 88.934998
-36.270504 38.761154 0.750000 0.000000 0.000000 -2.829796 89.035004
-36.462044 38.699429 0.750000 0.000000 0.000000 -2.829790 89.135002
-36.654480 38.640587 0.750000 0.000000 0.000000 -2.867990 89.235001
-36.848953 38.588341 0.750000 0.000000 0.000000 -2.878817 89.334999
-37.043297 38.535915 0.750000 0.000000 0.000000 -2.878126 89.434998
-37.237560 38.483517 0.750000 0.000000 0.000000 -2.878172 89.535004
-37.431973 38.431080 0.750000 0.000000 0.000000 -2.878170 89.635002
-37.626678 38.379456 0.750000 0.000000 0.000000 -2.907631 89.735001
-37.823578 38.338524 0.750000 0.000000 0.000000 -2.959515 89.834999
-38.022102 38.304161 0.750000 0.000000 0.000000 -2.969824 89.934998
-38.220116 38.269650 0.750000 0.000000 0.000000 -2.968963 90.035004
-38.432426 38.232635 0.750000 0.000000 0.000000 -2.968980 90.141998
-38.637226 38.200169 0.750000 0.000000 0.000000 -3.007760 90.245003
-38.837379 38.178425 0.750000 0.000000 0.000000 -3.056376 90.345001
-39.037842 38.162621 0.750000 0.000000 0.000000 -3.062546 90.445000
-39.238289 38.146709 0.750000 0.000000 0.000000 -3.062397 90.544998
-39.438862 38.130798 0.750000 0.000000 0.000000 -3.062404 90.644997
-39.640945 38.110325 0.750000 0.000000 0.000000 -3.046531 90.746002
-39.841789 38.095547 0.750000 0.000000 0.000000 -3.091514 90.846001
-40.042824 38.086334 0.750000 0.000000 0.000000 -3.093044 90.945999
-40.243820 38.076420 0.750000 0.000000 0.000000 -3.092383 91.045998
-40.444801 38.066517 0.750000 0.000000 0.000000 -3.092396 91.146004
-40.645885 38.056614 0.750000 0.000000 0.000000 -3.092396 91.246002
-40.846931 38.046700 0.750000 0.000000 0.000000 -3.092402 91.346001
-41.052052 38.036594 0.750000 0.000000 0.000000 -3.092408 91.447998
-41.259029 38.026421 0.750000 0.000000 0.000000 -3.092407 91.551003
-41.463951 38.020046 0.750000 0.000000 0.000000 -3.135671 91.653000
-41.668331 38.018238 0.750000 0.000000 0.000000 -3.080010 91.755997
-41.870613 38.001812 0.750000 0.000000 0.000000 -3.069698 91.860001
-42.073738 37.991074 0.750000 0.000000 0.000000 -3.112251 91.960999
-42.274960 37.990219 0.750000 0.000000 -0.000000 3.122709 92.060997
-42.478043 37.999229 0.750000 0.000000 -0.000000 3.073925 92.162003
-42.678314 38.017941 0.750000 0.000000 -0.000000 3.025517 92.262001
-42.877926 38.041328 0.750000 0.000000 -0.000000 3.027539 92.362000
-43.087276 38.071182 0.750000 0.000000 -0.000000 2.974868 92.467003
-43.292542 38.111176 0.750000 0.000000 -0.000000 2.929732 92.570999
-43.488850 38.153210 0.750000 0.000000 -0.000000 2.931367 92.670998
-43.684353 38.202545 0.750000 0.000000 -0.000000 2.900971 92.779999
-43.876099 38.263981 0.750000 0.000000 -0.000000 2.767359 92.910004
-44.056980 38.350368 0.750000 0.000000 -0.000000 2.622136 93.080002
-44.225868 38.464581 0.750000 0.000000 -0.000000 2.503204 93.285004
-44.388363 38.594582 0.750000 0.000000 -0.000000 2.435964 93.434998
-44.543781 38.734837 0.750000 0.000000 -0.000000 2.381204 93.556000
-44.696774 38.888592 0.750000 0.000000 -0.000000 2.328821 93.665001
-44.840485 39.040657 0.750000 0.000000 -0.000000 2.369638 93.771004
-44.979321 39.184933 0.750000 0.000000 -0.000000 2.308086 93.871002
-45.110855 39.337185 0.750000 0.000000 -0.000000 2.260671 93.971001
-45.237370 39.499004 0.750000 0.000000 -0.000000 2.210897 94.072998
-45.357254 39.661026 0.750000 0.000000 -0.000000 2.209443 94.172997
-45.478409 39.824257 0.750000 0.000000 -0.000000 2.209163 94.274002
-45.599533 39.987469 0.750000 0.000000 -0.000000 2.209180 94.375000
-45.724194 40.155800 0.750000 0.000000 -0.000000 2.200217 94.478996
-45.839478 40.322979 0.750000 0.000000 -0.000000 2.151054 94.580002
-45.948521 40.499199 0.750000 0.000000 -0.000000 2.101193 94.682999
-46.049641 40.674454 0.750000 0.000000 -0.000000 2.101640 94.783997
-46.146263 40.851303 0.750000 0.000000 -0.000000 2.055025 94.884003
-46.244061 41.036755 0.750000 0.000000 -0.000000 2.056562 94.987999
-46.342205 41.224125 0.750000 0.000000 -0.000000 2.039638 95.093002
-46.428730 41.405567 0.750000 0.000000 -0.000000 2.004850 95.193001
-46.534103 41.631695 0.750000 0.000000 -0.000000 2.007582 95.317001
-46.619183 41.816219 0.750000 0.000000 -0.000000 1.986922 95.417999
-46.700550 42.011032 0.750000 0.000000 -0.000000 1.962212 95.523003
-46.778725 42.202473 0.750000 0.000000 -0.000000 1.942164 95.625999
-46.843109 42.395390 0.750000 0.000000 -0.000000 1.820203 95.731003
-46.888531 42.590298 0.750000 0.000000 -0.000000 1.725955 95.850998
-46.898636 42.747391 0.750000 0.000000 -0.000000 1.545313 95.966003
-46.884571 42.869331 0.750000 0.000000 -0.000000 1.369384 96.078003
-46.858448 42.957077 0.750000 0.000000 -0.000000 1.193455 96.190002
-46.831585 43.011002 0.750000 0.000000 -0.000000 1.015954 96.303001
-46.815308 43.033283 0.750000 0.000000 -0.000000 0.836884 96.417000
-46.813942 43.034714 0.750000 0.000000 -0.000000 0.659384 96.529999
-46.813942 43.034714 0.750000 0.000000 -0.000000 0.483454 96.641998
-46.813942 43.034714 0.750000 0.000000 -0.000000 0.304383 96.755997
-46.813942 43.034714 0.750000 0.000000 -0.000000 0.123742 97.081001
-46.813942 43.034714 0.750000 0.000000 0.000000 -0.072608 97.206001
-46.813942 43.034714 0.750000 0.000000 0.000000 -0.261103 97.325996
-46.813713 43.034607 0.750000 0.000000 0.000000 -0.439731 97.486000
-46.800461 43.026402 0.750000 0.000000 0.000000 -0.615452 97.711998
-46.757069 42.988312 0.750000 0.000000 0.000000 -0.795879 98.080002
-46.630692 42.830814 0.750000 0.000000 0.000000 -0.944696 98.389999
-46.517254 42.660797 0.750000 0.000000 0.000000 -1.014340 98.555000
-46.411488 42.488331 0.750000 0.000000 0.000000 -1.020231 98.681999
-46.303646 42.315819 0.750000 0.000000 0.000000 -0.997940 98.791000
-46.198372 42.140587 0.750000 0.000000 0.000000 -1.043788 98.892998
-46.096302 41.967056 0.750000 0.000000 0.000000 -1.037041 98.992996
-45.983917 41.776772 0.750000 0.000000 0.000000 -1.037436 99.102997
-45.881645 41.603561 0.750000 0.000000 0.000000 -1.037423 99.203003
-45.763035 41.402691 0.750000 0.000000 0.000000 -1.037427 99.319000
-45.661724 41.228951 0.750000 0.000000 0.000000 -1.059597 99.418999
-45.565369 41.045254 0.750000 0.000000 0.000000 -1.111467 99.522003
-45.478134 40.859276 0.750000 0.000000 0.000000 -1.138223 99.624001
-45.391026 40.671249 0.750000 0.000000 0.000000 -1.136798 99.726997
-45.296169 40.485996 0.750000 0.000000 0.000000 -1.110204 99.832001
-45.210625 40.303692 0.750000 0.000000 0.000000 -1.132035 99.931999
-45.124508 40.121655 0.750000 0.000000 0.000000 -1.128644 100.031998
-45.040661 39.938808 0.750000 0.000000 0.000000 -1.162862 100.132004
-44.965874 39.751743 0.750000 0.000000 0.000000 -1.213753 100.232002
-44.898407 39.562160 0.750000 0.000000 0.000000 -1.229953 100.332001
-44.828705 39.366684 0.750000 0.000000 0.000000 -1.227991 100.434998
-44.759697 39.173294 0.750000 0.000000 0.000000 -1.227981 100.537003
-44.692215 38.984169 0.750000 0.000000 0.000000 -1.227975 100.637001
-44.624588 38.794640 0.750000 0.000000 0.000000 -1.227966 100.737000
-44.551311 38.608227 0.750000 0.000000 0.000000 -1.194435 100.836998
-44.481361 38.419544 0.750000 0.000000 0.000000 -1.237679 100.936996
-44.417774 38.228981 0.750000 0.000000 0.000000 -1.249321 101.037003
-44.352123 38.032169 0.750000 0.000000 0.000000 -1.248876 101.139999
-44.288456 37.841244 0.750000 0.000000 0.000000 -1.248956 101.239998
-44.224789 37.650318 0.750000 0.000000 0.000000 -1.248952 101.339996
-44.161121 37.459393 0.750000 0.000000 0.000000 -1.248955 101.440002
-44.097412 37.268349 0.750000 0.000000 0.000000 -1.248960 101.540001
-44.032524 37.073742 0.750000 0.000000 0.000000 -1.248962 101.641998
-43.971375 36.881943 0.750000 0.000000 0.000000 -1.285151 101.741997
-43.915359 36.682949 0.750000 0.000000 0.000000 -1.296868 101.845001
-43.859203 36.483345 0.750000 0.000000 0.000000 -1.296578 101.947998
-43.802494 36.281776 0.750000 0.000000 0.000000 -1.296605 102.052002
-43.748028 36.088173 0.750000 0.000000 0.000000 -1.296609 102.152000
-43.693523 35.894428 0.750000 0.000000 0.000000 -1.296613 102.251999
-43.638924 35.700333 0.750000 0.000000 0.000000 -1.296619 102.351997
-43.585976 35.497963 0.750000 0.000000 0.000000 -1.339225 102.456001
-43.540855 35.297295 0.750000 0.000000 0.000000 -1.347062 102.557999
-43.492538 35.085365 0.750000 0.000000 0.000000 -1.347039 102.666000
-43.445732 34.879395 0.750000 0.000000 0.000000 -1.351736 102.771004
-43.395660 34.682758 0.750000 0.000000 0.000000 -1.268484 102.875999
-43.341930 34.487526 0.750000 0.000000 0.000000 -1.330557 102.977997
-43.296295 34.276989 0.750000 0.000000 0.000000 -1.381565 103.084999
-43.262104 34.068634 0.750000 0.000000 0.000000 -1.432246 103.190002
-43.239212 33.866722 0.750000 0.000000 0.000000 -1.480973 103.291000
-43.226051 33.665943 0.750000 0.000000 0.000000 -1.520062 103.390999
-43.215763 33.460781 0.750000 0.000000 0.000000 -1.529116 103.492996
-43.212021 33.259399 0.750000 0.000000 0.000000 -1.562824 103.593002
-43.209866 33.032047 0.750000 0.000000 0.000000 -1.560682 103.706001
-43.205303 32.822277 0.750000 0.000000 0.000000 -1.533362 103.810997
-43.199795 32.617214 0.750000 0.000000 0.000000 -1.547949 103.913002
-43.194134 32.379734 0.750000 0.000000 0.000000 -1.546820 104.030998
-43.189301 32.178562 0.750000 0.000000 0.000000 -1.546862 104.130997
-43.184464 31.977266 0.750000 0.000000 0.000000 -1.546869 104.231003
-43.179176 31.756037 0.750000 0.000000 0.000000 -1.546870 104.341003
-43.174198 31.548471 0.750000 0.000000 0.000000 -1.546873 104.444000
-43.169201 31.339386 0.750000 0.000000 0.000000 -1.546876 104.547997
-43.164394 31.138199 0.750000 0.000000 0.000000 -1.546871 104.648003
-43.161919 30.935104 0.750000 0.000000 0.000000 -1.581764 104.749001
-43.165298 30.731651 0.750000 0.000000 0.000000 -1.548718 104.850998
-43.155018 30.523832 0.750000 0.000000 0.000000 -1.524316 104.957001
-43.145664 30.322824 0.750000 0.000000 0.000000 -1.523682 105.056999
-43.135769 30.114065 0.750000 0.000000 0.000000 -1.523500 105.161003
-43.126270 29.913050 0.750000 0.000000 0.000000 -1.523509 105.261002
-43.120102 29.705961 0.750000 0.000000 0.000000 -1.564865 105.363998
-43.118832 29.494617 0.750000 0.000000 0.000000 -1.564875 105.469002
-43.117611 29.291746 0.750000 0.000000 0.000000 -1.564885 105.570000
-43.116409 29.088352 0.750000 0.000000 0.000000 -1.564883 105.670998
-43.115154 28.875282 0.750000 0.000000 0.000000 -1.564884 105.777000
-43.105515 28.672396 0.750000 0.000000 0.000000 -1.470636 105.882004
-43.084568 28.458445 0.750000 0.000000 0.000000 -1.479874 105.989998
-43.071465 28.257517 0.750000 0.000000 0.000000 -1.528756 106.089996
-43.067955 28.056288 0.750000 0.000000 0.000000 -1.568795 106.190002
-43.067078 27.855118 0.750000 0.000000 0.000000 -1.565249 106.290001
-43.066025 27.654068 0.750000 0.000000 0.000000 -1.565669 106.389999
-43.064983 27.452499 0.750000 0.000000 0.000000 -1.565634 106.489998
-43.063934 27.251230 0.750000 0.000000 0.000000 -1.565642 106.589996
-43.062881 27.049938 0.750000 0.000000 0.000000 -1.565647 106.690002
-43.061855 26.848841 0.750000 0.000000 0.000000 -1.565647 106.790001
-43.050793 26.647463 0.750000 0.000000 0.000000 -1.496219 106.894997
-43.041317 26.427168 0.750000 0.000000 0.000000 -1.554383 107.004997
-43.044266 26.185535 0.750000 0.000000 0.000000 -1.599087 107.125000
-43.049675 25.984354 0.750000 0.000000 0.000000 -1.597393 107.224998
-43.055054 25.783072 0.750000 0.000000 0.000000 -1.597442 107.324997
-43.060486 25.579811 0.750000 0.000000 0.000000 -1.597426 107.426003
-43.066082 25.370255 0.750000 0.000000 0.000000 -1.597418 107.529999
-43.071625 25.162922 0.750000 0.000000 0.000000 -1.597410 107.633003
-43.077099 24.957766 0.750000 0.000000 0.000000 -1.597397 107.735001
-43.080132 24.755150 0.750000 0.000000 0.000000 -1.601587 107.835999
-43.090141 24.546318 0.750000 0.000000 0.000000 -1.620085 107.940002
-43.099770 24.345373 0.750000 0.000000 0.000000 -1.618593 108.040001
-43.109409 24.143858 0.750000 0.000000 0.000000 -1.618629 108.139999
-43.119011 23.943064 0.750000 0.000000 0.000000 -1.618631 108.239998
-43.128738 23.739746 0.750000 0.000000 0.000000 -1.618636 108.341003
-43.138721 23.530985 0.750000 0.000000 0.000000 -1.618641 108.445000
-43.148727 23.321856 0.750000 0.000000 0.000000 -1.618647 108.549004
-43.158340 23.120840 0.750000 0.000000 0.000000 -1.618651 108.649002
-43.170582 22.919981 0.750000 0.000000 0.000000 -1.654568 108.749001
-43.193569 22.711794 0.750000 0.000000 0.000000 -1.685629 108.852997
-43.212952 22.509716 0.750000 0.000000 0.000000 -1.690913 108.955002
-43.243008 22.306143 0.750000 0.000000 0.000000 -1.740452 109.056999
-43.283012 22.081882 0.750000 0.000000 0.000000 -1.743375 109.169998
-43.318039 21.881672 0.750000 0.000000 0.000000 -1.748888 109.271004
-43.360710 21.677202 0.750000 0.000000 0.000000 -1.801056 109.375000
-43.411915 21.480551 0.750000 0.000000 0.000000 -1.841007 109.475998
-43.467800 21.276703 0.750000 0.000000 0.000000 -1.837013 109.581001
-43.521297 21.080599 0.750000 0.000000 0.000000 -1.837133 109.681999
-43.575569 20.880558 0.750000 0.000000 0.000000 -1.818266 109.785004
-43.609215 20.675144 0.750000 0.000000 0.000000 -1.687261 109.897003
-43.639923 20.472237 0.750000 0.000000 0.000000 -1.746745 110.001999
-43.683834 20.259443 0.750000 0.000000 0.000000 -1.798820 110.110001
-43.734818 20.062695 0.750000 0.000000 0.000000 -1.847258 110.210999
-43.807423 19.823999 0.750000 0.000000 0.000000 -1.867775 110.334999
-43.873108 19.608335 0.750000 0.000000 0.000000 -1.866392 110.446999
-43.931828 19.415562 0.750000 0.000000 0.000000 -1.866479 110.546997
-43.991062 19.221090 0.750000 0.000000 0.000000 -1.866478 110.648003
-44.052078 19.020784 0.750000 0.000000 0.000000 -1.866476 110.751999
-44.110649 18.828489 0.750000 0.000000 0.000000 -1.866477 110.851997
-44.175064 18.605194 0.750000 0.000000 0.000000 -1.892175 110.972000
-44.239109 18.410456 0.750000 0.000000 0.000000 -1.883844 111.077003
-44.301071 18.219095 0.750000 0.000000 0.000000 -1.886200 111.177002
-44.368382 18.029589 0.750000 0.000000 0.000000 -1.931861 111.277000
-44.439220 17.841190 0.750000 0.000000 0.000000 -1.928815 111.376999
-44.509827 17.652653 0.750000 0.000000 0.000000 -1.929395 111.476997
-44.580471 17.464209 0.750000 0.000000 0.000000 -1.931250 111.577003
-44.657192 17.276155 0.750000 0.000000 0.000000 -1.975120 111.678001
-44.726242 17.082533 0.750000 0.000000 0.000000 -1.857400 111.788002
-44.779240 16.887383 0.750000 0.000000 0.000000 -1.816842 111.891998
-44.823250 16.690868 0.750000 0.000000 0.000000 -1.768356 111.991997
-44.857708 16.492538 0.750000 0.000000 0.000000 -1.719927 112.092003
-44.882896 16.288960 0.750000 0.000000 0.000000 -1.670532 112.194000
-44.899727 16.060051 0.750000 0.000000 0.000000 -1.631404 112.307999
-44.913307 15.847133 0.750000 0.000000 0.000000 -1.635458 112.414001
-44.925819 15.640140 0.750000 0.000000 0.000000 -1.616027 112.516998
-44.928822 15.414767 0.750000 0.000000 0.000000 -1.557403 112.628998
-44.922241 15.213655 0.750000 0.000000 0.000000 -1.533880 112.728996
-44.910927 15.007156 0.750000 0.000000 0.000000 -1.511634 112.832001
-44.899612 14.806352 0.750000 0.000000 0.000000 -1.514998 112.931999
-44.888359 14.605421 0.750000 0.000000 0.000000 -1.514845 113.031998
-44.877102 14.404366 0.750000 0.000000 0.000000 -1.514871 113.132004
-44.865513 14.197495 0.750000 0.000000 0.000000 -1.514870 113.235001
-44.853699 13.986581 0.750000 0.000000 0.000000 -1.514873 113.339996
-44.842228 13.781757 0.750000 0.000000 0.000000 -1.514876 113.442001
-44.830864 13.578755 0.750000 0.000000 0.000000 -1.514875 113.542999
-44.819160 13.369613 0.750000 0.000000 0.000000 -1.514875 113.647003
-44.807663 13.164188 0.750000 0.000000 0.000000 -1.514873 113.749001
-44.796410 12.963232 0.750000 0.000000 0.000000 -1.514879 113.848999
-44.782360 12.762978 0.750000 0.000000 0.000000 -1.505243 113.948997
-44.766613 12.562487 0.750000 0.000000 0.000000 -1.468454 114.049004
-44.745621 12.362209 0.750000 0.000000 0.000000 -1.467300 114.149002
-44.724876 12.161809 0.750000 0.000000 0.000000 -1.467588 114.249001
-44.704144 11.961757 0.750000 0.000000 0.000000 -1.467563 114.348999
-44.683407 11.761680 0.750000 0.000000 0.000000 -1.467568 114.448997
-44.662659 11.561354 0.750000 0.000000 0.000000 -1.467566 114.549004
-44.640888 11.351255 0.750000 0.000000 0.000000 -1.467566 114.653999
-44.619488 11.144664 0.750000 0.000000 0.000000 -1.467573 114.757004
-44.596687 10.936836 0.750000 0.000000 0.000000 -1.463505 114.861000
-44.572411 10.710436 0.750000 0.000000 0.000000 -1.463864 114.973999
-44.550915 10.510138 0.750000 0.000000 0.000000 -1.463877 115.073997
-44.529446 10.310162 0.750000 0.000000 0.000000 -1.463877 115.174004
-44.507961 10.110014 0.750000 0.000000 0.000000 -1.463878 115.274002
-44.492588 9.909655 0.750000 0.000000 0.000000 -1.514871 115.374001
-44.481140 9.708734 0.750000 0.000000 0.000000 -1.512671 115.473999
-44.469471 9.507948 0.750000 0.000000 0.000000 -1.512903 115.573997
-44.457790 9.306787 0.750000 0.000000 0.000000 -1.512908 115.674004
-44.445019 9.106757 0.750000 0.000000 0.000000 -1.478359 115.774002
-44.427261 8.904313 0.750000 0.000000 0.000000 -1.491280 115.875000
-44.411236 8.703729 0.750000 0.000000 0.000000 -1.490781 115.974998
-44.395138 8.503025 0.750000 0.000000 0.000000 -1.490821 116.074997
-44.379047 8.302144 0.750000 0.000000 0.000000 -1.490814 116.175003
-44.368340 8.101075 0.750000 0.000000 0.000000 -1.536348 116.275002
-44.360970 7.899836 0.750000 0.000000 0.000000 -1.532698 116.375000
-44.353317 7.698909 0.750000 0.000000 0.000000 -1.532852 116.474998
-44.345673 7.497532 0.750000 0.000000 0.000000 -1.532846 116.574997
-44.338036 7.296230 0.750000 0.000000 0.000000 -1.532847 116.675003
-44.329628 7.095464 0.750000 0.000000 0.000000 -1.501433 116.775002
-44.319324 6.895337 0.750000 0.000000 0.000000 -1.546424 116.875000
-44.314148 6.694279 0.750000 0.000000 0.000000 -1.543381 116.974998
-44.308620 6.492953 0.750000 0.000000 0.000000 -1.543386 117.074997
-44.303108 6.291726 0.750000 0.000000 0.000000 -1.545275 117.175003
-44.303001 6.090494 0.750000 0.000000 0.000000 -1.591034 117.275002
-44.307034 5.879934 0.750000 0.000000 0.000000 -1.588634 117.379997
-44.310619 5.678692 0.750000 0.000000 0.000000 -1.588633 117.480003
-44.314205 5.477151 0.750000 0.000000 0.000000 -1.588636 117.580002
-44.317936 5.275988 0.750000 0.000000 0.000000 -1.598498 117.680000
-44.335258 5.074407 0.750000 0.000000 0.000000 -1.723114 117.789001
-44.369427 4.876365 0.750000 0.000000 0.000000 -1.756907 117.894997
-44.412041 4.679421 0.750000 0.000000 0.000000 -1.807567 117.995003
-44.464169 4.485112 0.750000 0.000000 0.000000 -1.855665 118.095001
-44.525581 4.293611 0.750000 0.000000 0.000000 -1.904039 118.195000
-44.595806 4.105210 0.750000 0.000000 0.000000 -1.940330 118.294998
-44.668163 3.917552 0.750000 0.000000 0.000000 -1.938010 118.394997
-44.741203 3.727692 0.750000 0.000000 0.000000 -1.938077 118.496002
-44.813473 3.539841 0.750000 0.000000 0.000000 -1.938074 118.596001
-44.888615 3.344523 0.750000 0.000000 0.000000 -1.938072 118.699997
-44.960148 3.157089 0.750000 0.000000 0.000000 -1.938074 118.800003
-45.039001 2.969677 0.750000 0.000000 0.000000 -1.985291 118.901001
-45.126442 2.768352 0.750000 0.000000 0.000000 -1.978871 119.010002
-45.210316 2.574436 0.750000 0.000000 0.000000 -1.979027 119.114998
-45.290249 2.389654 0.750000 0.000000 0.000000 -1.979017 119.214996
-45.375843 2.191815 0.750000 0.000000 0.000000 -1.979008 119.321999
-45.459248 2.001675 0.750000 0.000000 0.000000 -2.001394 119.425003
-45.548210 1.821179 0.750000 0.000000 0.000000 -2.051700 119.525002
-45.664165 1.609057 0.750000 0.000000 0.000000 -2.074242 119.644997
-45.761219 1.432555 0.750000 0.000000 0.000000 -2.073534 119.745003
-45.861004 1.256483 0.750000 0.000000 0.000000 -2.130141 119.846001
-45.978603 1.087966 0.750000 0.000000 0.000000 -2.204571 119.950996
-46.099461 0.926737 0.750000 0.000000 0.000000 -2.212434 120.051003
-46.219742 0.765228 0.750000 0.000000 0.000000 -2.211012 120.151001
-46.342400 0.600598 0.750000 0.000000 0.000000 -2.211083 120.252998
-46.462563 0.439309 0.750000 0.000000 0.000000 -2.211065 120.352997
-46.582954 0.277719 0.750000 0.000000 0.000000 -2.211061 120.453003
-46.709709 0.113897 0.750000 0.000000 0.000000 -2.253754 120.556000
-46.838169 -0.040722 0.750000 0.000000 0.000000 -2.262218 120.655998
-46.966549 -0.196034 0.750000 0.000000 0.000000 -2.261808 120.755997
-47.085255 -0.358419 0.750000 0.000000 0.000000 -2.123667 120.861000
-47.172501 -0.536102 0.750000 0.000000 0.000000 -1.933600 120.982002
-47.213562 -0.683357 0.750000 0.000000 0.000000 -1.754529 121.096001
-47.224972 -0.808839 0.750000 0.000000 0.000000 -1.573117 121.216003
-47.216213 -0.916120 0.750000 0.000000 0.000000 -1.398413 121.366997
-47.192272 -1.008684 0.750000 0.000000 0.000000 -1.222837 121.551003
-47.154194 -1.088611 0.750000 0.000000 0.000000 -1.042480 121.789001
-47.083363 -1.182938 0.750000 0.000000 0.000000 -0.866296 122.168999
-46.942348 -1.333173 0.750000 0.000000 0.000000 -0.781405 122.389000
-46.795731 -1.478974 0.750000 0.000000 0.000000 -0.783110 122.536003
-46.653629 -1.620422 0.750000 0.000000 0.000000 -0.783091 122.651001
-46.506344 -1.761898 0.750000 0.000000 0.000000 -0.742487 122.753998
-46.352455 -1.898567 0.750000 0.000000 0.000000 -0.754168 122.857002
-46.200909 -2.043840 0.750000 0.000000 0.000000 -0.740016 122.963997
-46.052044 -2.179267 0.750000 0.000000 0.000000 -0.738983 123.064003
-45.903297 -2.314808 0.750000 0.000000 0.000000 -0.739022 123.164001
-45.732162 -2.470740 0.750000 0.000000 0.000000 -0.739035 123.278999
-45.583195 -2.606448 0.750000 0.000000 0.000000 -0.736688 123.378998
-45.406975 -2.756357 0.750000 0.000000 0.000000 -0.676885 123.494003
-45.247169 -2.878707 0.750000 0.000000 0.000000 -0.640399 123.594002
-45.085781 -2.999187 0.750000 0.000000 0.000000 -0.642002 123.694000
-44.922798 -3.121016 0.750000 0.000000 0.000000 -0.641883 123.794998
-44.756802 -3.246425 0.750000 0.000000 0.000000 -0.679590 123.899002
-44.600586 -3.395084 0.750000 0.000000 0.000000 -0.781803 124.015999
-44.450466 -3.534201 0.750000 0.000000 0.000000 -0.722050 124.119003
-44.296196 -3.663252 0.750000 0.000000 0.000000 -0.673749 124.219002
-44.135616 -3.784823 0.750000 0.000000 0.000000 -0.625368 124.319000
-43.966545 -3.901354 0.750000 0.000000 0.000000 -0.595232 124.420998
-43.795189 -4.017632 0.750000 0.000000 0.000000 -0.596536 124.524002
-43.628948 -4.130492 0.750000 0.000000 0.000000 -0.596422 124.624001
-43.457699 -4.246746 0.750000 0.000000 0.000000 -0.596426 124.726997
-43.287113 -4.360958 0.750000 0.000000 0.000000 -0.572025 124.829002
-43.114655 -4.468028 0.750000 0.000000 0.000000 -0.572710 124.930000
-42.949219 -4.585256 0.750000 0.000000 0.000000 -0.607270 125.033997
-42.782166 -4.697696 0.750000 0.000000 0.000000 -0.592687 125.134003
-42.615673 -4.810534 0.750000 0.000000 0.000000 -0.596325 125.234001
-42.447624 -4.921870 0.750000 0.000000 0.000000 -0.564812 125.334000
-42.274769 -5.025185 0.750000 0.000000 0.000000 -0.515751 125.433998
-42.090458 -5.125496 0.750000 0.000000 0.000000 -0.495960 125.538002
-41.911789 -5.222538 0.750000 0.000000 0.000000 -0.497674 125.639000
-41.734024 -5.317018 0.750000 0.000000 0.000000 -0.468975 125.738998
-41.547993 -5.402139 0.750000 0.000000 0.000000 -0.381305 125.844002
-41.358547 -5.471896 0.750000 0.000000 0.000000 -0.379952 125.954002
-41.165466 -5.548580 0.750000 0.000000 0.000000 -0.348488 126.064003
-40.974903 -5.612399 0.750000 0.000000 0.000000 -0.300721 126.164001
-40.775364 -5.668662 0.750000 0.000000 0.000000 -0.251012 126.266998
-40.545635 -5.720438 0.750000 0.000000 0.000000 -0.194716 126.384003
-40.347328 -5.754510 0.750000 0.000000 0.000000 -0.153507 126.484001
-40.148529 -5.785374 0.750000 0.000000 0.000000 -0.154627 126.584000
-39.949467 -5.816395 0.750000 0.000000 0.000000 -0.154583 126.683998
-39.748585 -5.847696 0.750000 0.000000 0.000000 -0.154592 126.785004
-39.541634 -5.879668 0.750000 0.000000 0.000000 -0.146582 126.889000
-39.342934 -5.917845 0.750000 0.000000 0.000000 -0.254810 126.992996
-39.147373 -5.960658 0.750000 0.000000 0.000000 -0.181335 127.102997
-38.943768 -5.992661 0.750000 0.000000 0.000000 -0.133086 127.208000
-38.743614 -6.014768 0.750000 0.000000 0.000000 -0.098768 127.307999
-38.525452 -6.036821 0.750000 0.000000 0.000000 -0.101532 127.417000
-38.315319 -6.058218 0.750000 0.000000 0.000000 -0.101470 127.522003
-38.106915 -6.078381 0.750000 0.000000 0.000000 -0.079277 127.625999
-37.904221 -6.088598 0.750000 0.000000 0.000000 -0.026893 127.726997
-37.694817 -6.089705 0.750000 0.000000 -0.000000 0.001225 127.831001
-37.493771 -6.087756 0.750000 0.000000 -0.000000 0.029344 127.931000
-37.282234 -6.083117 0.750000 0.000000 -0.000000 0.016267 128.037003
-37.068954 -6.076197 0.750000 0.000000 -0.000000 0.054476 128.143005
-36.862457 -6.059418 0.750000 0.000000 -0.000000 0.104679 128.246002
-36.660793 -6.036186 0.750000 0.000000 -0.000000 0.114334 128.347000
-36.449059 -6.008589 0.750000 0.000000 -0.000000 0.155412 128.453003
-36.242611 -5.974448 0.750000 0.000000 -0.000000 0.163645 128.557007
-36.044033 -5.941711 0.750000 0.000000 -0.000000 0.163441 128.656998
-35.843201 -5.908584 0.750000 0.000000 -0.000000 0.163471 128.757996
-35.645161 -5.872889 0.750000 0.000000 -0.000000 0.203354 128.858002
-35.449257 -5.826927 0.750000 0.000000 -0.000000 0.253344 128.957993
-35.255432 -5.774716 0.750000 0.000000 -0.000000 0.286599 129.057999
-35.056545 -5.710145 0.750000 0.000000 -0.000000 0.337788 129.162003
-34.866474 -5.637872 0.750000 0.000000 -0.000000 0.386745 129.263000
-34.674805 -5.553793 0.750000 0.000000 -0.000000 0.437385 129.367004
-34.493065 -5.463031 0.750000 0.000000 -0.000000 0.486360 129.468002
-34.292206 -5.356359 0.750000 0.000000 -0.000000 0.485807 129.580994
-34.114151 -5.262341 0.750000 0.000000 -0.000000 0.485840 129.681000
-33.925438 -5.162607 0.750000 0.000000 -0.000000 0.490549 129.787003
-33.750435 -5.063280 0.750000 0.000000 -0.000000 0.540017 129.886993
-33.572952 -4.960090 0.750000 0.000000 -0.000000 0.489911 129.992004
-33.389851 -4.861905 0.750000 0.000000 -0.000000 0.500218 130.095993
-33.215797 -4.760919 0.750000 0.000000 -0.000000 0.543681 130.195999
-33.043159 -4.657157 0.750000 0.000000 -0.000000 0.539089 130.296005
-32.870476 -4.553842 0.750000 0.000000 -0.000000 0.539233 130.395996
-32.697784 -4.450507 0.750000 0.000000 -0.000000 0.539231 130.496002
-32.521740 -4.345168 0.750000 0.000000 -0.000000 0.539231 130.598007
-32.349091 -4.241858 0.750000 0.000000 -0.000000 0.539233 130.697998
-32.171482 -4.135581 0.750000 0.000000 -0.000000 0.539233 130.800995
-31.998571 -4.032117 0.750000 0.000000 -0.000000 0.539235 130.901001
-31.823067 -3.929193 0.750000 0.000000 -0.000000 0.518999 131.003006
-31.652977 -3.822179 0.750000 0.000000 -0.000000 0.588777 131.108002
-31.485682 -3.711668 0.750000 0.000000 -0.000000 0.580562 131.207993
-31.315805 -3.600032 0.750000 0.000000 -0.000000 0.581756 131.309006
-31.147717 -3.488828 0.750000 0.000000 -0.000000 0.596955 131.408997
-30.969446 -3.361003 0.750000 0.000000 -0.000000 0.630829 131.518005
-30.806677 -3.242471 0.750000 0.000000 -0.000000 0.628939 131.617996
-30.645096 -3.123184 0.750000 0.000000 -0.000000 0.654026 131.718002
-30.480890 -2.994582 0.750000 0.000000 -0.000000 0.623944 131.822998
-30.308540 -2.893108 0.750000 0.000000 -0.000000 0.443303 131.938004
-30.151846 -2.835968 0.750000 0.000000 -0.000000 0.262661 132.052994
-29.996361 -2.809779 0.750000 0.000000 -0.000000 0.080189 132.190002
-29.862844 -2.811955 0.750000 0.000000 0.000000 -0.094505 132.363007
-29.723602 -2.837593 0.750000 0.000000 0.000000 -0.271681 132.587997
-29.614626 -2.878730 0.750000 0.000000 0.000000 -0.448874 132.813004
-29.436649 -2.986722 0.750000 0.000000 0.000000 -0.603833 133.112000
-29.273270 -3.108900 0.750000 0.000000 0.000000 -0.674444 133.281998
-29.116867 -3.241322 0.750000 0.000000 0.000000 -0.714050 133.412003
-28.959349 -3.377469 0.750000 0.000000 0.000000 -0.712481 133.522995
-28.801126 -3.514174 0.750000 0.000000 0.000000 -0.712588 133.626999
-28.648769 -3.645816 0.750000 0.000000 0.000000 -0.712589 133.727005
-28.497927 -3.779021 0.750000 0.000000 0.000000 -0.743591 133.826996
-28.352262 -3.917666 0.750000 0.000000 0.000000 -0.763745 133.927002
-28.190197 -4.061059 0.750000 0.000000 0.000000 -0.735449 134.035995
-28.032223 -4.210844 0.750000 0.000000 0.000000 -0.762696 134.143997
-27.873434 -4.362177 0.750000 0.000000 0.000000 -0.761278 134.253006
-27.721869 -4.506630 0.750000 0.000000 0.000000 -0.761378 134.356995
-27.576094 -4.645562 0.750000 0.000000 0.000000 -0.761372 134.457001
-27.424366 -4.790167 0.750000 0.000000 0.000000 -0.761373 134.561005
-27.278593 -4.929100 0.750000 0.000000 0.000000 -0.761373 134.660995
-27.134560 -5.070170 0.750000 0.000000 0.000000 -0.799329 134.761002
-26.997944 -5.218091 0.750000 0.000000 0.000000 -0.847438 134.860992
-26.868546 -5.372363 0.750000 0.000000 0.000000 -0.895751 134.960999
-26.723114 -5.545523 0.750000 0.000000 0.000000 -0.806106 135.076004
-26.580757 -5.694659 0.750000 0.000000 0.000000 -0.813917 135.179993
-26.443787 -5.847494 0.750000 0.000000 0.000000 -0.859628 135.281998
-26.304428 -6.009044 0.750000 0.000000 0.000000 -0.858274 135.388000
-26.172779 -6.161427 0.750000 0.000000 0.000000 -0.858273 135.488007
-26.041216 -6.313714 0.750000 0.000000 0.000000 -0.858275 135.587997
-25.905746 -6.470557 0.750000 0.000000 0.000000 -0.860627 135.690994
-25.778423 -6.626323 0.750000 0.000000 0.000000 -0.901111 135.791000
-25.653416 -6.783851 0.750000 0.000000 0.000000 -0.902850 135.891006
-25.519794 -6.962797 0.750000 0.000000 0.000000 -0.942024 136.001999
-25.399944 -7.129860 0.750000 0.000000 0.000000 -0.977034 136.104996
-25.290588 -7.298947 0.750000 0.000000 0.000000 -1.009293 136.205002
-25.182915 -7.469120 0.750000 0.000000 0.000000 -1.005231 136.304993
-25.075018 -7.639147 0.750000 0.000000 0.000000 -1.005354 136.404999
-24.967196 -7.809072 0.750000 0.000000 0.000000 -1.005348 136.505005
-24.851908 -7.990755 0.750000 0.000000 0.000000 -1.005347 136.612000
-24.742073 -8.163846 0.750000 0.000000 0.000000 -1.005347 136.714005
-24.631115 -8.338712 0.750000 0.000000 0.000000 -1.005345 136.817001
-24.519995 -8.513830 0.750000 0.000000 0.000000 -1.005344 136.919998
-24.407663 -8.690219 0.750000 0.000000 0.000000 -0.986493 137.024002
-24.276209 -8.859339 0.750000 0.000000 0.000000 -0.881912 137.136993
-24.151329 -9.016119 0.750000 0.000000 0.000000 -0.919913 137.237000
-24.033840 -9.179214 0.750000 0.000000 0.000000 -0.969325 137.337006
-23.922768 -9.347178 0.750000 0.000000 0.000000 -0.989460 137.436996
-23.813917 -9.516437 0.750000 0.000000 0.000000 -1.020610 137.537003
-23.707670 -9.701304 0.750000 0.000000 0.000000 -1.073207 137.643005
-23.613834 -9.879308 0.750000 0.000000 0.000000 -1.086409 137.742996
-23.519005 -10.059106 0.750000 0.000000 0.000000 -1.085367 137.843994
-23.424307 -10.245621 0.750000 0.000000 0.000000 -1.125714 137.947998
-23.339766 -10.427867 0.750000 0.000000 0.000000 -1.129044 138.048004
-23.242029 -10.616607 0.750000 0.000000 0.000000 -1.092332 138.154999
-23.145817 -10.802570 0.750000 0.000000 0.000000 -1.093337 138.259003
-23.055470 -10.988534 0.750000 0.000000 0.000000 -1.143615 138.362000
-22.969511 -11.179831 0.750000 0.000000 0.000000 -1.147036 138.466003
-22.884991 -11.366928 0.750000 0.000000 0.000000 -1.146629 138.567993
-22.801188 -11.552485 0.750000 0.000000 0.000000 -1.146601 138.669006
-22.715017 -11.743279 0.750000 0.000000 0.000000 -1.146602 138.772995
-22.632141 -11.926781 0.750000 0.000000 0.000000 -1.146603 138.873001
-22.549316 -12.110169 0.750000 0.000000 0.000000 -1.146605 138.973007
-22.458279 -12.322514 0.750000 0.000000 0.000000 -1.201583 139.089005
-22.385416 -12.509790 0.750000 0.000000 0.000000 -1.197992 139.188995
-22.312126 -12.697224 0.750000 0.000000 0.000000 -1.198118 139.289001
-22.238014 -12.886801 0.750000 0.000000 0.000000 -1.198107 139.389999
-22.161058 -13.083642 0.750000 0.000000 0.000000 -1.198106 139.494995
-22.084949 -13.278318 0.750000 0.000000 0.000000 -1.198105 139.598999
-22.006426 -13.479163 0.750000 0.000000 0.000000 -1.198105 139.705994
-21.923573 -13.691093 0.750000 0.000000 0.000000 -1.198104 139.819000
-21.849609 -13.880275 0.750000 0.000000 0.000000 -1.198103 139.919998
-21.773335 -14.075370 0.750000 0.000000 0.000000 -1.198103 140.024002
-21.702879 -14.263336 0.750000 0.000000 0.000000 -1.220442 140.123993
-21.632973 -14.452188 0.750000 0.000000 0.000000 -1.215335 140.223999
-21.562925 -14.640940 0.750000 0.000000 0.000000 -1.215508 140.324005
-21.492935 -14.829553 0.750000 0.000000 0.000000 -1.215509 140.423996
-21.422125 -15.020370 0.750000 0.000000 0.000000 -1.215514 140.524994
-21.347929 -15.220328 0.750000 0.000000 0.000000 -1.215518 140.630997
-21.275953 -15.414309 0.750000 0.000000 0.000000 -1.215519 140.733994
-21.204556 -15.606719 0.750000 0.000000 0.000000 -1.215522 140.835999
-21.132471 -15.801005 0.750000 0.000000 0.000000 -1.215526 140.938995
-21.062918 -15.990886 0.750000 0.000000 0.000000 -1.248514 141.039993
-21.007706 -16.186134 0.750000 0.000000 0.000000 -1.301228 141.143997
-20.953903 -16.379881 0.750000 0.000000 0.000000 -1.299843 141.244003
-20.897415 -16.573109 0.750000 0.000000 0.000000 -1.264427 141.343994
-20.833395 -16.768566 0.750000 0.000000 0.000000 -1.255425 141.445999
-20.771400 -16.959505 0.750000 0.000000 0.000000 -1.256913 141.546005
-20.709202 -17.150982 0.750000 0.000000 0.000000 -1.256644 141.645996
-20.646984 -17.342503 0.750000 0.000000 0.000000 -1.256655 141.746002
-20.584843 -17.533785 0.750000 0.000000 0.000000 -1.256648 141.845993
-20.511726 -17.725084 0.750000 0.000000 0.000000 -1.129412 141.951996
-20.413437 -17.901213 0.750000 0.000000 0.000000 -1.009907 142.072998
-20.310999 -18.078377 0.750000 0.000000 0.000000 -1.064355 142.227997
-20.203966 -18.236189 0.750000 0.000000 0.000000 -0.886029 142.434006
-20.081875 -18.362534 0.750000 0.000000 0.000000 -0.708804 142.653000
-19.921282 -18.485403 0.750000 0.000000 0.000000 -0.614493 142.867996
-19.751076 -18.597635 0.750000 0.000000 0.000000 -0.569403 143.013000
-19.590857 -18.717745 0.750000 0.000000 0.000000 -0.640817 143.147995
-19.419046 -18.836697 0.750000 0.000000 0.000000 -0.579756 143.268997
-19.227013 -18.954847 0.750000 0.000000 0.000000 -0.527751 143.382996
-19.049425 -19.058601 0.750000 0.000000 0.000000 -0.530073 143.485001
-18.868776 -19.164452 0.750000 0.000000 0.000000 -0.529994 143.589005
-18.686317 -19.271360 0.750000 0.000000 0.000000 -0.529995 143.694000
-18.512156 -19.373247 0.750000 0.000000 0.000000 -0.522926 143.794006
-18.331610 -19.471153 0.750000 0.000000 0.000000 -0.483892 143.895996
-18.148220 -19.568232 0.750000 0.000000 0.000000 -0.488461 143.998993
-17.973934 -19.674330 0.750000 0.000000 0.000000 -0.570299 144.104004
-17.802084 -19.778252 0.750000 0.000000 0.000000 -0.520610 144.203995
-17.625042 -19.873848 0.750000 0.000000 0.000000 -0.472171 144.304001
-17.438082 -19.963820 0.750000 0.000000 0.000000 -0.437578 144.406998
-17.234190 -20.059734 0.750000 0.000000 0.000000 -0.440320 144.518997
-17.051731 -20.145641 0.750000 0.000000 0.000000 -0.439954 144.619003
-16.869644 -20.231358 0.750000 0.000000 0.000000 -0.439975 144.718994
-16.686983 -20.316246 0.750000 0.000000 0.000000 -0.419062 144.819000
-16.501335 -20.393587 0.750000 0.000000 0.000000 -0.385086 144.919006
-16.315025 -20.469805 0.750000 0.000000 0.000000 -0.382161 145.018997
-16.116316 -20.535677 0.750000 0.000000 0.000000 -0.305293 145.126999
-15.920295 -20.597788 0.750000 0.000000 0.000000 -0.307045 145.229004
-15.718818 -20.661633 0.750000 0.000000 0.000000 -0.306852 145.334000
-15.526737 -20.721077 0.750000 0.000000 0.000000 -0.281351 145.434006
-15.331956 -20.773235 0.750000 0.000000 0.000000 -0.257130 145.533997
-15.137458 -20.824543 0.750000 0.000000 0.000000 -0.258022 145.634003
-14.942408 -20.874279 0.750000 0.000000 0.000000 -0.228780 145.733994
-14.742322 -20.921278 0.750000 0.000000 0.000000 -0.287225 145.839005
-14.560257 -20.993906 0.750000 0.000000 0.000000 -0.467867 145.953995
-14.425857 -21.077631 0.750000 0.000000 0.000000 -0.643796 146.065994
-14.327371 -21.166885 0.750000 0.000000 0.000000 -0.826650 146.184006
-14.240682 -21.282034 0.750000 0.000000 0.000000 -1.002267 146.363998
-14.193438 -21.373068 0.750000 0.000000 0.000000 -1.180274 146.529007
-14.150053 -21.520964 0.750000 0.000000 0.000000 -1.355622 146.806000
-14.121160 -21.731222 0.750000 0.000000 0.000000 -1.483841 147.050995
-14.110391 -21.933775 0.750000 0.000000 0.000000 -1.548676 147.203995
-14.110955 -22.134266 0.750000 0.000000 0.000000 -1.582863 147.324005
-14.113187 -22.337980 0.750000 0.000000 0.000000 -1.581469 147.429001
-14.115456 -22.549770 0.750000 0.000000 0.000000 -1.581515 147.533997
-14.117633 -22.753160 0.750000 0.000000 0.000000 -1.581509 147.634995
-14.121244 -22.962120 0.750000 0.000000 0.000000 -1.607045 147.738998
-14.133971 -23.162971 0.750000 0.000000 0.000000 -1.657012 147.839005
-14.156074 -23.379366 0.750000 0.000000 0.000000 -1.674019 147.947006
-14.179508 -23.581644 0.750000 0.000000 0.000000 -1.735220 148.048996
-14.220722 -23.780178 0.750000 0.000000 0.000000 -1.776679 148.154007
-14.261761 -23.979342 0.750000 0.000000 0.000000 -1.773831 148.255005
-14.303948 -24.184162 0.750000 0.000000 0.000000 -1.773922 148.358994
-14.344509 -24.381098 0.750000 0.000000 0.000000 -1.773913 148.459000
-14.385131 -24.578325 0.750000 0.000000 0.000000 -1.773914 148.559006
-14.425753 -24.775557 0.750000 0.000000 0.000000 -1.773914 148.658997
-14.466350 -24.972664 0.750000 0.000000 0.000000 -1.773914 148.759003
-14.507012 -25.170088 0.750000 0.000000 0.000000 -1.773913 148.858994
-14.547613 -25.367220 0.750000 0.000000 0.000000 -1.773912 148.959000
-14.588161 -25.564110 0.750000 0.000000 0.000000 -1.773914 149.059006
-14.639171 -25.766054 0.750000 0.000000 0.000000 -1.819150 149.164001
-14.688215 -25.961264 0.750000 0.000000 0.000000 -1.817161 149.264008
-14.737348 -26.156572 0.750000 0.000000 0.000000 -1.817207 149.363998
-14.786496 -26.351969 0.750000 0.000000 0.000000 -1.817199 149.464005
-14.835565 -26.547050 0.750000 0.000000 0.000000 -1.817198 149.563995
-14.884640 -26.742155 0.750000 0.000000 0.000000 -1.817197 149.664001
-14.935536 -26.944508 0.750000 0.000000 0.000000 -1.817195 149.768005
-14.984628 -27.139683 0.750000 0.000000 0.000000 -1.817194 149.867996
-15.037930 -27.333958 0.750000 0.000000 0.000000 -1.865439 149.968002
-15.098513 -27.528486 0.750000 0.000000 0.000000 -1.871388 150.069000
-15.184035 -27.744747 0.750000 0.000000 0.000000 -2.020065 150.192993
-15.273539 -27.931141 0.750000 0.000000 0.000000 -2.016272 150.298996
-15.360267 -28.112740 0.750000 0.000000 0.000000 -2.016398 150.399002
-15.452295 -28.305414 0.750000 0.000000 0.000000 -2.016388 150.505005
-15.539163 -28.487284 0.750000 0.000000 0.000000 -2.016388 150.604996
-15.628432 -28.674185 0.750000 0.000000 0.000000 -2.016388 150.707993
-15.715170 -28.855783 0.750000 0.000000 0.000000 -2.016388 150.807999
-15.802057 -29.037697 0.750000 0.000000 0.000000 -2.016388 150.908005
-15.889688 -29.221167 0.750000 0.000000 0.000000 -2.016388 151.009003
-15.981971 -29.408949 0.750000 0.000000 0.000000 -2.046234 151.113007
-16.084494 -29.614023 0.750000 0.000000 0.000000 -2.030291 151.227005
-16.174658 -29.796015 0.750000 0.000000 0.000000 -2.030940 151.328003
-16.276661 -30.001848 0.750000 0.000000 0.000000 -2.030909 151.442001
-16.365910 -30.181948 0.750000 0.000000 0.000000 -2.030916 151.542007
-16.455324 -30.362379 0.750000 0.000000 0.000000 -2.030920 151.641998
-16.546429 -30.546217 0.750000 0.000000 0.000000 -2.030924 151.744003
-16.639355 -30.733728 0.750000 0.000000 0.000000 -2.030925 151.848007
-16.728743 -30.914093 0.750000 0.000000 0.000000 -2.030926 151.947998
-16.819992 -31.098223 0.750000 0.000000 0.000000 -2.030929 152.050003
-16.910404 -31.277008 0.750000 0.000000 0.000000 -2.078056 152.149994
-17.018442 -31.455786 0.750000 0.000000 0.000000 -2.115141 152.257996
-17.119879 -31.629673 0.750000 0.000000 0.000000 -2.076085 152.358002
-17.217960 -31.814253 0.750000 0.000000 0.000000 -2.058780 152.462006
-17.312624 -31.992050 0.750000 0.000000 0.000000 -2.059890 152.561996
-17.407166 -32.169754 0.750000 0.000000 0.000000 -2.059727 152.662003
-17.503841 -32.351475 0.750000 0.000000 0.000000 -2.059728 152.764008
-17.590057 -32.533276 0.750000 0.000000 0.000000 -1.939903 152.869003
-17.648035 -32.737373 0.750000 0.000000 0.000000 -1.763216 153.000000
-17.674801 -32.936523 0.750000 0.000000 0.000000 -1.642748 153.160995
-17.677942 -33.137371 0.750000 0.000000 0.000000 -1.525847 153.345993
-17.656265 -33.349682 0.750000 0.000000 0.000000 -1.431233 153.535995
-17.621164 -33.553200 0.750000 0.000000 0.000000 -1.372142 153.671997
-17.571699 -33.766232 0.750000 0.000000 0.000000 -1.317071 153.791000
-17.516384 -33.959583 0.750000 0.000000 0.000000 -1.273450 153.891006
-17.457811 -34.152042 0.750000 0.000000 0.000000 -1.277507 153.990997
-17.396961 -34.354233 0.750000 0.000000 0.000000 -1.291129 154.095993
-17.329025 -34.594002 0.750000 0.000000 0.000000 -1.275448 154.220001
-17.263018 -34.795158 0.750000 0.000000 0.000000 -1.246020 154.324997
-17.191153 -35.009106 0.750000 0.000000 0.000000 -1.246860 154.436996
-17.127165 -35.199642 0.750000 0.000000 0.000000 -1.246793 154.537003
-17.061518 -35.390034 0.750000 0.000000 0.000000 -1.219102 154.636993
-16.979061 -35.595417 0.750000 0.000000 0.000000 -1.163422 154.746994
-16.897322 -35.779305 0.750000 0.000000 0.000000 -1.151524 154.847000
-16.815504 -35.962917 0.750000 0.000000 0.000000 -1.151625 154.947006
-16.731514 -36.145836 0.750000 0.000000 0.000000 -1.118434 155.046997
-16.641016 -36.325699 0.750000 0.000000 0.000000 -1.103406 155.147003
-16.550421 -36.505405 0.750000 0.000000 0.000000 -1.103877 155.246994
-16.455320 -36.689476 0.750000 0.000000 0.000000 -1.073793 155.350006
-16.355350 -36.868820 0.750000 0.000000 0.000000 -1.062066 155.451996
-16.257483 -37.044807 0.750000 0.000000 0.000000 -1.063405 155.552002
-16.157408 -37.219398 0.750000 0.000000 0.000000 -1.027943 155.651993
-16.050440 -37.390129 0.750000 0.000000 0.000000 -1.009997 155.751999
-15.941423 -37.559494 0.750000 0.000000 0.000000 -0.976318 155.852005
-15.824121 -37.723072 0.750000 0.000000 0.000000 -0.925656 155.951996
-15.701367 -37.882668 0.750000 0.000000 0.000000 -0.915209 156.052002
-15.580605 -38.044685 0.750000 0.000000 0.000000 -0.926458 156.153000
-15.454386 -38.211571 0.750000 0.000000 0.000000 -0.923062 156.257004
-15.332939 -38.372120 0.750000 0.000000 0.000000 -0.923137 156.356995
-15.209157 -38.530785 0.750000 0.000000 0.000000 -0.885319 156.457001
-15.075583 -38.689053 0.750000 0.000000 0.000000 -0.867965 156.559998
-14.944019 -38.844574 0.750000 0.000000 0.000000 -0.868653 156.660995
-14.808811 -39.004356 0.750000 0.000000 0.000000 -0.868596 156.764999
-14.678792 -39.158028 0.750000 0.000000 0.000000 -0.868602 156.865005
-14.548870 -39.311584 0.750000 0.000000 0.000000 -0.868605 156.964996
-14.418739 -39.465378 0.750000 0.000000 0.000000 -0.868609 157.065002
-14.290882 -39.620796 0.750000 0.000000 0.000000 -0.881299 157.164993
-14.162639 -39.776115 0.750000 0.000000 0.000000 -0.880831 157.264999
-14.034654 -39.931198 0.750000 0.000000 0.000000 -0.880826 157.365005
-13.904009 -40.089500 0.750000 0.000000 0.000000 -0.880823 157.466995
-13.772012 -40.249443 0.750000 0.000000 0.000000 -0.880822 157.570007
-13.642594 -40.406258 0.750000 0.000000 0.000000 -0.880823 157.671005
-13.513083 -40.563190 0.750000 0.000000 0.000000 -0.880822 157.772003
-13.378119 -40.720749 0.750000 0.000000 0.000000 -0.836884 157.875000
-13.229074 -40.884235 0.750000 0.000000 0.000000 -0.832422 157.985001
-13.077328 -41.050945 0.750000 0.000000 0.000000 -0.832256 158.097000
-12.948927 -41.208420 0.750000 0.000000 0.000000 -0.945356 158.201996
-12.823968 -41.370689 0.750000 0.000000 0.000000 -0.895743 158.304993
-12.698850 -41.528316 0.750000 0.000000 0.000000 -0.901873 158.404999
-12.573610 -41.685608 0.750000 0.000000 0.000000 -0.885281 158.505005
-12.442406 -41.838047 0.750000 0.000000 0.000000 -0.846155 158.604996
-12.309708 -41.989281 0.750000 0.000000 0.000000 -0.853010 158.705002
-12.160238 -42.160316 0.750000 0.000000 0.000000 -0.852351 158.817993
-12.012593 -42.336716 0.750000 0.000000 0.000000 -0.938784 158.934998
-11.910806 -42.506935 0.750000 0.000000 0.000000 -1.120996 159.050995
-11.853985 -42.658466 0.750000 0.000000 0.000000 -1.300067 159.164993
-11.826820 -42.810871 0.750000 0.000000 0.000000 -1.476027 159.304993
-11.825250 -42.973511 0.750000 0.000000 0.000000 -1.654094 159.520004
-11.858755 -43.174427 0.750000 0.000000 0.000000 -1.814914 159.774994
-11.928871 -43.375797 0.750000 0.000000 0.000000 -1.961193 160.020004
-12.010122 -43.541359 0.750000 0.000000 0.000000 -2.137230 160.181000
-12.128795 -43.709015 0.750000 0.000000 0.000000 -2.220538 160.354996
-12.253073 -43.869251 0.750000 0.000000 0.000000 -2.229500 160.485001
-12.401154 -44.060307 0.750000 0.000000 0.000000 -2.236829 160.613998
-12.529458 -44.215000 0.750000 0.000000 0.000000 -2.287402 160.714005
-12.665196 -44.363392 0.750000 0.000000 0.000000 -2.327230 160.813995
-12.807837 -44.516823 0.750000 0.000000 0.000000 -2.297618 160.919006
-12.938857 -44.674614 0.750000 0.000000 0.000000 -2.233915 161.024002
-13.064295 -44.841934 0.750000 0.000000 0.000000 -2.227051 161.128998
-13.205635 -45.021454 0.750000 0.000000 0.000000 -2.213171 161.244003
-13.335056 -45.201046 0.750000 0.000000 0.000000 -2.210310 161.354004
-13.459704 -45.358864 0.750000 0.000000 0.000000 -2.262460 161.453995
-13.589857 -45.512363 0.750000 0.000000 0.000000 -2.267273 161.554001
-13.721839 -45.666809 0.750000 0.000000 0.000000 -2.298988 161.654999
-13.857156 -45.822777 0.750000 0.000000 0.000000 -2.253374 161.759995
-13.973053 -45.985992 0.750000 0.000000 0.000000 -2.109731 161.865005
-14.060420 -46.168949 0.750000 0.000000 0.000000 -1.931735 161.990005
-14.113056 -46.358379 0.750000 0.000000 0.000000 -1.750786 162.145004
-14.127924 -46.554180 0.750000 0.000000 0.000000 -1.560088 162.352997
-14.105115 -46.771378 0.750000 0.000000 0.000000 -1.407564 162.610001
-14.063835 -46.974125 0.750000 0.000000 0.000000 -1.337793 162.770996
-14.009318 -47.175728 0.750000 0.000000 0.000000 -1.280886 162.897995
-13.938207 -47.390835 0.750000 0.000000 0.000000 -1.232010 163.016006
-13.873502 -47.580849 0.750000 0.000000 0.000000 -1.264116 163.115997
-13.811854 -47.772289 0.750000 0.000000 0.000000 -1.247509 163.216003
-13.739259 -47.970650 0.750000 0.000000 0.000000 -1.195264 163.320999
-13.643703 -48.196720 0.750000 0.000000 0.000000 -1.162917 163.442993
-13.564108 -48.381508 0.750000 0.000000 0.000000 -1.164272 163.542999
-13.482981 -48.569885 0.750000 0.000000 0.000000 -1.164104 163.645004
-13.402779 -48.756107 0.750000 0.000000 0.000000 -1.164121 163.746002
-13.323198 -48.940891 0.750000 0.000000 0.000000 -1.164120 163.845993
-13.243576 -49.125771 0.750000 0.000000 0.000000 -1.164119 163.945999
-13.163866 -49.310852 0.750000 0.000000 0.000000 -1.164118 164.046005
-13.083321 -49.508217 0.750000 0.000000 0.000000 -1.187164 164.151993
-13.003894 -49.695210 0.750000 0.000000 0.000000 -1.147636 164.253006
-12.917867 -49.879082 0.750000 0.000000 0.000000 -1.131926 164.354004
-12.829219 -50.068489 0.750000 0.000000 0.000000 -1.133154 164.457993
-12.740512 -50.258022 0.750000 0.000000 0.000000 -1.133074 164.561996
-12.655185 -50.440334 0.750000 0.000000 0.000000 -1.133083 164.662003
-12.568937 -50.624622 0.750000 0.000000 0.000000 -1.133084 164.763000
-12.474566 -50.818417 0.750000 0.000000 0.000000 -1.092402 164.869995
-12.378318 -50.999905 0.750000 0.000000 0.000000 -1.085626 164.972000
-12.280816 -51.185154 0.750000 0.000000 0.000000 -1.093531 165.076004
-12.188926 -51.370895 0.750000 0.000000 0.000000 -1.084185 165.181000
-12.072474 -51.582314 0.750000 0.000000 0.000000 -1.070059 165.300995
-11.961328 -51.785099 0.750000 0.000000 0.000000 -1.068835 165.416000
-11.864501 -51.961529 0.750000 0.000000 0.000000 -1.068882 165.516006
-11.767614 -52.138069 0.750000 0.000000 0.000000 -1.068877 165.615997
-11.670599 -52.314537 0.750000 0.000000 0.000000 -1.061489 165.716003
-11.562600 -52.493843 0.750000 0.000000 0.000000 -0.982064 165.820999
-11.413666 -52.675140 0.750000 0.000000 0.000000 -0.787578 165.955994
-11.260510 -52.806870 0.750000 0.000000 0.000000 -0.673589 166.102005
-11.090706 -52.916897 0.750000 0.000000 0.000000 -0.490974 166.313004
-10.901848 -53.007908 0.750000 0.000000 0.000000 -0.414901 166.494003
-10.700583 -53.088615 0.750000 0.000000 0.000000 -0.352129 166.634003
-10.499365 -53.156223 0.750000 0.000000 0.000000 -0.299342 166.746994
-10.299698 -53.210327 0.750000 0.000000 0.000000 -0.219451 166.852005
-10.096841 -53.243130 0.750000 0.000000 0.000000 -0.105823 166.972000
-9.895946 -53.262882 0.750000 0.000000 0.000000 -0.115266 167.097000
-9.694503 -53.279118 0.750000 0.000000 0.000000 -0.064865 167.207001
-9.494367 -53.297749 0.750000 0.000000 0.000000 -0.112597 167.307007
-9.295494 -53.320297 0.750000 0.000000 0.000000 -0.129083 167.406998
-9.096409 -53.351810 0.750000 0.000000 0.000000 -0.158503 167.507996
-8.888968 -53.379086 0.750000 0.000000 0.000000 -0.106341 167.612000
-8.650422 -53.397308 0.750000 0.000000 0.000000 -0.049069 167.731003
-8.445045 -53.402065 0.750000 0.000000 -0.000000 0.000194 167.832993
-8.216168 -53.395367 0.750000 0.000000 -0.000000 0.055265 167.947006
-8.015671 -53.380878 0.750000 0.000000 -0.000000 0.075889 168.046997
-7.814847 -53.368267 0.750000 0.000000 -0.000000 0.060887 168.147003
-7.608277 -53.354549 0.750000 0.000000 -0.000000 0.067406 168.250000
-7.403312 -53.340809 0.750000 0.000000 -0.000000 0.066926 168.352005
-7.202387 -53.327335 0.750000 0.000000 -0.000000 0.066955 168.451996
-7.001437 -53.313862 0.750000 0.000000 -0.000000 0.066955 168.552002
-6.798691 -53.300270 0.750000 0.000000 -0.000000 0.066955 168.653000
-6.589560 -53.286247 0.750000 0.000000 -0.000000 0.066956 168.757004
-6.388968 -53.269867 0.750000 0.000000 -0.000000 0.104291 168.856995
-6.188948 -53.246773 0.750000 0.000000 -0.000000 0.113926 168.957001
-5.988998 -53.224163 0.750000 0.000000 -0.000000 0.112649 169.057007
-5.785045 -53.208271 0.750000 0.000000 -0.000000 0.073488 169.158997
-5.584954 -53.189365 0.750000 0.000000 -0.000000 0.117057 169.259003
-5.385499 -53.162586 0.750000 0.000000 -0.000000 0.134925 169.358994
-5.177855 -53.134964 0.750000 0.000000 -0.000000 0.132018 169.462997
-4.970212 -53.107334 0.750000 0.000000 -0.000000 0.132366 169.567001
-4.770747 -53.080788 0.750000 0.000000 -0.000000 0.132348 169.667007
-4.571332 -53.054245 0.750000 0.000000 -0.000000 0.132353 169.766998
-4.370505 -53.023579 0.750000 0.000000 -0.000000 0.175321 169.867996
-4.164700 -52.985092 0.750000 0.000000 -0.000000 0.182792 169.972000
-3.963502 -52.948353 0.750000 0.000000 -0.000000 0.163521 170.074005
-3.765338 -52.918179 0.750000 0.000000 -0.000000 0.181789 170.177002
-3.568982 -52.879147 0.750000 0.000000 -0.000000 0.192023 170.276993
-3.371393 -52.841057 0.750000 0.000000 -0.000000 0.190637 170.376999
-3.138005 -52.795994 0.750000 0.000000 -0.000000 0.190756 170.494995
-2.936535 -52.756924 0.750000 0.000000 -0.000000 0.197826 170.597000
-2.701351 -52.702312 0.750000 0.000000 -0.000000 0.245022 170.716995
-2.435852 -52.643497 0.750000 0.000000 -0.000000 0.210129 170.852005
-2.237808 -52.601246 0.750000 0.000000 -0.000000 0.210123 170.953003
-2.033566 -52.559837 0.750000 0.000000 -0.000000 0.155139 171.057999
-1.831767 -52.534004 0.750000 0.000000 -0.000000 0.127651 171.162994
-1.631810 -52.511181 0.750000 0.000000 -0.000000 0.088314 171.263000
-1.426999 -52.494678 0.750000 0.000000 -0.000000 0.080760 171.365005
-1.220258 -52.477840 0.750000 0.000000 -0.000000 0.081221 171.468002
-1.017926 -52.461372 0.750000 0.000000 -0.000000 0.081180 171.569000
-0.795013 -52.443233 0.750000 0.000000 -0.000000 0.081182 171.679993
-0.538014 -52.428196 0.750000 0.000000 -0.000000 0.036320 171.807999
-0.324665 -52.420158 0.750000 0.000000 -0.000000 0.038955 171.914001
-0.121807 -52.412621 0.750000 0.000000 -0.000000 0.026388 172.014999
0.082416 -52.418262 0.750000 0.000000 0.000000 -0.067792 172.119995
0.339153 -52.433647 0.750000 0.000000 0.000000 -0.057021 172.248001
0.540189 -52.445312 0.750000 0.000000 0.000000 -0.058132 172.348007
0.759288 -52.460312 0.750000 0.000000 0.000000 -0.090824 172.457001
0.958993 -52.483990 0.750000 0.000000 0.000000 -0.141048 172.557007
1.157951 -52.515076 0.750000 0.000000 0.000000 -0.155828 172.656998
1.356439 -52.545933 0.750000 0.000000 0.000000 -0.154126 172.757004
1.560865 -52.579964 0.750000 0.000000 0.000000 -0.187212 172.860001
1.757733 -52.620510 0.750000 0.000000 0.000000 -0.205627 172.960007
1.953995 -52.662098 0.750000 0.000000 0.000000 -0.236130 173.059998
2.149930 -52.720108 0.750000 0.000000 0.000000 -0.294933 173.164993
2.342406 -52.778011 0.750000 0.000000 0.000000 -0.292257 173.264999
2.541190 -52.837860 0.750000 0.000000 0.000000 -0.292471 173.367996
2.734014 -52.895912 0.750000 0.000000 0.000000 -0.292460 173.468002
2.925170 -52.956768 0.750000 0.000000 0.000000 -0.330137 173.567993
3.115010 -53.024246 0.750000 0.000000 0.000000 -0.342181 173.667999
3.304648 -53.091686 0.750000 0.000000 0.000000 -0.341792 173.768005
3.495227 -53.156296 0.750000 0.000000 0.000000 -0.303167 173.867996
3.691417 -53.208820 0.750000 0.000000 0.000000 -0.213200 173.973007
3.896101 -53.245998 0.750000 0.000000 0.000000 -0.178428 174.084000
4.095168 -53.279404 0.750000 0.000000 0.000000 -0.128218 174.186996
4.376298 -53.305622 0.750000 0.000000 0.000000 -0.061883 174.328995
4.577396 -53.312893 0.750000 0.000000 0.000000 -0.012973 174.429001
4.778736 -53.310429 0.750000 0.000000 -0.000000 0.035006 174.529007
5.007466 -53.295837 0.750000 0.000000 -0.000000 0.089794 174.643005
5.231318 -53.271519 0.750000 0.000000 -0.000000 0.112240 174.755005
5.430969 -53.247303 0.750000 0.000000 -0.000000 0.141792 174.854996
5.635506 -53.214050 0.750000 0.000000 -0.000000 0.164682 174.957993
5.833152 -53.178822 0.750000 0.000000 -0.000000 0.197685 175.057999
6.031313 -53.133892 0.750000 0.000000 -0.000000 0.279147 175.162994
6.209431 -53.064613 0.750000 0.000000 -0.000000 0.459788 175.278000
6.385341 -52.966621 0.750000 0.000000 -0.000000 0.507698 175.427994
6.571134 -52.878849 0.750000 0.000000 -0.000000 0.338048 175.582993
6.708500 -52.845879 0.750000 0.000000 -0.000000 0.154594 175.718002
6.906087 -52.814266 0.750000 0.000000 -0.000000 0.159551 175.886002
7.109990 -52.781448 0.750000 0.000000 -0.000000 0.159540 176.018005
7.316645 -52.749447 0.750000 0.000000 -0.000000 0.146504 176.130005
7.521619 -52.718136 0.750000 0.000000 -0.000000 0.153865 176.233002
7.720748 -52.687313 0.750000 0.000000 -0.000000 0.153399 176.332993
7.943524 -52.652847 0.750000 0.000000 -0.000000 0.153421 176.445007
8.152418 -52.620522 0.750000 0.000000 -0.000000 0.153415 176.550003
8.358768 -52.588600 0.750000 0.000000 -0.000000 0.153405 176.654007
8.565390 -52.556629 0.750000 0.000000 -0.000000 0.153401 176.757996
8.763881 -52.524216 0.750000 0.000000 -0.000000 0.182004 176.858002
8.960879 -52.483734 0.750000 0.000000 -0.000000 0.208602 176.957993
9.157830 -52.442360 0.750000 0.000000 -0.000000 0.206909 177.057999
9.362597 -52.406765 0.750000 0.000000 -0.000000 0.185230 177.162994
9.559072 -52.363239 0.750000 0.000000 -0.000000 0.225785 177.268005
9.755794 -52.318478 0.750000 0.000000 -0.000000 0.223652 177.367996
9.952144 -52.273781 0.750000 0.000000 -0.000000 0.223917 177.468002
10.148250 -52.229137 0.750000 0.000000 -0.000000 0.223898 177.567993
10.347693 -52.180542 0.750000 0.000000 -0.000000 0.262090 177.669998
10.547314 -52.123909 0.750000 0.000000 -0.000000 0.275021 177.772995
10.740296 -52.057858 0.750000 0.000000 -0.000000 0.408151 177.878998
10.911777 -51.963585 0.750000 0.000000 -0.000000 0.595076 177.998001
11.067123 -51.834747 0.750000 0.000000 -0.000000 0.788284 178.153000
11.138212 -51.749046 0.750000 0.000000 -0.000000 0.968925 178.268005
11.184469 -51.665882 0.750000 0.000000 -0.000000 1.146883 178.417999
11.218546 -51.567932 0.750000 0.000000 -0.000000 1.321857 178.641998
11.234962 -51.468594 0.750000 0.000000 -0.000000 1.497869 178.869003
11.231920 -51.264332 0.750000 0.000000 -0.000000 1.657899 179.438004
11.205338 -51.064640 0.750000 0.000000 -0.000000 1.741513 179.639008
11.164542 -50.865948 0.750000 0.000000 -0.000000 1.801955 179.781006
11.103540 -50.639874 0.750000 0.000000 -0.000000 1.862797 179.912994
11.042015 -50.449127 0.750000 0.000000 -0.000000 1.879513 180.013000
10.979412 -50.255936 0.750000 0.000000 -0.000000 1.889243 180.113998
10.910852 -50.047543 0.750000 0.000000 -0.000000 1.887985 180.223007
10.842990 -49.842999 0.750000 0.000000 -0.000000 1.904702 180.330002
10.771812 -49.654644 0.750000 0.000000 -0.000000 1.955893 180.429993
10.671804 -49.423847 0.750000 0.000000 -0.000000 1.986027 180.554993
10.588485 -49.234299 0.750000 0.000000 -0.000000 1.984821 180.658005
10.511265 -49.048153 0.750000 0.000000 -0.000000 1.917811 180.761002
10.454006 -48.853153 0.750000 0.000000 -0.000000 1.802375 180.880997
10.415572 -48.655144 0.750000 0.000000 -0.000000 1.737647 181.005997
10.396944 -48.452984 0.750000 0.000000 -0.000000 1.604601 181.125000
10.394100 -48.248230 0.750000 0.000000 -0.000000 1.578793 181.235001
10.392091 -48.026852 0.750000 0.000000 -0.000000 1.580152 181.345001
10.392002 -47.815819 0.750000 0.000000 -0.000000 1.551097 181.449997
10.402919 -47.593132 0.750000 0.000000 -0.000000 1.496091 181.561005
10.421856 -47.384480 0.750000 0.000000 -0.000000 1.477480 181.664993
10.440710 -47.182209 0.750000 0.000000 -0.000000 1.477911 181.766006
10.463964 -46.982292 0.750000 0.000000 -0.000000 1.409142 181.869995
10.509847 -46.780300 0.750000 0.000000 -0.000000 1.290822 181.994995
10.584848 -46.576710 0.750000 0.000000 -0.000000 1.164191 182.154999
10.676024 -46.389740 0.750000 0.000000 -0.000000 1.054415 182.304993
10.790654 -46.202881 0.750000 0.000000 -0.000000 0.990752 182.455002
10.908517 -46.033653 0.750000 0.000000 -0.000000 0.937556 182.570007
11.033394 -45.872337 0.750000 0.000000 -0.000000 0.889246 182.671997
11.164099 -45.719334 0.750000 0.000000 -0.000000 0.840995 182.772003
11.297194 -45.566830 0.750000 0.000000 -0.000000 0.914156 182.875000
11.402032 -45.401306 0.750000 0.000000 -0.000000 1.094797 182.990005
11.476917 -45.213772 0.750000 0.000000 -0.000000 1.264444 183.136002
11.502719 -45.095875 0.750000 0.000000 -0.000000 1.443514 183.250000
11.506104 -44.998455 0.750000 0.000000 -0.000000 1.620482 183.380005
11.485801 -44.867889 0.750000 0.000000 -0.000000 1.811832 183.619995
11.434961 -44.722969 0.750000 0.000000 -0.000000 2.003394 183.865005
11.337012 -44.546139 0.750000 0.000000 -0.000000 2.119244 184.175003
11.224055 -44.379597 0.750000 0.000000 -0.000000 2.204730 184.376007
11.096546 -44.217777 0.750000 0.000000 -0.000000 2.267478 184.520004
10.962773 -44.066845 0.750000 0.000000 -0.000000 2.320474 184.634995
10.821239 -43.922684 0.750000 0.000000 -0.000000 2.378581 184.737000
10.655189 -43.789040 0.750000 0.000000 -0.000000 2.532170 184.854996
10.475387 -43.679852 0.750000 0.000000 -0.000000 2.659097 184.998001
10.292872 -43.592693 0.750000 0.000000 -0.000000 2.740775 185.190002
10.099240 -43.530739 0.750000 0.000000 -0.000000 2.897857 185.427994
9.897604 -43.495438 0.750000 0.000000 -0.000000 3.011378 185.630997
9.692702 -43.475552 0.750000 0.000000 -0.000000 3.074610 185.776001
9.465501 -43.467510 0.750000 0.000000 -0.000000 3.133832 185.904999
9.227195 -43.469429 0.750000 0.000000 0.000000 -3.136391 186.024994
9.025916 -43.477493 0.750000 0.000000 0.000000 -3.074428 186.125000
8.821362 -43.496449 0.750000 0.000000 0.000000 -3.026259 186.227005
8.615972 -43.525143 0.750000 0.000000 0.000000 -2.991750 186.330002
8.416702 -43.554710 0.750000 0.000000 0.000000 -2.995398 186.429993
8.217407 -43.584087 0.750000 0.000000 0.000000 -2.995081 186.529999
8.010247 -43.613327 0.750000 0.000000 0.000000 -3.028081 186.634995
7.779424 -43.634880 0.750000 0.000000 0.000000 -2.983308 186.768005
7.620297 -43.675488 0.750000 0.000000 0.000000 -2.802666 186.882996
7.480264 -43.742188 0.750000 0.000000 0.000000 -2.598463 187.022995
7.406708 -43.796070 0.750000 0.000000 0.000000 -2.417821 187.138000
7.365695 -43.839367 0.750000 0.000000 0.000000 -2.229326 187.257996
7.352730 -43.858906 0.750000 0.000000 0.000000 -2.048684 187.373001
7.352451 -43.859463 0.750000 0.000000 0.000000 -1.872755 187.485001
7.352451 -43.859463 0.750000 0.000000 0.000000 -1.663839 187.617996
7.352451 -43.859463 0.750000 0.000000 0.000000 -1.846051 187.908005
7.352451 -43.859463 0.750000 0.000000 0.000000 -2.026693 188.022995
7.352451 -43.859463 0.750000 0.000000 0.000000 -2.207335 188.138000
7.352451 -43.859463 0.750000 0.000000 0.000000 -2.387976 188.253006
7.352451 -43.859463 0.750000 0.000000 0.000000 -2.565476 188.365997
7.352451 -43.859463 0.750000 0.000000 0.000000 -2.741406 188.477997
7.352451 -43.859463 0.750000 0.000000 0.000000 -2.922047 188.593002
7.350334 -43.859638 0.750000 0.000000 0.000000 -3.116614 188.757996
7.350084 -43.859638 0.750000 0.000000 -0.000000 2.990594 188.923004
7.314689 -43.849010 0.750000 0.000000 -0.000000 2.800123 189.237000
7.130566 -43.760284 0.750000 0.000000 -0.000000 2.640860 189.572998
6.944760 -43.649574 0.750000 0.000000 -0.000000 2.585803 189.746994
6.773369 -43.543423 0.750000 0.000000 -0.000000 2.587368 189.871994
6.602249 -43.437492 0.750000 0.000000 -0.000000 2.587310 189.977997
6.434632 -43.327278 0.750000 0.000000 -0.000000 2.559596 190.078003
6.264056 -43.217087 0.750000 0.000000 -0.000000 2.569006 190.179001
6.088368 -43.103653 0.750000 0.000000 -0.000000 2.568248 190.283005
5.919501 -42.994617 0.750000 0.000000 -0.000000 2.568319 190.382996
5.750509 -42.885502 0.750000 0.000000 -0.000000 2.568313 190.483002
5.581243 -42.776207 0.750000 0.000000 -0.000000 2.568321 190.582993
5.412040 -42.666950 0.750000 0.000000 -0.000000 2.568329 190.682999
5.239882 -42.551460 0.750000 0.000000 -0.000000 2.526385 190.785995
5.073691 -42.430462 0.750000 0.000000 -0.000000 2.511928 190.888000
4.910767 -42.312111 0.750000 0.000000 -0.000000 2.513301 190.988007
4.750155 -42.185608 0.750000 0.000000 -0.000000 2.401606 191.093994
4.602779 -42.042259 0.750000 0.000000 -0.000000 2.351726 191.201004
4.435584 -41.873928 0.750000 0.000000 -0.000000 2.354718 191.319000
4.285035 -41.722885 0.750000 0.000000 -0.000000 2.354469 191.425003
4.137325 -41.574669 0.750000 0.000000 -0.000000 2.354500 191.529007
3.989420 -41.426262 0.750000 0.000000 -0.000000 2.354498 191.632996
3.847356 -41.283714 0.750000 0.000000 -0.000000 2.354500 191.733002
3.704057 -41.139923 0.750000 0.000000 -0.000000 2.354500 191.834000
3.558957 -40.994324 0.750000 0.000000 -0.000000 2.354503 191.936005
3.416805 -40.851681 0.750000 0.000000 -0.000000 2.354506 192.035995
3.285546 -40.699402 0.750000 0.000000 -0.000000 2.252404 192.141006
3.158477 -40.543472 0.750000 0.000000 -0.000000 2.255360 192.240997
3.018377 -40.371742 0.750000 0.000000 -0.000000 2.255034 192.350998
2.874794 -40.195736 0.750000 0.000000 -0.000000 2.255077 192.464005
2.744800 -40.036388 0.750000 0.000000 -0.000000 2.255071 192.565994
2.617555 -39.880402 0.750000 0.000000 -0.000000 2.255072 192.666000
2.485038 -39.726719 0.750000 0.000000 -0.000000 2.346180 192.768997
2.337926 -39.601322 0.750000 0.000000 -0.000000 2.522110 192.880997
2.194066 -39.517502 0.750000 0.000000 -0.000000 2.702751 192.996002
2.060690 -39.470078 0.750000 0.000000 -0.000000 2.895959 193.119003
1.966411 -39.455002 0.750000 0.000000 -0.000000 3.071888 193.231003
1.895305 -39.456898 0.750000 0.000000 0.000000 -3.007093 193.360992
1.868034 -39.462749 0.750000 0.000000 0.000000 -2.826452 193.475998
1.866149 -39.463421 0.750000 0.000000 0.000000 -2.645810 193.591003
1.866149 -39.463421 0.750000 0.000000 0.000000 -2.424328 193.731995
1.866149 -39.463421 0.750000 0.000000 0.000000 -2.245257 193.845993
1.866149 -39.463421 0.750000 0.000000 0.000000 -2.056761 193.966003
1.866149 -39.463421 0.750000 0.000000 0.000000 -1.879280 194.126007
1.865910 -39.464420 0.750000 0.000000 0.000000 -1.703220 194.281998
1.865465 -39.477779 0.750000 0.000000 0.000000 -1.527752 194.516006
1.874422 -39.521648 0.750000 0.000000 0.000000 -1.330095 194.834000
1.942423 -39.715424 0.750000 0.000000 0.000000 -1.180795 195.166000
2.042608 -39.933834 0.750000 0.000000 0.000000 -1.123007 195.356995
2.131924 -40.120316 0.750000 0.000000 0.000000 -1.124294 195.481995
2.223138 -40.301811 0.750000 0.000000 0.000000 -1.080480 195.587006
2.322538 -40.476776 0.750000 0.000000 0.000000 -1.031622 195.686996
2.430292 -40.646908 0.750000 0.000000 0.000000 -0.983290 195.787003
2.546055 -40.811508 0.750000 0.000000 0.000000 -0.935030 195.886993
2.667716 -40.971550 0.750000 0.000000 0.000000 -0.919169 195.987000
2.789942 -41.136505 0.750000 0.000000 0.000000 -0.930684 196.089005
2.912438 -41.296322 0.750000 0.000000 0.000000 -0.895045 196.188995
3.039733 -41.452023 0.750000 0.000000 0.000000 -0.885406 196.289001
3.167074 -41.607853 0.750000 0.000000 0.000000 -0.885636 196.389008
3.294428 -41.763683 0.750000 0.000000 0.000000 -0.885608 196.488998
3.428509 -41.922279 0.750000 0.000000 0.000000 -0.844103 196.591995
3.564348 -42.073704 0.750000 0.000000 0.000000 -0.841085 196.692993
3.704988 -42.230999 0.750000 0.000000 0.000000 -0.841053 196.798004
3.836585 -42.383236 0.750000 0.000000 0.000000 -0.882872 196.897995
3.966331 -42.546055 0.750000 0.000000 0.000000 -0.924103 197.001999
4.114291 -42.747448 0.750000 0.000000 0.000000 -0.939309 197.126999
4.229848 -42.914658 0.750000 0.000000 0.000000 -0.986594 197.227997
4.347152 -43.090488 0.750000 0.000000 0.000000 -0.978660 197.332993
4.498805 -43.316082 0.750000 0.000000 0.000000 -0.979065 197.468002
4.615611 -43.489876 0.750000 0.000000 0.000000 -0.979039 197.572006
4.727859 -43.656883 0.750000 0.000000 0.000000 -0.979040 197.671997
4.841223 -43.825562 0.750000 0.000000 0.000000 -0.979039 197.772995
4.954628 -43.994293 0.750000 0.000000 0.000000 -0.979038 197.873993
5.070036 -44.169044 0.750000 0.000000 0.000000 -1.006623 197.977997
5.180242 -44.349152 0.750000 0.000000 0.000000 -1.022611 198.082993
5.287654 -44.529034 0.750000 0.000000 0.000000 -1.056103 198.186996
5.385396 -44.704975 0.750000 0.000000 0.000000 -1.062361 198.287003
5.483581 -44.880756 0.750000 0.000000 0.000000 -1.061486 198.386993
5.579518 -45.057602 0.750000 0.000000 0.000000 -1.095734 198.487000
5.670785 -45.237095 0.750000 0.000000 0.000000 -1.099695 198.587006
5.759247 -45.417873 0.750000 0.000000 0.000000 -1.138400 198.686996
5.838744 -45.602444 0.750000 0.000000 0.000000 -1.186789 198.787003
5.909471 -45.791256 0.750000 0.000000 0.000000 -1.234959 198.886993
5.970950 -45.982853 0.750000 0.000000 0.000000 -1.283194 198.987000
6.020022 -46.181755 0.750000 0.000000 0.000000 -1.399202 199.091995
6.047168 -46.385071 0.750000 0.000000 0.000000 -1.435760 199.201996
6.070395 -46.584824 0.750000 0.000000 0.000000 -1.478779 199.302002
6.083823 -46.785477 0.750000 0.000000 0.000000 -1.527004 199.401993
6.087539 -46.986286 0.750000 0.000000 0.000000 -1.575221 199.501999
6.077178 -47.257793 0.750000 0.000000 0.000000 -1.640516 199.636993
6.058102 -47.457870 0.750000 0.000000 0.000000 -1.688725 199.737000
6.027617 -47.664474 0.750000 0.000000 0.000000 -1.753320 199.841995
5.979431 -47.861565 0.750000 0.000000 0.000000 -1.864511 199.957001
5.908581 -48.051239 0.750000 0.000000 0.000000 -2.006592 200.097000
5.810054 -48.226067 0.750000 0.000000 0.000000 -2.131686 200.255005
5.694227 -48.393318 0.750000 0.000000 0.000000 -2.235702 200.395004
5.548615 -48.552322 0.750000 0.000000 0.000000 -2.365901 200.576996
5.367893 -48.717876 0.750000 0.000000 0.000000 -2.417405 200.740005
5.215753 -48.852844 0.750000 0.000000 0.000000 -2.415554 200.850006
5.065426 -48.986267 0.750000 0.000000 0.000000 -2.415721 200.949997
4.898734 -49.134209 0.750000 0.000000 0.000000 -2.415697 201.061005
4.739999 -49.266197 0.750000 0.000000 0.000000 -2.458485 201.164993
4.570372 -49.405582 0.750000 0.000000 0.000000 -2.453295 201.274002
4.411693 -49.536064 0.750000 0.000000 0.000000 -2.453526 201.376007
4.250343 -49.668728 0.750000 0.000000 0.000000 -2.453528 201.479996
4.092120 -49.798817 0.750000 0.000000 0.000000 -2.453532 201.582001
3.935344 -49.927715 0.750000 0.000000 0.000000 -2.453539 201.682999
3.774262 -50.055363 0.750000 0.000000 0.000000 -2.495450 201.785004
3.610402 -50.172382 0.750000 0.000000 0.000000 -2.544305 201.884995
3.436065 -50.284412 0.750000 0.000000 0.000000 -2.594258 201.988007
3.254428 -50.385517 0.750000 0.000000 0.000000 -2.695523 202.091995
3.065261 -50.470486 0.750000 0.000000 0.000000 -2.713826 202.197006
2.882417 -50.554276 0.750000 0.000000 0.000000 -2.712522 202.296997
2.699267 -50.637985 0.750000 0.000000 0.000000 -2.712867 202.397003
2.516231 -50.721642 0.750000 0.000000 0.000000 -2.712853 202.496994
2.333194 -50.805298 0.750000 0.000000 0.000000 -2.712853 202.597000
2.150044 -50.889004 0.750000 0.000000 0.000000 -2.712847 202.697006
1.966897 -50.972710 0.750000 0.000000 0.000000 -2.712843 202.796997
1.784091 -51.056267 0.750000 0.000000 0.000000 -2.712840 202.897003
1.601057 -51.139923 0.750000 0.000000 0.000000 -2.712837 202.996994
1.417958 -51.222538 0.750000 0.000000 0.000000 -2.716853 203.097000
1.234768 -51.305553 0.750000 0.000000 0.000000 -2.716189 203.197006
1.051448 -51.388599 0.750000 0.000000 0.000000 -2.716290 203.296997
0.868126 -51.471645 0.750000 0.000000 0.000000 -2.716292 203.397003
0.679453 -51.557117 0.750000 0.000000 0.000000 -2.716300 203.500000
0.465045 -51.654243 0.750000 0.000000 0.000000 -2.716306 203.617004
0.248072 -51.751743 0.750000 0.000000 0.000000 -2.731856 203.735001
0.061721 -51.827705 0.750000 0.000000 0.000000 -2.763347 203.835007
-0.126931 -51.903004 0.750000 0.000000 0.000000 -2.761281 203.936005
-0.341687 -51.988003 0.750000 0.000000 0.000000 -2.792743 204.050995
-0.547305 -52.044010 0.750000 0.000000 0.000000 -2.907783 204.164993
-0.759441 -52.098385 0.750000 0.000000 0.000000 -2.886564 204.274994
-0.955914 -52.149437 0.750000 0.000000 0.000000 -2.887405 204.376007
-1.150672 -52.200043 0.750000 0.000000 0.000000 -2.887366 204.475998
-1.345502 -52.250675 0.750000 0.000000 0.000000 -2.887373 204.576004
-1.540163 -52.301254 0.750000 0.000000 0.000000 -2.887371 204.675995
-1.739069 -52.346588 0.750000 0.000000 0.000000 -2.965963 204.781998
-1.952657 -52.370689 0.750000 0.000000 0.000000 -3.083093 204.914001
-2.154920 -52.375290 0.750000 0.000000 -0.000000 3.122726 205.035995
-2.362165 -52.367554 0.750000 0.000000 -0.000000 3.085189 205.145996
-2.563054 -52.351398 0.750000 0.000000 -0.000000 3.050697 205.246002
-2.793456 -52.330467 0.750000 0.000000 -0.000000 3.051075 205.360992
-2.995762 -52.310722 0.750000 0.000000 -0.000000 3.026336 205.462006
-3.203131 -52.282394 0.750000 0.000000 -0.000000 3.000519 205.565994
-3.406362 -52.253670 0.750000 0.000000 -0.000000 3.001304 205.667999
-3.606566 -52.221024 0.750000 0.000000 -0.000000 2.934812 205.770996
-3.810263 -52.172291 0.750000 0.000000 -0.000000 2.904579 205.882004
-4.006936 -52.127945 0.750000 0.000000 -0.000000 2.942838 205.981995
-4.211419 -52.084641 0.750000 0.000000 -0.000000 2.930640 206.085999
-4.408227 -52.042587 0.750000 0.000000 -0.000000 2.930921 206.186005
-4.605052 -52.000504 0.750000 0.000000 -0.000000 2.930881 206.285995
-4.800940 -51.954777 0.750000 0.000000 -0.000000 2.889121 206.386002
-4.994491 -51.899437 0.750000 0.000000 -0.000000 2.840461 206.485992
-5.185209 -51.834858 0.750000 0.000000 -0.000000 2.792348 206.585999
-5.377721 -51.755177 0.750000 0.000000 -0.000000 2.696153 206.695999
-5.592327 -51.678139 0.750000 0.000000 -0.000000 2.911074 206.841003
-5.733897 -51.658287 0.750000 0.000000 -0.000000 3.091716 206.955994
-5.910128 -51.668797 0.750000 0.000000 0.000000 -2.987266 207.166000
-5.958331 -51.680531 0.750000 0.000000 0.000000 -2.806624 207.281006
-5.973654 -51.687004 0.750000 0.000000 0.000000 -2.602421 207.410995
-5.973654 -51.687004 0.750000 0.000000 0.000000 -2.426578 207.531006
-5.977077 -51.690575 0.750000 0.000000 0.000000 -2.245288 207.744995
-6.084262 -51.872959 0.750000 0.000000 0.000000 -2.060916 208.330002
-6.184005 -52.082760 0.750000 0.000000 0.000000 -1.982884 208.529999
-6.269601 -52.277931 0.750000 0.000000 0.000000 -1.984611 208.664993
-6.348082 -52.462433 0.750000 0.000000 0.000000 -1.951245 208.770996
-6.417939 -52.651272 0.750000 0.000000 0.000000 -1.902169 208.871002
-6.483506 -52.849758 0.750000 0.000000 0.000000 -1.889292 208.975006
-6.549670 -53.047340 0.750000 0.000000 0.000000 -1.921627 209.078995
-6.629352 -53.238964 0.750000 0.000000 0.000000 -1.968631 209.184998
-6.703949 -53.425644 0.750000 0.000000 0.000000 -1.926725 209.285004
-6.771466 -53.615200 0.750000 0.000000 0.000000 -1.912248 209.384995
-6.838903 -53.804516 0.750000 0.000000 0.000000 -1.912869 209.485001
-6.906370 -53.994019 0.750000 0.000000 0.000000 -1.912827 209.585007
-6.973970 -54.183895 0.750000 0.000000 0.000000 -1.912831 209.684998
-7.041512 -54.373604 0.750000 0.000000 0.000000 -1.912831 209.785004
-7.109072 -54.563362 0.750000 0.000000 0.000000 -1.912831 209.884995
-7.172698 -54.754139 0.750000 0.000000 0.000000 -1.867617 209.985001
-7.234602 -54.952209 0.750000 0.000000 0.000000 -1.842403 210.089996
-7.285425 -55.149521 0.750000 0.000000 0.000000 -1.823224 210.195007
-7.337018 -55.348400 0.750000 0.000000 0.000000 -1.824347 210.296997
-7.392517 -55.562763 0.750000 0.000000 0.000000 -1.821079 210.406998
-7.444183 -55.794479 0.750000 0.000000 0.000000 -1.761683 210.524994
-7.477489 -55.992779 0.750000 0.000000 0.000000 -1.720598 210.625000
-7.508005 -56.191952 0.750000 0.000000 0.000000 -1.725053 210.725006
-7.539173 -56.392979 0.750000 0.000000 0.000000 -1.724494 210.826004
-7.571218 -56.599819 0.750000 0.000000 0.000000 -1.724516 210.929993
-7.602032 -56.798710 0.750000 0.000000 0.000000 -1.724516 211.029999
-7.631527 -56.998005 0.750000 0.000000 0.000000 -1.695090 211.130005
-7.653660 -57.197956 0.750000 0.000000 0.000000 -1.682371 211.229996
-7.676433 -57.397598 0.750000 0.000000 0.000000 -1.684608 211.330002
-7.699275 -57.597542 0.750000 0.000000 0.000000 -1.684548 211.429993
-7.718858 -57.797691 0.750000 0.000000 0.000000 -1.646419 211.529999
-7.728909 -57.998783 0.750000 0.000000 0.000000 -1.598037 211.630005
-7.731539 -58.200058 0.750000 0.000000 0.000000 -1.582020 211.729996
-7.733052 -58.400909 0.750000 0.000000 0.000000 -1.563928 211.830002
-7.726303 -58.602200 0.750000 0.000000 0.000000 -1.514345 211.929993
-7.709878 -58.802460 0.750000 0.000000 0.000000 -1.466151 212.029999
-7.686785 -59.002296 0.750000 0.000000 0.000000 -1.435202 212.130005
-7.654119 -59.200855 0.750000 0.000000 0.000000 -1.384748 212.229996
-7.611889 -59.397888 0.750000 0.000000 0.000000 -1.336795 212.330002
-7.560115 -59.592777 0.750000 0.000000 0.000000 -1.288504 212.429993
-7.498447 -59.786518 0.750000 0.000000 0.000000 -1.239699 212.531006
-7.425316 -59.982391 0.750000 0.000000 0.000000 -1.189628 212.634995
-7.347847 -60.170189 0.750000 0.000000 0.000000 -1.180664 212.735992
-7.265212 -60.362476 0.750000 0.000000 0.000000 -1.141909 212.839996
-7.179873 -60.544868 0.750000 0.000000 0.000000 -1.133165 212.940002
-7.094779 -60.726917 0.750000 0.000000 0.000000 -1.133504 213.039993
-7.014205 -60.917767 0.750000 0.000000 0.000000 -1.163012 213.143997
-6.929889 -61.102535 0.750000 0.000000 0.000000 -1.119709 213.244995
-6.840890 -61.283298 0.750000 0.000000 0.000000 -1.114382 213.345001
-6.752146 -61.464180 0.750000 0.000000 0.000000 -1.114481 213.445007
-6.660760 -61.650337 0.750000 0.000000 0.000000 -1.114436 213.548004
-6.556991 -61.861725 0.750000 0.000000 0.000000 -1.114435 213.664993
-6.466497 -62.046070 0.750000 0.000000 0.000000 -1.114432 213.766998
-6.376873 -62.228638 0.750000 0.000000 0.000000 -1.114428 213.867996
-6.285541 -62.414688 0.750000 0.000000 0.000000 -1.114427 213.970993
-6.194359 -62.601315 0.750000 0.000000 0.000000 -1.129833 214.074005
-6.105942 -62.786709 0.750000 0.000000 0.000000 -1.115659 214.175995
-6.013331 -62.965263 0.750000 0.000000 0.000000 -1.080341 214.276001
-5.918903 -63.142876 0.750000 0.000000 0.000000 -1.083153 214.376007
-5.824602 -63.320679 0.750000 0.000000 0.000000 -1.083086 214.475998
-5.725506 -63.507515 0.750000 0.000000 0.000000 -1.083086 214.580994
-5.622719 -63.701305 0.750000 0.000000 0.000000 -1.083083 214.690002
-5.510262 -63.920395 0.750000 0.000000 0.000000 -1.142276 214.815002
-5.437005 -64.111679 0.750000 0.000000 0.000000 -1.260445 214.934998
-5.382214 -64.312744 0.750000 0.000000 0.000000 -1.352113 215.065002
-5.343250 -64.511063 0.750000 0.000000 0.000000 -1.397099 215.177002
-5.313773 -64.709358 0.750000 0.000000 0.000000 -1.446078 215.276993
-5.293789 -64.909706 0.750000 0.000000 0.000000 -1.494348 215.376999
-5.283517 -65.110405 0.750000 0.000000 0.000000 -1.542440 215.477005
-5.282518 -65.311661 0.750000 0.000000 0.000000 -1.578584 215.576996
-5.284229 -65.513176 0.750000 0.000000 0.000000 -1.585654 215.677002
-5.292915 -65.715996 0.750000 0.000000 0.000000 -1.638466 215.778000
-5.311969 -65.920090 0.750000 0.000000 0.000000 -1.683661 215.880005
-5.334724 -66.124428 0.750000 0.000000 0.000000 -1.680549 215.981995
-5.362777 -66.329185 0.750000 0.000000 0.000000 -1.750393 216.087006
-5.396904 -66.526886 0.750000 0.000000 0.000000 -1.736611 216.186996
-5.430150 -66.725281 0.750000 0.000000 0.000000 -1.737000 216.287003
-5.463422 -66.923676 0.750000 0.000000 0.000000 -1.736986 216.386993
-5.496813 -67.121918 0.750000 0.000000 0.000000 -1.744059 216.487000
-5.536369 -67.319244 0.750000 0.000000 0.000000 -1.781121 216.587006
-5.577839 -67.516052 0.750000 0.000000 0.000000 -1.776963 216.686996
-5.620037 -67.713882 0.750000 0.000000 0.000000 -1.808697 216.787994
-5.692630 -67.921219 0.750000 0.000000 0.000000 -2.003475 216.912003
-5.776986 -68.067162 0.750000 0.000000 0.000000 -2.184117 217.026993
-5.864829 -68.170609 0.750000 0.000000 0.000000 -2.364759 217.141998
-5.950337 -68.239822 0.750000 0.000000 0.000000 -2.561108 217.266998
-6.009501 -68.271591 0.750000 0.000000 0.000000 -2.743321 217.382996
-6.041864 -68.282204 0.750000 0.000000 0.000000 -2.922392 217.496994
-6.047889 -68.283295 0.750000 0.000000 0.000000 -3.104604 217.613007
-6.047889 -68.283295 0.750000 0.000000 -0.000000 2.996369 217.729004
-6.047889 -68.283295 0.750000 0.000000 -0.000000 2.818869 217.841995
-6.048069 -68.283211 0.750000 0.000000 -0.000000 2.642779 217.979004
-6.049881 -68.282005 0.750000 0.000000 -0.000000 2.465822 218.154007
-6.059556 -68.272591 0.750000 0.000000 -0.000000 2.288105 218.399002
-6.122816 -68.178062 0.750000 0.000000 -0.000000 2.113455 218.727005
-6.220818 -67.997459 0.750000 0.000000 -0.000000 2.029184 218.936996
-6.296994 -67.806229 0.750000 0.000000 -0.000000 1.877680 219.102005
-6.359278 -67.614899 0.750000 0.000000 -0.000000 1.886085 219.242004
-6.424783 -67.413872 0.750000 0.000000 -0.000000 1.885833 219.362000
-6.487837 -67.220398 0.750000 0.000000 -0.000000 1.885824 219.464005
-6.552711 -67.021339 0.750000 0.000000 -0.000000 1.885822 219.567993
-6.617723 -66.821838 0.750000 0.000000 -0.000000 1.885822 219.671997
-6.683053 -66.621384 0.750000 0.000000 -0.000000 1.885821 219.776993
-6.750506 -66.414391 0.750000 0.000000 -0.000000 1.885821 219.884995
-6.814163 -66.219048 0.750000 0.000000 -0.000000 1.885821 219.987000
-6.877069 -66.026016 0.750000 0.000000 -0.000000 1.885821 220.087997
-6.941980 -65.826828 0.750000 0.000000 -0.000000 1.885823 220.192001
-7.004336 -65.635483 0.750000 0.000000 -0.000000 1.885823 220.292007
