307.750000 0.000000 0.000000 1.675000
314.375000 0.000000 0.000000 1.785000
316.625000 0.000000 0.000000 1.875000
318.500000 0.000000 0.000000 1.985000
319.750000 0.000000 0.000000 2.075000
321.750000 0.000000 0.000000 2.185000
322.250000 0.000000 0.000000 2.280000
322.500000 0.000000 0.000000 2.385000
322.875000 0.000000 0.000000 2.475000
323.250000 0.000000 0.000000 2.585000
323.500000 0.000000 0.000000 2.675000
324.375000 0.000000 0.000000 2.776000
324.500000 0.000000 0.000000 2.870000
324.625000 0.000000 0.000000 2.985000
324.875000 0.000000 0.000000 3.070000
325.250000 0.000000 0.000000 3.175000
325.625000 0.000000 0.000000 3.275000
326.000000 0.000000 0.000000 3.385000
326.250000 0.000000 0.000000 3.475000
326.250000 0.000000 0.000000 3.575000
326.750000 0.000000 0.000000 3.675000
327.125000 0.000000 0.000000 3.775000
327.625000 0.000000 0.000000 3.875000
327.750000 0.000000 0.000000 3.975000
328.000000 0.000000 0.000000 4.075000
328.250000 0.000000 0.000000 4.170000
328.250000 0.000000 0.000000 4.275000
328.375000 0.000000 0.000000 4.370000
328.375000 0.000000 0.000000 4.475000
328.375000 0.000000 0.000000 4.570000
328.375000 0.000000 0.000000 4.680000
328.500000 0.000000 0.000000 4.785000
329.000000 0.000000 0.000000 4.875000
329.125000 0.000000 0.000000 4.975000
329.375000 0.000000 0.000000 5.075000
329.625000 0.000000 0.000000 5.175000
329.875000 0.000000 0.000000 5.285000
330.000000 0.000000 0.000000 5.375000
330.000000 0.000000 0.000000 5.485000
330.000000 0.000000 0.000000 5.570000
330.125000 0.000000 0.000000 5.675000
330.250000 0.000000 0.000000 5.775000
330.250000 0.000000 0.000000 5.885000
330.250000 0.000000 0.000000 5.975000
330.375000 0.000000 0.000000 6.085000
330.375000 0.000000 0.000000 6.175000
330.500000 0.000000 0.000000 6.275000
330.500000 0.000000 0.000000 6.365000
330.625000 0.000000 0.000000 6.475000
330.875000 0.000000 0.000000 6.575000
330.875000 0.000000 0.000000 6.675000
331.000000 0.000000 0.000000 6.785000
331.000000 0.000000 0.000000 6.870000
331.000000 0.000000 0.000000 6.975000
331.000000 0.000000 0.000000 7.085000
331.000000 0.000000 0.000000 7.170000
331.125000 0.000000 0.000000 7.275000
331.375000 0.000000 0.000000 7.365000
331.375000 0.000000 0.000000 7.475000
331.500000 0.000000 0.000000 7.580000
331.500000 0.000000 0.000000 7.670000
331.750000 0.000000 0.000000 7.775000
331.875000 0.000000 0.000000 7.860000
331.875000 0.000000 0.000000 7.970000
331.875000 0.000000 0.000000 8.075000
331.875000 0.000000 0.000000 8.185000
331.875000 0.000000 0.000000 8.275000
331.875000 0.000000 0.000000 8.375000
332.125000 0.000000 0.000000 8.475000
332.250000 0.000000 0.000000 8.575000
332.375000 0.000000 0.000000 8.675000
332.375000 0.000000 0.000000 8.775000
332.500000 0.000000 0.000000 8.875000
332.625000 0.000000 0.000000 8.975000
332.875000 0.000000 0.000000 9.080000
332.875000 0.000000 0.000000 9.185000
332.875000 0.000000 0.000000 9.270000
332.875000 0.000000 0.000000 9.375000
333.000000 0.000000 0.000000 9.475000
333.125000 0.000000 0.000000 9.585000
334.000000 0.000000 0.000000 9.670000
334.125000 0.000000 0.000000 9.775000
334.125000 0.000000 0.000000 9.870000
334.250000 0.000000 0.000000 9.980000
334.625000 0.000000 0.000000 10.090000
334.625000 0.000000 0.000000 10.175000
334.625000 0.000000 0.000000 10.285000
334.875000 0.000000 0.000000 10.365000
334.875000 0.000000 0.000000 10.475000
334.875000 0.000000 0.000000 10.575000
334.875000 0.000000 0.000000 10.675000
335.000000 0.000000 0.000000 10.770000
335.000000 0.000000 0.000000 10.875000
335.125000 0.000000 0.000000 10.975000
335.125000 0.000000 0.000000 11.076000
335.250000 0.000000 0.000000 11.175000
335.375000 0.000000 0.000000 11.275000
335.375000 0.000000 0.000000 11.370000
335.375000 0.000000 0.000000 11.475000
335.375000 0.000000 0.000000 11.575000
335.375000 0.000000 0.000000 11.675000
335.500000 0.000000 0.000000 11.775000
335.500000 0.000000 0.000000 11.875000
335.500000 0.000000 0.000000 11.970000
335.500000 0.000000 0.000000 12.075000
335.750000 0.000000 0.000000 12.170000
335.875000 0.000000 0.000000 12.275000
335.875000 0.000000 0.000000 12.375000
335.875000 0.000000 0.000000 12.475000
335.875000 0.000000 0.000000 12.575000
336.000000 0.000000 0.000000 12.690000
336.000000 0.000000 0.000000 12.770000
336.000000 0.000000 0.000000 12.875000
336.000000 0.000000 0.000000 12.975000
336.125000 0.000000 0.000000 13.075000
336.125000 0.000000 0.000000 13.175000
336.125000 0.000000 0.000000 13.275000
336.125000 0.000000 0.000000 13.385000
336.375000 0.000000 0.000000 13.465000
336.375000 0.000000 0.000000 13.575000
336.375000 0.000000 0.000000 13.680000
336.375000 0.000000 0.000000 13.770000
336.375000 0.000000 0.000000 13.875000
336.375000 0.000000 0.000000 13.970000
336.375000 0.000000 0.000000 14.076000
336.500000 0.000000 0.000000 14.185000
336.500000 0.000000 0.000000 14.275000
336.500000 0.000000 0.000000 14.370000
336.625000 0.000000 0.000000 14.475000
336.625000 0.000000 0.000000 14.585000
336.750000 0.000000 0.000000 14.670000
336.875000 0.000000 0.000000 14.780000
336.875000 0.000000 0.000000 14.885000
336.875000 0.000000 0.000000 14.975000
336.875000 0.000000 0.000000 15.075000
337.000000 0.000000 0.000000 15.175000
337.000000 0.000000 0.000000 15.280000
337.125000 0.000000 0.000000 15.370000
337.125000 0.000000 0.000000 15.475000
337.250000 0.000000 0.000000 15.575000
337.250000 0.000000 0.000000 15.675000
337.250000 0.000000 0.000000 15.775000
337.250000 0.000000 0.000000 15.875000
337.250000 0.000000 0.000000 15.975000
337.250000 0.000000 0.000000 16.075001
337.250000 0.000000 0.000000 16.174999
337.250000 0.000000 0.000000 16.275000
337.250000 0.000000 0.000000 16.375000
337.250000 0.000000 0.000000 16.480000
337.375000 0.000000 0.000000 16.570000
337.375000 0.000000 0.000000 16.674999
337.500000 0.000000 0.000000 16.775000
337.500000 0.000000 0.000000 16.895000
338.500000 0.000000 0.000000 16.969999
338.500000 0.000000 0.000000 17.080000
338.500000 0.000000 0.000000 17.180000
338.500000 0.000000 0.000000 17.275000
338.500000 0.000000 0.000000 17.375000
338.500000 0.000000 0.000000 17.475000
338.500000 0.000000 0.000000 17.580000
338.625000 0.000000 0.000000 17.665001
338.625000 0.000000 0.000000 17.775000
338.625000 0.000000 0.000000 17.875000
338.625000 0.000000 0.000000 17.975000
338.625000 0.000000 0.000000 18.080000
338.625000 0.000000 0.000000 18.174999
338.625000 0.000000 0.000000 18.275999
338.625000 0.000000 0.000000 18.375000
393.625000 0.000000 0.360000 18.475000
458.250000 0.000000 0.360000 18.580999
467.000000 0.000000 0.360000 18.681000
488.375000 0.000000 0.360000 18.775000
535.000000 0.000000 0.360000 18.875000
551.875000 0.000300 0.360000 18.980000
568.250000 0.000300 0.360000 19.070000
577.125000 0.016792 0.360000 19.180000
582.750000 0.016792 0.360000 19.285000
593.500000 0.016792 0.222000 19.365000
604.125000 0.077348 0.222000 19.475000
618.125000 0.077348 0.222000 19.575001
636.250000 0.077348 0.222000 19.674999
662.750000 0.281974 0.222000 19.775000
691.500000 0.485474 0.222000 19.875000
725.500000 0.485474 0.222000 19.975000
759.875000 0.688799 0.222000 20.080000
792.125000 0.893298 0.222000 20.184999
830.750000 1.094522 0.222000 20.270000
871.625000 1.295331 0.233000 20.385000
905.750000 1.504767 0.233000 20.480000
939.500000 1.713641 0.233000 20.575001
972.500000 1.915016 0.233000 20.674999
1006.375000 2.116255 0.233000 20.775000
1037.500000 2.317596 0.233000 20.865000
1069.875000 2.519086 0.233000 20.979000
1102.375000 2.720350 0.233000 21.075001
1128.500000 2.921589 0.233000 21.174999
1162.250000 3.125230 0.233000 21.275000
1201.125000 3.326720 0.283000 21.379999
1237.250000 3.540568 0.283000 21.486000
1263.375000 3.741816 0.283000 21.580999
1287.875000 3.943183 0.283000 21.676001
1315.875000 4.174424 0.283000 21.791000
1341.375000 4.383915 0.283000 21.870001
1371.500000 4.597108 0.283000 21.980000
1400.250000 4.806579 0.283000 22.075001
1429.000000 5.007596 0.283000 22.174999
1457.125000 5.210713 0.283000 22.281000
1495.375000 5.417922 0.255000 22.375000
1529.750000 5.417922 0.255000 22.475000
1556.375000 5.623532 0.255000 22.584999
1582.250000 5.837629 0.255000 22.670000
1605.250000 6.039310 0.255000 22.775000
1628.500000 6.240688 0.255000 22.875000
1654.750000 6.446009 0.255000 22.969999
1679.125000 6.653257 0.255000 23.075001
1699.375000 6.854258 0.255000 23.165001
1720.000000 7.055505 0.255000 23.288000
1749.000000 7.256855 0.331000 23.375000
1786.250000 7.457669 0.331000 23.480000
1806.750000 7.659226 0.331000 23.575001
1829.125000 7.860209 0.331000 23.680000
1850.625000 8.061445 0.331000 23.780001
1872.125000 8.262946 0.331000 23.881001
1890.500000 8.464025 0.331000 23.980000
1914.750000 8.665556 0.331000 24.086000
1935.250000 8.868403 0.331000 24.180000
1954.000000 9.077611 0.331000 24.285000
1973.000000 9.281011 0.350000 24.375000
1990.250000 9.489812 0.350000 24.465000
2007.250000 9.690935 0.350000 24.570000
2027.750000 9.892060 0.350000 24.680000
2044.000000 10.093417 0.350000 24.785000
2060.375000 10.294404 0.350000 24.870001
2076.125000 10.495654 0.350000 24.990000
2092.875000 10.697028 0.350000 25.065001
2108.375000 10.898021 0.350000 25.180000
2123.375000 11.105337 0.350000 25.280001
2147.750000 11.312178 0.337000 25.375000
2163.375000 11.518523 0.337000 25.475000
2178.000000 11.719776 0.337000 25.580000
2194.500000 11.921149 0.337000 25.680000
2210.125000 12.124273 0.337000 25.770000
2226.125000 12.333361 0.337000 25.879999
2239.750000 12.534366 0.337000 25.980000
2254.125000 12.735616 0.337000 26.080000
2268.250000 12.936871 0.337000 26.180000
2282.625000 13.138021 0.337000 26.280001
2304.000000 13.339376 0.331000 26.379999
2318.375000 13.546789 0.331000 26.480000
2332.125000 13.759823 0.331000 26.580000
2344.250000 13.759823 0.331000 26.680000
2359.375000 13.963698 0.331000 26.780001
2371.250000 13.963698 0.331000 26.865000
2383.500000 14.166745 0.331000 26.990999
2392.500000 14.371578 0.331000 27.091000
2405.125000 14.371578 0.331000 27.170000
2417.000000 14.573748 0.331000 27.270000
2430.875000 14.776801 0.311000 27.375000
2446.500000 14.979488 0.311000 27.480000
2468.000000 15.206666 0.311000 27.580000
2480.250000 15.407941 0.311000 27.680000
2493.750000 15.609448 0.311000 27.780001
2506.125000 15.810682 0.311000 27.865999
2521.750000 16.012291 0.311000 27.980000
2535.875000 16.213800 0.311000 28.080000
2550.250000 16.417185 0.311000 28.190001
2563.375000 16.623943 0.311000 28.284000
2577.000000 16.824703 0.311000 28.379000
2595.250000 17.030579 0.399000 28.493999
2608.125000 17.030579 0.399000 28.579000
2619.750000 17.234081 0.399000 28.688999
2627.875000 17.434906 0.399000 28.780001
2636.250000 17.434906 0.399000 28.886000
2642.750000 17.600437 0.399000 28.975000
2649.875000 17.600437 0.399000 29.080000
2655.500000 17.805197 0.399000 29.174999
2662.000000 17.805197 0.399000 29.271000
2669.250000 18.000114 0.315000 29.371000
2678.375000 18.000114 0.315000 29.480000
2688.000000 18.060007 0.315000 29.580000
2691.625000 18.087973 0.315000 29.680000
2693.875000 18.093586 0.315000 29.780001
2695.250000 18.093586 0.315000 29.879999
2698.250000 18.093586 0.315000 29.980000
2699.625000 18.114536 0.315000 30.084999
2703.000000 18.114536 0.315000 30.170000
2706.125000 18.114536 0.315000 30.280001
2713.125000 18.315357 0.274000 30.379999
2717.250000 18.452435 0.274000 30.480000
2722.375000 18.452435 0.274000 30.580000
2726.125000 18.540194 0.274000 30.686001
2728.750000 18.540194 0.274000 30.775000
2732.750000 18.655012 0.274000 30.879999
2736.500000 18.655012 0.274000 30.980000
2740.500000 18.655012 0.274000 31.080000
2744.375000 18.858988 0.274000 31.184999
2748.875000 19.063953 0.274000 31.270000
2756.625000 19.063953 0.280000 31.379999
2771.625000 19.263956 0.280000 31.485001
2782.625000 19.422768 0.280000 31.584999
2790.875000 19.547897 0.280000 31.670000
2800.125000 19.639898 0.280000 31.780001
2806.875000 19.702850 0.280000 31.879999
2811.250000 19.725851 0.280000 31.980000
2814.875000 19.725851 0.280000 32.084999
2820.500000 19.738718 0.280000 32.181000
2822.375000 19.738718 0.280000 32.285000
2827.750000 19.738718 0.303000 32.375000
2831.375000 19.738718 0.303000 32.485001
2834.375000 19.738718 0.303000 32.584999
2835.375000 19.738718 0.303000 32.685001
2835.875000 19.738718 0.303000 32.775002
2840.000000 19.738718 0.303000 32.880001
2841.000000 19.738718 0.303000 32.980000
2841.125000 19.738718 0.303000 33.085999
2842.125000 19.763403 0.303000 33.186001
2843.875000 19.763403 0.303000 33.275002
2847.375000 19.763403 0.239000 33.380001
2849.875000 19.965221 0.239000 33.485001
2854.125000 19.965221 0.239000 33.570000
2858.500000 20.058180 0.239000 33.680000
2860.875000 20.100254 0.239000 33.785000
2863.375000 20.100254 0.239000 33.875000
2864.625000 20.100254 0.239000 33.980000
2866.625000 20.170874 0.239000 34.080002
2869.375000 20.170874 0.239000 34.180000
2872.625000 20.375692 0.239000 34.279999
2878.750000 20.375692 0.248000 34.386002
2888.000000 20.577023 0.248000 34.486000
2893.250000 20.692934 0.248000 34.581001
2900.750000 20.775154 0.248000 34.674999
2909.000000 20.824587 0.248000 34.780998
2916.250000 20.840948 0.248000 34.869999
2920.375000 20.840948 0.248000 34.980000
2921.875000 20.840948 0.248000 35.085999
2922.625000 20.842323 0.248000 35.195999
2923.250000 20.842323 0.248000 35.276001
2926.875000 20.842323 0.280000 35.384998
2927.750000 20.842323 0.280000 35.474998
2929.000000 20.860758 0.280000 35.580002
2930.125000 20.860758 0.280000 35.680000
2930.750000 20.860758 0.280000 35.779999
2932.625000 20.918703 0.280000 35.875000
2934.125000 20.918703 0.280000 35.985001
2936.875000 20.918703 0.280000 36.075001
2941.000000 21.122343 0.280000 36.181000
2947.500000 21.323057 0.280000 36.285000
2958.375000 21.323057 0.262000 36.380001
2967.000000 21.523537 0.262000 36.480000
2973.625000 21.732487 0.262000 36.570000
2983.250000 21.950836 0.262000 36.680000
2993.750000 22.158390 0.262000 36.779999
3001.625000 22.379732 0.262000 36.875000
3011.375000 22.590733 0.262000 36.980000
3021.125000 22.802107 0.262000 37.090000
3033.750000 23.003357 0.262000 37.189999
3043.125000 23.207008 0.262000 37.271000
3057.375000 23.407379 0.320000 37.386002
3067.250000 23.610243 0.320000 37.480000
3079.375000 23.811350 0.320000 37.584999
3091.625000 24.012455 0.320000 37.680000
3102.500000 24.213953 0.320000 37.785000
3114.250000 24.414827 0.320000 37.875000
3126.375000 24.615753 0.320000 37.980000
3139.000000 24.817028 0.320000 38.070000
3152.875000 25.018105 0.320000 38.180000
3162.125000 25.219231 0.320000 38.279999
3177.750000 25.420105 0.333000 38.375000
3188.375000 25.628874 0.333000 38.480000
3201.750000 25.832380 0.333000 38.585999
3213.750000 26.033485 0.333000 38.691002
3223.750000 26.242838 0.333000 38.779999
3239.125000 26.444193 0.333000 38.884998
3249.875000 26.444193 0.333000 38.970001
3261.500000 26.644896 0.333000 39.075001
3273.125000 26.888012 0.333000 39.181999
3284.125000 27.091438 0.333000 39.279999
3295.125000 27.298388 0.349000 39.375000
3306.125000 27.498507 0.349000 39.480000
3318.875000 27.699255 0.349000 39.575001
3330.125000 27.900232 0.349000 39.680000
3340.125000 28.101480 0.349000 39.779999
3352.750000 28.302580 0.349000 39.880001
3363.625000 28.503681 0.349000 39.974998
3374.250000 28.705112 0.349000 40.080002
3385.875000 28.906218 0.349000 40.185001
3398.875000 29.107498 0.349000 40.270000
3411.125000 29.308727 0.361000 40.390999
3424.250000 29.509356 0.361000 40.480000
3435.375000 29.716805 0.361000 40.585999
3447.125000 29.922083 0.361000 40.674999
3458.500000 30.123362 0.361000 40.779999
3471.250000 30.324564 0.361000 40.880001
3482.625000 30.526039 0.361000 40.980000
3493.625000 30.726999 0.361000 41.080002
3505.750000 30.928499 0.361000 41.174999
3515.875000 31.130003 0.361000 41.275002
3524.750000 31.331057 0.391000 41.375000
3536.500000 31.534082 0.391000 41.480000
3547.125000 31.747185 0.391000 41.580002
3558.375000 31.954395 0.391000 41.669998
3568.625000 32.155643 0.391000 41.779999
3578.250000 32.356895 0.391000 41.880001
3588.125000 32.557770 0.391000 41.980999
3597.250000 32.759247 0.391000 42.075001
3608.625000 32.960484 0.391000 42.174999
3619.000000 33.161808 0.391000 42.279999
3630.250000 33.362934 0.368000 42.380001
3642.125000 33.563755 0.368000 42.480000
3655.750000 33.764748 0.368000 42.575001
3669.125000 33.965778 0.368000 42.680000
3679.750000 34.167233 0.368000 42.779999
3690.000000 34.368614 0.368000 42.880001
3701.750000 34.569744 0.368000 42.974998
3711.875000 34.770802 0.368000 43.080002
3722.625000 34.971817 0.368000 43.180000
3731.750000 35.174942 0.368000 43.285000
3741.250000 35.376068 0.363000 43.384998
3751.875000 35.584965 0.363000 43.474998
3762.250000 35.786201 0.363000 43.585999
3772.250000 35.989201 0.363000 43.686001
3782.125000 36.190830 0.363000 43.779999
3792.750000 36.404385 0.363000 43.887001
3802.375000 36.605335 0.363000 43.992001
3814.375000 36.806587 0.363000 44.077000
3823.875000 37.007965 0.363000 44.187000
3839.625000 37.208282 0.363000 44.286999
3849.125000 37.441551 0.340000 44.382000
3861.625000 37.642879 0.340000 44.481998
3872.250000 37.642879 0.340000 44.580002
3882.625000 37.847252 0.340000 44.680000
3890.625000 38.055851 0.340000 44.785000
3906.000000 38.260998 0.340000 44.869999
3915.750000 38.461704 0.340000 44.980000
3924.500000 38.664227 0.340000 45.085999
3934.375000 38.865601 0.340000 45.181000
3941.875000 39.066574 0.340000 45.279999
3949.000000 39.275898 0.353000 45.380001
3957.500000 39.476917 0.353000 45.480000
3965.750000 39.678169 0.353000 45.585999
3974.625000 39.881588 0.353000 45.686001
3984.875000 40.090683 0.353000 45.794998
3995.125000 40.291912 0.353000 45.880001
4003.750000 40.493145 0.353000 45.985001
4016.125000 40.694374 0.353000 46.080002
4026.250000 40.894466 0.353000 46.195000
4041.375000 41.101131 0.353000 46.279999
4047.750000 41.307514 0.349000 46.380001
4060.125000 41.307514 0.349000 46.480000
4069.750000 41.515457 0.349000 46.585999
4079.375000 41.720108 0.349000 46.680000
4089.125000 41.935261 0.349000 46.770000
4100.500000 42.156834 0.349000 46.880001
4109.750000 42.367962 0.349000 46.985001
4120.625000 42.569210 0.349000 47.070000
4128.125000 42.772465 0.349000 47.180000
4144.500000 42.975723 0.349000 47.286999
4154.750000 43.176975 0.321000 47.387001
4163.375000 43.389412 0.321000 47.480000
4173.250000 43.594738 0.321000 47.580002
4185.125000 43.796089 0.321000 47.680000
4193.500000 44.001076 0.321000 47.779999
4202.625000 44.202106 0.321000 47.880001
4209.500000 44.413609 0.321000 47.981998
4216.000000 44.413609 0.321000 48.070000
4221.750000 44.621357 0.321000 48.180000
4231.875000 44.834541 0.321000 48.279999
4239.875000 45.043941 0.321000 48.380001
4258.500000 45.245548 0.356000 48.474998
4266.750000 45.451805 0.356000 48.580002
4275.375000 45.656818 0.356000 48.685001
4283.500000 45.865498 0.356000 48.770000
4291.750000 46.066559 0.356000 48.880001
4298.000000 46.268024 0.356000 48.985001
4303.875000 46.469410 0.356000 49.080002
4311.875000 46.670769 0.356000 49.169998
4319.000000 46.871902 0.356000 49.279999
4325.375000 47.073132 0.356000 49.380001
4342.375000 47.276375 0.373000 49.474998
4351.250000 47.482540 0.373000 49.580002
4357.750000 47.682762 0.373000 49.674999
4364.875000 47.895741 0.373000 49.785999
4373.000000 48.097111 0.373000 49.881001
4381.250000 48.306210 0.373000 49.980000
4390.000000 48.527393 0.373000 50.075001
4400.125000 48.738750 0.373000 50.180000
4408.500000 48.939884 0.373000 50.279999
4419.000000 49.141502 0.373000 50.384998
4438.375000 49.349297 0.402000 50.480000
4452.125000 49.549324 0.402000 50.580002
4463.500000 49.549324 0.402000 50.669998
4470.375000 49.754612 0.402000 50.779999
4478.125000 49.754612 0.402000 50.884998
4483.500000 49.959309 0.402000 50.980000
4490.375000 50.160633 0.402000 51.080002
4496.875000 50.160633 0.402000 51.174999
4504.500000 50.361584 0.402000 51.280998
4511.750000 50.361584 0.402000 51.380001
4521.500000 50.546021 0.418000 51.480000
4525.375000 50.546021 0.418000 51.560001
4531.625000 50.546021 0.418000 51.681000
4540.625000 50.749054 0.418000 51.779999
4548.000000 50.954002 0.418000 51.880001
4554.375000 51.158630 0.418000 51.959999
4565.000000 51.364639 0.418000 52.080002
4575.000000 51.565956 0.418000 52.186001
4583.625000 51.767216 0.418000 52.275002
4594.000000 51.968475 0.418000 52.384998
4632.750000 52.175938 0.385000 52.474998
4642.750000 52.383423 0.385000 52.580002
4650.750000 52.383423 0.385000 52.669998
4657.375000 52.594673 0.385000 52.779999
4671.000000 52.815922 0.385000 52.875000
4682.250000 53.026920 0.385000 52.985001
4692.375000 53.227852 0.385000 53.080002
4706.125000 53.429207 0.385000 53.180000
4714.375000 53.632504 0.385000 53.270000
4724.625000 53.841854 0.385000 53.384998
4742.875000 54.043076 0.415000 53.470001
4765.250000 54.251438 0.415000 53.580002
4776.500000 54.437061 0.415000 53.669998
4789.500000 54.606716 0.415000 53.782001
4798.625000 54.606716 0.415000 53.875000
4809.375000 54.746277 0.415000 53.980000
4817.250000 54.746277 0.415000 54.075001
4824.375000 54.860943 0.415000 54.181000
4832.500000 54.860943 0.415000 54.264999
4836.500000 54.969090 0.415000 54.369999
4848.250000 54.969090 0.442000 54.480000
4854.250000 54.969090 0.442000 54.580002
4861.250000 55.173141 0.442000 54.680000
4869.250000 55.173141 0.442000 54.775002
4876.375000 55.380268 0.442000 54.880001
4885.875000 55.581364 0.442000 54.980000
4895.250000 55.782391 0.442000 55.084999
4906.750000 55.983238 0.442000 55.185001
4919.375000 56.188068 0.442000 55.292000
4928.875000 56.188068 0.442000 55.377998
4948.000000 56.395153 0.397000 55.488998
4958.125000 56.601200 0.397000 55.594002
4966.375000 56.808319 0.397000 55.683998
4974.625000 57.009430 0.397000 55.789001
4982.500000 57.220795 0.397000 55.888000
4990.625000 57.429794 0.397000 55.987999
4999.250000 57.630798 0.397000 56.083000
5008.375000 57.831806 0.397000 56.185001
5019.000000 58.036938 0.397000 56.275002
5026.750000 58.237988 0.397000 56.387001
5060.250000 58.443008 0.432000 56.487000
5070.125000 58.648285 0.432000 56.591999
5077.125000 58.858372 0.432000 56.676998
5083.125000 59.065598 0.432000 56.779999
5090.625000 59.267353 0.432000 56.865002
5095.500000 59.468727 0.432000 56.980000
5103.125000 59.670155 0.432000 57.075001
5110.250000 59.871399 0.432000 57.180000
5116.125000 60.072769 0.432000 57.279999
5126.500000 60.274014 0.432000 57.380001
5133.875000 60.474869 0.438000 57.480000
5145.000000 60.683327 0.438000 57.580002
5151.000000 60.883373 0.438000 57.674999
5157.375000 60.883373 0.438000 57.785000
5164.250000 61.092590 0.438000 57.880001
5171.250000 61.298569 0.438000 57.974998
5179.500000 61.498730 0.438000 58.080002
5185.875000 61.699966 0.438000 58.180000
5193.625000 61.901299 0.438000 58.290001
5201.375000 62.102844 0.438000 58.389999
5212.125000 62.304104 0.387000 58.480000
5217.625000 62.511650 0.387000 58.585999
5223.250000 62.718204 0.387000 58.669998
5229.000000 62.919876 0.387000 58.779999
5235.250000 63.121220 0.387000 58.887001
5240.250000 63.322350 0.387000 58.980000
5247.000000 63.533733 0.387000 59.084999
5254.875000 63.734962 0.387000 59.185001
5263.875000 63.968269 0.387000 59.290001
5272.625000 64.187408 0.387000 59.380001
5287.750000 64.391998 0.401000 59.480000
5296.500000 64.609978 0.401000 59.595001
5304.875000 64.812859 0.401000 59.686001
5313.500000 64.812859 0.401000 59.764999
5321.000000 65.225990 0.401000 59.886002
5327.750000 65.225990 0.401000 59.965000
5336.500000 65.434990 0.401000 60.080002
5342.375000 65.666481 0.401000 60.165001
5349.750000 65.873856 0.401000 60.292999
5356.625000 66.074974 0.401000 60.394001
5370.625000 66.279770 0.420000 60.470001
5384.500000 66.487167 0.420000 60.580002
5390.125000 66.687241 0.420000 60.681000
5397.375000 66.892647 0.420000 60.791000
5404.875000 66.892647 0.420000 60.888000
5409.875000 67.097649 0.420000 60.987999
5414.875000 67.097649 0.420000 61.092999
5419.250000 67.314903 0.420000 61.188000
5423.875000 67.314903 0.420000 61.268002
5428.625000 67.518784 0.420000 61.377998
5435.000000 67.518784 0.407000 61.480000
5438.375000 67.723137 0.407000 61.580002
5442.125000 67.723137 0.407000 61.669998
5446.875000 67.927071 0.407000 61.779999
5450.625000 68.132820 0.407000 61.866001
5456.750000 68.342171 0.407000 61.986000
5461.750000 68.543411 0.407000 62.070999
5470.000000 68.744736 0.407000 62.181000
5476.625000 68.945953 0.407000 62.284000
5484.000000 69.153633 0.407000 62.374001
5496.375000 69.354828 0.349000 62.484001
5504.125000 69.566116 0.349000 62.563999
5513.875000 69.789467 0.349000 62.688999
5522.250000 70.030830 0.349000 62.778999
5531.625000 70.232079 0.349000 62.898998
5540.750000 70.453461 0.349000 62.988998
5551.375000 70.664734 0.349000 63.098999
5559.625000 70.866028 0.349000 63.188999
5569.125000 71.067223 0.349000 63.299999
5579.750000 71.268204 0.349000 63.389000
5590.125000 71.474228 0.363000 63.488998
5602.250000 71.474228 0.363000 63.574001
5611.500000 71.883797 0.363000 63.688999
5622.000000 71.883797 0.363000 63.773998
5632.250000 72.286285 0.363000 63.889000
5643.625000 72.286285 0.363000 63.973999
5654.875000 72.688766 0.363000 64.094002
5665.875000 72.894043 0.363000 64.195000
5676.375000 73.101120 0.363000 64.299004
5687.625000 73.302391 0.363000 64.399002
5697.875000 73.506401 0.380000 64.503998
5705.875000 73.506401 0.380000 64.598999
5715.375000 73.907875 0.380000 64.704002
5727.250000 73.907875 0.380000 64.797997
5739.375000 74.126755 0.380000 64.898003
5755.250000 74.328125 0.380000 64.980003
5771.500000 74.533676 0.380000 65.089996
5787.000000 74.734924 0.380000 65.169998
5802.625000 74.936028 0.380000 65.285004
5816.750000 75.137154 0.380000 65.400002
5832.125000 75.338478 0.391000 65.489998
5849.375000 75.541489 0.391000 65.595001
5866.250000 75.750168 0.391000 65.690002
5882.125000 75.951271 0.391000 65.790001
5901.375000 76.152374 0.391000 65.903999
5920.125000 76.361595 0.391000 65.988998
5939.750000 76.562836 0.391000 66.098999
5958.250000 76.765968 0.391000 66.207001
5978.625000 76.970955 0.391000 66.290001
5994.250000 77.178513 0.391000 66.389999
6010.250000 77.379608 0.407000 66.489998
6026.250000 77.610695 0.407000 66.595001
6041.625000 77.842323 0.407000 66.690002
6056.250000 78.057602 0.407000 66.796997
6068.750000 78.265175 0.407000 66.885002
6085.125000 78.466751 0.407000 66.989998
6100.000000 78.466751 0.407000 67.070000
6113.500000 78.879150 0.407000 67.190002
6123.750000 79.080246 0.407000 67.294998
6137.250000 79.281616 0.407000 67.389999
6150.750000 79.281616 0.484000 67.484001
6164.375000 79.711227 0.484000 67.598999
6175.375000 79.711227 0.484000 67.695000
6186.000000 79.914474 0.484000 67.790001
6199.500000 80.125725 0.484000 67.894997
6210.500000 80.326981 0.484000 67.989998
6223.500000 80.528084 0.484000 68.095001
6236.500000 80.729568 0.484000 68.190002
6246.750000 81.135818 0.484000 68.306999
6257.125000 81.135818 0.484000 68.402000
6267.750000 81.337303 0.456000 68.485001
6297.500000 81.543564 0.456000 68.589996
6309.125000 81.743233 0.456000 68.675003
6318.125000 81.919243 0.456000 68.790001
6350.625000 82.082649 0.456000 68.891998
6357.625000 82.082649 0.456000 68.998001
6364.250000 82.252777 0.456000 69.089996
6371.625000 82.252777 0.456000 69.195000
6380.750000 82.252777 0.456000 69.290001
6385.125000 82.391281 0.456000 69.394997
6396.000000 82.391281 0.465000 69.500000
6401.250000 82.391281 0.465000 69.589996
6406.500000 82.594498 0.465000 69.690002
6417.750000 82.594498 0.465000 69.787003
6423.500000 82.787651 0.465000 69.891998
6429.250000 82.993645 0.465000 69.983002
6433.750000 82.993645 0.465000 70.098000
6441.000000 83.201111 0.465000 70.172997
6447.500000 83.409378 0.465000 70.293999
6453.125000 83.609772 0.465000 70.391998
6461.750000 83.847412 0.462000 70.476997
6469.125000 84.078217 0.462000 70.592003
6476.875000 84.279587 0.462000 70.702003
6484.125000 84.480705 0.462000 70.787003
6490.500000 84.681946 0.462000 70.891998
6496.625000 84.681946 0.462000 70.967003
6503.125000 85.104446 0.462000 71.092003
6509.625000 85.305679 0.462000 71.202003
6515.875000 85.506905 0.462000 71.287003
6523.500000 85.708076 0.462000 71.391998
6533.375000 85.909203 0.467000 71.491997
6551.500000 85.909203 0.467000 71.571999
6567.500000 86.297035 0.467000 71.700996
6580.875000 86.297035 0.467000 71.810997
6593.125000 86.454201 0.467000 71.901001
6602.375000 86.578407 0.467000 72.000999
6611.000000 86.669540 0.467000 72.100998
6616.500000 86.727715 0.467000 72.210999
6621.000000 86.753197 0.467000 72.301003
6624.750000 86.753944 0.467000 72.401001
6626.000000 86.753944 0.485000 72.491997
6628.750000 86.753944 0.485000 72.602997
6632.625000 86.753944 0.485000 72.692001
6634.625000 86.753944 0.485000 72.796997
6644.625000 86.753944 0.485000 72.891998
6646.375000 86.753944 0.485000 72.997002
6663.875000 86.753944 0.485000 73.092003
6664.625000 86.753944 0.485000 73.192001
6664.875000 86.753944 0.485000 73.297997
6668.250000 86.753944 0.485000 73.403000
6670.500000 86.753944 0.474000 73.498001
6672.000000 86.753944 0.474000 73.593002
6674.250000 86.798752 0.474000 73.693001
6677.250000 86.798752 0.474000 73.803001
6679.625000 86.798752 0.474000 73.898003
6682.375000 86.999680 0.474000 73.983002
6684.875000 86.999680 0.474000 74.093002
6686.375000 87.201614 0.474000 74.197998
6688.250000 87.421814 0.474000 74.303001
6689.375000 87.626015 0.474000 74.383003
6694.875000 87.841187 0.475000 74.509003
6698.000000 88.045433 0.475000 74.593002
6701.500000 88.254913 0.475000 74.693001
6703.625000 88.466156 0.475000 74.803001
6706.625000 88.667274 0.475000 74.898003
6708.750000 88.667274 0.475000 74.977997
6711.500000 89.089966 0.475000 75.093002
6715.750000 89.291214 0.475000 75.197998
6718.875000 89.492462 0.475000 75.301003
6721.875000 89.693741 0.475000 75.399002
6725.625000 89.693741 0.486000 75.487999
6730.125000 89.894745 0.486000 75.587997
6733.875000 90.105408 0.486000 75.675003
6738.250000 90.310532 0.486000 75.785004
6740.375000 90.514282 0.486000 75.894997
6744.875000 90.723679 0.486000 75.991997
6747.750000 90.928688 0.486000 76.097000
6752.375000 91.160553 0.486000 76.192001
6755.750000 91.361687 0.486000 76.275002
6761.000000 91.564880 0.486000 76.386002
6766.250000 91.769966 0.486000 76.502998
6778.500000 91.977303 0.555000 76.595001
6782.750000 92.181602 0.555000 76.690002
6787.625000 92.390976 0.555000 76.790001
6793.000000 92.600319 0.555000 76.889999
6798.500000 92.801567 0.555000 77.000999
6803.875000 93.002792 0.555000 77.100998
6807.250000 93.205666 0.555000 77.191002
6812.000000 93.406967 0.555000 77.301003
6816.125000 93.608650 0.555000 77.390999
6820.750000 93.809959 0.555000 77.490997
6824.125000 94.010628 0.484000 77.600998
6828.625000 94.222145 0.484000 77.700996
6832.250000 94.463654 0.484000 77.791000
6839.250000 94.665154 0.484000 77.890999
6844.500000 94.866333 0.484000 77.986000
6848.125000 95.067429 0.484000 78.091003
6853.500000 95.268494 0.484000 78.185997
6857.125000 95.479729 0.484000 78.295998
6861.000000 95.681129 0.484000 78.390999
6872.125000 95.889305 0.384000 78.496002
6876.750000 96.089355 0.384000 78.585999
6879.750000 96.290611 0.384000 78.691002
6883.000000 96.497673 0.384000 78.791000
6887.875000 96.702980 0.384000 78.905998
6890.875000 96.904160 0.384000 78.996002
6894.125000 97.105370 0.384000 79.100998
6897.125000 97.105370 0.384000 79.185997
6901.750000 97.509575 0.384000 79.302002
6905.750000 97.718880 0.384000 79.407997
6914.250000 97.919403 0.415000 79.496002
6918.750000 97.919403 0.415000 79.596001
6921.125000 98.127274 0.415000 79.703003
6924.625000 98.337257 0.415000 79.804001
6928.000000 98.538307 0.415000 79.889000
6932.750000 98.742531 0.415000 80.014000
6936.500000 98.953766 0.415000 80.098999
6941.250000 99.154701 0.415000 80.204002
6943.875000 99.355957 0.415000 80.283997
6946.875000 99.557213 0.415000 80.384003
6975.250000 99.765175 0.376000 80.494003
6979.500000 99.765175 0.376000 80.579002
6982.875000 100.177078 0.376000 80.704002
6986.875000 100.177078 0.376000 80.793999
6992.750000 100.579666 0.376000 80.908997
6996.750000 100.579666 0.376000 81.000000
7001.125000 100.793129 0.376000 81.095001
7005.375000 100.994377 0.376000 81.205002
7011.375000 101.204033 0.376000 81.293999
7016.000000 101.405350 0.376000 81.403999
7028.625000 101.606667 0.391000 81.509003
7035.875000 101.809029 0.391000 81.594002
7042.625000 102.015152 0.391000 81.696999
7049.250000 102.222153 0.391000 81.802002
7055.500000 102.423523 0.391000 81.915001
7065.125000 102.630959 0.391000 81.994003
7079.375000 102.840294 0.391000 82.073997
7090.625000 103.041519 0.391000 82.198997
7105.000000 103.242622 0.391000 82.289001
7115.000000 103.470184 0.391000 82.403999
7132.125000 103.690796 0.383000 82.499001
7139.250000 103.902992 0.383000 82.588997
7149.625000 104.103928 0.383000 82.704002
7158.625000 104.307182 0.383000 82.789001
7165.625000 104.516533 0.383000 82.904999
7171.625000 104.719788 0.383000 82.994003
7181.875000 104.929077 0.383000 83.094002
7189.125000 105.150581 0.383000 83.209000
7196.625000 105.351837 0.383000 83.299004
7203.375000 105.552917 0.383000 83.399002
7216.750000 105.755394 0.371000 83.494003
7224.250000 105.755394 0.371000 83.584000
7233.875000 105.957222 0.371000 83.694000
7244.875000 106.160133 0.371000 83.783997
7252.000000 106.364685 0.371000 83.893997
7261.250000 106.364685 0.371000 83.978996
7267.875000 106.551056 0.371000 84.094002
7274.125000 106.714745 0.371000 84.205002
7278.500000 106.714745 0.371000 84.293999
7284.125000 106.915726 0.371000 84.393997
7292.125000 106.915726 0.365000 84.494003
7301.125000 107.136086 0.365000 84.594002
7310.500000 107.229172 0.365000 84.694000
7316.500000 107.229172 0.365000 84.778999
7325.500000 107.290245 0.365000 84.903999
7326.500000 107.318306 0.365000 84.994003
7341.125000 107.320213 0.365000 85.084000
7342.125000 107.320213 0.365000 85.194000
7342.625000 107.320213 0.365000 85.302002
7343.625000 107.320213 0.365000 85.382004
7344.125000 107.320213 0.340000 85.497002
7345.500000 107.320213 0.340000 85.602997
7346.875000 107.320213 0.340000 85.712997
7347.500000 107.320213 0.340000 85.803001
7348.000000 107.320213 0.340000 85.888000
7348.875000 107.320213 0.340000 86.002998
7349.500000 107.320213 0.340000 86.097000
7349.625000 107.320213 0.340000 86.183998
7350.000000 107.320213 0.340000 86.293999
7350.000000 107.320213 0.340000 86.408997
7350.250000 107.320213 0.329000 86.494003
7351.000000 107.320213 0.329000 86.620003
7351.875000 107.337212 0.329000 86.704002
7352.500000 107.337212 0.329000 86.801003
7353.500000 107.337212 0.329000 86.884003
7353.875000 107.538773 0.329000 86.996002
7354.625000 107.538773 0.329000 87.075996
7355.000000 107.742172 0.329000 87.192001
7355.875000 107.944519 0.329000 87.295998
7356.375000 108.154243 0.312000 87.396004
7357.750000 108.355339 0.312000 87.496002
7360.375000 108.556595 0.312000 87.596001
7362.750000 108.763870 0.312000 87.698997
7364.750000 108.965019 0.312000 87.804001
7366.375000 109.166145 0.312000 87.880997
7368.500000 109.367226 0.312000 87.997002
7370.125000 109.568230 0.312000 88.110001
7372.625000 109.769379 0.312000 88.196999
7373.875000 109.976807 0.312000 88.297997
7374.750000 110.194061 0.312000 88.404999
7378.500000 110.441376 0.328000 88.494003
7380.750000 110.656639 0.328000 88.608002
7382.500000 110.865509 0.328000 88.703003
7383.750000 111.066757 0.328000 88.803001
7385.625000 111.066757 0.328000 88.892998
7386.750000 111.287979 0.328000 89.000000
7388.125000 111.694031 0.328000 89.120003
7389.125000 111.694031 0.328000 89.194000
7390.125000 111.902885 0.328000 89.289001
7391.375000 112.103966 0.328000 89.399002
7396.125000 112.305321 0.403000 89.499001
7398.000000 112.528160 0.403000 89.597000
7398.875000 112.729156 0.403000 89.707001
7400.625000 112.930389 0.403000 89.796997
7402.000000 113.131691 0.403000 89.882004
7403.500000 113.332970 0.403000 89.997002
7404.875000 113.534157 0.403000 90.097000
7405.625000 113.743027 0.403000 90.191002
7406.125000 113.946098 0.403000 90.296997
7407.375000 114.147339 0.403000 90.397003
7411.500000 114.348679 0.443000 90.487000
7413.250000 114.549538 0.443000 90.597000
7413.875000 114.750664 0.443000 90.702003
7414.875000 114.952240 0.443000 90.787003
7415.750000 115.153366 0.443000 90.902000
7417.000000 115.354591 0.443000 90.997002
7417.750000 115.555801 0.443000 91.101997
7418.125000 115.757050 0.443000 91.196999
7419.125000 115.958450 0.443000 91.302002
7420.750000 116.159554 0.443000 91.387001
7426.750000 116.360657 0.415000 91.498001
7436.375000 116.564674 0.415000 91.597000
7437.875000 116.764954 0.415000 91.692001
7439.375000 116.994072 0.415000 91.801003
7440.250000 117.215302 0.415000 91.886002
7446.875000 117.416687 0.415000 91.998001
7450.000000 117.617828 0.415000 92.085999
7450.875000 117.839226 0.415000 92.195999
7452.625000 118.048576 0.415000 92.315002
7454.625000 118.259949 0.415000 92.404999
7459.750000 118.461319 0.428000 92.504997
7462.000000 118.671173 0.428000 92.599998
7463.250000 118.882683 0.428000 92.714996
7465.500000 119.084068 0.428000 92.805000
7467.750000 119.293221 0.428000 92.908997
7469.750000 119.494370 0.428000 93.003998
7471.750000 119.703522 0.428000 93.102997
7474.375000 119.703522 0.428000 93.193001
7476.750000 120.112099 0.428000 93.306000
7479.875000 120.112099 0.428000 93.390999
7483.000000 120.515030 0.444000 93.505997
7485.125000 120.515030 0.444000 93.596001
7487.750000 120.726685 0.444000 93.706001
7490.625000 120.968330 0.444000 93.803001
7493.875000 121.173599 0.444000 93.883003
7497.125000 121.374847 0.444000 94.002998
7500.000000 121.576096 0.444000 94.098000
7504.625000 121.777466 0.444000 94.212997
7508.250000 121.978714 0.444000 94.303001
7512.250000 122.180077 0.444000 94.403000
7516.375000 122.381088 0.444000 94.492996
7523.125000 122.582336 0.462000 94.603996
7528.125000 122.784767 0.462000 94.689003
7532.500000 122.989296 0.462000 94.795998
7537.375000 123.189484 0.462000 94.890999
7541.500000 123.390694 0.462000 94.996002
7547.625000 123.592010 0.462000 95.096001
7553.000000 123.795403 0.462000 95.195999
7558.500000 124.034935 0.462000 95.291000
7562.000000 124.246155 0.462000 95.396004
7567.375000 124.447655 0.462000 95.490997
7572.375000 124.655884 0.480000 95.596001
7577.250000 124.856224 0.480000 95.695999
7582.750000 125.057175 0.480000 95.795998
7587.625000 125.266045 0.480000 95.914001
7591.875000 125.471413 0.480000 95.996002
7598.250000 125.471413 0.480000 96.081001
7603.250000 125.881714 0.480000 96.195999
7608.625000 126.083221 0.480000 96.306000
7616.000000 126.286438 0.480000 96.397003
7621.000000 126.286438 0.480000 96.496002
7626.000000 126.515793 0.491000 96.596001
7630.625000 126.751923 0.491000 96.689003
7636.375000 126.959915 0.491000 96.801003
7642.375000 127.160873 0.491000 96.878998
7647.250000 127.362129 0.491000 97.000999
7655.250000 127.567810 0.491000 97.094002
7660.375000 127.771103 0.491000 97.204002
7665.875000 127.976418 0.491000 97.305000
7671.750000 128.178040 0.491000 97.399002
7677.125000 128.379303 0.491000 97.503998
7685.625000 128.581665 0.450000 97.606003
7694.625000 128.791199 0.450000 97.706001
7701.875000 128.791199 0.450000 97.791000
7706.375000 129.003189 0.450000 97.896004
7709.375000 129.205795 0.450000 97.996002
7714.250000 129.205795 0.450000 98.102997
7717.750000 129.408340 0.450000 98.204002
7724.000000 129.638229 0.450000 98.304001
7728.375000 129.638229 0.450000 98.403999
7733.000000 129.859619 0.450000 98.496002
7743.125000 130.063751 0.461000 98.596001
7752.875000 130.272339 0.461000 98.695999
7757.250000 130.473770 0.461000 98.789001
7764.250000 130.689590 0.461000 98.903999
7770.500000 130.898163 0.461000 99.009003
7776.500000 131.099396 0.461000 99.098999
7782.875000 131.300644 0.461000 99.194000
7788.625000 131.507751 0.461000 99.302002
7795.000000 131.713181 0.461000 99.399002
7801.500000 131.914429 0.461000 99.494003
7813.625000 132.121048 0.494000 99.598999
7821.000000 132.121048 0.494000 99.700996
7828.125000 132.333588 0.494000 99.807999
7834.375000 132.555283 0.494000 99.899002
7841.500000 132.756516 0.494000 100.009003
7847.500000 132.957870 0.494000 100.107002
7856.500000 133.179291 0.494000 100.183998
7862.875000 133.380432 0.494000 100.283997
7869.000000 133.583832 0.494000 100.404999
7874.625000 133.784958 0.494000 100.499001
7886.625000 133.994324 0.518000 100.598999
7892.750000 134.203629 0.518000 100.693001
7898.500000 134.406616 0.518000 100.801003
7903.875000 134.607620 0.518000 100.903999
7908.125000 134.815323 0.518000 101.014000
7914.125000 135.016708 0.518000 101.103996
7917.375000 135.217957 0.518000 101.209000
7921.250000 135.419205 0.518000 101.304001
7926.750000 135.620575 0.518000 101.414001
7931.750000 135.821701 0.518000 101.503998
7938.500000 136.022812 0.569000 101.603996
7944.875000 136.223679 0.569000 101.679001
7950.000000 136.424850 0.569000 101.792000
7956.375000 136.648178 0.569000 101.904999
7960.375000 136.849426 0.569000 102.010002
7966.250000 137.084869 0.569000 102.097000
7972.625000 137.286301 0.569000 102.196999
7977.375000 137.487427 0.569000 102.306999
7982.125000 137.688553 0.569000 102.397003
7984.500000 137.899811 0.569000 102.502998
8003.250000 138.100998 0.557000 102.592003
8009.000000 138.310806 0.557000 102.692001
8013.500000 138.512131 0.557000 102.796997
8017.250000 138.713531 0.557000 102.891998
8020.625000 138.917221 0.557000 102.997002
8026.375000 138.917221 0.557000 103.082001
8029.125000 139.327408 0.557000 103.196999
8034.750000 139.528641 0.557000 103.296997
8039.000000 139.737991 0.557000 103.401001
8042.000000 139.939240 0.557000 103.505997
8048.625000 140.148346 0.521000 103.611000
8053.375000 140.354202 0.521000 103.706001
8057.500000 140.555450 0.521000 103.806000
8060.625000 140.756699 0.521000 103.911003
8063.125000 140.756699 0.521000 103.997002
8065.750000 140.960007 0.521000 104.097000
8071.250000 141.183258 0.521000 104.197998
8076.875000 141.384476 0.521000 104.296997
8081.000000 141.593750 0.521000 104.397003
8084.000000 141.794922 0.521000 104.501999
8106.875000 141.996155 0.501000 104.586998
8111.000000 142.196259 0.501000 104.696999
8114.125000 142.399780 0.501000 104.797997
8117.875000 142.605057 0.501000 104.906998
8121.375000 142.812286 0.501000 104.997002
8126.625000 143.013489 0.501000 105.092003
8130.625000 143.216690 0.501000 105.197998
8133.375000 143.425995 0.501000 105.296997
8135.375000 143.627243 0.501000 105.402000
8138.500000 143.828522 0.501000 105.497002
8146.125000 144.031891 0.481000 105.608002
8149.375000 144.241257 0.481000 105.688004
8153.000000 144.491409 0.481000 105.797997
8157.250000 144.692612 0.481000 105.898003
8161.375000 144.893845 0.481000 105.998001
8165.125000 145.097076 0.481000 106.098000
8170.375000 145.298508 0.481000 106.188004
8173.750000 145.501556 0.481000 106.297997
8177.375000 145.708923 0.481000 106.398003
8182.375000 145.910278 0.481000 106.492996
8189.750000 146.114517 0.510000 106.587997
8194.500000 146.320511 0.510000 106.697998
8199.125000 146.521637 0.510000 106.797997
8202.875000 146.722748 0.510000 106.903000
8206.000000 146.722748 0.510000 106.987999
8210.500000 146.931854 0.510000 107.098000
8215.750000 147.334641 0.510000 107.212997
8220.000000 147.540039 0.510000 107.320000
8222.750000 147.540039 0.510000 107.400002
8228.000000 147.751160 0.510000 107.489998
8237.125000 147.952484 0.522000 107.599998
8243.000000 148.162018 0.522000 107.704002
8248.500000 148.365723 0.522000 107.799004
8251.500000 148.567230 0.522000 107.903999
8255.375000 148.768356 0.522000 107.994003
8259.000000 148.969330 0.522000 108.103996
8263.125000 149.176437 0.522000 108.195000
8266.500000 149.383636 0.522000 108.290001
8270.500000 149.584656 0.522000 108.394997
8273.875000 149.786026 0.522000 108.495003
8281.125000 149.987518 0.521000 108.589996
8284.750000 150.194824 0.521000 108.695000
8288.750000 150.396240 0.521000 108.795998
8292.000000 150.623734 0.521000 108.879997
8297.375000 150.829483 0.521000 109.007004
8300.750000 151.040970 0.521000 109.105003
8304.750000 151.268417 0.521000 109.199997
8307.625000 151.469788 0.521000 109.305000
8311.125000 151.670776 0.521000 109.401001
8315.125000 151.872025 0.521000 109.500000
8323.750000 152.078598 0.488000 109.599998
8329.875000 152.078598 0.488000 109.675003
8334.875000 152.301254 0.488000 109.805000
8338.500000 152.509857 0.488000 109.900002
8341.375000 152.509857 0.488000 109.995003
8344.125000 152.509857 0.488000 110.084999
8350.375000 152.706024 0.488000 110.209999
8352.000000 152.706024 0.488000 110.299004
8354.375000 152.920746 0.488000 110.399002
8356.875000 152.920746 0.488000 110.499001
8380.250000 153.126846 0.537000 110.594002
8383.875000 153.328369 0.537000 110.698997
8387.375000 153.328369 0.537000 110.804001
8391.500000 153.535263 0.537000 110.889000
8396.125000 153.738617 0.537000 111.003998
8400.000000 153.939621 0.537000 111.109001
8404.000000 154.140717 0.537000 111.204002
8408.375000 154.341965 0.537000 111.308998
8412.375000 154.543137 0.537000 111.399002
8416.750000 154.744461 0.537000 111.499001
8425.500000 154.945633 0.486000 111.610001
8429.875000 155.148682 0.486000 111.700996
8433.375000 155.353180 0.486000 111.810997
8438.750000 155.554428 0.486000 111.914001
8443.750000 155.761597 0.486000 112.003998
8449.875000 155.962585 0.486000 112.098999
8454.000000 156.163712 0.486000 112.209999
8458.750000 156.377136 0.486000 112.304001
8463.875000 156.587006 0.486000 112.403999
8472.125000 156.790283 0.486000 112.503998
8483.125000 157.048752 0.508000 112.603996
8489.000000 157.253586 0.508000 112.698997
8494.375000 157.456863 0.508000 112.804001
8503.125000 157.658096 0.508000 112.903999
8510.625000 157.865646 0.508000 113.009003
8519.875000 158.066803 0.508000 113.103996
8526.750000 158.267838 0.508000 113.203003
8536.250000 158.469208 0.508000 113.307999
8544.625000 158.670486 0.508000 113.403000
8553.750000 158.871964 0.508000 113.513000
8566.125000 159.072067 0.473000 113.623001
8572.500000 159.276810 0.473000 113.712997
8578.000000 159.478195 0.473000 113.818001
8585.125000 159.679321 0.473000 113.913002
8592.875000 159.880447 0.473000 114.013000
8601.625000 160.081573 0.473000 114.117996
8609.000000 160.282837 0.473000 114.212997
8620.250000 160.483963 0.473000 114.313004
8632.875000 160.687241 0.473000 114.414001
8645.250000 160.888748 0.473000 114.514000
8679.375000 161.095367 0.506000 114.608002
8691.750000 161.299179 0.506000 114.708000
8702.000000 161.299179 0.506000 114.803001
8712.500000 161.705597 0.506000 114.910004
8721.875000 161.705597 0.506000 115.000000
8732.375000 162.108337 0.506000 115.110001
8741.375000 162.108337 0.506000 115.203003
8750.875000 162.315750 0.506000 115.297997
8762.625000 162.721649 0.506000 115.419998
8771.375000 162.721649 0.506000 115.508003
8803.500000 162.949326 0.550000 115.602997
8814.875000 163.159119 0.550000 115.704002
8824.500000 163.368988 0.550000 115.803001
8836.500000 163.578293 0.550000 115.913002
8846.375000 163.779541 0.550000 115.998001
8857.000000 163.980743 0.550000 116.102997
8866.000000 164.181992 0.550000 116.208000
8875.125000 164.389587 0.550000 116.301003
8884.500000 164.590591 0.550000 116.415001
8893.125000 164.791656 0.550000 116.507004
8901.250000 164.994736 0.563000 116.612000
8910.875000 165.195358 0.563000 116.723000
8920.250000 165.399017 0.563000 116.806999
8932.125000 165.604141 0.563000 116.904999
8942.875000 165.825027 0.563000 117.014999
8952.000000 166.028366 0.563000 117.107002
8960.875000 166.241577 0.563000 117.211998
8969.125000 166.442566 0.563000 117.311996
8979.375000 166.650406 0.563000 117.415001
8986.750000 166.851547 0.563000 117.514999
8995.500000 167.082916 0.575000 117.605003
9003.750000 167.288330 0.575000 117.707001
9013.875000 167.489655 0.575000 117.806999
9022.750000 167.690887 0.575000 117.902000
9033.000000 167.892334 0.575000 118.007004
9043.750000 168.093597 0.575000 118.107002
9054.625000 168.294861 0.575000 118.202003
9066.875000 168.496231 0.575000 118.306999
9079.375000 168.705276 0.575000 118.411003
9088.375000 168.926773 0.575000 118.521004
9110.250000 169.129868 0.535000 118.602997
9123.875000 169.129868 0.535000 118.703003
9132.250000 169.335342 0.535000 118.807999
9141.125000 169.537552 0.535000 118.903000
9153.375000 169.738556 0.535000 119.013000
9164.000000 169.939758 0.535000 119.102997
9174.375000 170.140854 0.535000 119.222000
9186.250000 170.341995 0.535000 119.303001
9201.000000 170.543106 0.535000 119.411003
9213.000000 170.749878 0.535000 119.515999
9227.875000 170.959641 0.535000 119.605003
9257.000000 171.164841 0.610000 119.706001
9269.125000 171.368027 0.610000 119.816002
9278.875000 171.574844 0.610000 119.925003
9289.375000 171.776123 0.610000 120.014999
9298.500000 172.017319 0.610000 120.125000
9309.625000 172.218597 0.610000 120.214996
9319.125000 172.419708 0.610000 120.324997
9330.125000 172.651230 0.610000 120.404999
9338.625000 172.852142 0.610000 120.525002
9348.375000 173.063568 0.610000 120.620003
9366.625000 173.272797 0.608000 120.714996
9384.625000 173.477966 0.608000 120.831001
9395.500000 173.477966 0.608000 120.915001
9407.250000 173.680405 0.608000 121.030998
9416.125000 173.920303 0.608000 121.126999
9427.500000 174.132736 0.608000 121.220001
9444.625000 174.344238 0.608000 121.324997
9457.375000 174.545364 0.608000 121.434998
9466.500000 174.746841 0.608000 121.529999
9478.500000 174.947815 0.608000 121.639999
9520.000000 175.151840 0.638000 121.734001
9528.375000 175.347443 0.638000 121.823997
9536.125000 175.347443 0.638000 121.915001
9551.125000 175.509766 0.638000 122.024002
9562.375000 175.636719 0.638000 122.117996
9575.500000 175.734924 0.638000 122.227997
9604.625000 175.794693 0.638000 122.307999
9610.375000 175.821182 0.638000 122.413002
9618.875000 175.822876 0.638000 122.523003
9624.500000 175.822876 0.638000 122.637001
9627.250000 175.822922 0.651000 122.722000
9631.875000 175.822922 0.651000 122.811996
9634.875000 175.829117 0.651000 122.917000
9636.000000 175.829117 0.651000 122.997002
9639.375000 175.829117 0.651000 123.116997
9643.250000 175.918533 0.651000 123.211998
9645.125000 175.918533 0.651000 123.317001
9649.125000 175.918533 0.651000 123.406998
9652.625000 176.120667 0.651000 123.536003
9657.625000 176.120667 0.651000 123.625999
9672.250000 176.322662 0.599000 123.725998
9676.750000 176.529648 0.599000 123.835999
9681.875000 176.731110 0.599000 123.916000
9686.625000 176.934464 0.599000 124.026001
9691.875000 177.135818 0.599000 124.130997
9696.625000 177.337051 0.599000 124.221001
9699.750000 177.537918 0.599000 124.335999
9704.750000 177.743088 0.599000 124.422997
9710.000000 177.944244 0.599000 124.527000
9715.625000 177.944244 0.585000 124.616997
9721.125000 178.153580 0.585000 124.717003
9727.625000 178.555756 0.585000 124.827003
9733.125000 178.756989 0.585000 124.927002
9740.125000 178.756989 0.585000 125.013000
9745.250000 178.960236 0.585000 125.112000
9751.250000 179.169693 0.585000 125.217003
9756.750000 179.372986 0.585000 125.319000
9764.125000 179.576675 0.585000 125.428001
9771.000000 179.780090 0.585000 125.528999
9777.750000 179.999481 0.585000 125.613998
9795.500000 180.200546 0.627000 125.733002
9803.250000 180.409637 0.627000 125.833000
9809.500000 180.616516 0.627000 125.922997
9818.875000 180.817642 0.627000 126.032997
9827.625000 181.019119 0.627000 126.123001
9835.250000 181.220352 0.627000 126.223000
9840.250000 181.421600 0.627000 126.322998
9845.500000 181.622833 0.627000 126.432999
9852.625000 181.824066 0.627000 126.517998
9872.875000 182.025177 0.627000 126.633003
9889.750000 182.252060 0.637000 126.727997
9899.375000 182.252060 0.637000 126.814003
9905.625000 182.458664 0.637000 126.924004
9910.500000 182.661423 0.637000 127.012001
9916.000000 182.661423 0.637000 127.112999
9918.625000 182.661423 0.637000 127.223000
9923.000000 182.866440 0.637000 127.321999
9926.875000 182.866440 0.637000 127.445999
9930.250000 183.071686 0.637000 127.526001
9935.625000 183.279327 0.637000 127.625999
9950.125000 183.279327 0.627000 127.717003
9955.250000 183.482239 0.627000 127.817001
9961.375000 183.683334 0.627000 127.912003
9967.125000 183.897385 0.627000 128.016998
9973.000000 184.100876 0.627000 128.134003
9979.500000 184.304626 0.627000 128.227005
9984.500000 184.304626 0.627000 128.311996
9990.250000 184.716888 0.627000 128.432007
9995.625000 184.918396 0.627000 128.526993
10002.875000 185.119629 0.577000 128.632004
10009.125000 185.119629 0.577000 128.707001
10016.625000 185.523941 0.577000 128.832993
10022.500000 185.523941 0.577000 128.917007
10030.250000 185.729172 0.577000 129.022003
10036.875000 185.936737 0.577000 129.117004
10045.000000 186.146225 0.577000 129.216995
10052.625000 186.349487 0.577000 129.322006
10060.000000 186.558640 0.577000 129.412003
10068.625000 186.759949 0.577000 129.533005
10075.375000 186.961060 0.577000 129.615997
10091.500000 187.167801 0.611000 129.716003
10100.500000 187.371017 0.611000 129.811005
10108.000000 187.578613 0.611000 129.916000
10119.000000 187.810165 0.611000 130.022003
10129.625000 188.019348 0.611000 130.106003
10140.000000 188.222504 0.611000 130.225998
10153.000000 188.423523 0.611000 130.315994
10162.125000 188.624588 0.611000 130.416000
10175.500000 188.835968 0.611000 130.526001
10186.375000 189.045807 0.611000 130.630005
10207.750000 189.261230 0.647000 130.727997
10221.500000 189.464752 0.647000 130.811005
10231.125000 189.464752 0.647000 130.916000
10263.500000 189.669586 0.647000 131.022003
10272.625000 189.669586 0.647000 131.123001
10282.375000 189.876633 0.647000 131.220993
10291.875000 189.876633 0.647000 131.306000
10299.125000 190.086090 0.647000 131.416000
10307.125000 190.086090 0.647000 131.516006
10315.375000 190.288681 0.647000 131.626007
10325.500000 190.288681 0.647000 131.720993
10360.250000 190.495728 0.724000 131.815994
10371.375000 190.700882 0.724000 131.916000
10381.750000 190.700882 0.724000 132.016006
10394.500000 190.908371 0.724000 132.121002
10408.000000 191.110016 0.724000 132.216003
10418.500000 191.323196 0.724000 132.315994
10431.875000 191.532593 0.724000 132.423004
10445.875000 191.736237 0.724000 132.511002
10457.625000 191.945496 0.724000 132.621002
10468.250000 192.149078 0.682000 132.716003
10478.250000 192.358246 0.682000 132.817001
10487.750000 192.577560 0.682000 132.921005
10499.000000 192.778961 0.682000 133.020996
10508.875000 192.987564 0.682000 133.125000
10521.125000 193.219040 0.682000 133.229996
10531.125000 193.460510 0.682000 133.324997
10541.250000 193.661621 0.682000 133.429993
10550.500000 193.868805 0.682000 133.528000
10561.375000 194.069534 0.682000 133.623001
10574.750000 194.276703 0.682000 133.716995
10588.500000 194.478073 0.824000 133.820999
10612.750000 194.678802 0.824000 133.932007
10623.375000 194.880157 0.824000 134.026001
10633.000000 195.081573 0.824000 134.126007
10645.375000 195.283081 0.824000 134.235992
10655.375000 195.490189 0.824000 134.339005
10665.125000 195.695602 0.824000 134.425995
10674.750000 195.896759 0.824000 134.531006
10684.875000 196.097855 0.824000 134.630997
10695.125000 196.299042 0.824000 134.731003
10705.875000 196.502411 0.824000 134.826004
10716.875000 196.711533 0.843000 134.936005
10727.250000 196.912643 0.843000 135.031006
10737.000000 197.113937 0.843000 135.130997
10748.875000 197.319412 0.843000 135.238007
10757.500000 197.520401 0.843000 135.337997
10769.500000 197.721512 0.843000 135.438004
10779.250000 197.928619 0.843000 135.531006
10790.250000 198.129959 0.843000 135.630997
10799.500000 198.331177 0.843000 135.731995
10820.625000 198.537933 0.786000 135.830994
10830.250000 198.537933 0.786000 135.931000
10840.500000 198.786148 0.786000 136.033005
10849.875000 199.027557 0.786000 136.134003
10860.625000 199.259003 0.786000 136.231003
10872.125000 199.490616 0.786000 136.326004
10882.125000 199.691849 0.786000 136.431000
10892.875000 199.892944 0.786000 136.535995
10902.750000 200.094406 0.786000 136.630997
10919.875000 200.297928 0.786000 136.731003
10937.500000 200.489853 0.760000 136.830994
10949.625000 200.489853 0.760000 136.925995
10960.000000 200.696365 0.760000 137.031006
10970.000000 200.900925 0.760000 137.132004
10981.250000 201.101425 0.760000 137.240005
10992.625000 201.306259 0.760000 137.332001
11005.625000 201.507523 0.760000 137.432007
11019.750000 201.709137 0.760000 137.542007
11032.000000 201.910263 0.760000 137.636993
11046.375000 202.111511 0.760000 137.742004
11063.250000 202.312500 0.800000 137.841995
11075.000000 202.519073 0.800000 137.936996
11085.875000 202.720322 0.800000 138.037003
11098.750000 202.921814 0.800000 138.136993
11114.000000 203.128265 0.800000 138.237000
11126.875000 203.336594 0.800000 138.341995
11142.250000 203.539993 0.800000 138.432999
11156.375000 203.741241 0.800000 138.533005
11166.875000 203.741241 0.800000 138.632004
11184.000000 203.997086 0.800000 138.740005
11204.000000 204.197937 0.705000 138.835007
11217.625000 204.398804 0.705000 138.934998
11227.500000 204.619293 0.705000 139.026993
11238.875000 204.826385 0.705000 139.126999
11251.125000 204.826385 0.705000 139.227005
11264.875000 205.227585 0.705000 139.332001
11277.125000 205.428787 0.705000 139.432007
11290.500000 205.634018 0.705000 139.544006
11300.875000 205.634018 0.705000 139.632004
11318.750000 205.841415 0.705000 139.733994
11334.125000 206.077805 0.697000 139.832001
11345.125000 206.296692 0.697000 139.929001
11355.875000 206.296692 0.697000 140.037003
11371.250000 206.507217 0.697000 140.132004
11378.875000 206.507217 0.697000 140.231995
11381.375000 206.507217 0.697000 140.328995
11384.125000 206.709991 0.697000 140.427002
11389.375000 206.709991 0.697000 140.526993
11395.750000 206.923996 0.697000 140.626999
11403.000000 206.923996 0.706000 140.735001
11410.000000 206.923996 0.706000 140.839996
11411.750000 206.923996 0.706000 140.934998
11416.625000 206.923996 0.706000 141.039993
11417.750000 206.923996 0.706000 141.139008
11420.625000 206.923996 0.706000 141.233994
11423.625000 206.923996 0.706000 141.326996
11424.250000 206.923996 0.706000 141.427002
11425.500000 206.923996 0.706000 141.535995
11432.750000 206.923996 0.706000 141.638000
11434.750000 206.923996 0.658000 141.738007
11455.500000 206.923996 0.658000 141.837997
11455.625000 206.923996 0.658000 141.929001
11456.875000 206.923996 0.658000 142.026993
11459.375000 207.043625 0.658000 142.126999
11494.625000 207.043625 0.658000 142.231995
11514.250000 207.047501 0.658000 142.328003
11514.875000 207.047501 0.658000 142.429993
11515.875000 207.047501 0.658000 142.537003
11517.750000 207.047501 0.658000 142.634995
11518.750000 207.047501 0.652000 142.735001
11524.750000 207.047501 0.652000 142.830994
11529.625000 207.089233 0.652000 142.929993
11530.875000 207.089233 0.652000 143.035004
11533.750000 207.089233 0.652000 143.134995
11534.875000 207.089233 0.652000 143.231003
11554.750000 207.089233 0.652000 143.330002
11557.000000 207.089233 0.652000 143.436996
11558.250000 207.089233 0.652000 143.537003
11559.625000 207.089233 0.652000 143.630997
11561.500000 207.089233 0.615000 143.731995
11564.250000 207.089233 0.615000 143.830994
11565.500000 207.089233 0.615000 143.925995
11567.125000 207.089233 0.615000 144.031006
11567.250000 207.089233 0.615000 144.134995
11572.625000 207.089233 0.615000 144.231003
11572.750000 207.089233 0.615000 144.330994
11573.750000 207.089233 0.615000 144.432007
11575.500000 207.089233 0.615000 144.526993
11576.125000 207.089233 0.615000 144.626999
11577.125000 207.089233 0.607000 144.731995
11577.375000 207.089233 0.607000 144.832001
11578.625000 207.089233 0.607000 144.940002
11579.000000 207.089233 0.607000 145.035004
11579.375000 207.089233 0.607000 145.134995
11588.000000 207.092850 0.607000 145.235001
11589.500000 207.092850 0.607000 145.339996
11590.125000 207.092850 0.607000 145.432007
11591.625000 207.092850 0.607000 145.531998
11595.875000 207.092850 0.607000 145.632004
11603.000000 207.210098 0.647000 145.733002
11607.125000 207.210098 0.647000 145.832001
11610.000000 207.210251 0.647000 145.927002
11613.250000 207.210251 0.647000 146.026993
11616.625000 207.228500 0.647000 146.132004
11623.875000 207.228500 0.647000 146.233002
11631.250000 207.228500 0.647000 146.337006
11637.375000 207.228500 0.647000 146.427002
11644.625000 207.431305 0.647000 146.526993
11652.500000 207.631943 0.647000 146.628998
11665.500000 207.836868 0.615000 146.731995
11674.625000 207.836868 0.615000 146.832001
11685.625000 208.075851 0.615000 146.927002
11700.125000 208.277191 0.615000 147.035004
11712.875000 208.486069 0.615000 147.125000
11722.500000 208.690048 0.615000 147.235001
11735.125000 208.890076 0.615000 147.326996
11745.125000 209.095154 0.615000 147.438995
11755.625000 209.296295 0.615000 147.539001
11769.375000 209.503525 0.615000 147.636993
11781.000000 209.704712 0.615000 147.731995
11793.875000 209.905869 0.680000 147.832001
11805.875000 210.106964 0.680000 147.932007
11816.875000 210.308380 0.680000 148.031998
11829.500000 210.511826 0.680000 148.132996
11840.500000 210.721176 0.680000 148.237000
11850.875000 210.721176 0.680000 148.326996
11861.750000 210.922699 0.680000 148.427002
11872.875000 211.123871 0.680000 148.535004
11883.375000 211.331573 0.680000 148.636993
11893.000000 211.546997 0.680000 148.733994
11903.250000 211.782425 0.772000 148.826996
11912.125000 211.989731 0.772000 148.932999
11923.000000 212.193008 0.772000 149.031998
11933.875000 212.460358 0.772000 149.130997
11941.875000 212.661560 0.772000 149.231995
11950.625000 212.872757 0.772000 149.330994
11958.500000 213.078033 0.772000 149.436005
11967.250000 213.285660 0.772000 149.535995
11975.125000 213.486908 0.772000 149.641006
11982.125000 213.688278 0.772000 149.740997
11999.750000 213.892807 0.753000 149.841003
12008.125000 214.101486 0.753000 149.931000
12016.125000 214.316742 0.753000 150.033997
12024.000000 214.316742 0.753000 150.130997
12032.625000 214.525848 0.753000 150.231003
12042.250000 214.733231 0.753000 150.335999
12051.625000 214.936325 0.753000 150.434006
12059.125000 215.151825 0.753000 150.542007
12066.625000 215.379196 0.753000 150.630997
12077.750000 215.588196 0.753000 150.731003
12108.625000 215.799347 0.730000 150.834000
12118.625000 216.008789 0.730000 150.931000
12128.625000 216.244385 0.730000 151.020996
12137.625000 216.445938 0.730000 151.130997
12146.500000 216.674911 0.730000 151.237000
12155.750000 216.878464 0.730000 151.337006
12167.250000 217.081833 0.730000 151.431000
12175.125000 217.290863 0.730000 151.531006
12183.375000 217.491806 0.730000 151.630997
12195.125000 217.692825 0.730000 151.725998
12211.000000 217.901886 0.758000 151.830994
12220.750000 218.103836 0.758000 151.931000
12229.500000 218.312820 0.758000 152.035004
12238.750000 218.514069 0.758000 152.134995
12246.500000 218.715317 0.758000 152.229996
12256.375000 218.918442 0.758000 152.330994
12268.000000 219.137436 0.758000 152.449997
12277.625000 219.340439 0.758000 152.541000
12286.000000 219.541687 0.758000 152.641006
12298.000000 219.541687 0.758000 152.735992
12334.125000 219.750931 0.743000 152.835999
12349.125000 219.960922 0.743000 152.931000
12360.875000 220.172806 0.743000 153.035995
12372.500000 220.408218 0.743000 153.143005
12385.625000 220.655807 0.743000 153.235992
12396.000000 220.857040 0.743000 153.335999
12405.375000 221.058243 0.743000 153.436996
12415.250000 221.259781 0.743000 153.537003
12422.875000 221.465134 0.743000 153.641998
12434.375000 221.674362 0.743000 153.738007
12445.625000 221.875519 0.763000 153.837997
12456.750000 222.078506 0.763000 153.936996
12466.750000 222.281937 0.763000 154.039001
12474.125000 222.493179 0.763000 154.143997
12483.500000 222.694427 0.763000 154.240005
12492.875000 222.901672 0.763000 154.345001
12502.125000 223.106766 0.763000 154.442993
12509.875000 223.314117 0.763000 154.537003
12518.000000 223.515472 0.763000 154.632996
12525.250000 223.718719 0.763000 154.737000
12537.250000 223.927536 0.764000 154.832001
12548.000000 224.133865 0.764000 154.936996
12557.000000 224.334198 0.764000 155.037003
12566.125000 224.334198 0.764000 155.134995
12573.875000 224.535599 0.764000 155.231995
12579.375000 224.938049 0.764000 155.337006
12585.250000 225.139145 0.764000 155.442001
12590.375000 225.342453 0.764000 155.537994
12596.000000 225.545898 0.764000 155.639008
12602.250000 225.545898 0.764000 155.737000
12607.875000 225.753128 0.771000 155.837006
12613.500000 225.954330 0.771000 155.936996
12618.875000 226.159607 0.771000 156.037003
12625.125000 226.366974 0.771000 156.143005
12631.375000 226.569901 0.771000 156.242996
12637.375000 226.771255 0.771000 156.343002
12642.250000 226.972504 0.771000 156.440994
12648.875000 227.246597 0.771000 156.544006
12653.500000 227.488068 0.771000 156.643997
12659.250000 227.699371 0.771000 156.738998
12666.500000 227.906296 0.771000 156.834000
12679.750000 228.103546 0.800000 156.934006
12688.250000 228.103546 0.800000 157.039001
12693.375000 228.267960 0.800000 157.139008
12699.000000 228.470947 0.800000 157.238998
12706.875000 228.676544 0.800000 157.334000
12714.875000 228.676544 0.800000 157.434006
12722.250000 228.933746 0.800000 157.539001
12730.375000 229.135132 0.800000 157.645996
12738.625000 229.336212 0.800000 157.740005
12751.625000 229.542267 0.698000 157.834000
12759.875000 229.746231 0.698000 157.934006
12768.375000 229.947433 0.698000 158.039993
12776.375000 230.148422 0.698000 158.139008
12785.000000 230.349976 0.698000 158.237000
12790.625000 230.551147 0.698000 158.334000
12798.500000 230.752350 0.698000 158.438995
12805.625000 230.963577 0.698000 158.539001
12812.000000 231.175034 0.698000 158.643997
12828.375000 231.175034 0.698000 158.738998
12835.625000 231.424774 0.684000 158.837997
12843.875000 231.603928 0.684000 158.938004
12853.500000 231.755234 0.684000 159.050003
12858.625000 231.864655 0.684000 159.134995
12862.375000 231.942047 0.684000 159.237000
12873.500000 231.942047 0.684000 159.335007
12914.500000 231.989151 0.684000 159.445007
12919.375000 232.003815 0.684000 159.539993
12923.125000 232.003815 0.684000 159.641998
12935.125000 232.003815 0.684000 159.740005
12943.250000 232.003815 0.706000 159.835007
12946.500000 232.003815 0.706000 159.934998
12948.250000 232.003815 0.706000 160.042007
12951.625000 232.003815 0.706000 160.139999
12953.375000 232.008682 0.706000 160.242004
12955.375000 232.008682 0.706000 160.330994
12961.250000 232.008682 0.706000 160.436996
12962.875000 232.039276 0.706000 160.535995
12964.750000 232.039276 0.706000 160.636002
12967.375000 232.039276 0.706000 160.735992
12970.500000 232.248291 0.732000 160.837006
12974.125000 232.454224 0.732000 160.949997
12979.375000 232.454224 0.732000 161.042007
12985.000000 232.670761 0.732000 161.138000
12991.625000 232.909805 0.732000 161.237000
12998.625000 233.111130 0.732000 161.337006
13004.000000 233.316422 0.732000 161.436996
13009.125000 233.523712 0.732000 161.537994
13015.750000 233.724960 0.732000 161.638000
13021.750000 233.926254 0.732000 161.737000
13027.375000 234.127579 0.732000 161.837006
13037.125000 234.333557 0.751000 161.944000
13043.125000 234.537720 0.751000 162.042007
13049.125000 234.739029 0.751000 162.136993
13057.250000 234.944229 0.751000 162.237000
13063.500000 235.145554 0.751000 162.337006
13068.375000 235.352859 0.751000 162.436996
13074.375000 235.557983 0.751000 162.539001
13079.875000 235.761398 0.751000 162.639008
13086.875000 235.761398 0.751000 162.733994
13091.625000 236.171631 0.751000 162.839005
13115.375000 236.171631 0.810000 162.938995
13121.375000 236.379578 0.810000 163.033997
13126.500000 236.580795 0.810000 163.139008
13131.000000 236.790237 0.810000 163.244003
13135.500000 237.023483 0.810000 163.339005
13139.250000 237.234833 0.810000 163.434998
13144.875000 237.464081 0.810000 163.539001
13150.500000 237.665207 0.810000 163.639008
13155.375000 237.880295 0.810000 163.751007
13159.250000 238.107727 0.680000 163.839005
13165.000000 238.309265 0.680000 163.938995
13169.375000 238.532791 0.680000 164.044998
13173.500000 238.744156 0.680000 164.145004
13178.250000 238.945389 0.680000 164.238998
13183.500000 239.146576 0.680000 164.339005
13187.000000 239.357742 0.680000 164.438995
13190.875000 239.559189 0.680000 164.539001
13195.875000 239.768555 0.680000 164.639008
13199.250000 239.969666 0.680000 164.744003
13203.125000 240.174911 0.680000 164.843994
13207.875000 240.382385 0.747000 164.938995
13211.375000 240.583633 0.747000 165.039001
13218.125000 240.784729 0.747000 165.143997
13223.250000 240.985855 0.747000 165.238998
13227.000000 240.985855 0.747000 165.328995
13232.625000 241.390640 0.747000 165.445007
13237.250000 241.591751 0.747000 165.542007
13242.125000 241.793030 0.747000 165.643997
13246.500000 242.002380 0.747000 165.738998
13257.250000 242.205231 0.692000 165.841003
13261.875000 242.205231 0.692000 165.938995
13266.125000 242.413574 0.692000 166.033997
13269.875000 242.815720 0.692000 166.143997
13274.000000 242.815720 0.692000 166.240005
13277.750000 243.046936 0.692000 166.345993
13281.875000 243.248322 0.692000 166.438995
13285.250000 243.485275 0.692000 166.539001
13290.625000 243.694763 0.692000 166.639008
13295.000000 243.956451 0.692000 166.738998
13298.875000 244.176086 0.692000 166.839005
13327.125000 244.380875 0.719000 166.944000
13333.375000 244.588577 0.719000 167.039001
13338.750000 244.789673 0.719000 167.139008
13343.000000 244.990997 0.719000 167.233994
13345.875000 245.196426 0.719000 167.339005
13350.000000 245.403702 0.719000 167.438995
13354.250000 245.604828 0.719000 167.544006
13359.000000 245.805725 0.719000 167.639008
13363.250000 246.007355 0.719000 167.738998
13371.000000 246.208313 0.650000 167.843994
13375.750000 246.208313 0.650000 167.929001
13382.125000 246.617188 0.650000 168.052002
13385.625000 246.617188 0.650000 168.143997
13389.125000 246.822327 0.650000 168.238998
13392.500000 247.023544 0.650000 168.339005
13397.250000 247.305420 0.650000 168.438995
13402.375000 247.512665 0.650000 168.542007
13405.500000 247.723694 0.650000 168.636993
13409.375000 247.945068 0.650000 168.737000
13413.875000 248.166275 0.673000 168.837006
13417.750000 248.376236 0.673000 168.940002
13421.875000 248.577560 0.673000 169.039001
13425.875000 248.778442 0.673000 169.136993
13428.875000 248.979706 0.673000 169.242004
13431.625000 249.183228 0.673000 169.337006
13434.000000 249.392593 0.673000 169.436996
13437.125000 249.593994 0.673000 169.537003
13440.750000 249.795303 0.673000 169.636993
13444.375000 250.000656 0.673000 169.744003
13448.625000 250.202377 0.605000 169.843994
13451.500000 250.403381 0.605000 169.947998
13455.000000 250.610870 0.605000 170.037003
13457.750000 250.812119 0.605000 170.136993
13460.875000 251.013443 0.605000 170.237000
13464.000000 251.214920 0.605000 170.341995
13467.125000 251.416672 0.605000 170.442001
13472.625000 251.617996 0.605000 170.537003
13475.000000 251.818726 0.605000 170.638000
13477.000000 252.019974 0.605000 170.742996
13479.625000 252.221817 0.673000 170.841995
13482.750000 252.423691 0.673000 170.942001
13485.125000 252.632751 0.673000 171.042007
13488.625000 252.834381 0.673000 171.141998
13491.500000 253.035767 0.673000 171.237000
13494.750000 253.237244 0.673000 171.337006
13498.250000 253.448181 0.673000 171.442001
13500.125000 253.448181 0.673000 171.541000
13502.625000 253.681183 0.673000 171.641006
13507.000000 253.888535 0.673000 171.735992
13510.375000 254.099945 0.673000 171.841003
13513.000000 254.323547 0.675000 171.938004
13516.000000 254.533264 0.675000 172.050995
13518.125000 254.734512 0.675000 172.151001
13520.000000 254.935883 0.675000 172.240997
13522.875000 255.139023 0.675000 172.341995
13524.750000 255.348267 0.675000 172.440994
13527.750000 255.549515 0.675000 172.542999
13532.250000 255.750916 0.675000 172.641006
13536.500000 255.952133 0.675000 172.740997
13541.625000 256.153656 0.621000 172.841003
13544.875000 256.357544 0.621000 172.936005
13548.125000 256.594727 0.621000 173.035995
13550.625000 256.812134 0.621000 173.139008
13553.250000 257.023590 0.621000 173.238998
13556.500000 257.238831 0.621000 173.345993
13560.000000 257.440063 0.621000 173.438995
13564.000000 257.647278 0.621000 173.539993
13566.875000 257.850433 0.621000 173.639999
13570.125000 258.059753 0.621000 173.738998
13573.250000 258.261200 0.621000 173.841995
13575.750000 258.462311 0.640000 173.940002
13578.250000 258.663574 0.640000 174.039001
13580.625000 258.866669 0.640000 174.139008
13582.625000 259.080048 0.640000 174.240997
13586.250000 259.080048 0.640000 174.339005
13589.750000 259.287445 0.640000 174.438995
13592.875000 259.490723 0.640000 174.539001
13595.875000 259.919586 0.640000 174.662994
13597.750000 259.919586 0.640000 174.742996
13604.500000 260.151184 0.632000 174.837997
13607.000000 260.360840 0.632000 174.938004
13610.375000 260.562012 0.632000 175.044998
13613.000000 260.766968 0.632000 175.136002
13616.250000 260.968018 0.632000 175.244995
13618.750000 261.169250 0.632000 175.335007
13621.125000 261.373962 0.632000 175.447006
13623.375000 261.581146 0.632000 175.539993
13626.375000 261.784424 0.632000 175.639999
13630.500000 261.991211 0.632000 175.740005
13634.000000 262.213531 0.704000 175.850006
13636.375000 262.413757 0.704000 175.936005
13638.375000 262.625061 0.704000 176.039993
13641.000000 262.828430 0.704000 176.139999
13643.875000 263.037628 0.704000 176.240005
13646.750000 263.238831 0.704000 176.339996
13650.125000 263.441986 0.704000 176.445007
13652.000000 263.643066 0.704000 176.544998
13653.375000 263.852570 0.704000 176.639999
13655.500000 264.055542 0.704000 176.742004
13657.625000 264.257019 0.632000 176.845993
13659.375000 264.458405 0.632000 176.951004
13660.750000 264.659668 0.632000 177.035995
13665.125000 264.866638 0.632000 177.143997
13668.000000 265.071838 0.632000 177.240997
13669.750000 265.071838 0.632000 177.276001
13672.000000 265.273010 0.632000 177.382004
13673.625000 265.476257 0.632000 177.475998
13676.375000 265.683228 0.632000 177.585007
13677.375000 265.886353 0.632000 177.681000
13678.875000 266.087463 0.632000 177.781006
13685.875000 266.294434 0.664000 177.878998
13688.875000 266.497772 0.664000 177.975006
13690.500000 266.699219 0.664000 178.080002
13692.375000 266.932648 0.664000 178.179993
13693.625000 267.142029 0.664000 178.274994
13695.000000 267.345276 0.664000 178.380997
13696.500000 267.556549 0.664000 178.479996
13697.500000 267.766083 0.664000 178.580002
13700.500000 267.966156 0.664000 178.679993
13702.250000 267.966156 0.664000 178.774994
13707.125000 268.171570 0.619000 178.876007
13709.750000 268.372559 0.619000 178.987000
13711.750000 268.579590 0.619000 179.072006
13714.000000 268.780975 0.619000 179.186996
13716.375000 269.002502 0.619000 179.281998
13720.000000 269.213776 0.619000 179.376999
13724.500000 269.414825 0.619000 179.487000
13727.250000 269.615631 0.619000 179.576996
13753.375000 269.825256 0.619000 179.671997
13758.250000 270.029419 0.619000 179.778000
13766.000000 270.233948 0.651000 179.876999
13768.500000 270.233948 0.651000 179.977005
13771.250000 270.411499 0.651000 180.076996
13775.625000 270.411499 0.651000 180.177002
13778.125000 270.516449 0.651000 180.276993
13785.125000 270.516449 0.651000 180.382996
13786.500000 270.633484 0.651000 180.477997
13789.000000 270.633484 0.651000 180.585007
13794.250000 270.633484 0.651000 180.684006
13797.125000 270.845398 0.651000 180.779007
13799.000000 270.988953 0.651000 180.878998
13801.125000 270.988953 0.771000 180.985001
13804.375000 270.988953 0.771000 181.059006
13806.250000 271.189972 0.771000 181.186005
13808.000000 271.390350 0.771000 181.285995
13811.000000 271.592590 0.771000 181.386002
13813.750000 271.803650 0.771000 181.479004
13816.375000 271.803650 0.771000 181.565002
13818.625000 272.073303 0.771000 181.684006
13820.625000 272.282318 0.771000 181.779007
13826.000000 272.483643 0.602000 181.878998
13828.000000 272.685883 0.602000 181.979996
13829.750000 272.895569 0.602000 182.078995
13831.500000 273.096680 0.602000 182.188995
13833.625000 273.297913 0.602000 182.279007
13837.125000 273.526001 0.602000 182.380997
13838.750000 273.735382 0.602000 182.481003
13840.250000 273.936676 0.602000 182.582993
13842.500000 274.139648 0.602000 182.677002
13845.375000 274.348999 0.602000 182.781998
13847.375000 274.552094 0.678000 182.891998
13848.875000 274.754578 0.678000 182.955994
13849.500000 274.957458 0.678000 183.089005
13850.125000 275.164886 0.678000 183.181000
13851.250000 275.384216 0.678000 183.281006
13852.500000 275.585327 0.678000 183.384003
13853.250000 275.806793 0.678000 183.490997
13854.750000 276.008362 0.678000 183.580994
13858.875000 276.209290 0.678000 183.681000
13862.500000 276.209290 0.678000 183.781006
13874.125000 276.420044 0.649000 183.891006
13876.125000 276.631073 0.649000 183.990997
13878.000000 276.631073 0.649000 184.080994
13880.500000 276.831604 0.649000 184.175995
13884.250000 276.831604 0.649000 184.291000
13884.875000 276.979034 0.649000 184.391006
13885.750000 276.979034 0.649000 184.485992
13886.625000 277.181213 0.649000 184.582993
13887.000000 277.181213 0.649000 184.682999
13887.375000 277.181213 0.649000 184.778000
13891.500000 277.383545 0.732000 184.882996
13891.750000 277.583771 0.732000 184.983002
13891.750000 277.583771 0.732000 185.078003
13892.000000 277.786285 0.732000 185.182999
13892.625000 277.992676 0.732000 185.283005
13893.000000 278.200714 0.732000 185.386993
13893.875000 278.409576 0.732000 185.483002
13894.500000 278.610474 0.732000 185.585007
13894.750000 278.817963 0.732000 185.667999
13895.000000 279.034943 0.732000 185.783005
13895.750000 279.034943 0.616000 185.880005
13895.875000 279.234894 0.616000 185.983994
13896.250000 279.448059 0.616000 186.082993
13896.625000 279.448059 0.616000 186.166000
13897.000000 279.676788 0.616000 186.283005
13897.875000 279.881805 0.616000 186.384003
13898.375000 280.089874 0.616000 186.483002
13898.625000 280.089874 0.616000 186.582993
13898.750000 280.294159 0.616000 186.682999
13899.250000 280.503998 0.616000 186.796997
13899.500000 280.713379 0.629000 186.893005
13900.125000 280.936768 0.629000 186.992996
13900.375000 281.143280 0.629000 187.078003
13900.875000 281.344635 0.629000 187.179001
13901.250000 281.549438 0.629000 187.285004
13901.625000 281.750519 0.629000 187.380997
13902.500000 281.955902 0.629000 187.492004
13903.000000 282.162964 0.629000 187.580002
13903.250000 282.364197 0.629000 187.684998
13904.125000 282.565704 0.629000 187.785004
13909.875000 282.766785 0.656000 187.889999
13910.125000 282.976318 0.656000 187.979996
13910.250000 283.177551 0.656000 188.085007
13910.750000 283.378784 0.656000 188.190994
13911.250000 283.579987 0.656000 188.285004
13911.875000 283.783661 0.656000 188.380997
13913.125000 283.986816 0.656000 188.485992
13914.250000 284.196198 0.656000 188.595993
13918.500000 284.420380 0.656000 188.681000
13921.250000 284.625488 0.656000 188.785995
13922.000000 284.625488 0.674000 188.886002
13922.500000 284.828796 0.674000 188.985992
13923.875000 285.029205 0.674000 189.080994
13924.625000 285.029205 0.674000 189.186005
13927.375000 285.234650 0.674000 189.281006
13929.375000 285.438049 0.674000 189.386002
13932.250000 285.621521 0.674000 189.488998
13933.000000 285.621521 0.674000 189.589005
13933.375000 285.823181 0.674000 189.688995
13934.625000 286.030182 0.674000 189.789001
13935.875000 286.230225 0.644000 189.889008
13937.625000 286.432709 0.644000 189.988007
13941.500000 286.432709 0.644000 190.076996
13943.000000 286.641754 0.644000 190.182007
13944.250000 286.844666 0.644000 190.281998
13945.375000 287.051147 0.644000 190.382004
13948.750000 287.252258 0.644000 190.492004
13950.250000 287.453766 0.644000 190.582001
13951.750000 287.658783 0.644000 190.682999
13953.125000 287.864258 0.644000 190.787003
13956.000000 288.065338 0.652000 190.882004
13957.000000 288.266083 0.652000 190.988007
13957.625000 288.467743 0.652000 191.082001
13958.250000 288.672852 0.652000 191.182007
13959.250000 288.884125 0.652000 191.294006
13964.250000 289.085236 0.652000 191.386993
13965.625000 289.288147 0.652000 191.481995
13966.375000 289.495911 0.652000 191.572998
13968.125000 289.699127 0.652000 191.686996
13972.125000 289.699127 0.652000 191.781998
13978.125000 289.906982 0.666000 191.886993
13981.750000 290.088593 0.666000 191.981995
13990.250000 290.183075 0.666000 192.100006
14000.125000 290.247864 0.666000 192.190002
14000.875000 290.247864 0.666000 192.289993
14001.750000 290.281525 0.666000 192.382996
14005.500000 290.285797 0.666000 192.483002
14006.125000 290.285797 0.666000 192.582993
14064.500000 290.285797 0.666000 192.675003
14065.000000 290.285797 0.666000 192.783997
14065.750000 290.285797 0.666000 192.906006
14066.500000 290.285797 0.738000 192.985992
14066.875000 290.285797 0.738000 193.091003
14067.375000 290.310608 0.738000 193.186005
14067.750000 290.310608 0.738000 193.285995
14069.750000 290.310608 0.738000 193.391006
14070.500000 290.310608 0.738000 193.492004
14084.500000 290.514038 0.738000 193.591003
14084.625000 290.514038 0.738000 193.686005
14085.000000 290.514038 0.738000 193.785995
14087.000000 290.715179 0.649000 193.886002
14087.250000 290.715179 0.649000 193.985992
14087.500000 290.715179 0.649000 194.085999
14087.750000 290.715179 0.649000 194.160995
14088.750000 290.919006 0.649000 194.285995
14089.125000 291.119843 0.649000 194.386002
14089.375000 291.119843 0.649000 194.490997
14090.125000 291.320435 0.649000 194.580994
14092.750000 291.529877 0.649000 194.686005
14095.000000 291.708771 0.649000 194.796005
14098.000000 291.853882 0.671000 194.893997
14101.250000 291.853882 0.671000 194.983994
14102.000000 292.004517 0.671000 195.084000
14102.625000 292.075562 0.671000 195.188995
14103.750000 292.108429 0.671000 195.294006
14105.000000 292.108429 0.671000 195.393997
14106.625000 292.112793 0.671000 195.488998
14107.250000 292.112793 0.671000 195.602005
14107.875000 292.127472 0.671000 195.699005
14108.375000 292.127472 0.671000 195.798996
14109.125000 292.180298 0.671000 195.897003
14109.750000 292.180298 0.710000 195.988998
14112.000000 292.180298 0.710000 196.089005
14112.500000 292.180298 0.710000 196.194000
14112.875000 292.180298 0.710000 196.296997
14113.375000 292.289032 0.710000 196.389008
14113.500000 292.289032 0.710000 196.490005
14113.625000 292.289032 0.710000 196.589005
14114.000000 292.490692 0.710000 196.692993
14114.500000 292.691559 0.710000 196.789993
14115.250000 292.691559 0.710000 196.888000
14120.000000 292.895508 0.724000 196.988007
14120.875000 293.118591 0.724000 197.087997
14121.500000 293.323578 0.724000 197.203995
14121.750000 293.532471 0.724000 197.315002
14122.250000 293.738037 0.724000 197.395004
14122.500000 293.945465 0.724000 197.492996
14123.250000 294.146790 0.724000 197.582993
14123.750000 294.357880 0.724000 197.697998
14123.875000 294.558655 0.724000 197.787994
14124.500000 294.760498 0.724000 197.888000
14127.625000 294.760498 0.744000 197.994003
14127.875000 294.980743 0.744000 198.095001
14128.125000 295.187347 0.744000 198.188004
14128.250000 295.388641 0.744000 198.287994
14128.500000 295.589935 0.744000 198.388000
14164.500000 295.791046 0.744000 198.500000
14164.875000 295.992065 0.744000 198.600006
14165.125000 296.195282 0.744000 198.692993
14165.250000 296.403809 0.744000 198.802002
14169.000000 296.562714 0.744000 198.893997
14170.625000 296.694946 0.795000 199.009995
14170.625000 296.694946 0.795000 199.100006
14171.500000 296.791656 0.795000 199.197998
14172.000000 296.855713 0.795000 199.292999
14172.250000 296.886627 0.795000 199.397995
14172.500000 296.889862 0.795000 199.492996
14173.125000 296.889862 0.795000 199.593994
14173.500000 296.889862 0.795000 199.692993
14174.750000 296.889862 0.795000 199.798004
14175.125000 296.889862 0.795000 199.893005
14184.125000 296.889862 0.780000 199.998993
14184.250000 296.889862 0.780000 200.100006
14184.375000 296.889862 0.780000 200.199997
14184.375000 296.889862 0.780000 200.302994
14184.375000 296.889862 0.780000 200.393005
14184.500000 296.889862 0.780000 200.483002
14184.500000 296.889862 0.780000 200.600006
14184.625000 296.889862 0.780000 200.688004
14184.750000 296.889862 0.780000 200.772995
14184.750000 296.889862 0.780000 200.893005
14185.250000 296.889862 0.689000 200.992996
14185.375000 297.042664 0.689000 201.093002
14185.375000 297.042664 0.689000 201.177994
14185.375000 297.246765 0.689000 201.287994
14185.375000 297.447540 0.689000 201.393005
14185.375000 297.447540 0.689000 201.492996
14185.500000 297.648468 0.689000 201.595993
14185.875000 297.864532 0.689000 201.695999
14186.000000 298.069946 0.689000 201.792999
14186.000000 298.281342 0.689000 201.901001
14187.000000 298.482727 0.777000 202.001007
14187.125000 298.685059 0.777000 202.078995
14187.500000 298.885132 0.777000 202.199005
14187.500000 299.086243 0.777000 202.300003
14187.625000 299.289612 0.777000 202.399994
14187.750000 299.495026 0.777000 202.500000
14188.000000 299.702148 0.777000 202.600998
14188.125000 299.903473 0.777000 202.699997
14188.250000 300.106720 0.777000 202.785004
14188.625000 300.315979 0.777000 202.901001
14188.750000 300.517181 0.777000 203.009995
14190.250000 300.718262 0.893000 203.100006
14190.500000 300.922058 0.893000 203.199997
14191.000000 301.122589 0.893000 203.294998
14191.500000 301.328003 0.893000 203.395004
14191.625000 301.543640 0.893000 203.509003
14191.875000 301.745148 0.893000 203.608994
14192.125000 301.946533 0.893000 203.705002
14192.125000 302.180145 0.893000 203.794998
14193.000000 302.423401 0.893000 203.916000
14193.625000 302.632599 0.893000 204.000000
14195.500000 302.841553 0.936000 204.106995
14196.250000 302.841553 0.936000 204.199997
14197.125000 303.053131 0.936000 204.309998
14197.500000 303.272064 0.936000 204.399994
14198.000000 303.472900 0.936000 204.498993
14198.125000 303.674438 0.936000 204.600006
14199.125000 303.894287 0.936000 204.692993
14199.750000 304.105499 0.936000 204.798004
14200.000000 304.314667 0.936000 204.914001
14200.250000 304.516113 0.936000 204.998001
14200.500000 304.717255 0.936000 205.104996
14204.750000 304.922943 1.039000 205.205002
14205.125000 305.125977 1.039000 205.298004
14205.500000 305.336823 1.039000 205.397995
14205.875000 305.545807 1.039000 205.498001
14205.875000 305.747040 1.039000 205.608002
14206.500000 305.948303 1.039000 205.697998
14207.250000 306.167755 1.039000 205.807007
14208.000000 306.368988 1.039000 205.906998
14208.000000 306.572327 1.039000 205.998001
14208.125000 306.793701 0.880000 206.098007
14209.125000 307.000580 0.880000 206.205994
14209.250000 307.213470 0.880000 206.296997
14209.375000 307.414520 0.880000 206.397003
14209.625000 307.615906 0.880000 206.516006
14210.000000 307.825653 0.880000 206.606003
14210.000000 308.026672 0.880000 206.705994
14210.000000 308.227905 0.880000 206.796005
14223.125000 308.433228 0.880000 206.897003
14226.375000 308.433228 0.880000 207.001007
14228.625000 308.623230 0.880000 207.100998
14229.250000 308.782074 0.950000 207.201004
14231.750000 308.782074 0.950000 207.300995
14232.625000 308.983185 0.950000 207.397003
14234.375000 309.050812 0.950000 207.501007
14235.875000 309.084839 0.950000 207.600998
14236.750000 309.089508 0.950000 207.695999
14238.375000 309.089508 0.950000 207.796005
14239.000000 309.089508 0.950000 207.895996
14239.125000 309.089508 0.950000 207.996002
14239.125000 309.089508 0.950000 208.097000
14240.125000 309.089508 0.996000 208.201004
14240.250000 309.089508 0.996000 208.300995
14240.375000 309.089508 0.996000 208.391006
14240.375000 309.129425 0.996000 208.496002
14240.500000 309.129425 0.996000 208.600998
14240.625000 309.129425 0.996000 208.707993
14240.750000 309.329987 0.996000 208.796005
14241.250000 309.329987 0.996000 208.891006
14243.000000 309.535614 0.996000 209.007004
14244.250000 309.671539 0.996000 209.100998
14246.000000 309.775787 0.996000 209.201004
14248.250000 309.855042 0.949000 209.315002
14257.000000 309.895935 0.949000 209.410004
14258.000000 309.903931 0.949000 209.509995
14347.125000 309.903931 0.949000 209.610001
14348.375000 309.903931 0.949000 209.710007
14358.250000 309.903931 0.949000 209.809998
14358.625000 309.903931 0.949000 209.906006
14359.250000 309.903931 0.949000 210.011002
14359.250000 309.903931 0.949000 210.100998
14360.625000 309.903931 0.949000 210.201004
14360.750000 309.903931 0.913000 210.300995
14361.125000 309.903931 0.913000 210.406998
14361.125000 309.903931 0.913000 210.507004
14361.250000 309.903931 0.913000 210.602997
14361.375000 309.903931 0.913000 210.703003
14361.500000 309.903931 0.913000 210.798004
14361.500000 309.985168 0.913000 210.897995
14361.625000 309.985168 0.913000 211.003006
14361.625000 310.189728 0.913000 211.102005
14361.625000 310.189728 0.913000 211.201004
14362.625000 310.392792 0.962000 211.300995
14364.875000 310.392792 0.962000 211.401001
14365.250000 310.593750 0.962000 211.507004
14366.000000 310.593750 0.962000 211.602005
14366.500000 310.593750 0.962000 211.701004
14366.500000 310.798584 0.962000 211.804001
14366.625000 310.999634 0.962000 211.901001
14367.250000 310.999634 0.962000 212.001007
14368.000000 311.204559 0.962000 212.100998
14368.375000 311.204559 0.962000 212.186005
14371.125000 311.408844 0.966000 212.302002
14373.125000 311.408844 0.966000 212.395996
14373.375000 311.611816 0.966000 212.501999
14373.625000 311.611816 0.966000 212.600998
14395.500000 311.611816 0.966000 212.701996
14396.375000 311.826965 0.966000 212.800995
14396.625000 311.826965 0.966000 212.901001
14398.000000 312.032166 0.966000 213.005997
14398.375000 312.238007 0.966000 213.100998
14398.500000 312.442963 0.966000 213.201004
14400.875000 312.647522 1.016000 213.300995
14401.125000 312.857788 1.016000 213.401001
14401.500000 313.076904 1.016000 213.501007
14402.750000 313.277985 1.016000 213.600998
14403.375000 313.479279 1.016000 213.701004
14403.750000 313.680725 1.016000 213.800995
14403.750000 313.881989 1.016000 213.901001
14404.500000 314.083191 1.016000 214.001007
14404.625000 314.304779 1.016000 214.106003
14404.750000 314.508057 1.016000 214.201996
14405.250000 314.717163 1.016000 214.300995
14416.375000 314.928009 1.027000 214.401993
14416.875000 314.928009 1.027000 214.496002
14417.625000 315.136200 1.027000 214.604004
14417.750000 315.400085 1.027000 214.699005
14418.125000 315.601288 1.027000 214.800995
14418.500000 315.802155 1.027000 214.904999
14418.875000 316.005310 1.027000 215.001999
14418.875000 316.206238 1.027000 215.100006
14419.125000 316.411041 1.027000 215.207001
14419.375000 316.612549 1.027000 215.307007
14419.625000 316.813690 1.029000 215.406998
14419.750000 317.022308 1.029000 215.501999
14419.875000 317.231598 1.029000 215.600006
14420.875000 317.436737 1.029000 215.695007
14421.500000 317.646393 1.029000 215.800003
14421.625000 317.847443 1.029000 215.904999
14421.750000 318.049042 1.029000 216.005005
14422.500000 318.256683 1.029000 216.106003
14422.875000 318.459381 1.029000 216.225006
14423.750000 318.660095 1.029000 216.309998
14424.750000 318.860931 1.029000 216.414993
14429.250000 319.062408 1.185000 216.514999
14429.750000 319.271088 1.185000 216.615005
14430.625000 319.471832 1.185000 216.705994
14431.250000 319.672760 1.185000 216.789993
14431.625000 319.877869 1.185000 216.912003
14431.875000 320.078888 1.185000 217.011993
14432.000000 320.280029 1.185000 217.112000
14432.750000 320.481415 1.185000 217.222000
14433.125000 320.682800 1.185000 217.309998
14433.500000 320.890259 1.185000 217.410004
14433.625000 321.115845 1.185000 217.501999
14454.375000 321.316345 1.049000 217.602005
14455.000000 321.519531 1.049000 217.705002
14455.500000 321.728851 1.049000 217.804993
14456.125000 321.929840 1.049000 217.901001
14456.625000 322.131042 1.049000 218.001007
14456.750000 322.332001 1.049000 218.104996
14457.250000 322.533417 1.049000 218.199997
14457.750000 322.734711 1.049000 218.304993
14458.250000 322.944366 1.049000 218.408997
14458.750000 323.145599 1.049000 218.503998
14459.375000 323.347046 1.049000 218.604004
14461.500000 323.550110 1.099000 218.703995
14463.125000 323.550110 1.099000 218.804993
14463.250000 323.781342 1.099000 218.903000
14463.250000 323.986450 1.099000 219.003006
14463.625000 324.187653 1.099000 219.104004
14463.750000 324.394714 1.099000 219.205002
14464.000000 324.602325 1.099000 219.304001
14464.000000 324.803558 1.099000 219.404007
14464.375000 325.004974 1.099000 219.494003
14465.000000 325.212006 1.099000 219.604996
14465.375000 325.419983 1.099000 219.703995
14465.750000 325.626495 1.107000 219.804001
14466.875000 325.827942 1.107000 219.904007
14467.250000 326.028931 1.107000 220.020996
14467.500000 326.229736 1.107000 220.113007
14467.875000 326.439575 1.107000 220.212997
14468.000000 326.640594 1.107000 220.313004
14468.250000 326.842224 1.107000 220.412994
14468.875000 327.043732 1.107000 220.514008
14469.250000 327.250854 1.107000 220.604996
14470.000000 327.455597 1.107000 220.712006
14470.375000 327.664459 1.107000 220.817001
14471.625000 327.865723 1.183000 220.917007
14472.250000 328.069366 1.183000 221.016006
14473.000000 328.296753 1.183000 221.121994
14473.875000 328.505554 1.183000 221.222000
14474.625000 328.706818 1.183000 221.304001
14475.375000 328.922577 1.183000 221.408997
14476.750000 329.124023 1.183000 221.513000
14477.375000 329.325378 1.183000 221.595993
14478.000000 329.526489 1.183000 221.705994
14479.125000 329.734497 1.183000 221.804001
14481.250000 329.937653 1.183000 221.919006
14482.125000 330.152740 1.183000 222.003998
14482.875000 330.354340 1.186000 222.104004
14483.500000 330.558746 1.186000 222.209000
14484.750000 330.761902 1.186000 222.306000
14486.000000 330.761902 1.186000 222.404007
14487.250000 330.996216 1.186000 222.511993
14488.750000 331.199860 1.186000 222.606995
14489.375000 331.431366 1.186000 222.714996
14490.875000 331.639038 1.186000 222.811996
14492.875000 331.843658 1.186000 222.917007
14494.000000 332.045654 1.186000 223.016998
14503.875000 332.224518 1.186000 223.117004
14552.625000 332.370209 1.247000 223.216995
14554.000000 332.482788 1.247000 223.311996
14555.000000 332.562439 1.247000 223.417007
14555.250000 332.562439 1.247000 223.516998
14556.250000 332.617004 1.247000 223.617004
14556.625000 332.617004 1.247000 223.716995
14556.750000 332.635345 1.247000 223.817001
14557.375000 332.635345 1.247000 223.917007
14557.625000 332.635345 1.247000 224.007004
14558.125000 332.679565 1.247000 224.106995
14558.375000 332.679565 1.247000 224.207001
14558.875000 332.679565 1.150000 224.307007
14559.250000 332.761505 1.150000 224.404007
14559.625000 332.761505 1.150000 224.503998
14560.375000 332.963715 1.150000 224.610001
14560.750000 332.963715 1.150000 224.705002
14561.375000 333.174988 1.150000 224.806000
14561.750000 333.383087 1.150000 224.910004
14562.500000 333.590912 1.150000 225.007004
14563.125000 333.800049 1.150000 225.110992
14563.375000 334.000946 1.150000 225.207993
14563.875000 334.202148 1.150000 225.311005
14564.250000 334.409454 1.150000 225.419006
14564.875000 334.610962 1.150000 225.511002
14565.375000 334.812256 1.150000 225.619003
14565.625000 335.013367 1.497000 225.716995
14565.750000 335.220490 1.497000 225.817001
14566.125000 335.425598 1.497000 225.919006
14566.625000 335.636963 1.497000 226.024002
14567.250000 335.838318 1.497000 226.119003
14567.250000 336.047729 1.497000 226.210999
14567.250000 336.265076 1.497000 226.311005
14567.250000 336.466553 1.497000 226.406006
14567.500000 336.677765 1.497000 226.516006
14567.875000 336.879486 1.497000 226.610992
14568.500000 337.082977 1.497000 226.710999
14568.875000 337.288666 1.497000 226.809006
14569.125000 337.489014 1.161000 226.914001
14569.625000 337.690857 1.161000 227.018997
14569.750000 337.892334 1.161000 227.119003
14569.875000 338.093811 1.161000 227.223999
14570.375000 338.294678 1.161000 227.319000
14570.500000 338.495789 1.161000 227.419006
14571.125000 338.697021 1.161000 227.518997
14571.250000 338.898224 1.161000 227.619003
14573.750000 339.104553 1.161000 227.723999
14575.500000 339.104553 1.161000 227.819000
14577.250000 339.310730 1.161000 227.908997
14577.750000 339.511963 1.145000 228.009003
14578.125000 339.717896 1.145000 228.126999
14578.500000 339.717896 1.145000 228.210007
14578.875000 339.926727 1.145000 228.309998
14580.250000 340.130280 1.145000 228.410004
14580.750000 340.331268 1.145000 228.513000
14581.750000 340.544739 1.145000 228.619995
14582.875000 340.788727 1.145000 228.712006
14584.375000 340.996033 1.145000 228.815002
14585.875000 341.205231 1.145000 228.910004
14587.875000 341.406311 1.145000 229.014999
14589.250000 341.607697 1.145000 229.110001
14592.125000 341.809326 1.157000 229.210999
14595.125000 342.012726 1.157000 229.311996
14596.500000 342.213776 1.157000 229.410995
14600.125000 342.414948 1.157000 229.511002
14606.000000 342.624329 1.157000 229.610992
14608.750000 342.827576 1.157000 229.716003
14612.000000 343.029114 1.157000 229.817001
14614.125000 343.236084 1.157000 229.919006
14616.500000 343.441254 1.157000 230.011002
14618.375000 343.644836 1.157000 230.085999
14621.625000 343.850616 1.157000 230.214005
14625.000000 344.051727 1.157000 230.315994
14627.875000 344.266937 1.157000 230.417007
14633.250000 344.475616 1.264000 230.511993
14636.750000 344.684387 1.264000 230.610992
14640.125000 344.890015 1.264000 230.709000
14644.875000 345.093536 1.264000 230.809006
14646.875000 345.302765 1.264000 230.908997
14651.250000 345.504120 1.264000 231.009003
14655.250000 345.709808 1.264000 231.115997
14658.750000 345.914948 1.264000 231.218002
14663.875000 345.914948 1.264000 231.306000
14666.875000 346.121765 1.264000 231.410995
14671.375000 346.327667 1.264000 231.511002
14678.875000 346.532318 1.037000 231.612000
14681.625000 346.736298 1.037000 231.712997
14685.250000 346.936401 1.037000 231.811005
14689.000000 347.137482 1.037000 231.923996
14691.375000 347.338531 1.037000 232.011002
14693.750000 347.542328 1.037000 232.110992
14697.125000 347.743683 1.037000 232.210999
14700.625000 347.947083 1.037000 232.315994
14705.250000 348.148376 1.037000 232.410995
14708.500000 348.355804 1.037000 232.516006
14711.125000 348.562439 1.037000 232.610001
14713.875000 348.763336 1.033000 232.709000
14716.250000 348.964752 1.033000 232.809006
14719.250000 349.174042 1.033000 232.899002
14721.500000 349.377258 1.033000 233.018005
14724.125000 349.586395 1.033000 233.113007
14728.125000 349.787567 1.033000 233.212997
14731.000000 349.988800 1.033000 233.313004
14733.125000 350.191986 1.033000 233.414001
14734.750000 350.431610 1.033000 233.513000
14736.500000 350.633026 1.033000 233.608002
14739.125000 350.834167 1.033000 233.703003
14740.875000 351.037445 1.033000 233.813004
14742.625000 351.242706 1.033000 233.910995
14745.375000 351.444305 1.033000 234.011002
14750.250000 351.653229 1.279000 234.121002
14751.875000 351.858337 1.279000 234.220993
14754.375000 352.059601 1.279000 234.330994
14756.000000 352.260956 1.279000 234.421005
14758.750000 352.462189 1.279000 234.520996
14762.125000 352.663544 1.279000 234.630997
14764.625000 352.864655 1.279000 234.720993
14766.625000 353.065765 1.279000 234.826004
14769.625000 353.268433 1.279000 234.912994
14775.750000 353.268433 1.279000 235.007996
14780.250000 353.468597 1.279000 235.108002
14785.000000 353.642426 1.279000 235.212997
14788.500000 353.774414 1.279000 235.307999
14793.375000 353.774414 1.324000 235.404007
14797.500000 353.951233 1.324000 235.509003
14799.000000 353.951233 1.324000 235.632004
14800.375000 353.951233 1.324000 235.710007
14803.375000 354.046936 1.324000 235.809006
14805.625000 354.046936 1.324000 235.914001
14807.000000 354.161346 1.324000 236.009003
14808.000000 354.161346 1.324000 236.126999
14810.250000 354.161346 1.324000 236.209000
14811.625000 354.346649 1.324000 236.319000
14814.750000 354.346649 1.324000 236.414993
14816.875000 354.551361 1.324000 236.535004
14818.375000 354.551361 1.324000 236.615005
14822.625000 354.759399 1.253000 236.695007
14825.625000 354.759399 1.253000 236.815002
14827.125000 354.960449 1.253000 236.910995
14829.750000 355.166229 1.253000 237.031998
14832.875000 355.166229 1.253000 237.110001
14836.875000 355.374176 1.253000 237.210007
14840.500000 355.578064 1.253000 237.311005
14844.375000 355.779358 1.253000 237.410004
14847.625000 355.982483 1.253000 237.509995
14852.125000 356.215912 1.253000 237.617996
14855.000000 356.417267 1.253000 237.718002
14860.125000 356.618622 1.253000 237.817993
14863.500000 356.819733 1.253000 237.917999
14870.625000 357.020477 1.350000 238.018005
14873.875000 357.221191 1.350000 238.110001
14878.000000 357.430817 1.350000 238.210007
14881.000000 357.632324 1.350000 238.315002
14884.750000 357.833893 1.350000 238.414993
14888.250000 358.035217 1.350000 238.514999
14891.750000 358.238617 1.350000 238.615005
14896.750000 358.447693 1.350000 238.714996
14899.000000 358.653259 1.350000 238.815002
14902.500000 358.858795 1.350000 238.923996
14908.500000 359.072174 1.350000 239.013000
14912.750000 359.270966 1.350000 239.112000
14914.625000 359.437622 1.350000 239.227005
14918.125000 359.437622 1.350000 239.322006
14922.000000 359.598297 1.451000 239.427002
14925.250000 359.598297 1.451000 239.526993
14926.625000 359.802673 1.451000 239.626999
14929.000000 360.005035 1.451000 239.727005
14931.500000 360.005035 1.451000 239.804993
14934.375000 360.208740 1.451000 239.912003
14939.375000 360.417236 1.451000 240.013000
14944.000000 360.620605 1.451000 240.119003
14948.750000 360.824097 1.451000 240.220001
14952.500000 361.025360 1.451000 240.313004
14957.875000 361.233093 1.451000 240.419006
14960.750000 361.435974 1.451000 240.518005
14967.250000 361.645294 1.451000 240.621002
14975.500000 361.852020 1.292000 240.725998
14985.625000 362.076874 1.292000 240.826004
14993.375000 362.299377 1.292000 240.914993
15004.125000 362.509003 1.292000 241.016998
15014.125000 362.712341 1.292000 241.117004
15029.500000 362.913544 1.292000 241.216995
15043.125000 363.119110 1.292000 241.311996
15050.750000 363.119110 1.292000 241.417007
15057.500000 363.321686 1.292000 241.513000
15064.500000 363.523834 1.292000 241.612000
15072.250000 363.523834 1.292000 241.712006
15078.375000 363.737946 1.292000 241.817001
15084.625000 363.944214 1.292000 241.917007
15112.125000 364.148987 1.344000 242.029007
15119.750000 364.350525 1.344000 242.113007
15127.750000 364.561737 1.344000 242.216995
15136.750000 364.773376 1.344000 242.317993
15143.875000 364.773376 1.344000 242.417007
15151.500000 365.017151 1.344000 242.516998
15160.875000 365.224457 1.344000 242.626999
15167.500000 365.428314 1.344000 242.723007
15186.750000 365.632477 1.344000 242.830002
15194.875000 365.632477 1.344000 242.917007
15207.375000 365.741913 1.344000 243.016998
15215.500000 365.741913 1.344000 243.126999
15223.375000 365.866882 1.258000 243.233002
15231.750000 365.866882 1.258000 243.326996
15237.000000 366.025848 1.258000 243.429001
15242.750000 366.025848 1.258000 243.518005
15251.250000 366.256592 1.258000 243.632996
15259.000000 366.256592 1.258000 243.727997
15267.500000 366.456818 1.258000 243.811996
15273.250000 366.660034 1.258000 243.936996
15280.125000 366.883392 1.258000 244.031998
15285.625000 367.092621 1.258000 244.151001
15290.875000 367.331726 1.258000 244.240997
15297.125000 367.534973 1.258000 244.337006
15302.375000 367.736359 1.258000 244.436996
15308.250000 367.937439 1.258000 244.537003
15317.750000 368.146271 1.358000 244.638000
15327.000000 368.384308 1.358000 244.744995
15336.375000 368.584381 1.358000 244.835007
15340.875000 368.785675 1.358000 244.942993
15346.000000 368.990631 1.358000 245.042007
15350.375000 369.197968 1.358000 245.145004
15354.625000 369.398956 1.358000 245.240997
15359.875000 369.600220 1.358000 245.335007
15372.750000 369.803711 1.358000 245.466003
15380.625000 370.008881 1.358000 245.542999
15386.125000 370.211945 1.358000 245.638000
15390.750000 370.421051 1.358000 245.742996
15395.375000 370.622314 1.358000 245.843002
15406.750000 370.829742 1.314000 245.932999
15415.625000 371.031464 1.314000 246.042007
15423.625000 371.232574 1.314000 246.147003
15430.250000 371.434204 1.314000 246.242004
15435.875000 371.635468 1.314000 246.341995
15439.375000 371.836731 1.314000 246.442001
15445.125000 372.042328 1.314000 246.539001
15449.375000 372.245758 1.314000 246.639999
15454.750000 372.447327 1.314000 246.746994
15460.000000 372.447327 1.314000 246.837997
15463.500000 372.648560 1.314000 246.880005
15473.000000 372.849945 1.314000 246.985001
15481.750000 373.051361 1.314000 247.087997
15488.000000 373.258423 1.314000 247.190002
15493.625000 373.473206 1.314000 247.300003
15505.500000 373.674469 1.433000 247.389999
15511.500000 373.883514 1.433000 247.488998
15518.625000 374.092499 1.433000 247.578995
15526.375000 374.307617 1.433000 247.690002
15535.625000 374.508850 1.433000 247.785004
15542.375000 374.716156 1.433000 247.882996
15547.500000 374.917755 1.433000 247.992996
15552.250000 375.120911 1.433000 248.084000
15555.500000 375.321960 1.433000 248.184006
15561.375000 375.540955 1.433000 248.298004
15565.125000 375.742218 1.433000 248.382996
15569.875000 375.943207 1.433000 248.483002
15574.750000 376.144562 1.433000 248.589005
15580.375000 376.351593 1.433000 248.686005
15606.375000 376.557220 1.427000 248.791000
15613.500000 376.557220 1.427000 248.882996
15621.500000 376.783539 1.427000 248.983002
15628.250000 376.984833 1.427000 249.087997
15633.625000 377.196198 1.427000 249.182999
15641.250000 377.397400 1.427000 249.283005
15645.375000 377.598541 1.427000 249.384003
15654.000000 377.801819 1.427000 249.483002
15663.500000 378.011017 1.427000 249.587997
15669.125000 378.212128 1.427000 249.673996
15676.000000 378.413544 1.427000 249.783005
15680.750000 378.614624 1.427000 249.873001
15688.625000 378.815613 1.427000 249.983002
15697.875000 379.016937 1.355000 250.082993
15703.625000 379.221436 1.355000 250.181000
15709.000000 379.421997 1.355000 250.278000
15712.625000 379.623077 1.355000 250.382996
15716.625000 379.824066 1.355000 250.477997
15724.875000 380.025299 1.355000 250.582993
15729.125000 380.226685 1.355000 250.682999
15733.625000 380.430115 1.355000 250.785004
15737.000000 380.633514 1.355000 250.875000
15740.750000 380.835144 1.355000 250.979996
15745.125000 381.036163 1.355000 251.085007
15749.250000 381.237305 1.355000 251.190002
15753.375000 381.438934 1.355000 251.281006
15758.625000 381.648590 1.355000 251.382004
15762.750000 381.851990 1.530000 251.479996
15767.750000 382.059113 1.530000 251.589005
15770.875000 382.260345 1.530000 251.694000
15774.375000 382.461578 1.530000 251.779999
15779.000000 382.671204 1.530000 251.884995
15782.250000 382.896454 1.530000 251.970001
15787.125000 383.097839 1.530000 252.080002
15790.375000 383.298981 1.530000 252.179993
15795.750000 383.520325 1.530000 252.279999
15800.875000 383.721741 1.530000 252.380005
15807.250000 383.924957 1.530000 252.485001
15814.125000 384.127716 1.530000 252.574997
15821.250000 384.327789 1.530000 252.684998
15826.500000 384.533325 1.383000 252.787003
15833.750000 384.740936 1.383000 252.889999
15840.375000 384.942291 1.383000 252.990005
15847.500000 385.145538 1.383000 253.082001
15852.500000 385.346954 1.383000 253.181000
15854.750000 385.552216 1.383000 253.283005
15858.500000 385.552216 1.383000 253.367996
15864.000000 385.956787 1.383000 253.483994
15869.375000 386.160156 1.383000 253.600006
15872.750000 386.365570 1.383000 253.692001
15876.250000 386.568970 1.383000 253.787994
15891.750000 386.771820 1.383000 253.889008
15896.125000 386.771820 1.383000 253.983994
15899.625000 386.972687 1.383000 254.085007
15903.000000 387.206696 1.419000 254.184006
15907.625000 387.415100 1.419000 254.292999
15913.750000 387.624512 1.419000 254.391998
15917.250000 387.833588 1.419000 254.481995
15920.625000 388.043701 1.419000 254.585999
15925.375000 388.244690 1.419000 254.686005
15930.000000 388.445770 1.419000 254.783997
15934.125000 388.653015 1.419000 254.889008
15937.500000 388.854004 1.419000 254.973999
15943.750000 389.055328 1.419000 255.078995
15949.375000 389.256409 1.419000 255.184006
15953.500000 389.457245 1.419000 255.281006
15958.250000 389.660400 1.419000 255.378998
15960.500000 389.869751 1.419000 255.479004
15968.875000 390.071014 1.331000 255.589005
15973.625000 390.276703 1.331000 255.684998
15976.500000 390.489441 1.331000 255.783997
15980.500000 390.713318 1.331000 255.882004
15982.875000 390.962585 1.331000 255.996002
15986.125000 391.166016 1.331000 256.082001
15989.000000 391.166016 1.331000 256.161987
15992.125000 391.568878 1.331000 256.277008
15997.000000 391.568878 1.331000 256.356995
16000.000000 391.770081 1.331000 256.471985
16004.500000 392.015442 1.331000 256.587006
16007.250000 392.236786 1.331000 256.691010
16011.375000 392.442383 1.331000 256.782990
16016.250000 392.645233 1.331000 256.881989
16039.750000 392.846741 1.430000 256.976990
16045.375000 393.050354 1.430000 257.084015
16051.875000 393.262604 1.430000 257.182007
16055.375000 393.469849 1.430000 257.277008
16060.125000 393.673126 1.430000 257.381989
16063.125000 393.876465 1.430000 257.481995
16066.625000 394.085693 1.430000 257.582001
16069.750000 394.286926 1.430000 257.671997
16072.625000 394.490295 1.430000 257.794006
16075.000000 394.691528 1.430000 257.881989
16078.250000 394.898743 1.430000 257.977997
16083.375000 395.100098 1.430000 258.082001
16087.625000 395.301208 1.430000 258.183990
16090.750000 395.502441 1.430000 258.282013
16097.875000 395.703644 1.489000 258.399994
16100.875000 395.912109 1.489000 258.487000
16105.750000 396.116150 1.489000 258.587006
16108.125000 396.317505 1.489000 258.687012
16110.125000 396.520782 1.489000 258.786987
16112.375000 396.729889 1.489000 258.898010
16114.000000 396.953217 1.489000 258.981995
16116.875000 397.168823 1.489000 259.087006
16118.875000 397.376160 1.489000 259.187012
16123.125000 397.583130 1.489000 259.290985
16127.000000 397.786499 1.489000 259.391998
16130.125000 397.999756 1.489000 259.493011
16133.000000 398.203064 1.489000 259.588989
16134.750000 398.403961 1.489000 259.683990
16138.125000 398.403961 1.489000 259.769012
16158.000000 398.605133 1.572000 259.884003
16161.125000 398.822601 1.572000 259.989014
16164.500000 399.043671 1.572000 260.088989
16168.000000 399.244720 1.572000 260.183990
16170.875000 399.454041 1.572000 260.298004
16173.375000 399.665070 1.572000 260.388000
16177.875000 399.866211 1.572000 260.493011
16184.875000 400.067688 1.572000 260.578003
16187.750000 400.268890 1.572000 260.678986
16192.750000 400.470123 1.572000 260.789001
16196.625000 400.671783 1.572000 260.864014
16202.500000 400.874786 1.572000 260.984009
16223.000000 401.079559 1.572000 261.088989
16229.500000 401.285156 1.572000 261.188995
16233.875000 401.486603 1.572000 261.282013
16238.375000 401.486603 1.661000 261.389008
16242.250000 401.693024 1.661000 261.489014
16248.375000 401.693024 1.661000 261.593994
16252.000000 401.906616 1.661000 261.695007
16254.625000 402.116760 1.661000 261.789001
16257.500000 402.317749 1.661000 261.903015
16267.000000 402.518860 1.661000 262.014008
16269.250000 402.722260 1.661000 262.088989
16271.750000 402.923737 1.661000 262.188995
16274.000000 403.132812 1.661000 262.289001
16275.875000 403.335938 1.661000 262.385986
16278.375000 403.541565 1.661000 262.485992
16280.500000 403.744751 1.661000 262.585999
16282.750000 403.954132 1.661000 262.686005
16285.000000 404.159668 1.661000 262.792999
16290.125000 404.377106 1.543000 262.881012
16291.375000 404.583374 1.543000 262.985992
16293.750000 404.784515 1.543000 263.085999
16295.125000 404.985901 1.543000 263.186005
16297.125000 405.193359 1.543000 263.286011
16298.375000 405.398895 1.543000 263.371002
16299.750000 405.600220 1.543000 263.485992
16301.000000 405.809204 1.543000 263.584991
16302.000000 406.014313 1.543000 263.691986
16303.125000 406.223572 1.543000 263.786011
16305.125000 406.425079 1.543000 263.885986
16330.750000 406.630127 1.543000 263.988007
16333.625000 406.630127 1.543000 264.085999
16335.250000 406.830536 1.543000 264.199005
16336.625000 407.041290 1.543000 264.286011
16340.875000 407.041290 1.537000 264.391998
16342.875000 407.243561 1.537000 264.471008
16344.375000 407.450836 1.537000 264.575989
16346.750000 407.652405 1.537000 264.681000
16348.250000 407.855377 1.537000 264.790009
16350.500000 408.056641 1.537000 264.882996
16351.875000 408.257843 1.537000 264.988007
16354.250000 408.459198 1.537000 265.088013
16357.625000 408.668793 1.537000 265.196991
16359.750000 408.870056 1.537000 265.296997
16364.375000 409.079529 1.537000 265.395996
16366.750000 409.280762 1.537000 265.496002
16369.750000 409.487946 1.537000 265.597992
16373.375000 409.487946 1.537000 265.692993
16375.125000 409.687958 1.537000 265.787994
16397.375000 409.892151 1.530000 265.877991
16400.250000 410.093750 1.530000 265.989990
16402.625000 410.296082 1.530000 266.089996
16404.125000 410.296082 1.530000 266.183014
16405.375000 410.503082 1.530000 266.294006
16406.375000 410.711182 1.530000 266.394012
16407.375000 410.913055 1.530000 266.484009
16408.625000 411.122559 1.530000 266.588013
16409.250000 411.323303 1.530000 266.687988
16410.375000 411.526428 1.530000 266.787994
16412.000000 411.733459 1.530000 266.881012
16412.750000 411.934662 1.530000 266.987000
16414.750000 412.143768 1.530000 267.092987
16416.125000 412.346680 1.530000 267.186005
16417.750000 412.554626 1.526000 267.295013
16419.625000 412.755798 1.526000 267.390015
16421.125000 412.957031 1.526000 267.494995
16423.000000 413.158417 1.526000 267.580994
16424.250000 413.405853 1.526000 267.692993
16426.250000 413.615021 1.526000 267.786011
16428.625000 413.818085 1.526000 267.885986
16430.250000 414.023773 1.526000 267.994995
16432.125000 414.224884 1.526000 268.095001
16434.750000 414.426147 1.526000 268.195007
16436.375000 414.629517 1.526000 268.286011
16439.125000 414.629517 1.526000 268.377014
16440.875000 414.852753 1.095000 268.485992
16443.375000 415.062012 1.095000 268.587006
16446.500000 415.312683 1.095000 268.681000
16448.250000 415.513672 1.095000 268.786011
16449.625000 415.714722 1.095000 268.881012
16451.125000 415.916138 1.095000 268.990997
16452.625000 416.117523 1.095000 269.100006
16454.125000 416.318573 1.095000 269.186005
16456.000000 416.521973 1.095000 269.265991
16458.250000 416.735291 1.095000 269.393005
16460.625000 416.936676 1.095000 269.506012
16464.125000 417.144135 1.095000 269.591003
16467.000000 417.345490 1.075000 269.696014
16468.875000 417.546631 1.075000 269.795990
16470.375000 417.747864 1.075000 269.895996
16471.000000 417.949158 1.075000 269.976013
16472.250000 418.150421 1.075000 270.102997
16474.125000 418.351593 1.075000 270.186005
16477.375000 418.552887 1.075000 270.287994
16479.750000 418.756012 1.075000 270.385986
16481.000000 418.957397 1.075000 270.480988
16483.125000 419.157654 1.075000 270.592010
16484.500000 419.358856 1.075000 270.686005
16485.875000 419.567200 1.075000 270.792999
16487.875000 419.829010 1.075000 270.898010
16489.375000 420.030243 1.075000 270.997986
16491.625000 420.231476 1.333000 271.113007
16493.000000 420.432831 1.333000 271.197998
16493.875000 420.634125 1.333000 271.278015
16496.000000 420.835358 1.333000 271.398010
16498.000000 421.042938 1.333000 271.496002
16499.875000 421.248047 1.333000 271.597992
16501.000000 421.449188 1.333000 271.683014
16502.375000 421.650238 1.333000 271.790009
16504.250000 421.851471 1.333000 271.889008
16505.500000 422.052612 1.333000 271.983002
16506.625000 422.258118 1.333000 272.095001
16508.500000 422.258118 1.333000 272.183014
16510.375000 422.467407 1.333000 272.282990
16511.500000 422.686615 1.333000 272.394012
16516.250000 422.887848 1.253000 272.489014
16517.250000 423.102112 1.253000 272.588013
16518.625000 423.315216 1.253000 272.697998
16521.375000 423.516571 1.253000 272.787994
16523.000000 423.717804 1.253000 272.903015
16525.375000 423.941559 1.253000 272.977997
16527.375000 424.150818 1.253000 273.092987
16529.125000 424.352081 1.253000 273.183014
16530.000000 424.553314 1.253000 273.287994
16532.000000 424.754669 1.253000 273.398010
16533.875000 424.955688 1.253000 273.497009
16535.125000 425.164703 1.253000 273.601990
16536.875000 425.366241 1.253000 273.691986
16538.625000 425.567444 1.253000 273.802002
16540.625000 425.768677 1.271000 273.902008
16543.375000 425.975616 1.271000 273.998993
16544.875000 426.177521 1.271000 274.092987
16545.375000 426.382629 1.271000 274.178009
16546.125000 426.589874 1.271000 274.290009
16546.375000 426.821594 1.271000 274.382996
16547.250000 427.022766 1.271000 274.500000
16550.625000 427.225128 1.271000 274.584991
16551.625000 427.428467 1.271000 274.690002
16553.750000 427.428467 1.271000 274.794006
16556.000000 427.639496 1.271000 274.894012
16556.875000 427.780914 1.271000 274.989014
16557.125000 427.890411 1.271000 275.093994
16558.750000 427.976532 1.322000 275.194000
16559.875000 428.014282 1.322000 275.294006
16560.750000 428.014282 1.322000 275.393005
16561.875000 428.021057 1.322000 275.502991
16562.375000 428.021057 1.322000 275.613007
16563.125000 428.021057 1.322000 275.703003
16568.000000 428.021057 1.322000 275.798004
16568.125000 428.021057 1.322000 275.904999
16568.625000 428.021057 1.322000 275.989014
16569.000000 428.021057 1.322000 276.079010
16569.250000 428.021057 1.322000 276.195007
16569.625000 428.021057 1.322000 276.289001
16569.875000 428.021057 1.322000 276.394012
16570.250000 428.021454 1.203000 276.489014
16570.375000 428.021454 1.203000 276.601013
16570.750000 428.035889 1.203000 276.688995
16570.750000 428.035889 1.203000 276.789001
16570.750000 428.035889 1.203000 276.889008
16571.000000 428.148560 1.203000 276.992004
16571.250000 428.148560 1.203000 277.109009
16571.750000 428.352142 1.203000 277.187012
16571.750000 428.352142 1.203000 277.291992
16572.125000 428.556213 1.203000 277.391998
16572.125000 428.759644 1.203000 277.492004
16572.250000 428.975342 1.203000 277.588989
16572.500000 429.180542 1.203000 277.694000
16574.000000 429.383362 1.136000 277.795013
16574.125000 429.591888 1.136000 277.885010
16574.375000 429.819183 1.136000 277.997986
16574.625000 430.024902 1.136000 278.095001
16574.750000 430.226105 1.136000 278.190002
16575.875000 430.427734 1.136000 278.295013
16576.125000 430.629242 1.136000 278.394989
16576.375000 430.840698 1.136000 278.506012
16577.000000 431.042084 1.136000 278.595001
16577.000000 431.243195 1.136000 278.695007
16577.125000 431.444824 1.136000 278.795013
16577.250000 431.645966 1.136000 278.889008
16579.125000 431.863739 1.141000 279.013000
16579.250000 432.073486 1.141000 279.102997
16579.250000 432.275116 1.141000 279.203003
16579.375000 432.275116 1.141000 279.292999
16579.625000 432.506470 1.141000 279.398010
16579.750000 432.707458 1.141000 279.506012
16579.875000 432.914520 1.141000 279.614990
16580.250000 433.125977 1.141000 279.700012
16580.750000 433.536896 1.141000 279.825012
16580.750000 433.536896 1.141000 279.904999
16580.750000 433.738556 1.141000 280.015991
16580.875000 433.945801 1.141000 280.101013
16581.250000 434.151184 1.141000 280.214996
16582.250000 434.352173 1.064000 280.316010
16582.500000 434.554688 1.064000 280.401001
16582.750000 434.759552 1.064000 280.506012
16582.875000 434.966888 1.064000 280.610992
16582.875000 435.172272 1.064000 280.696014
16583.000000 435.373535 1.064000 280.809998
16583.125000 435.585266 1.064000 280.859985
16583.250000 435.790192 1.064000 281.006989
16583.375000 435.995239 1.064000 281.106995
16583.500000 436.200531 1.064000 281.196991
16583.500000 436.401794 1.064000 281.296997
16584.500000 436.604919 0.986000 281.411011
16584.500000 436.809204 0.986000 281.506989
16584.875000 437.016266 0.986000 281.605988
16584.875000 437.219635 0.986000 281.712006
16585.125000 437.420898 0.986000 281.806000
16585.375000 437.642334 0.986000 281.911011
16585.375000 437.851440 0.986000 282.001007
16585.500000 438.052673 0.986000 282.106995
16585.625000 438.269928 0.986000 282.205994
16586.250000 438.470215 0.986000 282.306000
16593.250000 438.661774 0.986000 282.406006
16593.750000 438.661774 0.986000 282.506012
16595.250000 438.842865 0.986000 282.601990
16599.875000 438.965942 1.196000 282.701996
16600.500000 439.064178 1.196000 282.800995
16601.875000 439.117340 1.196000 282.907013
16602.625000 439.117340 1.196000 282.987000
16602.750000 439.136444 1.196000 283.114014
16607.750000 439.136536 1.196000 283.207001
16608.625000 439.136536 1.196000 283.312012
16609.500000 439.136536 1.196000 283.416992
16610.000000 439.136536 1.196000 283.516998
16610.750000 439.136536 1.196000 283.617004
16611.000000 439.136536 1.196000 283.707001
16611.125000 439.136902 1.196000 283.816986
16611.125000 439.136902 1.175000 283.911987
16611.125000 439.141602 1.175000 284.006989
16611.125000 439.141602 1.175000 284.092010
16611.250000 439.205078 1.175000 284.201996
16611.625000 439.205078 1.175000 284.312988
16611.750000 439.205078 1.175000 284.402008
16611.750000 439.205078 1.175000 284.506989
16611.750000 439.389496 1.175000 284.643005
16612.000000 439.389496 1.175000 284.697998
16612.125000 439.595947 1.175000 284.807007
16612.250000 439.796722 1.175000 284.920013
16612.250000 440.001007 1.175000 285.006989
16612.500000 440.202148 1.175000 285.106995
16612.625000 440.403442 1.208000 285.200012
16612.625000 440.605011 1.208000 285.312988
16612.875000 440.809998 1.208000 285.415009
16613.250000 441.010986 1.208000 285.506989
16613.500000 441.216278 1.208000 285.606995
16613.625000 441.417511 1.208000 285.705994
16613.625000 441.623169 1.208000 285.807007
16613.625000 441.860718 1.208000 285.907990
16613.750000 442.063965 1.208000 286.006989
16613.875000 442.275299 1.208000 286.112000
16613.875000 442.476593 1.208000 286.213013
16614.125000 442.681458 1.208000 286.315002
16614.125000 442.882843 1.208000 286.410004
16615.250000 443.083099 1.146000 286.515015
16615.625000 443.287964 1.146000 286.608002
16615.750000 443.495300 1.146000 286.717987
16615.750000 443.698486 1.146000 286.808014
16615.750000 443.899841 1.146000 286.903992
16615.750000 444.109100 1.146000 287.007996
16615.875000 444.310089 1.146000 287.113007
16615.875000 444.511200 1.146000 287.208008
16616.250000 444.716827 1.146000 287.309998
16616.250000 444.716827 1.146000 287.404999
16616.250000 444.940063 1.146000 287.506012
16616.375000 445.161377 1.146000 287.605011
16616.750000 445.372559 1.147000 287.704987
16616.750000 445.578949 1.147000 287.806000
16616.750000 445.779968 1.147000 287.904999
16617.125000 445.981232 1.147000 288.006012
16617.125000 446.212677 1.147000 288.105011
16617.625000 446.413849 1.147000 288.208008
16617.625000 446.614868 1.147000 288.295990
16617.625000 446.816254 1.147000 288.420013
16617.625000 447.021667 1.147000 288.505005
16617.625000 447.228912 1.147000 288.614990
16618.125000 447.430420 1.147000 288.720001
16618.250000 447.631531 1.147000 288.815002
16618.250000 447.842926 1.122000 288.915009
16618.625000 448.044312 1.122000 289.015015
16618.625000 448.245453 1.122000 289.114990
16621.875000 448.454315 1.122000 289.210999
16621.875000 448.656982 1.122000 289.311005
16622.125000 448.862762 1.122000 289.404999
16622.250000 449.064514 1.122000 289.505005
16622.250000 449.266113 1.122000 289.614990
16622.375000 449.466858 1.122000 289.714996
16622.500000 449.668213 1.122000 289.812012
16622.625000 449.869385 1.122000 289.904999
16622.875000 450.071045 1.122000 290.006989
16624.375000 450.272522 1.122000 290.108002
16630.375000 450.481140 1.122000 290.213989
16630.875000 450.691376 1.122000 290.320007
16631.500000 450.896393 1.122000 290.407990
16632.000000 451.099396 1.122000 290.505005
16632.625000 451.306519 1.122000 290.605988
16633.375000 451.306519 1.122000 290.704987
16633.750000 451.535767 1.122000 290.809998
16634.250000 451.747101 1.122000 290.904999
16634.625000 451.948059 1.122000 291.005005
16634.625000 452.159576 1.122000 291.084991
16635.000000 452.361115 1.122000 291.195007
16635.250000 452.603271 1.122000 291.320007
16636.500000 452.804657 1.122000 291.417999
16637.000000 453.005615 1.185000 291.510010
16637.625000 453.209930 1.185000 291.610992
16638.000000 453.416016 1.185000 291.704987
16638.375000 453.617065 1.185000 291.817993
16638.750000 453.824493 1.185000 291.910004
16639.000000 454.037506 1.185000 292.010986
16639.250000 454.244812 1.185000 292.109985
16639.250000 454.452332 1.185000 292.191010
16639.500000 454.653625 1.185000 292.309998
16639.500000 454.854980 1.185000 292.410004
16639.875000 455.056274 1.185000 292.510010
16640.250000 455.257446 1.185000 292.614990
16642.000000 455.458954 1.054000 292.709991
16642.250000 455.685303 1.054000 292.809998
16643.125000 455.886536 1.054000 292.910004
16643.250000 456.090088 1.054000 293.006012
16643.625000 456.292969 1.054000 293.112000
16644.000000 456.496368 1.054000 293.213013
16644.375000 456.496368 1.054000 293.290985
16646.000000 456.909149 1.054000 293.411011
16647.125000 457.111969 1.054000 293.514008
16648.250000 457.312988 1.054000 293.610992
16649.500000 457.518097 1.054000 293.710999
16650.500000 457.518097 1.054000 293.787994
16657.125000 457.919769 1.096000 293.920990
16658.000000 458.124176 1.096000 294.010986
16659.750000 458.327301 1.096000 294.112000
16661.625000 458.530487 1.096000 294.210999
16664.375000 458.530487 1.096000 294.295990
16666.625000 458.740204 1.096000 294.407013
16672.625000 458.959473 1.096000 294.510986
16678.000000 459.160980 1.096000 294.615997
16683.875000 459.422913 1.096000 294.710999
16692.875000 459.627808 1.096000 294.811005
16703.750000 459.835175 1.096000 294.911011
16710.500000 460.036072 1.096000 294.985992
16719.000000 460.245361 1.083000 295.088989
16727.375000 460.454742 1.083000 295.220001
16732.375000 460.655945 1.083000 295.303986
16737.875000 460.858551 1.083000 295.408997
16741.750000 461.063629 1.083000 295.510986
16745.250000 461.063629 1.083000 295.609009
16748.500000 461.270752 1.083000 295.688995
16750.125000 461.270752 1.083000 295.790009
16755.000000 461.270752 1.083000 295.910004
16760.250000 461.471710 1.083000 296.009003
16771.000000 461.507446 1.083000 296.109009
16780.125000 461.512390 1.083000 296.184998
16784.875000 461.512390 1.083000 296.309998
16786.500000 461.512390 1.075000 296.390015
16788.250000 461.512390 1.075000 296.515991
16788.625000 461.512390 1.075000 296.622009
16789.875000 461.512390 1.075000 296.712006
16790.750000 461.512390 1.075000 296.786987
16793.000000 461.735962 1.075000 296.889008
16796.875000 461.939911 1.075000 296.992004
16803.250000 461.939911 1.075000 297.087006
16808.250000 462.142975 1.075000 297.187988
16810.875000 462.256470 1.075000 297.283997
16812.375000 462.256470 1.075000 297.393005
16814.000000 462.461395 1.075000 297.493011
16817.125000 462.461395 1.075000 297.588989
16821.375000 462.694885 1.113000 297.700989
16823.625000 462.903290 1.113000 297.787994
16827.625000 463.110901 1.113000 297.888000
16831.875000 463.312195 1.113000 297.993988
16836.125000 463.513306 1.113000 298.088013
16839.875000 463.714661 1.113000 298.187988
16845.250000 463.917969 1.113000 298.287994
16849.125000 464.126556 1.113000 298.389008
16854.375000 464.327545 1.113000 298.493011
16859.500000 464.528534 1.113000 298.583008
16863.625000 464.729919 1.113000 298.687988
16869.000000 464.931335 1.113000 298.789001
16875.000000 465.136536 1.034000 298.888000
16879.875000 465.339905 1.034000 298.997986
16885.875000 465.541107 1.034000 299.092987
16889.375000 465.541107 1.034000 299.191986
16893.750000 465.742279 1.034000 299.287994
16900.125000 465.943146 1.034000 299.388000
16906.125000 466.349670 1.034000 299.494995
16913.000000 466.349670 1.034000 299.585999
16917.500000 466.583221 1.034000 299.696991
16922.250000 466.784607 1.034000 299.781006
16929.500000 466.986359 1.034000 299.891998
16935.125000 467.189423 1.034000 299.985992
16940.375000 467.402283 1.034000 300.085999
16945.250000 467.603363 1.072000 300.175995
16951.250000 467.831177 1.072000 300.295990
16956.250000 468.032410 1.072000 300.390991
16961.750000 468.235779 1.072000 300.488007
16966.375000 468.445129 1.072000 300.585999
16972.875000 468.646820 1.072000 300.700989
16978.250000 468.853455 1.072000 300.800995
16984.125000 469.060974 1.072000 300.903015
16992.000000 469.060974 1.072000 300.993011
17000.000000 469.264069 1.072000 301.097992
17005.500000 469.417664 1.072000 301.196014
17010.375000 469.417664 1.072000 301.290985
17013.875000 469.553528 1.072000 301.390991
17021.250000 469.553528 1.151000 301.490997
17024.625000 469.661987 1.151000 301.592987
17028.625000 469.661987 1.151000 301.682007
17031.625000 469.661987 1.151000 301.776001
17033.375000 469.868042 1.151000 301.881012
17036.750000 470.068909 1.151000 301.980988
17040.125000 470.274597 1.151000 302.080994
17045.875000 470.481934 1.151000 302.191010
17051.000000 470.481934 1.151000 302.282013
17054.625000 470.685303 1.151000 302.381012
17057.250000 470.930786 1.151000 302.498993
17061.375000 471.142120 1.151000 302.584991
17065.875000 471.345184 1.151000 302.681000
17075.000000 471.546478 1.233000 302.779999
17080.250000 471.756287 1.233000 302.875000
17082.375000 471.957489 1.233000 302.964996
17085.625000 472.158752 1.233000 303.070007
17090.000000 472.366028 1.233000 303.174988
17093.500000 472.573120 1.233000 303.279999
17096.625000 472.782501 1.233000 303.398010
17101.500000 472.989838 1.233000 303.488007
17104.750000 473.190582 1.233000 303.588013
17106.875000 473.391968 1.233000 303.687988
17110.875000 473.593231 1.233000 303.787994
17113.375000 473.794495 1.233000 303.882996
17115.000000 473.995880 1.233000 303.988007
17125.000000 474.196747 1.043000 304.088013
17127.625000 474.420013 1.043000 304.170013
17131.625000 474.636414 1.043000 304.279999
17137.625000 474.841797 1.043000 304.365997
17139.250000 475.048828 1.043000 304.479004
17141.625000 475.258545 1.043000 304.579010
17145.500000 475.459778 1.043000 304.678986
17149.250000 475.660828 1.043000 304.783997
17151.625000 475.862793 1.043000 304.873993
17159.625000 476.052917 1.043000 304.993988
17162.625000 476.052917 1.043000 305.084015
17164.625000 476.210236 1.043000 305.188995
17166.750000 476.210236 0.999000 305.283997
17167.250000 476.412872 0.999000 305.384003
17168.250000 476.412872 0.999000 305.485992
17168.875000 476.412872 0.999000 305.584015
17170.125000 476.621307 0.999000 305.669006
17171.875000 476.827301 0.999000 305.786987
17173.000000 476.827301 0.999000 305.884003
17175.625000 477.029114 0.999000 305.989014
17177.000000 477.263733 0.999000 306.101013
17178.375000 477.474945 0.999000 306.178986
17181.000000 477.680237 0.999000 306.290009
17181.750000 477.881348 0.999000 306.373993
17184.000000 478.082764 0.999000 306.484009
17188.375000 478.283783 1.043000 306.563995
17189.125000 478.484283 1.043000 306.670013
17191.625000 478.702942 1.043000 306.785004
17194.125000 478.904724 1.043000 306.876007
17195.750000 479.114532 1.043000 306.994995
17199.000000 479.315765 1.043000 307.095001
17200.875000 479.315765 1.043000 307.170013
17203.750000 479.732605 1.043000 307.282013
17206.750000 479.732605 1.043000 307.365997
17209.750000 480.135132 1.043000 307.516998
17214.000000 480.340485 1.043000 307.588013
17218.125000 480.548065 1.043000 307.687012
17229.375000 480.548065 0.985000 307.772003
17234.375000 480.757080 0.985000 307.886993
17237.750000 480.975830 0.985000 307.987000
17244.375000 481.177216 0.985000 308.076996
17248.625000 481.382721 0.985000 308.182007
17253.000000 481.803131 0.985000 308.312988
17257.750000 481.803131 0.985000 308.386993
17264.125000 482.006439 0.985000 308.492004
17269.750000 482.215668 0.985000 308.602997
17277.875000 482.416748 0.985000 308.692993
17283.750000 482.617615 0.985000 308.777008
17289.625000 482.827057 0.985000 308.897003
17295.000000 483.030487 0.958000 308.973999
17303.625000 483.230988 0.958000 309.097992
17308.250000 483.439850 0.958000 309.203003
17313.125000 483.641357 0.958000 309.291992
17319.875000 483.842712 0.958000 309.398010
17325.875000 484.052307 0.958000 309.506989
17332.250000 484.259979 0.958000 309.600006
17338.500000 484.461121 0.958000 309.679993
17345.125000 484.668335 0.958000 309.791992
17351.125000 484.877350 0.958000 309.888000
17355.625000 485.079926 0.958000 309.993011
17363.125000 485.285553 0.958000 310.092987
17368.375000 485.492615 0.982000 310.192993
17373.375000 485.703064 0.982000 310.273010
17378.500000 485.906158 0.982000 310.393005
17381.750000 486.145264 0.982000 310.493011
17387.125000 486.346558 0.982000 310.604004
17390.625000 486.547821 0.982000 310.692993
17396.000000 486.749023 0.982000 310.778015
17400.625000 486.950531 0.982000 310.893005
17405.125000 487.155731 0.982000 310.993011
17410.875000 487.362793 0.982000 311.092987
17415.625000 487.362793 0.982000 311.167999
17421.750000 487.765442 0.982000 311.287994
17429.750000 487.968658 0.982000 311.382996
17443.375000 488.184021 0.959000 311.506012
17451.500000 488.384399 0.959000 311.597992
17456.875000 488.591888 0.959000 311.695007
17463.500000 488.794952 0.959000 311.791992
17467.250000 488.998169 0.959000 311.906006
17471.750000 488.998169 0.959000 311.997009
17477.000000 489.208099 0.959000 312.078003
17481.000000 489.411957 0.959000 312.191986
17489.500000 489.411957 0.959000 312.276001
17496.375000 489.562225 0.959000 312.377991
17500.250000 489.562225 0.959000 312.505005
17502.625000 489.562225 0.959000 312.604004
17521.375000 489.765045 0.926000 312.729004
17525.625000 489.765045 0.926000 312.798004
17530.000000 489.965332 0.926000 312.882996
17534.875000 490.190948 0.926000 312.993011
17542.875000 490.398895 0.926000 313.097992
17549.125000 490.607239 0.926000 313.208008
17552.625000 490.607239 0.926000 313.286011
17555.875000 490.824280 0.926000 313.403015
17559.500000 491.039917 0.926000 313.489014
17561.750000 491.243011 0.926000 313.597992
17565.000000 491.452148 0.926000 313.678009
17568.625000 491.655182 0.926000 313.794006
17575.500000 491.856201 0.905000 313.903992
17580.750000 492.057190 0.905000 314.006012
17586.000000 492.258148 0.905000 314.091003
17592.750000 492.464996 0.905000 314.204010
17600.250000 492.668915 0.905000 314.298004
17604.375000 492.868378 0.905000 314.394989
17608.875000 492.868378 0.905000 314.497986
17626.250000 493.074005 0.905000 314.592987
17636.125000 493.237427 0.905000 314.703003
17642.625000 493.371033 0.905000 314.799988
17650.625000 493.472351 0.905000 314.894989
17657.375000 493.472351 0.862000 315.000000
17660.500000 493.580811 0.862000 315.101013
17666.750000 493.580811 0.862000 315.170013
17672.625000 493.588593 0.862000 315.281006
17677.875000 493.588593 0.862000 315.404999
17682.875000 493.588593 0.862000 315.472992
17691.250000 493.588593 0.862000 315.597992
17694.625000 493.588593 0.862000 315.708008
17698.375000 493.588593 0.862000 315.799011
17701.250000 493.588593 0.862000 315.898987
17703.875000 493.588593 0.862000 316.006012
17707.625000 493.588837 0.862000 316.085999
17713.250000 493.588837 0.963000 316.205994
17723.250000 493.588837 0.963000 316.306000
17724.875000 493.588837 0.963000 316.394012
17726.250000 493.588837 0.963000 316.514008
17728.000000 493.632477 0.963000 316.598999
17729.250000 493.632477 0.963000 316.697998
17732.250000 493.632477 0.963000 316.808990
17732.750000 493.834473 0.963000 316.920990
17757.250000 493.834473 0.963000 316.997009
17770.500000 494.016632 0.963000 317.096008
17781.375000 494.070801 0.963000 317.186005
17786.000000 494.093231 0.963000 317.295990
17792.250000 494.093231 0.937000 317.401001
17795.500000 494.093872 0.937000 317.496002
17799.375000 494.093872 0.937000 317.601990
17802.125000 494.093872 0.937000 317.726013
17822.375000 494.093872 0.937000 317.803986
17826.250000 494.093872 0.937000 317.895996
17834.875000 494.093872 0.937000 317.996002
17837.750000 494.093872 0.937000 318.096008
17846.375000 494.093872 0.937000 318.196991
17850.000000 494.093872 0.937000 318.306000
17851.250000 494.093872 0.937000 318.395996
17852.125000 494.093872 0.937000 318.501007
17854.750000 494.098083 0.903000 318.596008
17861.500000 494.098083 0.903000 318.704987
17865.250000 494.110352 0.903000 318.795013
17867.375000 494.110352 0.903000 318.910004
17868.250000 494.110352 0.903000 319.013000
17868.875000 494.233673 0.903000 319.085999
17869.750000 494.233673 0.903000 319.208008
17872.500000 494.439270 0.903000 319.302002
17874.000000 494.439270 0.903000 319.401001
17875.375000 494.650360 0.903000 319.507996
17877.125000 494.852753 0.903000 319.613007
17879.125000 495.061737 0.903000 319.708008
17887.875000 495.271454 0.967000 319.781006
17891.750000 495.490753 0.967000 319.885986
17897.125000 495.695801 0.967000 320.003998
17900.875000 495.918610 0.967000 320.098999
17904.000000 496.119843 0.967000 320.183990
17906.125000 496.331177 0.967000 320.303986
17907.500000 496.532318 0.967000 320.389008
17909.250000 496.733521 0.967000 320.503998
17910.750000 496.934662 0.967000 320.584015
17912.875000 497.135773 0.967000 320.696014
17915.750000 497.337036 0.967000 320.804993
17917.875000 497.540131 0.967000 320.899994
17924.250000 497.747711 0.906000 321.003998
17928.375000 497.950104 0.906000 321.098999
17932.000000 498.151398 0.906000 321.204010
17935.875000 498.352386 0.906000 321.303986
17937.125000 498.556030 0.906000 321.394989
17939.625000 498.763702 0.906000 321.502991
17941.250000 498.965210 0.906000 321.608002
17943.625000 499.166565 0.906000 321.713013
17945.875000 499.367798 0.906000 321.808014
17948.125000 499.367798 0.906000 321.893005
17950.250000 499.589172 0.906000 321.998993
17952.250000 499.995758 0.906000 322.109985
17958.125000 499.995758 0.951000 322.204987
17961.500000 500.239532 0.951000 322.300995
17963.125000 500.447388 0.951000 322.410004
17965.625000 500.654633 0.951000 322.501007
17967.500000 500.861969 0.951000 322.600006
17970.125000 501.071320 0.951000 322.709991
17971.875000 501.272064 0.951000 322.804993
17973.500000 501.475403 0.951000 322.885010
17978.750000 501.682831 0.951000 323.005005
17987.000000 501.909912 0.951000 323.100006
17992.500000 502.074768 0.951000 323.213989
17997.000000 502.074768 0.951000 323.294006
18005.125000 502.211182 0.913000 323.404999
18010.000000 502.313812 0.913000 323.510986
18016.125000 502.378876 0.913000 323.596008
18019.000000 502.414093 0.913000 323.696991
18023.000000 502.418854 0.913000 323.812012
18025.500000 502.418854 0.913000 323.904999
18027.000000 502.418854 0.913000 323.990997
18029.625000 502.418854 0.913000 324.105011
18032.250000 502.418854 0.913000 324.179993
18034.375000 502.418854 0.913000 324.304993
18037.500000 502.418854 0.913000 324.404999
18040.000000 502.418854 0.913000 324.505005
18044.500000 502.419861 0.920000 324.600006
18046.625000 502.419861 0.920000 324.704987
18048.875000 502.419861 0.920000 324.800995
18050.625000 502.444305 0.920000 324.902008
18053.125000 502.444305 0.920000 325.015015
18054.875000 502.444305 0.920000 325.113007
18055.625000 502.614838 0.920000 325.200989
18056.375000 502.614838 0.920000 325.302002
18058.875000 502.820038 0.920000 325.391998
18061.375000 503.024384 0.920000 325.496002
18062.875000 503.225433 0.920000 325.610992
18064.000000 503.434174 0.871000 325.709991
18065.750000 503.634430 0.871000 325.809998
18067.625000 503.634430 0.871000 325.899994
18069.875000 504.045166 0.871000 326.019012
18071.125000 504.045166 0.871000 326.104004
18071.875000 504.246155 0.871000 326.204987
18072.750000 504.473694 0.871000 326.298004
18073.625000 504.675171 0.871000 326.406006
18076.500000 504.880493 0.871000 326.496002
18077.875000 505.087982 0.871000 326.601013
18079.500000 505.289368 0.871000 326.705994
18081.375000 505.504608 0.871000 326.794006
18082.875000 505.705811 0.871000 326.881012
18084.875000 505.911255 0.954000 326.998993
18085.625000 506.112091 0.954000 327.104004
18087.625000 506.313019 0.954000 327.199005
18088.000000 506.514374 0.954000 327.303986
18089.125000 506.715637 0.954000 327.403992
18090.125000 506.916840 0.954000 327.489014
18091.000000 507.117920 0.954000 327.604004
18092.625000 507.323364 0.954000 327.705994
18093.250000 507.530609 0.954000 327.786011
18094.000000 507.735779 0.954000 327.894989
18094.875000 507.936890 0.954000 328.005005
18096.250000 508.146515 0.954000 328.100006
18111.625000 508.356689 0.869000 328.210999
18112.250000 508.563782 0.869000 328.311005
18114.125000 508.783813 0.869000 328.401001
18116.875000 509.005127 0.869000 328.510986
18117.125000 509.230377 0.869000 328.622986
18117.625000 509.439850 0.869000 328.712006
18118.125000 509.439850 0.869000 328.804993
18120.000000 509.647247 0.869000 328.882996
18122.750000 509.862366 0.869000 329.000000
18124.125000 510.044037 0.869000 329.106995
18127.500000 510.189941 0.869000 329.191986
18128.125000 510.303589 0.869000 329.308990
18129.375000 510.392761 0.869000 329.407013
18130.750000 510.441071 0.978000 329.502014
18132.375000 510.441071 0.978000 329.596985
18132.875000 510.456268 0.978000 329.700989
18135.500000 510.456268 0.978000 329.806000
18137.125000 510.456268 0.978000 329.881012
18138.250000 510.456268 0.978000 330.013000
18140.000000 510.456268 0.978000 330.101013
18142.125000 510.456268 0.978000 330.200989
18143.750000 510.456268 0.978000 330.299988
18147.500000 510.456268 0.978000 330.415985
18148.750000 510.458160 0.978000 330.506012
18149.625000 510.458160 0.978000 330.605988
18150.500000 510.472473 0.912000 330.701996
18150.750000 510.472473 0.912000 330.816010
18151.750000 510.472473 0.912000 330.907013
18152.000000 510.472473 0.912000 331.003998
18152.500000 510.611511 0.912000 331.115997
18153.750000 510.611511 0.912000 331.200989
18154.250000 510.814819 0.912000 331.312988
18154.500000 511.019196 0.912000 331.390991
18155.750000 511.232056 0.912000 331.506012
18157.000000 511.436584 0.912000 331.604004
18158.000000 511.637909 0.912000 331.707001
18159.000000 511.839233 0.912000 331.795990
18159.875000 512.055237 0.912000 331.903015
18165.625000 512.256287 0.981000 332.002991
18166.250000 512.464600 0.981000 332.102997
18167.625000 512.665894 0.981000 332.203003
18168.250000 512.665894 0.981000 332.282990
18168.625000 513.078979 0.981000 332.403992
18169.125000 513.280396 0.981000 332.493011
18169.250000 513.481873 0.981000 332.602997
18169.500000 513.683105 0.981000 332.703003
18170.000000 513.884705 0.981000 332.808014
18170.625000 514.087952 0.981000 332.898010
18171.625000 514.289429 0.981000 333.009003
18173.375000 514.499084 0.981000 333.097992
18173.500000 514.700439 0.981000 333.213013
18176.000000 514.700439 1.038000 333.295013
18177.125000 515.106873 1.038000 333.404999
18179.375000 515.313721 1.038000 333.513000
18180.625000 515.522949 1.038000 333.612000
18181.875000 515.522949 1.038000 333.707001
18182.750000 515.758057 1.038000 333.807007
18183.000000 515.967285 1.038000 333.920990
18183.250000 516.184937 1.038000 334.015991
18183.750000 516.386292 1.038000 334.100006
18184.500000 516.595215 1.038000 334.204987
18185.750000 516.796143 1.038000 334.295013
18185.875000 517.005310 1.038000 334.416992
18186.250000 517.206482 0.969000 334.498993
18186.750000 517.407837 0.969000 334.609985
18187.125000 517.609314 0.969000 334.704010
18187.500000 517.810669 0.969000 334.794006
18188.000000 518.011963 0.969000 334.912994
18188.625000 518.220825 0.969000 335.023010
18189.625000 518.422058 0.969000 335.113007
18190.000000 518.622925 0.969000 335.205994
18191.000000 518.824158 0.969000 335.303009
18192.000000 519.025269 0.969000 335.403015
18193.625000 519.226440 0.969000 335.503998
18194.750000 519.427429 0.969000 335.605011
18196.000000 519.632751 0.969000 335.709991
18202.750000 519.833984 0.907000 335.803009
18207.375000 520.038879 0.907000 335.910004
18210.250000 520.241699 0.907000 336.007996
18212.125000 520.449402 0.907000 336.097992
18213.250000 520.689270 0.907000 336.217010
18214.500000 520.891907 0.907000 336.298004
18215.500000 521.101135 0.907000 336.407013
18219.500000 521.308533 0.907000 336.515015
18223.875000 521.509521 0.907000 336.614990
18226.875000 521.714783 0.907000 336.707001
18230.750000 521.916260 0.907000 336.807007
18234.250000 522.117188 0.907000 336.902008
18238.375000 522.324585 0.909000 337.002014
18243.500000 522.525330 0.909000 337.106995
18248.375000 522.525330 0.909000 337.197998
18252.000000 522.947021 0.909000 337.316986
18254.250000 522.947021 0.909000 337.411987
18255.750000 523.178284 0.909000 337.516998
18257.750000 523.379639 0.909000 337.612000
18262.250000 523.591248 0.909000 337.712006
18264.875000 523.792480 0.909000 337.816986
18269.125000 524.005737 0.909000 337.902008
18271.750000 524.215027 0.909000 338.006989
18275.500000 524.426392 0.909000 338.106995
18279.250000 524.628052 0.992000 338.207001
18281.625000 524.828979 0.992000 338.307007
18284.375000 525.030396 0.992000 338.391998
18297.500000 525.231812 0.992000 338.487000
18301.750000 525.441467 0.992000 338.615997
18304.375000 525.642944 0.992000 338.705994
18306.250000 525.844421 0.992000 338.806000
18309.125000 526.045532 0.992000 338.910004
18311.625000 526.251099 0.992000 339.023010
18314.125000 526.452454 0.992000 339.113007
18316.750000 526.660156 0.992000 339.216003
18320.625000 526.861511 0.992000 339.316010
18324.500000 527.064880 0.992000 339.407013
18327.250000 527.266174 0.955000 339.490997
18329.625000 527.475281 0.955000 339.613007
18333.875000 527.676636 0.955000 339.705994
18338.375000 527.877930 0.955000 339.811005
18341.375000 528.079041 0.955000 339.912994
18345.000000 528.284424 0.955000 340.013000
18350.625000 528.485779 0.955000 340.095001
18361.375000 528.708862 0.955000 340.203003
18366.625000 528.708862 0.955000 340.290985
18370.000000 528.922058 0.955000 340.407013
18375.500000 529.126770 0.955000 340.502014
18378.500000 529.126770 0.955000 340.613007
18381.750000 529.329956 0.955000 340.705994
18390.125000 529.329956 1.001000 340.782013
18392.250000 529.531128 1.001000 340.906006
18396.375000 529.732666 1.001000 341.006012
18399.875000 529.958191 1.001000 341.105988
18403.125000 530.189087 1.001000 341.216003
18407.250000 530.398254 1.001000 341.321991
18410.625000 530.599548 1.001000 341.406006
18414.375000 530.802673 1.001000 341.506989
18419.500000 530.802673 1.001000 341.605988
18423.875000 531.044189 1.001000 341.686005
18427.500000 531.275391 1.001000 341.807007
18431.750000 531.484497 1.001000 341.915009
18434.750000 531.685730 1.002000 342.006012
18438.000000 531.888733 1.002000 342.101990
18441.375000 532.104309 1.002000 342.210999
18442.625000 532.313843 1.002000 342.283997
18445.500000 532.514709 1.002000 342.406006
18457.875000 532.719666 1.002000 342.509003
18462.000000 532.927429 1.002000 342.613007
18465.000000 533.128784 1.002000 342.713013
18466.625000 533.330017 1.002000 342.815002
18468.125000 533.539368 1.002000 342.904999
18470.375000 533.745789 1.002000 343.005005
18472.625000 533.950806 1.002000 343.105988
18474.125000 534.185852 1.002000 343.204987
18487.125000 534.388733 0.982000 343.309998
18491.375000 534.593567 0.982000 343.404999
18494.500000 534.795044 0.982000 343.506012
18498.000000 535.004028 0.982000 343.604004
18499.500000 535.205261 0.982000 343.713989
18501.375000 535.406616 0.982000 343.813995
18503.750000 535.608093 0.982000 343.919006
18505.875000 535.809448 0.982000 344.014008
18508.875000 536.010925 0.982000 344.118988
18511.125000 536.212280 0.982000 344.218994
18514.000000 536.413635 0.982000 344.319000
18518.000000 536.614868 0.982000 344.419006
18521.625000 536.816223 0.982000 344.509003
18529.125000 537.020752 0.963000 344.623993
18531.375000 537.230347 0.963000 344.733002
18536.625000 537.230347 0.963000 344.812988
18539.750000 537.443481 0.963000 344.919006
18542.000000 537.674988 0.963000 345.009003
18552.000000 537.876099 0.963000 345.118011
18554.375000 538.085144 0.963000 345.220001
18558.750000 538.286133 0.963000 345.317993
18563.625000 538.489746 0.963000 345.412994
18567.750000 538.699219 0.963000 345.513000
18571.000000 538.904175 0.963000 345.618988
18576.000000 539.105469 0.963000 345.720001
18586.000000 539.312439 0.968000 345.813995
18590.125000 539.516235 0.968000 345.912994
18593.750000 539.717041 0.968000 346.019012
18597.000000 539.918335 0.968000 346.108002
18600.125000 540.119568 0.968000 346.218994
18604.250000 540.322205 0.968000 346.317993
18610.375000 540.523621 0.968000 346.414001
18616.000000 540.733215 0.968000 346.513000
18620.000000 540.934326 0.968000 346.613007
18621.500000 541.137573 0.968000 346.713013
18623.125000 541.340576 0.968000 346.822998
18625.500000 541.557373 0.968000 346.923004
18628.375000 541.758667 0.968000 347.013000
18635.125000 541.961609 1.112000 347.136993
18638.500000 542.165588 1.112000 347.218994
18646.000000 542.371887 1.112000 347.319000
18648.500000 542.578979 1.112000 347.414001
18651.625000 542.779968 1.112000 347.515015
18653.000000 542.995178 1.112000 347.621002
18657.875000 543.202209 1.112000 347.713989
18660.375000 543.405273 1.112000 347.804993
18663.750000 543.614624 1.112000 347.914001
18666.500000 543.815857 1.112000 348.009003
18669.250000 544.025208 1.112000 348.114014
18671.375000 544.025208 1.112000 348.194000
18673.375000 544.439453 1.112000 348.329010
18678.000000 544.439453 1.112000 348.407990
18687.750000 544.648071 1.096000 348.523010
18691.500000 544.861023 1.096000 348.622986
18694.125000 545.092834 1.096000 348.721008
18696.875000 545.294434 1.096000 348.800995
18698.750000 545.495667 1.096000 348.915985
18702.000000 545.696716 1.096000 349.020996
18705.250000 545.897949 1.096000 349.121002
18706.625000 546.099182 1.096000 349.216003
18708.750000 546.305847 1.096000 349.319000
18709.500000 546.506958 1.096000 349.415009
18711.000000 546.708435 1.096000 349.502991
18712.250000 546.921936 0.971000 349.613007
18714.875000 547.122864 0.971000 349.717987
18717.375000 547.330078 0.971000 349.821991
18718.500000 547.539124 0.971000 349.921997
18719.750000 547.740234 0.971000 350.027008
18722.000000 547.941345 0.971000 350.117004
18724.750000 548.142578 0.971000 350.207001
18726.750000 548.352234 0.971000 350.311005
18727.375000 548.553223 0.971000 350.416992
18729.125000 548.756958 0.971000 350.516998
18732.250000 548.958374 0.971000 350.601990
18733.750000 549.167603 0.971000 350.705994
18735.125000 549.370728 0.971000 350.812012
18736.625000 549.574097 1.028000 350.911987
18737.625000 549.782654 1.028000 351.016998
18740.875000 549.993469 1.028000 351.117004
18742.250000 550.210754 1.028000 351.217010
18743.750000 550.412048 1.028000 351.315002
18745.375000 550.633728 1.028000 351.424988
18747.500000 550.836975 1.028000 351.520996
18749.750000 551.040527 1.028000 351.614990
18752.875000 551.245300 1.028000 351.729004
18754.250000 551.452393 1.028000 351.812012
18758.250000 551.657410 1.028000 351.924011
18762.625000 551.657410 1.028000 352.006989
18764.375000 551.864868 1.028000 352.112000
18771.750000 552.106323 0.982000 352.213013
18773.875000 552.309998 0.982000 352.312012
18777.125000 552.512268 0.982000 352.416992
18779.500000 552.713684 0.982000 352.516998
18780.750000 552.920898 0.982000 352.582001
18782.750000 553.125977 0.982000 352.691010
18783.500000 553.331421 0.982000 352.790985
18787.875000 553.566833 0.982000 352.928009
18791.750000 553.791870 0.982000 353.027008
18795.125000 553.989380 0.982000 353.112000
18800.500000 554.153809 0.982000 353.217010
18805.875000 554.153809 0.982000 353.282990
18810.500000 554.284485 0.991000 353.412994
18814.125000 554.284485 0.991000 353.515991
18820.125000 554.447998 0.991000 353.615997
18822.500000 554.481934 0.991000 353.721008
18824.125000 554.481934 0.991000 353.776001
18828.000000 554.486572 0.991000 353.897003
18830.750000 554.486572 0.991000 353.989990
18872.375000 554.486572 0.991000 354.096008
18877.750000 554.486572 0.991000 354.200989
18880.625000 554.486572 0.991000 354.300995
18881.750000 554.486572 0.991000 354.399994
18883.000000 554.486572 0.991000 354.494995
18887.000000 554.486572 0.962000 354.595001
18887.625000 554.489563 0.962000 354.695007
18888.750000 554.489563 0.962000 354.799988
18889.625000 554.489563 0.962000 354.899994
18890.625000 554.508789 0.962000 354.988007
18891.875000 554.508789 0.962000 355.088989
18892.875000 554.508789 0.962000 355.191010
18893.375000 554.508789 0.962000 355.289001
18894.125000 554.653503 0.962000 355.384003
18894.500000 554.653503 0.962000 355.492004
18895.125000 554.870300 0.962000 355.596008
18895.250000 555.077087 0.962000 355.686005
18895.750000 555.282471 0.962000 355.795990
18907.000000 555.487732 1.014000 355.901001
18908.000000 555.697571 1.014000 355.989014
18908.500000 555.697571 1.014000 356.074005
18908.625000 555.940979 1.014000 356.178986
18912.875000 556.149902 1.014000 356.283997
18913.250000 556.354919 1.014000 356.378998
18913.375000 556.555603 1.014000 356.493988
18916.625000 556.761475 1.014000 356.574005
18920.875000 556.967346 1.014000 356.678986
18931.500000 557.136292 1.014000 356.783997
18934.875000 557.280396 1.014000 356.880005
18943.125000 557.386902 0.913000 356.980988
18946.250000 557.386902 0.913000 357.066986
18948.750000 557.470154 0.913000 357.177002
18953.000000 557.505371 0.913000 357.282013
18955.375000 557.510681 0.913000 357.377014
18963.375000 557.510681 0.913000 357.476990
18968.000000 557.510681 0.913000 357.584991
18968.125000 557.510681 0.913000 357.679993
18968.750000 557.510681 0.913000 357.778015
18969.125000 557.510681 0.913000 357.871002
18969.625000 557.510681 0.913000 357.972992
18970.625000 557.521729 0.913000 358.078003
18971.375000 557.521729 0.913000 358.182007
18973.625000 557.521729 0.999000 358.286011
18974.125000 557.521729 0.999000 358.377991
18974.375000 557.521729 0.999000 358.477997
18974.875000 557.596741 0.999000 358.578003
18974.875000 557.596741 0.999000 358.678009
18974.875000 557.596741 0.999000 358.778015
18976.000000 557.705017 0.999000 358.877991
18977.000000 557.705017 0.999000 358.977997
18978.375000 557.705017 0.999000 359.078003
18978.375000 557.910339 0.999000 359.178009
18979.375000 558.115967 0.999000 359.278015
18979.875000 558.115967 0.961000 359.385010
18980.000000 558.367676 0.961000 359.484985
18980.750000 558.575317 0.961000 359.580994
18981.875000 558.786194 0.961000 359.684998
18982.750000 558.987183 0.961000 359.778015
18983.875000 559.188171 0.961000 359.881012
18984.375000 559.389343 0.961000 359.980011
18985.125000 559.594971 0.961000 360.065002
18986.000000 559.802368 0.961000 360.184998
18986.625000 560.004150 0.961000 360.279999
18988.000000 560.205017 0.961000 360.380005
18989.375000 560.406189 0.961000 360.480011
18990.500000 560.607422 0.961000 360.579987
19007.750000 560.808655 0.951000 360.679993
19009.750000 561.010681 0.951000 360.779999
19011.375000 561.224854 0.951000 360.886993
19013.375000 561.426086 0.951000 360.997009
19014.500000 561.627319 0.951000 361.087006
19016.125000 561.828674 0.951000 361.187012
19017.000000 562.035950 0.951000 361.260986
19018.625000 562.265564 0.951000 361.381012
19019.875000 562.468750 0.951000 361.480011
19021.250000 562.669861 0.951000 361.579987
19022.750000 562.879456 0.951000 361.688995
19025.000000 563.084839 0.951000 361.786011
19029.125000 563.293884 0.923000 361.902008
19030.875000 563.500488 0.923000 361.988007
19032.000000 563.701233 0.923000 362.084991
19033.750000 563.906372 0.923000 362.179993
19035.000000 564.107483 0.923000 362.279999
19036.250000 564.107483 0.923000 362.377991
19037.875000 564.341553 0.923000 362.493011
19039.125000 564.586731 0.923000 362.579010
19042.750000 564.789734 0.923000 362.683014
19044.875000 564.991333 0.923000 362.765015
19045.625000 565.200500 0.923000 362.882996
19047.250000 565.405640 0.923000 362.989990
19048.375000 565.612915 0.923000 363.083008
19049.875000 565.816345 0.969000 363.191010
19050.875000 566.021362 0.969000 363.290985
19051.875000 566.222656 0.969000 363.377991
19053.500000 566.428101 0.969000 363.489014
19054.750000 566.631348 0.969000 363.583008
19056.250000 566.840576 0.969000 363.683014
19057.625000 567.043579 0.969000 363.782990
19059.625000 567.252808 0.969000 363.885010
19062.000000 567.453979 0.969000 363.983002
19063.250000 567.654968 0.969000 364.084015
19064.750000 567.858887 0.969000 364.188995
19065.750000 568.059875 0.969000 364.289001
19066.500000 568.260864 0.967000 364.378998
19068.750000 568.495056 0.967000 364.484009
19070.250000 568.706360 0.967000 364.588989
19071.125000 568.907898 0.967000 364.684998
19072.750000 569.119507 0.967000 364.778992
19074.250000 569.320374 0.967000 364.889008
19076.250000 569.521606 0.967000 364.984985
19077.750000 569.722717 0.967000 365.084991
19079.625000 569.924133 0.967000 365.183990
19081.750000 570.132874 0.967000 365.287994
19083.625000 570.334106 0.967000 365.384003
19085.500000 570.534973 0.967000 365.483002
19087.125000 570.534973 0.967000 365.576996
19089.500000 570.807373 1.051000 365.678009
19090.750000 571.028870 1.051000 365.782990
19091.500000 571.230103 1.051000 365.888000
19092.625000 571.430786 1.051000 365.983002
19093.750000 571.631958 1.051000 366.083008
19094.500000 571.843079 1.051000 366.183014
19096.125000 572.044434 1.051000 366.282990
19097.500000 572.245667 1.051000 366.386993
19098.375000 572.452393 1.051000 366.480988
19099.875000 572.653870 1.051000 366.585999
19100.750000 572.855286 1.051000 366.686005
19102.125000 573.056885 1.051000 366.781006
19103.500000 573.258301 1.017000 366.877014
19105.750000 573.466614 1.017000 366.981995
19107.750000 573.668030 1.017000 367.085999
19109.000000 573.869324 1.017000 367.181000
19110.500000 574.070129 1.017000 367.281006
19112.125000 574.270996 1.017000 367.385986
19113.250000 574.476257 1.017000 367.480988
19114.500000 574.683411 1.017000 367.583008
19116.000000 574.884705 1.017000 367.686005
19117.750000 575.096008 1.017000 367.790985
19118.375000 575.297241 1.017000 367.890991
19119.125000 575.502502 1.017000 367.985992
19123.375000 575.729858 0.952000 368.080994
19126.250000 575.932861 0.952000 368.190002
19128.250000 576.137085 0.952000 368.289001
19129.125000 576.137085 0.952000 368.381012
19130.375000 576.351074 0.952000 368.485992
19131.875000 576.592834 0.952000 368.571014
19133.500000 576.794128 0.952000 368.681000
19135.625000 576.995361 0.952000 368.782013
19138.250000 577.196594 0.952000 368.881012
19139.125000 577.397888 0.952000 368.980988
19140.250000 577.601135 0.952000 369.080994
19141.125000 577.806458 0.952000 369.181000
19142.125000 578.012024 0.952000 369.281006
19159.500000 578.213379 1.010000 369.385986
19161.375000 578.415710 1.010000 369.476013
19163.250000 578.622070 1.010000 369.580994
19163.750000 578.823242 1.010000 369.686005
19164.500000 579.024170 1.010000 369.786011
19166.125000 579.225342 1.010000 369.885986
19166.625000 579.426514 1.010000 369.990997
19168.250000 579.627441 1.010000 370.085999
19169.375000 579.840515 1.010000 370.186005
19170.000000 580.049866 1.010000 370.281006
19171.500000 580.251343 1.010000 370.385986
19172.250000 580.452454 1.010000 370.480988
19179.125000 580.653503 1.023000 370.585999
19181.625000 580.857361 1.023000 370.675995
19183.750000 581.057861 1.023000 370.786011
19185.000000 581.259338 1.023000 370.885986
19186.500000 581.460388 1.023000 370.980988
19188.250000 581.663513 1.023000 371.092010
19189.500000 581.872986 1.023000 371.196014
19190.625000 582.080322 1.023000 371.269012
19191.375000 582.303589 1.023000 371.377014
19192.375000 582.518250 1.023000 371.487000
19193.625000 582.723572 1.023000 371.588013
19194.375000 582.930969 0.936000 371.677002
19196.000000 583.131775 0.936000 371.786987
19197.000000 583.333008 0.936000 371.886993
19197.750000 583.534241 0.936000 371.987000
19199.250000 583.735779 0.936000 372.082001
19200.250000 583.939026 0.936000 372.192993
19201.375000 583.939026 0.936000 372.266998
19203.000000 584.353088 0.936000 372.389008
19204.250000 584.560242 0.936000 372.487000
19205.875000 584.761536 0.936000 372.587006
19208.000000 584.962769 0.936000 372.687012
19209.750000 585.164185 0.936000 372.791992
19212.500000 585.372009 0.906000 372.895996
19214.500000 585.577515 0.906000 372.996002
19216.500000 585.778748 0.906000 373.096008
19217.125000 585.778748 0.906000 373.181000
19218.625000 585.983887 0.906000 373.291992
19219.750000 586.225464 0.906000 373.377014
19220.375000 586.426575 0.906000 373.487000
19226.250000 586.640076 0.906000 373.588989
19228.875000 586.847351 0.906000 373.682007
19231.125000 587.052734 0.906000 373.787994
19231.875000 587.260071 0.906000 373.886993
19233.500000 587.461304 0.906000 373.976990
19239.625000 587.662659 0.982000 374.093994
19241.125000 587.867737 0.982000 374.194000
19242.625000 588.076660 0.982000 374.286987
19245.750000 588.280457 0.982000 374.394012
19247.625000 588.481812 0.982000 374.479004
19249.250000 588.683533 0.982000 374.596985
19250.000000 588.891113 0.982000 374.683990
19251.625000 589.092651 0.982000 374.794006
19254.000000 589.297485 0.982000 374.898987
19256.000000 589.498596 0.982000 374.998993
19258.125000 589.700195 0.982000 375.098999
19259.750000 589.901062 0.982000 375.175995
19261.125000 590.106506 0.982000 375.295990
19271.250000 590.308105 1.059000 375.395996
19273.375000 590.514282 1.059000 375.484009
19275.750000 590.716431 1.059000 375.579010
19276.875000 590.919861 1.059000 375.683990
19278.125000 591.120728 1.059000 375.783997
19278.875000 591.321777 1.059000 375.889008
19279.750000 591.523438 1.059000 375.984985
19282.000000 591.726685 1.059000 376.084015
19284.875000 591.935669 1.059000 376.178986
19287.750000 592.137329 1.059000 376.289001
19289.000000 592.338806 1.059000 376.385010
19289.750000 592.548218 0.939000 376.484009
19290.625000 592.754822 0.939000 376.596008
19292.125000 592.962158 0.939000 376.683990
19293.250000 593.165833 0.939000 376.785004
19293.500000 593.165833 0.939000 376.884003
19293.625000 593.410828 0.939000 376.973999
19293.875000 593.632141 0.939000 377.084015
19294.375000 593.839844 0.939000 377.186005
19294.875000 594.043701 0.939000 377.276001
19295.250000 594.244995 0.939000 377.385986
19296.000000 594.446228 0.939000 377.492004
19297.875000 594.649475 0.939000 377.585999
19299.125000 594.859009 0.913000 377.691986
19300.125000 595.062317 0.913000 377.790985
19301.500000 595.271545 0.913000 377.895996
19302.250000 595.473083 0.913000 377.990997
19302.750000 595.674133 0.913000 378.091003
19302.875000 595.881226 0.913000 378.188995
19303.500000 596.082581 0.913000 378.308990
19306.750000 596.301331 0.913000 378.394012
19307.375000 596.301331 0.913000 378.492004
19307.750000 596.486267 0.913000 378.585999
19308.625000 596.486267 0.913000 378.691010
19310.125000 596.647278 0.960000 378.790985
19310.375000 596.647278 0.960000 378.885986
19310.750000 596.847656 0.960000 378.992004
19311.500000 597.051331 0.960000 379.097992
19311.625000 597.051331 0.960000 379.200989
19311.750000 597.256897 0.960000 379.281006
19312.000000 597.465759 0.960000 379.385986
19312.500000 597.665894 0.960000 379.498993
19319.000000 597.870483 0.960000 379.588989
19323.125000 598.042969 0.960000 379.691010
19324.250000 598.182983 0.960000 379.786011
19325.250000 598.291382 0.960000 379.890991
19330.000000 598.367126 0.980000 380.015015
19332.375000 598.367126 0.980000 380.089996
19335.250000 598.414795 0.980000 380.200012
19339.250000 598.424927 0.980000 380.300995
19340.500000 598.424927 0.980000 380.397003
19341.250000 598.424927 0.980000 380.480988
19342.000000 598.424927 0.980000 380.596008
19347.125000 598.424927 0.980000 380.692993
19349.125000 598.424927 0.980000 380.790985
19351.875000 598.424927 0.980000 380.891998
19353.375000 598.424927 0.980000 380.992004
19353.875000 598.424927 0.916000 381.087006
19354.500000 598.424927 0.916000 381.200012
19356.375000 598.424927 0.916000 381.299988
19357.875000 598.424927 0.916000 381.391998
19357.875000 598.424927 0.916000 381.492004
19357.875000 598.424927 0.916000 381.579987
19358.250000 598.428040 0.916000 381.700012
19358.750000 598.428040 0.916000 381.785004
19359.500000 598.428040 0.916000 381.899994
19359.625000 598.471558 0.916000 381.981995
19359.625000 598.471558 0.916000 382.092010
19360.250000 598.553284 0.916000 382.196991
19361.125000 598.553284 0.940000 382.296997
19361.500000 598.553284 0.940000 382.403992
19361.750000 598.763672 0.940000 382.493988
19362.125000 598.763672 0.940000 382.598999
19362.625000 598.968018 0.940000 382.699005
19363.000000 599.190369 0.940000 382.800995
19364.250000 599.393921 0.940000 382.898987
19364.875000 599.595337 0.940000 382.993988
19367.375000 599.796448 0.940000 383.098999
19367.875000 600.011475 0.940000 383.205994
19368.250000 600.212708 0.940000 383.306000
19369.875000 600.417419 0.937000 383.398987
19371.000000 600.417419 0.937000 383.489014
19372.250000 600.622131 0.937000 383.589996
19373.500000 600.837158 0.937000 383.696991
19375.125000 601.044250 0.937000 383.799011
19375.625000 601.249512 0.937000 383.898987
19376.375000 601.450867 0.937000 383.998993
19376.750000 601.664246 0.937000 384.100006
19377.500000 601.873718 0.937000 384.200012
19379.000000 602.077087 0.937000 384.299011
19380.000000 602.278076 0.937000 384.398987
19381.125000 602.487183 0.937000 384.498993
19388.250000 602.688416 1.029000 384.605988
19389.375000 602.894043 1.029000 384.700989
19390.500000 603.101257 1.029000 384.808990
19391.625000 603.302368 1.029000 384.889008
19393.000000 603.513367 1.029000 385.003998
19393.500000 603.714478 1.029000 385.109009
19395.750000 603.915466 1.029000 385.209015
19397.875000 604.116821 1.029000 385.308990
19400.750000 604.318665 1.029000 385.403992
19405.000000 604.519897 1.029000 385.509003
19410.500000 604.721008 1.029000 385.606995
19419.500000 604.927917 0.894000 385.700012
19425.125000 605.134155 0.894000 385.799011
19431.500000 605.336487 0.894000 385.899994
19437.250000 605.537659 0.894000 386.001007
19440.875000 605.738953 0.894000 386.079987
19446.000000 605.940369 0.894000 386.190002
19455.000000 606.141602 0.894000 386.299988
19461.250000 606.342834 0.894000 386.394989
19467.500000 606.543945 0.894000 386.501007
19472.000000 606.745178 0.894000 386.600006
19479.875000 606.946289 0.894000 386.684998
19491.375000 607.155884 0.919000 386.795013
19505.125000 607.391296 0.919000 386.908997
19512.500000 607.391296 0.919000 387.000000
19521.875000 607.604553 0.919000 387.109985
19530.125000 607.810913 0.919000 387.195007
19545.125000 608.015747 0.919000 387.307007
19552.000000 608.221252 0.919000 387.399994
19558.750000 608.428467 0.919000 387.500000
19566.125000 608.630005 0.919000 387.600006
19573.250000 608.831238 0.919000 387.700012
19580.750000 609.032593 0.919000 387.785004
19587.750000 609.247681 0.919000 387.893005
19593.250000 609.450562 0.977000 387.983002
19598.625000 609.655273 0.977000 388.100006
19606.625000 609.864624 0.977000 388.199005
19611.250000 610.065857 0.977000 388.298004
19616.875000 610.274963 0.977000 388.398010
19622.625000 610.475952 0.977000 388.493011
19628.500000 610.677307 0.977000 388.602997
19632.750000 610.878723 0.977000 388.703003
19638.875000 611.083862 0.977000 388.799011
19651.625000 611.280273 0.977000 388.898010
19655.750000 611.448669 0.977000 389.013000
19658.625000 611.584106 0.977000 389.097992
19659.375000 611.684509 0.942000 389.204987
19663.250000 611.684509 0.942000 389.298004
19665.375000 611.760986 0.942000 389.403015
19669.625000 611.794678 0.942000 389.497986
19672.875000 611.799072 0.942000 389.628998
19672.875000 611.799072 0.942000 389.704010
19673.875000 611.799072 0.942000 389.806000
19675.750000 611.799072 0.942000 389.901001
19676.250000 611.799072 0.942000 389.996002
19677.125000 611.799072 0.942000 390.075989
19679.000000 611.799072 0.942000 390.186005
19680.500000 611.799072 0.942000 390.295990
19682.625000 611.799072 0.956000 390.406006
19683.125000 611.799072 0.956000 390.501007
19684.125000 611.799072 0.956000 390.591003
19684.375000 611.799072 0.956000 390.700989
19684.875000 611.799316 0.956000 390.795990
19685.250000 611.799316 0.956000 390.895996
19685.500000 611.799316 0.956000 391.001007
19685.625000 611.799316 0.956000 391.096008
19685.625000 611.799316 0.956000 391.200989
19686.000000 612.002930 0.956000 391.295990
19688.000000 612.206543 0.956000 391.398010
19690.750000 612.206543 0.956000 391.501007
19697.250000 612.409546 0.894000 391.596008
19699.625000 612.609985 0.894000 391.701996
19701.375000 612.810669 0.894000 391.806000
19703.000000 612.810669 0.894000 391.894989
19706.250000 613.038757 0.894000 392.005005
19711.000000 613.243958 0.894000 392.100006
19715.625000 613.449097 0.894000 392.200012
19718.750000 613.657837 0.894000 392.299988
19724.000000 613.860962 0.894000 392.404999
19728.750000 614.076233 0.894000 392.500000
19734.375000 614.283508 0.894000 392.584991
19742.250000 614.484619 0.894000 392.700012
19753.625000 614.484619 0.922000 392.779999
19759.500000 614.737305 0.922000 392.885986
19768.625000 614.938171 0.922000 392.990997
19774.250000 615.139221 0.922000 393.101013
19779.750000 615.370789 0.922000 393.200989
19786.625000 615.572021 0.922000 393.300995
19791.625000 615.785522 0.922000 393.398010
19802.250000 615.988525 0.922000 393.502014
19809.125000 616.191956 0.922000 393.602997
19813.625000 616.401184 0.922000 393.697998
19823.375000 616.616455 0.922000 393.799988
19830.375000 616.825623 0.952000 393.898010
19839.375000 617.034302 0.952000 394.000000
19846.250000 617.235046 0.952000 394.097992
19853.625000 617.436646 0.952000 394.204987
19861.250000 617.642090 0.952000 394.304993
19867.375000 617.849426 0.952000 394.398010
19877.500000 618.058533 0.952000 394.502014
19888.875000 618.260010 0.952000 394.601990
19898.875000 618.461975 0.952000 394.677002
19910.125000 618.691528 0.952000 394.803009
19919.625000 618.898743 0.952000 394.902008
19929.750000 619.107849 0.952000 394.997009
19941.125000 619.309265 0.952000 395.101990
19953.500000 619.510498 1.022000 395.201996
19964.875000 619.711121 1.022000 395.302002
19974.250000 619.912415 1.022000 395.397003
19981.625000 620.113647 1.022000 395.502014
19989.000000 620.314819 1.022000 395.602997
19996.250000 620.516235 1.022000 395.696991
20005.750000 620.717346 1.022000 395.807007
20018.625000 620.928955 1.022000 395.907013
20028.500000 621.136658 1.022000 396.005005
20039.375000 621.337952 1.022000 396.101990
20046.125000 621.543579 1.022000 396.207001
20056.000000 621.744873 1.022000 396.302002
20066.625000 621.946289 1.022000 396.397003
20079.125000 622.147400 1.156000 396.506989
20090.750000 622.357239 1.156000 396.606995
20098.250000 622.558228 1.156000 396.712006
20109.750000 622.759460 1.156000 396.807007
20119.250000 622.960693 1.156000 396.911987
20129.125000 623.161926 1.156000 397.016998
20139.375000 623.363159 1.156000 397.106995
20148.875000 623.564392 1.156000 397.212006
20155.875000 623.564392 1.156000 397.289001
20169.875000 623.770264 1.156000 397.401001
20178.125000 623.983582 1.156000 397.489014
20191.000000 624.200989 1.156000 397.604004
20199.875000 624.445984 1.156000 397.699005
20212.500000 624.655212 1.156000 397.799011
20229.125000 624.858459 1.186000 397.898987
20240.625000 625.065430 1.186000 397.980011
20252.125000 625.276978 1.186000 398.098999
20261.625000 625.480286 1.186000 398.209991
20273.375000 625.687866 1.186000 398.299988
20282.625000 625.890869 1.186000 398.398987
20294.125000 626.099792 1.186000 398.498993
20305.500000 626.321167 1.186000 398.600006
20316.625000 626.522278 1.186000 398.699005
20327.875000 626.723755 1.186000 398.802002
20337.625000 626.941467 1.186000 398.907013
20348.500000 627.147095 1.186000 399.003998
20359.500000 627.350769 1.186000 399.100006
20368.500000 627.558289 1.186000 399.199005
20401.500000 627.760376 1.349000 399.302002
20413.500000 627.967834 1.349000 399.398987
20425.375000 628.170837 1.349000 399.500000
20435.500000 628.170837 1.349000 399.598999
20442.000000 628.436462 1.349000 399.699005
20451.000000 628.645874 1.349000 399.803986
20459.125000 628.853394 1.349000 399.898987
20468.250000 629.054932 1.349000 399.998993
20475.250000 629.258423 1.349000 400.104004
20482.750000 629.467773 1.349000 400.199005
20493.000000 629.677368 1.349000 400.304993
20503.375000 629.880615 1.349000 400.399994
20512.250000 630.081726 1.349000 400.498993
20519.500000 630.282715 1.349000 400.588989
20528.000000 630.483643 1.302000 400.699005
20543.000000 630.684509 1.302000 400.802002
20552.875000 630.885254 1.302000 400.899994
20560.500000 631.093140 1.302000 401.005005
20567.750000 631.296509 1.302000 401.105011
20574.000000 631.296509 1.302000 401.201996
20579.125000 631.503174 1.302000 401.302002
20583.500000 631.503174 1.302000 401.407013
20585.375000 631.707397 1.302000 401.507996
20588.000000 631.707397 1.302000 401.608002
20613.500000 631.707397 1.302000 401.713013
20621.500000 631.815430 1.302000 401.812988
20624.250000 631.815430 1.302000 401.908997
20643.000000 631.815430 1.302000 402.009003
20643.375000 631.815430 1.302000 402.104004
20654.000000 631.815430 1.357000 402.204010
20684.500000 631.815430 1.357000 402.300995
20700.875000 631.815430 1.357000 402.398010
20703.375000 631.815430 1.357000 402.503998
20707.625000 631.815430 1.357000 402.598999
20718.250000 631.815430 1.357000 402.709015
20719.250000 631.815430 1.357000 402.799988
20719.750000 631.815430 1.357000 402.899994
20720.375000 631.815552 1.357000 403.014008
20721.375000 631.815552 1.357000 403.104004
20722.000000 631.815552 1.357000 403.200012
20723.250000 631.842590 1.357000 403.299988
20724.125000 631.842590 1.357000 403.399994
20724.500000 631.918396 1.357000 403.500000
20745.625000 631.918396 1.263000 403.608002
20746.000000 631.918396 1.263000 403.717987
20747.250000 632.120911 1.263000 403.817993
20748.750000 632.120911 1.263000 403.894989
20750.125000 632.326050 1.263000 404.010010
20752.500000 632.326050 1.263000 404.109985
20754.875000 632.530518 1.263000 404.209991
20758.000000 632.734924 1.263000 404.313995
20760.125000 632.944031 1.263000 404.414001
20763.625000 633.153320 1.263000 404.502014
20767.625000 633.364746 1.263000 404.608002
20770.625000 633.566040 1.263000 404.708008
20773.500000 633.769226 1.263000 404.812988
20778.750000 633.969971 1.156000 404.908997
20780.750000 634.179810 1.156000 405.014008
20782.875000 634.389038 1.156000 405.114990
20784.375000 634.590393 1.156000 405.213013
20785.625000 634.791565 1.156000 405.308014
20788.125000 634.992798 1.156000 405.414001
20789.500000 635.205811 1.156000 405.507996
20791.250000 635.406982 1.156000 405.613007
20792.750000 635.616394 1.156000 405.708008
20794.375000 635.817444 1.156000 405.816010
20795.875000 636.024780 1.156000 405.920990
20796.625000 636.234253 1.156000 406.013000
20798.625000 636.441040 1.156000 406.113007
20800.250000 636.644165 1.156000 406.194000
20805.250000 636.879700 1.167000 406.308014
20806.250000 637.082031 1.167000 406.407990
20807.250000 637.283020 1.167000 406.509003
20808.625000 637.492126 1.167000 406.612000
20810.375000 637.701538 1.167000 406.712006
20812.500000 637.908447 1.167000 406.812012
20813.125000 638.113708 1.167000 406.921997
20814.500000 638.317078 1.167000 407.018005
20815.750000 638.525879 1.167000 407.112000
20817.250000 638.727173 1.167000 407.212006
20817.750000 638.928406 1.167000 407.312012
20819.250000 639.129395 1.167000 407.411987
20820.875000 639.330933 1.167000 407.519012
20822.250000 639.330933 1.171000 407.600006
20823.375000 639.588623 1.171000 407.738007
20824.500000 639.795837 1.171000 407.804993
20825.000000 640.001099 1.171000 407.910004
20826.125000 640.204712 1.171000 407.989990
20826.375000 640.414246 1.171000 408.100006
20827.250000 640.615479 1.171000 408.204987
20827.875000 640.817139 1.171000 408.315002
20828.625000 641.018250 1.171000 408.410004
20829.250000 641.223450 1.171000 408.515015
20831.875000 641.426880 1.171000 408.621002
20832.500000 641.632446 1.171000 408.725006
20832.750000 641.833801 1.171000 408.825012
20833.750000 642.035156 1.171000 408.920013
20836.250000 642.236511 1.172000 409.024994
20836.625000 642.446472 1.172000 409.119995
20838.625000 642.647827 1.172000 409.214996
20839.625000 642.848938 1.172000 409.325012
20840.125000 643.050171 1.172000 409.424988
20840.500000 643.251282 1.172000 409.524994
20841.000000 643.452393 1.172000 409.619995
20841.750000 643.653503 1.172000 409.700012
20842.250000 643.854919 1.172000 409.815002
20843.375000 644.056152 1.172000 409.920013
20843.750000 644.257263 1.172000 410.024994
20844.750000 644.458374 1.172000 410.121002
20845.250000 644.659729 1.172000 410.214996
20847.625000 644.861633 1.152000 410.304993
20848.375000 645.071350 1.152000 410.415009
20849.000000 645.272583 1.152000 410.505005
20849.375000 645.473328 1.152000 410.614990
20849.750000 645.674438 1.152000 410.714996
20850.125000 645.875793 1.152000 410.795013
20850.750000 646.076782 1.152000 410.912994
20851.000000 646.278137 1.152000 411.010010
20851.875000 646.479492 1.152000 411.114990
20852.375000 646.685242 1.152000 411.214996
20857.875000 646.889282 1.152000 411.315002
20858.875000 647.097839 1.152000 411.410004
20859.750000 647.097839 1.152000 411.515015
20860.250000 647.340393 1.152000 411.614990
20865.250000 647.546631 1.169000 411.709991
20866.375000 647.752136 1.169000 411.815002
20867.125000 647.973022 1.169000 411.915009
20868.000000 648.179016 1.169000 412.013000
20869.125000 648.381775 1.169000 412.098999
20870.375000 648.582642 1.169000 412.243988
20870.625000 648.783813 1.169000 412.313995
20872.125000 648.984863 1.169000 412.408997
20872.875000 649.186096 1.169000 412.503998
20874.000000 649.387512 1.169000 412.614014
20875.625000 649.590698 1.169000 412.713989
20876.250000 649.590698 1.169000 412.794006
20876.750000 649.797302 1.169000 412.898987
20877.000000 649.998840 1.142000 413.014008
20877.000000 649.998840 1.142000 413.109009
20877.375000 649.998840 1.142000 413.213989
20877.750000 650.216003 1.142000 413.308990
20877.875000 650.216003 1.142000 413.408997
20878.125000 650.417603 1.142000 413.514008
20878.875000 650.417603 1.142000 413.610992
20879.375000 650.625916 1.142000 413.696014
20880.250000 650.826843 1.142000 413.816010
20880.500000 651.030823 1.142000 413.915985
20881.000000 651.232056 1.142000 414.015991
20881.375000 651.433044 1.142000 414.115997
20881.375000 651.634216 1.142000 414.216003
20883.250000 651.835388 1.130000 414.316010
20883.625000 652.036926 1.130000 414.411011
20885.000000 652.237427 1.130000 414.515991
20886.125000 652.438599 1.130000 414.621002
20887.125000 652.639893 1.130000 414.716003
20887.625000 652.843262 1.130000 414.812012
20888.000000 653.052612 1.130000 414.915985
20888.625000 653.253845 1.130000 415.015991
20888.875000 653.475281 1.130000 415.101013
20889.625000 653.694519 1.130000 415.205994
20891.250000 653.911682 1.130000 415.316010
20892.625000 654.119080 1.130000 415.401001
20894.000000 654.322388 1.130000 415.511993
20902.250000 654.530884 1.166000 415.615997
20903.500000 654.735107 1.166000 415.721008
20904.875000 654.735107 1.166000 415.806000
20904.875000 654.956543 1.166000 415.915985
20906.000000 655.204163 1.166000 416.014008
20906.500000 655.405396 1.166000 416.123993
20907.375000 655.606628 1.166000 416.209015
20907.875000 655.807861 1.166000 416.312988
20908.750000 656.017334 1.166000 416.412994
20909.375000 656.218628 1.166000 416.526001
20909.750000 656.426208 1.166000 416.602997
20910.375000 656.626953 1.166000 416.713989
20911.250000 656.834290 1.166000 416.803986
20912.000000 657.035767 1.166000 416.914001
20913.125000 657.235901 1.173000 417.009003
20914.000000 657.443481 1.173000 417.114014
20914.625000 657.650085 1.173000 417.213989
20915.500000 657.859436 1.173000 417.313995
20916.625000 657.859436 1.173000 417.384003
20917.500000 658.265381 1.173000 417.515991
20918.250000 658.466858 1.173000 417.621002
20918.375000 658.674072 1.173000 417.716003
20919.375000 658.674072 1.173000 417.789001
20919.750000 659.080505 1.173000 417.914001
20920.625000 659.297791 1.173000 418.039001
20922.375000 659.297791 1.173000 418.114990
20923.375000 659.539185 1.173000 418.213989
20929.500000 659.740601 1.180000 418.315002
20930.125000 659.945068 1.180000 418.415009
20930.875000 660.145325 1.180000 418.514008
20931.500000 660.346313 1.180000 418.614014
20931.875000 660.547607 1.180000 418.709015
20932.750000 660.748901 1.180000 418.820007
20933.625000 660.960693 1.180000 418.899994
20934.125000 661.161926 1.180000 419.014008
20935.750000 661.363708 1.180000 419.100006
20937.500000 661.566772 1.180000 419.188995
20940.500000 661.776428 1.180000 419.321014
20941.000000 661.982056 1.180000 419.414001
20942.125000 662.189392 1.180000 419.515015
20943.250000 662.390930 1.142000 419.614014
20944.000000 662.592590 1.142000 419.714996
20945.625000 662.795227 1.142000 419.813995
20946.500000 663.004272 1.142000 419.914001
20947.875000 663.205566 1.142000 420.019012
20949.000000 663.406799 1.142000 420.114014
20950.625000 663.609924 1.142000 420.213989
20952.250000 663.853760 1.142000 420.311005
20955.250000 664.065125 1.142000 420.415985
20956.500000 664.272461 1.142000 420.514008
20959.000000 664.473572 1.142000 420.615997
20961.875000 664.676514 1.142000 420.720001
20964.250000 664.676514 1.142000 420.789001
20967.000000 665.095215 1.121000 420.919006
20970.375000 665.095215 1.121000 421.003998
20973.375000 665.321655 1.121000 421.118988
20976.625000 665.564636 1.121000 421.216003
20981.875000 665.767944 1.121000 421.312012
20985.250000 665.969238 1.121000 421.425995
20991.000000 666.176575 1.121000 421.513000
20997.250000 666.377563 1.121000 421.622986
21012.000000 666.581970 1.121000 421.700989
21027.875000 666.788086 1.121000 421.816010
21045.375000 666.957153 1.121000 421.925995
21058.625000 667.108215 1.121000 422.022003
21066.250000 667.108215 1.121000 422.105988
21079.000000 667.217407 1.131000 422.216003
21085.750000 667.217407 1.131000 422.325989
21094.125000 667.330688 1.131000 422.406006
21094.500000 667.335205 1.131000 422.515991
21101.250000 667.335205 1.131000 422.601013
21106.750000 667.335205 1.131000 422.718994
21111.250000 667.335205 1.131000 422.821014
21116.375000 667.335205 1.131000 422.911987
21119.000000 667.335205 1.131000 423.015991
21123.875000 667.335205 1.131000 423.105988
21126.750000 667.335205 1.131000 423.216003
21129.375000 667.335205 1.131000 423.316986
21131.125000 667.335205 1.131000 423.415985
21132.375000 667.358032 1.131000 423.490997
21138.625000 667.358032 1.207000 423.613007
21140.750000 667.358032 1.207000 423.683014
21142.125000 667.358032 1.207000 423.803986
21144.625000 667.415894 1.207000 423.907990
21146.875000 667.415894 1.207000 424.028015
21148.000000 667.415894 1.207000 424.118988
21149.000000 667.628418 1.207000 424.208008
21149.375000 667.628418 1.207000 424.317993
21149.875000 667.831665 1.207000 424.388000
21150.250000 668.036865 1.207000 424.518005
21150.625000 668.266968 1.207000 424.618011
21150.750000 668.468079 1.207000 424.708008
21151.000000 668.671509 1.207000 424.820007
21156.250000 668.890808 1.142000 424.933014
21156.500000 668.890808 1.142000 424.994995
21157.625000 669.100098 1.142000 425.108002
21158.125000 669.335205 1.142000 425.218994
21158.250000 669.544678 1.142000 425.312988
21158.500000 669.754395 1.142000 425.428009
21158.500000 669.955627 1.142000 425.513000
21158.500000 670.156860 1.142000 425.632996
21158.625000 670.358093 1.142000 425.727997
21158.625000 670.559448 1.142000 425.828003
21158.750000 670.760803 1.142000 425.917999
21158.750000 670.961914 1.142000 426.028015
21158.750000 671.163025 1.142000 426.143005
21158.750000 671.364014 1.151000 426.213989
21158.875000 671.567139 1.151000 426.303986
21158.875000 671.778503 1.151000 426.419006
21158.875000 671.987793 1.151000 426.514008
21158.875000 672.189087 1.151000 426.602997
21159.375000 672.390442 1.151000 426.725006
21159.375000 672.595703 1.151000 426.804993
21159.375000 672.796936 1.151000 426.924988
21159.500000 672.998230 1.151000 427.018005
21159.625000 673.205627 1.151000 427.114990
21159.750000 673.410217 1.151000 427.214996
21160.000000 673.651489 1.151000 427.311005
21160.125000 673.852600 1.151000 427.394989
21160.250000 674.063843 1.151000 427.515015
21160.750000 674.265076 1.151000 427.600006
21161.750000 674.474304 1.219000 427.720001
21162.125000 674.676636 1.219000 427.825989
21162.375000 674.877747 1.219000 427.920013
21162.375000 674.877747 1.219000 428.000000
21162.625000 675.300476 1.219000 428.125000
21162.750000 675.300476 1.219000 428.209991
21162.750000 675.525940 1.219000 428.320007
21163.250000 675.733215 1.219000 428.397003
21163.500000 675.948425 1.219000 428.527008
21163.500000 676.151855 1.219000 428.614990
21163.625000 676.356873 1.219000 428.725006
21163.875000 676.557800 1.219000 428.813995
21164.000000 676.760803 1.219000 428.906006
21164.125000 676.972595 1.170000 429.019012
21165.000000 677.179260 1.170000 429.128998
21165.750000 677.380798 1.170000 429.229004
21165.875000 677.583557 1.170000 429.325989
21166.000000 677.788879 1.170000 429.399994
21166.250000 677.996521 1.170000 429.519012
21166.250000 678.197449 1.170000 429.614014
21166.375000 678.400696 1.170000 429.718994
21166.375000 678.609802 1.170000 429.819000
21166.625000 678.812256 1.170000 429.898987
21167.000000 679.051514 1.170000 430.019012
21167.375000 679.259033 1.170000 430.101990
21167.875000 679.468140 1.170000 430.218994
21168.375000 679.675415 1.170000 430.308990
21169.375000 679.883423 1.148000 430.419006
21169.375000 680.087646 1.148000 430.519012
21169.750000 680.087646 1.148000 430.605011
21169.750000 680.345642 1.148000 430.709015
21169.875000 680.555115 1.148000 430.829010
21169.875000 680.772339 1.148000 430.914001
21170.125000 680.975464 1.148000 431.024994
21170.125000 681.184937 1.148000 431.127014
21170.125000 681.390503 1.148000 431.221008
21170.125000 681.602112 1.148000 431.316010
21170.375000 681.803711 1.148000 431.417999
21170.500000 682.009033 1.148000 431.502991
21170.625000 682.210022 1.148000 431.618011
21171.000000 682.441467 1.202000 431.708008
21171.125000 682.654968 1.202000 431.812988
21171.500000 682.856323 1.202000 431.903992
21171.500000 683.065674 1.202000 432.018005
21171.750000 683.268921 1.202000 432.118011
21171.875000 683.268921 1.202000 432.187988
21172.125000 683.679626 1.202000 432.317993
21172.875000 683.880554 1.202000 432.412994
21173.250000 684.085815 1.202000 432.518005
21174.125000 684.085815 1.202000 432.602997
21175.500000 684.353394 1.202000 432.692993
21175.750000 684.581299 1.202000 432.817993
21176.125000 684.581299 1.202000 432.907990
21176.625000 684.782410 1.202000 432.984009
21179.875000 684.782410 1.186000 433.113007
21180.625000 684.925354 1.186000 433.217987
21180.625000 684.925354 1.186000 433.325989
21180.750000 685.130615 1.186000 433.411011
21181.125000 685.130615 1.186000 433.518005
21181.250000 685.334900 1.186000 433.618011
21181.500000 685.538635 1.186000 433.718994
21182.750000 685.787415 1.186000 433.834991
21183.125000 685.994507 1.186000 433.923004
21183.375000 686.195557 1.186000 434.018005
21183.375000 686.396851 1.186000 434.122986
21183.750000 686.600098 1.186000 434.213013
21184.500000 686.809326 1.186000 434.317993
21185.125000 687.016846 1.152000 434.417999
21185.500000 687.016846 1.152000 434.518005
21185.500000 687.418335 1.152000 434.622986
21185.500000 687.418335 1.152000 434.717987
21185.500000 687.619629 1.152000 434.803009
21185.500000 687.820740 1.152000 434.903015
21185.500000 688.021851 1.152000 435.019012
21185.625000 688.436829 1.152000 435.139008
21185.625000 688.436829 1.152000 435.227997
21185.750000 688.646118 1.152000 435.328003
21185.750000 688.847229 1.152000 435.428009
21185.875000 689.056763 1.152000 435.528015
21186.000000 689.262085 1.081000 435.631012
21186.500000 689.479797 1.081000 435.730988
21187.125000 689.709229 1.081000 435.830994
21187.250000 689.930481 1.081000 435.932007
21188.000000 690.133850 1.081000 436.026001
21188.250000 690.339355 1.081000 436.138000
21188.375000 690.544861 1.081000 436.231995
21188.625000 690.746033 1.081000 436.330994
21188.750000 690.947083 1.081000 436.431000
21188.750000 691.188660 1.081000 436.526001
21188.750000 691.409912 1.081000 436.640991
21189.125000 691.611572 1.081000 436.733002
21189.375000 691.812744 1.081000 436.833008
21192.750000 692.013794 1.169000 436.931000
21193.250000 692.236511 1.169000 437.036987
21193.625000 692.437744 1.169000 437.136993
21193.750000 692.647217 1.169000 437.230988
21193.875000 692.848572 1.169000 437.330994
21194.250000 693.049866 1.169000 437.431000
21194.500000 693.251221 1.169000 437.531006
21194.750000 693.454407 1.169000 437.631989
21194.875000 693.655579 1.169000 437.734009
21195.250000 693.864929 1.169000 437.825989
21195.500000 694.066406 1.169000 437.931000
21195.625000 694.267517 1.169000 438.031006
21196.125000 694.468872 1.059000 438.131012
21197.125000 694.673767 1.059000 438.238007
21197.625000 694.875000 1.059000 438.338013
21198.125000 695.084106 1.059000 438.441986
21198.750000 695.084106 1.059000 438.528015
21199.125000 695.490906 1.059000 438.634003
21200.250000 695.490906 1.059000 438.727997
21201.250000 695.730530 1.059000 438.829010
21207.000000 695.931763 1.059000 438.933014
21207.875000 696.132751 1.059000 439.040985
21208.000000 696.360352 1.059000 439.135986
21208.625000 696.581726 1.059000 439.235992
21209.625000 696.787048 1.059000 439.328003
21213.750000 696.988220 1.070000 439.428009
21215.125000 697.191956 1.070000 439.532990
21216.375000 697.395142 1.070000 439.627991
21218.375000 697.601990 1.070000 439.737000
21220.000000 697.803162 1.070000 439.837006
21221.875000 698.004272 1.070000 439.937012
21223.125000 698.209656 1.070000 440.028015
21224.750000 698.449280 1.070000 440.135010
21226.375000 698.672913 1.070000 440.239014
21228.750000 698.878235 1.070000 440.333008
21230.750000 699.083801 1.070000 440.428009
21231.500000 699.285339 1.070000 440.531006
21233.375000 699.486755 1.070000 440.627991
21238.500000 699.694336 1.136000 440.733002
21240.625000 699.895203 1.136000 440.830994
21242.375000 700.098511 1.136000 440.927002
21244.875000 700.098511 1.136000 441.026001
21249.000000 700.510925 1.136000 441.131989
21250.750000 700.716370 1.136000 441.234009
21252.875000 700.919739 1.136000 441.334991
21254.750000 700.919739 1.136000 441.424988
21257.000000 701.120789 1.136000 441.529999
21260.125000 701.322327 1.136000 441.630005
21264.375000 701.530212 1.136000 441.730011
21266.375000 701.741516 1.136000 441.835999
21270.125000 701.959290 1.136000 441.929993
21274.500000 702.160828 1.158000 442.040009
21277.125000 702.160828 1.158000 442.130005
21280.750000 702.404297 1.158000 442.230011
21284.625000 702.613586 1.158000 442.332001
21287.125000 702.824646 1.158000 442.429993
21288.875000 703.058044 1.158000 442.529999
21292.125000 703.267578 1.158000 442.630005
21295.500000 703.484802 1.158000 442.733002
21298.125000 703.686096 1.158000 442.829010
21301.500000 703.901123 1.158000 442.940002
21304.125000 704.108459 1.158000 443.028015
21309.500000 704.309875 1.158000 443.132996
21314.875000 704.513184 1.158000 443.233002
21320.375000 704.722656 1.148000 443.333008
21326.625000 704.931458 1.148000 443.433014
21329.375000 705.132568 1.148000 443.528015
21332.500000 705.333923 1.148000 443.627991
21338.125000 705.537415 1.148000 443.734009
21341.375000 705.738647 1.148000 443.838989
21345.500000 705.947876 1.148000 443.933014
21351.625000 706.149109 1.148000 444.032990
21359.500000 706.356812 1.148000 444.141998
21364.250000 706.356812 1.148000 444.233002
21369.625000 706.559753 1.148000 444.333008
21372.000000 706.732666 1.148000 444.433014
21375.250000 706.732666 1.148000 444.532990
21381.125000 706.934204 1.090000 444.627991
21384.125000 706.934204 1.090000 444.733002
21385.875000 706.934204 1.090000 444.833008
21388.125000 707.076843 1.090000 444.933990
21390.250000 707.076843 1.090000 445.032990
21392.125000 707.076843 1.090000 445.134003
21394.750000 707.076843 1.090000 445.227997
21396.750000 707.276917 1.090000 445.338013
21400.375000 707.484375 1.090000 445.433014
21405.125000 707.691284 1.090000 445.532990
21409.000000 707.691284 1.090000 445.632996
21412.875000 707.900085 1.090000 445.734009
21418.750000 708.101135 1.094000 445.833008
21423.625000 708.308044 1.094000 445.937988
21428.250000 708.551208 1.094000 446.032990
21433.375000 708.752319 1.094000 446.127991
21436.500000 708.955444 1.094000 446.178986
21440.125000 708.955444 1.094000 446.278015
21447.000000 709.184753 1.094000 446.368011
21452.375000 709.385803 1.094000 446.477997
21458.500000 709.595398 1.094000 446.578003
21464.000000 709.798401 1.094000 446.683014
21467.750000 710.006592 1.094000 446.782990
21473.750000 710.207703 1.094000 446.877991
21479.875000 710.411377 1.094000 446.977997
21503.375000 710.618896 1.054000 447.067993
21508.500000 710.618896 1.054000 447.178009
21512.875000 710.822693 1.054000 447.273010
21517.375000 711.060425 1.054000 447.381012
21522.250000 711.260864 1.054000 447.477997
21526.750000 711.461609 1.054000 447.578003
21531.625000 711.663086 1.054000 447.678009
21537.125000 711.864319 1.054000 447.787994
21540.375000 711.864319 1.054000 447.863007
21545.750000 712.266846 1.054000 447.977997
21550.375000 712.471924 1.054000 448.079987
21555.875000 712.673218 1.054000 448.184998
21566.625000 712.874207 1.080000 448.290009
21573.000000 713.083923 1.080000 448.390015
21576.875000 713.284912 1.080000 448.484985
21581.125000 713.486267 1.080000 448.579987
21584.375000 713.689392 1.080000 448.686005
21587.250000 713.890503 1.080000 448.781006
21592.625000 713.890503 1.080000 448.880005
21597.000000 714.135742 1.080000 448.976013
21600.375000 714.342834 1.080000 449.070007
21604.500000 714.550293 1.080000 449.174988
21608.000000 714.751648 1.080000 449.274994
21612.000000 714.952881 1.080000 449.385010
21628.000000 715.153992 0.948000 449.489990
21630.875000 715.362915 0.948000 449.579987
21633.625000 715.572571 0.948000 449.679993
21637.500000 715.793701 0.948000 449.769989
21640.125000 716.015320 0.948000 449.880005
21643.375000 716.216431 0.948000 449.980011
21646.625000 716.417969 0.948000 450.070007
21650.375000 716.619263 0.948000 450.174988
21653.875000 716.826477 0.948000 450.279999
21656.500000 717.031860 0.948000 450.380005
21659.000000 717.232849 0.948000 450.475006
21661.875000 717.435791 0.948000 450.582001
21664.750000 717.435791 1.121000 450.665009
21667.625000 717.665222 1.121000 450.779999
21671.000000 717.911133 1.121000 450.875000
21672.500000 718.119507 1.121000 450.980011
21674.500000 718.322815 1.121000 451.079987
21676.500000 718.532104 1.121000 451.179993
21680.000000 718.735352 1.121000 451.279999
21682.500000 718.944702 1.121000 451.369995
21686.250000 719.148132 1.121000 451.480011
21689.500000 719.355652 1.121000 451.588989
21691.875000 719.557007 1.121000 451.683990
21694.375000 719.766479 1.121000 451.787994
21697.875000 719.971985 1.121000 451.880005
21704.750000 720.173157 1.127000 451.980011
21707.750000 720.382874 1.127000 452.075012
21710.750000 720.583801 1.127000 452.174988
21713.750000 720.784973 1.127000 452.282013
21716.500000 720.986267 1.127000 452.380005
21718.625000 721.186890 1.127000 452.480011
21721.375000 721.389771 1.127000 452.579987
21723.750000 721.597107 1.127000 452.684998
21725.500000 721.800781 1.127000 452.779999
21728.625000 722.002197 1.127000 452.880005
21730.125000 722.203552 1.127000 452.980011
21732.375000 722.412781 1.127000 453.088989
21735.875000 722.614258 1.127000 453.178986
21743.000000 722.824707 1.026000 453.278992
21744.875000 723.032349 1.026000 453.378998
21746.125000 723.240601 1.026000 453.489014
21747.750000 723.441711 1.026000 453.588989
21748.625000 723.643372 1.026000 453.688995
21750.250000 723.850891 1.026000 453.786987
21751.750000 724.056152 1.026000 453.881012
21752.375000 724.257385 1.026000 453.980011
21753.750000 724.458618 1.026000 454.079010
21755.125000 724.659729 1.026000 454.178986
21756.500000 724.860718 1.026000 454.278992
21758.250000 725.062012 1.026000 454.378998
21761.375000 725.263000 0.999000 454.493988
21762.500000 725.463501 0.999000 454.579010
21764.250000 725.674866 0.999000 454.679993
21765.250000 725.674866 0.999000 454.778992
21766.375000 725.884277 0.999000 454.881989
21767.625000 726.107544 0.999000 454.979004
21768.500000 726.316833 0.999000 455.084991
21772.125000 726.519043 0.999000 455.178986
21780.250000 726.712463 0.999000 455.278992
21784.500000 726.868530 0.999000 455.380005
21786.375000 726.991760 0.999000 455.484009
21788.250000 727.087952 0.999000 455.579010
21790.000000 727.147278 0.994000 455.678986
21790.625000 727.174988 0.994000 455.794006
21795.625000 727.174988 0.994000 455.868988
21796.500000 727.177307 0.994000 455.979004
21797.000000 727.177307 0.994000 456.084991
21797.875000 727.177307 0.994000 456.174011
21798.500000 727.177795 0.994000 456.278992
21798.750000 727.177795 0.994000 456.384003
21799.000000 727.183289 0.994000 456.479004
21799.375000 727.183289 0.994000 456.579010
21799.375000 727.198364 0.994000 456.678986
21799.500000 727.198364 0.994000 456.789001
21800.125000 727.260010 1.033000 456.889008
21800.375000 727.260010 1.033000 456.988007
21800.750000 727.260010 1.033000 457.092987
21801.250000 727.260010 1.033000 457.187988
21802.000000 727.377014 1.033000 457.287994
21802.375000 727.377014 1.033000 457.388000
21802.750000 727.599182 1.033000 457.488007
21802.750000 727.599182 1.033000 457.588013
21803.250000 727.803894 1.033000 457.687988
21803.875000 728.008667 1.033000 457.787994
21804.375000 728.214905 1.033000 457.901001
21805.250000 728.418335 1.033000 457.979004
21805.625000 728.662903 0.953000 458.088013
21805.875000 728.870422 0.953000 458.187988
21806.375000 729.072021 0.953000 458.287994
21806.875000 729.275635 0.953000 458.378998
21807.375000 729.478943 0.953000 458.480011
21807.750000 729.478943 0.953000 458.579010
21808.625000 729.710449 0.953000 458.678986
21808.750000 729.919739 0.953000 458.769012
21809.250000 730.120972 0.953000 458.884003
21810.000000 730.321960 0.953000 458.979004
21810.625000 730.523315 0.953000 459.079010
21811.625000 730.744812 1.016000 459.178986
21812.125000 730.945679 1.016000 459.279999
21812.875000 731.146667 1.016000 459.378998
21813.500000 731.348145 1.016000 459.479004
21813.875000 731.549622 1.016000 459.574005
21814.250000 731.753235 1.016000 459.678986
21814.625000 731.966675 1.016000 459.789001
21815.875000 732.183899 1.016000 459.878998
21816.500000 732.384705 1.016000 459.984009
21817.250000 732.585815 1.016000 460.075012
21818.125000 732.787292 1.016000 460.174988
21818.750000 732.988159 1.016000 460.289001
21821.250000 733.191650 0.975000 460.385010
21823.000000 733.399963 0.975000 460.475006
21824.000000 733.603821 0.975000 460.584991
21825.250000 733.815002 0.975000 460.684998
21826.875000 734.066528 0.975000 460.785004
21827.750000 734.268188 0.975000 460.885010
21829.125000 734.481079 0.975000 460.990997
21830.750000 734.690430 0.975000 461.079987
21836.500000 734.899109 0.975000 461.184998
21838.375000 734.899109 0.975000 461.279999
21839.500000 735.101074 0.975000 461.380005
21841.375000 735.303650 0.975000 461.480011
21845.875000 735.303650 1.004000 461.584991
21847.500000 735.505981 1.004000 461.684998
21849.000000 735.505981 1.004000 461.779999
21849.625000 735.505981 1.004000 461.885010
21851.250000 735.701965 1.004000 461.990997
21852.625000 735.701965 1.004000 462.079987
21853.875000 735.905396 1.004000 462.184998
21854.625000 736.105774 1.004000 462.274994
21856.625000 736.312073 1.004000 462.385010
21857.625000 736.519470 1.004000 462.480011
21858.750000 736.720703 1.004000 462.584991
21860.875000 736.922363 1.004000 462.679993
21862.250000 737.123474 0.999000 462.785004
21864.750000 737.324097 0.999000 462.880005
21867.250000 737.525330 0.999000 462.980011
21868.375000 737.726501 0.999000 463.079987
21871.125000 737.927856 0.999000 463.179993
21874.500000 738.133118 0.999000 463.282013
21877.000000 738.340271 0.999000 463.385010
21879.000000 738.541504 0.999000 463.489990
21880.375000 738.541504 0.999000 463.579987
21882.250000 738.983398 0.999000 463.704987
21884.375000 738.983398 0.999000 463.799988
21886.750000 739.184448 0.999000 463.886993
21889.625000 739.389771 0.999000 463.997009
21893.625000 739.601013 1.052000 464.087006
21897.125000 739.804626 1.052000 464.186005
21900.875000 740.008850 1.052000 464.285004
21904.875000 740.209656 1.052000 464.385010
21908.375000 740.418762 1.052000 464.470001
21911.500000 740.619751 1.052000 464.589996
21914.875000 740.820862 1.052000 464.677002
21917.750000 741.026672 1.052000 464.785004
21921.250000 741.232239 1.052000 464.859985
21924.875000 741.433350 1.052000 464.989014
21928.375000 741.634277 1.052000 465.071014
21931.375000 741.835327 1.052000 465.183990
21940.750000 742.035828 1.050000 465.291992
21944.625000 742.237732 1.050000 465.391998
21947.250000 742.447266 1.050000 465.492004
21949.875000 742.648132 1.050000 465.584991
21953.125000 742.857056 1.050000 465.683990
21955.375000 743.070374 1.050000 465.776001
21957.625000 743.279541 1.050000 465.872009
21961.250000 743.480652 1.050000 465.984009
21963.625000 743.681580 1.050000 466.080994
21965.625000 743.882751 1.050000 466.181000
21968.750000 744.114441 1.050000 466.295990
21971.875000 744.315796 1.050000 466.390991
21974.875000 744.516113 1.064000 466.490997
21977.500000 744.716675 1.064000 466.596008
21979.625000 744.716675 1.064000 466.681000
21983.750000 744.924194 1.064000 466.782013
21986.375000 745.158142 1.064000 466.888000
21989.000000 745.361633 1.064000 466.981995
21991.125000 745.571167 1.064000 467.082001
21993.875000 745.774292 1.064000 467.182007
21998.625000 745.977478 1.064000 467.289001
22001.250000 746.178528 1.064000 467.378998
22003.375000 746.379578 1.064000 467.484009
22007.125000 746.580933 1.064000 467.592010
22013.250000 746.784119 1.055000 467.684998
22015.375000 746.984985 1.055000 467.783997
22018.125000 747.194275 1.055000 467.884003
22021.750000 747.395386 1.055000 467.984009
22022.875000 747.596619 1.055000 468.084015
22024.125000 747.797852 1.055000 468.183990
22026.750000 747.998962 1.055000 468.283997
22028.625000 748.200317 1.055000 468.390015
22035.500000 748.411499 1.055000 468.484009
22037.250000 748.635193 1.055000 468.579010
22039.125000 748.635193 1.055000 468.683990
22043.750000 748.840515 1.055000 468.799011
22046.375000 748.840515 1.068000 468.884003
22048.125000 749.051941 1.068000 468.984009
22049.875000 749.253601 1.068000 469.074005
22052.000000 749.253601 1.068000 469.178986
22054.125000 749.456421 1.068000 469.283997
22055.625000 749.659851 1.068000 469.376007
22057.875000 749.860840 1.068000 469.484009
22059.625000 750.069946 1.068000 469.588989
22061.625000 750.273438 1.068000 469.678986
22064.625000 750.482910 1.068000 469.783997
22066.625000 750.684021 1.068000 469.884003
22069.000000 750.889038 1.068000 469.990997
22071.000000 751.090149 1.068000 470.084015
22074.375000 751.297668 1.068000 470.174011
22076.750000 751.498901 1.068000 470.283997
22080.625000 751.706970 1.184000 470.389008
22082.500000 751.926086 1.184000 470.484009
22083.625000 752.135498 1.184000 470.584015
22085.750000 752.336670 1.184000 470.678986
22087.375000 752.537903 1.184000 470.778992
22090.000000 752.739075 1.184000 470.885010
22091.625000 752.940063 1.184000 470.979004
22093.250000 753.140930 1.184000 471.084015
22094.625000 753.348267 1.184000 471.183990
22096.375000 753.553467 1.184000 471.283997
22098.000000 753.754150 1.184000 471.384003
22099.750000 753.955627 1.184000 471.484009
22102.750000 754.164429 1.079000 471.584015
22104.750000 754.374756 1.079000 471.686005
22106.375000 754.374756 1.079000 471.783997
22107.500000 754.592407 1.079000 471.885986
22108.625000 754.793701 1.079000 471.984009
22110.500000 755.000671 1.079000 472.079010
22111.750000 755.215698 1.079000 472.204010
22113.625000 755.418640 1.079000 472.273987
22117.500000 755.418640 1.079000 472.390015
22120.500000 755.628967 1.079000 472.484009
22121.500000 755.732361 1.079000 472.584015
22126.125000 755.803162 1.079000 472.692993
22139.500000 755.843994 1.115000 472.792999
22150.750000 755.843994 1.115000 472.885986
22157.250000 755.852844 1.115000 472.984009
22157.375000 755.852844 1.115000 473.087006
22157.875000 755.852844 1.115000 473.182007
22158.125000 755.853760 1.115000 473.286987
22158.375000 755.853760 1.115000 473.386993
22158.375000 755.853760 1.115000 473.487000
22158.500000 755.868408 1.115000 473.587006
22158.750000 755.868408 1.115000 473.687012
22159.500000 755.904541 1.115000 473.786987
22159.625000 755.904541 1.115000 473.895996
22159.750000 755.904541 1.051000 473.987000
22160.250000 755.904541 1.051000 474.076996
22160.625000 756.061340 1.051000 474.182007
22160.750000 756.264954 1.051000 474.286987
22161.125000 756.264954 1.051000 474.386993
22161.875000 756.468079 1.051000 474.481995
22163.125000 756.676819 1.051000 474.587006
22164.625000 756.877563 1.051000 474.678009
22166.375000 757.079041 1.051000 474.777008
22167.875000 757.280640 1.051000 474.897003
22169.375000 757.481384 1.051000 474.997009
22170.125000 757.682495 1.051000 475.096985
22172.125000 757.883606 1.015000 475.196991
22174.125000 758.084839 1.015000 475.296997
22175.750000 758.286194 1.015000 475.381989
22178.000000 758.487549 1.015000 475.497009
22180.125000 758.688538 1.015000 475.596985
22182.250000 758.889526 1.015000 475.696991
22183.750000 759.090637 1.015000 475.791992
22185.000000 759.291992 1.015000 475.897003
22187.125000 759.493225 1.015000 475.992004
22188.875000 759.694580 1.015000 476.092010
22191.000000 759.895569 1.015000 476.196991
22193.125000 760.096680 1.015000 476.296997
22194.875000 760.298035 1.015000 476.397003
22196.500000 760.503479 1.015000 476.489014
22211.000000 760.704712 1.145000 476.604004
22214.250000 760.907043 1.145000 476.683990
22216.000000 761.116882 1.145000 476.789001
22218.500000 761.318176 1.145000 476.885010
22220.625000 761.519409 1.145000 476.989014
22222.250000 761.720642 1.145000 477.084015
22224.875000 761.921936 1.145000 477.190002
22227.500000 762.125061 1.145000 477.290009
22230.125000 762.334290 1.145000 477.390015
22231.375000 762.535522 1.145000 477.489014
22234.375000 762.736755 1.145000 477.584015
22236.750000 762.937805 1.145000 477.688995
22241.500000 763.138855 1.145000 477.789001
22244.000000 763.340088 1.115000 477.889008
22246.875000 763.542419 1.115000 477.994995
22249.250000 763.742920 1.115000 478.095001
22252.375000 763.952271 1.115000 478.188995
22255.875000 764.169250 1.115000 478.302002
22258.750000 764.400696 1.115000 478.391998
22262.000000 764.601807 1.115000 478.487000
22265.375000 764.808838 1.115000 478.584991
22271.500000 765.012024 1.115000 478.692993
22277.375000 765.012024 1.115000 478.787994
22281.625000 765.218811 1.115000 478.890015
22285.125000 765.420898 1.115000 478.997009
22291.375000 765.624146 1.126000 479.092010
22295.250000 765.624146 1.126000 479.187012
22299.625000 765.825623 1.126000 479.291992
22303.000000 766.056152 1.126000 479.386993
22308.000000 766.257385 1.126000 479.492004
22310.375000 766.458740 1.126000 479.596985
22315.125000 766.660217 1.126000 479.687012
22321.000000 766.871094 1.126000 479.796997
22326.500000 767.078491 1.126000 479.894989
22331.750000 767.279724 1.126000 479.994995
22335.375000 767.480713 1.126000 480.095001
22339.000000 767.681824 1.126000 480.204987
22342.625000 767.895020 1.126000 480.287994
22352.375000 768.096191 1.122000 480.395996
22357.625000 768.306885 1.122000 480.496002
22360.125000 768.515137 1.122000 480.601013
22363.250000 768.716614 1.122000 480.691986
22366.250000 768.919556 1.122000 480.799011
22369.250000 769.124817 1.122000 480.898987
22371.625000 769.325806 1.122000 480.998993
22374.500000 769.527283 1.122000 481.098999
22382.625000 769.738037 1.122000 481.191986
22389.500000 769.943787 1.122000 481.291992
22393.875000 769.943787 1.122000 481.386993
22396.375000 770.148804 1.122000 481.492004
22398.250000 770.148804 1.068000 481.592010
22407.250000 770.374634 1.068000 481.687012
22409.875000 770.374634 1.068000 481.791992
22412.875000 770.580261 1.068000 481.893005
22415.750000 770.780640 1.068000 481.990997
22417.875000 771.000244 1.068000 482.089996
22421.375000 771.212036 1.068000 482.190002
22423.125000 771.421265 1.068000 482.295013
22425.375000 771.622498 1.068000 482.390015
22428.625000 771.823975 1.068000 482.484985
22431.625000 772.029114 1.068000 482.596985
22434.625000 772.230347 1.068000 482.696991
22437.125000 772.437500 1.068000 482.790009
22441.250000 772.637756 1.122000 482.890015
22443.625000 772.637756 1.122000 482.984985
22450.250000 772.862000 1.122000 483.079987
22452.000000 773.119446 1.122000 483.190002
22453.500000 773.330688 1.122000 483.290009
22455.750000 773.536011 1.122000 483.394989
22458.500000 773.737366 1.122000 483.492004
22461.250000 773.938599 1.122000 483.589996
22462.750000 774.142212 1.122000 483.691010
22464.375000 774.343018 1.122000 483.786011
22465.625000 774.544189 1.122000 483.890991
22467.500000 774.759521 1.122000 483.990997
22468.625000 774.966675 1.044000 484.091003
22471.000000 775.167542 1.044000 484.191010
22472.750000 775.368896 1.044000 484.290985
22474.750000 775.572266 1.044000 484.390991
22476.750000 775.781799 1.044000 484.490997
22478.750000 775.985352 1.044000 484.591003
22480.500000 776.186462 1.044000 484.691986
22482.250000 776.395935 1.044000 484.799011
22488.250000 776.601746 1.044000 484.897003
22489.875000 776.809692 1.044000 484.990997
22492.250000 776.809692 1.044000 485.091003
22494.750000 777.015564 1.044000 485.191010
22496.875000 777.218018 1.044000 485.290985
22519.125000 777.428833 1.061000 485.390991
22521.125000 777.637268 1.061000 485.485992
22524.000000 777.842590 1.061000 485.592010
22525.125000 778.049438 1.061000 485.691010
22527.125000 778.250610 1.061000 485.790985
22528.875000 778.459717 1.061000 485.890991
22529.750000 778.661072 1.061000 485.990997
22531.500000 778.862427 1.061000 486.091003
22533.250000 779.063538 1.061000 486.191010
22535.125000 779.264771 1.061000 486.296997
22537.000000 779.466003 1.061000 486.390991
22539.125000 779.667419 1.061000 486.490997
22545.500000 779.872864 1.012000 486.591003
22548.375000 780.077026 1.012000 486.691986
22549.875000 780.278381 1.012000 486.790985
22551.625000 780.479492 1.012000 486.890991
22552.875000 780.680603 1.012000 486.990997
22554.625000 780.883850 1.012000 487.091003
22556.000000 781.093506 1.012000 487.191010
22556.750000 781.294983 1.012000 487.290985
22559.125000 781.498108 1.012000 487.390991
22561.625000 781.707581 1.012000 487.490997
22563.625000 781.908813 1.012000 487.591003
22565.625000 782.109741 1.012000 487.694000
22568.625000 782.317200 1.014000 487.795990
22571.625000 782.517456 1.014000 487.890991
22574.250000 782.723938 1.014000 488.000000
22576.125000 782.925415 1.014000 488.100006
22578.375000 783.126404 1.014000 488.200012
22582.000000 783.327759 1.014000 488.299988
22584.375000 783.528992 1.014000 488.399994
22588.250000 783.730225 1.014000 488.500000
22590.750000 783.931335 1.014000 488.600006
22592.750000 784.132202 1.014000 488.700012
22595.625000 784.333435 1.014000 488.799988
22597.875000 784.534424 1.014000 488.901001
22610.625000 784.737427 0.976000 489.001007
22613.375000 784.951355 0.976000 489.101013
22616.125000 785.152466 0.976000 489.200989
22619.125000 785.353943 0.976000 489.300995
22620.500000 785.555054 0.976000 489.401001
22622.375000 785.758301 0.976000 489.492004
22625.000000 785.959473 0.976000 489.592010
22643.875000 786.164062 0.976000 489.701996
22648.500000 786.164062 0.976000 489.791992
22650.625000 786.365295 0.976000 489.891998
22654.125000 786.547119 0.976000 489.993988
22657.375000 786.693542 0.976000 490.088989
22663.125000 786.693542 1.044000 490.194000
22664.250000 786.693542 1.044000 490.283997
22665.250000 786.832031 1.044000 490.389008
22667.000000 787.037903 1.044000 490.489990
22669.875000 787.037903 1.044000 490.604004
22671.625000 787.244873 1.044000 490.704010
22673.500000 787.446899 1.044000 490.803986
22675.750000 787.655273 1.044000 490.898987
22681.500000 787.855408 1.044000 491.003998
22687.375000 788.061401 1.044000 491.098999
22691.375000 788.234924 1.044000 491.199005
22695.625000 788.370972 1.044000 491.300995
22699.750000 788.370972 1.095000 491.389008
22704.625000 788.476013 1.095000 491.496002
22707.625000 788.548889 1.095000 491.591003
22712.375000 788.590027 1.095000 491.696991
22716.250000 788.599670 1.095000 491.790985
22719.625000 788.599670 1.095000 491.890991
22721.625000 788.599670 1.095000 491.990997
22722.625000 788.603149 1.095000 492.091003
22723.000000 788.603699 1.095000 492.191010
22725.125000 788.603699 1.095000 492.291992
22726.000000 788.604431 1.095000 492.390991
22727.875000 788.604431 1.095000 492.493011
22728.125000 788.604431 1.095000 492.591003
22731.125000 788.620239 1.084000 492.692993
22732.375000 788.620239 1.084000 492.790985
22733.000000 788.620239 1.084000 492.890991
22733.750000 788.701538 1.084000 492.997009
22734.000000 788.701538 1.084000 493.096985
22734.750000 788.903442 1.084000 493.191010
22735.750000 788.903442 1.084000 493.290985
22736.750000 789.110168 1.084000 493.398010
22737.750000 789.315247 1.084000 493.490997
22738.375000 789.522644 1.084000 493.591003
22738.625000 789.725769 1.084000 493.696991
22739.000000 789.928772 1.084000 493.790985
22750.875000 790.133789 0.999000 493.891998
22751.875000 790.341187 0.999000 493.990997
22752.125000 790.554626 0.999000 494.097992
22752.625000 790.761719 0.999000 494.191986
22753.125000 790.962952 0.999000 494.298004
22753.500000 791.168518 0.999000 494.382996
22753.875000 791.369873 0.999000 494.497986
22754.125000 791.570984 0.999000 494.597992
22754.875000 791.772522 0.999000 494.697998
22755.250000 791.975281 0.999000 494.799011
22756.375000 792.176636 0.999000 494.894012
22757.375000 792.394470 0.999000 494.997009
22761.750000 792.394470 1.043000 495.092010
22763.500000 792.635193 1.043000 495.192993
22764.250000 792.843811 1.043000 495.299011
22764.875000 793.045166 1.043000 495.394989
22765.250000 793.246277 1.043000 495.493988
22766.375000 793.447510 1.043000 495.593994
22767.375000 793.648743 1.043000 495.694000
22768.625000 793.849670 1.043000 495.794006
22769.125000 794.050781 1.043000 495.894012
22770.125000 794.251892 1.043000 495.994995
22770.875000 794.453308 1.043000 496.102997
22771.250000 794.682434 1.043000 496.200012
22773.875000 794.917725 1.065000 496.294006
22774.875000 795.121643 1.065000 496.394012
22775.500000 795.330750 1.065000 496.493988
22775.750000 795.535522 1.065000 496.589996
22775.875000 795.744751 1.065000 496.695007
22776.375000 795.946106 1.065000 496.795013
22776.625000 796.157471 1.065000 496.899994
22777.625000 796.358704 1.065000 496.994995
22780.375000 796.567688 1.065000 497.100006
22780.375000 796.780762 1.065000 497.200012
22781.250000 796.989868 1.065000 497.299011
22781.875000 797.191101 1.065000 497.406006
22782.625000 797.394775 1.061000 497.509003
22782.750000 797.600525 1.061000 497.608002
22783.125000 797.803650 1.061000 497.694000
22784.000000 798.009094 1.061000 497.799011
22784.250000 798.216370 1.061000 497.894012
22784.750000 798.417603 1.061000 497.998993
22786.500000 798.618958 1.061000 498.098999
22787.000000 798.820129 1.061000 498.199005
22787.375000 799.021240 1.061000 498.299011
22787.875000 799.222412 1.061000 498.394012
22788.000000 799.425781 1.061000 498.500000
22788.375000 799.627014 1.061000 498.595001
22788.750000 799.827881 0.980000 498.704987
22789.500000 800.028992 0.980000 498.795013
22790.000000 800.230347 0.980000 498.899994
22790.500000 800.431580 0.980000 499.006989
22790.875000 800.632812 0.980000 499.095001
22791.125000 800.834167 0.980000 499.200012
22791.500000 801.035522 0.980000 499.295013
22792.125000 801.236816 0.980000 499.394989
22792.375000 801.236816 0.980000 499.494995
22796.625000 801.456970 0.980000 499.605011
22797.000000 801.661926 0.980000 499.695007
22797.500000 801.870178 0.980000 499.799988
22798.500000 802.078125 0.980000 499.898987
22799.750000 802.279358 1.053000 500.005005
22800.125000 802.483765 1.053000 500.100006
22800.625000 802.687012 1.053000 500.196014
22800.875000 802.906616 1.053000 500.295013
22801.125000 803.107971 1.053000 500.394989
22801.625000 803.319275 1.053000 500.500000
22802.875000 803.540771 1.053000 500.609985
22803.250000 803.742004 1.053000 500.704987
22803.625000 803.943359 1.053000 500.809998
22804.125000 804.144592 1.053000 500.910004
22804.625000 804.349487 1.053000 501.006989
22805.375000 804.557190 1.053000 501.109985
22805.500000 804.758423 1.044000 501.200012
22806.375000 804.963562 1.044000 501.299988
22807.125000 805.170776 1.044000 501.399994
22808.625000 805.373474 1.044000 501.506012
22809.250000 805.574585 1.044000 501.605988
22811.375000 805.778625 1.044000 501.707001
22813.500000 805.979736 1.044000 501.807007
22815.375000 806.180969 1.044000 501.907013
22816.750000 806.180969 1.044000 501.980011
22819.000000 806.388428 1.044000 502.100006
22821.000000 806.609741 1.044000 502.200012
22822.750000 806.811096 1.044000 502.299988
22824.250000 807.012390 1.044000 502.399994
22828.750000 807.213562 1.148000 502.500000
22829.875000 807.413940 1.148000 502.608002
22831.750000 807.641113 1.148000 502.708008
22832.500000 807.842346 1.148000 502.808014
22833.500000 808.047791 1.148000 502.904999
22835.125000 808.249451 1.148000 503.001007
22837.375000 808.450806 1.148000 503.100006
22839.375000 808.651978 1.148000 503.200012
22841.000000 808.853027 1.148000 503.312988
22841.875000 809.060364 1.148000 503.401001
22843.250000 809.285583 1.148000 503.500000
22845.750000 809.486694 1.148000 503.600006
22847.625000 809.687744 1.148000 503.700012
22851.125000 809.889038 1.045000 503.808014
22853.000000 810.095764 1.045000 503.907990
22854.500000 810.305786 1.045000 504.007996
22857.000000 810.507141 1.045000 504.108002
22858.375000 810.708374 1.045000 504.208008
22860.500000 810.909363 1.045000 504.308014
22861.625000 811.110596 1.045000 504.406006
22865.375000 811.315979 1.045000 504.500000
22875.375000 811.519043 1.045000 504.600006
22879.375000 811.519043 1.045000 504.700989
22886.625000 811.708679 1.045000 504.804993
22888.250000 811.708679 1.045000 504.899994
22889.625000 811.930420 0.991000 505.000000
22890.625000 811.930420 0.991000 505.100006
22891.000000 812.131165 0.991000 505.200012
22891.875000 812.131165 0.991000 505.299988
22892.750000 812.333618 0.991000 505.404999
22893.625000 812.540466 0.991000 505.505005
22894.625000 812.743286 0.991000 505.600006
22895.500000 812.944214 0.991000 505.704987
22895.875000 813.149658 0.991000 505.799988
22896.750000 813.356873 0.991000 505.906006
22898.000000 813.569946 0.991000 506.005005
22900.125000 813.779236 0.991000 506.100006
22901.875000 813.980408 0.991000 506.200012
22908.000000 814.190002 1.034000 506.308990
22910.125000 814.410400 1.034000 506.399994
22911.250000 814.410400 1.034000 506.489990
22912.625000 814.820190 1.034000 506.605011
22914.625000 814.820190 1.034000 506.687988
22916.125000 815.023071 1.034000 506.802002
22918.375000 815.234192 1.034000 506.906006
22920.000000 815.437317 1.034000 507.001007
22922.375000 815.664734 1.034000 507.101013
22926.125000 815.908142 1.034000 507.205994
22928.125000 816.109436 1.034000 507.308014
22929.250000 816.314453 1.034000 507.395996
22934.750000 816.521912 1.012000 507.510986
22936.375000 816.731995 1.012000 507.610992
22938.125000 816.933228 1.012000 507.710999
22939.375000 817.134338 1.012000 507.811005
22940.625000 817.345581 1.012000 507.906006
22941.500000 817.547058 1.012000 508.015991
22943.875000 817.748352 1.012000 508.110992
22945.750000 817.951843 1.012000 508.184998
22947.500000 818.154724 1.012000 508.298004
22956.125000 818.355774 1.012000 508.403992
22957.750000 818.559265 1.012000 508.500000
22960.125000 818.762756 1.012000 508.600006
22970.125000 818.963928 0.992000 508.700012
22972.750000 819.170349 0.992000 508.799988
22975.375000 819.371582 0.992000 508.904999
22978.625000 819.572998 0.992000 509.006012
22981.375000 819.776123 0.992000 509.105988
22984.500000 819.977356 0.992000 509.205994
22987.250000 820.178589 0.992000 509.304993
22990.375000 820.387573 0.992000 509.399994
22992.875000 820.588867 0.992000 509.500000
22995.500000 820.790161 0.992000 509.600006
22998.000000 820.991455 0.992000 509.700012
23000.875000 821.192627 0.992000 509.799988
23002.625000 821.395874 1.003000 509.899994
23006.750000 821.596558 1.003000 510.010986
23008.750000 821.798218 1.003000 510.110992
23010.250000 821.999573 1.003000 510.210999
23013.125000 822.208557 1.003000 510.302002
23015.500000 822.417969 1.003000 510.391998
23018.500000 822.625183 1.003000 510.502991
23022.625000 822.826538 1.003000 510.606995
23025.750000 823.035645 1.003000 510.710999
23028.875000 823.247192 1.003000 510.802002
23029.875000 823.450562 1.003000 510.902008
23031.875000 823.654297 1.003000 511.007996
23035.875000 823.862061 0.944000 511.101990
23036.375000 824.064087 0.944000 511.204010
23038.500000 824.273804 0.944000 511.308014
23039.125000 824.273804 0.944000 511.407013
23040.875000 824.522949 0.944000 511.502014
23041.875000 824.724304 0.944000 511.608002
23043.250000 824.927673 0.944000 511.708008
23044.625000 825.136902 0.944000 511.802002
23045.375000 825.338013 0.944000 511.902008
23047.375000 825.559326 0.944000 511.987000
23049.125000 825.760437 0.944000 512.101990
23051.000000 825.981750 0.944000 512.203003
23053.000000 826.183105 0.944000 512.302002
23059.000000 826.383362 1.009000 512.411987
23062.375000 826.587280 1.009000 512.512024
23064.000000 826.796753 1.009000 512.601990
23065.750000 827.002014 1.009000 512.693970
23068.625000 827.203125 1.009000 512.809021
23071.375000 827.404358 1.009000 512.908997
23073.875000 827.605347 1.009000 513.008972
23085.250000 827.806580 1.009000 513.111023
23088.750000 828.011780 1.009000 513.216003
23092.000000 828.213135 1.009000 513.315979
23094.000000 828.414368 1.009000 513.416016
23095.000000 828.615601 1.009000 513.513000
23102.625000 828.817810 0.943000 513.606995
23112.000000 829.030029 0.943000 513.713013
23113.750000 829.231323 0.943000 513.807983
23115.125000 829.440674 0.943000 513.916016
23117.125000 829.641724 0.943000 514.015991
23118.625000 829.843018 0.943000 514.101013
23119.875000 830.044556 0.943000 514.216003
23122.250000 830.255676 0.943000 514.315979
23123.250000 830.459106 0.943000 514.406982
23125.250000 830.662659 0.943000 514.507996
23126.875000 830.662659 0.943000 514.586975
23128.625000 830.912292 0.981000 514.706970
23130.875000 831.125732 0.981000 514.802979
23134.375000 831.327148 0.981000 514.914001
23137.625000 831.530273 0.981000 515.012024
23142.750000 831.737549 0.981000 515.088989
23145.625000 831.978638 0.981000 515.206970
23150.750000 832.181885 0.981000 515.307007
23155.000000 832.392944 0.981000 515.382019
23160.000000 832.593750 0.981000 515.507019
23165.000000 832.799316 0.981000 515.604980
23168.875000 833.000366 0.981000 515.705017
23173.250000 833.201599 0.981000 515.804993
23178.500000 833.402710 0.981000 515.905029
23187.375000 833.603760 0.918000 516.005005
23191.125000 833.806824 0.918000 516.112976
23194.625000 834.009644 0.918000 516.205017
23201.500000 834.215698 0.918000 516.307007
23206.000000 834.420837 0.918000 516.405029
23209.250000 834.623657 0.918000 516.505005
23211.625000 834.831055 0.918000 516.604980
23216.125000 834.831055 0.918000 516.706970
23218.250000 835.044373 0.918000 516.797974
23220.750000 835.299377 0.918000 516.903015
23224.125000 835.533081 0.918000 517.004028
23226.750000 835.734436 0.918000 517.109985
23231.625000 835.937439 0.921000 517.205017
23233.500000 836.140076 0.921000 517.302002
23235.000000 836.346436 0.921000 517.406006
23236.000000 836.547729 0.921000 517.505005
23236.500000 836.748901 0.921000 517.585022
23237.625000 836.950073 0.921000 517.708008
23239.375000 837.151001 0.921000 517.807007
23240.250000 837.352051 0.921000 517.909973
23240.875000 837.553101 0.921000 517.984985
23242.500000 837.754333 0.921000 518.085022
23243.625000 837.955933 0.921000 518.185974
23246.000000 838.157166 0.921000 518.284973
23253.250000 838.364868 0.930000 518.385010
23254.000000 838.569397 0.930000 518.484985
23255.500000 838.770630 0.930000 518.585022
23257.250000 838.975952 0.930000 518.687012
23258.875000 839.185425 0.930000 518.791016
23260.750000 839.386658 0.930000 518.890991
23262.375000 839.386658 0.930000 518.987000
23263.250000 839.599854 0.930000 519.081970
23266.000000 839.851501 0.930000 519.187012
23266.875000 840.062744 0.930000 519.286987
23268.250000 840.263977 0.930000 519.387024
23269.250000 840.464905 0.930000 519.487000
23274.000000 840.732239 0.897000 519.581970
23275.250000 840.932251 0.897000 519.693970
23277.000000 841.139282 0.897000 519.786987
23279.125000 841.340576 0.897000 519.882019
23281.000000 841.541565 0.897000 519.992004
23283.500000 841.742676 0.897000 520.086975
23285.625000 841.948303 0.897000 520.193970
23288.250000 842.148926 0.897000 520.286987
23290.375000 842.350281 0.897000 520.387024
23293.250000 842.553223 0.897000 520.487976
23295.625000 842.754761 0.897000 520.593018
23329.750000 842.957031 0.810000 520.689026
23332.625000 843.162537 0.810000 520.796997
23337.750000 843.162537 0.810000 520.888000
23343.875000 843.363892 0.810000 520.981995
23350.875000 843.565430 0.810000 521.081970
23358.875000 843.837036 0.810000 521.195007
23365.250000 844.094299 0.810000 521.294983
23374.625000 844.323608 0.810000 521.388977
23380.500000 844.533081 0.810000 521.492981
23388.500000 844.734070 0.810000 521.593018
23393.500000 844.942932 0.810000 521.682983
23399.250000 845.143921 0.810000 521.788025
23409.000000 845.345154 0.847000 521.888000
23414.625000 845.549500 0.847000 521.982971
23419.375000 845.759094 0.847000 522.093018
23423.500000 845.968689 0.847000 522.187012
23428.625000 846.169861 0.847000 522.286987
23433.625000 846.370850 0.847000 522.387024
23437.625000 846.572144 0.847000 522.487000
23442.750000 846.777039 0.847000 522.588989
23448.000000 846.777039 0.847000 522.687012
23452.250000 846.984009 0.847000 522.788025
23456.875000 847.185059 0.847000 522.887024
23462.500000 847.416748 0.847000 522.987000
23467.125000 847.658508 0.847000 523.086975
23475.000000 847.869568 0.880000 523.187012
23480.625000 848.075256 0.880000 523.286987
23485.000000 848.299133 0.880000 523.388000
23489.625000 848.506409 0.880000 523.481995
23494.875000 848.718018 0.880000 523.586975
23500.250000 848.918945 0.880000 523.682007
23504.000000 849.124207 0.880000 523.784973
23509.875000 849.124207 0.880000 523.888000
23514.500000 849.328735 0.880000 523.994995
23517.500000 849.551086 0.880000 524.086975
23521.125000 849.551086 0.880000 524.192017
23526.125000 849.757751 0.880000 524.286987
23532.250000 849.969360 0.856000 524.395020
23536.000000 849.969360 0.856000 524.481995
23538.875000 850.172913 0.856000 524.586975
23541.125000 850.377441 0.856000 524.687012
23543.125000 850.583313 0.856000 524.786987
23545.750000 850.784485 0.856000 524.887024
23548.750000 851.035889 0.856000 524.987000
23550.625000 851.237244 0.856000 525.085022
23554.500000 851.446228 0.856000 525.190002
23557.875000 851.651489 0.856000 525.288025
23563.375000 851.852844 0.856000 525.387024
23568.375000 852.061951 0.847000 525.487000
23570.625000 852.269043 0.847000 525.594971
23573.500000 852.470520 0.847000 525.695007
23575.250000 852.671997 0.847000 525.794983
23577.750000 852.873352 0.847000 525.895020
23580.125000 853.076904 0.847000 525.995972
23581.000000 853.278137 0.847000 526.096008
23587.250000 853.483154 0.847000 526.182983
23589.375000 853.684204 0.847000 526.289001
23590.875000 853.885498 0.847000 526.382996
23592.625000 854.086853 0.847000 526.482971
23594.250000 854.296204 0.847000 526.583008
23596.500000 854.499451 0.847000 526.687988
23597.250000 854.700806 0.850000 526.788025
23600.500000 854.902283 0.850000 526.888000
23602.375000 855.103516 0.850000 526.987976
23603.125000 855.304565 0.850000 527.088013
23604.625000 855.505981 0.850000 527.182983
23605.750000 855.706970 0.850000 527.288025
23608.875000 855.910461 0.850000 527.388977
23611.500000 856.111938 0.850000 527.494019
23612.125000 856.313477 0.850000 527.583984
23614.500000 856.516602 0.850000 527.684998
23616.125000 856.516602 0.850000 527.783997
23617.750000 856.727844 0.850000 527.883972
23623.750000 856.937012 0.903000 527.989014
23626.375000 857.141174 0.903000 528.083984
23628.625000 857.383972 0.903000 528.184021
23629.125000 857.595337 0.903000 528.283997
23630.750000 857.806335 0.903000 528.383972
23633.375000 858.009583 0.903000 528.484009
23635.250000 858.238953 0.903000 528.588989
23637.250000 858.440063 0.903000 528.684021
23638.000000 858.663330 0.903000 528.789001
23638.875000 858.872864 0.903000 528.883972
23641.000000 859.073914 0.903000 528.984009
23642.375000 859.275085 0.903000 529.085022
23644.625000 859.486755 0.903000 529.190002
23646.375000 859.688110 0.908000 529.284973
23648.000000 859.889465 0.908000 529.383972
23649.875000 860.091064 0.908000 529.484009
23650.875000 860.300171 0.908000 529.583984
23652.500000 860.507385 0.908000 529.684021
23653.750000 860.714722 0.908000 529.789978
23667.875000 860.918518 0.908000 529.883972
23669.625000 861.101624 0.908000 529.992981
23676.250000 861.101624 0.908000 530.093018
23678.250000 861.280212 0.908000 530.184021
23680.000000 861.395081 0.908000 530.284973
23680.625000 861.482056 0.848000 530.383972
23681.375000 861.531982 0.848000 530.492981
23682.375000 861.549805 0.848000 530.590027
23683.625000 861.549805 0.848000 530.684021
23686.625000 861.549805 0.848000 530.783997
23687.125000 861.549805 0.848000 530.892029
23689.000000 861.549805 0.848000 530.987976
23690.000000 861.549805 0.848000 531.086975
23692.750000 861.549805 0.848000 531.193970
23693.000000 861.549805 0.848000 531.283997
23693.375000 861.549805 0.848000 531.387024
23693.500000 861.549805 0.000000 531.495972
23694.625000 861.549805 0.000000 531.585999
23695.000000 861.558655 0.000000 531.685974
23695.000000 861.558655 0.000000 531.788025
23695.500000 861.558655 0.000000 531.885986
23695.500000 861.759766 0.000000 531.986023
23695.500000 861.759766 0.000000 532.085999
23695.625000 861.962280 0.000000 532.185974
23695.625000 862.170166 0.000000 532.286011
23695.750000 862.379028 0.000000 532.385986
23696.125000 862.582153 0.000000 532.497009
23696.125000 862.791321 0.000000 532.585999
23696.125000 862.992493 0.000000 532.685974
23696.250000 863.193359 0.000000 532.786011
23696.250000 863.398376 0.000000 532.893005
23696.500000 863.607239 0.000000 532.992004
23696.500000 863.812744 0.000000 533.093994
23696.625000 864.013977 0.000000 533.193970
23696.625000 864.219299 0.000000 533.286011
23696.625000 864.420776 0.000000 533.387024
23696.625000 864.621643 0.000000 533.491028
23697.500000 864.825623 0.000000 533.585999
23697.625000 864.825623 0.000000 533.687988
23697.625000 865.031311 0.000000 533.783020
23697.625000 865.258911 0.000000 533.882996
23697.750000 865.474182 0.000000 533.982971
23698.000000 865.675781 0.000000 534.098022
23698.125000 865.897278 0.000000 534.197998
23698.875000 866.098694 0.000000 534.302979
23698.875000 866.300049 0.000000 534.398010
23698.875000 866.541382 0.000000 534.497986
23698.875000 866.762268 0.000000 534.593018
23698.875000 866.986755 0.000000 534.697998
23699.375000 867.187988 0.000000 534.797974
23699.625000 867.389099 0.000000 534.898010
23699.625000 867.598572 0.000000 534.992004
23699.750000 867.799561 0.000000 535.096985
23699.875000 868.000793 0.000000 535.192017
23699.875000 868.202026 0.000000 535.291992
23699.875000 868.407532 0.000000 535.388977
23700.000000 868.612549 0.000000 535.481018
23700.000000 868.815918 0.000000 535.585022
23700.000000 869.022583 0.000000 535.684998
23700.125000 869.223450 0.000000 535.789978
23700.125000 869.424805 0.000000 535.885986
23700.250000 869.626343 0.000000 535.987976
23700.250000 869.827637 0.000000 536.085022
23700.750000 870.036499 0.000000 536.193970
23700.875000 870.238037 0.000000 536.289978
23701.000000 870.238037 0.000000 536.385010
23701.500000 870.485657 0.000000 536.484985
23702.250000 870.697144 0.000000 536.585022
23703.000000 870.898376 0.000000 536.690002
23703.125000 871.104492 0.000000 536.786011
23703.125000 871.356018 0.000000 536.885010
23703.375000 871.567261 0.000000 536.984985
23704.375000 871.769897 0.000000 537.093994
23706.625000 871.972168 0.000000 537.193970
23707.750000 871.972168 0.000000 537.294006
23707.750000 872.175781 0.000000 537.388977
23708.125000 872.175781 0.000000 537.484985
23708.125000 872.393738 0.000000 537.585022
23708.125000 872.597107 0.000000 537.697021
23709.500000 872.803650 0.000000 537.784973
23709.500000 873.004395 0.000000 537.890015
23710.250000 873.205383 0.000000 537.984985
23710.250000 873.406677 0.000000 538.085022
23710.250000 873.406677 0.000000 538.193970
23710.375000 873.610962 0.000000 538.286987
23710.625000 873.815186 0.000000 538.385010
23711.125000 873.815186 0.000000 538.486023
23711.125000 874.017212 0.000000 538.585022
23711.125000 874.218323 0.000000 538.684998
23711.125000 874.446777 0.000000 538.786011
23711.250000 874.648865 0.000000 538.885010
23711.375000 874.850220 0.000000 538.984985
23711.875000 875.057678 0.000000 539.093018
23712.250000 875.260803 0.000000 539.193970
23712.625000 875.462158 0.000000 539.289001
23713.375000 875.667603 0.000000 539.385010
23714.000000 875.876831 0.000000 539.484985
23715.250000 876.077942 0.000000 539.585022
23718.250000 876.285461 0.000000 539.684998
23719.500000 876.495300 0.000000 539.793030
23720.375000 876.696533 0.000000 539.893005
23721.875000 876.696533 0.000000 539.984985
23723.250000 877.102783 0.000000 540.090027
23725.000000 877.102783 0.000000 540.187988
23727.125000 877.303894 0.000000 540.284973
23729.000000 877.706604 0.000000 540.390015
23731.250000 877.706604 0.000000 540.484985
23733.125000 877.907776 0.000000 540.585022
23735.000000 878.169434 0.000000 540.684998
23736.500000 878.370667 0.000000 540.784973
23738.750000 878.591919 0.000000 540.885010
23741.125000 878.793152 0.000000 540.984985
23743.000000 878.994690 0.000000 541.085022
23745.625000 879.202759 0.000000 541.190002
23749.125000 879.403992 0.000000 541.286987
23766.500000 879.571533 0.000000 541.385010
23774.250000 879.705627 0.000000 541.487000
23778.750000 879.806274 0.000000 541.591980
23784.375000 879.806274 0.000000 541.684998
23791.375000 879.876343 0.000000 541.784973
23798.375000 879.914368 0.000000 541.893982
23800.125000 879.920471 0.000000 541.994019
23803.500000 879.920471 0.000000 542.093994
23804.625000 879.920471 0.000000 542.193970
23805.500000 879.920471 0.000000 542.296021
23806.250000 879.929016 0.000000 542.385010
23806.750000 879.929016 0.000000 542.494019
23808.250000 879.929016 0.000000 542.598999
23808.375000 879.929016 0.000000 542.692017
23809.625000 880.057007 0.000000 542.784973
23810.500000 880.057007 0.000000 542.885986
23811.125000 880.257935 0.000000 542.984985
23811.250000 880.257935 0.000000 543.091980
23811.375000 880.472717 0.000000 543.184998
23811.500000 880.681091 0.000000 543.284973
23811.625000 880.909790 0.000000 543.385010
23812.625000 881.116516 0.000000 543.492981
23813.000000 881.325623 0.000000 543.591980
23813.500000 881.529053 0.000000 543.684998
23813.500000 881.734192 0.000000 543.784973
23814.000000 881.935059 0.000000 543.885010
23814.250000 882.136353 0.000000 543.984985
23814.500000 882.377747 0.000000 544.135010
23814.625000 882.609314 0.000000 544.229980
23815.000000 882.830933 0.000000 544.335022
23815.125000 883.032166 0.000000 544.429993
23815.125000 883.233459 0.000000 544.531006
23815.125000 883.436890 0.000000 544.643005
23815.375000 883.645813 0.000000 544.731018
23815.500000 883.846924 0.000000 544.830017
23815.625000 884.047791 0.000000 544.929993
23815.875000 884.249023 0.000000 545.025024
23816.250000 884.450134 0.000000 545.130005
23817.250000 884.651550 0.000000 545.229980
23817.750000 884.852783 0.000000 545.330017
23817.875000 885.056030 0.000000 545.429993
23818.000000 885.263855 0.000000 545.544006
23818.250000 885.469299 0.000000 545.630981
23818.250000 885.670532 0.000000 545.736023
23818.250000 885.871155 0.000000 545.846008
23818.250000 886.075378 0.000000 545.942993
23818.375000 886.282837 0.000000 546.036011
23818.375000 886.485718 0.000000 546.138000
23818.375000 886.687378 0.000000 546.237000
23818.625000 886.897095 0.000000 546.346008
23818.750000 887.098389 0.000000 546.445984
23819.000000 887.299805 0.000000 546.544006
23819.250000 887.501038 0.000000 546.645996
23819.250000 887.702454 0.000000 546.745972
23820.250000 887.903564 0.000000 546.846008
23820.625000 888.104675 0.000000 546.950989
23821.250000 888.305664 0.000000 547.046021
23823.625000 888.506714 0.000000 547.151001
23824.000000 888.708252 0.000000 547.247986
23824.250000 888.909668 0.000000 547.341003
23824.250000 889.110718 0.000000 547.435974
23824.500000 889.314331 0.000000 547.541992
23824.625000 889.529907 0.000000 547.643982
23824.875000 889.529907 0.000000 547.741028
23829.000000 889.741089 0.000000 547.841980
23829.375000 889.945435 0.000000 547.940979
23829.500000 890.145874 0.000000 548.046021
23829.625000 890.346985 0.000000 548.140991
23829.750000 890.548096 0.000000 548.242004
23829.750000 890.749451 0.000000 548.341003
23832.375000 890.993652 0.000000 548.440979
23839.125000 891.165039 0.000000 548.541016
23840.750000 891.308350 0.000000 548.642029
23846.125000 891.418640 0.000000 548.741028
23850.250000 891.497009 0.000000 548.853027
23855.500000 891.497009 0.000000 548.950012
23857.625000 891.551941 0.000000 549.039978
23863.000000 891.551941 0.000000 549.143005
23866.750000 891.552185 0.000000 549.242981
23869.500000 891.552185 0.000000 549.351990
23871.000000 891.552185 0.000000 549.447021
23872.625000 891.552185 0.000000 549.552002
23873.375000 891.552185 0.000000 549.651978
23875.750000 891.552185 0.000000 549.752014
23875.750000 891.552185 0.000000 549.838013
23875.875000 891.552551 0.000000 549.937988
23876.125000 891.552551 0.000000 550.043030
23876.250000 891.552551 0.000000 550.148987
23876.250000 891.559814 0.000000 550.252014
23876.375000 891.559814 0.000000 550.346985
23876.375000 891.559814 0.000000 550.445007
23877.000000 891.599121 0.000000 550.539001
23877.500000 891.599121 0.000000 550.638977
23877.750000 891.599121 0.000000 550.744019
23877.750000 891.799561 0.000000 550.838989
23877.875000 892.007324 0.000000 550.939026
23878.000000 892.208252 0.000000 551.039001
23878.250000 892.208252 0.000000 551.138977
23878.375000 892.468445 0.000000 551.239014
23878.500000 892.690002 0.000000 551.338989
23878.625000 892.893127 0.000000 551.439026
23879.625000 893.126404 0.000000 551.546021
23879.625000 893.333862 0.000000 551.643982
23879.625000 893.554993 0.000000 551.739014
23879.625000 893.756287 0.000000 551.838989
23879.625000 893.968079 0.000000 551.939026
23879.750000 894.169189 0.000000 552.044006
23879.750000 894.370667 0.000000 552.138977
23879.750000 894.573975 0.000000 552.239014
23879.750000 894.785339 0.000000 552.338989
23879.750000 894.994385 0.000000 552.439026
23879.750000 895.200012 0.000000 552.546021
23879.750000 895.403503 0.000000 552.640015
23879.750000 895.608521 0.000000 552.744019
23879.750000 895.811890 0.000000 552.843994
23882.375000 896.017761 0.000000 552.945007
23883.500000 896.225098 0.000000 553.044006
23883.625000 896.426453 0.000000 553.143982
23883.625000 896.629761 0.000000 553.249023
23883.625000 896.833069 0.000000 553.346008
23884.125000 897.040161 0.000000 553.448975
23884.125000 897.243469 0.000000 553.549988
23884.125000 897.243469 0.000000 553.643982
23884.125000 897.492615 0.000000 553.744019
23884.125000 897.736023 0.000000 553.849976
23887.375000 897.955750 0.000000 553.945984
23887.500000 898.167236 0.000000 554.044983
23887.875000 898.378601 0.000000 554.143982
23888.000000 898.579712 0.000000 554.247009
23888.000000 898.784729 0.000000 554.346008
23888.000000 898.986023 0.000000 554.447021
23888.125000 899.187561 0.000000 554.546021
23888.125000 899.388855 0.000000 554.645996
23888.250000 899.610107 0.000000 554.755981
23888.250000 899.811340 0.000000 554.846008
23893.625000 900.012390 0.000000 554.945984
23893.750000 900.221985 0.000000 555.046021
23893.750000 900.423218 0.000000 555.145996
23894.000000 900.624634 0.000000 555.250977
23894.125000 900.825745 0.000000 555.346008
23894.250000 901.027039 0.000000 555.445984
23894.625000 901.232849 0.000000 555.546021
23895.000000 901.440186 0.000000 555.645996
23895.000000 901.641479 0.000000 555.745972
23895.250000 901.842834 0.000000 555.846008
23895.500000 902.046509 0.000000 555.947021
23896.250000 902.255493 0.000000 556.056030
23896.875000 902.255493 0.000000 556.143982
23897.625000 902.524780 0.000000 556.244019
23899.500000 902.754211 0.000000 556.343994
23900.625000 902.957336 0.000000 556.445007
23906.125000 903.164917 0.000000 556.544983
23909.500000 903.365723 0.000000 556.656006
23911.500000 903.365723 0.000000 556.744995
23912.875000 903.601074 0.000000 556.846008
23917.000000 903.804199 0.000000 556.945007
23942.125000 904.005188 0.000000 557.039978
23946.375000 904.213074 0.000000 557.145020
23950.500000 904.414124 0.000000 557.245972
23953.125000 904.617432 0.000000 557.346008
23955.875000 904.826660 0.000000 557.445007
23962.375000 905.030029 0.000000 557.546021
23965.375000 905.030029 0.000000 557.645020
23969.250000 905.310059 0.000000 557.744995
23973.250000 905.511414 0.000000 557.844971
23977.500000 905.712769 0.000000 557.945007
23983.125000 905.913696 0.000000 558.049988
23987.875000 906.114563 0.000000 558.145020
23990.625000 906.315918 0.000000 558.250977
23996.250000 906.541443 0.000000 558.344971
23998.875000 906.794922 0.000000 558.443970
24002.375000 906.996033 0.000000 558.549011
24010.500000 907.202026 0.000000 558.638000
24030.125000 907.398010 0.000000 558.752991
24037.875000 907.398010 0.000000 558.843018
24043.625000 907.578613 0.000000 558.953003
24048.875000 907.705688 0.000000 559.043030
24051.375000 907.814148 0.000000 559.148010
24059.250000 907.814148 0.000000 559.242981
24062.125000 907.880249 0.000000 559.343994
24063.250000 907.886658 0.000000 559.447998
24073.250000 907.886658 0.000000 559.552979
24076.875000 907.886658 0.000000 559.648010
24079.500000 907.886658 0.000000 559.749023
24080.875000 907.886658 0.000000 559.848022
24082.625000 907.886658 0.000000 559.942993
24084.125000 907.886658 0.000000 560.054993
24084.875000 907.886658 0.000000 560.148987
24086.875000 907.886658 0.000000 560.255981
24087.750000 907.886658 0.000000 560.351013
24091.750000 907.886658 0.000000 560.455994
24092.000000 907.886658 0.000000 560.557007
24093.375000 907.886658 0.000000 560.655029
24094.000000 907.886658 0.000000 560.757019
24094.375000 907.966492 0.000000 560.856995
24095.375000 907.966492 0.000000 560.956970
24095.625000 908.172302 0.000000 561.057007
24096.125000 908.172302 0.000000 561.153015
24099.375000 908.390198 0.000000 561.247986
24100.375000 908.591492 0.000000 561.353027
24101.250000 908.799683 0.000000 561.443970
24102.375000 909.000854 0.000000 561.547974
24102.875000 909.203979 0.000000 561.648987
24106.625000 909.404846 0.000000 561.755005
24107.250000 909.612427 0.000000 561.848999
24107.875000 909.612427 0.000000 561.875000
24115.000000 909.819824 0.000000 561.989990
24115.875000 910.021179 0.000000 562.080017
24117.125000 910.222290 0.000000 562.179993
24119.000000 910.423401 0.000000 562.280029
24119.875000 910.644287 0.000000 562.390015
24120.125000 910.855530 0.000000 562.489990
24120.750000 911.057800 0.000000 562.580017
24121.250000 911.269165 0.000000 562.684998
24121.375000 911.486694 0.000000 562.789978
24124.625000 911.692505 0.000000 562.885010
24129.375000 911.888428 0.000000 562.984985
24131.000000 911.888428 0.000000 563.065002
24139.875000 912.070374 0.000000 563.184998
24145.625000 912.195923 0.000000 563.289978
24147.750000 912.288940 0.000000 563.385010
24151.875000 912.350769 0.000000 563.484985
24152.375000 912.376038 0.000000 563.585022
24154.625000 912.376038 0.000000 563.684998
24157.000000 912.377075 0.000000 563.784973
24158.125000 912.377075 0.000000 563.890991
24161.500000 912.377075 0.000000 563.984985
24163.250000 912.377075 0.000000 564.065002
24165.000000 912.377075 0.000000 564.192017
24168.125000 912.377075 0.000000 564.284973
24170.625000 912.377075 0.000000 564.380005
24170.875000 912.377075 0.000000 564.489990
24171.375000 912.377075 0.000000 564.593018
24172.125000 912.377075 0.000000 564.684998
24173.125000 912.377075 0.000000 564.791016
24174.000000 912.377075 0.000000 564.880005
24174.625000 912.377075 0.000000 564.992981
24174.625000 912.377075 0.000000 565.085022
24174.625000 912.377075 0.000000 565.184998
24174.625000 912.377075 0.000000 565.284973
24174.625000 912.581360 0.000000 565.385010
24182.625000 912.581360 0.000000 565.492004
24182.875000 912.787292 0.000000 565.585022
24183.875000 912.787292 0.000000 565.684998
24183.875000 912.993713 0.000000 565.784973
24183.875000 913.194519 0.000000 565.885010
24184.250000 913.398743 0.000000 565.969971
24186.375000 913.601807 0.000000 566.085022
24187.500000 913.808777 0.000000 566.164978
24188.875000 914.010559 0.000000 566.280029
24188.875000 914.010559 0.000000 566.385986
24202.750000 914.248169 0.000000 566.484985
24205.125000 914.448547 0.000000 566.585022
24205.125000 914.681519 0.000000 566.668030
24205.250000 914.883423 0.000000 566.783020
24205.500000 915.086182 0.000000 566.888977
24205.500000 915.086182 0.000000 566.963013
24205.500000 915.496765 0.000000 567.083008
24205.500000 915.697571 0.000000 567.182983
24208.625000 915.905029 0.000000 567.291016
24208.875000 915.905029 0.000000 567.380981
24209.250000 916.138550 0.000000 567.494019
24209.750000 916.403503 0.000000 567.580994
24210.875000 916.608521 0.000000 567.676025
24212.375000 916.809875 0.000000 567.791016
24216.875000 917.011230 0.000000 567.885986
24222.500000 917.212219 0.000000 567.995972
24227.375000 917.413696 0.000000 568.091003
24235.875000 917.615051 0.000000 568.185974
24242.875000 917.816040 0.000000 568.296021
24250.000000 918.017273 0.000000 568.395996
24257.125000 918.218506 0.000000 568.491028
24268.750000 918.419739 0.000000 568.596008
24279.500000 918.623108 0.000000 568.695984
24283.750000 918.831665 0.000000 568.796021
24288.875000 919.033020 0.000000 568.892029
24294.375000 919.234314 0.000000 568.987976
24306.000000 919.435425 0.000000 569.093018
24313.375000 919.640808 0.000000 569.185974
24318.625000 919.868286 0.000000 569.288025
24322.750000 920.087402 0.000000 569.390991
24327.125000 920.290649 0.000000 569.484009
24332.250000 920.491638 0.000000 569.601013
24338.250000 920.693970 0.000000 569.693970
24341.625000 920.693970 0.000000 569.788025
24347.625000 920.919861 0.000000 569.888000
24353.500000 921.121460 0.000000 569.992981
24356.750000 921.324341 0.000000 570.088013
24362.000000 921.529602 0.000000 570.197021
24369.000000 921.735840 0.000000 570.296997
24374.750000 921.916931 0.000000 570.375977
24382.750000 922.052368 0.000000 570.486023
24385.375000 922.155640 0.000000 570.591003
24393.875000 922.155640 0.000000 570.685974
24397.500000 922.155640 0.000000 570.786011
24402.000000 922.265625 0.000000 570.885986
24407.625000 922.271851 0.000000 570.986023
24410.375000 922.271851 0.000000 571.080994
24411.500000 922.271851 0.000000 571.185974
24412.375000 922.271851 0.000000 571.271973
24412.500000 922.271851 0.000000 571.387024
24412.500000 922.271851 0.000000 571.492004
24414.000000 922.271851 0.000000 571.586975
24417.375000 922.271851 0.000000 571.687012
24419.250000 922.271851 0.000000 571.786987
24421.625000 922.271851 0.000000 571.887024
24422.750000 922.271851 0.000000 571.966980
24423.625000 922.271851 0.000000 572.086975
24423.750000 922.271851 0.000000 572.185974
24424.000000 922.286926 0.000000 572.273010
24424.750000 922.286926 0.000000 572.356018
24426.375000 922.286926 0.000000 572.486023
24427.375000 922.286926 0.000000 572.586975
24428.125000 922.516357 0.000000 572.685974
24430.625000 922.720093 0.000000 572.786011
24432.000000 922.720093 0.000000 572.885986
24432.625000 922.926392 0.000000 572.994019
24432.875000 923.135132 0.000000 573.093994
24433.125000 923.341125 0.000000 573.169006
24433.500000 923.564514 0.000000 573.294983
24434.375000 923.765747 0.000000 573.405029
24435.250000 923.966858 0.000000 573.484985
24435.750000 924.168213 0.000000 573.590027
24436.375000 924.369568 0.000000 573.695007
24442.125000 924.580078 0.000000 573.799988
24443.000000 924.786987 0.000000 573.906006
24443.625000 924.992493 0.000000 574.005981
24443.875000 924.992493 0.000000 574.106018
24445.375000 925.242249 0.000000 574.205994
24445.500000 925.453613 0.000000 574.296021
24446.125000 925.654724 0.000000 574.406006
24446.500000 925.855957 0.000000 574.505981
24446.500000 926.057312 0.000000 574.616028
24446.750000 926.258545 0.000000 574.705994
24450.625000 926.459778 0.000000 574.806030
24451.250000 926.668701 0.000000 574.890991
24451.625000 926.869080 0.000000 574.995972
24451.875000 927.070312 0.000000 575.106018
24451.875000 927.271545 0.000000 575.195984
24451.875000 927.472900 0.000000 575.286011
24452.000000 927.674377 0.000000 575.390991
24452.000000 927.877319 0.000000 575.494019
24452.375000 928.078613 0.000000 575.586975
24452.375000 928.279968 0.000000 575.692017
24452.500000 928.481201 0.000000 575.786987
24452.500000 928.682190 0.000000 575.892029
24452.875000 928.883789 0.000000 576.012024
24453.000000 929.084778 0.000000 576.106995
24453.000000 929.286377 0.000000 576.206970
24453.000000 929.487366 0.000000 576.299988
24453.125000 929.694763 0.000000 576.400024
24453.125000 929.896240 0.000000 576.500000
24453.250000 930.097473 0.000000 576.599976
24454.625000 930.298706 0.000000 576.679993
24454.750000 930.501038 0.000000 576.791992
24454.750000 930.705017 0.000000 576.896973
24454.875000 930.908447 0.000000 577.002991
24455.125000 931.160706 0.000000 577.103027
24458.000000 931.362732 0.000000 577.197998
24459.375000 931.362732 0.000000 577.301025
24459.625000 931.585022 0.000000 577.401001
24459.750000 931.787720 0.000000 577.500977
24459.750000 931.787720 0.000000 577.601013
24463.125000 931.993774 0.000000 577.692993
24463.375000 931.993774 0.000000 577.793030
24464.125000 932.212219 0.000000 577.895020
24464.250000 932.419922 0.000000 578.000000
24464.875000 932.644226 0.000000 578.088989
24464.875000 932.863464 0.000000 578.197998
24464.875000 933.064758 0.000000 578.293030
24464.875000 933.268372 0.000000 578.393005
24464.875000 933.477173 0.000000 578.487976
24465.000000 933.682129 0.000000 578.599976
24465.000000 933.889771 0.000000 578.703003
24466.750000 933.889771 0.000000 578.789001
24467.125000 934.119751 0.000000 578.893005
24467.250000 934.324829 0.000000 578.997986
24467.250000 934.526306 0.000000 579.093018
24467.250000 934.743591 0.000000 579.192993
24467.250000 934.949097 0.000000 579.297974
24467.375000 935.150085 0.000000 579.393005
24467.375000 935.355286 0.000000 579.489990
24467.375000 935.564270 0.000000 579.593018
24467.375000 935.773560 0.000000 579.692993
24473.250000 935.974365 0.000000 579.793030
24473.375000 936.180420 0.000000 579.893005
24473.375000 936.388367 0.000000 579.987976
24473.375000 936.589233 0.000000 580.099976
24473.625000 936.794617 0.000000 580.205017
24474.000000 937.032104 0.000000 580.288025
24474.125000 937.233032 0.000000 580.372986
24474.125000 937.444397 0.000000 580.494019
24474.125000 937.645386 0.000000 580.593994
24474.125000 937.845520 0.000000 580.692993
24474.500000 938.053955 0.000000 580.788025
24474.500000 938.053955 0.000000 580.893005
24474.625000 938.281433 0.000000 580.992981
24474.625000 938.482483 0.000000 581.101990
24474.625000 938.711914 0.000000 581.202026
24474.625000 938.913147 0.000000 581.294006
24474.625000 939.118591 0.000000 581.406982
24474.625000 939.326050 0.000000 581.492004
24474.625000 939.527832 0.000000 581.601990
24476.500000 939.729248 0.000000 581.692993
24476.500000 939.943481 0.000000 581.804993
24476.500000 940.146606 0.000000 581.898010
24476.500000 940.347961 0.000000 581.973022
24476.625000 940.550964 0.000000 582.093018
24476.625000 940.760254 0.000000 582.192993
24476.625000 940.961365 0.000000 582.297974
24476.625000 941.164612 0.000000 582.393005
24476.625000 941.365601 0.000000 582.492981
24476.625000 941.575256 0.000000 582.598022
24478.250000 941.782776 0.000000 582.705994
24479.375000 941.986206 0.000000 582.801025
24479.500000 942.187439 0.000000 582.901001
24479.500000 942.394226 0.000000 582.994019
24479.500000 942.609863 0.000000 583.101013
24479.500000 942.827209 0.000000 583.193970
24479.500000 943.028381 0.000000 583.278992
24479.625000 943.229675 0.000000 583.393982
24479.625000 943.431152 0.000000 583.494019
24479.625000 943.636414 0.000000 583.588989
24480.875000 943.843506 0.000000 583.693970
24480.875000 944.044006 0.000000 583.794983
24480.875000 944.253357 0.000000 583.895020
24480.875000 944.454468 0.000000 583.994019
24481.125000 944.655701 0.000000 584.093994
24481.125000 944.861938 0.000000 584.193970
24483.500000 945.058105 0.000000 584.304016
24493.750000 945.058105 0.000000 584.388977
24494.250000 945.221191 0.000000 584.505005
24495.875000 945.221191 0.000000 584.596008
24497.875000 945.454529 0.000000 584.705017
24501.500000 945.657288 0.000000 584.799011
24503.000000 945.657288 0.000000 584.898987
24504.500000 945.870605 0.000000 585.010010
24506.250000 946.076782 0.000000 585.094971
24509.625000 946.284485 0.000000 585.200012
24513.125000 946.488037 0.000000 585.299988
24514.875000 946.658325 0.000000 585.414978
24527.000000 946.796875 0.000000 585.495972
24528.000000 946.901001 0.000000 585.606018
24529.875000 946.901001 0.000000 585.706970
24530.500000 946.974182 0.000000 585.796021
24542.250000 946.974182 0.000000 585.908997
24543.250000 946.974182 0.000000 586.008972
24544.125000 946.974182 0.000000 586.109009
24544.500000 946.974182 0.000000 586.203979
24547.250000 947.145996 0.000000 586.299011
24549.750000 947.204407 0.000000 586.408997
24551.375000 947.228882 0.000000 586.500977
24551.375000 947.228882 0.000000 586.585999
24551.875000 947.228882 0.000000 586.706970
24559.000000 947.228882 0.000000 586.799988
24559.000000 947.228882 0.000000 586.882019
24559.875000 947.228882 0.000000 586.995972
24560.625000 947.434448 0.000000 587.096008
24561.000000 947.434448 0.000000 587.200989
24562.125000 947.636292 0.000000 587.286011
24563.000000 947.841125 0.000000 587.390991
24563.750000 947.841125 0.000000 587.495972
24564.750000 948.094788 0.000000 587.611023
24566.250000 948.316162 0.000000 587.685974
24568.625000 948.538208 0.000000 587.809998
24570.250000 948.745544 0.000000 587.885010
24571.375000 948.963745 0.000000 588.010010
24572.125000 949.166382 0.000000 588.096008
24572.875000 949.367615 0.000000 588.195984
24576.250000 949.571716 0.000000 588.301025
24577.250000 949.571716 0.000000 588.398987
24585.500000 949.767639 0.000000 588.495972
24588.000000 949.926941 0.000000 588.601013
24589.875000 950.054138 0.000000 588.700989
24590.875000 950.160217 0.000000 588.796021
24593.250000 950.160217 0.000000 588.901001
24593.875000 950.160217 0.000000 589.000977
24597.375000 950.160217 0.000000 589.101013
24597.750000 950.160217 0.000000 589.200989
24598.750000 950.268677 0.000000 589.296997
24598.750000 950.268677 0.000000 589.401978
24599.375000 950.268677 0.000000 589.495972
24600.250000 950.268677 0.000000 589.604004
24600.750000 950.268677 0.000000 589.695984
24602.750000 950.268677 0.000000 589.801025
24602.750000 950.268677 0.000000 589.906982
24603.125000 950.268677 0.000000 590.000977
24603.125000 950.268677 0.000000 590.106995
24604.250000 950.268677 0.000000 590.200989
24604.250000 950.268677 0.000000 590.301025
24606.750000 950.268677 0.000000 590.411011
24608.750000 950.268677 0.000000 590.500977
24610.375000 950.268677 0.000000 590.614014
24610.750000 950.268677 0.000000 590.700989
24612.375000 950.268677 0.000000 590.801025
24622.625000 950.268677 0.000000 590.903015
24622.625000 950.268677 0.000000 591.007019
24623.500000 950.268677 0.000000 591.101013
24623.875000 950.268677 0.000000 591.200989
24624.000000 950.268677 0.000000 591.301025
24624.375000 950.268677 0.000000 591.401001
24632.750000 950.268677 0.000000 591.502991
24632.750000 950.268677 0.000000 591.603027
24633.625000 950.268677 0.000000 591.703003
24634.875000 950.268677 0.000000 591.802979
24635.250000 950.268677 0.000000 591.903015
24635.625000 950.268677 0.000000 592.013000
24636.875000 950.268677 0.000000 592.103027
24637.500000 950.268677 0.000000 592.203003
24637.500000 950.268677 0.000000 592.302979
24637.625000 950.268677 0.000000 592.408020
24637.625000 950.268677 0.000000 592.497986
24637.625000 950.268677 0.000000 592.603027
24637.625000 950.268677 0.000000 592.702026
24637.750000 950.268677 0.000000 592.802002
24638.625000 950.268677 0.000000 592.901978
24639.125000 950.471863 0.000000 593.002014
24639.500000 950.471863 0.000000 593.101990
24640.125000 950.705017 0.000000 593.202026
24641.000000 950.936707 0.000000 593.302002
24641.625000 951.144653 0.000000 593.406982
24642.750000 951.351379 0.000000 593.502014
24644.750000 951.555664 0.000000 593.614990
24645.750000 951.555664 0.000000 593.700012
24647.625000 951.762085 0.000000 593.801025
24649.125000 951.962585 0.000000 593.906982
24656.875000 952.163330 0.000000 594.000000
24659.250000 952.365356 0.000000 594.112000
24660.375000 952.567444 0.000000 594.200012
24660.750000 952.771667 0.000000 594.299988
24662.625000 952.771667 0.000000 594.400024
24663.375000 952.973145 0.000000 594.500000
24673.375000 953.089722 0.000000 594.601990
24675.250000 953.176941 0.000000 594.700989
24676.125000 953.231201 0.000000 594.799988
24678.875000 953.252136 0.000000 594.903015
24680.000000 953.252136 0.000000 595.000000
24680.875000 953.252380 0.000000 595.099976
24681.250000 953.252380 0.000000 595.200012
24681.500000 953.252380 0.000000 595.301025
24691.500000 953.252380 0.000000 595.400024
24692.625000 953.252380 0.000000 595.500000
24694.875000 953.252380 0.000000 595.604980
24700.875000 953.252380 0.000000 595.705017
24702.250000 953.252380 0.000000 595.799988
24703.125000 953.252380 0.000000 595.900024
24704.500000 953.252380 0.000000 596.005005
24705.250000 953.252380 0.000000 596.107971
24705.250000 953.252380 0.000000 596.205017
24705.625000 953.252380 0.000000 596.309998
24706.375000 953.252380 0.000000 596.405029
24706.500000 953.252380 0.000000 596.500000
24706.625000 953.252380 0.000000 596.604980
24707.125000 953.252380 0.000000 596.705017
24707.125000 953.252380 0.000000 596.806030
24707.250000 953.252380 0.000000 596.906982
24707.500000 953.252380 0.000000 596.999023
24707.750000 953.470947 0.000000 597.111023
24708.250000 953.470947 0.000000 597.203979
24708.500000 953.674377 0.000000 597.304016
24708.750000 953.674377 0.000000 597.403992
24709.625000 953.878967 0.000000 597.513977
24710.375000 953.878967 0.000000 597.614014
24711.250000 954.115845 0.000000 597.708984
24711.625000 954.115845 0.000000 597.818970
24711.750000 954.319580 0.000000 597.919006
24711.750000 954.319580 0.000000 598.018982
24713.000000 954.319580 0.000000 598.099976
24713.250000 954.319580 0.000000 598.213989
24713.250000 954.319580 0.000000 598.314026
24713.250000 954.319580 0.000000 598.408997
24713.250000 954.319580 0.000000 598.510010
24713.250000 954.319580 0.000000 598.604004
24713.250000 954.319580 0.000000 598.713989
24713.250000 954.319580 0.000000 598.814026
24713.250000 954.319580 0.000000 598.914001
24713.250000 954.319580 0.000000 599.013977
24713.625000 954.369385 0.000000 599.117981
24713.750000 954.369385 0.000000 599.208008
24713.750000 954.369385 0.000000 599.328003
24713.750000 954.369385 0.000000 599.408020
24713.750000 954.369385 0.000000 599.534973
24713.750000 954.369385 0.000000 599.604980
24714.625000 954.369385 0.000000 599.710022
24715.625000 954.369385 0.000000 599.809998
24716.500000 954.369385 0.000000 599.916992
24716.500000 954.369385 0.000000 600.026978
24717.375000 954.369385 0.000000 600.117004
24717.375000 954.369385 0.000000 600.205017
24718.000000 954.369385 0.000000 600.315979
24718.250000 954.369385 0.000000 600.414978
24720.250000 954.369385 0.000000 600.515991
24720.250000 954.369385 0.000000 600.614990
24720.250000 954.369385 0.000000 600.715027
24720.250000 954.369385 0.000000 600.820007
24720.250000 954.369385 0.000000 600.914978
24720.250000 954.369385 0.000000 601.021973
24720.250000 954.369385 0.000000 601.116028
24720.250000 954.369385 0.000000 601.213013
24720.250000 954.369385 0.000000 601.320007
24720.250000 954.369385 0.000000 601.414978
24720.250000 954.369385 0.000000 601.528015
24720.250000 954.369385 0.000000 601.614014
24720.250000 954.369385 0.000000 601.716003
24720.250000 954.369385 0.000000 601.807983
24720.250000 954.369385 0.000000 601.919006
24720.250000 954.369385 0.000000 602.013000
24720.500000 954.369385 0.000000 602.112976
24720.625000 954.369385 0.000000 602.213013
24720.625000 954.369385 0.000000 602.312988
24720.625000 954.369385 0.000000 602.413025
24720.625000 954.369385 0.000000 602.513000
24720.625000 954.369385 0.000000 602.612976
24720.625000 954.369385 0.000000 602.718994
24720.625000 954.369385 0.000000 602.809021
24720.625000 954.369385 0.000000 602.914001
24720.625000 954.369385 0.000000 603.013977
24720.625000 954.369385 0.000000 603.106995
24720.625000 954.369385 0.000000 603.213989
24720.625000 954.369385 0.000000 603.318970
24720.625000 954.369385 0.000000 603.414001
24720.625000 954.369385 0.000000 603.518005
24720.750000 954.369385 0.000000 603.630981
24720.875000 954.369385 0.000000 603.721008
24727.250000 954.369385 0.000000 603.820984
24727.375000 954.369385 0.000000 603.926025
24727.375000 954.369385 0.000000 604.007996
24727.375000 954.369385 0.000000 604.112976
24727.500000 954.369385 0.000000 604.213013
24727.750000 954.369385 0.000000 604.312988
24728.000000 954.369385 0.000000 604.419006
24728.000000 954.369385 0.000000 604.513000
24728.000000 954.369385 0.000000 604.614014
24728.250000 954.374573 0.000000 604.713989
24729.000000 954.378479 0.000000 604.799011
24729.625000 954.378479 0.000000 604.921997
24729.625000 954.378479 0.000000 605.021973
24729.625000 954.378479 0.000000 605.114014
24729.875000 954.378479 0.000000 605.213989
24729.875000 954.378479 0.000000 605.309021
24729.875000 954.378479 0.000000 605.414001
24729.875000 954.378479 0.000000 605.507996
24729.875000 954.378479 0.000000 605.614014
24729.875000 954.378479 0.000000 605.724976
24731.625000 954.378479 0.000000 605.818970
24731.625000 954.378479 0.000000 605.914001
24731.625000 954.379089 0.000000 606.044006
24731.625000 954.379089 0.000000 606.119995
24731.750000 954.379089 0.000000 606.219971
24731.875000 954.379089 0.000000 606.314026
24731.875000 954.379089 0.000000 606.414001
24731.875000 954.379089 0.000000 606.515991
24732.000000 954.379089 0.000000 606.614014
24732.125000 954.575745 0.000000 606.721985
24732.500000 954.613953 0.000000 606.796997
24732.875000 954.621460 0.000000 606.911987
24733.000000 954.621460 0.000000 607.010010
24733.125000 954.621460 0.000000 607.122986
24733.250000 954.621460 0.000000 607.216003
24733.250000 954.621460 0.000000 607.312988
24733.750000 954.621460 0.000000 607.413025
24733.750000 954.621460 0.000000 607.513000
24733.750000 954.621460 0.000000 607.612976
24734.125000 954.621460 0.000000 607.689026
24734.125000 954.621460 0.000000 607.817993
24735.750000 954.621460 0.000000 607.903015
24735.750000 954.621460 0.000000 608.013977
24735.875000 954.621460 0.000000 608.122986
24737.875000 954.621460 0.000000 608.228027
24746.375000 954.621460 0.000000 608.317993
24746.625000 954.621460 0.000000 608.418030
24747.000000 954.621460 0.000000 608.520020
24747.000000 954.621460 0.000000 608.622986
24747.000000 954.652039 0.000000 608.703003
24747.000000 954.652039 0.000000 608.822998
24747.000000 954.652039 0.000000 608.927979
24747.000000 954.856689 0.000000 609.018005
24747.125000 955.062256 0.000000 609.129028
24747.500000 955.062256 0.000000 609.223999
24747.875000 955.268677 0.000000 609.338013
24747.875000 955.475403 0.000000 609.419006
24748.000000 955.682861 0.000000 609.528015
24748.500000 955.884094 0.000000 609.617981
24749.125000 956.113464 0.000000 609.726990
24749.375000 956.321960 0.000000 609.802002
24749.875000 956.529602 0.000000 609.929993
24749.875000 956.529602 0.000000 610.018982
24750.625000 956.730591 0.000000 610.135986
24751.000000 956.730591 0.000000 610.226013
24752.125000 956.940491 0.000000 610.328979
24752.375000 956.940491 0.000000 610.424011
24752.625000 957.152161 0.000000 610.526978
24753.125000 957.152161 0.000000 610.612976
24754.000000 957.371765 0.000000 610.726990
24754.625000 957.573975 0.000000 610.817017
24754.750000 957.779968 0.000000 610.927002
24756.000000 957.981567 0.000000 611.017029
24757.750000 958.182678 0.000000 611.122009
24759.875000 958.383789 0.000000 611.236023
24762.875000 958.592529 0.000000 611.330994
24765.625000 958.802124 0.000000 611.421997
24767.750000 959.009460 0.000000 611.536987
24771.000000 959.218811 0.000000 611.622009
24774.375000 959.430237 0.000000 611.716980
24782.375000 959.632263 0.000000 611.822021
24785.125000 959.826538 0.000000 611.927002
24786.125000 959.826538 0.000000 612.017029
24787.625000 959.986389 0.000000 612.127014
24789.750000 960.115845 0.000000 612.216980
24791.375000 960.206848 0.000000 612.331970
24792.750000 960.206848 0.000000 612.421997
24794.000000 960.206848 0.000000 612.521973
24795.750000 960.298157 0.000000 612.627014
24797.125000 960.298157 0.000000 612.726990
24799.875000 960.298157 0.000000 612.822021
24800.500000 960.298157 0.000000 612.916992
24803.375000 960.298157 0.000000 613.026978
24806.125000 960.298157 0.000000 613.117004
24806.125000 960.298157 0.000000 613.197021
24806.250000 960.298157 0.000000 613.317017
24807.750000 960.298157 0.000000 613.421997
24808.000000 960.298157 0.000000 613.507019
24808.000000 960.298767 0.000000 613.617004
24808.375000 960.298767 0.000000 613.731995
24808.625000 960.301147 0.000000 613.831970
24808.875000 960.301147 0.000000 613.927002
24809.000000 960.301147 0.000000 614.023010
24809.000000 960.331787 0.000000 614.127014
24809.125000 960.331787 0.000000 614.219971
24809.125000 960.331787 0.000000 614.325989
24811.125000 960.509399 0.000000 614.429993
24811.500000 960.509399 0.000000 614.505981
24812.000000 960.710632 0.000000 614.619995
24812.250000 960.710632 0.000000 614.728027
24812.625000 960.917908 0.000000 614.820007
24820.625000 961.120667 0.000000 614.919983
24822.000000 961.282471 0.000000 615.020020
24823.750000 961.410950 0.000000 615.119995
24825.250000 961.410950 0.000000 615.205017
24831.250000 961.506897 0.000000 615.330017
24833.375000 961.569641 0.000000 615.421021
24835.375000 961.569641 0.000000 615.515015
24841.625000 961.601746 0.000000 615.630981
24845.625000 961.601746 0.000000 615.702026
24846.500000 961.601746 0.000000 615.827026
24848.500000 961.601746 0.000000 615.919983
24849.125000 961.601746 0.000000 616.015015
24849.875000 961.601746 0.000000 616.119995
24850.875000 961.601746 0.000000 616.219971
24850.875000 961.601746 0.000000 616.325012
24852.125000 961.610901 0.000000 616.405029
24859.625000 961.610901 0.000000 616.533997
24859.875000 961.610901 0.000000 616.633972
24860.000000 961.675964 0.000000 616.729004
24860.500000 961.675964 0.000000 616.833984
24861.375000 961.675964 0.000000 616.893982
24862.000000 961.882874 0.000000 617.028992
24863.125000 962.088562 0.000000 617.127991
24864.375000 962.295837 0.000000 617.228027
24866.375000 962.502319 0.000000 617.304993
24868.750000 962.711121 0.000000 617.419983
24869.875000 962.711121 0.000000 617.494995
24871.500000 962.940491 0.000000 617.619995
24873.500000 963.212158 0.000000 617.721008
24874.750000 963.413269 0.000000 617.806030
24876.875000 963.613464 0.000000 617.885986
24879.625000 963.819397 0.000000 618.020996
24885.750000 963.991943 0.000000 618.091003
24888.125000 964.132446 0.000000 618.221008
24890.500000 964.239380 0.000000 618.325989
24893.250000 964.239380 0.000000 618.416016
24894.375000 964.313660 0.000000 618.515991
24897.500000 964.355408 0.000000 618.598022
24899.375000 964.364807 0.000000 618.726013
24903.375000 964.364807 0.000000 618.820984
24906.750000 964.364807 0.000000 618.911011
24908.625000 964.364807 0.000000 618.981018
24908.875000 964.364807 0.000000 619.116028
24913.875000 964.364807 0.000000 619.185974
24915.000000 964.374023 0.000000 619.325989
24915.000000 964.374023 0.000000 619.424011
24915.750000 964.374023 0.000000 619.523987
24916.625000 964.374023 0.000000 619.625977
24917.000000 964.426758 0.000000 619.726990
24923.000000 964.426758 0.000000 619.831970
24925.500000 964.464966 0.000000 619.916016
24926.000000 964.464966 0.000000 620.020996
24927.125000 964.464966 0.000000 620.125977
24928.000000 964.464966 0.000000 620.221008
24929.875000 964.464966 0.000000 620.320984
24931.250000 964.464966 0.000000 620.431030
24932.000000 964.464966 0.000000 620.517029
24932.375000 964.464966 0.000000 620.620972
24932.500000 964.464966 0.000000 620.695984
24933.250000 964.464966 0.000000 620.791016
24933.250000 964.464966 0.000000 620.892029
24934.125000 964.464966 0.000000 621.000000
24934.250000 964.464966 0.000000 621.099976
24934.375000 964.469116 0.000000 621.200012
24934.375000 964.469116 0.000000 621.299988
24934.625000 964.479614 0.000000 621.400024
24934.750000 964.479614 0.000000 621.500000
24935.000000 964.479614 0.000000 621.591980
24935.375000 964.479614 0.000000 621.697021
24935.625000 964.688477 0.000000 621.801025
24936.125000 964.688477 0.000000 621.896973
24936.875000 964.891418 0.000000 621.992004
24937.500000 965.094727 0.000000 622.096985
24938.375000 965.312500 0.000000 622.197021
24938.750000 965.513855 0.000000 622.302002
24939.500000 965.717224 0.000000 622.398987
24940.000000 965.918457 0.000000 622.499023
24941.125000 966.119690 0.000000 622.601013
24941.625000 966.322632 0.000000 622.695007
24942.625000 966.524048 0.000000 622.789978
24943.500000 966.725403 0.000000 622.890015
24943.875000 966.928955 0.000000 622.995972
24944.625000 967.138306 0.000000 623.091980
24944.750000 967.341187 0.000000 623.190979
24945.000000 967.546631 0.000000 623.291016
24945.500000 967.754822 0.000000 623.390991
24946.125000 967.754822 0.000000 623.491028
24946.125000 968.003662 0.000000 623.598999
24946.125000 968.212769 0.000000 623.692993
24946.250000 968.414062 0.000000 623.793030
24946.625000 968.641785 0.000000 623.893005
24949.000000 968.857422 0.000000 623.992981
24949.625000 968.857422 0.000000 624.093994
24950.750000 969.071533 0.000000 624.187988
24952.500000 969.252991 0.000000 624.291016
24954.125000 969.252991 0.000000 624.390991
24955.500000 969.252991 0.000000 624.491028
24957.375000 969.474976 0.000000 624.596008
24958.250000 969.679504 0.000000 624.705017
24958.625000 969.679504 0.000000 624.804993
24959.375000 969.926514 0.000000 624.900024
24962.000000 970.149902 0.000000 625.000000
24963.125000 970.149902 0.000000 625.091980
24964.125000 970.416687 0.000000 625.200012
24965.625000 970.624329 0.000000 625.291016
24967.375000 970.836731 0.000000 625.390991
24969.000000 971.039612 0.000000 625.491028
24969.625000 971.246521 0.000000 625.591003
24970.000000 971.454468 0.000000 625.700012
24970.375000 971.655457 0.000000 625.799988
24970.750000 971.856812 0.000000 625.900024
24971.875000 972.060059 0.000000 626.000000
24972.375000 972.060059 0.000000 626.099976
24973.000000 972.277161 0.000000 626.190002
24973.500000 972.478394 0.000000 626.286011
24973.625000 972.681213 0.000000 626.370972
24974.000000 972.890503 0.000000 626.487000
24974.250000 973.097168 0.000000 626.570984
24974.875000 973.297302 0.000000 626.676025
24975.125000 973.297302 0.000000 626.783997
24975.250000 973.503052 0.000000 626.887024
24975.375000 973.703735 0.000000 626.971008
24975.875000 973.850281 0.000000 627.080994
24975.875000 973.850281 0.000000 627.181030
24976.125000 974.051208 0.000000 627.281006
24976.125000 974.051208 0.000000 627.370972
24976.250000 974.254517 0.000000 627.481018
24976.500000 974.254517 0.000000 627.580994
24976.500000 974.455811 0.000000 627.681030
24977.750000 974.455811 0.000000 627.789001
24978.250000 974.455811 0.000000 627.880981
24978.500000 974.455811 0.000000 627.991028
24978.750000 974.581421 0.000000 628.080994
24978.875000 974.581421 0.000000 628.190979
24978.875000 974.581421 0.000000 628.276001
24978.875000 974.805237 0.000000 628.382996
24979.250000 974.805237 0.000000 628.482971
24980.375000 975.005920 0.000000 628.583008
24980.625000 975.107971 0.000000 628.671021
24981.125000 975.179138 0.000000 628.776001
24981.625000 975.217346 0.000000 628.890991
24981.750000 975.217346 0.000000 628.981018
24981.750000 975.224609 0.000000 629.083008
24981.875000 975.224609 0.000000 629.172974
24982.000000 975.224609 0.000000 629.278992
24982.125000 975.224609 0.000000 629.382996
24982.125000 975.224609 0.000000 629.482971
24982.250000 975.224609 0.000000 629.567993
24982.375000 975.224609 0.000000 629.682983
24982.625000 975.224609 0.000000 629.794006
24982.750000 975.224609 0.000000 629.882996
24982.750000 975.224609 0.000000 629.978027
24982.750000 975.224609 0.000000 630.083008
24982.750000 975.224609 0.000000 630.189026
24982.750000 975.224609 0.000000 630.294983
24982.875000 975.224609 0.000000 630.388000
24982.875000 975.428650 0.000000 630.492981
24982.875000 975.428650 0.000000 630.593018
24983.000000 975.646301 0.000000 630.682007
24983.250000 975.849060 0.000000 630.791992
24983.375000 975.849060 0.000000 630.867004
24983.375000 976.052917 0.000000 630.981995
24983.375000 976.052917 0.000000 631.083984
24983.375000 976.254883 0.000000 631.182007
24983.375000 976.254883 0.000000 631.281982
24983.375000 976.254883 0.000000 631.380981
24983.375000 976.254883 0.000000 631.481018
24983.375000 976.254883 0.000000 631.570984
24983.375000 976.254883 0.000000 631.676025
24983.375000 976.254883 0.000000 631.765991
24983.375000 976.254883 0.000000 631.882996
24983.625000 976.254883 0.000000 631.981018
24983.625000 976.309326 0.000000 632.070984
24983.750000 976.309326 0.000000 632.181030
24983.750000 976.309326 0.000000 632.281006
24983.750000 976.309326 0.000000 632.370972
24983.750000 976.309326 0.000000 632.481018
24983.750000 976.309326 0.000000 632.580994
24983.750000 976.309326 0.000000 632.661987
24983.750000 976.309326 0.000000 632.771973
24983.750000 976.309326 0.000000 632.880981
24983.750000 976.309326 0.000000 632.966003
24984.875000 976.509338 0.000000 633.083984
24986.375000 976.531433 0.000000 633.171021
24986.375000 976.531921 0.000000 633.281006
24986.500000 976.531921 0.000000 633.380981
24986.500000 976.531921 0.000000 633.481995
24986.625000 976.531921 0.000000 633.580994
24986.625000 976.531921 0.000000 633.684021
24986.625000 976.531921 0.000000 633.775024
24986.625000 976.738220 0.000000 633.880981
24987.000000 976.938721 0.000000 633.986023
24987.250000 976.938721 0.000000 634.101013
24987.375000 977.143982 0.000000 634.179993
24987.625000 977.143982 0.000000 634.260010
24987.875000 977.143982 0.000000 634.380005
24987.875000 977.344238 0.000000 634.489014
24988.000000 977.344238 0.000000 634.583984
24988.125000 977.344238 0.000000 634.689026
24988.125000 977.344238 0.000000 634.789001
24988.125000 977.344238 0.000000 634.888000
24988.125000 977.344238 0.000000 634.987976
24988.125000 977.344238 0.000000 635.075012
24988.125000 977.344238 0.000000 635.174988
24988.125000 977.344238 0.000000 635.286011
24988.125000 977.344238 0.000000 635.395996
24988.125000 977.344238 0.000000 635.479980
24988.375000 977.376831 0.000000 635.585022
24988.375000 977.376831 0.000000 635.681030
24988.375000 977.376831 0.000000 635.780029
24988.375000 977.376831 0.000000 635.885010
24988.375000 977.376831 0.000000 635.984985
24988.375000 977.376831 0.000000 636.090027
24988.375000 977.376831 0.000000 636.169983
24988.375000 977.376831 0.000000 636.280029
24988.375000 977.376831 0.000000 636.375977
24988.375000 977.376831 0.000000 636.479980
24988.375000 977.376831 0.000000 636.580017
24988.375000 977.376831 0.000000 636.679993
24988.375000 977.376831 0.000000 636.775024
24988.375000 977.376831 0.000000 636.885010
24988.375000 977.376831 0.000000 636.976013
24988.375000 977.376831 0.000000 637.070007
24988.375000 977.376831 0.000000 637.179993
24988.375000 977.376831 0.000000 637.289978
24988.375000 977.376831 0.000000 637.380005
24988.375000 977.376831 0.000000 637.484985
24988.375000 977.376831 0.000000 637.581970
24988.375000 977.376831 0.000000 637.682007
24988.375000 977.376831 0.000000 637.783020
24988.375000 977.376831 0.000000 637.882019
24988.375000 977.376831 0.000000 637.971985
24988.375000 977.376831 0.000000 638.081970
24988.375000 977.376831 0.000000 638.184021
24988.375000 977.376831 0.000000 638.281982
24988.375000 977.376831 0.000000 638.396973
24988.375000 977.376831 0.000000 638.507019
24988.375000 977.376831 0.000000 638.593994
24988.375000 977.376831 0.000000 638.697021
24988.375000 977.376831 0.000000 638.791992
24988.375000 977.376831 0.000000 638.896973
24988.375000 977.376831 0.000000 639.007019
24988.375000 977.376831 0.000000 639.081970
24988.375000 977.376831 0.000000 639.197021
24988.375000 977.376831 0.000000 639.307007
24988.375000 977.376831 0.000000 639.406982
24988.375000 977.376831 0.000000 639.510010
24988.375000 977.376831 0.000000 639.612976
24988.375000 977.376831 0.000000 639.706970
24988.375000 977.376831 0.000000 639.791992
24988.375000 977.376831 0.000000 639.892029
24988.375000 977.376831 0.000000 640.007019
24988.375000 977.376831 0.000000 640.103027
24988.375000 977.376831 0.000000 640.197021
24988.375000 977.376831 0.000000 640.312012
24988.375000 977.376831 0.000000 640.382019
24988.375000 977.376831 0.000000 640.502014
24988.375000 977.376831 0.000000 640.614990
24988.375000 977.376831 0.000000 640.705017
24988.375000 977.376831 0.000000 640.796997
24988.375000 977.376831 0.000000 640.885010
24988.375000 977.376831 0.000000 641.005005
24988.375000 977.376831 0.000000 641.091980
24988.375000 977.376831 0.000000 641.197021
24988.375000 977.376831 0.000000 641.312012
24988.375000 977.376831 0.000000 641.403015
24988.375000 977.376831 0.000000 641.497009
24988.500000 977.376831 0.000000 641.591980
24988.500000 977.376831 0.000000 641.697021
24988.500000 977.376831 0.000000 641.810974
24988.500000 977.376831 0.000000 641.887024
24988.500000 977.376831 0.000000 642.012024
24988.500000 977.376831 0.000000 642.086975
24988.500000 977.376831 0.000000 642.197998
24988.500000 977.376831 0.000000 642.302002
24988.500000 977.376831 0.000000 642.403992
24988.875000 977.376831 0.000000 642.494019
24988.875000 977.376831 0.000000 642.593994
24988.875000 977.376831 0.000000 642.698975
24988.875000 977.376831 0.000000 642.794006
24988.875000 977.376831 0.000000 642.888977
24988.875000 977.376831 0.000000 642.999023
24988.875000 977.376831 0.000000 643.104980
24988.875000 977.376831 0.000000 643.213989
24988.875000 977.376831 0.000000 643.299988
24988.875000 977.376831 0.000000 643.393982
24988.875000 977.376831 0.000000 643.494019
24988.875000 977.376831 0.000000 643.590027
24988.875000 977.376831 0.000000 643.698975
24988.875000 977.376831 0.000000 643.804016
24988.875000 977.376831 0.000000 643.909973
24988.875000 977.376831 0.000000 643.989014
24988.875000 977.376831 0.000000 644.114990
24988.875000 977.376831 0.000000 644.193970
24988.875000 977.376831 0.000000 644.299988
24988.875000 977.376831 0.000000 644.405029
24989.000000 977.376831 0.000000 644.500000
24989.000000 977.376831 0.000000 644.599976
24989.000000 977.376831 0.000000 644.690002
24989.000000 977.376831 0.000000 644.789978
24989.000000 977.376831 0.000000 644.906006
24989.000000 977.376831 0.000000 645.010986
24989.000000 977.376831 0.000000 645.085022
24989.000000 977.376831 0.000000 645.200989
24989.000000 977.376831 0.000000 645.294983
24989.000000 977.376831 0.000000 645.401001
24989.000000 977.376831 0.000000 645.494995
24989.125000 977.376831 0.000000 645.614990
24989.125000 977.376831 0.000000 645.703979
24989.125000 977.376831 0.000000 645.818970
24989.125000 977.376831 0.000000 645.911011
24989.125000 977.376831 0.000000 646.000977
24989.125000 977.376831 0.000000 646.114990
24989.125000 977.376831 0.000000 646.205017
24989.125000 977.376831 0.000000 646.307983
24989.125000 977.376831 0.000000 646.401978
24989.125000 977.376831 0.000000 646.513000
24989.125000 977.376831 0.000000 646.598022
24989.125000 977.376831 0.000000 646.682983
24989.125000 977.376831 0.000000 646.799011
24989.125000 977.376831 0.000000 646.879028
24989.125000 977.376831 0.000000 646.999023
24989.125000 977.376831 0.000000 647.086975
24989.125000 977.376831 0.000000 647.184021
24989.125000 977.376831 0.000000 647.294006
24989.125000 977.376831 0.000000 647.406006
24989.125000 977.376831 0.000000 647.508972
24989.125000 977.376831 0.000000 647.593994
24989.125000 977.376831 0.000000 647.698975
24989.125000 977.376831 0.000000 647.794006
24989.125000 977.376831 0.000000 647.888977
24989.125000 977.376831 0.000000 648.000000
24989.125000 977.376831 0.000000 648.109009
24989.125000 977.376831 0.000000 648.193970
24989.125000 977.376831 0.000000 648.307983
24989.125000 977.376831 0.000000 648.408020
24989.125000 977.376831 0.000000 648.497986
24989.125000 977.376831 0.000000 648.607971
24989.125000 977.376831 0.000000 648.692993
24989.875000 977.376831 0.000000 648.799011
24989.875000 977.376831 0.000000 648.898987
24989.875000 977.376831 0.000000 649.004028
24989.875000 977.376831 0.000000 649.098999
24989.875000 977.376831 0.000000 649.203979
24989.875000 977.376831 0.000000 649.294006
24989.875000 977.376831 0.000000 649.408997
24989.875000 977.376831 0.000000 649.499023
24989.875000 977.376831 0.000000 649.609009
24989.875000 977.376831 0.000000 649.698975
24989.875000 977.376831 0.000000 649.799011
24989.875000 977.376831 0.000000 649.908997
24989.875000 977.376831 0.000000 649.999023
24989.875000 977.376831 0.000000 650.078979
24990.250000 977.376831 0.000000 650.223022
24990.250000 977.376831 0.000000 650.302979
24990.375000 977.376831 0.000000 650.406982
24990.375000 977.376831 0.000000 650.497009
24990.375000 977.376831 0.000000 650.601990
24990.375000 977.376831 0.000000 650.703979
24990.375000 977.577576 0.000000 650.807983
24990.375000 977.577576 0.000000 650.918030
24990.375000 977.787720 0.000000 651.002991
24990.375000 977.787720 0.000000 651.117981
24990.625000 977.962158 0.000000 651.205994
24991.250000 978.053101 0.000000 651.294006
24991.375000 978.116577 0.000000 651.396973
24991.375000 978.137451 0.000000 651.497009
24991.625000 978.137451 0.000000 651.596008
24991.875000 978.137573 0.000000 651.700989
24992.000000 978.137573 0.000000 651.806030
24992.000000 978.137573 0.000000 651.885986
24992.000000 978.137573 0.000000 652.000977
24994.250000 978.137573 0.000000 652.116028
24995.375000 978.137573 0.000000 652.190979
24995.500000 978.137573 0.000000 652.301025
24995.750000 978.137573 0.000000 652.406006
24995.875000 978.137573 0.000000 652.500977
24996.000000 978.137573 0.000000 652.580994
24996.000000 978.148926 0.000000 652.695984
24996.000000 978.148926 0.000000 652.801025
24996.125000 978.148926 0.000000 652.906006
24996.125000 978.148926 0.000000 652.991028
24996.125000 978.148926 0.000000 653.088989
24996.875000 978.148926 0.000000 653.193970
24997.000000 978.322266 0.000000 653.299011
24997.125000 978.354553 0.000000 653.383972
24999.750000 978.358337 0.000000 653.489014
25000.125000 978.358337 0.000000 653.606018
25000.125000 978.358337 0.000000 653.716003
25001.125000 978.358337 0.000000 653.799011
25001.250000 978.358337 0.000000 653.903992
25001.875000 978.358337 0.000000 653.989014
25002.000000 978.358337 0.000000 654.098999
25002.000000 978.358337 0.000000 654.218018
25002.000000 978.358337 0.000000 654.302979
25002.000000 978.358337 0.000000 654.403015
25002.000000 978.358337 0.000000 654.507996
25002.000000 978.358337 0.000000 654.607971
25002.250000 978.358337 0.000000 654.708984
25002.250000 978.358337 0.000000 654.799011
25002.250000 978.358337 0.000000 654.908020
25002.250000 978.358337 0.000000 655.018005
25002.250000 978.358337 0.000000 655.093994
25002.500000 978.358337 0.000000 655.208984
25003.250000 978.358337 0.000000 655.318970
25003.500000 978.388489 0.000000 655.403992
25003.500000 978.388489 0.000000 655.513977
25004.000000 978.388489 0.000000 655.609009
25004.000000 978.388489 0.000000 655.721008
25004.000000 978.388489 0.000000 655.806030
25004.000000 978.388489 0.000000 655.898987
25004.000000 978.388489 0.000000 656.015015
25004.000000 978.388489 0.000000 656.104004
25004.000000 978.388489 0.000000 656.218994
25004.000000 978.388489 0.000000 656.304016
25004.750000 978.388489 0.000000 656.390991
25004.750000 978.388489 0.000000 656.515991
25004.750000 978.388489 0.000000 656.588989
25004.750000 978.388489 0.000000 656.693970
25004.750000 978.388489 0.000000 656.789001
25004.875000 978.388489 0.000000 656.893982
25004.875000 978.388489 0.000000 657.004028
25004.875000 978.388489 0.000000 657.109009
25004.875000 978.592590 0.000000 657.190979
25004.875000 978.793640 0.000000 657.299011
25005.000000 978.793640 0.000000 657.408997
25005.125000 978.996277 0.000000 657.504028
25005.625000 979.203613 0.000000 657.578979
25005.750000 979.203613 0.000000 657.698975
25006.500000 979.411011 0.000000 657.801025
25008.125000 979.616394 0.000000 657.914001
25008.250000 979.820923 0.000000 658.013977
25008.250000 979.820923 0.000000 658.088989
25008.375000 980.026978 0.000000 658.203979
25008.375000 980.026978 0.000000 658.320007
25008.375000 980.026978 0.000000 658.403992
25008.375000 980.026978 0.000000 658.513977
25008.500000 980.026978 0.000000 658.604004
25008.500000 980.026978 0.000000 658.703979
25008.500000 980.026978 0.000000 658.794983
25008.500000 980.026978 0.000000 658.903992
25008.500000 980.026978 0.000000 658.994019
25008.500000 980.026978 0.000000 659.111023
25008.500000 980.026978 0.000000 659.210999
25008.750000 980.159790 0.000000 659.310974
25009.000000 980.159790 0.000000 659.416016
25009.000000 980.159790 0.000000 659.510986
25009.000000 980.159912 0.000000 659.604004
25009.125000 980.159912 0.000000 659.708984
25009.125000 980.159912 0.000000 659.804016
25010.750000 980.159912 0.000000 659.908997
25010.750000 980.159912 0.000000 659.979004
25010.875000 980.372070 0.000000 660.098999
25010.875000 980.372070 0.000000 660.203979
25011.000000 980.372070 0.000000 660.289978
25012.500000 980.572876 0.000000 660.393982
25012.875000 980.638489 0.000000 660.504028
25013.000000 980.671021 0.000000 660.598999
25013.000000 980.674500 0.000000 660.708984
25013.000000 980.674500 0.000000 660.809998
25013.250000 980.674500 0.000000 660.903992
25013.375000 980.674500 0.000000 660.994019
25013.750000 980.674500 0.000000 661.104004
25014.625000 980.674500 0.000000 661.189026
25014.750000 980.674500 0.000000 661.294006
25018.500000 980.674500 0.000000 661.398987
25018.500000 980.674500 0.000000 661.504028
25018.625000 980.674500 0.000000 661.588989
25018.750000 980.674500 0.000000 661.698975
25019.000000 980.674500 0.000000 661.809021
25019.000000 980.674500 0.000000 661.888977
25019.000000 980.674500 0.000000 661.994019
25019.000000 980.674500 0.000000 662.104004
25019.000000 980.674500 0.000000 662.189026
25019.000000 980.674500 0.000000 662.299011
25019.000000 980.878906 0.000000 662.403992
25019.000000 980.978760 0.000000 662.484985
25020.750000 981.032837 0.000000 662.598999
25020.750000 981.032837 0.000000 662.705017
25020.875000 981.032837 0.000000 662.815002
25024.500000 981.088806 0.000000 662.914978
25024.500000 981.088806 0.000000 663.000977
25024.625000 981.088806 0.000000 663.099976
25024.750000 981.088806 0.000000 663.211975
25024.750000 981.292175 0.000000 663.312012
25025.250000 981.292175 0.000000 663.405029
25025.625000 981.494751 0.000000 663.505005
25025.625000 981.586060 0.000000 663.594971
25030.875000 981.644348 0.000000 663.710999
25031.000000 981.670410 0.000000 663.802979
25031.125000 981.671936 0.000000 663.913025
25031.625000 981.671936 0.000000 664.013977
25031.750000 981.671936 0.000000 664.099976
25031.750000 981.671936 0.000000 664.205017
25031.875000 981.671936 0.000000 664.294983
25031.875000 981.671936 0.000000 664.409973
25035.000000 981.671936 0.000000 664.515015
25035.000000 981.671936 0.000000 664.604980
25036.875000 981.671936 0.000000 664.715027
25036.875000 981.671936 0.000000 664.794983
25037.000000 981.671936 0.000000 664.905029
25037.375000 981.671936 0.000000 665.005005
25037.625000 981.671936 0.000000 665.109985
25039.250000 981.671936 0.000000 665.216003
25064.000000 981.671936 0.000000 665.315002
25064.000000 981.671936 0.000000 665.400024
25064.000000 981.671936 0.000000 665.505005
25064.375000 981.671936 0.000000 665.601013
25064.625000 981.671936 0.000000 665.705017
25064.625000 981.671936 0.000000 665.789978
25079.750000 981.671936 0.000000 665.905029
25082.000000 981.671936 0.000000 666.015015
25082.125000 981.671936 0.000000 666.104980
25082.125000 981.671936 0.000000 666.205017
25082.250000 981.671936 0.000000 666.309998
25100.500000 981.671936 0.000000 666.395020
25101.125000 981.671936 0.000000 666.505005
25101.125000 981.671936 0.000000 666.593018
25101.125000 981.671936 0.000000 666.697998
25101.125000 981.671936 0.000000 666.812988
25101.125000 981.671936 0.000000 666.893982
25101.375000 981.671936 0.000000 667.007996
25101.750000 981.671936 0.000000 667.112976
25101.875000 981.671936 0.000000 667.195007
25101.875000 981.671936 0.000000 667.302979
25102.000000 981.671936 0.000000 667.416016
25102.125000 981.671936 0.000000 667.494019
25102.125000 981.671936 0.000000 667.603027
25102.125000 981.671936 0.000000 667.703003
25102.125000 981.671936 0.000000 667.807983
25102.125000 981.671936 0.000000 667.903015
25102.125000 981.671936 0.000000 668.007996
25102.125000 981.671936 0.000000 668.119019
25102.250000 981.671936 0.000000 668.208984
25102.375000 981.671936 0.000000 668.302979
25102.375000 981.671936 0.000000 668.403015
25102.375000 981.671936 0.000000 668.507996
25102.375000 981.671936 0.000000 668.607971
25102.375000 981.671936 0.000000 668.682983
25102.750000 981.671936 0.000000 668.802979
25102.750000 981.671936 0.000000 668.908020
25102.750000 981.671936 0.000000 668.987976
25102.750000 981.671936 0.000000 669.103027
25102.750000 981.816589 0.000000 669.203979
25102.875000 981.816589 0.000000 669.302979
25103.125000 981.816589 0.000000 669.413025
25103.250000 981.816589 0.000000 669.507996
25103.375000 981.816589 0.000000 669.598022
25103.375000 981.816589 0.000000 669.703003
25103.625000 981.816589 0.000000 669.797974
25104.000000 981.816589 0.000000 669.893005
25104.000000 981.816589 0.000000 670.023010
25104.000000 981.816589 0.000000 670.112976
25104.000000 981.816589 0.000000 670.208008
25104.000000 981.816589 0.000000 670.309021
25104.000000 981.816589 0.000000 670.409973
25104.250000 981.816589 0.000000 670.499023
25104.250000 981.816589 0.000000 670.599976
25104.250000 981.816589 0.000000 670.703979
25104.250000 981.816589 0.000000 670.804016
25104.250000 981.816589 0.000000 670.898987
25104.375000 981.816589 0.000000 671.004028
25104.375000 981.816589 0.000000 671.104004
25104.375000 981.816589 0.000000 671.189026
25104.375000 981.816589 0.000000 671.322998
25104.375000 981.816589 0.000000 671.400024
25104.375000 981.816589 0.000000 671.508972
25104.500000 981.924194 0.000000 671.619019
25104.500000 981.924194 0.000000 671.708984
25104.500000 981.924194 0.000000 671.822998
25104.500000 981.928284 0.000000 671.908020
25104.500000 981.928284 0.000000 671.997986
25105.750000 981.928284 0.000000 672.107971
25106.875000 981.928284 0.000000 672.208984
25106.875000 981.928284 0.000000 672.312988
25106.875000 981.928284 0.000000 672.418030
25106.875000 981.928284 0.000000 672.502991
25106.875000 981.928284 0.000000 672.607971
25106.875000 982.026733 0.000000 672.708008
25106.875000 982.026733 0.000000 672.804016
25107.000000 982.026733 0.000000 672.908020
25107.000000 982.026733 0.000000 673.015015
25107.125000 982.026733 0.000000 673.107971
25107.125000 982.126404 0.000000 673.210022
25107.125000 982.126404 0.000000 673.317993
25107.125000 982.126404 0.000000 673.418030
25107.250000 982.126404 0.000000 673.497986
25108.875000 982.328369 0.000000 673.607971
25109.000000 982.386658 0.000000 673.708008
25109.625000 982.408630 0.000000 673.807983
25110.625000 982.408997 0.000000 673.918030
25110.875000 982.408997 0.000000 674.002991
25111.000000 982.408997 0.000000 674.107971
25111.000000 982.408997 0.000000 674.208008
25113.375000 982.408997 0.000000 674.307983
25113.375000 982.408997 0.000000 674.408020
25113.625000 982.408997 0.000000 674.494019
25113.875000 982.408997 0.000000 674.603027
25114.375000 982.408997 0.000000 674.710022
25114.375000 982.408997 0.000000 674.788025
25114.500000 982.408997 0.000000 674.908020
25115.875000 982.408997 0.000000 675.002991
25116.250000 982.408997 0.000000 675.107971
25116.375000 982.408997 0.000000 675.208008
25116.375000 982.408997 0.000000 675.307983
25116.625000 982.408997 0.000000 675.408020
25116.750000 982.408997 0.000000 675.497986
25116.875000 982.408997 0.000000 675.607971
25116.875000 982.408997 0.000000 675.697998
25116.875000 982.408997 0.000000 675.809021
25117.000000 982.408997 0.000000 675.903992
25117.000000 982.408997 0.000000 676.008972
25117.250000 982.408997 0.000000 676.109009
25117.250000 982.408997 0.000000 676.208984
25117.250000 982.408997 0.000000 676.299011
25117.250000 982.610779 0.000000 676.408997
25117.250000 982.820129 0.000000 676.508972
25117.250000 982.820129 0.000000 676.619019
25117.250000 983.021851 0.000000 676.703979
25117.250000 983.222229 0.000000 676.809021
25117.250000 983.422852 0.000000 676.924011
25117.250000 983.623840 0.000000 677.005005
25117.375000 983.825012 0.000000 677.114014
25117.500000 984.026428 0.000000 677.198975
25117.500000 984.227722 0.000000 677.310974
25117.625000 984.428833 0.000000 677.395020
25117.750000 984.628967 0.000000 677.504028
25117.875000 984.835510 0.000000 677.609009
25118.000000 985.036743 0.000000 677.695007
25118.000000 985.036743 0.000000 677.809998
25118.000000 985.240723 0.000000 677.919983
25118.000000 985.441833 0.000000 678.008972
25118.500000 985.646973 0.000000 678.104004
25118.500000 985.869446 0.000000 678.208984
25118.875000 985.869446 0.000000 678.304016
25118.875000 986.073608 0.000000 678.414001
25118.875000 986.211914 0.000000 678.518982
25118.875000 986.211914 0.000000 678.593994
25118.875000 986.440308 0.000000 678.716980
25118.875000 986.440308 0.000000 678.809021
25118.875000 986.646973 0.000000 678.908997
25119.000000 986.853699 0.000000 679.013977
25119.625000 986.853699 0.000000 679.104004
25119.750000 987.060364 0.000000 679.208984
25119.750000 987.261658 0.000000 679.314026
25119.750000 987.261658 0.000000 679.400024
25119.750000 987.469238 0.000000 679.508972
25119.750000 987.674927 0.000000 679.614014
25120.000000 987.674927 0.000000 679.708984
25120.000000 987.878174 0.000000 679.799011
25120.125000 987.878174 0.000000 679.911011
25120.250000 988.080872 0.000000 680.008972
25120.375000 988.080872 0.000000 680.109009
25120.375000 988.080872 0.000000 680.208984
25120.375000 988.080872 0.000000 680.304993
25120.375000 988.080872 0.000000 680.398987
25120.375000 988.080872 0.000000 680.508972
25120.375000 988.080872 0.000000 680.609009
25120.375000 988.080872 0.000000 680.708984
25120.375000 988.080872 0.000000 680.794006
25120.375000 988.080872 0.000000 680.908997
25120.375000 988.080872 0.000000 681.008972
25120.500000 988.126831 0.000000 681.109009
25120.500000 988.126831 0.000000 681.203979
25120.500000 988.126831 0.000000 681.315002
25120.500000 988.126831 0.000000 681.405029
25120.500000 988.126831 0.000000 681.510010
25120.500000 988.126831 0.000000 681.629028
25120.500000 988.126831 0.000000 681.703979
25120.500000 988.126831 0.000000 681.809021
25120.500000 988.126831 0.000000 681.903992
25120.500000 988.126831 0.000000 682.013977
25120.625000 988.126831 0.000000 682.093994
25120.625000 988.126831 0.000000 682.208984
25120.625000 988.126831 0.000000 682.289001
25120.625000 988.126831 0.000000 682.403992
25120.625000 988.126831 0.000000 682.508972
25120.625000 988.126831 0.000000 682.598999
25120.625000 988.126831 0.000000 682.708984
25120.625000 988.126831 0.000000 682.809021
25120.625000 988.126831 0.000000 682.919006
25120.625000 988.126831 0.000000 683.013977
25120.625000 988.126831 0.000000 683.119019
25120.625000 988.126831 0.000000 683.239014
25120.625000 988.126831 0.000000 683.317993
25120.625000 988.126831 0.000000 683.427979
25120.625000 988.126831 0.000000 683.513000
25120.625000 988.126831 0.000000 683.612976
25120.625000 988.126831 0.000000 683.718018
25120.625000 988.126831 0.000000 683.814026
25120.625000 988.126831 0.000000 683.901001
25120.625000 988.126831 0.000000 684.010986
25120.625000 988.126831 0.000000 684.096008
25120.625000 988.126831 0.000000 684.216980
25120.625000 988.126831 0.000000 684.306030
25120.625000 988.126831 0.000000 684.406006
25120.625000 988.126831 0.000000 684.505981
25120.625000 988.126831 0.000000 684.611023
25120.625000 988.126831 0.000000 684.692017
25120.625000 988.126831 0.000000 684.807007
25120.625000 988.126831 0.000000 684.901001
25120.750000 988.126831 0.000000 685.010986
25120.750000 988.126831 0.000000 685.111023
25120.750000 988.126831 0.000000 685.218994
25120.750000 988.126831 0.000000 685.309021
25120.750000 988.126831 0.000000 685.414001
25120.750000 988.126831 0.000000 685.504028
25120.750000 988.126831 0.000000 685.614014
25120.750000 988.126831 0.000000 685.713989
25120.750000 988.126831 0.000000 685.818970
25120.750000 988.126831 0.000000 685.919006
25120.750000 988.126831 0.000000 686.023987
25120.750000 988.126831 0.000000 686.096008
25120.750000 988.126831 0.000000 686.205994
25120.750000 988.126831 0.000000 686.312988
25120.750000 988.126831 0.000000 686.418030
25120.750000 988.126831 0.000000 686.502991
25120.750000 988.126831 0.000000 686.624023
25120.750000 988.126831 0.000000 686.718994
25120.750000 988.126831 0.000000 686.818970
25120.750000 988.126831 0.000000 686.892029
25120.750000 988.126831 0.000000 687.005981
25120.750000 988.126831 0.000000 687.111023
25120.750000 988.126831 0.000000 687.202026
25120.750000 988.126831 0.000000 687.315979
25120.750000 988.126831 0.000000 687.385986
25120.875000 988.126831 0.000000 687.505981
25120.875000 988.126831 0.000000 687.616028
25121.000000 988.126831 0.000000 687.721008
25121.000000 988.126831 0.000000 687.815979
25121.125000 988.126831 0.000000 687.916016
25121.250000 988.126831 0.000000 688.020996
25121.250000 988.126831 0.000000 688.125977
25121.250000 988.126831 0.000000 688.208008
25121.250000 988.126831 0.000000 688.310974
25121.250000 988.126831 0.000000 688.427002
25121.250000 988.126831 0.000000 688.504028
25121.250000 988.126831 0.000000 688.611023
25121.250000 988.126831 0.000000 688.716003
25121.250000 988.126831 0.000000 688.827026
25121.250000 988.126831 0.000000 688.911011
25121.250000 988.126831 0.000000 689.017029
25121.250000 988.126831 0.000000 689.091003
25121.250000 988.126831 0.000000 689.205994
25121.250000 988.126831 0.000000 689.310974
25121.250000 988.126831 0.000000 689.411011
25121.250000 988.126831 0.000000 689.507996
25121.250000 988.126831 0.000000 689.611023
25121.750000 988.126831 0.000000 689.710022
25121.750000 988.126831 0.000000 689.809998
25121.750000 988.126831 0.000000 689.900024
25121.750000 988.126831 0.000000 690.010986
25121.750000 988.126831 0.000000 690.094971
25121.750000 988.126831 0.000000 690.210022
25121.750000 988.126831 0.000000 690.310974
25121.750000 988.126831 0.000000 690.409973
25121.750000 988.126831 0.000000 690.500000
25121.750000 988.126831 0.000000 690.609985
25121.750000 988.126831 0.000000 690.710022
25121.750000 988.126831 0.000000 690.809998
25121.750000 988.126831 0.000000 690.919983
25121.750000 988.126831 0.000000 690.995972
25121.750000 988.126831 0.000000 691.109985
25121.750000 988.126831 0.000000 691.210022
25121.750000 988.126831 0.000000 691.291992
25121.750000 988.126831 0.000000 691.409973
25121.750000 988.126831 0.000000 691.510010
25121.750000 988.126831 0.000000 691.604980
25121.750000 988.126831 0.000000 691.708984
25121.750000 988.126831 0.000000 691.818970
25121.750000 988.126831 0.000000 691.918030
25121.750000 988.126831 0.000000 692.010010
25121.750000 988.126831 0.000000 692.114990
25121.750000 988.126831 0.000000 692.190002
25121.750000 988.126831 0.000000 692.317993
25121.750000 988.126831 0.000000 692.422974
25121.750000 988.126831 0.000000 692.513000
25121.750000 988.126831 0.000000 692.612976
25121.750000 988.126831 0.000000 692.705017
25121.750000 988.126831 0.000000 692.809998
25121.750000 988.126831 0.000000 692.909973
25121.750000 988.126831 0.000000 692.994995
25121.750000 988.126831 0.000000 693.109985
25121.750000 988.126831 0.000000 693.210022
25121.750000 988.126831 0.000000 693.315002
25121.750000 988.126831 0.000000 693.395020
25121.750000 988.126831 0.000000 693.510010
25121.750000 988.126831 0.000000 693.609985
25121.750000 988.126831 0.000000 693.710022
25121.750000 988.126831 0.000000 693.804993
25122.000000 988.126831 0.000000 693.919983
25122.250000 988.175171 0.000000 694.010986
25125.875000 988.175171 0.000000 694.116028
25125.875000 988.175171 0.000000 694.215027
25126.000000 988.175171 0.000000 694.315002
25126.500000 988.175171 0.000000 694.409973
25126.875000 988.175171 0.000000 694.505005
25126.875000 988.175171 0.000000 694.604980
25126.875000 988.175171 0.000000 694.710999
25126.875000 988.175171 0.000000 694.794983
25126.875000 988.301880 0.000000 694.909973
25126.875000 988.301880 0.000000 695.010010
25126.875000 988.505920 0.000000 695.116028
25126.875000 988.708618 0.000000 695.219971
25126.875000 988.708618 0.000000 695.304993
25127.000000 988.915100 0.000000 695.400024
25127.125000 989.121094 0.000000 695.510010
25127.125000 989.328430 0.000000 695.601990
25127.250000 989.328430 0.000000 695.710022
25127.375000 989.531494 0.000000 695.809998
25127.375000 989.736267 0.000000 695.911011
25127.375000 989.907043 0.000000 696.000000
25127.375000 990.022156 0.000000 696.106018
25127.500000 990.022156 0.000000 696.205017
25127.500000 990.133545 0.000000 696.309998
25127.500000 990.133545 0.000000 696.395996
25127.500000 990.133545 0.000000 696.510010
25127.500000 990.336121 0.000000 696.609985
25127.500000 990.336121 0.000000 696.718018
25127.500000 990.336121 0.000000 696.802979
25128.750000 990.539307 0.000000 696.913025
25129.125000 990.644165 0.000000 697.010010
25129.500000 990.707642 0.000000 697.109985
25129.500000 990.740723 0.000000 697.210022
25129.500000 990.740723 0.000000 697.309998
25129.625000 990.740723 0.000000 697.400024
25129.625000 990.740723 0.000000 697.505005
25129.750000 990.740723 0.000000 697.611023
25129.875000 990.848022 0.000000 697.700012
25130.000000 990.848022 0.000000 697.809998
25130.000000 991.050842 0.000000 697.919983
25130.000000 991.050842 0.000000 698.007996
25130.000000 991.256348 0.000000 698.107971
25130.000000 991.456604 0.000000 698.213989
25130.000000 991.456604 0.000000 698.314026
25130.250000 991.660461 0.000000 698.421021
25130.500000 991.879761 0.000000 698.502991
25130.625000 991.879761 0.000000 698.609985
25130.625000 992.095642 0.000000 698.713013
25130.625000 992.300598 0.000000 698.820007
25130.625000 992.300598 0.000000 698.921021
25133.875000 992.512695 0.000000 699.031006
25135.625000 992.605103 0.000000 699.111023
25135.625000 992.663330 0.000000 699.221008
25135.625000 992.689270 0.000000 699.312988
25135.625000 992.690613 0.000000 699.414978
25135.625000 992.690613 0.000000 699.513000
25137.125000 992.690613 0.000000 699.619995
25137.125000 992.715820 0.000000 699.719971
25137.125000 992.715820 0.000000 699.812988
25137.125000 992.801147 0.000000 699.908020
25137.125000 992.812134 0.000000 700.013000
25137.875000 992.812134 0.000000 700.107971
25137.875000 992.812134 0.000000 700.213013
25137.875000 992.812134 0.000000 700.312988
25138.000000 992.812134 0.000000 700.419983
25138.000000 992.812134 0.000000 700.513000
25138.000000 992.812134 0.000000 700.607971
25138.000000 992.812134 0.000000 700.710022
25138.000000 992.812134 0.000000 700.820007
25148.125000 992.812134 0.000000 700.918030
25148.125000 992.812134 0.000000 701.018982
25148.125000 992.812256 0.000000 701.112976
25148.125000 992.812256 0.000000 701.208008
25148.125000 992.812256 0.000000 701.312988
25148.125000 992.812256 0.000000 701.403015
25148.125000 992.812256 0.000000 701.518005
25148.125000 993.012756 0.000000 701.612976
25148.125000 993.012756 0.000000 701.703003
25148.125000 993.228271 0.000000 701.807983
25148.125000 993.433838 0.000000 701.913025
25148.125000 993.677856 0.000000 702.013000
25148.250000 993.879150 0.000000 702.112976
25148.375000 994.086609 0.000000 702.208008
25148.375000 994.295044 0.000000 702.312988
25148.750000 994.295044 0.000000 702.408020
25148.875000 994.497437 0.000000 702.507996
25148.875000 994.700378 0.000000 702.616028
25148.875000 994.902283 0.000000 702.710999
25148.875000 994.902283 0.000000 702.818970
25148.875000 995.112610 0.000000 702.911011
25149.000000 995.317505 0.000000 703.010986
25149.125000 995.317505 0.000000 703.088013
25149.125000 995.581665 0.000000 703.205994
25149.125000 995.788269 0.000000 703.312988
25149.250000 995.994751 0.000000 703.390991
25149.250000 995.994751 0.000000 703.510986
25149.500000 996.216309 0.000000 703.635986
25149.500000 996.435303 0.000000 703.716003
25149.500000 996.435303 0.000000 703.806030
25149.500000 996.640320 0.000000 703.918030
25149.500000 996.640320 0.000000 704.010986
25149.500000 996.640320 0.000000 704.120972
25149.500000 996.840942 0.000000 704.210999
25149.500000 996.840942 0.000000 704.310974
25149.500000 996.840942 0.000000 704.418030
25149.500000 996.840942 0.000000 704.513000
25149.500000 996.840942 0.000000 704.596985
25149.500000 996.840942 0.000000 704.718018
25149.500000 996.840942 0.000000 704.822998
25149.500000 996.840942 0.000000 704.903015
25149.500000 996.840942 0.000000 705.013000
25149.500000 996.840942 0.000000 705.112976
25149.500000 996.840942 0.000000 705.203003
25149.500000 996.840942 0.000000 705.312988
25149.500000 996.840942 0.000000 705.403015
25149.500000 996.844055 0.000000 705.507996
25149.500000 996.844055 0.000000 705.607971
25149.500000 996.844055 0.000000 705.703003
25149.500000 996.844055 0.000000 705.809998
25149.500000 996.844055 0.000000 705.909973
25149.500000 996.844055 0.000000 706.013000
25149.500000 996.844055 0.000000 706.114990
25149.500000 996.844055 0.000000 706.205017
25149.500000 996.844055 0.000000 706.309998
25150.000000 996.844055 0.000000 706.401978
25150.000000 996.844055 0.000000 706.515015
25150.000000 996.844055 0.000000 706.619995
25150.000000 996.844055 0.000000 706.700012
25150.000000 996.844055 0.000000 706.812012
25150.125000 996.844055 0.000000 706.914978
25150.125000 996.844055 0.000000 707.020020
25150.125000 996.844055 0.000000 707.116028
25150.125000 996.844055 0.000000 707.210999
25150.125000 996.844055 0.000000 707.310974
25150.250000 996.844055 0.000000 707.413025
25150.250000 996.844055 0.000000 707.513000
25150.250000 996.844055 0.000000 707.624023
25154.750000 996.844055 0.000000 707.703003
25154.750000 996.844055 0.000000 707.820984
25155.125000 996.844055 0.000000 707.913025
25155.125000 996.844055 0.000000 708.013000
25155.125000 996.844055 0.000000 708.093994
25155.125000 996.844055 0.000000 708.213013
25155.125000 996.844055 0.000000 708.320007
25155.500000 996.844055 0.000000 708.416016
25155.500000 996.844055 0.000000 708.518982
25155.500000 996.844055 0.000000 708.603027
25155.500000 996.844055 0.000000 708.713013
25155.500000 996.844055 0.000000 708.812988
25155.625000 996.844055 0.000000 708.898010
25155.625000 996.844055 0.000000 709.020020
25155.625000 996.844055 0.000000 709.109985
25155.625000 996.844055 0.000000 709.219971
25155.625000 996.844055 0.000000 709.309998
25155.625000 996.844055 0.000000 709.416992
25155.625000 996.844055 0.000000 709.520020
25155.625000 996.844055 0.000000 709.619995
25155.625000 996.844055 0.000000 709.719971
25155.625000 996.844055 0.000000 709.818970
25155.625000 996.844055 0.000000 709.908997
25155.625000 996.844055 0.000000 710.017029
25155.625000 996.844055 0.000000 710.127014
25155.625000 996.844055 0.000000 710.213013
25155.625000 996.844055 0.000000 710.312012
25155.625000 996.844055 0.000000 710.411987
25155.625000 996.844055 0.000000 710.521973
25155.625000 997.044617 0.000000 710.612000
25155.625000 997.044617 0.000000 710.711975
25155.625000 997.044617 0.000000 710.812012
25155.625000 997.202820 0.000000 710.914978
25155.625000 997.202820 0.000000 711.005005
25155.625000 997.407654 0.000000 711.112000
25155.625000 997.608643 0.000000 711.216980
25155.625000 997.608643 0.000000 711.312012
25155.625000 997.810486 0.000000 711.419983
25155.625000 998.034912 0.000000 711.520020
25155.875000 998.235107 0.000000 711.619995
25155.875000 998.439575 0.000000 711.716980
25155.875000 998.648560 0.000000 711.812012
25155.875000 998.855957 0.000000 711.901978
25156.000000 999.061157 0.000000 712.012024
25156.250000 999.268372 0.000000 712.119995
25156.250000 999.475220 0.000000 712.219971
25156.250000 999.680420 0.000000 712.317017
25156.250000 999.881531 0.000000 712.427979
25156.250000 1000.082153 0.000000 712.512024
25156.250000 1000.285156 0.000000 712.617981
25156.250000 1000.487732 0.000000 712.729004
25156.500000 1000.700684 0.000000 712.820984
25156.625000 1000.906433 0.000000 712.921021
25157.125000 1000.906433 0.000000 713.020020
25157.125000 1001.116333 0.000000 713.112000
25157.375000 1001.271423 0.000000 713.206970
25157.375000 1001.396912 0.000000 713.312012
25157.625000 1001.488220 0.000000 713.416992
25158.500000 1001.555115 0.000000 713.521973
25159.000000 1001.555115 0.000000 713.612000
25182.500000 1001.577820 0.000000 713.702026
25182.500000 1001.577942 0.000000 713.812012
25183.625000 1001.577942 0.000000 713.911987
25183.625000 1001.577942 0.000000 714.012024
25183.625000 1001.577942 0.000000 714.117981
25183.750000 1001.577942 0.000000 714.211975
25183.750000 1001.577942 0.000000 714.302002
25183.875000 1001.577942 0.000000 714.406982
25184.000000 1001.577942 0.000000 714.512024
25184.125000 1001.577942 0.000000 714.606995
25191.125000 1001.577942 0.000000 714.732971
25191.125000 1001.577942 0.000000 714.828003
25192.375000 1001.577942 0.000000 714.906982
25192.375000 1001.577942 0.000000 715.013977
25192.500000 1001.577942 0.000000 715.119019
25192.625000 1001.577942 0.000000 715.216980
25192.750000 1001.577942 0.000000 715.317993
25194.375000 1001.577942 0.000000 715.429016
25194.375000 1001.577942 0.000000 715.521973
25194.375000 1001.577942 0.000000 715.612000
25194.625000 1001.577942 0.000000 715.716980
25196.000000 1001.577942 0.000000 715.801025
25196.000000 1001.577942 0.000000 715.916016
25196.125000 1001.577942 0.000000 716.031006
25196.250000 1001.577942 0.000000 716.111023
25196.500000 1001.577942 0.000000 716.216003
25196.625000 1001.577942 0.000000 716.322998
25197.500000 1001.577942 0.000000 716.414978
25197.500000 1001.577942 0.000000 716.525024
25197.500000 1001.577942 0.000000 716.614990
25197.500000 1001.577942 0.000000 716.710022
25197.500000 1001.577942 0.000000 716.815002
25197.625000 1001.577942 0.000000 716.921997
25197.625000 1001.577942 0.000000 717.021973
25197.625000 1001.577942 0.000000 717.125977
25197.625000 1001.778809 0.000000 717.219971
25197.625000 1001.778809 0.000000 717.309998
25197.875000 1001.982361 0.000000 717.434998
25197.875000 1002.185120 0.000000 717.525024
25197.875000 1002.185120 0.000000 717.625000
25197.875000 1002.386597 0.000000 717.719971
25197.875000 1002.586731 0.000000 717.825012
25198.250000 1002.815002 0.000000 717.931030
25198.250000 1003.025940 0.000000 718.025024
25198.375000 1003.235046 0.000000 718.119995
25198.375000 1003.436401 0.000000 718.224976
25198.375000 1003.637695 0.000000 718.325012
25200.875000 1003.637695 0.000000 718.419983
25201.125000 1003.842896 0.000000 718.500000
25203.625000 1004.045654 0.000000 718.614990
25204.625000 1004.224182 0.000000 718.729980
25205.000000 1004.224182 0.000000 718.820007
25205.750000 1004.418945 0.000000 718.927979
25206.000000 1004.524353 0.000000 719.031006
25207.625000 1004.597046 0.000000 719.130981
25208.375000 1004.639709 0.000000 719.226013
25209.125000 1004.647339 0.000000 719.335999
25209.625000 1004.647339 0.000000 719.435974
25210.000000 1004.647339 0.000000 719.536011
25210.500000 1004.647339 0.000000 719.627991
25213.375000 1004.647339 0.000000 719.729004
25213.500000 1004.647339 0.000000 719.828003
25213.750000 1004.647339 0.000000 719.929993
25214.250000 1004.647339 0.000000 720.028015
25214.250000 1004.647339 0.000000 720.127991
25214.625000 1004.647339 0.000000 720.228027
25214.625000 1004.647339 0.000000 720.328003
25214.625000 1004.647339 0.000000 720.429016
25214.625000 1004.647339 0.000000 720.530029
25214.750000 1004.647339 0.000000 720.627991
25215.000000 1004.647339 0.000000 720.728027
25215.000000 1004.647339 0.000000 720.838013
25215.250000 1004.647339 0.000000 720.932983
25215.375000 1004.647339 0.000000 721.033020
25215.625000 1004.868530 0.000000 721.127991
25215.625000 1005.069763 0.000000 721.228027
25215.750000 1005.069763 0.000000 721.333008
25215.875000 1005.272827 0.000000 721.427979
25215.875000 1005.497375 0.000000 721.528015
25215.875000 1005.698853 0.000000 721.637024
25216.125000 1005.904358 0.000000 721.737976
25217.000000 1006.109619 0.000000 721.833984
25217.625000 1006.345581 0.000000 721.932983
25221.375000 1006.513794 0.000000 722.028015
25225.250000 1006.513794 0.000000 722.133972
25225.875000 1006.684021 0.000000 722.234985
25226.250000 1006.773560 0.000000 722.335022
25226.875000 1006.829773 0.000000 722.434998
25227.375000 1006.852905 0.000000 722.539978
25228.125000 1006.852905 0.000000 722.635010
25229.000000 1006.853638 0.000000 722.732971
25229.250000 1006.853638 0.000000 722.830017
25230.250000 1006.853638 0.000000 722.932983
25231.375000 1006.853638 0.000000 723.028992
25232.000000 1006.853638 0.000000 723.132996
25232.500000 1006.853638 0.000000 723.237000
25232.625000 1006.853638 0.000000 723.341980
25233.250000 1006.853638 0.000000 723.442017
25233.375000 1006.853638 0.000000 723.536987
25233.875000 1006.853638 0.000000 723.632996
25234.625000 1006.853638 0.000000 723.728027
25235.125000 1006.853638 0.000000 723.828003
25235.250000 1006.853638 0.000000 723.932007
25235.375000 1006.853638 0.000000 724.033020
25235.375000 1006.853638 0.000000 724.132996
25235.375000 1006.853638 0.000000 724.237976
25235.375000 1006.871765 0.000000 724.331970
25236.125000 1006.871765 0.000000 724.434021
25236.375000 1006.871765 0.000000 724.526978
25236.500000 1006.871765 0.000000 724.632996
25236.625000 1007.073059 0.000000 724.737000
25236.625000 1007.073059 0.000000 724.831970
25236.750000 1007.274719 0.000000 724.942017
25236.750000 1007.274719 0.000000 725.031982
25236.875000 1007.494446 0.000000 725.132019
25237.250000 1007.494446 0.000000 725.226990
25237.625000 1007.696350 0.000000 725.333008
25237.625000 1007.924988 0.000000 725.432983
25237.750000 1008.125793 0.000000 725.530029
25237.875000 1008.330322 0.000000 725.630005
25238.250000 1008.536438 0.000000 725.731995
25239.000000 1008.536438 0.000000 725.835999
25239.750000 1008.742065 0.000000 725.929993
25240.375000 1008.887939 0.000000 726.030029
25240.500000 1008.887939 0.000000 726.132996
25240.500000 1009.091431 0.000000 726.229980
25243.500000 1009.206665 0.000000 726.335999
25244.625000 1009.290771 0.000000 726.431030
25245.250000 1009.290771 0.000000 726.531006
25246.375000 1009.347839 0.000000 726.625977
25250.750000 1009.351746 0.000000 726.736023
25251.625000 1009.351746 0.000000 726.831970
25251.750000 1009.351746 0.000000 726.932007
25252.375000 1009.351746 0.000000 727.038025
25253.000000 1009.351746 0.000000 727.143005
25253.000000 1009.351746 0.000000 727.231995
25254.125000 1009.351746 0.000000 727.330994
25256.500000 1009.351746 0.000000 727.431030
25257.375000 1009.351746 0.000000 727.531006
25257.750000 1009.351746 0.000000 727.630981
25258.500000 1009.351746 0.000000 727.731018
25258.625000 1009.351746 0.000000 727.831970
25258.875000 1009.351746 0.000000 727.931030
25261.125000 1009.351746 0.000000 728.033020
25261.125000 1009.355896 0.000000 728.130981
25261.375000 1009.355896 0.000000 728.231018
25263.000000 1009.355896 0.000000 728.338013
25263.625000 1009.355896 0.000000 728.437988
25263.875000 1009.355896 0.000000 728.531006
25265.000000 1009.355896 0.000000 728.638000
25265.375000 1009.355896 0.000000 728.737976
25265.625000 1009.355896 0.000000 728.835999
25265.750000 1009.355896 0.000000 728.934021
25265.750000 1009.355896 0.000000 729.039001
25266.125000 1009.355896 0.000000 729.133972
25266.125000 1009.355896 0.000000 729.234009
25270.375000 1009.355896 0.000000 729.333984
25271.750000 1009.355896 0.000000 729.434021
25271.875000 1009.355896 0.000000 729.533997
25271.875000 1009.355896 0.000000 729.633972
25272.500000 1009.355896 0.000000 729.734009
25272.625000 1009.355896 0.000000 729.838989
25273.000000 1009.360291 0.000000 729.939026
25273.000000 1009.360291 0.000000 730.034973
25273.000000 1009.360291 0.000000 730.143005
25273.125000 1009.360291 0.000000 730.242981
25273.125000 1009.573486 0.000000 730.343018
25273.125000 1009.776062 0.000000 730.442993
25273.125000 1009.776062 0.000000 730.543030
25273.125000 1010.014099 0.000000 730.633972
25273.375000 1010.236084 0.000000 730.734009
25273.625000 1010.236084 0.000000 730.835022
25274.250000 1010.437134 0.000000 730.945984
25275.000000 1010.625488 0.000000 731.041016
25275.125000 1010.625488 0.000000 731.133972
25275.625000 1010.825928 0.000000 731.242981
25275.625000 1011.033691 0.000000 731.336975
25275.625000 1011.234802 0.000000 731.440979
25276.250000 1011.234802 0.000000 731.536011
25276.250000 1011.371094 0.000000 731.638977
25276.250000 1011.371094 0.000000 731.731018
25276.250000 1011.371094 0.000000 731.835999
25278.875000 1011.579041 0.000000 731.942993
25279.250000 1011.587769 0.000000 732.041992
25280.375000 1011.587769 0.000000 732.140015
25280.375000 1011.587769 0.000000 732.239990
25280.625000 1011.587769 0.000000 732.346008
25280.625000 1011.587769 0.000000 732.434998
25280.625000 1011.587769 0.000000 732.539978
25280.625000 1011.587769 0.000000 732.640015
25280.625000 1011.587769 0.000000 732.739990
25280.625000 1011.789490 0.000000 732.840027
25280.750000 1011.789490 0.000000 732.940002
25280.750000 1011.992188 0.000000 733.049011
25280.750000 1011.992188 0.000000 733.148987
25280.875000 1012.252563 0.000000 733.249023
25280.875000 1012.458008 0.000000 733.351990
25280.875000 1012.458008 0.000000 733.440002
25281.000000 1012.672119 0.000000 733.541016
25281.125000 1012.918152 0.000000 733.640015
25281.250000 1012.918152 0.000000 733.739990
25281.250000 1013.067383 0.000000 733.840027
25281.875000 1013.184692 0.000000 733.942993
25281.875000 1013.249023 0.000000 734.039978
25282.000000 1013.279541 0.000000 734.148987
25282.250000 1013.284180 0.000000 734.247009
25283.500000 1013.284180 0.000000 734.338013
25283.875000 1013.284180 0.000000 734.450012
25284.000000 1013.284180 0.000000 734.543030
25284.375000 1013.284180 0.000000 734.643005
25284.750000 1013.284180 0.000000 734.747986
25284.875000 1013.284180 0.000000 734.848022
25284.875000 1013.284180 0.000000 734.950012
25284.875000 1013.284180 0.000000 735.043030
25285.000000 1013.284180 0.000000 735.143982
25285.000000 1013.284180 0.000000 735.242981
25286.625000 1013.284180 0.000000 735.338013
25286.625000 1013.284180 0.000000 735.447021
25286.750000 1013.284180 0.000000 735.546021
25287.250000 1013.284180 0.000000 735.640991
25287.250000 1013.284180 0.000000 735.741028
25287.250000 1013.284180 0.000000 735.841003
25287.250000 1013.312988 0.000000 735.943970
25287.500000 1013.312988 0.000000 736.043030
25287.625000 1013.314270 0.000000 736.150024
25287.625000 1013.314270 0.000000 736.244019
25287.875000 1013.314270 0.000000 736.346985
25288.000000 1013.314270 0.000000 736.443970
25288.625000 1013.322876 0.000000 736.544983
25288.625000 1013.322876 0.000000 736.643982
25288.750000 1013.322876 0.000000 736.744019
25289.000000 1013.322876 0.000000 736.848022
25289.125000 1013.322876 0.000000 736.937988
25289.250000 1013.525269 0.000000 737.044006
25289.500000 1013.525269 0.000000 737.150024
25289.625000 1013.684814 0.000000 737.255005
25289.625000 1013.684814 0.000000 737.349976
25289.625000 1013.811646 0.000000 737.450012
25289.625000 1013.811646 0.000000 737.549988
25289.625000 1013.811646 0.000000 737.643005
25289.625000 1014.017029 0.000000 737.742981
25289.625000 1014.217712 0.000000 737.843018
25289.625000 1014.217712 0.000000 737.950989
25289.625000 1014.418884 0.000000 738.049011
25289.625000 1014.547485 0.000000 738.148987
25292.625000 1014.653381 0.000000 738.249023
25292.750000 1014.715454 0.000000 738.343994
25293.250000 1014.715454 0.000000 738.442993
25293.250000 1014.715454 0.000000 738.543030
25293.250000 1014.715454 0.000000 738.643982
25293.250000 1014.940613 0.000000 738.744019
25293.500000 1015.147949 0.000000 738.843994
25295.750000 1015.147949 0.000000 738.948975
25295.750000 1015.313660 0.000000 739.052002
25296.125000 1015.437927 0.000000 739.148010
25296.125000 1015.437927 0.000000 739.244019
25296.125000 1015.639099 0.000000 739.343018
25297.125000 1015.639099 0.000000 739.450989
25297.125000 1015.842163 0.000000 739.544983
25297.250000 1015.842163 0.000000 739.643982
25297.250000 1016.072998 0.000000 739.742981
25297.250000 1016.072998 0.000000 739.843018
25297.250000 1016.278870 0.000000 739.953003
25297.250000 1016.484375 0.000000 740.057983
25297.625000 1016.484375 0.000000 740.153015
25297.625000 1016.690308 0.000000 740.252991
25297.625000 1016.925537 0.000000 740.353027
25297.625000 1017.126892 0.000000 740.458008
25297.625000 1017.331360 0.000000 740.552979
25297.625000 1017.331360 0.000000 740.650024
25298.000000 1017.554199 0.000000 740.750000
25298.125000 1017.688843 0.000000 740.848022
25298.625000 1017.688843 0.000000 740.942993
25298.625000 1017.688843 0.000000 741.039978
25299.500000 1017.895630 0.000000 741.143005
25299.875000 1017.927368 0.000000 741.242004
25300.000000 1017.931274 0.000000 741.354004
25300.000000 1017.931274 0.000000 741.448975
25300.500000 1017.931274 0.000000 741.547974
25300.500000 1017.931274 0.000000 741.648987
25300.875000 1017.931274 0.000000 741.742981
25300.875000 1017.931274 0.000000 741.843018
25301.375000 1017.931274 0.000000 741.943970
25301.375000 1017.931274 0.000000 742.044006
25301.500000 1017.931274 0.000000 742.151001
25302.125000 1017.931274 0.000000 742.244019
25302.250000 1017.931274 0.000000 742.341980
25303.250000 1017.931274 0.000000 742.442017
25303.875000 1017.931274 0.000000 742.546997
25304.250000 1017.931274 0.000000 742.642029
25304.625000 1017.931274 0.000000 742.741028
25304.625000 1017.931274 0.000000 742.848999
25305.250000 1017.931274 0.000000 742.942993
25306.250000 1017.931274 0.000000 743.046021
25306.375000 1017.931274 0.000000 743.140991
25306.375000 1017.931274 0.000000 743.245972
25306.375000 1017.931274 0.000000 743.351013
25306.375000 1017.931274 0.000000 743.447998
25306.375000 1018.131348 0.000000 743.541016
25306.500000 1018.131348 0.000000 743.655029
25306.500000 1018.131348 0.000000 743.760010
25306.750000 1018.336548 0.000000 743.846008
25306.750000 1018.540894 0.000000 743.950989
25306.750000 1018.540894 0.000000 744.046021
25306.750000 1018.744751 0.000000 744.145996
25306.750000 1018.980835 0.000000 744.245972
25307.000000 1019.190186 0.000000 744.351013
25307.000000 1019.406494 0.000000 744.445984
25307.000000 1019.614197 0.000000 744.546021
25307.000000 1019.821594 0.000000 744.648010
25308.000000 1020.040649 0.000000 744.747986
25308.000000 1020.242310 0.000000 744.856018
25308.375000 1020.242310 0.000000 744.953979
25308.750000 1020.445984 0.000000 745.049011
25309.000000 1020.566162 0.000000 745.153015
25309.000000 1020.650330 0.000000 745.255005
25309.000000 1020.650330 0.000000 745.354004
25309.625000 1020.650330 0.000000 745.453979
25309.625000 1020.650330 0.000000 745.551025
25309.625000 1020.650330 0.000000 745.648010
25309.625000 1020.650330 0.000000 745.749023
25309.625000 1020.650330 0.000000 745.848022
25309.625000 1020.723816 0.000000 745.942993
25309.750000 1020.723816 0.000000 746.047974
25310.875000 1020.723816 0.000000 746.153992
25311.000000 1020.723816 0.000000 746.247986
25313.125000 1020.723816 0.000000 746.348022
25313.375000 1020.723816 0.000000 746.450012
25313.500000 1020.723816 0.000000 746.547974
25313.500000 1020.723816 0.000000 746.656982
25313.625000 1020.723816 0.000000 746.747986
25313.875000 1020.723816 0.000000 746.843018
25313.875000 1020.723816 0.000000 746.948975
25313.875000 1020.723816 0.000000 747.043030
25314.125000 1020.723816 0.000000 747.158020
25314.125000 1020.723816 0.000000 747.192993
25314.875000 1020.723816 0.000000 747.273010
25315.625000 1020.723816 0.000000 747.379028
25316.750000 1020.723816 0.000000 747.482971
25316.875000 1020.723816 0.000000 747.578003
25319.500000 1020.723816 0.000000 747.682983
25319.625000 1020.723816 0.000000 747.778015
25319.625000 1020.726929 0.000000 747.877991
25319.625000 1020.726929 0.000000 747.978027
25319.625000 1020.726929 0.000000 748.080017
25319.625000 1020.726929 0.000000 748.177979
25319.750000 1020.927917 0.000000 748.278015
25319.750000 1020.927917 0.000000 748.377991
25319.875000 1021.132080 0.000000 748.482971
25319.875000 1021.132080 0.000000 748.578003
25319.875000 1021.340698 0.000000 748.677979
25319.875000 1021.340698 0.000000 748.778015
25319.875000 1021.552979 0.000000 748.877991
25320.000000 1021.755981 0.000000 748.979004
25321.000000 1021.954712 0.000000 749.078979
25321.750000 1022.123169 0.000000 749.177979
25321.750000 1022.123169 0.000000 749.268005
25322.250000 1022.324768 0.000000 749.385010
25325.750000 1022.488770 0.000000 749.479004
25325.750000 1022.488770 0.000000 749.578003
25325.750000 1022.709229 0.000000 749.677979
25326.000000 1022.912415 0.000000 749.786011
25326.500000 1022.912415 0.000000 749.890991
25326.750000 1023.114563 0.000000 749.976013
25327.375000 1023.114563 0.000000 750.085999
25327.375000 1023.251831 0.000000 750.185974
25327.500000 1023.251831 0.000000 750.286011
25327.625000 1023.453491 0.000000 750.385986
25327.875000 1023.453491 0.000000 750.486023
25328.250000 1023.658203 0.000000 750.585999
25328.250000 1023.862427 0.000000 750.685974
25328.250000 1023.862427 0.000000 750.776001
25328.250000 1024.068604 0.000000 750.877014
25328.375000 1024.279053 0.000000 750.976013
25328.375000 1024.480347 0.000000 751.080994
25328.500000 1024.731934 0.000000 751.176025
25328.500000 1024.933472 0.000000 751.276001
25328.500000 1025.134521 0.000000 751.375977
25329.250000 1025.335571 0.000000 751.476013
25329.250000 1025.543579 0.000000 751.580994
25329.250000 1025.744019 0.000000 751.656006
25329.250000 1025.945557 0.000000 751.776978
25329.250000 1026.146851 0.000000 751.882996
25329.250000 1026.352173 0.000000 751.982971
25329.250000 1026.559448 0.000000 752.075989
25329.500000 1026.760864 0.000000 752.176025
25329.750000 1026.962036 0.000000 752.276001
25329.750000 1027.163330 0.000000 752.375977
25329.750000 1027.370483 0.000000 752.484009
25330.625000 1027.571777 0.000000 752.588989
25330.625000 1027.783081 0.000000 752.676025
25330.625000 1027.992188 0.000000 752.784973
25330.625000 1028.193604 0.000000 752.885010
25330.625000 1028.394775 0.000000 752.984985
25330.625000 1028.595947 0.000000 753.070007
25330.625000 1028.797119 0.000000 753.184998
25330.750000 1028.998291 0.000000 753.284973
25330.750000 1029.199463 0.000000 753.385986
25331.500000 1029.402466 0.000000 753.479004
25331.500000 1029.613525 0.000000 753.580017
25331.500000 1029.820679 0.000000 753.679016
25333.125000 1030.021973 0.000000 753.768982
25333.250000 1030.223022 0.000000 753.879028
25333.625000 1030.429199 0.000000 753.979004
25334.750000 1030.429199 0.000000 754.059021
25339.125000 1030.672485 0.000000 754.179016
25339.750000 1030.822876 0.000000 754.283997
25340.250000 1030.940552 0.000000 754.379028
25342.250000 1031.025513 0.000000 754.463989
25358.875000 1031.076416 0.000000 754.578979
25359.000000 1031.076416 0.000000 754.684998
25359.250000 1031.095581 0.000000 754.780029
25360.000000 1031.095581 0.000000 754.879028
25364.000000 1031.095581 0.000000 754.987976
25365.750000 1031.095581 0.000000 755.088013
25367.125000 1031.095581 0.000000 755.164978
25367.250000 1031.095581 0.000000 755.275024
25367.375000 1031.095581 0.000000 755.375000
25367.750000 1031.098022 0.000000 755.487000
25368.500000 1031.098022 0.000000 755.581970
25368.500000 1031.098022 0.000000 755.658020
25368.500000 1031.098022 0.000000 755.776978
25368.500000 1031.118774 0.000000 755.877014
25368.500000 1031.118774 0.000000 755.987000
25368.625000 1031.216064 0.000000 756.080017
25368.625000 1031.216064 0.000000 756.177002
25368.750000 1031.216064 0.000000 756.286987
25370.250000 1031.420288 0.000000 756.362000
25371.125000 1031.420288 0.000000 756.492981
25371.125000 1031.622925 0.000000 756.578979
25377.875000 1031.827637 0.000000 756.684021
25378.000000 1032.028687 0.000000 756.778992
25378.000000 1032.229492 0.000000 756.879028
25378.000000 1032.440918 0.000000 756.984009
25378.000000 1032.641968 0.000000 757.093994
25378.000000 1032.843384 0.000000 757.179993
25378.000000 1033.050171 0.000000 757.286987
25378.000000 1033.257812 0.000000 757.380005
25378.750000 1033.458496 0.000000 757.484985
25378.750000 1033.665649 0.000000 757.575012
25378.875000 1033.874878 0.000000 757.679016
25378.875000 1034.076416 0.000000 757.778992
25378.875000 1034.277344 0.000000 757.883972
25378.875000 1034.478760 0.000000 757.989014
25378.875000 1034.680054 0.000000 758.101013
25378.875000 1034.680054 0.000000 758.176025
25378.875000 1034.925293 0.000000 758.276001
25378.875000 1035.126587 0.000000 758.375977
25379.750000 1035.333984 0.000000 758.476013
25380.000000 1035.537842 0.000000 758.578979
25380.000000 1035.739136 0.000000 758.676025
25380.000000 1035.970459 0.000000 758.773987
25380.000000 1036.188110 0.000000 758.877991
25380.000000 1036.397217 0.000000 758.978027
25380.250000 1036.598389 0.000000 759.078003
25380.250000 1036.799683 0.000000 759.177979
25380.250000 1037.008911 0.000000 759.268005
25380.250000 1037.212158 0.000000 759.377991
25384.375000 1037.414185 0.000000 759.482971
25384.375000 1037.623047 0.000000 759.580994
25384.375000 1037.823242 0.000000 759.677979
25384.500000 1038.034668 0.000000 759.776001
25384.500000 1038.240234 0.000000 759.880981
25384.875000 1038.240234 0.000000 759.976013
25385.000000 1038.459961 0.000000 760.075989
25385.000000 1038.674438 0.000000 760.176025
25385.000000 1038.881592 0.000000 760.286011
25386.625000 1039.082886 0.000000 760.387024
25386.750000 1039.290649 0.000000 760.476990
25386.750000 1039.491943 0.000000 760.580994
25389.125000 1039.700439 0.000000 760.681030
25389.250000 1039.907227 0.000000 760.781006
25390.125000 1040.116699 0.000000 760.882019
25391.375000 1040.308472 0.000000 760.994019
25396.125000 1040.470337 0.000000 761.088013
25397.875000 1040.470337 0.000000 761.187988
25397.875000 1040.608032 0.000000 761.286011
25397.875000 1040.701538 0.000000 761.390015
25399.125000 1040.764038 0.000000 761.481018
25400.625000 1040.791016 0.000000 761.585999
25401.375000 1040.792480 0.000000 761.681030
25401.750000 1040.792480 0.000000 761.781006
25402.500000 1040.792480 0.000000 761.866028
25402.500000 1040.792480 0.000000 761.981995
25403.125000 1040.792480 0.000000 762.083984
25403.125000 1040.792480 0.000000 762.171997
25403.125000 1040.792480 0.000000 762.281982
25403.125000 1040.792480 0.000000 762.382019
25403.125000 1040.792480 0.000000 762.489014
25403.125000 1040.792480 0.000000 762.583008
25403.375000 1040.792480 0.000000 762.687012
25403.375000 1040.815308 0.000000 762.781982
25403.375000 1040.815308 0.000000 762.888977
25403.375000 1040.815308 0.000000 762.989014
25403.375000 1040.815308 0.000000 763.088989
25403.375000 1041.018311 0.000000 763.187988
25403.500000 1041.018311 0.000000 763.283020
25403.875000 1041.225220 0.000000 763.388977
25403.875000 1041.425781 0.000000 763.463989
25403.875000 1041.636353 0.000000 763.583984
25403.875000 1041.838867 0.000000 763.684021
25403.875000 1042.040405 0.000000 763.783997
25403.875000 1042.241577 0.000000 763.885010
25403.875000 1042.241577 0.000000 763.963989
25403.875000 1042.662720 0.000000 764.098022
25403.875000 1042.864014 0.000000 764.197998
25403.875000 1043.065308 0.000000 764.302979
25403.875000 1043.268799 0.000000 764.393982
25404.750000 1043.477539 0.000000 764.489990
25404.750000 1043.477539 0.000000 764.583984
25406.000000 1043.761108 0.000000 764.693970
25406.000000 1043.970215 0.000000 764.794006
25406.625000 1044.171021 0.000000 764.893982
25406.875000 1044.378540 0.000000 764.989014
25429.125000 1044.552979 0.000000 765.096008
25429.750000 1044.693726 0.000000 765.197021
25429.750000 1044.801758 0.000000 765.289001
25431.000000 1044.801758 0.000000 765.364014
25431.000000 1044.890869 0.000000 765.489014
25433.125000 1044.927734 0.000000 765.588989
25433.250000 1044.933838 0.000000 765.679016
25434.125000 1044.933838 0.000000 765.789001
25434.375000 1044.933838 0.000000 765.888977
25436.500000 1044.933838 0.000000 765.994019
25436.875000 1044.933838 0.000000 766.093994
25436.875000 1044.933838 0.000000 766.189026
25436.875000 1044.933838 0.000000 766.289001
25436.875000 1044.933838 0.000000 766.388977
25437.000000 1044.933838 0.000000 766.489014
25437.125000 1044.934082 0.000000 766.588989
25437.125000 1044.934082 0.000000 766.664001
25437.125000 1044.934082 0.000000 766.763977
25437.250000 1044.960815 0.000000 766.888977
25437.250000 1044.960815 0.000000 766.989014
25437.375000 1044.960815 0.000000 767.090027
25437.375000 1045.146973 0.000000 767.189026
25437.375000 1045.146973 0.000000 767.289001
25437.375000 1045.351685 0.000000 767.401001
25437.375000 1045.562744 0.000000 767.489014
25437.375000 1045.767822 0.000000 767.588989
25437.375000 1045.977661 0.000000 767.689026
25437.375000 1046.178955 0.000000 767.789001
25437.375000 1046.379639 0.000000 767.893982
25437.500000 1046.580811 0.000000 767.989014
25437.500000 1046.788696 0.000000 768.099976
25437.500000 1046.788696 0.000000 768.193970
25437.500000 1046.997803 0.000000 768.289001
25437.500000 1047.208984 0.000000 768.393982
25437.500000 1047.410034 0.000000 768.494019
25437.500000 1047.620728 0.000000 768.588989
25437.500000 1047.855835 0.000000 768.700989
25437.500000 1048.057129 0.000000 768.796021
25438.875000 1048.258423 0.000000 768.893982
25454.250000 1048.465576 0.000000 768.979004
25454.500000 1048.673584 0.000000 769.083984
25454.500000 1048.876953 0.000000 769.193970
25454.500000 1049.080566 0.000000 769.294006
25454.500000 1049.285645 0.000000 769.393982
25454.500000 1049.491455 0.000000 769.494019
25454.500000 1049.694702 0.000000 769.594971
25454.500000 1049.895874 0.000000 769.695984
25454.500000 1050.105225 0.000000 769.799011
25454.500000 1050.105225 0.000000 769.895996
25454.500000 1050.352295 0.000000 769.991028
25454.500000 1050.559937 0.000000 770.091003
25454.500000 1050.765259 0.000000 770.197021
25454.625000 1050.978760 0.000000 770.296997
25454.750000 1050.978760 0.000000 770.392029
25454.875000 1051.149170 0.000000 770.497009
25454.875000 1051.349243 0.000000 770.596985
25454.875000 1051.349243 0.000000 770.692017
25454.875000 1051.551636 0.000000 770.791992
25454.875000 1051.757202 0.000000 770.892029
25454.875000 1051.757202 0.000000 770.992004
25454.875000 1051.889404 0.000000 771.091980
25455.000000 1051.980591 0.000000 771.190002
25455.000000 1052.032593 0.000000 771.289978
25455.125000 1052.051758 0.000000 771.395996
25455.125000 1052.051880 0.000000 771.489990
25490.375000 1052.051880 0.000000 771.590027
25490.375000 1052.051880 0.000000 771.700012
25490.500000 1052.051880 0.000000 771.784973
25491.375000 1052.051880 0.000000 771.895996
25491.375000 1052.051880 0.000000 771.989990
25491.375000 1052.051880 0.000000 772.090027
25492.250000 1052.051880 0.000000 772.195984
25492.250000 1052.051880 0.000000 772.294983
25492.250000 1052.051880 0.000000 772.398987
25492.375000 1052.051880 0.000000 772.476990
25503.875000 1052.051880 0.000000 772.577026
25504.750000 1052.051880 0.000000 772.692993
25504.750000 1052.051880 0.000000 772.771973
25504.875000 1052.051880 0.000000 772.893005
25505.250000 1052.051880 0.000000 772.992004
25505.250000 1052.051880 0.000000 773.091980
25505.250000 1052.051880 0.000000 773.202026
25505.375000 1052.051880 0.000000 773.302002
25505.375000 1052.051880 0.000000 773.400024
25505.375000 1052.051880 0.000000 773.492981
25505.500000 1052.051880 0.000000 773.593994
25505.500000 1052.051880 0.000000 773.693970
25505.500000 1052.051880 0.000000 773.789001
25505.750000 1052.051880 0.000000 773.893982
25505.750000 1052.051880 0.000000 773.994019
25507.625000 1052.051880 0.000000 774.093994
25507.875000 1052.051880 0.000000 774.195007
25508.375000 1052.051880 0.000000 774.294983
25508.375000 1052.051880 0.000000 774.379028
25508.375000 1052.051880 0.000000 774.494019
25508.750000 1052.051880 0.000000 774.593994
25509.375000 1052.051880 0.000000 774.693970
25509.500000 1052.051880 0.000000 774.794006
25509.750000 1052.051880 0.000000 774.893982
25509.750000 1052.051880 0.000000 774.989014
25509.750000 1052.051880 0.000000 775.114014
25509.750000 1052.051880 0.000000 775.189026
25509.750000 1052.051880 0.000000 775.294006
25509.875000 1052.192017 0.000000 775.393982
25510.000000 1052.192017 0.000000 775.494995
25510.000000 1052.392456 0.000000 775.604004
25510.000000 1052.392456 0.000000 775.700989
25510.000000 1052.597412 0.000000 775.794983
25510.000000 1052.801514 0.000000 775.896973
25510.000000 1052.801514 0.000000 775.976990
25510.000000 1053.028198 0.000000 776.106995
25510.000000 1053.239502 0.000000 776.206970
25510.000000 1053.444702 0.000000 776.291992
25510.500000 1053.650146 0.000000 776.401978
25510.625000 1053.851562 0.000000 776.507019
25510.625000 1054.058350 0.000000 776.606995
25510.625000 1054.281860 0.000000 776.702026
25510.625000 1054.491211 0.000000 776.804016
25510.625000 1054.491211 0.000000 776.887024
25510.875000 1054.716797 0.000000 776.997009
25510.875000 1054.938232 0.000000 777.096985
25511.000000 1055.169800 0.000000 777.197021
25511.000000 1055.370850 0.000000 777.289978
25511.000000 1055.578369 0.000000 777.405029
25511.000000 1055.786133 0.000000 777.500000
25511.000000 1055.986328 0.000000 777.603027
25511.375000 1056.191895 0.000000 777.703003
25511.375000 1056.401855 0.000000 777.802979
25511.375000 1056.602051 0.000000 777.903015
25511.375000 1056.821411 0.000000 778.002014
25511.375000 1056.821411 0.000000 778.106995
25511.375000 1057.045776 0.000000 778.197021
25511.750000 1057.247437 0.000000 778.296997
25511.750000 1057.247437 0.000000 778.382019
25511.750000 1057.451660 0.000000 778.497009
25511.750000 1057.451660 0.000000 778.596985
25511.750000 1057.671753 0.000000 778.697021
25511.750000 1057.671753 0.000000 778.796997
25511.750000 1057.878296 0.000000 778.896973
25511.750000 1058.085693 0.000000 778.997009
25511.750000 1058.289673 0.000000 779.106995
25511.750000 1058.289673 0.000000 779.197021
25511.750000 1058.491577 0.000000 779.296997
25511.750000 1058.713867 0.000000 779.413025
25511.750000 1058.713867 0.000000 779.502014
25511.750000 1058.935791 0.000000 779.596985
25511.875000 1058.935791 0.000000 779.706970
25511.875000 1059.136841 0.000000 779.786987
25511.875000 1059.136841 0.000000 779.898010
25511.875000 1059.136841 0.000000 780.008972
25511.875000 1059.136841 0.000000 780.096008
25511.875000 1059.136841 0.000000 780.195984
25511.875000 1059.136841 0.000000 780.302002
25511.875000 1059.136841 0.000000 780.408020
25511.875000 1059.136841 0.000000 780.502014
25511.875000 1059.136841 0.000000 780.596985
25511.875000 1059.136841 0.000000 780.708008
25511.875000 1059.136841 0.000000 780.802979
25511.875000 1059.136841 0.000000 780.905029
25511.875000 1059.136841 0.000000 781.000000
25511.875000 1059.136841 0.000000 781.114990
25511.875000 1059.136841 0.000000 781.210022
25511.875000 1059.136841 0.000000 781.304993
25511.875000 1059.136841 0.000000 781.409973
25511.875000 1059.136841 0.000000 781.505005
25511.875000 1059.236084 0.000000 781.590027
25511.875000 1059.236084 0.000000 781.700012
25511.875000 1059.236084 0.000000 781.801025
25511.875000 1059.236084 0.000000 781.905029
25511.875000 1059.236084 0.000000 782.013000
25511.875000 1059.236084 0.000000 782.104980
25511.875000 1059.236084 0.000000 782.205017
25511.875000 1059.236084 0.000000 782.315002
25512.250000 1059.236084 0.000000 782.400024
25512.250000 1059.236084 0.000000 782.489990
25512.250000 1059.236084 0.000000 782.614990
25512.250000 1059.236084 0.000000 782.695007
25512.250000 1059.236084 0.000000 782.802002
25512.250000 1059.236084 0.000000 782.911987
25512.250000 1059.236084 0.000000 783.000000
25512.250000 1059.236084 0.000000 783.085022
25512.250000 1059.236084 0.000000 783.200989
25512.250000 1059.236084 0.000000 783.301025
25512.375000 1059.236084 0.000000 783.401001
25512.375000 1059.236084 0.000000 783.510986
25512.375000 1059.236084 0.000000 783.596008
25512.375000 1059.236084 0.000000 783.706970
25512.375000 1059.236084 0.000000 783.801025
25512.375000 1059.236084 0.000000 783.911011
25512.375000 1059.236084 0.000000 784.000977
25512.375000 1059.236084 0.000000 784.101013
25512.375000 1059.236084 0.000000 784.206970
25512.375000 1059.236084 0.000000 784.325989
25512.375000 1059.236084 0.000000 784.401001
25512.375000 1059.236084 0.000000 784.518982
25512.375000 1059.236084 0.000000 784.601013
25512.375000 1059.236084 0.000000 784.700989
25512.375000 1059.236084 0.000000 784.797974
25512.375000 1059.236084 0.000000 784.898010
25512.375000 1059.236084 0.000000 785.007996
25512.375000 1059.236084 0.000000 785.106018
25512.375000 1059.236084 0.000000 785.205994
25512.375000 1059.236084 0.000000 785.306030
25512.375000 1059.236084 0.000000 785.421997
25512.375000 1059.236084 0.000000 785.528015
25512.375000 1059.236084 0.000000 785.612976
25512.375000 1059.236084 0.000000 785.718018
25512.375000 1059.236084 0.000000 785.812988
25512.375000 1059.236084 0.000000 785.924988
25512.375000 1059.236084 0.000000 786.000000
25512.375000 1059.236084 0.000000 786.114990
25512.375000 1059.236084 0.000000 786.215027
25512.375000 1059.236084 0.000000 786.312012
25512.375000 1059.236084 0.000000 786.395996
25512.375000 1059.236084 0.000000 786.505981
25512.375000 1059.236084 0.000000 786.606018
25512.375000 1059.236084 0.000000 786.705994
25512.375000 1059.236084 0.000000 786.801025
25512.375000 1059.236084 0.000000 786.906006
25512.375000 1059.236084 0.000000 787.005981
25512.375000 1059.236084 0.000000 787.106995
25512.375000 1059.236084 0.000000 787.206970
25512.375000 1059.236084 0.000000 787.317017
25512.375000 1059.236084 0.000000 787.396973
25512.375000 1059.236084 0.000000 787.507996
25512.375000 1059.236084 0.000000 787.607971
25512.375000 1059.236084 0.000000 787.706970
25512.375000 1059.236084 0.000000 787.812012
25512.375000 1059.236084 0.000000 787.906982
25512.375000 1059.236084 0.000000 788.017029
25512.375000 1059.236084 0.000000 788.112000
25512.375000 1059.236084 0.000000 788.216980
25512.375000 1059.236084 0.000000 788.296997
25512.500000 1059.236084 0.000000 788.401978
25512.500000 1059.236084 0.000000 788.505005
25512.500000 1059.236084 0.000000 788.619995
25512.500000 1059.236084 0.000000 788.695007
25512.500000 1059.236084 0.000000 788.799988
25512.500000 1059.236084 0.000000 788.905029
25512.500000 1059.236084 0.000000 789.000000
25512.500000 1059.236084 0.000000 789.119019
25512.500000 1059.236084 0.000000 789.205994
25512.500000 1059.236084 0.000000 789.306030
25512.500000 1059.236084 0.000000 789.401001
25512.500000 1059.236084 0.000000 789.510986
25512.500000 1059.236084 0.000000 789.635010
25512.500000 1059.236084 0.000000 789.710022
25512.500000 1059.236084 0.000000 789.815002
25512.500000 1059.236084 0.000000 789.913025
25512.500000 1059.236084 0.000000 790.012024
25512.500000 1059.236084 0.000000 790.117004
25512.500000 1059.236084 0.000000 790.202026
25512.500000 1059.236084 0.000000 790.296021
25512.500000 1059.236084 0.000000 790.406006
25512.500000 1059.236084 0.000000 790.513000
25512.500000 1059.236084 0.000000 790.611023
25512.500000 1059.236084 0.000000 790.706970
25512.500000 1059.236084 0.000000 790.810974
25512.500000 1059.236084 0.000000 790.911011
25512.500000 1059.236084 0.000000 791.010986
25512.500000 1059.236084 0.000000 791.103027
25512.500000 1059.236084 0.000000 791.210999
25512.500000 1059.236084 0.000000 791.315979
25512.500000 1059.236084 0.000000 791.411011
25512.500000 1059.236084 0.000000 791.520996
25512.500000 1059.236084 0.000000 791.591003
25512.500000 1059.236084 0.000000 791.705994
25512.500000 1059.236084 0.000000 791.806030
25512.500000 1059.236084 0.000000 791.916016
25512.500000 1059.236084 0.000000 792.020996
25512.500000 1059.236084 0.000000 792.101013
25512.500000 1059.236084 0.000000 792.218018
25512.500000 1059.236084 0.000000 792.315979
25512.500000 1059.236084 0.000000 792.411987
25512.500000 1059.236084 0.000000 792.505981
25512.500000 1059.236084 0.000000 792.611023
25512.500000 1059.236084 0.000000 792.705994
25512.500000 1059.236084 0.000000 792.818970
25512.500000 1059.236084 0.000000 792.906006
25512.500000 1059.236084 0.000000 793.010986
25512.500000 1059.236084 0.000000 793.111023
25512.500000 1059.236084 0.000000 793.200989
25512.500000 1059.236084 0.000000 793.310974
25512.625000 1059.236084 0.000000 793.426025
25512.625000 1059.236084 0.000000 793.521973
25512.625000 1059.236084 0.000000 793.601990
25512.625000 1059.236084 0.000000 793.716980
25512.625000 1059.236084 0.000000 793.827026
25512.625000 1059.236084 0.000000 793.906982
25512.625000 1059.236084 0.000000 794.020996
25512.625000 1059.236084 0.000000 794.122009
25512.625000 1059.236084 0.000000 794.211975
25512.625000 1059.236084 0.000000 794.320984
25512.625000 1059.236084 0.000000 794.406006
25512.625000 1059.236084 0.000000 794.507996
25512.625000 1059.236084 0.000000 794.598022
25512.625000 1059.236084 0.000000 794.713989
25512.625000 1059.236084 0.000000 794.797974
25512.625000 1059.236084 0.000000 794.908997
25512.625000 1059.236084 0.000000 795.007996
25512.625000 1059.236084 0.000000 795.117981
25512.625000 1059.236084 0.000000 795.203003
25512.625000 1059.236084 0.000000 795.307983
25512.625000 1059.236084 0.000000 795.421021
25512.625000 1059.236084 0.000000 795.513000
25512.625000 1059.236084 0.000000 795.617981
25512.625000 1059.236084 0.000000 795.708008
25512.625000 1059.236084 0.000000 795.807983
25512.625000 1059.236084 0.000000 795.908020
25512.625000 1059.236084 0.000000 796.018005
25512.625000 1059.236084 0.000000 796.117981
25512.625000 1059.236084 0.000000 796.203979
25512.625000 1059.236084 0.000000 796.297974
25512.625000 1059.236084 0.000000 796.413025
25512.625000 1059.236084 0.000000 796.513000
25512.625000 1059.236084 0.000000 796.614990
25512.625000 1059.236084 0.000000 796.718018
25512.625000 1059.236084 0.000000 796.807983
25512.625000 1059.236084 0.000000 796.921997
25512.625000 1059.236084 0.000000 797.021973
25512.625000 1059.236084 0.000000 797.122009
25512.625000 1059.236084 0.000000 797.232971
25512.625000 1059.236084 0.000000 797.320007
25512.750000 1059.236084 0.000000 797.406006
25512.750000 1059.236084 0.000000 797.513000
25512.750000 1059.236084 0.000000 797.612976
25512.750000 1059.236084 0.000000 797.732971
25512.750000 1059.236084 0.000000 797.812988
25512.750000 1059.236084 0.000000 797.914001
25512.750000 1059.236084 0.000000 798.018005
25512.750000 1059.236084 0.000000 798.132019
25512.750000 1059.236084 0.000000 798.195984
25512.750000 1059.236084 0.000000 798.320984
25512.750000 1059.236084 0.000000 798.395996
25512.750000 1059.236084 0.000000 798.515991
25512.750000 1059.236084 0.000000 798.630981
25512.750000 1059.236084 0.000000 798.700989
25512.750000 1059.236084 0.000000 798.815979
25512.750000 1059.236084 0.000000 798.921021
25512.750000 1059.236084 0.000000 799.010986
25512.750000 1059.236084 0.000000 799.116028
25512.750000 1059.236084 0.000000 799.221008
25512.750000 1059.236084 0.000000 799.306030
25512.750000 1059.236084 0.000000 799.416016
25512.750000 1059.236084 0.000000 799.491028
25512.750000 1059.236084 0.000000 799.609985
25512.750000 1059.236084 0.000000 799.710022
25512.750000 1059.236084 0.000000 799.820007
25512.750000 1059.236084 0.000000 799.916016
25512.750000 1059.236084 0.000000 800.025024
25512.750000 1059.236084 0.000000 800.114990
25512.750000 1059.236084 0.000000 800.216003
25512.750000 1059.236084 0.000000 800.309998
25512.750000 1059.236084 0.000000 800.414978
25512.750000 1059.236084 0.000000 800.515015
25512.750000 1059.236084 0.000000 800.630005
25512.750000 1059.236084 0.000000 800.729980
25512.750000 1059.236084 0.000000 800.830994
25512.750000 1059.236084 0.000000 800.932007
25512.750000 1059.236084 0.000000 801.030029
25512.750000 1059.236084 0.000000 801.130005
25512.750000 1059.236084 0.000000 801.229980
25512.750000 1059.236084 0.000000 801.330017
25512.750000 1059.236084 0.000000 801.429993
25512.750000 1059.236084 0.000000 801.528015
25512.750000 1059.236084 0.000000 801.627991
25512.750000 1059.236084 0.000000 801.729004
25512.750000 1059.236084 0.000000 801.835999
25512.750000 1059.236084 0.000000 801.935974
25512.750000 1059.236084 0.000000 802.031982
25512.750000 1059.236084 0.000000 802.127991
25512.750000 1059.236084 0.000000 802.228027
25512.750000 1059.236084 0.000000 802.328979
25512.750000 1059.236084 0.000000 802.429016
25512.750000 1059.236084 0.000000 802.528015
25512.750000 1059.236084 0.000000 802.627991
25512.750000 1059.236084 0.000000 802.729004
25512.750000 1059.236084 0.000000 802.828003
25512.750000 1059.236084 0.000000 802.927979
25512.750000 1059.236084 0.000000 803.033997
25512.750000 1059.236084 0.000000 803.143005
25512.750000 1059.236084 0.000000 803.234009
25512.750000 1059.236084 0.000000 803.333008
25512.750000 1059.236084 0.000000 803.427979
25512.750000 1059.236084 0.000000 803.533020
25512.750000 1059.236084 0.000000 803.653015
25512.750000 1059.236084 0.000000 803.737976
25512.750000 1059.236084 0.000000 803.822998
25512.750000 1059.236084 0.000000 803.932983
25512.750000 1059.236084 0.000000 804.028015
25512.750000 1059.236084 0.000000 804.133972
25512.750000 1059.236084 0.000000 804.232971
25512.750000 1059.236084 0.000000 804.333008
25512.750000 1059.236084 0.000000 804.437988
25512.750000 1059.236084 0.000000 804.533020
25512.750000 1059.236084 0.000000 804.630005
25512.750000 1059.236084 0.000000 804.739014
25512.750000 1059.236084 0.000000 804.822998
25512.750000 1059.236084 0.000000 804.932983
25512.750000 1059.236084 0.000000 805.033020
25512.750000 1059.236084 0.000000 805.132996
25512.750000 1059.236084 0.000000 805.234985
25512.750000 1059.236084 0.000000 805.328979
25512.750000 1059.236084 0.000000 805.432983
25512.750000 1059.236084 0.000000 805.533020
25512.750000 1059.236084 0.000000 805.632996
25512.750000 1059.236084 0.000000 805.734009
25512.750000 1059.236084 0.000000 805.838013
25512.750000 1059.236084 0.000000 805.932983
25512.750000 1059.236084 0.000000 806.033020
25512.750000 1059.236084 0.000000 806.130981
25512.750000 1059.236084 0.000000 806.232971
25512.750000 1059.236084 0.000000 806.333008
25512.750000 1059.236084 0.000000 806.437988
25512.750000 1059.236084 0.000000 806.539978
25512.750000 1059.236084 0.000000 806.632996
25512.750000 1059.236084 0.000000 806.732971
25512.750000 1059.236084 0.000000 806.838013
25512.750000 1059.236084 0.000000 806.934998
25512.750000 1059.236084 0.000000 807.030029
25512.750000 1059.236084 0.000000 807.130005
25512.750000 1059.236084 0.000000 807.232971
25512.750000 1059.236084 0.000000 807.335022
25512.750000 1059.236084 0.000000 807.429993
25512.750000 1059.236084 0.000000 807.534973
25512.750000 1059.236084 0.000000 807.630005
25512.750000 1059.236084 0.000000 807.729980
25512.750000 1059.236084 0.000000 807.830017
25512.750000 1059.236084 0.000000 807.929993
25512.750000 1059.236084 0.000000 808.030029
25512.750000 1059.236084 0.000000 808.132019
25512.750000 1059.236084 0.000000 808.229980
25512.750000 1059.236084 0.000000 808.330994
25512.750000 1059.236084 0.000000 808.429993
25512.750000 1059.236084 0.000000 808.534973
25512.750000 1059.236084 0.000000 808.638000
25512.750000 1059.236084 0.000000 808.734985
25512.750000 1059.236084 0.000000 808.835022
25512.750000 1059.236084 0.000000 808.934998
25512.750000 1059.236084 0.000000 809.034973
25512.750000 1059.236084 0.000000 809.137024
25512.750000 1059.236084 0.000000 809.239990
25512.750000 1059.236084 0.000000 809.335022
25512.750000 1059.236084 0.000000 809.442017
25512.750000 1059.236084 0.000000 809.541992
25512.750000 1059.236084 0.000000 809.640015
25512.750000 1059.236084 0.000000 809.739990
25512.750000 1059.236084 0.000000 809.835022
25512.750000 1059.236084 0.000000 809.934998
25512.750000 1059.236084 0.000000 810.034973
25512.750000 1059.236084 0.000000 810.142029
25512.750000 1059.236084 0.000000 810.242004
25512.750000 1059.236084 0.000000 810.333984
25512.750000 1059.236084 0.000000 810.442017
25512.750000 1059.236084 0.000000 810.546021
25512.750000 1059.236084 0.000000 810.645996
25512.750000 1059.236084 0.000000 810.741028
25512.750000 1059.236084 0.000000 810.841003
25512.750000 1059.236084 0.000000 810.942017
25512.750000 1059.236084 0.000000 811.033020
25512.750000 1059.236084 0.000000 811.135986
25512.750000 1059.236084 0.000000 811.232971
25512.750000 1059.236084 0.000000 811.338989
25512.750000 1059.236084 0.000000 811.432983
25512.750000 1059.236084 0.000000 811.539978
25512.750000 1059.236084 0.000000 811.640015
25512.750000 1059.236084 0.000000 811.739990
25512.750000 1059.236084 0.000000 811.838989
25512.750000 1059.236084 0.000000 811.932983
25512.750000 1059.236084 0.000000 812.043030
25512.750000 1059.236084 0.000000 812.135010
25512.750000 1059.236084 0.000000 812.249023
25512.750000 1059.236084 0.000000 812.348999
25512.750000 1059.236084 0.000000 812.443970
25512.750000 1059.236084 0.000000 812.547974
25512.750000 1059.236084 0.000000 812.643982
25512.750000 1059.236084 0.000000 812.734985
25512.750000 1059.236084 0.000000 812.840027
25512.750000 1059.236084 0.000000 812.934998
25512.750000 1059.236084 0.000000 813.034973
25512.750000 1059.236084 0.000000 813.140015
25512.750000 1059.236084 0.000000 813.242981
25512.750000 1059.236084 0.000000 813.343018
25512.750000 1059.236084 0.000000 813.442993
25512.750000 1059.236084 0.000000 813.539001
25512.750000 1059.236084 0.000000 813.635010
25512.750000 1059.236084 0.000000 813.737000
25512.750000 1059.236084 0.000000 813.841003
25512.750000 1059.236084 0.000000 813.935974
25512.750000 1059.236084 0.000000 814.036987
25512.750000 1059.236084 0.000000 814.140991
25512.750000 1059.236084 0.000000 814.241028
25512.750000 1059.236084 0.000000 814.341003
25512.750000 1059.236084 0.000000 814.435974
25512.750000 1059.236084 0.000000 814.536011
25512.750000 1059.236084 0.000000 814.646973
25512.750000 1059.236084 0.000000 814.745972
25512.750000 1059.236084 0.000000 814.841003
25512.750000 1059.236084 0.000000 814.937988
25512.750000 1059.236084 0.000000 815.041016
25512.750000 1059.236084 0.000000 815.135986
25512.750000 1059.236084 0.000000 815.237000
25512.750000 1059.236084 0.000000 815.335999
25512.750000 1059.236084 0.000000 815.437988
25512.750000 1059.236084 0.000000 815.536011
25512.750000 1059.236084 0.000000 815.637024
25512.750000 1059.236084 0.000000 815.745972
25512.750000 1059.236084 0.000000 815.843018
25512.750000 1059.236084 0.000000 815.945007
25512.750000 1059.236084 0.000000 816.044006
25512.750000 1059.236084 0.000000 816.145020
25512.750000 1059.236084 0.000000 816.237000
25512.750000 1059.236084 0.000000 816.343994
25512.750000 1059.236084 0.000000 816.439026
25512.750000 1059.236084 0.000000 816.539001
25512.750000 1059.236084 0.000000 816.633972
25512.750000 1059.236084 0.000000 816.739014
25512.750000 1059.236084 0.000000 816.841980
25512.750000 1059.236084 0.000000 816.940002
25512.750000 1059.236084 0.000000 817.044006
25512.750000 1059.236084 0.000000 817.138977
25512.750000 1059.236084 0.000000 817.234009
25512.750000 1059.236084 0.000000 817.338989
25512.750000 1059.236084 0.000000 817.448975
25512.750000 1059.236084 0.000000 817.533997
25512.750000 1059.236084 0.000000 817.640991
25512.750000 1059.236084 0.000000 817.739014
25512.750000 1059.236084 0.000000 817.838989
25512.750000 1059.236084 0.000000 817.939026
25512.750000 1059.236084 0.000000 818.044006
25512.750000 1059.236084 0.000000 818.146973
25512.750000 1059.236084 0.000000 818.249023
25512.750000 1059.236084 0.000000 818.348999
25512.750000 1059.236084 0.000000 818.453979
25512.750000 1059.236084 0.000000 818.549011
25512.750000 1059.236084 0.000000 818.646973
25512.750000 1059.236084 0.000000 818.747009
25512.750000 1059.236084 0.000000 818.846985
25512.750000 1059.236084 0.000000 818.947021
25512.750000 1059.236084 0.000000 819.046997
25512.750000 1059.236084 0.000000 819.146973
25512.750000 1059.236084 0.000000 819.257019
25512.750000 1059.236084 0.000000 819.330017
25512.750000 1059.236084 0.000000 819.443970
25512.750000 1059.236084 0.000000 819.539001
25512.750000 1059.236084 0.000000 819.648010
25512.750000 1059.236084 0.000000 819.747986
25512.750000 1059.236084 0.000000 819.848022
25512.750000 1059.236084 0.000000 819.947998
25512.750000 1059.236084 0.000000 820.047974
25512.750000 1059.236084 0.000000 820.148010
25512.750000 1059.236084 0.000000 820.244019
25512.750000 1059.236084 0.000000 820.338989
25512.750000 1059.236084 0.000000 820.443970
25512.750000 1059.236084 0.000000 820.539001
25512.750000 1059.236084 0.000000 820.638977
25512.750000 1059.236084 0.000000 820.744019
25512.750000 1059.236084 0.000000 820.843994
25512.750000 1059.236084 0.000000 820.939026
25512.750000 1059.236084 0.000000 821.036011
25512.750000 1059.236084 0.000000 821.140015
25512.750000 1059.236084 0.000000 821.244995
25512.750000 1059.236084 0.000000 821.335022
25512.750000 1059.236084 0.000000 821.445984
25512.750000 1059.236084 0.000000 821.547974
25512.750000 1059.236084 0.000000 821.648010
25512.750000 1059.236084 0.000000 821.752991
25512.750000 1059.236084 0.000000 821.840027
25512.750000 1059.236084 0.000000 821.940002
25512.750000 1059.236084 0.000000 822.039978
25512.750000 1059.236084 0.000000 822.148010
25512.875000 1059.236084 0.000000 822.247986
25512.875000 1059.236084 0.000000 822.353027
25513.000000 1059.236084 0.000000 822.447998
25513.000000 1059.236084 0.000000 822.552979
25513.000000 1059.236084 0.000000 822.648010
25513.000000 1059.236084 0.000000 822.739990
25513.000000 1059.236084 0.000000 822.848022
25513.000000 1059.236084 0.000000 822.950012
25513.000000 1059.236084 0.000000 823.039978
25513.000000 1059.236084 0.000000 823.140991
25513.000000 1059.236084 0.000000 823.245972
25513.000000 1059.236084 0.000000 823.341003
25513.000000 1059.236084 0.000000 823.445007
25513.000000 1059.236084 0.000000 823.539978
25513.000000 1059.236084 0.000000 823.650024
25513.000000 1059.236084 0.000000 823.744995
25513.000000 1059.236084 0.000000 823.849976
25513.000000 1059.236084 0.000000 823.950012
25513.000000 1059.236084 0.000000 824.049988
25513.000000 1059.236084 0.000000 824.150024
25513.000000 1059.236084 0.000000 824.250000
25513.000000 1059.236084 0.000000 824.340027
25513.000000 1059.236084 0.000000 824.440002
25513.000000 1059.236084 0.000000 824.546997
25513.125000 1059.236084 0.000000 824.646973
25513.125000 1059.236084 0.000000 824.747009
25513.125000 1059.236084 0.000000 824.841980
25513.125000 1059.236084 0.000000 824.940002
25513.125000 1059.236084 0.000000 825.043030
25513.125000 1059.236084 0.000000 825.140015
25513.125000 1059.236084 0.000000 825.234985
25513.125000 1059.236084 0.000000 825.340027
25513.125000 1059.236084 0.000000 825.450012
25513.125000 1059.236084 0.000000 825.549988
25513.125000 1059.236084 0.000000 825.650024
25513.125000 1059.236084 0.000000 825.741028
25513.125000 1059.236084 0.000000 825.841003
25513.125000 1059.236084 0.000000 825.940979
25513.125000 1059.236084 0.000000 826.041016
25513.125000 1059.236084 0.000000 826.140991
25513.125000 1059.236084 0.000000 826.241028
25513.125000 1059.236084 0.000000 826.346008
25513.125000 1059.236084 0.000000 826.442017
25513.125000 1059.236084 0.000000 826.541992
25513.125000 1059.236084 0.000000 826.640991
25513.125000 1059.236084 0.000000 826.744019
25513.125000 1059.236084 0.000000 826.846008
25513.125000 1059.236084 0.000000 826.945984
25513.125000 1059.236084 0.000000 827.041016
25513.125000 1059.236084 0.000000 827.140991
25513.125000 1059.236084 0.000000 827.231018
25513.125000 1059.236084 0.000000 827.336975
25513.250000 1059.236084 0.000000 827.447021
25513.250000 1059.236084 0.000000 827.546997
25513.250000 1059.236084 0.000000 827.651978
25513.250000 1059.236084 0.000000 827.750000
25513.250000 1059.236084 0.000000 827.843018
25513.250000 1059.236084 0.000000 827.935974
25513.250000 1059.236084 0.000000 828.041992
25513.250000 1059.236084 0.000000 828.151978
25513.250000 1059.236084 0.000000 828.241028
25513.250000 1059.236084 0.000000 828.341003
25513.250000 1059.236084 0.000000 828.440979
25513.250000 1059.236084 0.000000 828.547974
25513.250000 1059.236084 0.000000 828.650024
25513.250000 1059.236084 0.000000 828.741028
25513.250000 1059.236084 0.000000 828.841003
25513.250000 1059.236084 0.000000 828.940979
25513.250000 1059.236084 0.000000 829.041016
25513.250000 1059.236084 0.000000 829.145996
25513.250000 1059.236084 0.000000 829.242004
25513.250000 1059.236084 0.000000 829.341003
25513.250000 1059.236084 0.000000 829.440979
25513.250000 1059.236084 0.000000 829.541016
25513.250000 1059.236084 0.000000 829.640991
25513.250000 1059.236084 0.000000 829.741028
25513.250000 1059.236084 0.000000 829.848022
25513.250000 1059.236084 0.000000 829.947998
25513.250000 1059.236084 0.000000 830.031006
25513.250000 1059.236084 0.000000 830.140991
25513.250000 1059.236084 0.000000 830.241028
25513.250000 1059.236084 0.000000 830.344971
25513.250000 1059.236084 0.000000 830.440979
25513.250000 1059.236084 0.000000 830.541992
25513.250000 1059.236084 0.000000 830.642029
25513.250000 1059.236084 0.000000 830.744019
25513.250000 1059.236084 0.000000 830.841980
25513.875000 1059.236084 0.000000 830.952026
25513.875000 1059.236084 0.000000 831.046997
25513.875000 1059.236084 0.000000 831.151978
25513.875000 1059.236084 0.000000 831.239014
25513.875000 1059.236084 0.000000 831.343994
25513.875000 1059.236084 0.000000 831.443970
25513.875000 1059.236084 0.000000 831.570984
25513.875000 1059.236084 0.000000 831.643982
25513.875000 1059.236084 0.000000 831.744019
25513.875000 1059.236084 0.000000 831.843994
25513.875000 1059.236084 0.000000 831.943970
25513.875000 1059.236084 0.000000 832.044006
25513.875000 1059.236084 0.000000 832.138977
25513.875000 1059.236084 0.000000 832.245972
25513.875000 1059.236084 0.000000 832.346008
25513.875000 1059.236084 0.000000 832.448975
25513.875000 1059.236084 0.000000 832.539001
25513.875000 1059.236084 0.000000 832.643982
25513.875000 1059.236084 0.000000 832.752014
25513.875000 1059.236084 0.000000 832.851990
25513.875000 1059.236084 0.000000 832.947021
25513.875000 1059.236084 0.000000 833.044006
25513.875000 1059.236084 0.000000 833.143982
25513.875000 1059.236084 0.000000 833.244995
25513.875000 1059.236084 0.000000 833.344971
25513.875000 1059.236084 0.000000 833.447998
25513.875000 1059.236084 0.000000 833.552979
25513.875000 1059.236084 0.000000 833.648010
25513.875000 1059.236084 0.000000 833.747986
25513.875000 1059.236084 0.000000 833.856995
25513.875000 1059.236084 0.000000 833.939026
25513.875000 1059.236084 0.000000 834.044006
25513.875000 1059.236084 0.000000 834.143982
25513.875000 1059.236084 0.000000 834.244019
25513.875000 1059.236084 0.000000 834.338989
25513.875000 1059.236084 0.000000 834.445007
25513.875000 1059.236084 0.000000 834.544006
25513.875000 1059.236084 0.000000 834.645996
25513.875000 1059.236084 0.000000 834.739014
25513.875000 1059.236084 0.000000 834.846008
25513.875000 1059.236084 0.000000 834.943970
25513.875000 1059.236084 0.000000 835.039001
25513.875000 1059.236084 0.000000 835.143982
25513.875000 1059.236084 0.000000 835.244019
25513.875000 1059.236084 0.000000 835.328979
25513.875000 1059.236084 0.000000 835.443970
25513.875000 1059.236084 0.000000 835.539001
25514.375000 1059.236084 0.000000 835.643982
25514.375000 1059.236084 0.000000 835.742004
25514.375000 1059.236084 0.000000 835.854980
25514.375000 1059.236084 0.000000 835.942017
25514.375000 1059.236084 0.000000 836.044006
25514.375000 1059.438110 0.000000 836.151978
25514.375000 1059.438110 0.000000 836.247986
25514.375000 1059.438110 0.000000 836.354980
25514.875000 1059.644043 0.000000 836.448975
25514.875000 1059.644043 0.000000 836.549988
25514.875000 1059.644043 0.000000 836.655029
25514.875000 1059.812500 0.000000 836.747986
25514.875000 1059.812500 0.000000 836.843994
25514.875000 1060.043213 0.000000 836.937988
25514.875000 1060.251099 0.000000 837.044006
25514.875000 1060.460083 0.000000 837.143005
25514.875000 1060.661377 0.000000 837.242981
25516.750000 1060.869995 0.000000 837.348022
25516.750000 1060.869995 0.000000 837.427979
25516.750000 1061.073120 0.000000 837.538025
25516.875000 1061.486572 0.000000 837.648010
25516.875000 1061.486572 0.000000 837.742981
25517.125000 1061.703003 0.000000 837.849976
25518.375000 1061.918457 0.000000 837.955017
25519.125000 1062.069702 0.000000 838.049988
25519.250000 1062.179077 0.000000 838.153015
25519.375000 1062.256348 0.000000 838.250977
25519.500000 1062.256348 0.000000 838.351990
25519.500000 1062.308228 0.000000 838.443970
25519.625000 1062.316284 0.000000 838.554993
25519.875000 1062.316284 0.000000 838.645020
25519.875000 1062.316284 0.000000 838.747009
25520.125000 1062.316284 0.000000 838.846985
25520.125000 1062.316284 0.000000 838.943970
25520.125000 1062.316284 0.000000 839.046021
25520.125000 1062.316284 0.000000 839.140991
25520.125000 1062.316284 0.000000 839.242981
25520.625000 1062.316284 0.000000 839.346008
25520.625000 1062.316284 0.000000 839.447998
25520.625000 1062.316284 0.000000 839.547974
25520.625000 1062.316284 0.000000 839.630981
25520.625000 1062.316284 0.000000 839.741028
25521.375000 1062.316284 0.000000 839.841003
25521.375000 1062.316284 0.000000 839.947021
25521.375000 1062.316284 0.000000 840.041016
25521.625000 1062.316284 0.000000 840.145996
25521.625000 1062.316284 0.000000 840.241028
25521.625000 1062.316284 0.000000 840.346008
25521.625000 1062.316284 0.000000 840.447021
25521.625000 1062.517212 0.000000 840.541016
25521.625000 1062.517212 0.000000 840.640991
25521.625000 1062.718384 0.000000 840.731018
25521.625000 1062.923828 0.000000 840.846985
25521.875000 1062.923828 0.000000 840.945984
25521.875000 1063.086792 0.000000 841.041016
25521.875000 1063.184082 0.000000 841.142029
25521.875000 1063.248657 0.000000 841.245972
25521.875000 1063.248657 0.000000 841.346008
25521.875000 1063.304199 0.000000 841.452026
25522.000000 1063.304199 0.000000 841.546021
25522.000000 1063.304199 0.000000 841.651978
25522.000000 1063.304199 0.000000 841.736023
25522.000000 1063.508301 0.000000 841.835999
25522.000000 1063.508301 0.000000 841.945007
25522.125000 1063.708740 0.000000 842.046021
25522.125000 1063.905029 0.000000 842.151978
25522.250000 1064.019165 0.000000 842.245972
25522.250000 1064.019165 0.000000 842.346008
25522.250000 1064.097900 0.000000 842.450989
25522.500000 1064.145508 0.000000 842.546021
25522.500000 1064.145508 0.000000 842.656006
25522.500000 1064.145508 0.000000 842.747009
25522.500000 1064.145508 0.000000 842.844971
25522.500000 1064.145508 0.000000 842.947021
25522.500000 1064.373169 0.000000 843.052979
25522.500000 1064.373169 0.000000 843.145996
25522.500000 1064.621826 0.000000 843.247986
25522.500000 1064.824097 0.000000 843.346008
25522.500000 1064.824097 0.000000 843.450989
25522.500000 1065.026855 0.000000 843.546021
25522.500000 1065.026855 0.000000 843.645996
25522.625000 1065.026855 0.000000 843.752014
25522.625000 1065.026855 0.000000 843.846008
25522.625000 1065.026855 0.000000 843.947998
25522.625000 1065.026855 0.000000 844.046021
25522.625000 1065.026855 0.000000 844.148987
25522.625000 1065.026855 0.000000 844.244019
25522.625000 1065.026855 0.000000 844.349976
25522.625000 1065.026855 0.000000 844.445007
25522.625000 1065.026855 0.000000 844.544006
25522.625000 1065.026855 0.000000 844.650024
25522.625000 1065.026855 0.000000 844.750000
25522.625000 1065.026855 0.000000 844.848999
25522.625000 1065.026855 0.000000 844.948975
25526.500000 1065.210571 0.000000 845.049011
25527.125000 1065.210571 0.000000 845.148987
25527.500000 1065.210571 0.000000 845.250000
25527.625000 1065.210571 0.000000 845.348999
25528.375000 1065.210571 0.000000 845.453979
25528.375000 1065.210571 0.000000 845.554016
25528.375000 1065.210571 0.000000 845.650024
25528.375000 1065.217529 0.000000 845.750000
25528.375000 1065.217529 0.000000 845.854004
25528.375000 1065.217529 0.000000 845.948975
25528.375000 1065.217529 0.000000 846.049988
25528.375000 1065.418335 0.000000 846.148987
25528.375000 1065.522217 0.000000 846.254028
25528.375000 1065.573730 0.000000 846.351990
25528.375000 1065.590088 0.000000 846.450989
25528.375000 1065.590088 0.000000 846.549011
25528.375000 1065.590088 0.000000 846.648987
25528.500000 1065.590088 0.000000 846.750000
25528.500000 1065.590088 0.000000 846.854004
25529.250000 1065.590088 0.000000 846.955017
25529.250000 1065.590088 0.000000 847.049011
25529.250000 1065.590088 0.000000 847.148987
25529.250000 1065.590088 0.000000 847.252014
25529.250000 1065.590088 0.000000 847.356995
25529.250000 1065.590088 0.000000 847.456970
25529.250000 1065.590088 0.000000 847.549011
25529.250000 1065.681030 0.000000 847.653992
25529.250000 1065.681030 0.000000 847.750000
25529.250000 1065.688110 0.000000 847.848999
25529.750000 1065.688110 0.000000 847.958008
25529.750000 1065.688110 0.000000 848.059021
25529.750000 1065.688110 0.000000 848.158997
25530.000000 1065.688110 0.000000 848.258972
25530.250000 1065.688110 0.000000 848.359009
25530.250000 1065.688110 0.000000 848.458984
25530.250000 1065.688110 0.000000 848.559021
25530.375000 1065.688110 0.000000 848.658997
25530.375000 1065.688110 0.000000 848.749023
25530.375000 1065.688110 0.000000 848.849976
25530.375000 1065.688110 0.000000 848.948975
25530.375000 1065.688110 0.000000 849.049988
25530.375000 1065.688110 0.000000 849.148987
25530.375000 1065.688110 0.000000 849.249023
25530.375000 1065.688110 0.000000 849.351013
25530.375000 1065.688110 0.000000 849.450989
25531.125000 1065.688110 0.000000 849.546021
25531.125000 1065.688110 0.000000 849.653015
25531.125000 1065.688477 0.000000 849.752014
25531.250000 1065.688477 0.000000 849.853027
25531.250000 1065.688477 0.000000 849.952026
25531.250000 1065.688477 0.000000 850.059998
25531.250000 1065.688477 0.000000 850.155029
25531.250000 1065.688477 0.000000 850.260010
25531.250000 1065.889893 0.000000 850.351990
25531.250000 1065.889893 0.000000 850.452026
25531.250000 1066.092285 0.000000 850.557007
25531.250000 1066.294189 0.000000 850.653015
25531.250000 1066.501831 0.000000 850.752014
25531.250000 1066.702393 0.000000 850.853027
25531.250000 1066.903687 0.000000 850.952026
25531.250000 1067.111328 0.000000 851.059998
25531.250000 1067.312744 0.000000 851.150024
25531.250000 1067.512939 0.000000 851.257019
25531.375000 1067.711060 0.000000 851.359009
25531.375000 1067.711060 0.000000 851.442017
25531.375000 1067.880127 0.000000 851.552979
25531.500000 1068.013184 0.000000 851.651978
25531.500000 1068.110840 0.000000 851.757996
25531.500000 1068.167725 0.000000 851.856995
25532.250000 1068.167725 0.000000 851.952026
25532.250000 1068.190186 0.000000 852.057983
25534.375000 1068.190674 0.000000 852.156006
25534.375000 1068.190674 0.000000 852.257996
25534.375000 1068.190674 0.000000 852.364990
25534.375000 1068.190674 0.000000 852.452026
25534.375000 1068.190674 0.000000 852.552979
25534.375000 1068.190674 0.000000 852.651978
25534.375000 1068.190674 0.000000 852.752991
25534.375000 1068.190674 0.000000 852.856995
25534.500000 1068.190674 0.000000 852.952026
25534.875000 1068.190674 0.000000 853.052002
25534.875000 1068.190674 0.000000 853.156982
25534.875000 1068.190674 0.000000 853.252014
25534.875000 1068.190674 0.000000 853.356995
25534.875000 1068.190674 0.000000 853.442017
25535.000000 1068.190674 0.000000 853.552002
25535.000000 1068.231689 0.000000 853.651978
25535.000000 1068.231689 0.000000 853.752014
25535.000000 1068.231689 0.000000 853.856995
25535.000000 1068.231689 0.000000 853.953003
25535.000000 1068.433472 0.000000 854.059021
25535.000000 1068.433472 0.000000 854.151978
25535.000000 1068.620117 0.000000 854.254028
25535.125000 1068.620117 0.000000 854.354980
25535.125000 1068.620117 0.000000 854.453979
25535.125000 1068.821411 0.000000 854.549011
25535.125000 1068.924194 0.000000 854.655029
25535.250000 1068.924194 0.000000 854.754028
25535.375000 1068.971558 0.000000 854.854004
25535.375000 1068.985962 0.000000 854.953979
25535.375000 1068.985962 0.000000 855.049011
25535.750000 1068.985962 0.000000 855.153992
25535.750000 1068.985962 0.000000 855.254028
25535.875000 1068.985962 0.000000 855.359009
25535.875000 1068.985962 0.000000 855.448975
25535.875000 1068.985962 0.000000 855.554016
25536.250000 1068.985962 0.000000 855.653992
25536.250000 1068.985962 0.000000 855.758972
25536.875000 1068.985962 0.000000 855.859985
25536.875000 1068.985962 0.000000 855.953979
25536.875000 1068.985962 0.000000 856.054993
25536.875000 1068.985962 0.000000 856.155029
25536.875000 1068.985962 0.000000 856.255005
25536.875000 1068.985962 0.000000 856.362000
25537.125000 1068.985962 0.000000 856.461975
25537.125000 1068.985962 0.000000 856.554993
25537.125000 1068.985962 0.000000 856.659973
25537.250000 1068.985962 0.000000 856.755005
25537.500000 1068.985962 0.000000 856.859009
25537.500000 1068.985962 0.000000 856.943970
25537.500000 1068.985962 0.000000 857.054016
25537.500000 1068.985962 0.000000 857.158997
25537.750000 1068.985962 0.000000 857.254028
25537.750000 1068.985962 0.000000 857.354980
25538.125000 1068.985962 0.000000 857.453979
25538.250000 1068.985962 0.000000 857.559998
25538.250000 1068.985962 0.000000 857.653992
25538.250000 1068.985962 0.000000 857.754028
25538.375000 1068.985962 0.000000 857.859009
25538.500000 1068.985962 0.000000 857.953979
25538.500000 1068.985962 0.000000 858.059021
25538.500000 1068.985962 0.000000 858.153992
25538.500000 1068.985962 0.000000 858.254028
25538.500000 1068.985962 0.000000 858.354004
25538.500000 1068.985962 0.000000 858.458984
25538.625000 1068.985962 0.000000 858.554016
25538.750000 1068.985962 0.000000 858.656982
25538.750000 1068.985962 0.000000 858.757019
25538.750000 1068.985962 0.000000 858.856995
25538.875000 1068.985962 0.000000 858.952026
25538.875000 1068.985962 0.000000 859.057983
25538.875000 1068.985962 0.000000 859.158020
25538.875000 1068.985962 0.000000 859.252014
25538.875000 1069.193726 0.000000 859.356995
25538.875000 1069.193726 0.000000 859.456970
25539.000000 1069.193726 0.000000 859.557007
25539.000000 1069.395996 0.000000 859.656982
25539.000000 1069.395996 0.000000 859.762024
25539.000000 1069.597046 0.000000 859.864014
25539.000000 1069.597046 0.000000 859.953003
25539.000000 1069.808350 0.000000 860.057983
25539.000000 1070.033081 0.000000 860.166992
25539.000000 1070.033081 0.000000 860.257019
25539.000000 1070.236206 0.000000 860.351990
25539.000000 1070.442383 0.000000 860.452026
25539.000000 1070.643433 0.000000 860.552002
25539.000000 1070.643433 0.000000 860.661987
25539.000000 1070.902954 0.000000 860.757019
25539.000000 1070.902954 0.000000 860.854004
25539.000000 1071.105347 0.000000 860.956970
25539.000000 1071.105347 0.000000 861.057007
25539.000000 1071.105347 0.000000 861.151978
25539.000000 1071.105347 0.000000 861.257019
25539.000000 1071.105347 0.000000 861.341980
25539.000000 1071.105347 0.000000 861.452026
25539.000000 1071.105347 0.000000 861.557983
25539.000000 1071.105347 0.000000 861.655029
25539.000000 1071.105347 0.000000 861.760986
25539.000000 1071.105347 0.000000 861.861023
25539.000000 1071.105347 0.000000 861.958984
25539.000000 1071.105347 0.000000 862.054993
25539.000000 1071.105347 0.000000 862.161011
25539.000000 1071.105347 0.000000 862.258972
25539.000000 1071.105347 0.000000 862.362000
25539.000000 1071.105347 0.000000 862.453979
25539.000000 1071.105347 0.000000 862.554016
25539.000000 1071.105347 0.000000 862.653992
25539.000000 1071.105347 0.000000 862.758972
25539.000000 1071.105347 0.000000 862.854004
25539.000000 1071.105347 0.000000 862.955994
25539.000000 1071.105347 0.000000 863.059021
25539.000000 1071.105347 0.000000 863.164001
25539.000000 1071.105347 0.000000 863.254028
25539.000000 1071.105347 0.000000 863.359009
25539.000000 1071.105347 0.000000 863.455994
25539.000000 1071.105347 0.000000 863.554993
25539.000000 1071.105347 0.000000 863.658997
25539.000000 1071.105347 0.000000 863.757996
25539.000000 1071.105347 0.000000 863.859009
25539.000000 1071.105347 0.000000 863.971985
25539.000000 1071.105347 0.000000 864.062988
25539.000000 1071.105347 0.000000 864.158997
25539.000000 1071.105347 0.000000 864.255005
25539.000000 1071.105347 0.000000 864.354980
25539.000000 1071.105347 0.000000 864.460022
25539.000000 1071.105347 0.000000 864.564026
25539.000000 1071.105347 0.000000 864.661011
25539.000000 1071.105347 0.000000 864.755005
25539.000000 1071.105347 0.000000 864.869995
25539.000000 1071.288330 0.000000 864.969971
25539.000000 1071.288330 0.000000 865.070007
25539.000000 1071.288330 0.000000 865.164978
25539.000000 1071.288330 0.000000 865.255005
25539.000000 1071.288330 0.000000 865.364990
25539.000000 1071.288330 0.000000 865.465027
25539.000000 1071.288330 0.000000 865.570007
25539.000000 1071.288330 0.000000 865.666016
25539.000000 1071.288330 0.000000 865.757019
25539.000000 1071.288330 0.000000 865.859985
25539.000000 1071.288330 0.000000 865.955994
25539.000000 1071.288330 0.000000 866.059998
25539.000000 1071.288330 0.000000 866.155029
25539.000000 1071.288330 0.000000 866.265991
25542.625000 1071.288330 0.000000 866.364990
25542.875000 1071.288330 0.000000 866.460022
25542.875000 1071.288330 0.000000 866.546997
25542.875000 1071.288330 0.000000 866.666992
25542.875000 1071.288330 0.000000 866.760010
25542.875000 1071.288330 0.000000 866.854980
25542.875000 1071.288330 0.000000 866.971008
25542.875000 1071.288330 0.000000 867.060974
25543.125000 1071.288330 0.000000 867.161987
25543.125000 1071.288330 0.000000 867.245972
25543.125000 1071.288330 0.000000 867.366028
25543.125000 1071.288330 0.000000 867.466003
25543.125000 1071.288330 0.000000 867.565979
25543.250000 1071.288330 0.000000 867.666016
25543.250000 1071.288330 0.000000 867.765991
25543.250000 1071.288330 0.000000 867.866028
25543.375000 1071.288330 0.000000 867.955994
25543.375000 1071.288330 0.000000 868.057983
25543.375000 1071.288330 0.000000 868.161987
25543.500000 1071.288330 0.000000 868.263977
25543.500000 1071.288330 0.000000 868.364014
25543.500000 1071.288330 0.000000 868.453979
25543.500000 1071.288330 0.000000 868.564026
25543.500000 1071.288330 0.000000 868.663025
25543.500000 1071.288330 0.000000 868.763977
25543.500000 1071.288330 0.000000 868.859009
25543.500000 1071.288330 0.000000 868.953979
25543.500000 1071.288330 0.000000 869.049011
25543.500000 1071.288330 0.000000 869.148987
25543.500000 1071.288330 0.000000 869.257996
25543.500000 1071.288330 0.000000 869.362000
25543.500000 1071.288330 0.000000 869.458008
25543.500000 1071.288330 0.000000 869.559021
25543.500000 1071.288330 0.000000 869.659973
25543.500000 1071.288330 0.000000 869.763977
25543.500000 1071.288330 0.000000 869.862976
25543.500000 1071.288330 0.000000 869.953003
25543.500000 1071.288330 0.000000 870.057983
25543.500000 1071.288330 0.000000 870.158020
25543.500000 1071.288330 0.000000 870.252991
25543.500000 1071.288330 0.000000 870.356995
25543.500000 1071.288330 0.000000 870.453003
25543.500000 1071.288330 0.000000 870.557983
25543.500000 1071.288330 0.000000 870.658997
25543.500000 1071.288330 0.000000 870.757996
25543.500000 1071.288330 0.000000 870.859009
25543.500000 1071.288330 0.000000 870.953003
25543.500000 1071.288330 0.000000 871.057983
25543.500000 1071.288330 0.000000 871.158997
25543.500000 1071.288330 0.000000 871.257996
25543.500000 1071.288330 0.000000 871.357971
25543.500000 1071.288330 0.000000 871.466980
25543.500000 1071.288330 0.000000 871.557983
25543.500000 1071.288330 0.000000 871.658997
25543.500000 1071.288330 0.000000 871.760986
25543.500000 1071.288330 0.000000 871.856018
25543.500000 1071.288330 0.000000 871.955994
25543.500000 1071.288330 0.000000 872.057007
25543.500000 1071.288330 0.000000 872.158020
25543.500000 1071.288330 0.000000 872.255981
25543.500000 1071.288330 0.000000 872.364990
25543.500000 1071.288330 0.000000 872.461975
25543.500000 1071.288330 0.000000 872.554993
25543.500000 1071.288330 0.000000 872.661011
25543.500000 1071.288330 0.000000 872.755981
25543.500000 1071.288330 0.000000 872.861023
25543.500000 1071.288330 0.000000 872.960999
25543.500000 1071.288330 0.000000 873.065979
25543.500000 1071.288330 0.000000 873.171997
25543.500000 1071.288330 0.000000 873.265991
25543.500000 1071.288330 0.000000 873.367004
25543.500000 1071.288330 0.000000 873.466003
25543.500000 1071.288330 0.000000 873.570984
25543.500000 1071.288330 0.000000 873.666016
25543.500000 1071.288330 0.000000 873.770996
25543.500000 1071.288330 0.000000 873.870972
25543.500000 1071.288330 0.000000 873.989014
25543.500000 1071.288330 0.000000 874.083984
25543.500000 1071.288330 0.000000 874.179016
25543.500000 1071.288330 0.000000 874.278992
25543.500000 1071.288330 0.000000 874.383972
25543.500000 1071.288330 0.000000 874.471008
25543.500000 1071.288330 0.000000 874.573975
25543.500000 1071.288330 0.000000 874.672974
25543.500000 1071.288330 0.000000 874.768982
25543.500000 1071.288330 0.000000 874.869019
25543.500000 1071.288330 0.000000 874.968994
25543.500000 1071.288330 0.000000 875.072021
25543.500000 1071.288330 0.000000 875.177002
25543.500000 1071.288330 0.000000 875.271973
25543.500000 1071.288330 0.000000 875.374023
25543.500000 1071.288330 0.000000 875.471985
25543.500000 1071.288330 0.000000 875.572021
25543.500000 1071.288330 0.000000 875.671997
25543.500000 1071.288330 0.000000 875.778992
25543.500000 1071.288330 0.000000 875.882019
25543.500000 1071.288330 0.000000 875.979980
25543.500000 1071.288330 0.000000 876.080017
25543.500000 1071.288330 0.000000 876.179993
25543.500000 1071.288330 0.000000 876.278015
25543.500000 1071.288330 0.000000 876.362000
25543.500000 1071.288330 0.000000 876.456970
25543.500000 1071.288330 0.000000 876.577026
25543.500000 1071.288330 0.000000 876.671997
25543.500000 1071.288330 0.000000 876.780029
25543.500000 1071.288330 0.000000 876.880005
25543.500000 1071.288330 0.000000 876.979980
25543.500000 1071.288330 0.000000 877.075012
25543.500000 1071.288330 0.000000 877.192993
25543.500000 1071.288330 0.000000 877.276978
25543.500000 1071.288330 0.000000 877.380005
25543.500000 1071.288330 0.000000 877.473022
25543.500000 1071.288330 0.000000 877.572998
25543.500000 1071.288330 0.000000 877.672974
25543.500000 1071.288330 0.000000 877.768982
25543.500000 1071.288330 0.000000 877.872986
25543.500000 1071.288330 0.000000 877.968018
25543.500000 1071.288330 0.000000 878.080994
25543.500000 1071.288330 0.000000 878.172974
25543.500000 1071.288330 0.000000 878.273010
25543.500000 1071.288330 0.000000 878.372986
25543.500000 1071.288330 0.000000 878.473022
25543.500000 1071.288330 0.000000 878.567993
25543.500000 1071.288330 0.000000 878.674011
25543.500000 1071.288330 0.000000 878.778015
25543.500000 1071.288330 0.000000 878.872986
25543.500000 1071.288330 0.000000 878.968018
25543.500000 1071.288330 0.000000 879.072998
25543.500000 1071.288330 0.000000 879.172974
25543.500000 1071.288330 0.000000 879.273010
25543.500000 1071.288330 0.000000 879.372986
25543.500000 1071.288330 0.000000 879.473999
25543.500000 1071.288330 0.000000 879.572998
25543.500000 1071.288330 0.000000 879.672974
25543.500000 1071.288330 0.000000 879.773010
25543.500000 1071.288330 0.000000 879.872986
25543.500000 1071.288330 0.000000 879.973022
25543.500000 1071.288330 0.000000 880.078003
25543.500000 1071.288330 0.000000 880.169983
25543.500000 1071.288330 0.000000 880.275024
25543.500000 1071.288330 0.000000 880.383972
25543.500000 1071.288330 0.000000 880.484009
25543.500000 1071.288330 0.000000 880.578979
25543.500000 1071.288330 0.000000 880.679016
25543.500000 1071.288330 0.000000 880.776001
25543.500000 1071.288330 0.000000 880.864990
25543.500000 1071.288330 0.000000 880.981018
25543.500000 1071.288330 0.000000 881.083984
25543.500000 1071.288330 0.000000 881.184021
25543.500000 1071.288330 0.000000 881.283997
25543.500000 1071.288330 0.000000 881.379028
25543.500000 1071.288330 0.000000 881.479004
25543.500000 1071.288330 0.000000 881.578979
25543.500000 1071.288330 0.000000 881.684021
25543.500000 1071.288330 0.000000 881.778992
25543.500000 1071.288330 0.000000 881.879028
25543.500000 1071.288330 0.000000 881.984009
25543.500000 1071.288330 0.000000 882.078979
25543.500000 1071.288330 0.000000 882.169983
25543.500000 1071.288330 0.000000 882.270020
25543.500000 1071.288330 0.000000 882.375000
25543.500000 1071.288330 0.000000 882.469971
25543.500000 1071.288330 0.000000 882.570007
25543.500000 1071.288330 0.000000 882.677002
25543.500000 1071.288330 0.000000 882.778015
25543.500000 1071.288330 0.000000 882.869995
25543.500000 1071.288330 0.000000 882.969971
25543.500000 1071.288330 0.000000 883.070007
25543.500000 1071.288330 0.000000 883.169983
25543.500000 1071.288330 0.000000 883.276001
25543.500000 1071.288330 0.000000 883.380005
25543.500000 1071.288330 0.000000 883.469971
25543.500000 1071.288330 0.000000 883.570007
25543.500000 1071.288330 0.000000 883.669983
25543.500000 1071.288330 0.000000 883.776978
25543.500000 1071.288330 0.000000 883.877014
25543.500000 1071.288330 0.000000 883.974976
25543.500000 1071.288330 0.000000 884.078003
25543.500000 1071.288330 0.000000 884.179993
25543.500000 1071.288330 0.000000 884.280029
25543.500000 1071.288330 0.000000 884.380005
25543.500000 1071.288330 0.000000 884.471985
25543.500000 1071.288330 0.000000 884.580994
25543.625000 1071.288330 0.000000 884.681030
25543.625000 1071.288330 0.000000 884.781006
25543.625000 1071.288330 0.000000 884.880981
25543.625000 1071.288330 0.000000 884.978027
25543.625000 1071.288330 0.000000 885.072998
25543.625000 1071.288330 0.000000 885.171997
25543.625000 1071.288330 0.000000 885.283997
25543.625000 1071.288330 0.000000 885.379028
25543.625000 1071.288330 0.000000 885.471985
25543.625000 1071.288330 0.000000 885.573975
25543.625000 1071.288330 0.000000 885.677002
25543.625000 1071.288330 0.000000 885.778015
25543.625000 1071.288330 0.000000 885.877991
25543.625000 1071.288330 0.000000 885.979004
25543.625000 1071.288330 0.000000 886.072021
25543.625000 1071.288330 0.000000 886.177002
25543.625000 1071.288330 0.000000 886.271973
25543.625000 1071.288330 0.000000 886.372009
25543.625000 1071.288330 0.000000 886.479980
25543.625000 1071.288330 0.000000 886.577026
25543.625000 1071.288330 0.000000 886.677979
25543.625000 1071.288330 0.000000 886.780029
25543.625000 1071.288330 0.000000 886.877014
25543.625000 1071.288330 0.000000 886.976990
25543.625000 1071.288330 0.000000 887.077026
25543.625000 1071.288330 0.000000 887.171997
25543.625000 1071.288330 0.000000 887.267029
25543.625000 1071.288330 0.000000 887.372009
25543.625000 1071.288330 0.000000 887.476013
25543.625000 1071.288330 0.000000 887.572021
25543.625000 1071.288330 0.000000 887.671997
25543.625000 1071.288330 0.000000 887.778992
25543.625000 1071.288330 0.000000 887.879028
25543.625000 1071.288330 0.000000 887.979004
25543.625000 1071.288330 0.000000 888.078979
25543.625000 1071.288330 0.000000 888.179016
25543.625000 1071.288330 0.000000 888.273010
25543.625000 1071.288330 0.000000 888.372986
25543.625000 1071.288330 0.000000 888.473022
25543.625000 1071.289307 0.000000 888.572998
25543.875000 1071.289307 0.000000 888.672974
25543.875000 1071.289307 0.000000 888.877014
25543.875000 1071.289307 0.000000 888.969971
25543.875000 1071.289307 0.000000 889.070007
25543.875000 1071.289307 0.000000 889.166016
25543.875000 1071.289307 0.000000 889.276978
25543.875000 1071.289307 0.000000 889.385010
25543.875000 1071.289307 0.000000 889.479980
25543.875000 1071.289307 0.000000 889.585022
25543.875000 1071.289307 0.000000 889.679993
25543.875000 1071.289307 0.000000 889.780029
25543.875000 1071.289307 0.000000 889.885010
25543.875000 1071.289307 0.000000 889.979980
25543.875000 1071.289307 0.000000 890.085022
25543.875000 1071.289307 0.000000 890.184998
25543.875000 1071.289307 0.000000 890.270996
25543.875000 1071.289307 0.000000 890.375977
25543.875000 1071.289307 0.000000 890.476013
25543.875000 1071.289307 0.000000 890.565979
25543.875000 1071.289307 0.000000 890.677002
25543.875000 1071.289307 0.000000 890.781982
25543.875000 1071.289307 0.000000 890.877014
25543.875000 1071.289307 0.000000 890.976990
25543.875000 1071.289307 0.000000 891.072021
25543.875000 1071.289307 0.000000 891.177002
25543.875000 1071.289307 0.000000 891.271973
25543.875000 1071.289307 0.000000 891.377014
25543.875000 1071.289307 0.000000 891.476013
25543.875000 1071.289307 0.000000 891.573975
25543.875000 1071.289307 0.000000 891.674988
25543.875000 1071.289307 0.000000 891.778992
25543.875000 1071.289307 0.000000 891.880005
25543.875000 1071.289307 0.000000 891.973999
25543.875000 1071.289307 0.000000 892.080017
25543.875000 1071.289307 0.000000 892.174011
25543.875000 1071.289307 0.000000 892.273987
25543.875000 1071.289307 0.000000 892.375977
25543.875000 1071.289307 0.000000 892.473999
25543.875000 1071.289307 0.000000 892.573975
25543.875000 1071.289307 0.000000 892.671021
25543.875000 1071.289307 0.000000 892.781982
25543.875000 1071.289307 0.000000 892.883972
25543.875000 1071.289307 0.000000 892.981995
25543.875000 1071.289307 0.000000 893.075989
25543.875000 1071.289307 0.000000 893.176025
25543.875000 1071.289307 0.000000 893.281006
25543.875000 1071.289307 0.000000 893.375977
25543.875000 1071.289307 0.000000 893.476013
25543.875000 1071.289307 0.000000 893.581970
25543.875000 1071.289307 0.000000 893.682983
25543.875000 1071.289307 0.000000 893.776001
25543.875000 1071.289307 0.000000 893.875977
25543.875000 1071.289307 0.000000 893.976013
25543.875000 1071.289307 0.000000 894.083008
25543.875000 1071.289307 0.000000 894.182007
25543.875000 1071.289307 0.000000 894.281982
25543.875000 1071.289307 0.000000 894.380981
25543.875000 1071.289307 0.000000 894.481995
25543.875000 1071.289307 0.000000 894.577026
25543.875000 1071.289307 0.000000 894.681030
25543.875000 1071.289307 0.000000 894.781006
25543.875000 1071.289307 0.000000 894.875977
25543.875000 1071.289307 0.000000 894.981018
25543.875000 1071.289307 0.000000 895.075989
25543.875000 1071.289307 0.000000 895.176025
25543.875000 1071.289307 0.000000 895.278992
25543.875000 1071.289307 0.000000 895.375977
25543.875000 1071.289307 0.000000 895.466003
25543.875000 1071.289307 0.000000 895.572021
25543.875000 1071.289307 0.000000 895.682983
25543.875000 1071.289307 0.000000 895.778015
25543.875000 1071.289307 0.000000 895.879028
25543.875000 1071.289307 0.000000 895.976013
25543.875000 1071.289307 0.000000 896.073975
25543.875000 1071.289307 0.000000 896.179016
25543.875000 1071.289307 0.000000 896.263977
25543.875000 1071.289307 0.000000 896.383972
25543.875000 1071.289307 0.000000 896.484009
25543.875000 1071.289307 0.000000 896.583984
25544.000000 1071.289307 0.000000 896.684021
25544.000000 1071.289307 0.000000 896.773987
25544.000000 1071.289307 0.000000 896.880005
25544.000000 1071.289307 0.000000 896.976990
25544.000000 1071.289307 0.000000 897.075989
25544.000000 1071.293945 0.000000 897.176025
25544.000000 1071.293945 0.000000 897.276001
25544.000000 1071.293945 0.000000 897.374023
25544.000000 1071.293945 0.000000 897.473999
25544.000000 1071.293945 0.000000 897.573975
25544.000000 1071.293945 0.000000 897.674011
25544.000000 1071.293945 0.000000 897.781006
25544.000000 1071.293945 0.000000 897.874023
25544.000000 1071.293945 0.000000 897.976013
25544.000000 1071.464111 0.000000 898.073975
25544.000000 1071.469116 0.000000 898.174011
25544.000000 1071.469116 0.000000 898.273987
25544.000000 1071.469116 0.000000 898.380005
25544.000000 1071.469116 0.000000 898.473999
25544.000000 1071.469116 0.000000 898.573975
25544.000000 1071.469116 0.000000 898.674011
25544.000000 1071.469116 0.000000 898.778992
25544.000000 1071.673340 0.000000 898.874023
25544.000000 1071.673340 0.000000 898.976013
25544.000000 1071.873535 0.000000 899.078979
25544.000000 1072.075073 0.000000 899.174011
25544.000000 1072.075073 0.000000 899.278992
25544.000000 1072.296387 0.000000 899.374023
25544.000000 1072.503662 0.000000 899.481018
25544.000000 1072.503662 0.000000 899.570984
25544.000000 1072.503662 0.000000 899.681030
25544.125000 1072.708496 0.000000 899.776001
25544.125000 1072.708496 0.000000 899.870972
25544.125000 1072.708496 0.000000 899.981018
25544.125000 1072.708496 0.000000 900.075989
25544.250000 1072.708496 0.000000 900.176025
25544.250000 1072.708496 0.000000 900.273010
25544.250000 1072.708496 0.000000 900.370972
25544.250000 1072.708496 0.000000 900.476013
25544.250000 1072.708496 0.000000 900.575989
25544.250000 1072.916748 0.000000 900.676025
25544.250000 1072.916748 0.000000 900.781006
25544.250000 1073.125122 0.000000 900.880981
25544.250000 1073.125122 0.000000 900.976013
25544.250000 1073.125122 0.000000 901.077026
25544.250000 1073.125122 0.000000 901.176025
25544.250000 1073.125122 0.000000 901.276001
25544.250000 1073.125122 0.000000 901.375977
25544.250000 1073.125122 0.000000 901.476013
25544.250000 1073.125122 0.000000 901.575989
25544.250000 1073.125122 0.000000 901.671021
25544.250000 1073.125122 0.000000 901.773987
25544.250000 1073.125122 0.000000 901.885986
25544.250000 1073.207153 0.000000 901.991028
25544.250000 1073.207153 0.000000 902.086975
25544.250000 1073.207153 0.000000 902.184998
25544.250000 1073.207153 0.000000 902.284973
25544.250000 1073.207153 0.000000 902.383972
25544.250000 1073.207153 0.000000 902.484009
25544.250000 1073.207153 0.000000 902.578003
25544.250000 1073.207153 0.000000 902.677002
25544.250000 1073.207153 0.000000 902.775024
25544.250000 1073.207153 0.000000 902.877014
25544.250000 1073.207153 0.000000 902.973999
25544.250000 1073.207153 0.000000 903.075989
25544.250000 1073.207153 0.000000 903.171997
25544.250000 1073.207153 0.000000 903.271973
25544.250000 1073.207153 0.000000 903.377014
25544.250000 1073.207153 0.000000 903.478027
25544.250000 1073.207153 0.000000 903.572998
25544.250000 1073.207153 0.000000 903.682007
25544.250000 1073.207153 0.000000 903.781982
25544.250000 1073.207153 0.000000 903.877014
25544.250000 1073.207153 0.000000 903.984009
25544.250000 1073.207153 0.000000 904.073975
25544.250000 1073.207153 0.000000 904.184021
25544.250000 1073.207153 0.000000 904.278992
25544.250000 1073.207153 0.000000 904.383972
25544.250000 1073.207153 0.000000 904.466980
25544.250000 1073.207153 0.000000 904.583984
25544.250000 1073.207153 0.000000 904.677002
25544.250000 1073.207153 0.000000 904.776978
25544.250000 1073.207153 0.000000 904.877014
25544.250000 1073.207153 0.000000 904.971985
25544.250000 1073.207153 0.000000 905.085999
25544.250000 1073.207153 0.000000 905.185974
25544.250000 1073.207153 0.000000 905.286011
25544.250000 1073.207153 0.000000 905.385986
25544.250000 1073.207153 0.000000 905.486023
25544.250000 1073.207153 0.000000 905.585999
25544.250000 1073.207153 0.000000 905.674011
25544.250000 1073.207153 0.000000 905.776978
25544.250000 1073.207153 0.000000 905.882019
25544.250000 1073.207153 0.000000 905.976990
25544.250000 1073.207153 0.000000 906.085999
25544.250000 1073.207153 0.000000 906.190979
25544.250000 1073.207153 0.000000 906.276001
25544.500000 1073.207153 0.000000 906.390991
25544.500000 1073.207275 0.000000 906.486023
25544.500000 1073.207275 0.000000 906.585999
25544.500000 1073.207275 0.000000 906.685974
25544.500000 1073.207275 0.000000 906.781006
25544.500000 1073.351318 0.000000 906.877014
25544.500000 1073.351318 0.000000 906.981995
25544.500000 1073.555298 0.000000 907.072021
25544.500000 1073.555298 0.000000 907.182007
25544.500000 1073.714355 0.000000 907.273987
25544.500000 1073.714355 0.000000 907.377014
25544.625000 1073.781860 0.000000 907.481995
25544.625000 1073.799316 0.000000 907.578003
25544.625000 1073.799438 0.000000 907.677002
25544.750000 1073.799438 0.000000 907.778015
25544.750000 1073.799438 0.000000 907.882019
25544.750000 1073.799438 0.000000 907.971985
25545.000000 1073.799438 0.000000 908.077026
25545.000000 1073.799438 0.000000 908.176025
25545.375000 1073.799438 0.000000 908.281006
25545.500000 1073.799438 0.000000 908.375977
25545.500000 1073.799438 0.000000 908.476013
25545.500000 1073.799438 0.000000 908.575989
25545.500000 1073.799438 0.000000 908.676025
25545.500000 1073.799438 0.000000 908.776001
25545.500000 1073.799438 0.000000 908.880981
25545.500000 1073.799438 0.000000 908.982971
25545.625000 1073.799438 0.000000 909.077026
25545.625000 1073.799438 0.000000 909.176025
25545.750000 1073.799438 0.000000 909.276001
25545.750000 1073.799438 0.000000 909.375977
25545.750000 1073.799438 0.000000 909.479980
25545.750000 1073.829712 0.000000 909.575989
25545.750000 1073.829712 0.000000 909.676025
25545.750000 1073.829712 0.000000 909.776978
25545.875000 1073.829712 0.000000 909.875977
25545.875000 1073.829712 0.000000 909.981995
25545.875000 1073.829712 0.000000 910.081970
25545.875000 1074.038574 0.000000 910.177002
25545.875000 1074.038574 0.000000 910.291992
25545.875000 1074.038574 0.000000 910.385010
25545.875000 1074.243286 0.000000 910.466980
25545.875000 1074.445923 0.000000 910.577026
25545.875000 1074.445923 0.000000 910.687012
25545.875000 1074.664307 0.000000 910.786987
25545.875000 1074.869995 0.000000 910.887024
25545.875000 1075.069946 0.000000 910.987000
25546.000000 1075.069946 0.000000 911.086975
25546.000000 1075.272461 0.000000 911.187012
25546.000000 1075.476807 0.000000 911.286987
25546.000000 1075.476807 0.000000 911.382019
25546.000000 1075.679321 0.000000 911.487000
25546.000000 1075.679321 0.000000 911.575012
25546.000000 1075.679321 0.000000 911.674988
25546.000000 1075.679321 0.000000 911.775024
25546.000000 1075.679321 0.000000 911.875977
25546.000000 1075.679321 0.000000 911.981018
25546.000000 1075.679321 0.000000 912.080994
25546.000000 1075.679321 0.000000 912.174988
25546.000000 1075.679321 0.000000 912.280029
25546.000000 1075.679321 0.000000 912.366028
25546.000000 1075.679321 0.000000 912.465027
25546.000000 1075.679321 0.000000 912.581970
25546.000000 1075.679321 0.000000 912.674988
25546.000000 1075.679321 0.000000 912.776978
25546.000000 1075.679321 0.000000 912.875977
25546.000000 1075.679321 0.000000 912.974976
25546.000000 1075.679321 0.000000 913.075012
25546.000000 1075.679321 0.000000 913.174988
25546.000000 1075.834106 0.000000 913.276978
25546.000000 1075.834106 0.000000 913.375000
25546.000000 1075.834106 0.000000 913.474976
25546.000000 1075.834106 0.000000 913.577026
25546.000000 1075.834106 0.000000 913.674988
25546.000000 1075.834106 0.000000 913.776978
25546.000000 1075.834106 0.000000 913.875000
25546.000000 1075.834106 0.000000 913.982971
25546.000000 1075.834106 0.000000 914.083008
25546.000000 1075.834106 0.000000 914.182983
25546.000000 1075.834106 0.000000 914.283020
25546.000000 1075.834106 0.000000 914.375977
25546.000000 1075.834106 0.000000 914.479004
25546.000000 1075.834106 0.000000 914.585999
25546.000000 1075.834106 0.000000 914.676025
25546.000000 1075.834106 0.000000 914.776001
25546.000000 1075.834106 0.000000 914.875977
25546.000000 1075.834106 0.000000 914.976013
25546.000000 1075.834106 0.000000 915.075989
25546.000000 1075.834106 0.000000 915.193970
25546.000000 1075.834106 0.000000 915.283997
25546.000000 1075.834106 0.000000 915.383972
25546.000000 1075.834106 0.000000 915.484009
25546.000000 1075.834106 0.000000 915.583984
25546.000000 1075.834106 0.000000 915.684021
25546.000000 1075.834106 0.000000 915.780029
25546.000000 1075.834106 0.000000 915.882996
25546.000000 1075.834106 0.000000 915.981995
25546.000000 1075.834106 0.000000 916.086975
25546.000000 1075.834106 0.000000 916.182007
25546.000000 1075.834106 0.000000 916.273010
25546.000000 1075.834106 0.000000 916.375000
25546.000000 1075.834106 0.000000 916.474976
25546.000000 1075.834106 0.000000 916.580994
25546.125000 1075.834106 0.000000 916.679993
25546.125000 1075.834106 0.000000 916.776978
25546.625000 1075.834106 0.000000 916.885010
25546.625000 1075.834106 0.000000 916.979004
25546.750000 1075.834106 0.000000 917.085022
25546.750000 1075.834106 0.000000 917.189026
25546.750000 1075.834106 0.000000 917.289001
25546.750000 1075.834106 0.000000 917.383972
25546.750000 1075.834106 0.000000 917.489014
25546.875000 1075.834106 0.000000 917.588989
25546.875000 1075.834106 0.000000 917.689026
25546.875000 1075.834106 0.000000 917.784973
25547.125000 1075.834106 0.000000 917.880005
25547.125000 1075.834106 0.000000 917.981018
25547.125000 1075.834106 0.000000 918.078979
25547.125000 1075.834106 0.000000 918.179016
25547.125000 1075.834106 0.000000 918.281982
25547.125000 1075.834106 0.000000 918.380005
25547.125000 1075.834106 0.000000 918.474976
25547.125000 1075.834106 0.000000 918.580017
25547.125000 1075.834106 0.000000 918.674988
25547.125000 1075.834106 0.000000 918.775024
25547.125000 1075.834106 0.000000 918.875000
25547.125000 1075.834106 0.000000 918.974976
25547.125000 1075.834106 0.000000 919.075012
25547.125000 1075.834106 0.000000 919.187012
25547.125000 1075.834106 0.000000 919.286011
25547.125000 1075.834106 0.000000 919.385986
25547.125000 1075.834106 0.000000 919.474976
25547.125000 1075.834106 0.000000 919.575989
25547.125000 1075.834106 0.000000 919.679993
25547.125000 1075.834106 0.000000 919.775024
25547.125000 1075.834106 0.000000 919.875000
25547.125000 1075.834106 0.000000 919.976013
25547.125000 1075.834106 0.000000 920.075012
25547.125000 1075.834106 0.000000 920.184998
25547.125000 1075.834106 0.000000 920.271973
25547.125000 1075.834106 0.000000 920.382019
25547.125000 1075.834106 0.000000 920.474976
25547.125000 1075.834106 0.000000 920.580017
25547.125000 1075.834106 0.000000 920.677002
25547.125000 1075.834106 0.000000 920.783997
25547.125000 1075.834106 0.000000 920.888977
25547.125000 1075.834106 0.000000 920.984009
25547.125000 1075.834106 0.000000 921.081970
25547.125000 1075.834106 0.000000 921.177002
25547.125000 1075.834106 0.000000 921.283020
25547.125000 1075.834106 0.000000 921.387024
25547.125000 1075.834106 0.000000 921.487000
25547.125000 1075.834106 0.000000 921.591980
25547.125000 1075.834106 0.000000 921.687012
25547.125000 1075.834106 0.000000 921.786987
25547.125000 1075.834106 0.000000 921.877014
25547.125000 1075.834106 0.000000 921.976990
25547.125000 1075.834106 0.000000 922.078003
25547.125000 1075.834106 0.000000 922.182007
25547.125000 1075.834106 0.000000 922.276978
25547.125000 1075.834106 0.000000 922.382019
25547.125000 1075.834106 0.000000 922.484985
25547.125000 1075.834106 0.000000 922.578003
25547.125000 1075.834106 0.000000 922.677979
25547.125000 1075.834106 0.000000 922.786011
25547.125000 1075.834106 0.000000 922.885986
25547.125000 1075.834106 0.000000 922.978027
25547.125000 1075.834106 0.000000 923.078003
25547.125000 1075.834106 0.000000 923.184021
25547.125000 1075.834106 0.000000 923.278015
25547.125000 1075.834106 0.000000 923.382996
25547.125000 1075.834106 0.000000 923.478027
25547.125000 1075.834106 0.000000 923.578003
25547.125000 1075.834106 0.000000 923.677979
25547.125000 1075.834106 0.000000 923.788025
25547.125000 1075.834106 0.000000 923.888000
25547.125000 1075.834106 0.000000 924.002991
25547.125000 1075.834106 0.000000 924.184998
25547.125000 1075.834106 0.000000 924.278015
25547.125000 1075.834106 0.000000 924.377991
25547.125000 1075.834106 0.000000 924.479004
25547.125000 1075.834106 0.000000 924.578003
25547.125000 1075.834106 0.000000 924.679993
25547.125000 1075.834106 0.000000 924.778015
25547.125000 1075.834106 0.000000 924.879028
25547.125000 1075.834106 0.000000 924.978027
25547.125000 1075.834106 0.000000 925.078003
25547.125000 1075.834106 0.000000 925.177979
25547.125000 1075.834106 0.000000 925.278015
25547.125000 1075.834106 0.000000 925.377991
25547.125000 1075.834106 0.000000 925.478027
25547.125000 1075.834106 0.000000 925.578979
25547.125000 1075.834106 0.000000 925.677979
25547.125000 1075.834106 0.000000 925.784973
25547.125000 1075.834106 0.000000 925.877991
25547.125000 1075.834106 0.000000 925.979004
25547.125000 1075.834106 0.000000 926.078003
25547.125000 1075.834106 0.000000 926.177979
25547.125000 1075.834106 0.000000 926.278992
25547.125000 1075.834106 0.000000 926.383972
25547.125000 1075.834106 0.000000 926.478027
25547.125000 1075.834106 0.000000 926.578979
25547.125000 1075.834106 0.000000 926.682983
25547.125000 1075.834106 0.000000 926.783020
25547.250000 1075.834106 0.000000 926.888977
25547.250000 1075.834106 0.000000 926.982971
25547.250000 1075.834106 0.000000 927.083008
25547.250000 1075.834106 0.000000 927.190002
25547.250000 1075.834106 0.000000 927.289978
25547.250000 1075.834106 0.000000 927.383972
25547.250000 1075.834106 0.000000 927.482971
25547.250000 1075.834106 0.000000 927.583008
25547.250000 1075.834106 0.000000 927.682983
25547.250000 1075.834106 0.000000 927.783020
25547.250000 1075.834106 0.000000 927.882996
25547.250000 1075.834106 0.000000 927.982971
25547.250000 1075.834106 0.000000 928.088013
25547.250000 1075.834106 0.000000 928.182983
25547.250000 1075.834106 0.000000 928.283997
25547.250000 1075.834106 0.000000 928.382996
25547.250000 1075.834106 0.000000 928.479004
25547.250000 1075.834106 0.000000 928.578003
25547.250000 1075.834106 0.000000 928.677979
25547.250000 1075.834106 0.000000 928.789978
25547.250000 1075.834106 0.000000 928.890015
25547.250000 1075.834106 0.000000 928.982971
25547.250000 1075.834106 0.000000 929.083008
25547.250000 1075.834106 0.000000 929.182983
25547.250000 1075.834106 0.000000 929.280029
25547.250000 1075.834106 0.000000 929.382996
25547.250000 1075.834106 0.000000 929.489990
25547.250000 1075.834106 0.000000 929.585022
25547.250000 1075.834106 0.000000 929.698975
25547.250000 1075.834106 0.000000 929.794006
25547.250000 1075.834106 0.000000 929.888977
25547.250000 1075.834106 0.000000 929.989014
25547.250000 1075.834106 0.000000 930.093994
25547.250000 1075.834106 0.000000 930.193970
25547.250000 1075.834106 0.000000 930.294006
25547.250000 1075.834106 0.000000 930.398987
25547.250000 1075.834106 0.000000 930.494019
25547.250000 1075.834106 0.000000 930.586975
25547.250000 1075.834106 0.000000 930.684021
25547.250000 1075.834106 0.000000 930.784973
25547.250000 1075.834106 0.000000 930.888000
25547.250000 1075.834106 0.000000 930.987976
25547.250000 1075.834106 0.000000 931.088013
25547.250000 1075.834106 0.000000 931.184998
25547.250000 1075.834106 0.000000 931.280029
25547.250000 1075.834106 0.000000 931.380005
25547.250000 1075.834106 0.000000 931.484985
25547.250000 1075.834106 0.000000 931.594971
25547.250000 1075.834106 0.000000 931.695007
25547.250000 1075.834106 0.000000 931.789978
25547.250000 1075.834106 0.000000 931.900024
25547.250000 1075.834106 0.000000 931.994995
25547.250000 1075.834106 0.000000 932.085022
25547.250000 1075.834106 0.000000 932.184998
25547.250000 1075.834106 0.000000 932.291992
25547.250000 1075.834106 0.000000 932.390015
25547.250000 1075.834106 0.000000 932.494995
25547.250000 1075.834106 0.000000 932.590027
25547.250000 1075.834106 0.000000 932.695007
25547.250000 1075.834106 0.000000 932.791992
25547.250000 1075.834106 0.000000 932.893005
25547.250000 1075.834106 0.000000 932.991028
25547.250000 1075.834106 0.000000 933.091003
25547.250000 1075.834106 0.000000 933.200989
25547.250000 1075.834106 0.000000 933.301025
25547.250000 1075.834106 0.000000 933.401001
25547.250000 1075.834106 0.000000 933.497009
25547.375000 1075.834106 0.000000 933.593018
25547.375000 1075.834106 0.000000 933.697021
25547.375000 1075.834106 0.000000 933.791016
25547.375000 1075.834106 0.000000 933.890991
25547.375000 1075.834106 0.000000 933.991028
25547.375000 1075.834106 0.000000 934.099976
25547.375000 1075.834106 0.000000 934.200012
25547.375000 1075.834106 0.000000 934.299988
25547.375000 1075.834106 0.000000 934.405029
25547.375000 1075.834106 0.000000 934.500000
25547.375000 1075.834106 0.000000 934.599976
25547.375000 1075.834106 0.000000 934.700012
25547.375000 1075.834106 0.000000 934.799988
25547.375000 1075.834106 0.000000 934.900024
25547.375000 1075.834106 0.000000 935.000000
25547.375000 1075.834106 0.000000 935.099976
25547.375000 1075.834106 0.000000 935.190979
25547.375000 1075.834106 0.000000 935.291016
25547.375000 1075.834106 0.000000 935.400024
25547.375000 1075.834106 0.000000 935.495972
25547.375000 1075.834106 0.000000 935.690979
25547.375000 1075.834106 0.000000 935.791016
25547.375000 1075.834106 0.000000 935.905029
25547.375000 1075.834106 0.000000 936.106018
25547.375000 1075.834106 0.000000 936.195984
25547.375000 1075.834106 0.000000 936.291016
25547.375000 1075.834106 0.000000 936.491028
25547.375000 1075.834106 0.000000 936.591003
25547.375000 1075.834106 0.000000 936.796021
25547.375000 1075.834106 0.000000 936.890991
25547.375000 1075.834106 0.000000 936.981018
25547.375000 1075.834106 0.000000 937.091980
25547.375000 1075.834106 0.000000 937.190979
25547.375000 1075.834106 0.000000 937.291016
25547.375000 1075.834106 0.000000 937.395996
25547.375000 1075.834106 0.000000 937.491028
25547.375000 1075.834106 0.000000 937.591003
25547.375000 1075.834106 0.000000 937.690979
25547.375000 1075.834106 0.000000 937.799988
25547.375000 1075.834106 0.000000 937.900024
25547.375000 1075.834106 0.000000 938.005005
25547.375000 1075.834106 0.000000 938.098022
25547.375000 1075.834106 0.000000 938.189026
25547.375000 1075.834106 0.000000 938.293030
25547.375000 1075.834106 0.000000 938.393005
25547.375000 1075.834106 0.000000 938.500000
25547.375000 1075.834106 0.000000 938.594971
25547.375000 1075.834106 0.000000 938.692993
25547.375000 1075.834106 0.000000 938.793030
25547.375000 1075.834106 0.000000 938.893982
25547.375000 1075.834106 0.000000 939.093018
25547.375000 1075.834106 0.000000 939.200012
25547.375000 1075.834106 0.000000 939.293030
25547.375000 1075.834106 0.000000 939.393005
25547.375000 1075.834106 0.000000 939.497009
25547.375000 1075.834106 0.000000 939.593018
25547.375000 1075.834106 0.000000 939.692993
25547.375000 1075.834106 0.000000 939.799011
25547.375000 1075.834106 0.000000 939.893005
25547.375000 1075.834106 0.000000 939.992981
25547.375000 1075.834106 0.000000 940.093018
25547.375000 1075.834106 0.000000 940.192993
25547.375000 1075.834106 0.000000 940.293030
25547.375000 1075.834106 0.000000 940.393005
25547.625000 1075.834106 0.000000 940.502991
25547.625000 1075.834106 0.000000 940.596985
25547.625000 1075.834106 0.000000 940.804016
25547.625000 1075.834106 0.000000 940.898987
25547.625000 1075.834106 0.000000 940.997009
25547.625000 1075.834106 0.000000 941.197021
25547.625000 1075.834106 0.000000 941.301025
25547.625000 1075.834106 0.000000 941.406006
25547.625000 1075.834106 0.000000 941.507019
25547.625000 1075.834106 0.000000 941.601990
25547.625000 1075.834106 0.000000 941.706970
25547.625000 1075.834106 0.000000 941.807007
25547.625000 1075.834106 0.000000 941.901978
25547.625000 1075.834106 0.000000 941.992981
25547.625000 1075.834106 0.000000 942.093994
25547.625000 1075.834106 0.000000 942.203979
25547.625000 1075.834106 0.000000 942.293030
25547.625000 1075.834106 0.000000 942.395020
25547.625000 1075.834106 0.000000 942.497986
25547.625000 1075.834106 0.000000 942.593018
25547.625000 1075.834106 0.000000 942.697998
25547.625000 1075.834106 0.000000 942.793030
25547.625000 1075.834106 0.000000 942.893005
25547.625000 1075.834106 0.000000 943.010986
25547.625000 1075.834106 0.000000 943.101013
25547.625000 1075.834106 0.000000 943.203003
25547.625000 1075.834106 0.000000 943.302979
25547.625000 1075.834106 0.000000 943.408997
25547.625000 1075.834106 0.000000 943.502991
25547.625000 1075.834106 0.000000 943.599976
25547.625000 1075.834106 0.000000 943.705017
25547.625000 1075.834106 0.000000 943.804993
25547.625000 1075.834106 0.000000 943.901001
25547.625000 1075.834106 0.000000 944.002991
25547.625000 1075.834106 0.000000 944.106995
25547.625000 1075.834106 0.000000 944.200989
25547.625000 1075.834106 0.000000 944.302979
25547.625000 1075.834106 0.000000 944.401001
25547.625000 1075.834106 0.000000 944.505981
25549.250000 1075.834106 0.000000 944.611023
25549.250000 1075.834106 0.000000 944.703003
25549.250000 1075.834106 0.000000 944.806030
25549.250000 1075.834106 0.000000 944.909973
25549.250000 1075.834106 0.000000 945.005005
25549.250000 1075.834106 0.000000 945.112000
25549.250000 1075.834106 0.000000 945.205994
25549.250000 1075.834106 0.000000 945.312988
25549.250000 1075.834106 0.000000 945.401001
25549.250000 1075.834106 0.000000 945.500977
25549.250000 1075.834106 0.000000 945.601013
25549.250000 1075.834106 0.000000 945.703979
25549.750000 1075.834106 0.000000 945.802002
25549.750000 1075.834106 0.000000 945.913025
25549.750000 1075.834106 0.000000 946.004028
25549.750000 1075.834106 0.000000 946.104004
25549.750000 1075.834106 0.000000 946.202026
25549.750000 1075.834106 0.000000 946.304016
25549.750000 1075.834106 0.000000 946.408020
25549.750000 1075.834106 0.000000 946.510010
25549.750000 1075.834106 0.000000 946.619995
25549.750000 1075.834106 0.000000 946.706970
25549.750000 1075.834106 0.000000 946.802979
25549.750000 1075.834106 0.000000 946.901978
25549.750000 1075.834106 0.000000 947.002014
25549.750000 1075.834106 0.000000 947.101990
25549.750000 1075.834106 0.000000 947.192017
25549.750000 1075.834106 0.000000 947.302002
25549.750000 1075.834106 0.000000 947.401978
25549.750000 1075.834106 0.000000 947.502991
25549.750000 1075.834106 0.000000 947.601990
25549.750000 1075.834106 0.000000 947.703003
25549.750000 1075.834106 0.000000 947.806030
25549.750000 1075.834106 0.000000 947.898987
25549.750000 1075.834106 0.000000 948.007996
25549.750000 1075.834106 0.000000 948.103027
25549.750000 1075.834106 0.000000 948.203003
25549.750000 1075.834106 0.000000 948.307007
25549.875000 1075.834106 0.000000 948.403015
25549.875000 1075.834106 0.000000 948.510010
25549.875000 1075.834106 0.000000 948.604004
25549.875000 1075.834106 0.000000 948.703003
25549.875000 1075.834106 0.000000 948.802979
25549.875000 1075.834106 0.000000 948.908997
25549.875000 1075.834106 0.000000 949.005981
25549.875000 1075.834106 0.000000 949.104004
25550.000000 1075.834106 0.000000 949.210022
25550.000000 1075.834106 0.000000 949.315002
25550.000000 1075.834106 0.000000 949.400024
25550.000000 1075.834106 0.000000 949.502014
25550.000000 1075.834106 0.000000 949.601990
25550.000000 1075.834106 0.000000 949.702026
25550.000000 1075.834106 0.000000 949.802002
25550.000000 1075.834106 0.000000 949.901978
25550.000000 1075.834106 0.000000 950.112000
25550.000000 1075.834106 0.000000 950.309021
25550.000000 1075.834106 0.000000 950.403015
25550.000000 1075.834106 0.000000 950.502014
25550.000000 1075.834106 0.000000 950.601990
25550.000000 1075.834106 0.000000 950.702026
25550.000000 1075.834106 0.000000 950.807007
25550.000000 1075.834106 0.000000 950.906982
25550.000000 1075.834106 0.000000 951.002991
25550.000000 1075.834106 0.000000 951.103027
25550.000000 1075.834106 0.000000 951.203003
25550.000000 1075.834106 0.000000 951.302979
25550.000000 1075.834106 0.000000 951.403015
25550.000000 1075.834106 0.000000 951.502991
25550.000000 1075.834106 0.000000 951.612976
25550.000000 1075.834106 0.000000 951.713013
25550.000000 1075.834106 0.000000 951.812988
25550.000000 1075.834106 0.000000 951.913025
25550.000000 1075.834106 0.000000 952.008972
25550.000000 1075.834106 0.000000 952.111023
25550.000000 1075.834106 0.000000 952.210999
25550.000000 1075.834106 0.000000 952.310974
25550.000000 1075.834106 0.000000 952.406006
25550.000000 1075.834106 0.000000 952.512024
25550.000000 1075.834106 0.000000 952.612000
25550.000000 1075.834106 0.000000 952.711975
25550.000000 1075.834106 0.000000 952.812012
25550.000000 1075.834106 0.000000 952.905029
25550.000000 1075.834106 0.000000 953.002991
25550.000000 1075.834106 0.000000 953.103027
25550.000000 1075.834106 0.000000 953.211975
25550.000000 1075.834106 0.000000 953.304016
25550.000000 1075.834106 0.000000 953.408020
25550.125000 1075.834106 0.000000 953.508972
25550.125000 1075.834106 0.000000 953.603027
25550.125000 1075.834106 0.000000 953.703003
25550.125000 1075.834106 0.000000 953.802979
25550.125000 1075.834106 0.000000 953.903015
25550.125000 1075.834106 0.000000 954.002991
25550.125000 1075.834106 0.000000 954.103027
25550.125000 1075.834106 0.000000 954.203003
25550.125000 1075.834106 0.000000 954.302979
25550.125000 1075.834106 0.000000 954.403015
25550.125000 1075.834106 0.000000 954.505005
25551.625000 1075.834106 0.000000 954.616028
25551.625000 1075.834106 0.000000 954.705017
25551.625000 1075.834106 0.000000 954.814026
25551.625000 1075.834106 0.000000 954.908997
25551.625000 1075.834106 0.000000 955.020020
25551.625000 1075.834106 0.000000 955.109985
25551.625000 1075.834106 0.000000 955.208008
25551.625000 1075.834106 0.000000 955.307983
25551.625000 1075.834106 0.000000 955.408020
25551.625000 1075.834106 0.000000 955.502014
25551.625000 1075.834106 0.000000 955.601990
25551.625000 1075.834106 0.000000 955.706970
25551.625000 1075.834106 0.000000 955.802979
25551.625000 1075.834106 0.000000 955.906006
25551.625000 1075.834106 0.000000 956.012024
25551.625000 1075.834106 0.000000 956.104004
25551.625000 1075.834106 0.000000 956.205994
25551.625000 1075.834106 0.000000 956.309998
25551.625000 1075.834106 0.000000 956.414978
25551.625000 1075.834106 0.000000 956.505981
25551.625000 1075.834106 0.000000 956.606018
25551.625000 1075.834106 0.000000 956.705994
25551.625000 1075.834106 0.000000 956.806030
25551.750000 1075.834106 0.000000 956.906006
25551.750000 1075.834106 0.000000 957.007019
25551.750000 1075.834106 0.000000 957.101013
25551.750000 1075.834106 0.000000 957.200989
25551.750000 1075.834106 0.000000 957.309998
25551.750000 1075.834106 0.000000 957.505005
25551.750000 1075.834106 0.000000 957.609009
25551.750000 1075.834106 0.000000 957.705017
25551.750000 1075.834106 0.000000 957.804993
25551.750000 1075.834106 0.000000 957.903992
25551.750000 1075.834106 0.000000 958.012024
25551.750000 1075.834106 0.000000 958.101990
25551.750000 1075.834106 0.000000 958.206970
25551.750000 1075.834106 0.000000 958.307983
25551.750000 1075.834106 0.000000 958.416992
25551.750000 1075.834106 0.000000 958.517029
25551.750000 1075.834106 0.000000 958.617004
25551.750000 1075.834106 0.000000 958.713989
25551.750000 1075.834106 0.000000 958.807007
25551.750000 1075.834106 0.000000 958.908020
25551.875000 1075.834106 0.000000 959.010010
25551.875000 1075.834106 0.000000 959.109985
25551.875000 1075.834106 0.000000 959.307983
25551.875000 1075.834106 0.000000 959.408020
25551.875000 1075.834106 0.000000 959.517029
25551.875000 1075.834106 0.000000 959.617004
25551.875000 1076.034912 0.000000 959.711975
25551.875000 1076.034912 0.000000 959.809998
25551.875000 1076.034912 0.000000 959.908997
25551.875000 1076.034912 0.000000 960.007996
25551.875000 1076.213501 0.000000 960.107971
25551.875000 1076.265381 0.000000 960.208008
25551.875000 1076.284668 0.000000 960.312988
25552.000000 1076.284790 0.000000 960.510010
25552.000000 1076.284790 0.000000 960.609009
25552.000000 1076.284790 0.000000 960.713013
25552.000000 1076.284790 0.000000 960.914978
25552.000000 1076.284790 0.000000 961.015015
25552.250000 1076.495850 0.000000 961.107971
25552.250000 1076.546753 0.000000 961.307983
25552.250000 1076.546753 0.000000 961.413025
25552.250000 1076.546753 0.000000 961.510986
25552.250000 1076.546753 0.000000 961.606995
25552.250000 1076.546753 0.000000 961.718994
25552.250000 1076.546753 0.000000 961.812012
25552.250000 1076.546753 0.000000 961.906006
25552.250000 1076.546753 0.000000 962.005981
25552.250000 1076.546753 0.000000 962.106018
25552.250000 1076.546753 0.000000 962.210999
25552.250000 1076.546753 0.000000 962.309998
25552.250000 1076.546753 0.000000 962.409973
25552.375000 1076.546753 0.000000 962.510010
25552.500000 1076.546753 0.000000 962.609985
25552.500000 1076.546753 0.000000 962.706970
25552.500000 1076.546753 0.000000 962.809021
25552.500000 1076.546753 0.000000 962.906982
25552.500000 1076.546753 0.000000 963.015991
25552.500000 1076.546753 0.000000 963.116028
25552.500000 1076.546753 0.000000 963.216003
25552.500000 1076.546753 0.000000 963.318970
25552.500000 1076.546753 0.000000 963.416992
25552.500000 1076.546753 0.000000 963.517029
25552.500000 1076.546753 0.000000 963.612976
25552.750000 1076.546753 0.000000 963.713989
25553.250000 1076.546753 0.000000 963.807007
25553.250000 1076.546753 0.000000 963.906982
25553.375000 1076.546753 0.000000 964.007019
25553.375000 1076.546753 0.000000 964.106995
25553.375000 1076.546753 0.000000 964.206970
25553.375000 1076.546753 0.000000 964.307983
25553.375000 1076.546753 0.000000 964.411987
25553.375000 1076.546753 0.000000 964.515015
25553.375000 1076.546753 0.000000 964.614990
25553.375000 1076.546753 0.000000 964.718994
25553.375000 1076.546753 0.000000 964.812012
25553.375000 1076.546753 0.000000 964.906982
25553.375000 1076.624756 0.000000 965.013000
25553.375000 1076.660645 0.000000 965.106995
25553.375000 1076.666382 0.000000 965.208008
25553.375000 1076.666382 0.000000 965.317017
25553.375000 1076.666382 0.000000 965.413025
25553.375000 1076.666382 0.000000 965.612000
25553.375000 1076.666382 0.000000 965.713989
25553.375000 1076.666382 0.000000 965.807007
25553.375000 1076.666382 0.000000 965.906982
25553.375000 1076.666382 0.000000 966.007019
25553.375000 1076.666382 0.000000 966.106995
25553.500000 1076.666382 0.000000 966.206970
25553.500000 1076.666382 0.000000 966.307007
25553.500000 1076.666382 0.000000 966.406982
25553.500000 1076.666382 0.000000 966.515015
25553.500000 1076.666382 0.000000 966.606995
25553.500000 1076.666382 0.000000 966.710022
25553.500000 1076.666382 0.000000 966.809998
25553.625000 1076.666382 0.000000 966.905029
25553.625000 1076.666382 0.000000 967.013000
25553.625000 1076.871094 0.000000 967.109985
25553.625000 1077.071899 0.000000 967.205017
25553.625000 1077.071899 0.000000 967.306030
25553.625000 1077.279053 0.000000 967.409973
25553.750000 1077.480957 0.000000 967.510010
25553.750000 1077.480957 0.000000 967.609985
25553.750000 1077.688477 0.000000 967.715027
25553.750000 1077.688477 0.000000 967.809998
25553.750000 1077.688477 0.000000 967.909973
25553.750000 1077.688477 0.000000 968.018005
25553.750000 1077.688477 0.000000 968.117004
25553.750000 1077.688477 0.000000 968.216980
25553.750000 1077.688477 0.000000 968.312012
25553.750000 1077.688477 0.000000 968.416992
25553.750000 1077.688477 0.000000 968.518005
25553.750000 1077.688477 0.000000 968.604980
25553.750000 1077.688477 0.000000 968.710022
25553.750000 1077.688477 0.000000 968.807007
25553.750000 1077.688477 0.000000 968.906982
25553.750000 1077.688477 0.000000 969.018982
25553.750000 1077.688477 0.000000 969.106995
25553.750000 1077.688477 0.000000 969.206970
25553.750000 1077.688477 0.000000 969.307983
25553.750000 1077.688477 0.000000 969.408020
25553.750000 1077.688477 0.000000 969.507019
25553.750000 1077.688477 0.000000 969.606995
25553.750000 1077.688477 0.000000 969.706970
25553.750000 1077.688477 0.000000 969.812988
25553.750000 1077.688477 0.000000 969.911987
25553.750000 1077.688477 0.000000 970.012024
25553.750000 1077.688477 0.000000 970.106995
25553.750000 1077.688477 0.000000 970.211975
25553.750000 1077.688477 0.000000 970.312012
25553.750000 1077.688477 0.000000 970.411987
25553.750000 1077.688477 0.000000 970.504028
25553.750000 1077.688477 0.000000 970.607971
25553.750000 1077.688477 0.000000 970.708008
25553.750000 1077.688477 0.000000 970.809998
25553.750000 1077.688477 0.000000 970.908997
25553.750000 1077.688477 0.000000 971.008972
25553.750000 1077.688477 0.000000 971.107971
25553.750000 1077.688477 0.000000 971.208008
25553.750000 1077.688477 0.000000 971.307983
25553.750000 1077.688477 0.000000 971.409973
25553.750000 1077.688477 0.000000 971.510010
25553.750000 1077.688477 0.000000 971.604980
25553.750000 1077.688477 0.000000 971.710022
25553.750000 1077.815063 0.000000 971.815979
25553.750000 1077.815063 0.000000 971.909973
25553.750000 1077.815063 0.000000 971.997986
25553.750000 1077.815063 0.000000 972.107971
25553.750000 1077.815063 0.000000 972.208008
25553.750000 1077.815063 0.000000 972.309998
25553.750000 1077.815063 0.000000 972.409973
25553.750000 1077.815063 0.000000 972.507996
25553.750000 1077.815063 0.000000 972.614014
25553.750000 1077.815063 0.000000 972.713989
25553.750000 1077.815063 0.000000 972.913025
25553.750000 1077.815063 0.000000 973.007996
25553.750000 1077.815063 0.000000 973.107971
25553.750000 1077.815063 0.000000 973.208008
25553.750000 1077.815063 0.000000 973.307983
25553.750000 1077.815063 0.000000 973.418030
25553.750000 1077.815063 0.000000 973.507996
25553.750000 1077.815063 0.000000 973.607971
25553.750000 1077.815063 0.000000 973.713013
25553.750000 1077.815063 0.000000 973.807983
25553.750000 1077.815063 0.000000 973.916016
25553.750000 1077.815063 0.000000 974.015991
25553.750000 1077.815063 0.000000 974.114990
25553.750000 1077.815063 0.000000 974.215027
25553.750000 1077.815063 0.000000 974.315002
25553.750000 1077.815063 0.000000 974.414978
25553.750000 1077.815063 0.000000 974.515015
25554.000000 1077.815063 0.000000 974.607971
25554.000000 1077.815063 0.000000 974.721985
25554.000000 1077.815063 0.000000 974.916992
25554.000000 1077.815063 0.000000 975.012024
25554.000000 1077.815063 0.000000 975.112000
25554.000000 1077.815063 0.000000 975.322021
25554.000000 1077.815063 0.000000 975.416992
25554.000000 1077.815063 0.000000 975.521973
25554.000000 1077.815063 0.000000 975.622009
25554.000000 1077.815063 0.000000 975.721985
25554.000000 1077.815063 0.000000 975.822021
25554.000000 1077.815063 0.000000 975.916992
25554.000000 1077.815063 0.000000 976.018005
25554.000000 1077.815063 0.000000 976.116028
25554.000000 1077.815063 0.000000 976.226013
25554.000000 1077.815063 0.000000 976.320984
25554.000000 1077.815063 0.000000 976.525024
25554.000000 1077.815063 0.000000 976.716980
25554.000000 1077.815063 0.000000 976.921997
25554.000000 1077.815063 0.000000 977.026978
25554.000000 1077.815063 0.000000 977.211975
25554.000000 1077.815063 0.000000 977.317017
25554.000000 1077.815063 0.000000 977.518005
25554.000000 1077.815063 0.000000 977.716980
25554.000000 1077.815063 0.000000 977.916992
25554.000000 1077.815063 0.000000 978.025024
25554.000000 1077.815063 0.000000 978.127014
25554.000000 1077.815063 0.000000 978.226990
25554.000000 1077.815063 0.000000 978.327026
25554.000000 1077.815063 0.000000 978.421997
25554.000000 1077.815063 0.000000 978.526978
25554.000000 1077.815063 0.000000 978.627014
25554.000000 1077.815063 0.000000 978.726990
25554.000000 1077.815063 0.000000 978.827026
25554.000000 1077.815063 0.000000 978.927002
25554.000000 1077.815063 0.000000 979.023010
25554.000000 1077.815063 0.000000 979.215027
25554.000000 1077.815063 0.000000 979.317993
25554.000000 1077.815063 0.000000 979.416992
25554.000000 1077.815063 0.000000 979.517029
25554.000000 1077.815063 0.000000 979.625000
25554.000000 1077.815063 0.000000 979.817017
25554.000000 1077.815063 0.000000 979.924011
25554.000000 1077.815063 0.000000 980.018982
25554.000000 1077.815063 0.000000 980.120972
25554.000000 1077.815063 0.000000 980.219971
25554.000000 1077.815063 0.000000 980.318970
25554.000000 1077.815063 0.000000 980.419983
25554.000000 1077.815063 0.000000 980.523987
25554.000000 1077.815063 0.000000 980.629028
25554.000000 1077.815063 0.000000 980.729004
25554.000000 1077.815063 0.000000 980.820984
25554.000000 1077.815063 0.000000 980.919006
25554.000000 1077.815063 0.000000 981.023987
25554.000000 1077.815063 0.000000 981.119995
25554.000000 1077.815063 0.000000 981.218994
25554.000000 1077.815063 0.000000 981.317993
25554.000000 1077.815063 0.000000 981.416992
25554.000000 1077.815063 0.000000 981.517029
25554.000000 1077.815063 0.000000 981.617004
25554.000000 1077.815063 0.000000 981.716980
25554.000000 1077.815063 0.000000 981.817993
25554.000000 1077.815063 0.000000 981.918030
25554.000000 1077.815063 0.000000 982.017029
25554.000000 1077.815063 0.000000 982.122986
25554.000000 1077.815063 0.000000 982.216980
25554.000000 1077.815063 0.000000 982.317017
25554.000000 1077.815063 0.000000 982.416992
25554.000000 1077.815063 0.000000 982.517029
25554.000000 1077.815063 0.000000 982.617981
25554.000000 1077.815063 0.000000 982.716980
25554.000000 1077.815063 0.000000 982.828979
25554.000000 1077.815063 0.000000 982.916992
25554.000000 1077.815063 0.000000 983.017029
25554.000000 1077.815063 0.000000 983.117981
25554.000000 1077.815063 0.000000 983.216980
25554.000000 1077.815063 0.000000 983.317017
25554.000000 1077.815063 0.000000 983.426025
25554.000000 1077.815063 0.000000 983.523987
25554.000000 1077.815063 0.000000 983.617004
25554.000000 1077.815063 0.000000 983.716980
25554.000000 1077.815063 0.000000 983.817017
25554.000000 1077.815063 0.000000 983.916992
25554.000000 1077.815063 0.000000 984.018982
25554.000000 1077.815063 0.000000 984.122009
25554.000000 1077.815063 0.000000 984.223999
25554.000000 1077.815063 0.000000 984.320984
25554.000000 1077.815063 0.000000 984.416992
25554.000000 1077.815063 0.000000 984.517029
25554.000000 1077.815063 0.000000 984.612000
25554.000000 1077.815063 0.000000 984.716980
25554.000000 1077.815063 0.000000 984.817993
25554.000000 1077.815063 0.000000 984.918030
25554.000000 1077.815063 0.000000 985.026001
25554.000000 1077.815063 0.000000 985.119019
25554.000000 1077.815063 0.000000 985.218994
25554.000000 1077.815063 0.000000 985.314026
25554.000000 1077.815063 0.000000 985.414001
25554.125000 1077.815063 0.000000 985.518982
25554.125000 1077.815063 0.000000 985.619019
25554.125000 1077.815063 0.000000 985.716980
25554.125000 1077.815063 0.000000 985.818970
25554.125000 1077.815063 0.000000 985.916016
25554.125000 1077.815063 0.000000 986.020996
25554.125000 1077.815063 0.000000 986.114014
25554.125000 1077.815063 0.000000 986.216003
25554.125000 1077.815063 0.000000 986.314026
25554.125000 1077.815063 0.000000 986.419006
25554.125000 1077.815063 0.000000 986.520020
25554.125000 1077.815063 0.000000 986.627014
25554.125000 1077.815063 0.000000 986.713013
25554.125000 1077.815063 0.000000 986.825989
25554.125000 1077.815063 0.000000 986.919006
25554.125000 1077.815063 0.000000 987.012024
25554.125000 1077.815063 0.000000 987.119019
25554.125000 1077.815063 0.000000 987.221985
25554.125000 1077.815063 0.000000 987.421997
25554.125000 1077.815063 0.000000 987.526978
25554.125000 1077.815063 0.000000 987.627014
25554.125000 1077.815063 0.000000 987.716980
25554.125000 1077.815063 0.000000 987.817017
25554.125000 1077.815063 0.000000 987.916992
25554.125000 1077.815063 0.000000 988.021973
25554.125000 1077.815063 0.000000 988.117004
25554.125000 1077.815063 0.000000 988.218018
25554.125000 1077.815063 0.000000 988.317993
25554.125000 1077.815063 0.000000 988.418030
25554.125000 1077.815063 0.000000 988.518005
25554.125000 1077.815063 0.000000 988.617981
25554.125000 1077.815063 0.000000 988.718994
25554.125000 1077.815063 0.000000 988.817993
25554.125000 1077.815063 0.000000 988.918030
25554.250000 1077.815063 0.000000 989.018005
25554.250000 1077.815063 0.000000 989.124023
25554.250000 1077.815063 0.000000 989.218018
25554.250000 1077.815063 0.000000 989.312988
25554.250000 1077.815063 0.000000 989.426025
25554.250000 1077.815063 0.000000 989.518005
25554.375000 1077.815063 0.000000 989.617981
25554.375000 1077.815063 0.000000 989.718018
25554.500000 1077.815063 0.000000 989.817993
25554.500000 1077.815063 0.000000 989.922974
25554.500000 1077.815063 0.000000 990.018982
25554.500000 1077.815063 0.000000 990.117981
25554.625000 1077.815063 0.000000 990.218018
25554.625000 1077.815063 0.000000 990.317993
25554.625000 1077.815063 0.000000 990.419983
25554.625000 1077.815063 0.000000 990.523987
25554.625000 1077.815063 0.000000 990.620972
25554.625000 1077.815063 0.000000 990.726990
25554.625000 1077.815063 0.000000 990.822021
25554.625000 1077.815063 0.000000 990.921997
25554.625000 1077.906860 0.000000 991.023010
25554.625000 1077.906860 0.000000 991.122986
25554.625000 1078.033447 0.000000 991.221008
25554.625000 1078.033447 0.000000 991.320984
25554.625000 1078.033447 0.000000 991.416016
25554.625000 1078.033447 0.000000 991.520996
25554.625000 1078.188354 0.000000 991.616028
25554.625000 1078.188354 0.000000 991.716003
25554.625000 1078.188354 0.000000 991.817017
25554.625000 1078.393555 0.000000 991.916016
25554.625000 1078.393555 0.000000 992.020996
25554.625000 1078.608276 0.000000 992.120972
25554.625000 1078.812378 0.000000 992.224976
25554.625000 1079.037476 0.000000 992.325012
25554.625000 1079.248901 0.000000 992.424988
25554.625000 1079.450195 0.000000 992.525024
25554.625000 1079.652954 0.000000 992.620972
25554.625000 1079.856201 0.000000 992.721985
25554.625000 1080.057495 0.000000 992.822021
25554.625000 1080.259766 0.000000 992.921021
25554.625000 1080.448364 0.000000 993.018005
25554.625000 1080.448364 0.000000 993.125000
25554.625000 1080.606934 0.000000 993.221008
25554.625000 1080.732422 0.000000 993.312988
25554.625000 1080.835083 0.000000 993.418030
25554.875000 1080.835083 0.000000 993.518005
25555.000000 1080.917236 0.000000 993.617981
25555.000000 1080.917236 0.000000 993.718018
25555.000000 1080.917236 0.000000 993.827026
25555.250000 1080.962158 0.000000 993.914001
25555.375000 1080.980957 0.000000 994.018005
25555.375000 1080.980957 0.000000 994.117981
25555.625000 1080.980957 0.000000 994.226013
25555.875000 1080.980957 0.000000 994.325989
25556.000000 1080.980957 0.000000 994.426025
25556.250000 1080.980957 0.000000 994.526001
25556.250000 1080.980957 0.000000 994.617981
25556.500000 1080.980957 0.000000 994.718018
25556.625000 1080.980957 0.000000 994.817993
25556.750000 1080.980957 0.000000 994.924988
25556.750000 1080.980957 0.000000 995.026978
25556.875000 1080.980957 0.000000 995.120972
25556.875000 1080.980957 0.000000 995.221008
25557.000000 1080.980957 0.000000 995.325989
25557.000000 1080.980957 0.000000 995.419006
25557.000000 1080.980957 0.000000 995.513000
25557.000000 1080.980957 0.000000 995.617981
25557.000000 1080.980957 0.000000 995.718018
25557.125000 1080.980957 0.000000 995.818970
25557.125000 1080.980957 0.000000 995.918030
25557.125000 1080.980957 0.000000 996.018005
25557.125000 1080.980957 0.000000 996.116028
25557.125000 1080.980957 0.000000 996.216003
25557.125000 1080.980957 0.000000 996.317993
25557.125000 1080.980957 0.000000 996.418030
25557.125000 1080.980957 0.000000 996.518005
25557.250000 1080.980957 0.000000 996.617981
25557.250000 1080.980957 0.000000 996.718018
25557.250000 1080.980957 0.000000 996.831970
25557.375000 1080.980957 0.000000 996.927002
25557.500000 1080.980957 0.000000 997.026978
25558.000000 1080.980957 0.000000 997.127014
25558.875000 1080.980957 0.000000 997.231995
25559.500000 1080.980957 0.000000 997.327026
25559.500000 1080.980957 0.000000 997.418030
25559.750000 1080.985229 0.000000 997.518005
25559.750000 1080.985229 0.000000 997.624023
25559.750000 1080.985229 0.000000 997.718018
25559.750000 1080.985229 0.000000 997.823975
25559.750000 1080.985229 0.000000 997.922974
25559.750000 1080.985229 0.000000 998.021973
25559.750000 1081.190186 0.000000 998.119019
25559.750000 1081.190186 0.000000 998.218018
25559.750000 1081.424194 0.000000 998.330994
25559.750000 1081.424194 0.000000 998.418030
25559.875000 1081.632080 0.000000 998.518005
25559.875000 1081.834229 0.000000 998.617981
25559.875000 1082.039795 0.000000 998.718994
25560.000000 1082.241333 0.000000 998.817993
25560.000000 1082.241333 0.000000 998.927002
25560.125000 1082.433350 0.000000 999.026978
25560.125000 1082.566772 0.000000 999.117981
25560.125000 1082.678955 0.000000 999.226013
25560.125000 1082.746460 0.000000 999.325989
25560.125000 1082.779785 0.000000 999.426025
25560.250000 1082.779785 0.000000 999.526001
25560.250000 1082.784058 0.000000 999.617981
25560.375000 1082.784058 0.000000 999.718994
25560.375000 1082.784058 0.000000 999.823975
25560.375000 1082.784058 0.000000 999.926025
25560.500000 1082.784058 0.000000 1000.026001
25560.625000 1082.784058 0.000000 1000.125000
25560.625000 1082.784058 0.000000 1000.218018
25560.625000 1082.784058 0.000000 1000.317993
25560.750000 1082.784058 0.000000 1000.418030
25560.750000 1082.784058 0.000000 1000.523987
25560.750000 1082.784058 0.000000 1000.617981
25560.875000 1082.784058 0.000000 1000.723022
25561.000000 1082.784058 0.000000 1000.822998
25561.000000 1082.784058 0.000000 1000.921021
25561.000000 1082.784058 0.000000 1001.018005
25561.000000 1082.784058 0.000000 1001.122009
25561.000000 1082.784058 0.000000 1001.223999
25561.000000 1082.784058 0.000000 1001.322998
25561.125000 1082.784058 0.000000 1001.424011
25561.625000 1082.784058 0.000000 1001.528015
25561.625000 1082.784058 0.000000 1001.622986
25561.625000 1082.784058 0.000000 1001.728027
25561.750000 1082.784058 0.000000 1001.823975
25561.750000 1082.784058 0.000000 1001.931030
25561.750000 1082.784058 0.000000 1002.018982
25561.875000 1082.784058 0.000000 1002.119019
25561.875000 1082.784058 0.000000 1002.223999
25561.875000 1082.784058 0.000000 1002.328979
25561.875000 1082.784058 0.000000 1002.434021
25561.875000 1082.784058 0.000000 1002.533997
25561.875000 1082.837891 0.000000 1002.629028
25561.875000 1082.837891 0.000000 1002.729004
25561.875000 1082.837891 0.000000 1002.828979
25561.875000 1082.837891 0.000000 1003.033997
25561.875000 1083.040039 0.000000 1003.216980
25562.125000 1083.040039 0.000000 1003.330994
25562.125000 1083.040039 0.000000 1003.416992
25562.125000 1083.299561 0.000000 1003.526978
25562.125000 1083.299561 0.000000 1003.622009
25562.125000 1083.522095 0.000000 1003.822021
25562.125000 1083.727173 0.000000 1003.922974
25562.125000 1083.727173 0.000000 1004.030029
25562.125000 1083.966553 0.000000 1004.221985
25562.125000 1084.185669 0.000000 1004.320984
25562.125000 1084.405762 0.000000 1004.427979
25562.125000 1084.405762 0.000000 1004.521973
25562.125000 1084.606201 0.000000 1004.630005
25562.125000 1084.833008 0.000000 1004.729980
25562.125000 1085.032959 0.000000 1004.820984
25562.125000 1085.032959 0.000000 1004.922974
25562.125000 1085.240601 0.000000 1005.023010
25562.125000 1085.240601 0.000000 1005.122986
25562.125000 1085.441040 0.000000 1005.218018
25562.125000 1085.441040 0.000000 1005.322998
25562.125000 1085.441040 0.000000 1005.426025
25562.125000 1085.441040 0.000000 1005.531006
25562.125000 1085.441040 0.000000 1005.630981
25562.125000 1085.441040 0.000000 1005.736023
25562.125000 1085.441040 0.000000 1005.822998
25562.125000 1085.441040 0.000000 1006.023010
25562.125000 1085.441040 0.000000 1006.124023
25562.125000 1085.441040 0.000000 1006.223022
25562.125000 1085.441040 0.000000 1006.333008
25562.125000 1085.441040 0.000000 1006.427979
25562.125000 1085.441040 0.000000 1006.526978
25562.250000 1085.441040 0.000000 1006.632996
25562.250000 1085.441040 0.000000 1006.732971
25562.250000 1085.441040 0.000000 1006.823975
25562.250000 1085.441040 0.000000 1006.924011
25562.250000 1085.441040 0.000000 1007.018982
25562.250000 1085.441040 0.000000 1007.129028
25562.250000 1085.441040 0.000000 1007.323975
25562.250000 1085.441040 0.000000 1007.424011
25562.250000 1085.441040 0.000000 1007.530029
25562.250000 1085.441040 0.000000 1007.627014
25562.250000 1085.441040 0.000000 1007.729004
25562.250000 1085.441040 0.000000 1007.833984
25562.250000 1085.441040 0.000000 1007.924988
25562.250000 1085.441040 0.000000 1008.023987
25562.250000 1085.441040 0.000000 1008.124023
25562.250000 1085.441040 0.000000 1008.223999
25562.250000 1085.441040 0.000000 1008.323975
25562.250000 1085.441040 0.000000 1008.427979
25562.250000 1085.441040 0.000000 1008.533020
25562.250000 1085.441040 0.000000 1008.629028
25562.250000 1085.522339 0.000000 1008.723022
25562.250000 1085.522339 0.000000 1008.822998
25562.250000 1085.522339 0.000000 1008.922974
25562.250000 1085.522339 0.000000 1009.023010
25562.250000 1085.522339 0.000000 1009.125000
25562.250000 1085.522339 0.000000 1009.223022
25562.250000 1085.522339 0.000000 1009.328979
25562.250000 1085.522339 0.000000 1009.427979
25562.250000 1085.522339 0.000000 1009.523987
25562.250000 1085.522339 0.000000 1009.622986
25562.250000 1085.522339 0.000000 1009.723022
25562.250000 1085.522339 0.000000 1009.825012
25562.250000 1085.522339 0.000000 1009.937988
25562.250000 1085.522339 0.000000 1010.135010
25562.250000 1085.522339 0.000000 1010.234985
25562.250000 1085.522339 0.000000 1010.330017
25562.250000 1085.522339 0.000000 1010.434998
25562.250000 1085.522339 0.000000 1010.530029
25562.250000 1085.522339 0.000000 1010.630005
25562.250000 1085.522339 0.000000 1010.721008
25562.250000 1085.522339 0.000000 1010.825989
25562.250000 1085.522339 0.000000 1010.926025
25562.250000 1085.522339 0.000000 1011.021973
25562.250000 1085.522339 0.000000 1011.120972
25562.250000 1085.522339 0.000000 1011.221008
25562.250000 1085.522339 0.000000 1011.328003
25562.250000 1085.522339 0.000000 1011.427002
25562.250000 1085.522339 0.000000 1011.526001
25562.250000 1085.522339 0.000000 1011.627014
25562.250000 1085.522339 0.000000 1011.721008
25562.250000 1085.522339 0.000000 1011.828979
25562.250000 1085.522339 0.000000 1011.926025
25562.250000 1085.522339 0.000000 1012.026001
25562.250000 1085.522339 0.000000 1012.125977
25562.250000 1085.522339 0.000000 1012.226013
25562.250000 1085.522339 0.000000 1012.320984
25562.250000 1085.522339 0.000000 1012.427002
25562.875000 1085.522339 0.000000 1012.536011
25562.875000 1085.522339 0.000000 1012.638000
25563.000000 1085.522339 0.000000 1012.723022
25563.000000 1085.522339 0.000000 1012.822998
25563.000000 1085.522339 0.000000 1012.922974
25563.000000 1085.522339 0.000000 1013.023010
25563.000000 1085.522339 0.000000 1013.122986
25563.000000 1085.522339 0.000000 1013.228027
25563.000000 1085.522339 0.000000 1013.327026
25563.000000 1085.522339 0.000000 1013.422974
25563.000000 1085.522339 0.000000 1013.526001
25563.000000 1085.522339 0.000000 1013.622986
25563.000000 1085.522339 0.000000 1013.731018
25563.000000 1085.522339 0.000000 1013.830994
25563.000000 1085.522339 0.000000 1013.931030
25563.000000 1085.522339 0.000000 1014.028992
25563.000000 1085.522339 0.000000 1014.129028
25563.000000 1085.522339 0.000000 1014.250977
25563.000000 1085.522339 0.000000 1014.320984
25563.000000 1085.522339 0.000000 1014.427979
25563.000000 1085.522339 0.000000 1014.520996
25563.000000 1085.522339 0.000000 1014.625977
25563.000000 1085.522339 0.000000 1014.731018
25563.000000 1085.522339 0.000000 1014.825989
25563.000000 1085.522339 0.000000 1014.927002
25563.000000 1085.522339 0.000000 1015.021973
25563.000000 1085.522339 0.000000 1015.127014
25563.000000 1085.522339 0.000000 1015.221985
25563.000000 1085.522339 0.000000 1015.328003
25563.000000 1085.522339 0.000000 1015.432983
25563.250000 1085.522339 0.000000 1015.528015
25563.250000 1085.522339 0.000000 1015.632996
25563.250000 1085.522339 0.000000 1015.731018
25563.250000 1085.522339 0.000000 1015.822021
25563.250000 1085.522339 0.000000 1015.927002
25563.250000 1085.522339 0.000000 1016.026978
25563.250000 1085.522339 0.000000 1016.122009
25563.250000 1085.522339 0.000000 1016.228027
25563.250000 1085.522339 0.000000 1016.328003
25563.250000 1085.522339 0.000000 1016.427002
25563.250000 1085.522339 0.000000 1016.530029
25563.375000 1085.522339 0.000000 1016.627014
25563.375000 1085.522339 0.000000 1016.728027
25563.375000 1085.522339 0.000000 1016.828979
25563.375000 1085.522339 0.000000 1016.921997
25563.375000 1085.522339 0.000000 1017.026978
25563.375000 1085.522339 0.000000 1017.132019
25563.375000 1085.522339 0.000000 1017.226990
25563.375000 1085.522339 0.000000 1017.327026
25563.375000 1085.522339 0.000000 1017.427002
25563.375000 1085.522339 0.000000 1017.536011
25563.375000 1085.522339 0.000000 1017.635986
25563.375000 1085.522339 0.000000 1017.737000
25563.375000 1085.522339 0.000000 1017.825989
25563.375000 1085.522339 0.000000 1017.939026
25563.375000 1085.522339 0.000000 1018.023987
25563.375000 1085.522339 0.000000 1018.135010
25563.375000 1085.522339 0.000000 1018.228027
25563.375000 1085.522339 0.000000 1018.333008
25563.375000 1085.522339 0.000000 1018.424011
25563.375000 1085.522339 0.000000 1018.528992
25563.375000 1085.522339 0.000000 1018.627991
25563.375000 1085.522339 0.000000 1018.723022
25563.375000 1085.522339 0.000000 1018.822998
25563.375000 1085.522339 0.000000 1018.932007
25563.375000 1085.522339 0.000000 1019.028992
25563.375000 1085.522339 0.000000 1019.122986
25563.375000 1085.522339 0.000000 1019.228027
25563.375000 1085.522339 0.000000 1019.333984
25563.375000 1085.522339 0.000000 1019.429993
25563.375000 1085.522339 0.000000 1019.528015
25563.375000 1085.522339 0.000000 1019.625977
25563.375000 1085.522339 0.000000 1019.726013
25563.375000 1085.522339 0.000000 1019.825989
25563.375000 1085.522339 0.000000 1019.926025
25563.375000 1085.522339 0.000000 1020.028015
25563.375000 1085.522339 0.000000 1020.125977
25563.375000 1085.522339 0.000000 1020.226013
25563.375000 1085.522339 0.000000 1020.325989
25563.375000 1085.522339 0.000000 1020.426025
25563.375000 1085.522339 0.000000 1020.531982
25563.375000 1085.522339 0.000000 1020.625977
25563.375000 1085.522339 0.000000 1020.726013
25563.375000 1085.522339 0.000000 1020.830994
25563.375000 1085.522339 0.000000 1020.926025
25563.375000 1085.522339 0.000000 1021.031006
25563.375000 1085.522339 0.000000 1021.125977
25563.375000 1085.522339 0.000000 1021.226013
25563.375000 1085.522339 0.000000 1021.325989
25563.375000 1085.522339 0.000000 1021.426025
25563.375000 1085.522339 0.000000 1021.534973
25563.375000 1085.522339 0.000000 1021.635010
25563.375000 1085.522339 0.000000 1021.732971
25563.375000 1085.522339 0.000000 1021.825989
25563.375000 1085.522339 0.000000 1021.934021
25563.375000 1085.522339 0.000000 1022.033997
25563.375000 1085.522339 0.000000 1022.127991
25563.375000 1085.522339 0.000000 1022.226013
25563.375000 1085.522339 0.000000 1022.325989
25563.375000 1085.522339 0.000000 1022.434998
25563.375000 1085.522339 0.000000 1022.526001
25563.375000 1085.522339 0.000000 1022.625977
25563.375000 1085.522339 0.000000 1022.726990
25563.625000 1085.522339 0.000000 1022.830994
25563.625000 1085.522339 0.000000 1022.935974
25563.625000 1085.522339 0.000000 1023.036011
25563.625000 1085.522339 0.000000 1023.132996
25563.750000 1085.522339 0.000000 1023.231018
25564.000000 1085.522339 0.000000 1023.325989
25564.000000 1085.522339 0.000000 1023.426025
25564.000000 1085.522339 0.000000 1023.526001
25564.000000 1085.568604 0.000000 1023.630981
25564.000000 1085.568604 0.000000 1023.726990
25564.000000 1085.568604 0.000000 1023.825989
25564.250000 1085.776855 0.000000 1023.940979
25564.250000 1085.852661 0.000000 1024.026001
25564.250000 1085.895874 0.000000 1024.128052
25564.250000 1085.895874 0.000000 1024.233032
25564.250000 1085.909180 0.000000 1024.338013
25564.250000 1085.909180 0.000000 1024.437988
25564.250000 1085.909180 0.000000 1024.530029
25564.250000 1085.909180 0.000000 1024.625000
25564.250000 1085.909180 0.000000 1024.724976
25564.250000 1085.909180 0.000000 1024.824951
25564.250000 1085.909180 0.000000 1024.930054
25564.250000 1085.909180 0.000000 1025.025024
25564.250000 1085.909180 0.000000 1025.128052
25564.375000 1085.909180 0.000000 1025.233032
25564.500000 1085.909180 0.000000 1025.326050
25564.500000 1085.909180 0.000000 1025.426025
25564.500000 1085.909180 0.000000 1025.527954
25564.500000 1085.939941 0.000000 1025.639038
25564.500000 1085.939941 0.000000 1025.739014
25564.500000 1085.939941 0.000000 1025.836060
25564.625000 1086.142822 0.000000 1025.936035
25564.625000 1086.225220 0.000000 1026.031006
25565.625000 1086.276001 0.000000 1026.135986
25565.625000 1086.290527 0.000000 1026.227051
25565.625000 1086.290527 0.000000 1026.327026
25565.625000 1086.290527 0.000000 1026.427002
25565.625000 1086.290527 0.000000 1026.531006
25565.625000 1086.290527 0.000000 1026.630981
25565.750000 1086.290527 0.000000 1026.732056
25565.750000 1086.290527 0.000000 1026.832031
25565.750000 1086.290527 0.000000 1026.926025
25565.750000 1086.290527 0.000000 1027.027954
25566.250000 1086.290527 0.000000 1027.131958
25566.250000 1086.290527 0.000000 1027.225952
25566.250000 1086.290527 0.000000 1027.333984
25566.375000 1086.290527 0.000000 1027.433960
25566.375000 1086.290527 0.000000 1027.534058
25566.375000 1086.290527 0.000000 1027.635986
25566.375000 1086.290527 0.000000 1027.735962
25566.375000 1086.293701 0.000000 1027.836060
25566.375000 1086.293701 0.000000 1027.936035
25566.375000 1086.293701 0.000000 1028.032959
25566.375000 1086.293701 0.000000 1028.133057
25566.375000 1086.354614 0.000000 1028.233032
25566.375000 1086.354614 0.000000 1028.333008
25566.375000 1086.354614 0.000000 1028.426025
25566.375000 1086.354614 0.000000 1028.526001
25566.375000 1086.354614 0.000000 1028.634033
25566.375000 1086.354614 0.000000 1028.732056
25566.375000 1086.354614 0.000000 1028.828003
25566.375000 1086.354614 0.000000 1028.927002
25566.375000 1086.360840 0.000000 1029.026978
25566.375000 1086.360840 0.000000 1029.128052
25566.375000 1086.360840 0.000000 1029.228027
25566.375000 1086.360840 0.000000 1029.322998
25566.375000 1086.360840 0.000000 1029.428955
25566.375000 1086.360840 0.000000 1029.535034
25566.375000 1086.360840 0.000000 1029.639038
25566.375000 1086.360840 0.000000 1029.734009
25566.375000 1086.360840 0.000000 1029.829956
25566.625000 1086.509155 0.000000 1029.933960
25566.625000 1086.509155 0.000000 1030.036011
25567.250000 1086.527710 0.000000 1030.130005
25567.250000 1086.527710 0.000000 1030.230957
25567.250000 1086.527710 0.000000 1030.329956
25567.250000 1086.527710 0.000000 1030.435059
25567.250000 1086.527710 0.000000 1030.530029
25567.250000 1086.527710 0.000000 1030.630981
25567.250000 1086.527710 0.000000 1030.729980
25567.250000 1086.541504 0.000000 1030.829956
25567.250000 1086.541504 0.000000 1030.930054
25567.250000 1086.551514 0.000000 1031.032959
25567.375000 1086.551514 0.000000 1031.141968
25567.375000 1086.551514 0.000000 1031.237061
25567.375000 1086.551514 0.000000 1031.337036
25567.375000 1086.551514 0.000000 1031.437012
25567.375000 1086.551514 0.000000 1031.541992
25567.375000 1086.551514 0.000000 1031.631958
25567.375000 1086.551514 0.000000 1031.737061
25567.375000 1086.551514 0.000000 1031.836060
25567.375000 1086.583862 0.000000 1031.936035
25567.375000 1086.583862 0.000000 1032.031006
25567.375000 1086.583862 0.000000 1032.135986
25567.375000 1086.583862 0.000000 1032.235962
25567.375000 1086.583862 0.000000 1032.340942
25567.375000 1086.583862 0.000000 1032.441040
25567.375000 1086.583862 0.000000 1032.536987
25567.375000 1086.786377 0.000000 1032.636963
25567.375000 1086.987061 0.000000 1032.832031
25567.375000 1086.987061 0.000000 1032.937012
25567.375000 1087.205444 0.000000 1033.031006
25567.500000 1087.364014 0.000000 1033.130981
25567.625000 1087.595581 0.000000 1033.326050
25567.625000 1087.595581 0.000000 1033.431030
25567.625000 1087.655762 0.000000 1033.531006
25567.625000 1087.683716 0.000000 1033.630981
25567.625000 1087.683960 0.000000 1033.836060
25567.625000 1087.683960 0.000000 1033.931030
25567.625000 1087.683960 0.000000 1034.031006
25567.625000 1087.683960 0.000000 1034.131958
25567.625000 1087.683960 0.000000 1034.234985
25567.750000 1087.683960 0.000000 1034.338013
25567.750000 1087.683960 0.000000 1034.437988
25567.750000 1087.683960 0.000000 1034.530029
25568.250000 1087.683960 0.000000 1034.630005
25568.250000 1087.683960 0.000000 1034.730957
25568.250000 1087.683960 0.000000 1034.829956
25568.250000 1087.688354 0.000000 1035.030029
25568.250000 1087.688354 0.000000 1035.135010
25568.250000 1087.688354 0.000000 1035.229980
25568.250000 1087.891846 0.000000 1035.329956
25568.250000 1087.891846 0.000000 1035.431030
25568.375000 1088.096436 0.000000 1035.531006
25568.375000 1088.305786 0.000000 1035.633057
25568.375000 1088.506714 0.000000 1035.737061
25568.375000 1088.506714 0.000000 1035.840942
25568.375000 1088.777588 0.000000 1035.931030
25568.375000 1088.777588 0.000000 1036.027954
25568.375000 1088.982666 0.000000 1036.133057
25568.500000 1089.185059 0.000000 1036.232056
25568.500000 1089.185059 0.000000 1036.329956
25568.500000 1089.185059 0.000000 1036.432983
25574.625000 1089.185059 0.000000 1036.546997
25574.625000 1089.185059 0.000000 1036.734985
25574.625000 1089.185059 0.000000 1036.842041
25574.625000 1089.185059 0.000000 1036.937988
25574.625000 1089.185059 0.000000 1037.046997
25574.625000 1089.185059 0.000000 1037.131958
25574.625000 1089.185059 0.000000 1037.232056
25574.625000 1089.185059 0.000000 1037.334961
25574.625000 1089.185059 0.000000 1037.435059
25574.625000 1089.185059 0.000000 1037.536987
25574.625000 1089.185059 0.000000 1037.635986
25574.625000 1089.185059 0.000000 1037.733032
25574.625000 1089.185059 0.000000 1037.833984
25574.625000 1089.185059 0.000000 1037.932983
25574.625000 1089.185059 0.000000 1038.032959
25574.625000 1089.185059 0.000000 1038.133057
25574.625000 1089.185059 0.000000 1038.233032
25574.625000 1089.185059 0.000000 1038.333008
25574.625000 1089.185059 0.000000 1038.432983
25574.625000 1089.185059 0.000000 1038.532959
25574.625000 1089.185059 0.000000 1038.644043
25574.625000 1089.185059 0.000000 1038.749023
25574.625000 1089.185059 0.000000 1038.943970
25574.625000 1089.185059 0.000000 1039.139038
25574.625000 1089.185059 0.000000 1039.230957
25574.625000 1089.185059 0.000000 1039.331055
25574.625000 1089.185059 0.000000 1039.436035
25574.625000 1089.185059 0.000000 1039.542969
25574.625000 1089.185059 0.000000 1039.640991
25574.625000 1089.333618 0.000000 1039.738037
25574.625000 1089.333618 0.000000 1039.842041
25574.625000 1089.333618 0.000000 1039.937012
25574.625000 1089.333618 0.000000 1040.042969
25574.625000 1089.333618 0.000000 1040.136963
25574.625000 1089.333618 0.000000 1040.239990
25574.625000 1089.333618 0.000000 1040.342041
25574.625000 1089.333618 0.000000 1040.438965
25574.625000 1089.333618 0.000000 1040.548950
25574.750000 1089.333618 0.000000 1040.756958
25574.750000 1089.333618 0.000000 1040.852051
25574.750000 1089.333618 0.000000 1040.938965
25574.750000 1089.333618 0.000000 1041.038940
25575.000000 1089.333618 0.000000 1041.149048
25575.000000 1089.333618 0.000000 1041.240967
25575.000000 1089.333618 0.000000 1041.338989
25575.125000 1089.333618 0.000000 1041.438965
25575.250000 1089.333618 0.000000 1041.538940
25575.250000 1089.333618 0.000000 1041.645996
25575.250000 1089.333618 0.000000 1041.745972
25575.250000 1089.333618 0.000000 1041.839966
25575.250000 1089.333618 0.000000 1041.942993
25575.250000 1089.333618 0.000000 1042.040039
25575.250000 1089.333618 0.000000 1042.140015
25575.250000 1089.333618 0.000000 1042.239990
25575.250000 1089.333618 0.000000 1042.345947
25575.250000 1089.333618 0.000000 1042.439941
25575.250000 1089.333618 0.000000 1042.546021
25575.375000 1089.333618 0.000000 1042.651001
25575.500000 1089.333618 0.000000 1042.739990
25575.500000 1089.333618 0.000000 1042.944946
25575.500000 1089.333618 0.000000 1043.140991
25575.500000 1089.333618 0.000000 1043.241943
25575.500000 1089.333618 0.000000 1043.340942
25575.500000 1089.333618 0.000000 1043.547974
25575.500000 1089.333618 0.000000 1043.649048
25575.500000 1089.333618 0.000000 1043.743042
25575.500000 1089.333618 0.000000 1043.853027
25575.500000 1089.537476 0.000000 1044.042969
25575.500000 1089.756958 0.000000 1044.137939
25575.500000 1089.963379 0.000000 1044.244019
25575.500000 1090.168213 0.000000 1044.339966
25575.500000 1090.168213 0.000000 1044.447998
25575.500000 1090.411011 0.000000 1044.552979
25575.500000 1090.411011 0.000000 1044.647949
25575.500000 1090.611816 0.000000 1044.744019
25575.500000 1090.611816 0.000000 1044.853027
25575.500000 1090.611816 0.000000 1044.953003
25575.500000 1090.611816 0.000000 1045.052979
25575.500000 1090.707642 0.000000 1045.152954
25575.500000 1090.707642 0.000000 1045.250977
25575.500000 1090.707642 0.000000 1045.338013
25575.625000 1090.707642 0.000000 1045.437988
25575.625000 1090.707642 0.000000 1045.537964
25575.625000 1090.707642 0.000000 1045.641968
25575.625000 1090.707642 0.000000 1045.738037
25575.625000 1090.707642 0.000000 1045.849976
25575.625000 1090.707642 0.000000 1045.938965
25575.750000 1090.909424 0.000000 1046.038940
25575.750000 1091.031616 0.000000 1046.144043
25575.875000 1091.087402 0.000000 1046.240967
25575.875000 1091.109619 0.000000 1046.338989
25576.000000 1091.110107 0.000000 1046.448975
25576.000000 1091.110107 0.000000 1046.541016
25576.000000 1091.110107 0.000000 1046.644043
25576.000000 1091.110107 0.000000 1046.754028
25576.250000 1091.110107 0.000000 1046.948975
25576.250000 1091.110107 0.000000 1047.048950
25576.250000 1091.110107 0.000000 1047.154053
25576.375000 1091.110107 0.000000 1047.249023
25576.375000 1091.110107 0.000000 1047.343994
25576.375000 1091.110107 0.000000 1047.446045
25576.375000 1091.110107 0.000000 1047.548950
25576.375000 1091.312500 0.000000 1047.640015
25576.375000 1091.312500 0.000000 1047.738037
25576.375000 1091.516113 0.000000 1047.838013
25576.375000 1091.516113 0.000000 1047.943970
25576.375000 1091.516113 0.000000 1048.052979
25576.500000 1091.516113 0.000000 1048.142944
25576.500000 1091.681885 0.000000 1048.243042
25576.500000 1091.682251 0.000000 1048.348022
25576.500000 1091.682251 0.000000 1048.444946
25576.500000 1091.682251 0.000000 1048.542969
25576.750000 1091.682251 0.000000 1048.637939
25576.750000 1091.682251 0.000000 1048.750977
25576.750000 1091.682251 0.000000 1048.848022
25576.750000 1091.691406 0.000000 1048.947021
25576.750000 1091.691406 0.000000 1049.046997
25576.750000 1091.691406 0.000000 1049.156982
25576.750000 1091.809326 0.000000 1049.245972
25576.875000 1091.816284 0.000000 1049.343018
25577.125000 1091.816284 0.000000 1049.438965
25577.125000 1091.816284 0.000000 1049.537964
25577.250000 1091.816284 0.000000 1049.637939
25577.750000 1091.816284 0.000000 1049.738037
25577.750000 1091.816284 0.000000 1049.843994
25577.875000 1091.816284 0.000000 1049.943970
25577.875000 1091.816284 0.000000 1050.052002
25577.875000 1091.816284 0.000000 1050.146973
25578.250000 1091.816284 0.000000 1050.238037
25578.250000 1091.816284 0.000000 1050.343018
25578.375000 1091.816284 0.000000 1050.437988
25578.625000 1091.816284 0.000000 1050.541016
25578.625000 1091.816284 0.000000 1050.640991
25578.625000 1091.816284 0.000000 1050.740967
25578.625000 1091.816284 0.000000 1050.848022
25578.625000 1091.816284 0.000000 1050.953003
25578.750000 1091.816284 0.000000 1051.041016
25578.750000 1091.816284 0.000000 1051.145020
25578.750000 1091.816284 0.000000 1051.240967
25578.750000 1091.816284 0.000000 1051.348022
25578.750000 1091.816284 0.000000 1051.441040
25578.750000 1091.816284 0.000000 1051.546997
25578.750000 1091.816284 0.000000 1051.649048
25578.750000 1091.816284 0.000000 1051.749023
25578.750000 1091.816284 0.000000 1051.848999
25578.750000 1091.816284 0.000000 1051.948975
25578.750000 1091.816284 0.000000 1052.048950
25578.750000 1091.816284 0.000000 1052.142944
25578.750000 1091.816284 0.000000 1052.240967
25578.750000 1091.816284 0.000000 1052.347046
25578.750000 1091.816284 0.000000 1052.437012
25578.750000 1091.816284 0.000000 1052.541016
25578.750000 1091.816284 0.000000 1052.640991
25578.750000 1091.816284 0.000000 1052.740967
25578.750000 1091.816284 0.000000 1052.840942
25578.750000 1091.816284 0.000000 1052.941040
25578.750000 1091.823486 0.000000 1053.041016
25578.750000 1091.823486 0.000000 1053.140991
25578.750000 1091.823486 0.000000 1053.243042
25578.750000 1091.926025 0.000000 1053.339966
25578.750000 1091.926025 0.000000 1053.439941
25578.750000 1092.126221 0.000000 1053.542969
25578.750000 1092.126221 0.000000 1053.660034
25578.750000 1092.331787 0.000000 1053.755005
25578.750000 1092.538208 0.000000 1053.844971
25578.750000 1092.538208 0.000000 1053.944946
25578.750000 1092.785400 0.000000 1054.051025
25578.750000 1093.002563 0.000000 1054.149048
25578.875000 1093.211548 0.000000 1054.245972
25579.000000 1093.455322 0.000000 1054.347046
25579.500000 1093.664795 0.000000 1054.446045
25580.125000 1093.876221 0.000000 1054.545044
25580.250000 1094.077393 0.000000 1054.646973
25580.750000 1094.278320 0.000000 1054.748047
25581.000000 1094.483398 0.000000 1054.852051
25582.250000 1094.690674 0.000000 1054.946045
25582.500000 1094.895996 0.000000 1055.040039
25582.500000 1095.104858 0.000000 1055.145996
25582.625000 1095.306152 0.000000 1055.240967
25582.625000 1095.507324 0.000000 1055.345947
25582.750000 1095.716553 0.000000 1055.449951
25583.250000 1095.917725 0.000000 1055.550049
25583.375000 1096.119141 0.000000 1055.646973
25583.750000 1096.321899 0.000000 1055.745972
25584.500000 1096.527344 0.000000 1055.853027
25585.250000 1096.734619 0.000000 1055.946045
25585.625000 1096.734619 0.000000 1056.041016
25586.125000 1096.948120 0.000000 1056.140991
25586.375000 1097.211914 0.000000 1056.240967
25586.500000 1097.419556 0.000000 1056.355957
25587.125000 1097.620972 0.000000 1056.442017
25587.875000 1097.822021 0.000000 1056.541016
25588.250000 1098.023438 0.000000 1056.645996
25588.875000 1098.223877 0.000000 1056.745972
25588.875000 1098.435181 0.000000 1056.840942
25589.250000 1098.666748 0.000000 1056.951050
25589.375000 1098.910400 0.000000 1057.046997
25589.500000 1099.111572 0.000000 1057.151978
25589.625000 1099.320801 0.000000 1057.240967
25589.875000 1099.521973 0.000000 1057.344971
25590.125000 1099.731323 0.000000 1057.444946
25590.625000 1099.932617 0.000000 1057.546997
25590.875000 1100.135864 0.000000 1057.651001
25591.000000 1100.344849 0.000000 1057.745972
25591.625000 1100.549927 0.000000 1057.847046
25592.000000 1100.751221 0.000000 1057.952026
25592.125000 1100.960693 0.000000 1058.046021
25592.500000 1101.161743 0.000000 1058.151001
25593.125000 1101.362915 0.000000 1058.250977
25593.750000 1101.566284 0.000000 1058.347046
25594.125000 1101.767578 0.000000 1058.462036
25594.500000 1101.976562 0.000000 1058.551025
25595.750000 1101.976562 0.000000 1058.650024
25596.250000 1102.400757 0.000000 1058.844971
25596.750000 1102.634155 0.000000 1058.944946
25597.125000 1102.839478 0.000000 1059.046021
25597.750000 1103.050659 0.000000 1059.146973
25597.750000 1103.256348 0.000000 1059.243042
25598.000000 1103.465332 0.000000 1059.350952
25598.375000 1103.684570 0.000000 1059.442993
25598.625000 1103.912354 0.000000 1059.546997
25602.375000 1104.118164 0.000000 1059.651978
25602.625000 1104.327515 0.000000 1059.750000
25602.750000 1104.536011 0.000000 1059.844971
25603.000000 1104.739136 0.000000 1059.944946
25603.000000 1104.941895 0.000000 1060.046997
25603.000000 1105.151245 0.000000 1060.146973
25603.125000 1105.354736 0.000000 1060.244995
25603.500000 1105.564087 0.000000 1060.344971
25603.500000 1105.765259 0.000000 1060.444946
25603.500000 1105.966675 0.000000 1060.550049
25605.250000 1105.966675 0.000000 1060.645020
25605.375000 1106.200562 0.000000 1060.753052
25605.625000 1106.405640 0.000000 1060.858032
25605.875000 1106.606812 0.000000 1060.951050
25606.000000 1106.811890 0.000000 1061.055054
25606.125000 1107.013062 0.000000 1061.155029
25606.250000 1107.214600 0.000000 1061.250000
25606.375000 1107.436157 0.000000 1061.354980
25606.375000 1107.637573 0.000000 1061.447998
25611.125000 1107.870972 0.000000 1061.546021
25611.500000 1108.079224 0.000000 1061.645996
25611.500000 1108.310669 0.000000 1061.745972
25611.625000 1108.512085 0.000000 1061.850952
25611.875000 1108.723267 0.000000 1061.946045
25612.125000 1108.930420 0.000000 1062.041016
25612.375000 1109.139526 0.000000 1062.140991
25612.500000 1109.348755 0.000000 1062.244019
25612.500000 1109.558350 0.000000 1062.340942
25612.500000 1109.759521 0.000000 1062.446045
25612.875000 1109.960449 0.000000 1062.541016
25613.000000 1110.161743 0.000000 1062.645996
25613.000000 1110.363159 0.000000 1062.750977
25613.000000 1110.564209 0.000000 1062.848999
25613.000000 1110.765381 0.000000 1062.941040
25613.250000 1110.966553 0.000000 1063.041016
25613.375000 1111.171875 0.000000 1063.142944
25613.375000 1111.373169 0.000000 1063.243042
25613.500000 1111.574097 0.000000 1063.343994
25613.500000 1111.777588 0.000000 1063.443970
25617.375000 1111.777588 0.000000 1063.542969
25617.750000 1111.986206 0.000000 1063.642944
25618.000000 1112.213013 0.000000 1063.743042
25618.375000 1112.657959 0.000000 1063.953979
25618.375000 1112.861450 0.000000 1064.048950
25618.875000 1113.080811 0.000000 1064.157959
25619.250000 1113.503540 0.000000 1064.343018
25619.500000 1113.704712 0.000000 1064.447998
25621.250000 1113.911987 0.000000 1064.561035
25621.625000 1114.114380 0.000000 1064.652954
25621.625000 1114.317383 0.000000 1064.754028
25621.750000 1114.518555 0.000000 1064.848999
25621.875000 1114.722168 0.000000 1064.946045
25626.125000 1114.923340 0.000000 1065.047974
25627.750000 1115.117554 0.000000 1065.151978
25629.375000 1115.117554 0.000000 1065.250000
25629.625000 1115.280029 0.000000 1065.349976
25639.000000 1115.431641 0.000000 1065.446045
25639.375000 1115.543701 0.000000 1065.545044
25639.500000 1115.543701 0.000000 1065.642944
25640.000000 1115.599731 0.000000 1065.743042
25640.250000 1115.599731 0.000000 1065.848022
25640.875000 1115.613403 0.000000 1065.949951
25640.875000 1115.613403 0.000000 1066.050049
25641.125000 1115.613403 0.000000 1066.146973
25641.125000 1115.640137 0.000000 1066.250977
25641.125000 1115.640137 0.000000 1066.347046
25641.250000 1115.640137 0.000000 1066.453003
25641.250000 1115.640137 0.000000 1066.552979
25642.125000 1115.786377 0.000000 1066.646973
25642.250000 1115.786377 0.000000 1066.746948
25642.625000 1115.986450 0.000000 1066.843018
25643.000000 1116.193848 0.000000 1066.942017
25643.125000 1116.193848 0.000000 1067.041992
25643.250000 1116.455933 0.000000 1067.141968
25643.500000 1116.665039 0.000000 1067.241943
25643.625000 1116.866333 0.000000 1067.343018
25644.125000 1117.067871 0.000000 1067.447998
25644.500000 1117.269287 0.000000 1067.546997
25645.750000 1117.470093 0.000000 1067.646973
25646.125000 1117.673584 0.000000 1067.746948
25646.375000 1117.892578 0.000000 1067.847046
25646.750000 1118.093384 0.000000 1067.942993
25647.000000 1118.316650 0.000000 1068.042969
25647.250000 1118.525879 0.000000 1068.142944
25647.875000 1118.727295 0.000000 1068.250000
25648.250000 1118.946655 0.000000 1068.352051
25648.250000 1119.148193 0.000000 1068.452026
25648.500000 1119.354736 0.000000 1068.552002
25648.875000 1119.558228 0.000000 1068.651978
25649.125000 1119.758667 0.000000 1068.751953
25649.375000 1119.960205 0.000000 1068.848022
25649.625000 1120.165649 0.000000 1068.949951
25649.750000 1120.373535 0.000000 1069.052002
25649.750000 1120.583008 0.000000 1069.151001
25650.000000 1120.784424 0.000000 1069.255981
25650.000000 1120.784424 0.000000 1069.348022
25650.250000 1120.989502 0.000000 1069.447998
25651.125000 1121.192749 0.000000 1069.542969
25651.375000 1121.427734 0.000000 1069.655029
25651.500000 1121.630859 0.000000 1069.748047
25651.500000 1121.840332 0.000000 1069.843018
25651.625000 1122.041260 0.000000 1069.943970
25651.625000 1122.242554 0.000000 1070.042969
25651.750000 1122.447510 0.000000 1070.146973
25652.000000 1122.660645 0.000000 1070.244995
25652.000000 1122.900146 0.000000 1070.344971
25652.375000 1123.131836 0.000000 1070.447998
25653.250000 1123.343018 0.000000 1070.550049
25653.625000 1123.544312 0.000000 1070.651001
25653.875000 1123.744751 0.000000 1070.750000
25654.000000 1123.945923 0.000000 1070.852051
25654.500000 1124.147339 0.000000 1070.952026
25654.500000 1124.348633 0.000000 1071.050049
25654.500000 1124.572144 0.000000 1071.161011
25654.750000 1124.773560 0.000000 1071.251953
25654.750000 1124.980957 0.000000 1071.359009
25655.125000 1125.186523 0.000000 1071.451050
25655.250000 1125.387695 0.000000 1071.556030
25657.250000 1125.590942 0.000000 1071.651001
25657.625000 1125.799683 0.000000 1071.750977
25658.125000 1126.001099 0.000000 1071.850952
25658.125000 1126.206665 0.000000 1071.953003
25658.625000 1126.407593 0.000000 1072.052979
25659.250000 1126.608887 0.000000 1072.157959
25659.500000 1126.814087 0.000000 1072.255005
25659.750000 1126.814087 0.000000 1072.353027
25660.125000 1127.021240 0.000000 1072.454956
25660.375000 1127.226440 0.000000 1072.557983
25661.125000 1127.503906 0.000000 1072.659058
25661.500000 1127.707397 0.000000 1072.755005
25662.000000 1127.957397 0.000000 1072.863037
25662.125000 1128.178345 0.000000 1072.953003
25662.500000 1128.379639 0.000000 1073.052979
25662.625000 1128.580811 0.000000 1073.157959
25663.375000 1128.782227 0.000000 1073.253052
25664.000000 1128.985474 0.000000 1073.353027
25664.375000 1129.190918 0.000000 1073.453003
25664.750000 1129.396118 0.000000 1073.552979
25666.250000 1129.597290 0.000000 1073.657959
25667.875000 1129.999634 0.000000 1073.853027
25668.625000 1130.205078 0.000000 1073.953003
25669.375000 1130.418335 0.000000 1074.052979
25670.125000 1130.619873 0.000000 1074.161011
25674.875000 1130.811279 0.000000 1074.365967
25675.875000 1130.981201 0.000000 1074.461060
25677.125000 1131.112671 0.000000 1074.566040
25678.875000 1131.198486 0.000000 1074.663940
25679.500000 1131.250610 0.000000 1074.853027
25680.750000 1131.269165 0.000000 1074.953003
25686.125000 1131.269165 0.000000 1075.057983
25686.625000 1131.269165 0.000000 1075.152954
25687.375000 1131.269165 0.000000 1075.253052
25687.500000 1131.269165 0.000000 1075.353027
25688.125000 1131.269165 0.000000 1075.456055
25688.125000 1131.269165 0.000000 1075.552979
25688.250000 1131.273926 0.000000 1075.660034
25688.375000 1131.273926 0.000000 1075.753052
25688.625000 1131.279663 0.000000 1075.858032
25688.625000 1131.279663 0.000000 1076.066040
25688.750000 1131.279663 0.000000 1076.166016
25689.000000 1131.485474 0.000000 1076.258057
25689.375000 1131.485474 0.000000 1076.358032
25690.000000 1131.712769 0.000000 1076.463013
25690.375000 1131.712769 0.000000 1076.562988
25690.625000 1132.125366 0.000000 1076.765991
25691.000000 1132.331055 0.000000 1076.858032
25691.750000 1132.763672 0.000000 1077.062988
25692.000000 1132.973145 0.000000 1077.156982
25692.125000 1133.174438 0.000000 1077.261963
25692.125000 1133.385376 0.000000 1077.363037
25692.375000 1133.586670 0.000000 1077.462036
25692.500000 1133.788086 0.000000 1077.557007
25692.625000 1133.991089 0.000000 1077.660034
25693.625000 1134.409790 0.000000 1077.862061
25693.750000 1134.612793 0.000000 1077.959961
25693.750000 1135.015259 0.000000 1078.160034
25693.875000 1135.216553 0.000000 1078.260010
25694.125000 1135.419800 0.000000 1078.360962
25694.375000 1135.629150 0.000000 1078.459961
25694.500000 1135.830078 0.000000 1078.560059
25694.625000 1136.031494 0.000000 1078.665039
25694.750000 1136.234253 0.000000 1078.765991
25695.125000 1136.234253 0.000000 1078.859985
25695.125000 1136.482666 0.000000 1078.959961
25695.125000 1136.709595 0.000000 1079.066040
25695.250000 1136.914795 0.000000 1079.166016
25695.250000 1137.124023 0.000000 1079.269043
25695.250000 1137.325073 0.000000 1079.359009
25695.375000 1137.528320 0.000000 1079.458984
25695.375000 1137.741943 0.000000 1079.563965
25695.375000 1137.999390 0.000000 1079.659058
25695.625000 1138.206055 0.000000 1079.764038
25695.750000 1138.414429 0.000000 1079.859009
25695.750000 1138.615723 0.000000 1079.975952
25695.750000 1138.821411 0.000000 1080.066040
25695.875000 1139.022827 0.000000 1080.166016
25695.875000 1139.224243 0.000000 1080.265991
25695.875000 1139.433472 0.000000 1080.359985
25695.875000 1139.433472 0.000000 1080.458984
25695.875000 1139.844238 0.000000 1080.563965
25696.000000 1139.844238 0.000000 1080.662964
25696.000000 1140.255249 0.000000 1080.767944
25696.000000 1140.255249 0.000000 1080.862061
25696.125000 1140.484741 0.000000 1080.959961
25696.250000 1140.732178 0.000000 1081.066040
25696.500000 1140.933716 0.000000 1081.165039
25696.625000 1141.135010 0.000000 1081.260986
25696.625000 1141.336426 0.000000 1081.366943
25696.625000 1141.537964 0.000000 1081.474976
25696.625000 1141.751343 0.000000 1081.560059
25696.625000 1141.980469 0.000000 1081.665039
25696.875000 1142.211914 0.000000 1081.760986
25696.875000 1142.413086 0.000000 1081.874023
25697.000000 1142.614746 0.000000 1081.959961
25697.000000 1142.816040 0.000000 1082.061035
25697.250000 1143.239258 0.000000 1082.275024
25697.250000 1143.641479 0.000000 1082.469971
25697.625000 1143.842896 0.000000 1082.569946
25697.875000 1144.244995 0.000000 1082.770020
25698.000000 1144.446777 0.000000 1082.869995
25698.000000 1144.652222 0.000000 1082.959961
25698.125000 1144.859253 0.000000 1083.060059
25698.500000 1145.060669 0.000000 1083.160034
25698.750000 1145.264038 0.000000 1083.260010
25699.500000 1145.473389 0.000000 1083.359985
25699.625000 1145.676880 0.000000 1083.461060
25700.750000 1145.877563 0.000000 1083.561035
25701.125000 1146.078003 0.000000 1083.661011
25701.125000 1146.078003 0.000000 1083.760010
25701.125000 1146.289307 0.000000 1083.859985
25702.125000 1146.490967 0.000000 1083.959961
25702.125000 1146.695923 0.000000 1084.062988
25702.875000 1147.104248 0.000000 1084.171021
25703.500000 1147.104248 0.000000 1084.265991
25704.000000 1147.305420 0.000000 1084.365967
25704.125000 1147.507080 0.000000 1084.459961
25713.375000 1147.708496 0.000000 1084.566040
25713.875000 1147.926025 0.000000 1084.661987
25714.625000 1148.160889 0.000000 1084.760010
25715.250000 1148.368164 0.000000 1084.866943
25715.750000 1148.569458 0.000000 1084.959961
25715.875000 1148.770752 0.000000 1085.060059
25716.250000 1148.972290 0.000000 1085.161011
25716.750000 1149.173584 0.000000 1085.267944
25717.000000 1149.374634 0.000000 1085.364990
25718.875000 1149.595581 0.000000 1085.459961
25719.500000 1149.846436 0.000000 1085.574951
25719.875000 1150.047607 0.000000 1085.666992
25720.250000 1150.248657 0.000000 1085.765015
25720.250000 1150.449951 0.000000 1085.864990
25720.250000 1150.651489 0.000000 1085.964966
25720.375000 1150.856689 0.000000 1086.064941
25720.625000 1151.068237 0.000000 1086.165039
25721.375000 1151.476318 0.000000 1086.369995
25721.500000 1151.679199 0.000000 1086.464966
25721.500000 1152.085449 0.000000 1086.677979
25721.500000 1152.494995 0.000000 1086.866943
25721.625000 1152.696167 0.000000 1086.968994
25721.625000 1152.899048 0.000000 1087.073975
25721.750000 1153.311279 0.000000 1087.267944
25721.750000 1153.518555 0.000000 1087.375977
25722.000000 1153.518555 0.000000 1087.463013
25722.125000 1153.723999 0.000000 1087.567993
25723.375000 1153.977051 0.000000 1087.667969
25723.375000 1154.182495 0.000000 1087.765015
25723.375000 1154.389160 0.000000 1087.866943
25723.625000 1154.590698 0.000000 1087.974976
25723.750000 1154.791992 0.000000 1088.074951
25723.750000 1154.993164 0.000000 1088.175049
25723.750000 1155.194580 0.000000 1088.272949
25723.875000 1155.401611 0.000000 1088.373047
25723.875000 1155.602905 0.000000 1088.478027
25723.875000 1155.804199 0.000000 1088.572998
25724.625000 1156.005493 0.000000 1088.672974
25724.625000 1156.256226 0.000000 1088.774048
25724.625000 1156.461304 0.000000 1088.873047
25724.875000 1156.670410 0.000000 1088.970947
25725.000000 1156.871826 0.000000 1089.064941
25725.125000 1157.073120 0.000000 1089.165039
25725.125000 1157.274170 0.000000 1089.265015
25725.125000 1157.483887 0.000000 1089.374023
25725.250000 1157.685303 0.000000 1089.473999
25725.750000 1157.886353 0.000000 1089.573975
25726.125000 1158.095337 0.000000 1089.672974
25726.125000 1158.296753 0.000000 1089.772949
25726.125000 1158.498047 0.000000 1089.873047
25726.375000 1158.699219 0.000000 1089.968018
25726.500000 1158.904663 0.000000 1090.069946
25726.750000 1159.105957 0.000000 1090.165039
25726.875000 1159.313232 0.000000 1090.267944
25727.000000 1159.518799 0.000000 1090.375000
25727.125000 1159.719849 0.000000 1090.474976
25727.250000 1159.923096 0.000000 1090.566040
25727.250000 1160.124023 0.000000 1090.666016
25727.625000 1160.329468 0.000000 1090.772949
25727.875000 1160.534302 0.000000 1090.869995
25731.875000 1160.739868 0.000000 1090.988037
25731.875000 1160.739868 0.000000 1091.067017
25732.125000 1160.979492 0.000000 1091.166016
25732.250000 1161.188965 0.000000 1091.266968
25732.875000 1161.394531 0.000000 1091.366943
25738.250000 1161.595825 0.000000 1091.467041
25738.500000 1161.796631 0.000000 1091.572998
25739.375000 1162.060669 0.000000 1091.671021
25739.625000 1162.292114 0.000000 1091.770996
25740.125000 1162.493408 0.000000 1091.868042
25740.375000 1162.694580 0.000000 1091.968018
25740.875000 1162.895752 0.000000 1092.072998
25741.000000 1163.096802 0.000000 1092.167969
25741.250000 1163.298096 0.000000 1092.267944
25741.500000 1163.525024 0.000000 1092.375977
25743.750000 1163.726562 0.000000 1092.475952
25743.750000 1163.929688 0.000000 1092.576050
25743.875000 1164.130737 0.000000 1092.672974
25743.875000 1164.333984 0.000000 1092.774048
25744.125000 1164.543335 0.000000 1092.868042
25744.250000 1164.746704 0.000000 1092.968018
25744.500000 1164.950073 0.000000 1093.074951
25744.625000 1165.156982 0.000000 1093.167969
25745.000000 1165.358521 0.000000 1093.277954
25745.250000 1165.561768 0.000000 1093.374023
25747.875000 1165.561768 0.000000 1093.468018
25748.125000 1165.763916 0.000000 1093.562988
25748.250000 1166.051758 0.000000 1093.667969
25748.500000 1166.293091 0.000000 1093.774048
25749.000000 1166.517944 0.000000 1093.875000
25749.875000 1166.724487 0.000000 1093.974976
25750.375000 1166.927124 0.000000 1094.064941
25753.000000 1166.927124 0.000000 1094.165039
25753.625000 1167.129517 0.000000 1094.265991
25754.500000 1167.331909 0.000000 1094.369995
25759.000000 1167.331909 0.000000 1094.469971
25759.625000 1167.536987 0.000000 1094.576050
25759.875000 1167.536987 0.000000 1094.665039
25760.625000 1167.738892 0.000000 1094.765015
25761.500000 1167.738892 0.000000 1094.870972
25762.250000 1167.944824 0.000000 1094.965942
25764.375000 1168.187134 0.000000 1095.076050
25766.500000 1168.390259 0.000000 1095.176025
25768.125000 1168.593628 0.000000 1095.276001
25769.375000 1168.794312 0.000000 1095.371948
25770.125000 1168.794312 0.000000 1095.468018
25771.625000 1169.001953 0.000000 1095.563965
25772.250000 1169.288940 0.000000 1095.673950
25773.375000 1169.538330 0.000000 1095.769043
25774.750000 1169.739624 0.000000 1095.869019
25775.750000 1169.941162 0.000000 1095.968018
25778.000000 1170.164307 0.000000 1096.082031
25780.750000 1170.164307 0.000000 1096.171021
25782.375000 1170.366577 0.000000 1096.282959
25784.250000 1170.571899 0.000000 1096.373047
25785.625000 1170.571899 0.000000 1096.477051
25787.500000 1170.772583 0.000000 1096.573975
25787.875000 1170.772583 0.000000 1096.677002
25788.500000 1170.976929 0.000000 1096.771973
25789.125000 1171.178711 0.000000 1096.871948
25790.000000 1171.389526 0.000000 1096.972046
25790.375000 1171.596069 0.000000 1097.081055
25790.875000 1171.799194 0.000000 1097.171997
25791.375000 1171.799194 0.000000 1097.266968
25792.250000 1172.203247 0.000000 1097.373047
25792.750000 1172.203247 0.000000 1097.472046
25794.625000 1172.613892 0.000000 1097.577026
25795.375000 1172.822632 0.000000 1097.681030
25796.125000 1172.822632 0.000000 1097.776001
25797.000000 1173.225342 0.000000 1097.880981
25797.250000 1173.225342 0.000000 1097.978027
25798.375000 1173.430176 0.000000 1098.072021
25799.250000 1173.699951 0.000000 1098.173950
25800.500000 1173.901367 0.000000 1098.271973
25801.125000 1174.102295 0.000000 1098.386963
25803.250000 1174.503418 0.000000 1098.582031
25804.750000 1174.707397 0.000000 1098.682007
25806.750000 1174.907837 0.000000 1098.766968
25807.750000 1175.111450 0.000000 1098.871948
25808.750000 1175.314575 0.000000 1098.972046
25810.250000 1175.521606 0.000000 1099.067993
25811.875000 1175.722656 0.000000 1099.171997
25813.250000 1175.923828 0.000000 1099.272949
25814.875000 1176.125122 0.000000 1099.371948
25816.875000 1176.326416 0.000000 1099.472046
25819.750000 1176.535400 0.000000 1099.581055
25822.000000 1176.736450 0.000000 1099.686035
25824.125000 1176.941650 0.000000 1099.776978
25825.000000 1177.157349 0.000000 1099.871948
25826.125000 1177.362549 0.000000 1099.972046
25827.625000 1177.563843 0.000000 1100.072998
25828.625000 1177.764893 0.000000 1100.171997
25830.250000 1177.966309 0.000000 1100.271973
25831.500000 1178.170044 0.000000 1100.371948
25837.625000 1178.381592 0.000000 1100.473999
25839.875000 1178.587524 0.000000 1100.577026
25840.750000 1178.587524 0.000000 1100.671997
25842.625000 1178.788330 0.000000 1100.774048
25847.500000 1179.198975 0.000000 1100.885986
25849.500000 1179.400635 0.000000 1100.980957
25850.750000 1179.602417 0.000000 1101.081055
25852.875000 1179.602417 0.000000 1101.171997
25854.750000 1179.846313 0.000000 1101.274048
25856.625000 1180.057739 0.000000 1101.378052
25871.375000 1180.270264 0.000000 1101.472046
25874.875000 1180.509033 0.000000 1101.572998
25878.375000 1180.733887 0.000000 1101.681030
25881.500000 1180.943359 0.000000 1101.774048
25884.875000 1181.150391 0.000000 1101.875000
25888.375000 1181.351807 0.000000 1101.983032
25891.750000 1181.557373 0.000000 1102.074951
25893.875000 1181.758179 0.000000 1102.175049
25895.875000 1181.959595 0.000000 1102.275024
25900.625000 1182.160889 0.000000 1102.375000
25905.000000 1182.361206 0.000000 1102.477051
25908.625000 1182.565674 0.000000 1102.574951
25915.375000 1182.766968 0.000000 1102.675049
25918.625000 1182.968384 0.000000 1102.775024
25924.750000 1183.172852 0.000000 1102.875000
25928.125000 1183.172852 0.000000 1102.973022
25931.875000 1183.377686 0.000000 1103.076050
25935.625000 1183.585205 0.000000 1103.177002
25937.375000 1183.797974 0.000000 1103.277954
25943.500000 1184.005371 0.000000 1103.381958
25949.625000 1184.212280 0.000000 1103.477051
25953.375000 1184.415649 0.000000 1103.579956
25957.875000 1184.624878 0.000000 1103.675049
25962.375000 1184.826172 0.000000 1103.776001
25967.625000 1185.027222 0.000000 1103.881958
25972.625000 1185.441650 0.000000 1104.071045
25980.125000 1185.642456 0.000000 1104.178955
25985.625000 1185.843994 0.000000 1104.276001
25991.875000 1186.045532 0.000000 1104.370972
25998.000000 1186.246826 0.000000 1104.475952
26005.000000 1186.448730 0.000000 1104.577026
26013.250000 1186.656128 0.000000 1104.673950
26021.500000 1186.863281 0.000000 1104.776978
26032.250000 1187.076294 0.000000 1104.883057
26041.500000 1187.076294 0.000000 1104.972046
26049.500000 1187.293457 0.000000 1105.072021
26059.250000 1187.536865 0.000000 1105.171997
26069.000000 1187.738159 0.000000 1105.271973
26079.750000 1187.947998 0.000000 1105.380981
26090.375000 1188.159424 0.000000 1105.480957
26122.375000 1188.363037 0.000000 1105.577026
26132.250000 1188.564453 0.000000 1105.677002
26141.500000 1188.767700 0.000000 1105.772949
26151.375000 1188.969238 0.000000 1105.871948
26159.625000 1189.178467 0.000000 1105.970947
26168.875000 1189.399902 0.000000 1106.076050
26178.375000 1189.601196 0.000000 1106.176025
26185.500000 1189.802246 0.000000 1106.277954
26194.000000 1190.003418 0.000000 1106.375000
26212.250000 1190.210938 0.000000 1106.470947
26222.375000 1190.411621 0.000000 1106.578003
26230.625000 1190.618896 0.000000 1106.671021
26239.625000 1190.819946 0.000000 1106.776001
26248.875000 1191.021362 0.000000 1106.875977
26257.875000 1191.222534 0.000000 1106.970947
26263.750000 1191.423706 0.000000 1107.076050
26270.000000 1191.625122 0.000000 1107.171021
26278.000000 1191.826172 0.000000 1107.277954
26284.375000 1192.027588 0.000000 1107.370972
26292.875000 1192.228760 0.000000 1107.465942
26298.375000 1192.432007 0.000000 1107.576050
26305.250000 1192.641479 0.000000 1107.677002
26314.125000 1192.842529 0.000000 1107.781982
26321.500000 1193.045532 0.000000 1107.881958
26327.125000 1193.255005 0.000000 1107.975952
26332.000000 1193.457764 0.000000 1108.082031
26337.500000 1193.665527 0.000000 1108.189941
26344.125000 1193.866943 0.000000 1108.290039
26350.750000 1194.068115 0.000000 1108.392944
26355.750000 1194.068115 0.000000 1108.478027
26372.000000 1194.275635 0.000000 1108.578003
26378.000000 1194.481567 0.000000 1108.678955
26384.250000 1194.932861 0.000000 1108.878052
26392.250000 1195.189819 0.000000 1108.988037
26397.875000 1195.391235 0.000000 1109.078003
26404.375000 1195.600830 0.000000 1109.182983
26410.875000 1196.029419 0.000000 1109.385010
26425.375000 1196.453613 0.000000 1109.576050
26433.250000 1196.654297 0.000000 1109.687988
26437.750000 1196.861938 0.000000 1109.781006
26443.750000 1197.063354 0.000000 1109.890991
26447.500000 1197.270752 0.000000 1109.979004
26451.250000 1197.477905 0.000000 1110.084961
26456.500000 1197.725708 0.000000 1110.280029
26461.375000 1197.927002 0.000000 1110.378052
26466.500000 1198.148438 0.000000 1110.480957
26469.750000 1198.365845 0.000000 1110.588013
26474.000000 1198.567139 0.000000 1110.675049
26478.000000 1198.778198 0.000000 1110.787964
26482.000000 1198.979248 0.000000 1110.887939
26487.000000 1199.236694 0.000000 1110.983032
26492.625000 1199.448242 0.000000 1111.081055
26496.000000 1199.655151 0.000000 1111.183960
26500.875000 1199.863770 0.000000 1111.287964
26506.125000 1200.069336 0.000000 1111.385010
26533.375000 1200.271484 0.000000 1111.480957
26539.250000 1200.271484 0.000000 1111.581055
26545.750000 1200.496582 0.000000 1111.688965
26549.750000 1200.727661 0.000000 1111.786987
26553.875000 1200.931030 0.000000 1111.883057
26557.875000 1201.134399 0.000000 1111.985962
26562.500000 1201.341431 0.000000 1112.076050
26565.750000 1201.542603 0.000000 1112.182007
26570.125000 1201.747803 0.000000 1112.281982
26574.125000 1201.956543 0.000000 1112.383057
26617.875000 1202.160156 0.000000 1112.490967
26621.750000 1202.363647 0.000000 1112.578979
26626.750000 1202.625122 0.000000 1112.687012
26630.875000 1202.828491 0.000000 1112.779053
26635.750000 1203.029297 0.000000 1112.883057
26639.250000 1203.232544 0.000000 1112.985962
26642.750000 1203.439941 0.000000 1113.087036
26646.000000 1203.651733 0.000000 1113.187012
26650.125000 1204.055664 0.000000 1113.389038
26653.125000 1204.256836 0.000000 1113.478027
26657.250000 1204.458252 0.000000 1113.583008
26665.875000 1204.659668 0.000000 1113.686035
26672.250000 1204.862549 0.000000 1113.784058
26677.125000 1205.067383 0.000000 1113.885986
26684.250000 1205.272949 0.000000 1113.984009
26689.125000 1205.474243 0.000000 1114.092041
26692.750000 1205.675537 0.000000 1114.181030
26695.000000 1205.876831 0.000000 1114.282959
26698.625000 1206.078125 0.000000 1114.383057
26701.375000 1206.279175 0.000000 1114.494995
26704.625000 1206.484741 0.000000 1114.589966
26707.125000 1206.685425 0.000000 1114.689941
26710.375000 1206.894775 0.000000 1114.787964
26715.375000 1207.103760 0.000000 1114.883057
26719.375000 1207.308838 0.000000 1114.989990
26722.250000 1207.308838 0.000000 1115.083008
26724.625000 1207.515991 0.000000 1115.183960
26728.250000 1207.717041 0.000000 1115.277954
26733.125000 1208.153564 0.000000 1115.410034
26736.875000 1208.153564 0.000000 1115.483032
26741.375000 1208.354858 0.000000 1115.583008
26747.875000 1208.560669 0.000000 1115.688965
26752.000000 1208.766357 0.000000 1115.782959
26755.750000 1208.971802 0.000000 1115.883057
26759.250000 1208.971802 0.000000 1115.987061
26762.375000 1209.203857 0.000000 1116.083984
26764.500000 1209.415771 0.000000 1116.185059
26768.625000 1209.847778 0.000000 1116.385986
26771.125000 1210.069092 0.000000 1116.490967
26774.875000 1210.274414 0.000000 1116.593018
26777.750000 1210.500977 0.000000 1116.691040
26782.625000 1210.701904 0.000000 1116.777954
26787.625000 1210.909302 0.000000 1116.890015
26790.875000 1211.112305 0.000000 1116.984009
26794.500000 1211.313232 0.000000 1117.089966
26798.250000 1211.522583 0.000000 1117.188965
26801.750000 1211.731812 0.000000 1117.282959
26806.750000 1211.935059 0.000000 1117.387939
26810.125000 1212.144165 0.000000 1117.488037
26814.250000 1212.347778 0.000000 1117.583984
26817.375000 1212.553223 0.000000 1117.696045
26820.375000 1212.754517 0.000000 1117.791016
26823.000000 1212.955688 0.000000 1117.890991
26831.625000 1212.955688 0.000000 1117.989990
26836.375000 1213.163574 0.000000 1118.083008
26842.875000 1213.342773 0.000000 1118.188965
26848.500000 1213.489502 0.000000 1118.282959
26852.750000 1213.602783 0.000000 1118.383057
26854.875000 1213.685303 0.000000 1118.483032
26886.000000 1213.730713 0.000000 1118.588013
26888.375000 1213.730713 0.000000 1118.683960
26889.625000 1213.743408 0.000000 1118.782959
26890.750000 1213.743408 0.000000 1118.891968
26891.625000 1213.743408 0.000000 1118.991943
26901.500000 1213.743408 0.000000 1119.092041
26904.250000 1213.743408 0.000000 1119.181030
26906.000000 1213.743408 0.000000 1119.281006
26906.750000 1213.743408 0.000000 1119.380981
26906.875000 1213.743408 0.000000 1119.489014
26908.125000 1213.750366 0.000000 1119.586060
26908.875000 1213.750366 0.000000 1119.687012
26910.000000 1213.750366 0.000000 1119.788940
26911.000000 1213.750366 0.000000 1119.887939
26911.875000 1213.971680 0.000000 1119.988037
26912.375000 1213.971680 0.000000 1120.081055
26913.000000 1214.172241 0.000000 1120.183960
26914.125000 1214.172241 0.000000 1120.281982
26915.375000 1214.374146 0.000000 1120.385986
26917.000000 1214.374146 0.000000 1120.482056
26917.750000 1214.581421 0.000000 1120.581055
26918.500000 1214.581421 0.000000 1120.686035
26919.875000 1214.794922 0.000000 1120.880981
26921.125000 1214.994995 0.000000 1120.980957
26922.375000 1215.223755 0.000000 1121.081055
26923.375000 1215.429199 0.000000 1121.185059
26924.375000 1215.644409 0.000000 1121.287964
26927.000000 1215.845581 0.000000 1121.387939
26930.875000 1216.072388 0.000000 1121.480957
26932.250000 1216.276855 0.000000 1121.588013
26933.125000 1216.484009 0.000000 1121.681030
26934.125000 1216.691040 0.000000 1121.788940
26935.375000 1216.896118 0.000000 1121.880981
26936.250000 1217.101196 0.000000 1121.988037
26937.250000 1217.302368 0.000000 1122.083984
26938.750000 1217.515747 0.000000 1122.183960
26939.625000 1217.724609 0.000000 1122.282959
26940.500000 1217.925659 0.000000 1122.383057
26942.875000 1218.127197 0.000000 1122.483032
26943.500000 1218.127197 0.000000 1122.581055
26944.375000 1218.336304 0.000000 1122.681030
26945.000000 1218.545654 0.000000 1122.781006
26945.500000 1218.787109 0.000000 1122.880981
26946.000000 1219.018433 0.000000 1122.982056
26947.125000 1219.453369 0.000000 1123.182007
26948.500000 1219.664429 0.000000 1123.286987
26949.625000 1219.897827 0.000000 1123.387939
26952.625000 1220.306763 0.000000 1123.582031
26954.000000 1220.306763 0.000000 1123.682007
26955.875000 1220.560913 0.000000 1123.786987
26957.250000 1221.025757 0.000000 1123.983032
26958.250000 1221.248169 0.000000 1124.086060
26961.250000 1221.438843 0.000000 1124.182983
26964.375000 1221.438843 0.000000 1124.284058
26966.250000 1221.637939 0.000000 1124.385986
26967.250000 1221.753296 0.000000 1124.483032
26969.125000 1221.838379 0.000000 1124.582031
26970.500000 1221.886841 0.000000 1124.691040
26972.125000 1221.902222 0.000000 1124.790039
26975.875000 1221.902222 0.000000 1124.881958
26976.750000 1221.902222 0.000000 1124.989990
26980.375000 1221.902222 0.000000 1125.083008
26984.250000 1221.902222 0.000000 1125.202026
26984.500000 1221.902222 0.000000 1125.284058
26985.375000 1221.902222 0.000000 1125.394043
26990.125000 1221.902466 0.000000 1125.489014
26990.500000 1221.914795 0.000000 1125.683960
26991.125000 1221.914795 0.000000 1125.786011
26991.500000 1221.914795 0.000000 1125.880981
26991.500000 1221.987183 0.000000 1125.980957
26992.125000 1221.987183 0.000000 1126.081055
26992.375000 1222.044189 0.000000 1126.193970
26992.500000 1222.044189 0.000000 1126.284058
26992.750000 1222.044189 0.000000 1126.390991
26996.875000 1222.163696 0.000000 1126.487061
26997.000000 1222.163696 0.000000 1126.587036
26997.500000 1222.163696 0.000000 1126.697021
26997.875000 1222.393799 0.000000 1126.798950
26998.625000 1222.598633 0.000000 1126.889038
27000.125000 1222.598633 0.000000 1126.989014
27006.625000 1222.793213 0.000000 1127.093018
27007.750000 1222.919189 0.000000 1127.187988
27008.000000 1223.018921 0.000000 1127.291016
27010.375000 1223.074341 0.000000 1127.386963
27012.125000 1223.074341 0.000000 1127.489990
27013.000000 1223.099121 0.000000 1127.588989
27013.750000 1223.099121 0.000000 1127.689941
27015.125000 1223.099121 0.000000 1127.788940
27016.125000 1223.099121 0.000000 1127.889038
27017.125000 1223.099121 0.000000 1127.984009
27017.375000 1223.099121 0.000000 1128.088989
27018.125000 1223.099121 0.000000 1128.284058
27018.750000 1223.099121 0.000000 1128.386963
27019.500000 1223.099243 0.000000 1128.487061
27019.750000 1223.099243 0.000000 1128.588989
27020.375000 1223.102661 0.000000 1128.688965
27020.375000 1223.102661 0.000000 1128.786987
27020.500000 1223.102661 0.000000 1128.886963
27020.750000 1223.148560 0.000000 1128.993042
27020.750000 1223.148560 0.000000 1129.087036
27021.250000 1223.148560 0.000000 1129.187012
27021.750000 1223.357300 0.000000 1129.296997
27027.500000 1223.731567 0.000000 1129.500000
27027.750000 1223.731567 0.000000 1129.587036
27027.875000 1223.956421 0.000000 1129.687012
27028.625000 1224.161865 0.000000 1129.786987
27029.000000 1224.363159 0.000000 1129.884033
27029.500000 1224.566284 0.000000 1129.989014
27030.875000 1224.775635 0.000000 1130.086060
27031.875000 1224.984619 0.000000 1130.197998
27032.875000 1225.191650 0.000000 1130.291016
27034.500000 1225.410889 0.000000 1130.390015
27036.500000 1225.620483 0.000000 1130.499023
27038.000000 1225.620483 0.000000 1130.588989
27039.250000 1225.892090 0.000000 1130.688965
27040.250000 1226.093140 0.000000 1130.784058
27040.875000 1226.296143 0.000000 1130.890015
27042.250000 1226.497681 0.000000 1130.987061
27043.625000 1226.708984 0.000000 1131.084961
27044.875000 1226.952515 0.000000 1131.187988
27045.625000 1227.183838 0.000000 1131.286987
27047.125000 1227.393433 0.000000 1131.395996
27049.250000 1227.594849 0.000000 1131.484985
27049.875000 1227.795776 0.000000 1131.594971
27051.500000 1227.999512 0.000000 1131.691040
27052.875000 1228.208740 0.000000 1131.790039
27054.375000 1228.410278 0.000000 1131.885010
27076.000000 1228.611694 0.000000 1131.984985
27081.625000 1228.611694 0.000000 1132.089966
27086.000000 1228.832886 0.000000 1132.185059
27089.750000 1229.020752 0.000000 1132.291016
27091.750000 1229.020752 0.000000 1132.406006
27092.875000 1229.185913 0.000000 1132.484985
27094.875000 1229.185913 0.000000 1132.589966
27096.000000 1229.335205 0.000000 1132.693970
27097.375000 1229.335205 0.000000 1132.790039
27098.875000 1229.335205 0.000000 1132.895020
27100.250000 1229.335205 0.000000 1132.989990
27104.250000 1229.335205 0.000000 1133.087036
27105.500000 1229.544800 0.000000 1133.192017
27107.125000 1229.544800 0.000000 1133.285034
27107.625000 1229.544800 0.000000 1133.390991
27108.625000 1229.722046 0.000000 1133.490967
27109.625000 1229.722046 0.000000 1133.599976
27110.625000 1229.923828 0.000000 1133.694946
27111.000000 1230.130981 0.000000 1133.800049
27112.000000 1230.336914 0.000000 1133.900024
27112.750000 1230.336914 0.000000 1133.989990
27113.375000 1230.614380 0.000000 1134.088013
27115.250000 1230.855835 0.000000 1134.182983
27116.000000 1231.067261 0.000000 1134.287964
27117.125000 1231.268433 0.000000 1134.387939
27120.500000 1231.477905 0.000000 1134.488037
27121.250000 1231.680542 0.000000 1134.588013
27122.250000 1231.881958 0.000000 1134.687988
27123.250000 1232.090820 0.000000 1134.791992
27124.500000 1232.299927 0.000000 1134.885986
27125.500000 1232.501343 0.000000 1134.987061
27126.875000 1232.706909 0.000000 1135.095947
27127.625000 1232.914307 0.000000 1135.191040
27128.000000 1233.115723 0.000000 1135.291016
27131.250000 1233.316895 0.000000 1135.395996
27131.750000 1233.522095 0.000000 1135.495972
27132.625000 1233.722168 0.000000 1135.595947
27133.875000 1233.931152 0.000000 1135.699951
27135.250000 1234.340088 0.000000 1135.902954
27136.125000 1234.545898 0.000000 1136.000000
27138.000000 1234.755737 0.000000 1136.104004
27139.250000 1234.755737 0.000000 1136.198975
27139.750000 1235.007446 0.000000 1136.298950
27142.125000 1235.412109 0.000000 1136.499023
27143.375000 1235.620850 0.000000 1136.604980
27144.250000 1235.822266 0.000000 1136.712036
27146.750000 1236.023560 0.000000 1136.800049
27148.875000 1236.230469 0.000000 1136.895996
27150.875000 1236.440308 0.000000 1137.000000
27156.250000 1236.845825 0.000000 1137.196045
27157.500000 1237.052368 0.000000 1137.305054
27159.875000 1237.458862 0.000000 1137.500977
27163.375000 1237.659668 0.000000 1137.604004
27170.625000 1238.066650 0.000000 1137.802979
27175.375000 1238.274048 0.000000 1137.906006
27183.750000 1238.479736 0.000000 1138.005981
27192.250000 1238.479736 0.000000 1138.103027
27198.000000 1238.690918 0.000000 1138.196045
27218.625000 1238.846069 0.000000 1138.296021
27227.375000 1238.973633 0.000000 1138.395996
27231.250000 1239.061768 0.000000 1138.501953
27237.250000 1239.117676 0.000000 1138.701050
27242.625000 1239.142944 0.000000 1138.801025
27246.125000 1239.142944 0.000000 1138.904053
27251.625000 1239.142944 0.000000 1138.996948
27254.500000 1239.142944 0.000000 1139.097046
27255.000000 1239.142944 0.000000 1139.197021
27256.500000 1239.142944 0.000000 1139.302979
27259.000000 1239.143188 0.000000 1139.407959
27261.125000 1239.143188 0.000000 1139.496948
27263.000000 1239.150024 0.000000 1139.597046
27264.875000 1239.150024 0.000000 1139.702026
27266.125000 1239.150024 0.000000 1139.892944
27267.750000 1239.277100 0.000000 1139.998047
27269.375000 1239.277100 0.000000 1140.098022
27270.875000 1239.488159 0.000000 1140.203003
27273.875000 1239.488159 0.000000 1140.297974
27275.750000 1239.727905 0.000000 1140.397949
27280.750000 1240.178223 0.000000 1140.593994
27283.625000 1240.381348 0.000000 1140.702026
27285.625000 1240.582642 0.000000 1140.797974
27288.125000 1240.783691 0.000000 1140.897949
27310.500000 1240.987061 0.000000 1140.998047
27329.000000 1241.179077 0.000000 1141.107056
27335.750000 1241.179077 0.000000 1141.209961
27340.750000 1241.361206 0.000000 1141.308960
27346.000000 1241.584961 0.000000 1141.505005
27350.000000 1241.636230 0.000000 1141.609985
27366.375000 1241.636230 0.000000 1141.704956
27367.750000 1241.654297 0.000000 1141.805054
27382.125000 1241.654297 0.000000 1141.905029
27384.125000 1241.654297 0.000000 1142.000000
27415.500000 1241.654297 0.000000 1142.099976
27418.500000 1241.654297 0.000000 1142.194946
27421.750000 1241.654297 0.000000 1142.305054
27424.375000 1241.654297 0.000000 1142.400024
27426.000000 1241.654297 0.000000 1142.500000
27428.000000 1241.654297 0.000000 1142.599976
27428.875000 1241.654297 0.000000 1142.701050
27433.500000 1241.654297 0.000000 1142.800049
27497.375000 1241.654297 0.000000 1142.913940
27498.875000 1241.654297 0.000000 1143.104004
27501.000000 1241.654297 0.000000 1143.209961
27501.625000 1241.654297 0.000000 1143.305054
27501.875000 1241.861450 0.000000 1143.410034
27503.250000 1242.068115 0.000000 1143.510010
27509.750000 1242.068115 0.000000 1143.608032
27510.750000 1242.277954 0.000000 1143.703003
27512.375000 1242.487427 0.000000 1143.811035
27514.875000 1242.911133 0.000000 1144.005981
27519.625000 1243.111084 0.000000 1144.099976
27524.500000 1243.111084 0.000000 1144.201050
27528.125000 1243.301392 0.000000 1144.308960
27532.000000 1243.473267 0.000000 1144.407959
27536.875000 1243.615479 0.000000 1144.506958
27539.625000 1243.697266 0.000000 1144.609985
27542.875000 1243.745239 0.000000 1144.709961
27545.375000 1243.745239 0.000000 1144.810059
27548.250000 1243.760376 0.000000 1144.910034
27550.625000 1243.760376 0.000000 1145.010010
27553.625000 1243.760376 0.000000 1145.109985
27565.250000 1243.760376 0.000000 1145.209961
27571.375000 1243.760376 0.000000 1145.310059
27572.750000 1243.760376 0.000000 1145.415039
27584.375000 1243.760376 0.000000 1145.501953
27585.000000 1243.760498 0.000000 1145.607056
27585.500000 1243.760498 0.000000 1145.702026
27585.875000 1243.760498 0.000000 1145.803955
27586.250000 1243.775635 0.000000 1145.901978
27586.875000 1243.775635 0.000000 1146.001953
27588.125000 1243.812622 0.000000 1146.102051
27589.125000 1243.812622 0.000000 1146.202026
27590.875000 1243.812622 0.000000 1146.302002
27591.625000 1244.014771 0.000000 1146.401978
27592.375000 1244.014771 0.000000 1146.501953
27593.750000 1244.221313 0.000000 1146.604980
27595.000000 1244.427124 0.000000 1146.702026
27596.500000 1244.628784 0.000000 1146.802002
27597.125000 1244.835815 0.000000 1146.909058
27597.500000 1245.238403 0.000000 1147.102051
27598.250000 1245.442139 0.000000 1147.203979
27599.625000 1245.643311 0.000000 1147.302979
27601.500000 1245.844971 0.000000 1147.407959
27605.375000 1246.054565 0.000000 1147.598022
27607.250000 1246.261475 0.000000 1147.703003
27608.125000 1246.517822 0.000000 1147.807983
27609.250000 1246.749268 0.000000 1147.902954
27610.125000 1247.008301 0.000000 1148.017944
27611.625000 1247.211304 0.000000 1148.114014
27612.875000 1247.416504 0.000000 1148.211060
27613.375000 1247.619751 0.000000 1148.317017
27614.500000 1247.820679 0.000000 1148.411987
27615.000000 1248.021240 0.000000 1148.511963
27616.000000 1248.224609 0.000000 1148.604980
27616.750000 1248.425781 0.000000 1148.703003
27617.625000 1248.626831 0.000000 1148.807983
27618.250000 1248.828369 0.000000 1148.902954
27619.375000 1249.029663 0.000000 1149.008057
27620.000000 1249.230835 0.000000 1149.103027
27620.875000 1249.432007 0.000000 1149.208008
27621.250000 1249.633301 0.000000 1149.307983
27622.125000 1249.834717 0.000000 1149.405029
27623.125000 1250.036011 0.000000 1149.508057
27636.500000 1250.236938 0.000000 1149.619995
27637.000000 1250.644287 0.000000 1149.807007
27637.250000 1250.845459 0.000000 1149.910034
27637.875000 1251.255981 0.000000 1150.107056
27638.500000 1251.459351 0.000000 1150.208008
27638.875000 1251.459351 0.000000 1150.303955
27639.000000 1251.668701 0.000000 1150.405029
27639.250000 1251.876221 0.000000 1150.505981
27639.500000 1252.077637 0.000000 1150.604980
27639.875000 1252.288696 0.000000 1150.706055
27640.500000 1252.528442 0.000000 1150.810059
27641.000000 1252.731445 0.000000 1150.911987
27641.750000 1252.946533 0.000000 1151.005005
27642.625000 1253.153809 0.000000 1151.099976
27643.625000 1253.354736 0.000000 1151.211060
27644.625000 1253.558228 0.000000 1151.311035
27645.625000 1253.787598 0.000000 1151.406982
27646.375000 1254.040771 0.000000 1151.516968
27647.250000 1254.452881 0.000000 1151.701050
27647.875000 1254.654053 0.000000 1151.808960
27648.875000 1254.855103 0.000000 1151.906006
27649.625000 1255.056519 0.000000 1152.005981
27650.375000 1255.257568 0.000000 1152.105957
27651.250000 1255.464600 0.000000 1152.208984
27652.125000 1255.666016 0.000000 1152.303955
27653.000000 1255.867310 0.000000 1152.406982
27653.625000 1256.067383 0.000000 1152.509033
27654.000000 1256.268311 0.000000 1152.609009
27654.625000 1256.477051 0.000000 1152.703003
27655.250000 1256.678101 0.000000 1152.802979
27655.875000 1256.881348 0.000000 1152.904053
27656.375000 1257.082520 0.000000 1153.004028
27656.375000 1257.287598 0.000000 1153.109009
27656.875000 1257.493042 0.000000 1153.208008
27657.375000 1257.493042 0.000000 1153.303955
27657.500000 1257.696899 0.000000 1153.404053
27657.750000 1257.918091 0.000000 1153.514038
27657.875000 1258.119385 0.000000 1153.608032
27658.125000 1258.340454 0.000000 1153.703979
27659.125000 1258.567627 0.000000 1153.817017
27659.375000 1258.773071 0.000000 1153.904053
27659.750000 1258.978271 0.000000 1154.010986
27660.125000 1259.209595 0.000000 1154.110962
27660.375000 1259.410889 0.000000 1154.203979
27660.500000 1259.617798 0.000000 1154.313965
27660.875000 1259.819092 0.000000 1154.425049
27661.750000 1260.020752 0.000000 1154.505005
27662.125000 1260.276123 0.000000 1154.616943
27662.750000 1260.477295 0.000000 1154.712036
27662.875000 1260.678589 0.000000 1154.812012
27662.875000 1260.880005 0.000000 1154.910034
27663.125000 1261.085083 0.000000 1155.010986
27664.000000 1261.296631 0.000000 1155.119019
27664.500000 1261.497925 0.000000 1155.218994
27664.750000 1261.705078 0.000000 1155.308960
27665.125000 1261.908203 0.000000 1155.410034
27665.375000 1262.113525 0.000000 1155.508057
27665.875000 1262.320312 0.000000 1155.608032
27666.625000 1262.521729 0.000000 1155.713013
27667.000000 1262.725098 0.000000 1155.808960
27668.250000 1262.927856 0.000000 1155.910034
27668.500000 1262.927856 0.000000 1156.008057
27668.625000 1263.338135 0.000000 1156.203003
27669.000000 1263.772827 0.000000 1156.415039
27673.125000 1264.182129 0.000000 1156.614014
27673.750000 1264.386597 0.000000 1156.718994
27674.000000 1264.797607 0.000000 1156.916992
27674.250000 1265.004272 0.000000 1157.011963
27674.875000 1265.204956 0.000000 1157.107056
27675.375000 1265.416016 0.000000 1157.207031
27678.000000 1265.818604 0.000000 1157.406982
27682.000000 1266.019531 0.000000 1157.511963
27684.375000 1266.220337 0.000000 1157.616943
27688.000000 1266.622559 0.000000 1157.807007
27690.125000 1266.825928 0.000000 1157.907959
27691.500000 1267.029175 0.000000 1158.016968
27694.750000 1267.238647 0.000000 1158.108032
27697.625000 1267.661377 0.000000 1158.312988
27700.250000 1267.862549 0.000000 1158.407959
27702.375000 1268.088501 0.000000 1158.510986
27704.750000 1268.311279 0.000000 1158.634033
27707.625000 1268.719727 0.000000 1158.813965
27709.375000 1268.922729 0.000000 1158.910034
27711.625000 1269.123779 0.000000 1159.015991
27713.875000 1269.324951 0.000000 1159.114014
27715.375000 1269.527832 0.000000 1159.204956
27717.000000 1269.739258 0.000000 1159.310059
27718.500000 1269.942627 0.000000 1159.407959
27721.125000 1270.143066 0.000000 1159.511963
27722.750000 1270.346069 0.000000 1159.609009
27724.500000 1270.547485 0.000000 1159.708984
27726.375000 1270.748779 0.000000 1159.810059
27728.500000 1270.954346 0.000000 1159.911987
27730.500000 1271.356567 0.000000 1160.110962
27732.125000 1271.567871 0.000000 1160.220947
27733.875000 1271.982910 0.000000 1160.416992
27737.375000 1271.982910 0.000000 1160.510986
27739.250000 1272.189453 0.000000 1160.610962
27740.750000 1272.395264 0.000000 1160.717041
27743.375000 1272.686768 0.000000 1160.843018
27744.625000 1272.891724 0.000000 1160.907959
27746.250000 1273.092896 0.000000 1161.012939
27747.750000 1273.304443 0.000000 1161.113037
27749.375000 1273.515869 0.000000 1161.208008
27751.875000 1273.718994 0.000000 1161.312988
27753.500000 1273.927856 0.000000 1161.412964
27764.750000 1274.129028 0.000000 1161.530029
27766.875000 1274.330933 0.000000 1161.621948
27769.000000 1274.539917 0.000000 1161.711060
27770.750000 1274.749023 0.000000 1161.810059
27772.750000 1274.954102 0.000000 1161.916992
27775.125000 1275.161255 0.000000 1162.010010
27776.750000 1275.370239 0.000000 1162.114014
27778.125000 1275.370239 0.000000 1162.209961
27779.500000 1275.633911 0.000000 1162.310059
27780.750000 1275.835205 0.000000 1162.410034
27782.375000 1276.245605 0.000000 1162.609985
27783.625000 1276.452759 0.000000 1162.722046
27785.250000 1276.861084 0.000000 1162.913940
27787.375000 1277.070312 0.000000 1163.015991
27788.875000 1277.271484 0.000000 1163.114014
27790.375000 1277.532959 0.000000 1163.208984
27791.875000 1277.734375 0.000000 1163.308960
27793.500000 1277.935303 0.000000 1163.409058
27802.625000 1278.143311 0.000000 1163.520996
27803.125000 1278.551270 0.000000 1163.708984
27804.750000 1278.754150 0.000000 1163.817017
27806.000000 1278.754150 0.000000 1163.916016
27806.625000 1278.957886 0.000000 1164.017944
27806.875000 1279.162598 0.000000 1164.118042
27807.375000 1279.162598 0.000000 1164.218018
27807.625000 1279.162598 0.000000 1164.311035
27807.875000 1279.162598 0.000000 1164.409058
27808.000000 1279.363403 0.000000 1164.515991
27808.000000 1279.363403 0.000000 1164.609985
27808.000000 1279.363403 0.000000 1164.704956
27808.000000 1279.363403 0.000000 1164.810059
27808.000000 1279.363403 0.000000 1164.916016
27808.000000 1279.363403 0.000000 1165.011963
27808.000000 1279.363403 0.000000 1165.110962
27808.125000 1279.363403 0.000000 1165.218018
27808.125000 1279.363403 0.000000 1165.312012
27808.125000 1279.363403 0.000000 1165.412964
27808.125000 1279.363403 0.000000 1165.512939
27808.125000 1279.363403 0.000000 1165.605957
27808.125000 1279.363403 0.000000 1165.714966
27808.125000 1279.363403 0.000000 1165.807983
27808.125000 1279.363403 0.000000 1165.907959
27808.125000 1279.363403 0.000000 1166.016968
27808.125000 1279.363403 0.000000 1166.116943
27808.125000 1279.363403 0.000000 1166.217041
27808.125000 1279.363403 0.000000 1166.317017
27808.125000 1279.363403 0.000000 1166.416992
27808.125000 1279.363403 0.000000 1166.516968
27808.125000 1279.363403 0.000000 1166.603027
27808.125000 1279.363403 0.000000 1166.713989
27808.125000 1279.363403 0.000000 1166.812988
27808.125000 1279.363403 0.000000 1166.917969
27808.125000 1279.363403 0.000000 1167.008057
27808.125000 1279.363403 0.000000 1167.109985
27808.125000 1279.363403 0.000000 1167.209961
27808.125000 1279.363403 0.000000 1167.310059
27808.125000 1279.363403 0.000000 1167.410034
27808.125000 1279.363403 0.000000 1167.510010
27808.125000 1279.363403 0.000000 1167.604980
27808.125000 1279.363403 0.000000 1167.709961
27808.125000 1279.363403 0.000000 1167.811035
27808.125000 1279.363403 0.000000 1167.910034
27808.125000 1279.363403 0.000000 1168.010010
27808.125000 1279.363403 0.000000 1168.109985
27808.125000 1279.363403 0.000000 1168.218994
27808.125000 1279.363403 0.000000 1168.418945
27808.125000 1279.363403 0.000000 1168.511963
27808.125000 1279.363403 0.000000 1168.608032
27808.125000 1279.363403 0.000000 1168.718018
27808.125000 1279.363403 0.000000 1168.807007
27808.125000 1279.363403 0.000000 1168.911987
27808.125000 1279.363403 0.000000 1169.016968
27808.125000 1279.363403 0.000000 1169.115967
27808.125000 1279.363403 0.000000 1169.212036
27808.125000 1279.363403 0.000000 1169.312012
27808.125000 1279.363403 0.000000 1169.411987
27808.125000 1279.363403 0.000000 1169.515015
27808.125000 1279.363403 0.000000 1169.715942
27808.125000 1279.363403 0.000000 1169.817993
27808.125000 1279.363403 0.000000 1169.918945
27808.125000 1279.363403 0.000000 1170.114014
27808.125000 1279.363403 0.000000 1170.213989
27808.125000 1279.363403 0.000000 1170.314941
27808.125000 1279.363403 0.000000 1170.418945
27808.125000 1279.363403 0.000000 1170.620972
27808.125000 1279.363403 0.000000 1170.813965
27808.125000 1279.363403 0.000000 1170.913940
27808.125000 1279.363403 0.000000 1171.014038
27808.125000 1279.363403 0.000000 1171.114014
27808.125000 1279.363403 0.000000 1171.316040
27808.125000 1279.363403 0.000000 1171.413940
27808.125000 1279.363403 0.000000 1171.514038
27808.125000 1279.363403 0.000000 1171.610962
27808.250000 1279.363403 0.000000 1171.718994
27808.250000 1279.363403 0.000000 1171.818970
27808.250000 1279.363403 0.000000 1171.920044
27808.250000 1279.363403 0.000000 1172.015015
27808.250000 1279.363403 0.000000 1172.109985
27808.250000 1279.363403 0.000000 1172.223999
27808.250000 1279.363403 0.000000 1172.318970
27808.250000 1279.363403 0.000000 1172.406982
27808.250000 1279.363403 0.000000 1172.510010
27808.250000 1279.363403 0.000000 1172.610962
27808.250000 1279.363403 0.000000 1172.720947
27808.250000 1279.363403 0.000000 1172.911011
27808.250000 1279.363403 0.000000 1173.016968
27808.250000 1279.363403 0.000000 1173.114014
27808.250000 1279.363403 0.000000 1173.213013
27808.250000 1279.363403 0.000000 1173.412964
27808.250000 1279.363403 0.000000 1173.512939
27808.250000 1279.363403 0.000000 1173.613037
27808.250000 1279.363403 0.000000 1173.713013
27808.250000 1279.363403 0.000000 1173.817017
27808.250000 1279.363403 0.000000 1173.918945
27808.250000 1279.363403 0.000000 1174.020020
27808.250000 1279.363403 0.000000 1174.119995
27808.250000 1279.363403 0.000000 1174.224976
27808.250000 1279.363403 0.000000 1174.420044
27808.250000 1279.363403 0.000000 1174.522949
27808.250000 1279.363403 0.000000 1174.623047
27808.250000 1279.363403 0.000000 1174.725952
27808.250000 1279.363403 0.000000 1174.921997
27808.250000 1279.363403 0.000000 1175.012939
27808.250000 1279.363403 0.000000 1175.109009
27808.250000 1279.363403 0.000000 1175.213013
27808.250000 1279.363403 0.000000 1175.319946
27808.250000 1279.363403 0.000000 1175.412964
27808.250000 1279.363403 0.000000 1175.514038
27808.250000 1279.363403 0.000000 1175.609985
27808.250000 1279.363403 0.000000 1175.709961
27808.250000 1279.363403 0.000000 1175.810059
27808.250000 1279.363403 0.000000 1175.911011
27808.250000 1279.363403 0.000000 1176.031982
27808.250000 1279.363403 0.000000 1176.209961
27808.250000 1279.363403 0.000000 1176.314941
27808.250000 1279.363403 0.000000 1176.415039
27808.250000 1279.363403 0.000000 1176.510010
27808.250000 1279.363403 0.000000 1176.609985
27808.250000 1279.363403 0.000000 1176.812988
27808.250000 1279.363403 0.000000 1176.911011
27808.250000 1279.363403 0.000000 1177.010986
27808.250000 1279.363403 0.000000 1177.112061
27808.250000 1279.363403 0.000000 1177.213013
27808.250000 1279.363403 0.000000 1177.312988
27808.250000 1279.363403 0.000000 1177.412964
27808.250000 1279.363403 0.000000 1177.514038
27808.250000 1279.363403 0.000000 1177.613037
27808.250000 1279.363403 0.000000 1177.712036
27808.250000 1279.363403 0.000000 1177.812012
27808.250000 1279.363403 0.000000 1177.911987
27808.250000 1279.363403 0.000000 1178.011963
27808.250000 1279.363403 0.000000 1178.112061
27808.250000 1279.363403 0.000000 1178.213013
27808.250000 1279.363403 0.000000 1178.313965
27808.250000 1279.363403 0.000000 1178.417969
27808.250000 1279.363403 0.000000 1178.509033
27808.250000 1279.363403 0.000000 1178.614014
27808.250000 1279.363403 0.000000 1178.713989
27808.250000 1279.363403 0.000000 1178.813965
27808.250000 1279.363403 0.000000 1178.913940
27808.250000 1279.363403 0.000000 1179.022949
27808.250000 1279.363403 0.000000 1179.123047
27808.250000 1279.363403 0.000000 1179.218018
27808.250000 1279.363403 0.000000 1179.317993
27808.250000 1279.363403 0.000000 1179.422974
27808.250000 1279.363403 0.000000 1179.514038
27808.250000 1279.363403 0.000000 1179.614014
27808.250000 1279.363403 0.000000 1179.708984
27808.250000 1279.363403 0.000000 1179.819946
27808.250000 1279.363403 0.000000 1179.920044
27808.250000 1279.363403 0.000000 1180.016968
27808.250000 1279.363403 0.000000 1180.114990
27808.250000 1279.363403 0.000000 1180.328003
27808.250000 1279.363403 0.000000 1180.422974
27808.250000 1279.363403 0.000000 1180.522949
27808.250000 1279.363403 0.000000 1180.623047
27808.250000 1279.363403 0.000000 1180.723022
27808.250000 1279.363403 0.000000 1180.814941
27808.250000 1279.363403 0.000000 1180.909058
27808.250000 1279.363403 0.000000 1181.015015
27808.250000 1279.363403 0.000000 1181.109985
27808.250000 1279.363403 0.000000 1181.212036
27808.250000 1279.363403 0.000000 1181.321045
27808.250000 1279.363403 0.000000 1181.413940
27808.250000 1279.363403 0.000000 1181.509033
27808.250000 1279.363403 0.000000 1181.614014
27808.250000 1279.363403 0.000000 1181.714966
27808.250000 1279.363403 0.000000 1181.813965
27808.250000 1279.363403 0.000000 1181.921021
27808.250000 1279.363403 0.000000 1182.014038
27808.250000 1279.363403 0.000000 1182.116943
27808.250000 1279.363403 0.000000 1182.213989
27808.250000 1279.363403 0.000000 1182.310059
27808.250000 1279.363403 0.000000 1182.420044
27808.250000 1279.363403 0.000000 1182.517944
27808.250000 1279.363403 0.000000 1182.614990
27808.250000 1279.363403 0.000000 1182.714966
27808.250000 1279.363403 0.000000 1182.810059
27808.250000 1279.363403 0.000000 1182.910034
27808.250000 1279.363403 0.000000 1183.015015
27808.250000 1279.363403 0.000000 1183.130005
27808.250000 1279.363403 0.000000 1183.314941
27808.250000 1279.363403 0.000000 1183.416016
27808.250000 1279.363403 0.000000 1183.516968
27808.250000 1279.363403 0.000000 1183.614990
27808.250000 1279.363403 0.000000 1183.717041
27808.250000 1279.363403 0.000000 1183.821045
27808.250000 1279.363403 0.000000 1183.916016
27808.250000 1279.363403 0.000000 1184.015015
27808.250000 1279.363403 0.000000 1184.112061
27808.250000 1279.363403 0.000000 1184.224976
27808.250000 1279.363403 0.000000 1184.311035
27808.250000 1279.363403 0.000000 1184.411987
27808.250000 1279.363403 0.000000 1184.510986
27808.250000 1279.363403 0.000000 1184.612061
27808.250000 1279.363403 0.000000 1184.712036
27808.250000 1279.363403 0.000000 1184.816040
27808.250000 1279.363403 0.000000 1184.921021
27808.250000 1279.363403 0.000000 1185.020996
27808.250000 1279.363403 0.000000 1185.120972
27808.250000 1279.363403 0.000000 1185.218018
27808.250000 1279.363403 0.000000 1185.317993
27808.250000 1279.363403 0.000000 1185.417969
27808.250000 1279.363403 0.000000 1185.510986
27808.250000 1279.363403 0.000000 1185.610962
27808.250000 1279.363403 0.000000 1185.713013
27808.250000 1279.363403 0.000000 1185.812988
27808.250000 1279.363403 0.000000 1185.917969
27808.250000 1279.363403 0.000000 1186.017944
27808.250000 1279.363403 0.000000 1186.123047
27808.250000 1279.363403 0.000000 1186.218018
27808.250000 1279.363403 0.000000 1186.317993
27808.250000 1279.363403 0.000000 1186.512939
27808.250000 1279.363403 0.000000 1186.618042
27808.250000 1279.363403 0.000000 1186.718018
27808.250000 1279.363403 0.000000 1186.818970
27808.250000 1279.363403 0.000000 1186.921021
27808.250000 1279.363403 0.000000 1187.025024
27808.250000 1279.363403 0.000000 1187.118042
27808.250000 1279.363403 0.000000 1187.327026
27808.250000 1279.363403 0.000000 1187.417969
27808.250000 1279.363403 0.000000 1187.512939
27808.250000 1279.363403 0.000000 1187.618042
27808.250000 1279.363403 0.000000 1187.718018
27808.250000 1279.363403 0.000000 1187.818970
27808.250000 1279.363403 0.000000 1187.917969
27808.250000 1279.363403 0.000000 1188.019043
27808.250000 1279.363403 0.000000 1188.118042
27808.250000 1279.363403 0.000000 1188.224976
27808.250000 1279.363403 0.000000 1188.327026
27808.250000 1279.363403 0.000000 1188.427002
27808.250000 1279.363403 0.000000 1188.526978
27808.250000 1279.363403 0.000000 1188.631958
27808.250000 1279.363403 0.000000 1188.827026
27808.250000 1279.363403 0.000000 1188.927002
27808.250000 1279.363403 0.000000 1189.031982
27808.250000 1279.363403 0.000000 1189.126953
27808.250000 1279.363403 0.000000 1189.224976
27808.250000 1279.363403 0.000000 1189.322021
27808.250000 1279.363403 0.000000 1189.423950
27808.250000 1279.363403 0.000000 1189.524048
27808.250000 1279.363403 0.000000 1189.623047
27808.250000 1279.363403 0.000000 1189.718018
27808.250000 1279.363403 0.000000 1189.921997
27808.250000 1279.363403 0.000000 1190.112061
27808.250000 1279.363403 0.000000 1190.217041
27808.250000 1279.363403 0.000000 1190.411987
27808.250000 1279.363403 0.000000 1190.521973
27808.250000 1279.363403 0.000000 1190.625000
27808.250000 1279.363403 0.000000 1190.826050
27808.250000 1279.363403 0.000000 1190.916992
27808.250000 1279.363403 0.000000 1191.019043
27808.250000 1279.363403 0.000000 1191.125000
27808.250000 1279.363403 0.000000 1191.224976
27808.250000 1279.363403 0.000000 1191.324951
27808.250000 1279.363403 0.000000 1191.416992
27808.250000 1279.363403 0.000000 1191.519043
27808.250000 1279.363403 0.000000 1191.629028
27808.250000 1279.363403 0.000000 1191.734009
27808.250000 1279.363403 0.000000 1191.823975
27808.250000 1279.363403 0.000000 1191.916992
27808.250000 1279.363403 0.000000 1192.016968
27808.250000 1279.363403 0.000000 1192.121948
27808.250000 1279.363403 0.000000 1192.228027
27808.250000 1279.363403 0.000000 1192.317017
27808.250000 1279.363403 0.000000 1192.421997
27808.250000 1279.363403 0.000000 1192.516968
27808.250000 1279.363403 0.000000 1192.623047
27808.250000 1279.363403 0.000000 1192.824951
27808.250000 1279.363403 0.000000 1192.930054
27808.250000 1279.363403 0.000000 1193.019043
27808.250000 1279.363403 0.000000 1193.121948
27808.250000 1279.363403 0.000000 1193.222046
27808.250000 1279.363403 0.000000 1193.322021
27808.250000 1279.363403 0.000000 1193.422974
27808.250000 1279.363403 0.000000 1193.521973
27808.250000 1279.363403 0.000000 1193.621948
27808.250000 1279.363403 0.000000 1193.717041
27808.250000 1279.363403 0.000000 1193.822021
27808.250000 1279.363403 0.000000 1193.927002
27808.250000 1279.363403 0.000000 1194.026978
27808.250000 1279.363403 0.000000 1194.126953
27808.250000 1279.363403 0.000000 1194.223999
27808.250000 1279.363403 0.000000 1194.322021
27808.250000 1279.363403 0.000000 1194.421997
27808.250000 1279.363403 0.000000 1194.511963
27808.250000 1279.363403 0.000000 1194.616943
27808.250000 1279.363403 0.000000 1194.722046
27808.250000 1279.363403 0.000000 1194.822021
27808.250000 1279.363403 0.000000 1194.920044
27808.250000 1279.363403 0.000000 1195.024048
27808.250000 1279.363403 0.000000 1195.124023
27808.250000 1279.363403 0.000000 1195.229004
27808.250000 1279.363403 0.000000 1195.322998
27808.250000 1279.363403 0.000000 1195.428955
27808.250000 1279.363403 0.000000 1195.517944
27808.250000 1279.363403 0.000000 1195.619019
27808.250000 1279.363403 0.000000 1195.719971
27808.375000 1279.363403 0.000000 1195.817993
27808.375000 1279.363403 0.000000 1195.917969
27808.375000 1279.363403 0.000000 1196.025024
27808.375000 1279.363403 0.000000 1196.125000
27808.375000 1279.363403 0.000000 1196.225952
27808.375000 1279.363403 0.000000 1196.331055
27808.375000 1279.363403 0.000000 1196.418945
27808.375000 1279.363403 0.000000 1196.517944
27808.375000 1279.363403 0.000000 1196.623047
27808.375000 1279.363403 0.000000 1196.718018
27808.375000 1279.363403 0.000000 1196.828003
27808.375000 1279.363403 0.000000 1196.927979
27808.375000 1279.363403 0.000000 1197.027954
27808.375000 1279.363403 0.000000 1197.128052
27808.375000 1279.363403 0.000000 1197.228027
27808.375000 1279.363403 0.000000 1197.328003
27808.375000 1279.363403 0.000000 1197.427979
27808.375000 1279.363403 0.000000 1197.520020
27808.375000 1279.363403 0.000000 1197.620972
27808.375000 1279.363403 0.000000 1197.720947
27808.375000 1279.363403 0.000000 1197.831055
27808.375000 1279.363403 0.000000 1197.921021
27808.375000 1279.363403 0.000000 1198.026001
27808.375000 1279.363403 0.000000 1198.120972
27808.375000 1279.363403 0.000000 1198.220947
27808.375000 1279.363403 0.000000 1198.322998
27808.375000 1279.363403 0.000000 1198.421997
27808.375000 1279.363403 0.000000 1198.520996
27808.375000 1279.363403 0.000000 1198.620972
27808.375000 1279.363403 0.000000 1198.720947
27808.375000 1279.363403 0.000000 1198.821045
27808.375000 1279.363403 0.000000 1198.921021
27808.375000 1279.363403 0.000000 1199.016968
27808.375000 1279.363403 0.000000 1199.120972
27808.375000 1279.363403 0.000000 1199.220947
27808.375000 1279.363403 0.000000 1199.321045
27808.375000 1279.363403 0.000000 1199.421021
27808.375000 1279.363403 0.000000 1199.520996
27808.375000 1279.363403 0.000000 1199.620972
27808.375000 1279.363403 0.000000 1199.722046
27808.375000 1279.363403 0.000000 1199.834961
27808.375000 1279.363403 0.000000 1199.928955
27808.375000 1279.363403 0.000000 1200.020996
27808.375000 1279.363403 0.000000 1200.130005
27808.375000 1279.363403 0.000000 1200.229980
27808.375000 1279.363403 0.000000 1200.329956
27808.375000 1279.363403 0.000000 1200.435059
27808.375000 1279.363403 0.000000 1200.530029
27808.375000 1279.363403 0.000000 1200.630005
27808.375000 1279.363403 0.000000 1200.727051
27808.375000 1279.363403 0.000000 1200.829956
27808.375000 1279.363403 0.000000 1200.930054
27808.375000 1279.363403 0.000000 1201.030029
27808.375000 1279.363403 0.000000 1201.125977
27808.375000 1279.363403 0.000000 1201.220947
27808.375000 1279.363403 0.000000 1201.326050
27808.375000 1279.363403 0.000000 1201.421021
27808.375000 1279.363403 0.000000 1201.522949
27808.375000 1279.363403 0.000000 1201.619995
27808.375000 1279.363403 0.000000 1201.723022
27808.375000 1279.363403 0.000000 1201.822998
27808.375000 1279.363403 0.000000 1201.922974
27808.375000 1279.363403 0.000000 1202.022949
27808.375000 1279.363403 0.000000 1202.123047
27808.375000 1279.363403 0.000000 1202.218018
27808.375000 1279.363403 0.000000 1202.317993
27808.375000 1279.363403 0.000000 1202.422974
27808.375000 1279.363403 0.000000 1202.526001
27808.375000 1279.363403 0.000000 1202.618042
27808.375000 1279.363403 0.000000 1202.728027
27808.375000 1279.363403 0.000000 1202.828003
27808.375000 1279.363403 0.000000 1202.917969
27808.375000 1279.363403 0.000000 1203.024048
27808.375000 1279.363403 0.000000 1203.125000
27808.375000 1279.363403 0.000000 1203.219971
27808.375000 1279.363403 0.000000 1203.329956
27808.375000 1279.363403 0.000000 1203.431030
27808.375000 1279.363403 0.000000 1203.520020
27808.375000 1279.363403 0.000000 1203.619995
27808.375000 1279.363403 0.000000 1203.734009
27808.375000 1279.363403 0.000000 1203.828979
27808.375000 1279.363403 0.000000 1203.928955
27808.375000 1279.363403 0.000000 1204.020020
27808.375000 1279.363403 0.000000 1204.119995
27808.375000 1279.363403 0.000000 1204.220947
27808.375000 1279.363403 0.000000 1204.319946
27808.375000 1279.363403 0.000000 1204.420044
27808.375000 1279.363403 0.000000 1204.525024
27808.375000 1279.363403 0.000000 1204.619995
27808.375000 1279.363403 0.000000 1204.719971
27808.375000 1279.363403 0.000000 1204.824951
27808.375000 1279.363403 0.000000 1204.920044
27808.375000 1279.363403 0.000000 1205.025024
27808.375000 1279.363403 0.000000 1205.119995
27808.375000 1279.363403 0.000000 1205.222046
27808.375000 1279.363403 0.000000 1205.328003
27808.375000 1279.363403 0.000000 1205.421021
27808.375000 1279.363403 0.000000 1205.520996
27808.375000 1279.363403 0.000000 1205.619995
27808.375000 1279.363403 0.000000 1205.724976
27808.375000 1279.363403 0.000000 1205.829956
27808.375000 1279.363403 0.000000 1205.925049
27808.375000 1279.363403 0.000000 1206.020020
27808.375000 1279.363403 0.000000 1206.130005
27808.375000 1279.363403 0.000000 1206.222046
27808.375000 1279.363403 0.000000 1206.328979
27808.375000 1279.363403 0.000000 1206.428955
27808.375000 1279.363403 0.000000 1206.529053
27808.375000 1279.363403 0.000000 1206.625977
27808.375000 1279.363403 0.000000 1206.725952
27808.375000 1279.363403 0.000000 1206.828979
27808.375000 1279.363403 0.000000 1206.928955
27808.375000 1279.363403 0.000000 1207.029053
27808.375000 1279.363403 0.000000 1207.135010
27808.375000 1279.363403 0.000000 1207.222046
27808.375000 1279.363403 0.000000 1207.327026
27808.375000 1279.363403 0.000000 1207.422974
27808.375000 1279.363403 0.000000 1207.522949
27808.375000 1279.363403 0.000000 1207.621948
27808.375000 1279.363403 0.000000 1207.722046
27808.375000 1279.363403 0.000000 1207.827026
27808.375000 1279.363403 0.000000 1207.921997
27808.375000 1279.363403 0.000000 1208.021973
27808.375000 1279.363403 0.000000 1208.124023
27808.375000 1279.363403 0.000000 1208.222046
27808.375000 1279.363403 0.000000 1208.322021
27808.375000 1279.363403 0.000000 1208.421997
27808.375000 1279.363403 0.000000 1208.521973
27808.375000 1279.363403 0.000000 1208.625977
27808.375000 1279.363403 0.000000 1208.722046
27808.375000 1279.363403 0.000000 1208.816040
27808.375000 1279.363403 0.000000 1208.921997
27808.375000 1279.363403 0.000000 1209.020996
27808.375000 1279.363403 0.000000 1209.126953
27808.375000 1279.363403 0.000000 1209.220947
27808.375000 1279.363403 0.000000 1209.322021
27808.375000 1279.363403 0.000000 1209.421021
27808.375000 1279.363403 0.000000 1209.529053
27808.375000 1279.363403 0.000000 1209.629028
27808.375000 1279.363403 0.000000 1209.720947
27808.375000 1279.363403 0.000000 1209.821045
27808.375000 1279.363403 0.000000 1209.922974
27808.375000 1279.363403 0.000000 1210.022949
27808.375000 1279.363403 0.000000 1210.119019
27808.375000 1279.363403 0.000000 1210.224976
27808.375000 1279.363403 0.000000 1210.329956
27808.375000 1279.363403 0.000000 1210.430054
27808.375000 1279.363403 0.000000 1210.522949
27808.375000 1279.363403 0.000000 1210.630981
27808.375000 1279.363403 0.000000 1210.730957
27808.375000 1279.363403 0.000000 1210.826050
27808.375000 1279.363403 0.000000 1210.930054
27808.375000 1279.363403 0.000000 1211.030029
27808.375000 1279.363403 0.000000 1211.118042
27808.375000 1279.363403 0.000000 1211.228027
27808.375000 1279.363403 0.000000 1211.322998
27808.375000 1279.363403 0.000000 1211.422974
27808.375000 1279.363403 0.000000 1211.522949
27808.375000 1279.363403 0.000000 1211.626953
27808.375000 1279.363403 0.000000 1211.728027
27808.375000 1279.363403 0.000000 1211.828003
27808.375000 1279.363403 0.000000 1211.923950
27808.375000 1279.363403 0.000000 1212.017944
27808.375000 1279.363403 0.000000 1212.124023
27808.375000 1279.363403 0.000000 1212.218018
27808.375000 1279.363403 0.000000 1212.324951
27808.375000 1279.363403 0.000000 1212.422974
27808.375000 1279.363403 0.000000 1212.524048
27808.375000 1279.363403 0.000000 1212.629028
27808.375000 1279.363403 0.000000 1212.723022
27808.375000 1279.363403 0.000000 1212.823975
27808.375000 1279.363403 0.000000 1212.922974
27808.375000 1279.363403 0.000000 1213.029053
27808.375000 1279.363403 0.000000 1213.123047
27808.375000 1279.363403 0.000000 1213.229004
27808.375000 1279.363403 0.000000 1213.328979
27808.375000 1279.363403 0.000000 1213.417969
27808.375000 1279.363403 0.000000 1213.527954
27808.375000 1279.363403 0.000000 1213.619019
27808.375000 1279.363403 0.000000 1213.723022
27808.375000 1279.363403 0.000000 1213.831055
27808.375000 1279.363403 0.000000 1213.931030
27808.375000 1279.363403 0.000000 1214.031006
27808.375000 1279.363403 0.000000 1214.130981
27808.375000 1279.363403 0.000000 1214.230957
27808.375000 1279.363403 0.000000 1214.331055
27808.375000 1279.363403 0.000000 1214.427979
27808.375000 1279.363403 0.000000 1214.522949
27808.375000 1279.363403 0.000000 1214.623047
27808.375000 1279.363403 0.000000 1214.723022
27808.375000 1279.363403 0.000000 1214.826050
27808.375000 1279.363403 0.000000 1214.927002
27808.375000 1279.363403 0.000000 1215.021973
27808.375000 1279.363403 0.000000 1215.121948
27808.375000 1279.363403 0.000000 1215.228027
27808.375000 1279.363403 0.000000 1215.322021
27808.375000 1279.363403 0.000000 1215.422974
27808.375000 1279.363403 0.000000 1215.521973
27808.375000 1279.363403 0.000000 1215.623047
27808.375000 1279.363403 0.000000 1215.722046
27808.375000 1279.363403 0.000000 1215.822021
27808.375000 1279.363403 0.000000 1215.921997
27808.375000 1279.363403 0.000000 1216.021973
27808.375000 1279.363403 0.000000 1216.126953
27808.375000 1279.363403 0.000000 1216.222046
27808.375000 1279.363403 0.000000 1216.328979
27808.375000 1279.363403 0.000000 1216.421997
27808.375000 1279.363403 0.000000 1216.526978
27808.375000 1279.363403 0.000000 1216.625000
27808.375000 1279.363403 0.000000 1216.722046
27808.375000 1279.363403 0.000000 1216.822021
27808.375000 1279.363403 0.000000 1216.921997
27808.375000 1279.363403 0.000000 1217.021973
27808.375000 1279.363403 0.000000 1217.131958
27808.375000 1279.363403 0.000000 1217.229004
27808.375000 1279.363403 0.000000 1217.328979
27808.375000 1279.363403 0.000000 1217.423950
27808.375000 1279.363403 0.000000 1217.530029
27808.375000 1279.363403 0.000000 1217.625977
27808.375000 1279.363403 0.000000 1217.719971
27808.375000 1279.363403 0.000000 1217.823975
27808.375000 1279.363403 0.000000 1217.928955
27808.375000 1279.363403 0.000000 1218.024048
27808.375000 1279.363403 0.000000 1218.119019
27808.375000 1279.363403 0.000000 1218.223999
27808.375000 1279.363403 0.000000 1218.323975
27808.375000 1279.363403 0.000000 1218.423950
27808.375000 1279.363403 0.000000 1218.524048
27808.375000 1279.363403 0.000000 1218.624023
27808.375000 1279.363403 0.000000 1218.723999
27808.375000 1279.363403 0.000000 1218.823975
27808.375000 1279.363403 0.000000 1218.925049
27808.375000 1279.363403 0.000000 1219.022949
27808.375000 1279.363403 0.000000 1219.128052
27808.375000 1279.363403 0.000000 1219.218994
27808.375000 1279.363403 0.000000 1219.323975
27808.375000 1279.363403 0.000000 1219.428955
27808.375000 1279.363403 0.000000 1219.525024
27808.375000 1279.363403 0.000000 1219.624023
27808.375000 1279.363403 0.000000 1219.725952
27808.375000 1279.363403 0.000000 1219.819946
27808.375000 1279.363403 0.000000 1219.931030
27808.375000 1279.363403 0.000000 1220.025024
27808.375000 1279.363403 0.000000 1220.134033
27808.375000 1279.363403 0.000000 1220.234009
27808.375000 1279.363403 0.000000 1220.328979
27808.375000 1279.363403 0.000000 1220.433960
27808.375000 1279.363403 0.000000 1220.520996
27808.375000 1279.363403 0.000000 1220.619995
27808.375000 1279.363403 0.000000 1220.728027
27808.375000 1279.363403 0.000000 1220.821045
27808.375000 1279.363403 0.000000 1220.925049
27808.375000 1279.363403 0.000000 1221.029053
27808.375000 1279.363403 0.000000 1221.128052
27808.375000 1279.363403 0.000000 1221.233032
27808.375000 1279.363403 0.000000 1221.333008
27808.375000 1279.363403 0.000000 1221.432983
27808.375000 1279.363403 0.000000 1221.520020
27808.375000 1279.363403 0.000000 1221.631958
27808.375000 1279.363403 0.000000 1221.724976
27808.375000 1279.363403 0.000000 1221.822021
27808.375000 1279.363403 0.000000 1221.920044
27808.375000 1279.363403 0.000000 1222.020020
27808.375000 1279.363403 0.000000 1222.121948
27808.375000 1279.363403 0.000000 1222.223022
27808.375000 1279.363403 0.000000 1222.327026
27808.375000 1279.363403 0.000000 1222.421997
27808.375000 1279.363403 0.000000 1222.522949
27808.375000 1279.363403 0.000000 1222.621948
27808.375000 1279.363403 0.000000 1222.722046
27808.375000 1279.363403 0.000000 1222.822021
27808.375000 1279.363403 0.000000 1222.931030
27808.375000 1279.363403 0.000000 1223.031006
27808.375000 1279.363403 0.000000 1223.130005
27808.375000 1279.363403 0.000000 1223.234985
27808.375000 1279.363403 0.000000 1223.329956
27808.375000 1279.363403 0.000000 1223.421997
27808.375000 1279.363403 0.000000 1223.530029
27808.375000 1279.363403 0.000000 1223.635010
27808.375000 1279.363403 0.000000 1223.734985
27808.375000 1279.363403 0.000000 1223.829956
27808.375000 1279.363403 0.000000 1223.930054
27808.375000 1279.363403 0.000000 1224.030029
27808.375000 1279.363403 0.000000 1224.130005
27808.375000 1279.363403 0.000000 1224.222046
27808.375000 1279.363403 0.000000 1224.322021
27808.375000 1279.363403 0.000000 1224.421997
27808.375000 1279.363403 0.000000 1224.521973
27808.375000 1279.363403 0.000000 1224.623047
27808.375000 1279.363403 0.000000 1224.722046
27808.375000 1279.363403 0.000000 1224.822021
27808.375000 1279.363403 0.000000 1224.921997
27808.375000 1279.363403 0.000000 1225.021973
27808.375000 1279.363403 0.000000 1225.126953
27808.375000 1279.363403 0.000000 1225.222046
27808.375000 1279.363403 0.000000 1225.327026
27808.375000 1279.363403 0.000000 1225.428955
27808.375000 1279.363403 0.000000 1225.529053
27808.375000 1279.363403 0.000000 1225.623047
27808.375000 1279.363403 0.000000 1225.722046
27808.375000 1279.363403 0.000000 1225.827026
27808.375000 1279.363403 0.000000 1225.927979
27808.375000 1279.363403 0.000000 1226.026978
27808.375000 1279.363403 0.000000 1226.121948
27808.375000 1279.363403 0.000000 1226.222046
27808.375000 1279.363403 0.000000 1226.323975
27808.375000 1279.363403 0.000000 1226.425049
27808.375000 1279.363403 0.000000 1226.521973
27808.375000 1279.363403 0.000000 1226.621948
27808.375000 1279.363403 0.000000 1226.722046
27808.375000 1279.363403 0.000000 1226.824951
27808.375000 1279.363403 0.000000 1226.925049
27808.375000 1279.363403 0.000000 1227.025024
27808.375000 1279.363403 0.000000 1227.125977
27808.375000 1279.363403 0.000000 1227.229004
27808.375000 1279.363403 0.000000 1227.331055
27808.375000 1279.363403 0.000000 1227.425049
27808.375000 1279.363403 0.000000 1227.525024
27808.375000 1279.363403 0.000000 1227.619995
27808.375000 1279.363403 0.000000 1227.724976
27808.375000 1279.363403 0.000000 1227.833008
27808.375000 1279.363403 0.000000 1227.925049
27808.375000 1279.363403 0.000000 1228.020996
27808.375000 1279.363403 0.000000 1228.123047
27808.375000 1279.363403 0.000000 1228.224976
27808.375000 1279.363403 0.000000 1228.324951
27808.375000 1279.363403 0.000000 1228.426025
27808.375000 1279.363403 0.000000 1228.526001
27808.375000 1279.363403 0.000000 1228.625977
27808.375000 1279.363403 0.000000 1228.725952
27808.375000 1279.363403 0.000000 1228.821045
27808.375000 1279.363403 0.000000 1228.926025
27808.375000 1279.363403 0.000000 1229.035034
27808.375000 1279.363403 0.000000 1229.135010
27808.375000 1279.363403 0.000000 1229.225952
27808.375000 1279.363403 0.000000 1229.326050
27808.375000 1279.363403 0.000000 1229.432983
27808.375000 1279.363403 0.000000 1229.532959
27808.375000 1279.363403 0.000000 1229.642944
27808.375000 1279.363403 0.000000 1229.826050
27808.375000 1279.363403 0.000000 1229.926025
27808.375000 1279.363403 0.000000 1230.032959
27808.375000 1279.363403 0.000000 1230.123047
27808.375000 1279.363403 0.000000 1230.229004
27808.375000 1279.363403 0.000000 1230.333008
27808.375000 1279.363403 0.000000 1230.431030
27808.375000 1279.363403 0.000000 1230.531006
27808.375000 1279.363403 0.000000 1230.619995
27808.375000 1279.363403 0.000000 1230.724976
27808.375000 1279.363403 0.000000 1230.824951
27808.375000 1279.363403 0.000000 1230.925049
27808.375000 1279.363403 0.000000 1231.025024
27808.375000 1279.363403 0.000000 1231.121948
27808.375000 1279.363403 0.000000 1231.224976
27808.375000 1279.363403 0.000000 1231.331055
27808.375000 1279.363403 0.000000 1231.425049
27808.375000 1279.363403 0.000000 1231.525024
27808.375000 1279.363403 0.000000 1231.625000
27808.375000 1279.363403 0.000000 1231.724976
27808.375000 1279.363403 0.000000 1231.833984
27808.375000 1279.363403 0.000000 1231.933960
27808.375000 1279.363403 0.000000 1232.034058
27808.375000 1279.363403 0.000000 1232.134033
27808.375000 1279.363403 0.000000 1232.234009
27808.375000 1279.363403 0.000000 1232.333984
27808.375000 1279.363403 0.000000 1232.428955
27808.375000 1279.363403 0.000000 1232.531982
27808.375000 1279.363403 0.000000 1232.630981
27808.375000 1279.363403 0.000000 1232.734985
27808.375000 1279.363403 0.000000 1232.831055
27808.375000 1279.363403 0.000000 1232.931030
27808.375000 1279.363403 0.000000 1233.026001
27808.375000 1279.363403 0.000000 1233.125977
27808.375000 1279.363403 0.000000 1233.224976
27808.375000 1279.363403 0.000000 1233.324951
27808.375000 1279.363403 0.000000 1233.425049
27808.375000 1279.363403 0.000000 1233.525024
27808.375000 1279.363403 0.000000 1233.628052
27808.375000 1279.363403 0.000000 1233.730957
27808.375000 1279.363403 0.000000 1233.824951
27808.375000 1279.363403 0.000000 1233.930054
27808.375000 1279.363403 0.000000 1234.025024
27808.375000 1279.363403 0.000000 1234.130005
27808.375000 1279.363403 0.000000 1234.224976
27808.375000 1279.363403 0.000000 1234.328979
27808.375000 1279.363403 0.000000 1234.433960
27808.375000 1279.363403 0.000000 1234.532959
27808.375000 1279.363403 0.000000 1234.625977
27808.375000 1279.363403 0.000000 1234.724976
27808.375000 1279.363403 0.000000 1234.828003
27808.375000 1279.363403 0.000000 1234.925049
27808.375000 1279.363403 0.000000 1235.025024
27808.375000 1279.363403 0.000000 1235.125000
27808.375000 1279.363403 0.000000 1235.224976
27808.375000 1279.363403 0.000000 1235.337036
27808.375000 1279.363403 0.000000 1235.426025
27808.375000 1279.363403 0.000000 1235.525024
27808.375000 1279.363403 0.000000 1235.630005
27808.375000 1279.363403 0.000000 1235.724976
27808.375000 1279.363403 0.000000 1235.833984
27808.375000 1279.363403 0.000000 1235.925049
27808.375000 1279.363403 0.000000 1236.025024
27808.375000 1279.363403 0.000000 1236.125977
27808.375000 1279.363403 0.000000 1236.225952
27808.375000 1279.363403 0.000000 1236.328979
27808.375000 1279.363403 0.000000 1236.428955
27808.375000 1279.363403 0.000000 1236.535034
27808.375000 1279.363403 0.000000 1236.625000
27808.375000 1279.363403 0.000000 1236.824951
27808.375000 1279.363403 0.000000 1236.925049
27808.375000 1279.363403 0.000000 1237.025024
27808.375000 1279.363403 0.000000 1237.130981
27808.375000 1279.363403 0.000000 1237.237061
27808.375000 1279.363403 0.000000 1237.332031
27808.375000 1279.363403 0.000000 1237.432007
27808.375000 1279.363403 0.000000 1237.526978
27808.375000 1279.363403 0.000000 1237.625000
27808.375000 1279.363403 0.000000 1237.732056
27808.375000 1279.363403 0.000000 1237.925049
27808.375000 1279.363403 0.000000 1238.030029
27808.375000 1279.363403 0.000000 1238.130005
27808.375000 1279.363403 0.000000 1238.224976
27808.375000 1279.363403 0.000000 1238.324951
27808.375000 1279.363403 0.000000 1238.437988
27808.375000 1279.363403 0.000000 1238.532959
27808.375000 1279.363403 0.000000 1238.637939
27808.375000 1279.363403 0.000000 1238.733032
27808.375000 1279.363403 0.000000 1238.832031
27808.375000 1279.363403 0.000000 1238.931030
27808.375000 1279.363403 0.000000 1239.025024
27808.375000 1279.363403 0.000000 1239.125000
27808.375000 1279.363403 0.000000 1239.224976
27808.375000 1279.363403 0.000000 1239.324951
27808.375000 1279.363403 0.000000 1239.425049
27808.375000 1279.363403 0.000000 1239.525024
27808.375000 1279.363403 0.000000 1239.625000
27808.375000 1279.363403 0.000000 1239.724976
27808.375000 1279.363403 0.000000 1239.829956
27808.375000 1279.363403 0.000000 1239.925049
27808.375000 1279.363403 0.000000 1240.025024
27808.375000 1279.363403 0.000000 1240.125000
27808.375000 1279.363403 0.000000 1240.224976
27808.375000 1279.363403 0.000000 1240.332031
27808.375000 1279.363403 0.000000 1240.437012
27808.375000 1279.363403 0.000000 1240.525024
27808.375000 1279.363403 0.000000 1240.625977
27808.375000 1279.363403 0.000000 1240.725952
27808.375000 1279.363403 0.000000 1240.824951
27808.375000 1279.363403 0.000000 1240.925049
27808.375000 1279.363403 0.000000 1241.026001
27808.375000 1279.363403 0.000000 1241.125000
27808.375000 1279.363403 0.000000 1241.224976
27808.375000 1279.363403 0.000000 1241.332031
27808.375000 1279.363403 0.000000 1241.432007
27808.375000 1279.363403 0.000000 1241.530029
27808.375000 1279.363403 0.000000 1241.732056
27808.375000 1279.363403 0.000000 1241.837036
27808.375000 1279.363403 0.000000 1241.930054
27808.375000 1279.363403 0.000000 1242.032959
27808.375000 1279.363403 0.000000 1242.135010
27808.375000 1279.363403 0.000000 1242.229980
27808.375000 1279.363403 0.000000 1242.329956
27808.375000 1279.363403 0.000000 1242.430054
27808.375000 1279.363403 0.000000 1242.530029
27808.375000 1279.363403 0.000000 1242.630005
27808.375000 1279.363403 0.000000 1242.729980
27808.375000 1279.363403 0.000000 1242.829956
27808.375000 1279.363403 0.000000 1242.930054
27808.375000 1279.363403 0.000000 1243.031982
27808.375000 1279.363403 0.000000 1243.125000
27808.375000 1279.363403 0.000000 1243.224976
27808.375000 1279.363403 0.000000 1243.334961
27808.375000 1279.363403 0.000000 1243.530029
27808.375000 1279.363403 0.000000 1243.625000
27808.375000 1279.363403 0.000000 1243.732056
27808.375000 1279.363403 0.000000 1243.829956
27808.375000 1279.363403 0.000000 1243.935059
27808.375000 1279.363403 0.000000 1244.035034
27808.375000 1279.363403 0.000000 1244.133057
27808.375000 1279.363403 0.000000 1244.229980
27808.375000 1279.363403 0.000000 1244.329956
27808.375000 1279.363403 0.000000 1244.436035
27808.375000 1279.363403 0.000000 1244.530029
27808.375000 1279.363403 0.000000 1244.630005
27808.375000 1279.363403 0.000000 1244.729980
27808.375000 1279.363403 0.000000 1244.829956
27808.375000 1279.363403 0.000000 1244.935059
27808.375000 1279.363403 0.000000 1245.035034
27808.375000 1279.363403 0.000000 1245.130005
27808.375000 1279.363403 0.000000 1245.229980
27808.375000 1279.363403 0.000000 1245.334961
27808.375000 1279.363403 0.000000 1245.444946
27808.375000 1279.363403 0.000000 1245.530029
27808.375000 1279.363403 0.000000 1245.630005
27808.375000 1279.363403 0.000000 1245.732056
27808.375000 1279.363403 0.000000 1245.829956
27808.375000 1279.363403 0.000000 1245.938965
27808.375000 1279.363403 0.000000 1246.043945
27808.375000 1279.363403 0.000000 1246.130005
27808.375000 1279.363403 0.000000 1246.229980
27808.375000 1279.363403 0.000000 1246.329956
27808.375000 1279.363403 0.000000 1246.431030
27808.375000 1279.363403 0.000000 1246.530029
27808.375000 1279.363403 0.000000 1246.661011
27808.375000 1279.363403 0.000000 1246.725952
27808.375000 1279.363403 0.000000 1246.826050
27808.375000 1279.363403 0.000000 1246.931030
27808.375000 1279.363403 0.000000 1247.029053
27808.375000 1279.363403 0.000000 1247.140991
27808.375000 1279.363403 0.000000 1247.240967
27808.375000 1279.363403 0.000000 1247.332031
27808.375000 1279.363403 0.000000 1247.432007
27808.375000 1279.363403 0.000000 1247.527954
27808.375000 1279.363403 0.000000 1247.628052
27808.375000 1279.363403 0.000000 1247.728027
27808.375000 1279.363403 0.000000 1247.826050
27808.375000 1279.363403 0.000000 1247.926025
27808.375000 1279.363403 0.000000 1248.036987
27808.375000 1279.363403 0.000000 1248.136963
27808.375000 1279.363403 0.000000 1248.232056
27808.375000 1279.363403 0.000000 1248.331055
27808.375000 1279.363403 0.000000 1248.428955
27808.375000 1279.363403 0.000000 1248.531982
27808.375000 1279.363403 0.000000 1248.631958
27808.375000 1279.363403 0.000000 1248.732056
27808.375000 1279.363403 0.000000 1248.832031
27808.375000 1279.363403 0.000000 1248.928955
27808.375000 1279.363403 0.000000 1249.036987
27808.375000 1279.363403 0.000000 1249.128052
27808.375000 1279.363403 0.000000 1249.228027
27808.375000 1279.363403 0.000000 1249.333008
27808.375000 1279.363403 0.000000 1249.427979
27808.375000 1279.363403 0.000000 1249.529053
27808.375000 1279.363403 0.000000 1249.628052
27808.375000 1279.363403 0.000000 1249.733032
27808.375000 1279.363403 0.000000 1249.834961
27808.375000 1279.363403 0.000000 1249.932983
27808.375000 1279.363403 0.000000 1250.034058
27808.375000 1279.363403 0.000000 1250.135010
27808.375000 1279.363403 0.000000 1250.237061
27808.375000 1279.363403 0.000000 1250.332031
27808.375000 1279.363403 0.000000 1250.432007
27808.375000 1279.363403 0.000000 1250.540039
27808.375000 1279.363403 0.000000 1250.640015
27808.375000 1279.363403 0.000000 1250.740967
27808.375000 1279.363403 0.000000 1250.838989
27808.375000 1279.363403 0.000000 1250.932007
27808.375000 1279.363403 0.000000 1251.036987
27808.375000 1279.363403 0.000000 1251.131958
27808.375000 1279.363403 0.000000 1251.233032
27808.375000 1279.363403 0.000000 1251.333984
27808.375000 1279.363403 0.000000 1251.432007
27808.375000 1279.363403 0.000000 1251.531982
27808.375000 1279.363403 0.000000 1251.634033
27808.375000 1279.363403 0.000000 1251.734985
27808.375000 1279.363403 0.000000 1251.832031
27808.375000 1279.363403 0.000000 1251.932007
27808.375000 1279.363403 0.000000 1252.035034
27808.375000 1279.363403 0.000000 1252.135010
27808.375000 1279.363403 0.000000 1252.230957
27808.375000 1279.363403 0.000000 1252.329956
27808.375000 1279.363403 0.000000 1252.431030
27808.375000 1279.363403 0.000000 1252.536987
27808.375000 1279.363403 0.000000 1252.630005
27808.375000 1279.363403 0.000000 1252.729980
27808.375000 1279.363403 0.000000 1252.829956
27808.375000 1279.363403 0.000000 1252.939941
27808.375000 1279.363403 0.000000 1253.145996
27808.375000 1279.363403 0.000000 1253.235962
27808.375000 1279.363403 0.000000 1253.337036
27808.375000 1279.363403 0.000000 1253.432983
27808.375000 1279.363403 0.000000 1253.531982
27808.375000 1279.363403 0.000000 1253.630981
27808.375000 1279.363403 0.000000 1253.730957
27808.375000 1279.363403 0.000000 1253.831055
27808.375000 1279.363403 0.000000 1253.932007
27808.375000 1279.363403 0.000000 1254.032959
27808.375000 1279.363403 0.000000 1254.130981
27808.375000 1279.363403 0.000000 1254.232056
27808.375000 1279.363403 0.000000 1254.328003
27808.375000 1279.363403 0.000000 1254.431030
27808.375000 1279.363403 0.000000 1254.531006
27808.375000 1279.363403 0.000000 1254.630981
27808.375000 1279.363403 0.000000 1254.730957
27808.375000 1279.363403 0.000000 1254.837036
27808.375000 1279.363403 0.000000 1254.947021
27808.375000 1279.363403 0.000000 1255.031982
27808.375000 1279.363403 0.000000 1255.136963
27808.375000 1279.363403 0.000000 1255.233032
27808.375000 1279.363403 0.000000 1255.332031
27808.375000 1279.363403 0.000000 1255.432007
27808.375000 1279.363403 0.000000 1255.531982
27808.375000 1279.363403 0.000000 1255.631958
27808.375000 1279.363403 0.000000 1255.732056
27808.375000 1279.363403 0.000000 1255.832031
27808.375000 1279.363403 0.000000 1255.932007
27808.375000 1279.363403 0.000000 1256.031982
27808.375000 1279.363403 0.000000 1256.141968
27808.375000 1279.363403 0.000000 1256.234009
27808.375000 1279.363403 0.000000 1256.333984
27808.375000 1279.363403 0.000000 1256.433960
27808.375000 1279.363403 0.000000 1256.534058
27808.375000 1279.363403 0.000000 1256.634033
27808.375000 1279.363403 0.000000 1256.739990
27808.375000 1279.363403 0.000000 1256.833984
27808.375000 1279.363403 0.000000 1256.933960
27808.375000 1279.363403 0.000000 1257.034058
27808.375000 1279.363403 0.000000 1257.130005
27808.375000 1279.363403 0.000000 1257.243042
27808.375000 1279.363403 0.000000 1257.334961
27808.375000 1279.363403 0.000000 1257.435059
27808.375000 1279.363403 0.000000 1257.530029
27808.375000 1279.363403 0.000000 1257.635010
27808.375000 1279.363403 0.000000 1257.735962
27808.375000 1279.363403 0.000000 1257.834961
27808.375000 1279.363403 0.000000 1257.936035
27808.375000 1279.363403 0.000000 1258.030029
27808.375000 1279.363403 0.000000 1258.135010
27808.375000 1279.363403 0.000000 1258.249023
27808.375000 1279.363403 0.000000 1258.343994
27808.375000 1279.363403 0.000000 1258.443970
27808.375000 1279.363403 0.000000 1258.541016
27808.375000 1279.363403 0.000000 1258.635010
27808.375000 1279.363403 0.000000 1258.734985
27808.375000 1279.363403 0.000000 1258.834961
27808.375000 1279.363403 0.000000 1258.937988
27808.375000 1279.363403 0.000000 1259.036011
27808.375000 1279.363403 0.000000 1259.135010
27808.375000 1279.363403 0.000000 1259.234985
27808.375000 1279.363403 0.000000 1259.334961
27808.375000 1279.363403 0.000000 1259.435059
27808.375000 1279.363403 0.000000 1259.535034
27808.375000 1279.363403 0.000000 1259.635986
27808.375000 1279.363403 0.000000 1259.729980
27808.375000 1279.363403 0.000000 1259.834961
27808.375000 1279.363403 0.000000 1259.935059
27808.375000 1279.363403 0.000000 1260.035034
27808.375000 1279.363403 0.000000 1260.144043
27808.375000 1279.363403 0.000000 1260.229980
27808.375000 1279.363403 0.000000 1260.334961
27808.375000 1279.363403 0.000000 1260.441040
27808.375000 1279.363403 0.000000 1260.530029
27808.375000 1279.363403 0.000000 1260.635010
27808.375000 1279.363403 0.000000 1260.740967
27808.375000 1279.363403 0.000000 1260.834961
27808.375000 1279.363403 0.000000 1260.935059
27808.375000 1279.363403 0.000000 1261.032959
27808.375000 1279.363403 0.000000 1261.134033
27808.375000 1279.363403 0.000000 1261.230957
27808.375000 1279.363403 0.000000 1261.331055
27808.375000 1279.363403 0.000000 1261.531006
27808.375000 1279.363403 0.000000 1261.635986
27808.375000 1279.363403 0.000000 1261.737061
27808.375000 1279.363403 0.000000 1261.836060
27808.375000 1279.363403 0.000000 1261.941040
27808.375000 1279.363403 0.000000 1262.036011
27808.375000 1279.363403 0.000000 1262.130981
27808.375000 1279.363403 0.000000 1262.240967
27808.375000 1279.363403 0.000000 1262.336060
27808.375000 1279.363403 0.000000 1262.433960
27808.375000 1279.363403 0.000000 1262.532959
27808.375000 1279.363403 0.000000 1262.633057
27808.375000 1279.363403 0.000000 1262.733032
27808.375000 1279.363403 0.000000 1262.843018
27808.375000 1279.363403 0.000000 1262.942993
27808.375000 1279.363403 0.000000 1263.042969
27808.375000 1279.363403 0.000000 1263.140015
27808.375000 1279.363403 0.000000 1263.234985
27808.375000 1279.363403 0.000000 1263.329956
27808.375000 1279.363403 0.000000 1263.443970
27808.375000 1279.363403 0.000000 1263.532959
27808.375000 1279.363403 0.000000 1263.631958
27808.375000 1279.363403 0.000000 1263.737061
27808.375000 1279.363403 0.000000 1263.832031
27808.375000 1279.363403 0.000000 1263.937012
27808.375000 1279.363403 0.000000 1264.036011
27808.375000 1279.363403 0.000000 1264.135986
27808.375000 1279.363403 0.000000 1264.239990
27808.375000 1279.363403 0.000000 1264.339966
27808.375000 1279.363403 0.000000 1264.439941
27808.375000 1279.363403 0.000000 1264.538940
27808.375000 1279.363403 0.000000 1264.642944
27808.375000 1279.363403 0.000000 1264.730957
27808.375000 1279.363403 0.000000 1264.837036
27808.375000 1279.363403 0.000000 1264.941040
27808.375000 1279.363403 0.000000 1265.041016
27808.375000 1279.363403 0.000000 1265.134033
27808.375000 1279.363403 0.000000 1265.229980
27808.375000 1279.363403 0.000000 1265.333984
27808.375000 1279.363403 0.000000 1265.433960
27808.375000 1279.363403 0.000000 1265.531982
27808.375000 1279.363403 0.000000 1265.631958
27808.375000 1279.363403 0.000000 1265.740967
27808.375000 1279.363403 0.000000 1265.845947
27808.375000 1279.363403 0.000000 1265.941040
27808.375000 1279.363403 0.000000 1266.031982
27808.375000 1279.363403 0.000000 1266.131958
27808.375000 1279.363403 0.000000 1266.232056
27808.375000 1279.363403 0.000000 1266.332031
27808.375000 1279.363403 0.000000 1266.437012
27808.375000 1279.363403 0.000000 1266.534058
27808.375000 1279.363403 0.000000 1266.636963
27808.375000 1279.363403 0.000000 1266.732056
27808.375000 1279.363403 0.000000 1266.838013
27808.375000 1279.363403 0.000000 1266.932983
27808.375000 1279.363403 0.000000 1267.036987
27808.375000 1279.363403 0.000000 1267.135986
27808.375000 1279.363403 0.000000 1267.230957
27808.375000 1279.363403 0.000000 1267.340942
27808.375000 1279.363403 0.000000 1267.431030
27808.375000 1279.363403 0.000000 1267.531006
27808.375000 1279.363403 0.000000 1267.640991
27808.375000 1279.363403 0.000000 1267.743042
27808.375000 1279.363403 0.000000 1267.831055
27808.375000 1279.363403 0.000000 1267.931030
27808.375000 1279.363403 0.000000 1268.031006
27808.375000 1279.363403 0.000000 1268.130981
27808.375000 1279.363403 0.000000 1268.235962
27808.375000 1279.363403 0.000000 1268.342041
27808.375000 1279.363403 0.000000 1268.432007
27808.375000 1279.363403 0.000000 1268.531006
27808.375000 1279.363403 0.000000 1268.637939
27808.375000 1279.363403 0.000000 1268.735962
27808.375000 1279.363403 0.000000 1268.838013
27808.375000 1279.363403 0.000000 1268.932007
27808.375000 1279.363403 0.000000 1269.031006
27808.375000 1279.363403 0.000000 1269.130981
27808.375000 1279.363403 0.000000 1269.235962
27808.375000 1279.363403 0.000000 1269.336060
27808.375000 1279.363403 0.000000 1269.431030
27808.375000 1279.363403 0.000000 1269.536011
27808.375000 1279.363403 0.000000 1269.635986
27808.375000 1279.363403 0.000000 1269.730957
27808.375000 1279.363403 0.000000 1269.836060
27808.375000 1279.363403 0.000000 1269.936035
27808.375000 1279.363403 0.000000 1270.037964
27808.375000 1279.363403 0.000000 1270.140991
27808.375000 1279.363403 0.000000 1270.232056
27808.375000 1279.363403 0.000000 1270.338989
27808.375000 1279.363403 0.000000 1270.428955
27808.375000 1279.363403 0.000000 1270.535034
27808.375000 1279.363403 0.000000 1270.634033
27808.375000 1279.363403 0.000000 1270.734985
27808.375000 1279.363403 0.000000 1270.833984
27808.375000 1279.363403 0.000000 1270.939941
27808.375000 1279.363403 0.000000 1271.036011
27808.375000 1279.363403 0.000000 1271.134033
27808.375000 1279.363403 0.000000 1271.239014
27808.375000 1279.363403 0.000000 1271.340942
27808.375000 1279.363403 0.000000 1271.433960
27808.375000 1279.363403 0.000000 1271.534058
27808.375000 1279.363403 0.000000 1271.629028
27808.375000 1279.363403 0.000000 1271.734009
27808.375000 1279.363403 0.000000 1271.833984
27808.375000 1279.363403 0.000000 1271.938965
27808.375000 1279.363403 0.000000 1272.040039
27808.375000 1279.363403 0.000000 1272.135010
27808.375000 1279.363403 0.000000 1272.234985
27808.375000 1279.363403 0.000000 1272.334961
27808.375000 1279.363403 0.000000 1272.444946
27808.375000 1279.363403 0.000000 1272.541016
27808.375000 1279.363403 0.000000 1272.637939
27808.375000 1279.363403 0.000000 1272.734985
27808.375000 1279.363403 0.000000 1272.843994
27808.375000 1279.363403 0.000000 1272.948975
27808.375000 1279.363403 0.000000 1273.043945
27808.375000 1279.363403 0.000000 1273.154053
27808.375000 1279.363403 0.000000 1273.244019
27808.375000 1279.363403 0.000000 1273.338989
27808.375000 1279.363403 0.000000 1273.444946
27808.375000 1279.363403 0.000000 1273.545044
27808.375000 1279.363403 0.000000 1273.640015
27808.375000 1279.363403 0.000000 1273.740967
27808.375000 1279.363403 0.000000 1273.836060
27808.375000 1279.363403 0.000000 1273.935059
27808.375000 1279.363403 0.000000 1274.034058
27808.375000 1279.363403 0.000000 1274.134033
27808.375000 1279.363403 0.000000 1274.234009
27808.375000 1279.363403 0.000000 1274.336060
27808.375000 1279.363403 0.000000 1274.435059
27808.375000 1279.363403 0.000000 1274.531006
27808.375000 1279.363403 0.000000 1274.630981
27808.375000 1279.363403 0.000000 1274.735962
27808.375000 1279.363403 0.000000 1274.831055
27808.375000 1279.363403 0.000000 1274.931030
27808.375000 1279.363403 0.000000 1275.042969
27808.375000 1279.363403 0.000000 1275.135986
27808.375000 1279.363403 0.000000 1275.230957
27808.375000 1279.363403 0.000000 1275.336060
27808.375000 1279.363403 0.000000 1275.436035
27808.375000 1279.363403 0.000000 1275.536987
27808.375000 1279.363403 0.000000 1275.635986
27808.375000 1279.363403 0.000000 1275.735962
27808.375000 1279.363403 0.000000 1275.831055
27808.375000 1279.363403 0.000000 1275.936035
27808.375000 1279.363403 0.000000 1276.034058
27808.375000 1279.363403 0.000000 1276.140991
27808.375000 1279.363403 0.000000 1276.239014
27808.375000 1279.363403 0.000000 1276.336060
27808.375000 1279.363403 0.000000 1276.431030
27808.375000 1279.363403 0.000000 1276.531006
27808.375000 1279.363403 0.000000 1276.636963
27808.375000 1279.363403 0.000000 1276.730957
27808.375000 1279.363403 0.000000 1276.831055
27808.375000 1279.363403 0.000000 1276.931030
27808.375000 1279.363403 0.000000 1277.041016
27808.375000 1279.363403 0.000000 1277.142944
27808.375000 1279.363403 0.000000 1277.235962
27808.375000 1279.363403 0.000000 1277.329956
27808.375000 1279.363403 0.000000 1277.435059
27808.375000 1279.363403 0.000000 1277.536987
27808.375000 1279.363403 0.000000 1277.637939
27808.375000 1279.363403 0.000000 1277.743042
27808.375000 1279.363403 0.000000 1277.834961
27808.375000 1279.363403 0.000000 1277.935059
27808.375000 1279.363403 0.000000 1278.036011
27808.375000 1279.363403 0.000000 1278.135010
27808.375000 1279.363403 0.000000 1278.234985
27808.375000 1279.363403 0.000000 1278.334961
27808.375000 1279.363403 0.000000 1278.435059
27808.375000 1279.363403 0.000000 1278.535034
27808.375000 1279.363403 0.000000 1278.635010
27808.375000 1279.363403 0.000000 1278.734985
27808.375000 1279.363403 0.000000 1278.833008
27808.375000 1279.363403 0.000000 1278.936035
27808.375000 1279.363403 0.000000 1279.035034
27808.375000 1279.363403 0.000000 1279.134033
27808.375000 1279.363403 0.000000 1279.238037
27808.375000 1279.363403 0.000000 1279.339966
27808.375000 1279.363403 0.000000 1279.435059
27808.375000 1279.363403 0.000000 1279.531982
27808.375000 1279.363403 0.000000 1279.635010
27808.375000 1279.363403 0.000000 1279.729980
27808.375000 1279.363403 0.000000 1279.834961
27808.375000 1279.363403 0.000000 1279.935059
27808.375000 1279.363403 0.000000 1280.035034
27808.375000 1279.363403 0.000000 1280.140015
27808.375000 1279.363403 0.000000 1280.249023
27808.375000 1279.363403 0.000000 1280.441040
27808.375000 1279.363403 0.000000 1280.541016
27808.375000 1279.363403 0.000000 1280.650024
27808.375000 1279.363403 0.000000 1280.740967
27808.375000 1279.363403 0.000000 1280.848022
27808.375000 1279.363403 0.000000 1281.047974
27808.375000 1279.363403 0.000000 1281.141968
27808.375000 1279.363403 0.000000 1281.243042
27808.375000 1279.363403 0.000000 1281.347046
27808.375000 1279.363403 0.000000 1281.446045
27808.375000 1279.363403 0.000000 1281.546021
27808.375000 1279.363403 0.000000 1281.657959
27808.375000 1279.363403 0.000000 1281.740967
27808.375000 1279.363403 0.000000 1281.840942
27808.375000 1279.363403 0.000000 1281.946045
27808.375000 1279.363403 0.000000 1282.047974
27808.375000 1279.363403 0.000000 1282.142944
27808.375000 1279.363403 0.000000 1282.243042
27808.375000 1279.363403 0.000000 1282.348022
27808.375000 1279.363403 0.000000 1282.437988
27808.375000 1279.363403 0.000000 1282.542969
27808.375000 1279.363403 0.000000 1282.642944
27808.375000 1279.363403 0.000000 1282.743042
27808.375000 1279.363403 0.000000 1282.848999
27808.375000 1279.363403 0.000000 1282.942993
27808.375000 1279.363403 0.000000 1283.057983
27808.375000 1279.363403 0.000000 1283.256958
27808.375000 1279.363403 0.000000 1283.452026
27808.375000 1279.363403 0.000000 1283.557007
27808.375000 1279.363403 0.000000 1283.666016
27808.375000 1279.363403 0.000000 1283.765991
27808.375000 1279.363403 0.000000 1283.865967
27808.375000 1279.363403 0.000000 1284.066040
27808.375000 1279.363403 0.000000 1284.165039
27808.375000 1279.363403 0.000000 1284.364990
27808.375000 1279.363403 0.000000 1284.557983
27808.375000 1279.363403 0.000000 1284.662964
27808.375000 1279.363403 0.000000 1284.762939
27808.375000 1279.363403 0.000000 1284.862061
27808.375000 1279.363403 0.000000 1284.957031
27808.375000 1279.363403 0.000000 1285.057007
27808.375000 1279.363403 0.000000 1285.162964
27808.375000 1279.363403 0.000000 1285.256958
27808.375000 1279.363403 0.000000 1285.358032
27808.375000 1279.363403 0.000000 1285.457031
27808.375000 1279.363403 0.000000 1285.569946
27808.375000 1279.363403 0.000000 1285.770020
27808.375000 1279.363403 0.000000 1285.957031
27808.375000 1279.363403 0.000000 1286.062012
27808.375000 1279.363403 0.000000 1286.258057
27808.375000 1279.363403 0.000000 1286.363037
27808.375000 1279.363403 0.000000 1286.463989
27808.375000 1279.363403 0.000000 1286.661987
27808.375000 1279.363403 0.000000 1286.857056
27808.375000 1279.363403 0.000000 1286.967041
27808.375000 1279.363403 0.000000 1287.064941
27808.375000 1279.363403 0.000000 1287.161987
27808.375000 1279.363403 0.000000 1287.262939
27808.375000 1279.363403 0.000000 1287.464966
27808.375000 1279.363403 0.000000 1287.571045
27808.375000 1279.363403 0.000000 1287.666992
27808.375000 1279.363403 0.000000 1287.762939
27808.375000 1279.363403 0.000000 1287.858032
27808.375000 1279.363403 0.000000 1287.958984
27808.375000 1279.363403 0.000000 1288.062988
27808.375000 1279.363403 0.000000 1288.270996
27808.375000 1279.363403 0.000000 1288.365967
27808.375000 1279.363403 0.000000 1288.458008
27808.375000 1279.363403 0.000000 1288.557983
27808.375000 1279.363403 0.000000 1288.659058
27808.375000 1279.363403 0.000000 1288.758057
27808.375000 1279.363403 0.000000 1288.853027
27808.375000 1279.363403 0.000000 1288.958008
27808.375000 1279.363403 0.000000 1289.062988
27808.375000 1279.363403 0.000000 1289.258057
27808.375000 1279.363403 0.000000 1289.363037
27808.375000 1279.363403 0.000000 1289.463013
27808.375000 1279.363403 0.000000 1289.560059
27808.375000 1279.363403 0.000000 1289.662964
27808.375000 1279.363403 0.000000 1289.754028
27808.375000 1279.363403 0.000000 1289.863037
27808.375000 1279.363403 0.000000 1289.959961
27808.375000 1279.363403 0.000000 1290.069946
27808.375000 1279.363403 0.000000 1290.160034
27808.375000 1279.363403 0.000000 1290.260010
27808.375000 1279.363403 0.000000 1290.364990
27808.375000 1279.363403 0.000000 1290.459961
27808.375000 1279.363403 0.000000 1290.568970
27808.375000 1279.363403 0.000000 1290.668945
27808.375000 1279.363403 0.000000 1290.767944
27808.375000 1279.363403 0.000000 1290.871948
27808.375000 1279.363403 0.000000 1290.959961
27808.375000 1279.363403 0.000000 1291.060059
27808.375000 1279.363403 0.000000 1291.160034
27808.375000 1279.363403 0.000000 1291.260010
27808.375000 1279.363403 0.000000 1291.360962
27808.375000 1279.363403 0.000000 1291.468018
27808.375000 1279.363403 0.000000 1291.562988
27808.375000 1279.363403 0.000000 1291.666016
27808.375000 1279.363403 0.000000 1291.770996
27808.375000 1279.363403 0.000000 1291.866943
27808.375000 1279.363403 0.000000 1291.961060
27808.375000 1279.363403 0.000000 1292.061035
27808.375000 1279.363403 0.000000 1292.156982
27808.375000 1279.363403 0.000000 1292.261963
27808.375000 1279.363403 0.000000 1292.355957
27808.375000 1279.363403 0.000000 1292.456055
27808.375000 1279.363403 0.000000 1292.561035
27808.375000 1279.363403 0.000000 1292.656982
27808.375000 1279.363403 0.000000 1292.760986
27808.375000 1279.363403 0.000000 1292.860962
27808.375000 1279.363403 0.000000 1292.961060
27808.375000 1279.363403 0.000000 1293.061035
27808.375000 1279.363403 0.000000 1293.161011
27808.375000 1279.363403 0.000000 1293.266968
27808.375000 1279.363403 0.000000 1293.357056
27808.375000 1279.363403 0.000000 1293.462036
27808.375000 1279.363403 0.000000 1293.562012
27808.375000 1279.363403 0.000000 1293.663940
27808.375000 1279.363403 0.000000 1293.761963
27808.375000 1279.363403 0.000000 1293.869019
27808.375000 1279.363403 0.000000 1293.962036
27808.375000 1279.363403 0.000000 1294.072021
27808.375000 1279.363403 0.000000 1294.171997
27808.375000 1279.363403 0.000000 1294.261963
27808.375000 1279.363403 0.000000 1294.362061
27808.375000 1279.363403 0.000000 1294.462036
27808.375000 1279.363403 0.000000 1294.562012
27808.375000 1279.363403 0.000000 1294.671997
27808.375000 1279.363403 0.000000 1294.771973
27808.375000 1279.363403 0.000000 1294.871948
27808.375000 1279.363403 0.000000 1294.972046
27808.375000 1279.363403 0.000000 1295.067993
27808.375000 1279.363403 0.000000 1295.167969
27808.375000 1279.363403 0.000000 1295.262939
27808.375000 1279.363403 0.000000 1295.369019
27808.375000 1279.363403 0.000000 1295.468994
27808.375000 1279.363403 0.000000 1295.562012
27808.375000 1279.363403 0.000000 1295.657959
27808.375000 1279.363403 0.000000 1295.762939
27808.375000 1279.363403 0.000000 1295.862061
27808.375000 1279.363403 0.000000 1295.968994
27808.375000 1279.363403 0.000000 1296.063965
27808.375000 1279.363403 0.000000 1296.161987
27808.375000 1279.363403 0.000000 1296.262939
27808.375000 1279.363403 0.000000 1296.362061
27808.375000 1279.363403 0.000000 1296.465942
27808.375000 1279.363403 0.000000 1296.562012
27808.375000 1279.363403 0.000000 1296.661987
27808.375000 1279.363403 0.000000 1296.770996
27808.375000 1279.363403 0.000000 1296.864014
27808.375000 1279.363403 0.000000 1296.968994
27808.375000 1279.363403 0.000000 1297.073975
27808.375000 1279.363403 0.000000 1297.168945
27808.375000 1279.363403 0.000000 1297.264038
27808.375000 1279.363403 0.000000 1297.362061
27808.375000 1279.363403 0.000000 1297.462036
27808.375000 1279.363403 0.000000 1297.557007
27808.375000 1279.363403 0.000000 1297.671997
27808.375000 1279.363403 0.000000 1297.771973
27808.375000 1279.363403 0.000000 1297.871948
27808.375000 1279.363403 0.000000 1297.972046
27808.375000 1279.363403 0.000000 1298.068970
27808.375000 1279.363403 0.000000 1298.168945
27808.375000 1279.363403 0.000000 1298.269043
27808.375000 1279.363403 0.000000 1298.362061
27808.375000 1279.363403 0.000000 1298.464966
27808.375000 1279.363403 0.000000 1298.562988
27808.375000 1279.363403 0.000000 1298.661987
27808.375000 1279.363403 0.000000 1298.767944
27808.375000 1279.363403 0.000000 1298.870972
27808.375000 1279.363403 0.000000 1298.970947
27808.375000 1279.363403 0.000000 1299.071045
27808.375000 1279.363403 0.000000 1299.166992
27808.375000 1279.363403 0.000000 1299.271973
27808.375000 1279.363403 0.000000 1299.371948
27808.375000 1279.363403 0.000000 1299.472046
27808.375000 1279.363403 0.000000 1299.567993
27808.375000 1279.363403 0.000000 1299.660034
27808.375000 1279.363403 0.000000 1299.775024
27808.375000 1279.363403 0.000000 1299.865967
27808.375000 1279.363403 0.000000 1299.961060
27808.375000 1279.363403 0.000000 1300.058960
27808.375000 1279.363403 0.000000 1300.159058
27808.375000 1279.363403 0.000000 1300.264038
27808.375000 1279.363403 0.000000 1300.359009
27808.375000 1279.363403 0.000000 1300.458984
27808.375000 1279.363403 0.000000 1300.563965
27808.375000 1279.363403 0.000000 1300.659058
27808.375000 1279.363403 0.000000 1300.759033
27808.375000 1279.363403 0.000000 1300.859009
27808.375000 1279.363403 0.000000 1300.963989
27808.375000 1279.363403 0.000000 1301.061035
27808.375000 1279.363403 0.000000 1301.159058
27808.375000 1279.363403 0.000000 1301.264038
27808.375000 1279.363403 0.000000 1301.359009
27808.375000 1279.363403 0.000000 1301.463989
27808.375000 1279.363403 0.000000 1301.558960
27808.375000 1279.363403 0.000000 1301.663940
27808.375000 1279.363403 0.000000 1301.764038
27808.375000 1279.363403 0.000000 1301.869019
27808.375000 1279.363403 0.000000 1302.063965
27808.375000 1279.363403 0.000000 1302.276001
27808.375000 1279.363403 0.000000 1302.375977
27808.375000 1279.363403 0.000000 1302.463989
27808.375000 1279.363403 0.000000 1302.671021
27808.375000 1279.363403 0.000000 1302.871948
27808.375000 1279.363403 0.000000 1302.963989
27808.375000 1279.363403 0.000000 1303.063965
27808.375000 1279.363403 0.000000 1303.168945
27808.375000 1279.363403 0.000000 1303.264038
27808.375000 1279.363403 0.000000 1303.364014
27808.375000 1279.363403 0.000000 1303.463989
27808.375000 1279.363403 0.000000 1303.564941
27808.375000 1279.363403 0.000000 1303.663940
27808.375000 1279.363403 0.000000 1303.764038
27808.375000 1279.363403 0.000000 1303.864014
27808.375000 1279.363403 0.000000 1303.968994
27808.375000 1279.363403 0.000000 1304.058960
27808.375000 1279.363403 0.000000 1304.165039
27808.375000 1279.363403 0.000000 1304.264038
27808.375000 1279.363403 0.000000 1304.364014
27808.375000 1279.363403 0.000000 1304.464966
27808.375000 1279.363403 0.000000 1304.571045
27808.375000 1279.363403 0.000000 1304.668945
27808.375000 1279.363403 0.000000 1304.770996
27808.375000 1279.363403 0.000000 1304.870972
27808.375000 1279.363403 0.000000 1304.979004
27808.375000 1279.363403 0.000000 1305.073975
27808.375000 1279.363403 0.000000 1305.173950
27808.375000 1279.363403 0.000000 1305.279053
27808.375000 1279.363403 0.000000 1305.458984
27808.375000 1279.363403 0.000000 1305.576050
27808.375000 1279.363403 0.000000 1305.663940
27808.375000 1279.363403 0.000000 1305.764038
27808.375000 1279.363403 0.000000 1305.864014
27808.375000 1279.363403 0.000000 1305.958984
27808.375000 1279.363403 0.000000 1306.067017
27808.375000 1279.363403 0.000000 1306.163940
27808.375000 1279.363403 0.000000 1306.264038
27808.375000 1279.363403 0.000000 1306.359985
27808.375000 1279.363403 0.000000 1306.463989
27808.375000 1279.363403 0.000000 1306.563965
27808.375000 1279.363403 0.000000 1306.665039
27808.375000 1279.363403 0.000000 1306.765015
27808.375000 1279.363403 0.000000 1306.864014
27808.375000 1279.363403 0.000000 1306.973999
27808.375000 1279.363403 0.000000 1307.069946
27808.375000 1279.363403 0.000000 1307.170044
27808.375000 1279.363403 0.000000 1307.264038
27808.375000 1279.363403 0.000000 1307.364990
27808.375000 1279.363403 0.000000 1307.463989
27808.375000 1279.363403 0.000000 1307.571045
27808.375000 1279.363403 0.000000 1307.671021
27808.375000 1279.363403 0.000000 1307.764038
27808.375000 1279.363403 0.000000 1307.864014
27808.375000 1279.363403 0.000000 1307.963013
27808.375000 1279.363403 0.000000 1308.064941
27808.375000 1279.363403 0.000000 1308.165039
27808.375000 1279.363403 0.000000 1308.261963
27808.375000 1279.363403 0.000000 1308.362061
27808.375000 1279.363403 0.000000 1308.465942
27808.375000 1279.363403 0.000000 1308.566040
27808.375000 1279.363403 0.000000 1308.666016
27808.375000 1279.363403 0.000000 1308.765991
27808.375000 1279.363403 0.000000 1308.865967
27808.375000 1279.363403 0.000000 1308.965942
27808.375000 1279.363403 0.000000 1309.066040
27808.375000 1279.363403 0.000000 1309.171021
27808.375000 1279.363403 0.000000 1309.265991
27808.375000 1279.363403 0.000000 1309.362061
27808.375000 1279.363403 0.000000 1309.467041
27808.375000 1279.363403 0.000000 1309.561035
27808.375000 1279.363403 0.000000 1309.766968
27808.375000 1279.363403 0.000000 1309.865967
27808.375000 1279.363403 0.000000 1309.965942
27808.375000 1279.363403 0.000000 1310.066040
27808.375000 1279.363403 0.000000 1310.161011
27808.375000 1279.363403 0.000000 1310.270996
27808.375000 1279.363403 0.000000 1310.360962
27808.375000 1279.363403 0.000000 1310.461060
27808.375000 1279.363403 0.000000 1310.571045
27808.375000 1279.363403 0.000000 1310.671997
27808.375000 1279.363403 0.000000 1310.762939
27808.375000 1279.363403 0.000000 1310.865967
27808.375000 1279.363403 0.000000 1310.965942
27808.375000 1279.363403 0.000000 1311.067993
27808.375000 1279.363403 0.000000 1311.166016
27808.375000 1279.363403 0.000000 1311.265991
27808.375000 1279.363403 0.000000 1311.369019
27808.375000 1279.363403 0.000000 1311.465942
27808.375000 1279.363403 0.000000 1311.571045
27808.375000 1279.363403 0.000000 1311.668945
27808.375000 1279.363403 0.000000 1311.774048
27808.375000 1279.363403 0.000000 1311.869019
27808.375000 1279.363403 0.000000 1311.967041
27808.375000 1279.363403 0.000000 1312.066040
27808.375000 1279.363403 0.000000 1312.166016
27808.375000 1279.363403 0.000000 1312.277954
27808.375000 1279.363403 0.000000 1312.467041
27808.375000 1279.363403 0.000000 1312.566040
27808.375000 1279.363403 0.000000 1312.666016
27808.375000 1279.363403 0.000000 1312.771973
27808.375000 1279.363403 0.000000 1312.862061
27808.375000 1279.363403 0.000000 1312.967041
27808.375000 1279.363403 0.000000 1313.063965
27808.375000 1279.363403 0.000000 1313.167969
27808.375000 1279.363403 0.000000 1313.274048
27808.375000 1279.363403 0.000000 1313.374023
27808.375000 1279.363403 0.000000 1313.473999
27808.375000 1279.363403 0.000000 1313.567017
27808.375000 1279.363403 0.000000 1313.677002
27808.375000 1279.363403 0.000000 1313.767944
27808.375000 1279.363403 0.000000 1313.873047
27808.375000 1279.363403 0.000000 1314.082031
27808.375000 1279.363403 0.000000 1314.177002
27808.375000 1279.363403 0.000000 1314.276001
27808.375000 1279.363403 0.000000 1314.366943
27808.375000 1279.363403 0.000000 1314.467041
27808.375000 1279.363403 0.000000 1314.562012
27808.375000 1279.363403 0.000000 1314.666992
27808.375000 1279.363403 0.000000 1314.775024
27808.375000 1279.363403 0.000000 1314.875000
27808.375000 1279.363403 0.000000 1314.979004
27808.375000 1279.363403 0.000000 1315.172974
27808.375000 1279.363403 0.000000 1315.266968
27808.375000 1279.363403 0.000000 1315.366943
27808.375000 1279.363403 0.000000 1315.467041
27808.375000 1279.363403 0.000000 1315.567017
27808.375000 1279.363403 0.000000 1315.666992
27808.375000 1279.363403 0.000000 1315.775024
27808.375000 1279.363403 0.000000 1315.875000
27808.375000 1279.363403 0.000000 1315.973022
27808.375000 1279.363403 0.000000 1316.173950
27808.375000 1279.363403 0.000000 1316.274048
27808.375000 1279.363403 0.000000 1316.371948
27808.375000 1279.363403 0.000000 1316.467041
27808.375000 1279.363403 0.000000 1316.567017
27808.375000 1279.363403 0.000000 1316.666992
27808.375000 1279.363403 0.000000 1316.766968
27808.375000 1279.363403 0.000000 1316.873047
27808.375000 1279.363403 0.000000 1316.975952
27808.375000 1279.363403 0.000000 1317.076050
27808.375000 1279.363403 0.000000 1317.176025
27808.375000 1279.363403 0.000000 1317.266968
27808.375000 1279.363403 0.000000 1317.368042
27808.375000 1279.363403 0.000000 1317.467041
27808.375000 1279.363403 0.000000 1317.567017
27808.375000 1279.363403 0.000000 1317.667969
27808.375000 1279.363403 0.000000 1317.767944
27808.375000 1279.363403 0.000000 1317.866943
27808.375000 1279.363403 0.000000 1317.964966
27808.375000 1279.363403 0.000000 1318.067993
27808.375000 1279.363403 0.000000 1318.166992
27808.375000 1279.363403 0.000000 1318.269043
27808.375000 1279.363403 0.000000 1318.364014
27808.375000 1279.363403 0.000000 1318.468994
27808.375000 1279.363403 0.000000 1318.566040
27808.375000 1279.363403 0.000000 1318.663940
27808.375000 1279.363403 0.000000 1318.765015
27808.375000 1279.363403 0.000000 1318.864990
27808.375000 1279.363403 0.000000 1318.967041
27808.375000 1279.363403 0.000000 1319.064941
27808.375000 1279.363403 0.000000 1319.165039
27808.375000 1279.363403 0.000000 1319.270020
27808.375000 1279.363403 0.000000 1319.374023
27808.375000 1279.363403 0.000000 1319.473999
27808.375000 1279.363403 0.000000 1319.564941
27808.375000 1279.363403 0.000000 1319.665039
27808.375000 1279.363403 0.000000 1319.770020
27808.375000 1279.363403 0.000000 1319.864990
27808.375000 1279.363403 0.000000 1319.965942
27808.375000 1279.363403 0.000000 1320.069946
27808.375000 1279.363403 0.000000 1320.165039
27808.375000 1279.363403 0.000000 1320.265015
27808.375000 1279.363403 0.000000 1320.365967
27808.375000 1279.363403 0.000000 1320.464966
27808.375000 1279.363403 0.000000 1320.566040
27808.375000 1279.363403 0.000000 1320.665039
27808.375000 1279.363403 0.000000 1320.775024
27808.375000 1279.363403 0.000000 1320.864990
27808.375000 1279.363403 0.000000 1320.964966
27808.375000 1279.363403 0.000000 1321.064941
27808.375000 1279.363403 0.000000 1321.166016
27808.375000 1279.363403 0.000000 1321.265015
27808.375000 1279.363403 0.000000 1321.366943
27808.375000 1279.363403 0.000000 1321.464966
27808.375000 1279.363403 0.000000 1321.572021
27808.375000 1279.363403 0.000000 1321.671021
27808.375000 1279.363403 0.000000 1321.765015
27808.375000 1279.363403 0.000000 1321.864990
27808.375000 1279.363403 0.000000 1321.970947
27808.375000 1279.363403 0.000000 1322.064941
27808.375000 1279.363403 0.000000 1322.166992
27808.375000 1279.363403 0.000000 1322.275024
27808.375000 1279.363403 0.000000 1322.375000
27808.375000 1279.363403 0.000000 1322.467041
27808.375000 1279.363403 0.000000 1322.567017
27808.375000 1279.363403 0.000000 1322.666992
27808.375000 1279.363403 0.000000 1322.769043
27808.375000 1279.363403 0.000000 1322.880005
27808.375000 1279.363403 0.000000 1322.963989
27808.375000 1279.363403 0.000000 1323.063965
27808.375000 1279.363403 0.000000 1323.168945
27808.375000 1279.363403 0.000000 1323.269043
27808.375000 1279.363403 0.000000 1323.375000
27808.375000 1279.363403 0.000000 1323.468994
27808.375000 1279.363403 0.000000 1323.564941
27808.375000 1279.363403 0.000000 1323.663940
27808.375000 1279.363403 0.000000 1323.769043
27808.375000 1279.363403 0.000000 1323.864014
27808.375000 1279.363403 0.000000 1323.963989
27808.375000 1279.363403 0.000000 1324.064941
27808.375000 1279.363403 0.000000 1324.163940
27808.375000 1279.363403 0.000000 1324.270020
27808.375000 1279.363403 0.000000 1324.364014
27808.375000 1279.363403 0.000000 1324.463989
27808.375000 1279.363403 0.000000 1324.573975
27808.375000 1279.363403 0.000000 1324.670044
27808.375000 1279.363403 0.000000 1324.764038
27808.375000 1279.363403 0.000000 1324.870972
27808.375000 1279.363403 0.000000 1324.975952
27808.375000 1279.363403 0.000000 1325.069946
27808.375000 1279.363403 0.000000 1325.177002
27808.375000 1279.363403 0.000000 1325.274048
27808.375000 1279.363403 0.000000 1325.364014
27808.375000 1279.363403 0.000000 1325.468994
27808.375000 1279.363403 0.000000 1325.569946
27808.375000 1279.363403 0.000000 1325.663940
27808.375000 1279.363403 0.000000 1325.764038
27808.375000 1279.363403 0.000000 1325.864014
27808.375000 1279.363403 0.000000 1325.968994
27808.375000 1279.363403 0.000000 1326.064941
27808.375000 1279.363403 0.000000 1326.166016
27808.375000 1279.363403 0.000000 1326.266968
27808.375000 1279.363403 0.000000 1326.369995
27808.375000 1279.363403 0.000000 1326.465942
27808.375000 1279.363403 0.000000 1326.568970
27808.375000 1279.363403 0.000000 1326.667969
27808.375000 1279.363403 0.000000 1326.767944
27808.375000 1279.363403 0.000000 1326.868042
27808.375000 1279.363403 0.000000 1326.968994
27808.375000 1279.363403 0.000000 1327.074951
27808.375000 1279.363403 0.000000 1327.173950
27808.375000 1279.363403 0.000000 1327.262939
27808.375000 1279.363403 0.000000 1327.368042
27808.375000 1279.363403 0.000000 1327.468018
27808.375000 1279.363403 0.000000 1327.567993
27808.375000 1279.363403 0.000000 1327.662964
27808.375000 1279.363403 0.000000 1327.767944
27808.375000 1279.363403 0.000000 1327.868042
27808.375000 1279.363403 0.000000 1327.969971
27808.375000 1279.363403 0.000000 1328.067993
27808.375000 1279.363403 0.000000 1328.168945
27808.375000 1279.363403 0.000000 1328.267944
27808.375000 1279.363403 0.000000 1328.368042
27808.375000 1279.363403 0.000000 1328.474976
27808.375000 1279.363403 0.000000 1328.574951
27808.375000 1279.363403 0.000000 1328.675049
27808.375000 1279.363403 0.000000 1328.775024
27808.375000 1279.363403 0.000000 1328.868042
27808.375000 1279.363403 0.000000 1328.973022
27808.375000 1279.363403 0.000000 1329.072998
27808.375000 1279.363403 0.000000 1329.167969
27808.375000 1279.363403 0.000000 1329.267944
27808.375000 1279.363403 0.000000 1329.379028
27808.375000 1279.363403 0.000000 1329.468018
27808.375000 1279.363403 0.000000 1329.572998
27808.375000 1279.363403 0.000000 1329.673950
27808.375000 1279.363403 0.000000 1329.767944
27808.375000 1279.363403 0.000000 1329.868042
27808.375000 1279.363403 0.000000 1329.968018
27808.375000 1279.363403 0.000000 1330.067993
27808.375000 1279.363403 0.000000 1330.173950
27808.375000 1279.363403 0.000000 1330.274048
27808.375000 1279.363403 0.000000 1330.369019
27808.375000 1279.363403 0.000000 1330.468994
27808.375000 1279.363403 0.000000 1330.568970
27808.375000 1279.363403 0.000000 1330.663940
27808.375000 1279.363403 0.000000 1330.764038
27808.375000 1279.363403 0.000000 1330.864014
27808.375000 1279.363403 0.000000 1330.968994
27808.375000 1279.363403 0.000000 1331.074951
27808.375000 1279.363403 0.000000 1331.173950
27808.375000 1279.363403 0.000000 1331.279053
27808.375000 1279.363403 0.000000 1331.374023
27808.375000 1279.363403 0.000000 1331.473999
27808.375000 1279.363403 0.000000 1331.583008
27808.375000 1279.363403 0.000000 1331.708008
27808.375000 1279.363403 0.000000 1331.802979
27808.500000 1279.363403 0.000000 1331.902954
27808.500000 1279.363403 0.000000 1332.008057
27808.500000 1279.363403 0.000000 1332.098022
27808.500000 1279.363403 0.000000 1332.202026
27808.500000 1279.363403 0.000000 1332.302002
27808.500000 1279.363403 0.000000 1332.401978
27808.500000 1279.363403 0.000000 1332.506958
27808.500000 1279.363403 0.000000 1332.603027
27808.500000 1279.363403 0.000000 1332.697998
27808.500000 1279.363403 0.000000 1332.797974
27808.500000 1279.363403 0.000000 1332.892944
27808.500000 1279.363403 0.000000 1332.999023
27808.500000 1279.363403 0.000000 1333.093018
27808.500000 1279.363403 0.000000 1333.197998
27808.500000 1279.363403 0.000000 1333.307983
27808.500000 1279.363403 0.000000 1333.405029
27808.500000 1279.363403 0.000000 1333.499023
27808.500000 1279.363403 0.000000 1333.593994
27808.500000 1279.363403 0.000000 1333.697998
27808.500000 1279.363403 0.000000 1333.792969
27808.500000 1279.363403 0.000000 1333.897949
27808.500000 1279.363403 0.000000 1333.993042
27808.500000 1279.363403 0.000000 1334.098022
27808.500000 1279.363403 0.000000 1334.203003
27808.500000 1279.363403 0.000000 1334.297974
27808.500000 1279.363403 0.000000 1334.397949
27808.500000 1279.363403 0.000000 1334.500977
27808.500000 1279.363403 0.000000 1334.600952
27808.500000 1279.363403 0.000000 1334.696045
27808.500000 1279.363403 0.000000 1334.810059
27808.500000 1279.363403 0.000000 1334.896973
27808.500000 1279.363403 0.000000 1334.995972
27808.500000 1279.363403 0.000000 1335.104980
27808.500000 1279.363403 0.000000 1335.196045
27808.500000 1279.363403 0.000000 1335.296021
27808.500000 1279.363403 0.000000 1335.395996
27808.500000 1279.363403 0.000000 1335.495972
27808.500000 1279.363403 0.000000 1335.602051
27808.500000 1279.363403 0.000000 1335.697998
27808.500000 1279.363403 0.000000 1335.796021
27808.500000 1279.363403 0.000000 1335.895996
27808.500000 1279.363403 0.000000 1336.005981
27808.500000 1279.363403 0.000000 1336.095947
27808.500000 1279.363403 0.000000 1336.192017
27808.500000 1279.363403 0.000000 1336.302002
27808.500000 1279.363403 0.000000 1336.396973
27808.500000 1279.363403 0.000000 1336.495972
27808.500000 1279.363403 0.000000 1336.600952
27808.500000 1279.363403 0.000000 1336.696045
27808.500000 1279.363403 0.000000 1336.798950
27808.500000 1279.363403 0.000000 1336.895996
27808.500000 1279.363403 0.000000 1336.996948
27808.500000 1279.363403 0.000000 1337.105957
27808.500000 1279.363403 0.000000 1337.206055
27808.500000 1279.363403 0.000000 1337.306030
27808.500000 1279.363403 0.000000 1337.406006
27808.500000 1279.363403 0.000000 1337.505981
27808.500000 1279.363403 0.000000 1337.605957
27808.500000 1279.363403 0.000000 1337.696045
27808.500000 1279.363403 0.000000 1337.796021
27808.500000 1279.363403 0.000000 1337.895996
27808.500000 1279.363403 0.000000 1337.994995
27808.500000 1279.363403 0.000000 1338.098022
27808.500000 1279.363403 0.000000 1338.196045
27808.500000 1279.363403 0.000000 1338.302002
27808.500000 1279.363403 0.000000 1338.405029
27808.500000 1279.363403 0.000000 1338.510010
27808.500000 1279.363403 0.000000 1338.604980
27808.500000 1279.363403 0.000000 1338.704956
27808.500000 1279.363403 0.000000 1338.796021
27808.500000 1279.363403 0.000000 1338.904053
27808.500000 1279.363403 0.000000 1339.004028
27808.500000 1279.363403 0.000000 1339.100952
27808.500000 1279.363403 0.000000 1339.197021
27808.500000 1279.363403 0.000000 1339.296021
27808.500000 1279.363403 0.000000 1339.397949
27808.500000 1279.363403 0.000000 1339.495972
27808.500000 1279.363403 0.000000 1339.598022
27808.500000 1279.363403 0.000000 1339.696045
27808.500000 1279.363403 0.000000 1339.796021
27808.500000 1279.363403 0.000000 1339.897949
27808.500000 1279.363403 0.000000 1339.995972
27808.500000 1279.363403 0.000000 1340.095947
27808.500000 1279.363403 0.000000 1340.196045
27808.500000 1279.363403 0.000000 1340.301025
27808.500000 1279.363403 0.000000 1340.392944
27808.500000 1279.363403 0.000000 1340.499023
27808.500000 1279.363403 0.000000 1340.597046
27808.500000 1279.363403 0.000000 1340.696045
27808.500000 1279.363403 0.000000 1340.797974
27808.500000 1279.363403 0.000000 1340.895996
27808.500000 1279.363403 0.000000 1340.995972
27808.500000 1279.363403 0.000000 1341.095947
27808.500000 1279.363403 0.000000 1341.196045
27808.500000 1279.363403 0.000000 1341.298950
27808.500000 1279.363403 0.000000 1341.400024
27808.500000 1279.363403 0.000000 1341.501953
27808.500000 1279.363403 0.000000 1341.593994
27808.500000 1279.363403 0.000000 1341.703979
27808.500000 1279.363403 0.000000 1341.793945
27808.500000 1279.363403 0.000000 1341.897949
27808.500000 1279.363403 0.000000 1341.995972
27808.500000 1279.363403 0.000000 1342.098022
27808.500000 1279.363403 0.000000 1342.197998
27808.500000 1279.363403 0.000000 1342.293945
27808.500000 1279.363403 0.000000 1342.406006
27808.500000 1279.363403 0.000000 1342.505981
27808.500000 1279.363403 0.000000 1342.605957
27808.500000 1279.363403 0.000000 1342.698975
27808.500000 1279.363403 0.000000 1342.798950
27808.500000 1279.363403 0.000000 1342.904053
27808.500000 1279.363403 0.000000 1343.006958
27808.500000 1279.363403 0.000000 1343.107056
27808.500000 1279.363403 0.000000 1343.198975
27808.500000 1279.363403 0.000000 1343.298950
27808.500000 1279.363403 0.000000 1343.406006
27808.500000 1279.363403 0.000000 1343.499023
27808.500000 1279.363403 0.000000 1343.598999
27808.500000 1279.363403 0.000000 1343.698975
27808.500000 1279.363403 0.000000 1343.801025
27808.500000 1279.363403 0.000000 1343.899048
27808.500000 1279.363403 0.000000 1343.999023
27808.500000 1279.363403 0.000000 1344.098999
27808.500000 1279.363403 0.000000 1344.199951
27808.500000 1279.363403 0.000000 1344.307983
27808.500000 1279.363403 0.000000 1344.407959
27808.500000 1279.363403 0.000000 1344.508057
27808.500000 1279.363403 0.000000 1344.605957
27808.500000 1279.363403 0.000000 1344.699951
27808.500000 1279.363403 0.000000 1344.803955
27808.500000 1279.363403 0.000000 1344.899048
27808.500000 1279.363403 0.000000 1344.999023
27808.500000 1279.363403 0.000000 1345.098999
27808.500000 1279.363403 0.000000 1345.199951
27808.500000 1279.363403 0.000000 1345.307007
27808.500000 1279.363403 0.000000 1345.399048
27808.500000 1279.363403 0.000000 1345.496948
27808.500000 1279.363403 0.000000 1345.597046
27808.500000 1279.363403 0.000000 1345.702026
27808.500000 1279.363403 0.000000 1345.798950
27808.500000 1279.363403 0.000000 1345.897949
27808.500000 1279.363403 0.000000 1345.998047
27808.500000 1279.363403 0.000000 1346.103027
27808.500000 1279.363403 0.000000 1346.203003
27808.500000 1279.363403 0.000000 1346.297974
27808.500000 1279.363403 0.000000 1346.399048
27808.500000 1279.363403 0.000000 1346.498047
27808.500000 1279.363403 0.000000 1346.598022
27808.500000 1279.363403 0.000000 1346.709961
27808.500000 1279.363403 0.000000 1346.797974
27808.500000 1279.363403 0.000000 1346.907959
27808.500000 1279.363403 0.000000 1347.004028
27808.500000 1279.363403 0.000000 1347.104004
27808.500000 1279.363403 0.000000 1347.197998
27808.500000 1279.363403 0.000000 1347.297974
27808.500000 1279.363403 0.000000 1347.397949
27808.500000 1279.363403 0.000000 1347.503052
27808.500000 1279.363403 0.000000 1347.598022
27808.500000 1279.363403 0.000000 1347.703003
27808.500000 1279.363403 0.000000 1347.797974
27808.500000 1279.363403 0.000000 1347.897949
27808.500000 1279.363403 0.000000 1347.998047
27808.500000 1279.363403 0.000000 1348.103027
27808.500000 1279.363403 0.000000 1348.197998
27808.500000 1279.363403 0.000000 1348.302979
27808.500000 1279.363403 0.000000 1348.402954
27808.500000 1279.363403 0.000000 1348.503052
27808.500000 1279.363403 0.000000 1348.603027
27808.500000 1279.363403 0.000000 1348.703003
27808.500000 1279.363403 0.000000 1348.797974
27808.500000 1279.363403 0.000000 1348.904053
27808.500000 1279.363403 0.000000 1349.005005
27808.500000 1279.363403 0.000000 1349.099976
27808.500000 1279.363403 0.000000 1349.206055
27808.500000 1279.363403 0.000000 1349.298950
27808.500000 1279.363403 0.000000 1349.406006
27808.500000 1279.363403 0.000000 1349.494019
27808.500000 1279.363403 0.000000 1349.598999
27808.500000 1279.363403 0.000000 1349.699951
27808.500000 1279.363403 0.000000 1349.800049
27808.500000 1279.363403 0.000000 1349.899048
27808.500000 1279.363403 0.000000 1350.005981
27808.500000 1279.363403 0.000000 1350.099976
27808.500000 1279.363403 0.000000 1350.218018
27808.500000 1279.363403 0.000000 1350.323975
27808.500000 1279.363403 0.000000 1350.418945
27808.500000 1279.363403 0.000000 1350.520020
27808.500000 1279.363403 0.000000 1350.619995
27808.500000 1279.363403 0.000000 1350.717041
27808.500000 1279.363403 0.000000 1350.810059
27808.500000 1279.363403 0.000000 1350.909058
27808.500000 1279.363403 0.000000 1351.014038
27808.500000 1279.363403 0.000000 1351.114014
27808.500000 1279.363403 0.000000 1351.209961
27808.500000 1279.363403 0.000000 1351.313965
27808.500000 1279.363403 0.000000 1351.409058
27808.500000 1279.363403 0.000000 1351.510010
27808.500000 1279.363403 0.000000 1351.618042
27808.500000 1279.363403 0.000000 1351.708984
27808.500000 1279.363403 0.000000 1351.818970
27808.500000 1279.363403 0.000000 1351.918945
27808.500000 1279.363403 0.000000 1352.009033
27808.500000 1279.363403 0.000000 1352.109009
27808.500000 1279.363403 0.000000 1352.208984
27808.500000 1279.363403 0.000000 1352.316040
27808.500000 1279.363403 0.000000 1352.413940
27808.500000 1279.363403 0.000000 1352.520020
27808.500000 1279.363403 0.000000 1352.614990
27808.500000 1279.363403 0.000000 1352.713989
27808.500000 1279.363403 0.000000 1352.817993
27808.500000 1279.363403 0.000000 1352.917969
27808.500000 1279.363403 0.000000 1353.009033
27808.500000 1279.363403 0.000000 1353.109009
27808.500000 1279.363403 0.000000 1353.208984
27808.500000 1279.363403 0.000000 1353.308960
27808.500000 1279.363403 0.000000 1353.413940
27808.500000 1279.363403 0.000000 1353.520996
27808.500000 1279.363403 0.000000 1353.620972
27808.500000 1279.363403 0.000000 1353.723999
27808.500000 1279.363403 0.000000 1353.821045
27808.500000 1279.363403 0.000000 1353.904053
27808.500000 1279.363403 0.000000 1354.017944
27808.500000 1279.363403 0.000000 1354.109009
27808.500000 1279.363403 0.000000 1354.208984
27808.500000 1279.363403 0.000000 1354.310059
27808.500000 1279.363403 0.000000 1354.412964
27808.500000 1279.363403 0.000000 1354.519043
27808.500000 1279.363403 0.000000 1354.619019
27808.500000 1279.363403 0.000000 1354.714966
27808.500000 1279.363403 0.000000 1354.811035
27808.500000 1279.363403 0.000000 1354.910034
27808.500000 1279.363403 0.000000 1355.020996
27808.500000 1279.363403 0.000000 1355.114990
27808.500000 1279.363403 0.000000 1355.209961
27808.500000 1279.363403 0.000000 1355.311035
27808.500000 1279.363403 0.000000 1355.410034
27808.500000 1279.363403 0.000000 1355.510010
27808.500000 1279.363403 0.000000 1355.610962
27808.500000 1279.363403 0.000000 1355.712036
27808.500000 1279.363403 0.000000 1355.810059
27808.500000 1279.363403 0.000000 1355.915039
27808.500000 1279.363403 0.000000 1356.011963
27808.500000 1279.363403 0.000000 1356.109985
27808.500000 1279.363403 0.000000 1356.215942
27808.500000 1279.363403 0.000000 1356.314941
27808.500000 1279.363403 0.000000 1356.410034
27808.500000 1279.363403 0.000000 1356.510010
27808.500000 1279.363403 0.000000 1356.609985
27808.500000 1279.363403 0.000000 1356.719971
27808.500000 1279.363403 0.000000 1356.819946
27808.500000 1279.363403 0.000000 1356.916016
27808.500000 1279.363403 0.000000 1357.015991
27808.500000 1279.363403 0.000000 1357.116943
27808.500000 1279.363403 0.000000 1357.213989
27808.500000 1279.363403 0.000000 1357.308960
27808.500000 1279.363403 0.000000 1357.418945
27808.500000 1279.363403 0.000000 1357.514038
27808.500000 1279.363403 0.000000 1357.609009
27808.500000 1279.363403 0.000000 1357.712036
27808.500000 1279.363403 0.000000 1357.812012
27808.500000 1279.363403 0.000000 1357.911987
27808.500000 1279.363403 0.000000 1358.011963
27808.500000 1279.363403 0.000000 1358.112061
27808.500000 1279.363403 0.000000 1358.218018
27808.500000 1279.363403 0.000000 1358.312012
27808.500000 1279.363403 0.000000 1358.423950
27808.500000 1279.363403 0.000000 1358.510986
27808.500000 1279.363403 0.000000 1358.610962
27808.500000 1279.363403 0.000000 1358.712036
27808.500000 1279.363403 0.000000 1358.806030
27808.500000 1279.363403 0.000000 1358.911011
27808.500000 1279.363403 0.000000 1359.010986
27808.500000 1279.363403 0.000000 1359.123047
27808.500000 1279.363403 0.000000 1359.218018
27808.500000 1279.363403 0.000000 1359.317993
27808.500000 1279.363403 0.000000 1359.421021
27808.500000 1279.363403 0.000000 1359.520996
27808.500000 1279.363403 0.000000 1359.620972
27808.500000 1279.363403 0.000000 1359.714966
27808.500000 1279.363403 0.000000 1359.807983
27808.500000 1279.363403 0.000000 1359.915039
27808.500000 1279.363403 0.000000 1360.012939
27808.500000 1279.363403 0.000000 1360.113037
27808.500000 1279.363403 0.000000 1360.219971
27808.500000 1279.363403 0.000000 1360.313965
27808.500000 1279.363403 0.000000 1360.417969
27808.500000 1279.363403 0.000000 1360.519043
27808.500000 1279.363403 0.000000 1360.614014
27808.500000 1279.363403 0.000000 1360.718994
27808.500000 1279.363403 0.000000 1360.817993
27808.500000 1279.363403 0.000000 1360.912964
27808.500000 1279.363403 0.000000 1361.008057
27808.500000 1279.363403 0.000000 1361.114014
27808.500000 1279.363403 0.000000 1361.213989
27808.500000 1279.363403 0.000000 1361.321045
27808.500000 1279.363403 0.000000 1361.413940
27808.500000 1279.363403 0.000000 1361.512939
27808.500000 1279.363403 0.000000 1361.612061
27808.500000 1279.363403 0.000000 1361.712036
27808.500000 1279.363403 0.000000 1361.817993
27808.500000 1279.363403 0.000000 1361.912964
27808.500000 1279.363403 0.000000 1362.014038
27808.500000 1279.363403 0.000000 1362.110962
27808.500000 1279.363403 0.000000 1362.215942
27808.500000 1279.363403 0.000000 1362.321045
27808.500000 1279.363403 0.000000 1362.421021
27808.500000 1279.363403 0.000000 1362.520996
27808.500000 1279.363403 0.000000 1362.610962
27808.500000 1279.363403 0.000000 1362.711060
27808.500000 1279.363403 0.000000 1362.811035
27808.500000 1279.363403 0.000000 1362.911011
27808.500000 1279.363403 0.000000 1363.016968
27808.500000 1279.363403 0.000000 1363.116943
27808.500000 1279.363403 0.000000 1363.212036
27808.500000 1279.363403 0.000000 1363.313965
27808.500000 1279.363403 0.000000 1363.411987
27808.500000 1279.363403 0.000000 1363.520020
27808.500000 1279.363403 0.000000 1363.616943
27808.500000 1279.363403 0.000000 1363.712036
27808.500000 1279.363403 0.000000 1363.812012
27808.500000 1279.363403 0.000000 1363.917969
27808.500000 1279.363403 0.000000 1364.012939
27808.500000 1279.363403 0.000000 1364.114014
27808.500000 1279.363403 0.000000 1364.213013
27808.500000 1279.363403 0.000000 1364.312988
27808.500000 1279.363403 0.000000 1364.407959
27808.500000 1279.363403 0.000000 1364.520996
27808.500000 1279.363403 0.000000 1364.620972
27808.500000 1279.363403 0.000000 1364.715942
27808.500000 1279.363403 0.000000 1364.821045
27808.500000 1279.363403 0.000000 1364.912964
27808.500000 1279.363403 0.000000 1365.008057
27808.500000 1279.363403 0.000000 1365.121948
27808.500000 1279.363403 0.000000 1365.222046
27808.500000 1279.363403 0.000000 1365.317017
27808.500000 1279.363403 0.000000 1365.421997
27808.500000 1279.363403 0.000000 1365.516968
27808.500000 1279.363403 0.000000 1365.621948
27808.500000 1279.363403 0.000000 1365.713013
27808.500000 1279.363403 0.000000 1365.812988
27808.500000 1279.363403 0.000000 1365.916016
27808.500000 1279.363403 0.000000 1366.014038
27808.500000 1279.363403 0.000000 1366.110962
27808.500000 1279.363403 0.000000 1366.212036
27808.500000 1279.363403 0.000000 1366.311035
27808.500000 1279.363403 0.000000 1366.411011
27808.500000 1279.363403 0.000000 1366.511963
27808.500000 1279.363403 0.000000 1366.610962
27808.500000 1279.363403 0.000000 1366.713013
27808.500000 1279.363403 0.000000 1366.817993
27808.500000 1279.363403 0.000000 1366.917969
27808.500000 1279.363403 0.000000 1367.010986
27808.500000 1279.363403 0.000000 1367.110962
27808.500000 1279.363403 0.000000 1367.215942
27808.500000 1279.363403 0.000000 1367.311035
27808.500000 1279.363403 0.000000 1367.411011
27808.500000 1279.363403 0.000000 1367.520020
27808.500000 1279.363403 0.000000 1367.610962
27808.500000 1279.363403 0.000000 1367.711060
27808.500000 1279.363403 0.000000 1367.816040
27808.500000 1279.363403 0.000000 1367.916016
27808.500000 1279.363403 0.000000 1368.021973
27808.500000 1279.363403 0.000000 1368.121948
27808.500000 1279.363403 0.000000 1368.215942
27808.500000 1279.363403 0.000000 1368.316040
27808.500000 1279.363403 0.000000 1368.416016
27808.500000 1279.363403 0.000000 1368.521973
27808.500000 1279.363403 0.000000 1368.615967
27808.500000 1279.363403 0.000000 1368.715942
27808.500000 1279.363403 0.000000 1368.816040
27808.500000 1279.363403 0.000000 1368.916016
27808.500000 1279.363403 0.000000 1369.015991
27808.500000 1279.363403 0.000000 1369.115967
27808.500000 1279.363403 0.000000 1369.222046
27808.500000 1279.363403 0.000000 1369.316040
27808.500000 1279.363403 0.000000 1369.426025
27808.500000 1279.363403 0.000000 1369.515991
27808.500000 1279.363403 0.000000 1369.621948
27808.500000 1279.363403 0.000000 1369.715942
27808.500000 1279.363403 0.000000 1369.822998
27808.500000 1279.363403 0.000000 1369.916992
27808.500000 1279.363403 0.000000 1370.015991
27808.500000 1279.363403 0.000000 1370.120972
27808.500000 1279.363403 0.000000 1370.215942
27808.500000 1279.363403 0.000000 1370.329956
27808.500000 1279.363403 0.000000 1370.421021
27808.500000 1279.363403 0.000000 1370.522949
27808.500000 1279.363403 0.000000 1370.620972
27808.500000 1279.363403 0.000000 1370.720947
27808.500000 1279.363403 0.000000 1370.821045
27808.500000 1279.363403 0.000000 1370.921021
27808.500000 1279.363403 0.000000 1371.022949
27808.500000 1279.363403 0.000000 1371.126953
27808.500000 1279.363403 0.000000 1371.220947
27808.500000 1279.363403 0.000000 1371.317017
27808.500000 1279.363403 0.000000 1371.416992
27808.500000 1279.363403 0.000000 1371.524048
27808.500000 1279.363403 0.000000 1371.630981
27808.500000 1279.363403 0.000000 1371.727051
27808.500000 1279.363403 0.000000 1371.822021
27808.500000 1279.363403 0.000000 1371.922974
27808.500000 1279.363403 0.000000 1372.022949
27808.500000 1279.363403 0.000000 1372.116943
27808.500000 1279.363403 0.000000 1372.223022
27808.500000 1279.363403 0.000000 1372.317017
27808.500000 1279.363403 0.000000 1372.416992
27808.500000 1279.363403 0.000000 1372.521973
27808.500000 1279.363403 0.000000 1372.616943
27808.500000 1279.363403 0.000000 1372.723022
27808.500000 1279.363403 0.000000 1372.822021
27808.500000 1279.363403 0.000000 1372.921997
27808.500000 1279.363403 0.000000 1373.017944
27808.500000 1279.363403 0.000000 1373.116943
27808.500000 1279.363403 0.000000 1373.222046
27808.500000 1279.363403 0.000000 1373.322021
27808.500000 1279.363403 0.000000 1373.421997
27808.500000 1279.363403 0.000000 1373.529053
27808.500000 1279.363403 0.000000 1373.624023
27808.500000 1279.363403 0.000000 1373.723999
27808.500000 1279.363403 0.000000 1373.823975
27808.500000 1279.363403 0.000000 1373.918945
27808.500000 1279.363403 0.000000 1374.019043
27808.500000 1279.363403 0.000000 1374.120972
27808.500000 1279.363403 0.000000 1374.234009
27808.500000 1279.363403 0.000000 1374.326050
27808.500000 1279.363403 0.000000 1374.428955
27808.500000 1279.363403 0.000000 1374.534058
27808.500000 1279.363403 0.000000 1374.623047
27808.500000 1279.363403 0.000000 1374.728027
27808.500000 1279.363403 0.000000 1374.828003
27808.500000 1279.363403 0.000000 1374.927979
27808.500000 1279.363403 0.000000 1375.026978
27808.500000 1279.363403 0.000000 1375.126953
27808.500000 1279.363403 0.000000 1375.219971
27808.500000 1279.363403 0.000000 1375.321045
27808.500000 1279.363403 0.000000 1375.420044
27808.500000 1279.363403 0.000000 1375.520020
27808.500000 1279.363403 0.000000 1375.619995
27808.500000 1279.363403 0.000000 1375.714966
27808.500000 1279.363403 0.000000 1375.824951
27808.500000 1279.363403 0.000000 1375.921021
27808.500000 1279.363403 0.000000 1376.015015
27808.500000 1279.363403 0.000000 1376.120972
27808.500000 1279.363403 0.000000 1376.223022
27808.500000 1279.363403 0.000000 1376.321045
27808.500000 1279.363403 0.000000 1376.421021
27808.500000 1279.363403 0.000000 1376.520996
27808.500000 1279.363403 0.000000 1376.629028
27808.500000 1279.363403 0.000000 1376.729004
27808.500000 1279.363403 0.000000 1376.828979
27808.500000 1279.363403 0.000000 1376.928955
27808.500000 1279.363403 0.000000 1377.029053
27808.500000 1279.363403 0.000000 1377.129028
27808.500000 1279.363403 0.000000 1377.229980
27808.500000 1279.363403 0.000000 1377.321045
27808.500000 1279.363403 0.000000 1377.421021
27808.500000 1279.363403 0.000000 1377.520996
27808.500000 1279.363403 0.000000 1377.620972
27808.500000 1279.363403 0.000000 1377.722046
27808.500000 1279.363403 0.000000 1377.822998
27808.500000 1279.363403 0.000000 1377.921997
27808.500000 1279.363403 0.000000 1378.025024
27808.500000 1279.363403 0.000000 1378.123047
27808.500000 1279.363403 0.000000 1378.228027
27808.500000 1279.363403 0.000000 1378.317993
27808.500000 1279.363403 0.000000 1378.416992
27808.500000 1279.363403 0.000000 1378.526001
27808.500000 1279.363403 0.000000 1378.625977
27808.500000 1279.363403 0.000000 1378.717041
27808.500000 1279.363403 0.000000 1378.817993
27808.500000 1279.363403 0.000000 1378.917969
27808.500000 1279.363403 0.000000 1379.017944
27808.500000 1279.363403 0.000000 1379.123047
27808.500000 1279.363403 0.000000 1379.223999
27808.500000 1279.363403 0.000000 1379.322998
27808.500000 1279.363403 0.000000 1379.418945
27808.500000 1279.363403 0.000000 1379.540039
27808.500000 1279.363403 0.000000 1379.618042
27808.500000 1279.363403 0.000000 1379.718018
27808.500000 1279.363403 0.000000 1379.819946
27808.500000 1279.363403 0.000000 1379.921021
27808.500000 1279.363403 0.000000 1380.022949
27808.500000 1279.363403 0.000000 1380.128052
27808.500000 1279.363403 0.000000 1380.228027
27808.500000 1279.363403 0.000000 1380.323975
27808.500000 1279.363403 0.000000 1380.418945
27808.500000 1279.363403 0.000000 1380.524048
27808.500000 1279.363403 0.000000 1380.618042
27808.500000 1279.363403 0.000000 1380.723022
27808.500000 1279.363403 0.000000 1380.822998
27808.500000 1279.363403 0.000000 1380.923950
27808.500000 1279.363403 0.000000 1381.017944
27808.500000 1279.363403 0.000000 1381.125000
27808.500000 1279.363403 0.000000 1381.218018
27808.500000 1279.363403 0.000000 1381.323975
27808.500000 1279.363403 0.000000 1381.421997
27808.500000 1279.363403 0.000000 1381.517944
27808.500000 1279.363403 0.000000 1381.618042
27808.500000 1279.363403 0.000000 1381.718018
27808.500000 1279.363403 0.000000 1381.823975
27808.500000 1279.363403 0.000000 1381.922974
27808.500000 1279.363403 0.000000 1382.017944
27808.500000 1279.363403 0.000000 1382.119019
27808.500000 1279.363403 0.000000 1382.223022
27808.500000 1279.363403 0.000000 1382.317993
27808.500000 1279.363403 0.000000 1382.417969
27808.500000 1279.363403 0.000000 1382.526001
27808.500000 1279.363403 0.000000 1382.625977
27808.500000 1279.363403 0.000000 1382.725952
27808.500000 1279.363403 0.000000 1382.831055
27808.500000 1279.363403 0.000000 1382.917969
27808.500000 1279.363403 0.000000 1383.020996
27808.500000 1279.363403 0.000000 1383.125977
27808.500000 1279.363403 0.000000 1383.220947
27808.500000 1279.363403 0.000000 1383.318970
27808.500000 1279.363403 0.000000 1383.427002
27808.500000 1279.363403 0.000000 1383.515991
27808.500000 1279.363403 0.000000 1383.620972
27808.500000 1279.363403 0.000000 1383.720947
27808.500000 1279.363403 0.000000 1383.822021
27808.500000 1279.363403 0.000000 1383.921021
27808.500000 1279.363403 0.000000 1384.021973
27808.500000 1279.363403 0.000000 1384.120972
27808.500000 1279.363403 0.000000 1384.220947
27808.500000 1279.363403 0.000000 1384.316040
27808.500000 1279.363403 0.000000 1384.421021
27808.500000 1279.363403 0.000000 1384.520020
27808.500000 1279.363403 0.000000 1384.621948
27808.500000 1279.363403 0.000000 1384.717041
27808.500000 1279.363403 0.000000 1384.822021
27808.500000 1279.363403 0.000000 1384.921997
27808.500000 1279.363403 0.000000 1385.017944
27808.500000 1279.363403 0.000000 1385.121948
27808.500000 1279.363403 0.000000 1385.222046
27808.500000 1279.363403 0.000000 1385.318970
27808.500000 1279.363403 0.000000 1385.428955
27808.500000 1279.363403 0.000000 1385.529053
27808.500000 1279.363403 0.000000 1385.624023
27808.500000 1279.363403 0.000000 1385.729004
27808.500000 1279.363403 0.000000 1385.822998
27808.500000 1279.363403 0.000000 1385.921997
27808.500000 1279.363403 0.000000 1386.020996
27808.500000 1279.363403 0.000000 1386.126953
27808.500000 1279.363403 0.000000 1386.222046
27808.500000 1279.363403 0.000000 1386.322021
27808.500000 1279.363403 0.000000 1386.432007
27808.500000 1279.363403 0.000000 1386.531982
27808.500000 1279.363403 0.000000 1386.626953
27808.500000 1279.363403 0.000000 1386.717041
27808.500000 1279.363403 0.000000 1386.817017
27808.500000 1279.363403 0.000000 1386.921997
27808.500000 1279.363403 0.000000 1387.016968
27808.500000 1279.363403 0.000000 1387.121948
27808.500000 1279.363403 0.000000 1387.222046
27808.500000 1279.363403 0.000000 1387.322021
27808.500000 1279.363403 0.000000 1387.427002
27808.500000 1279.363403 0.000000 1387.516968
27808.500000 1279.363403 0.000000 1387.619995
27808.500000 1279.363403 0.000000 1387.717041
27808.500000 1279.363403 0.000000 1387.822021
27808.500000 1279.363403 0.000000 1387.927979
27808.500000 1279.363403 0.000000 1388.016968
27808.500000 1279.363403 0.000000 1388.121948
27808.500000 1279.363403 0.000000 1388.217041
27808.500000 1279.363403 0.000000 1388.317993
27808.500000 1279.363403 0.000000 1388.430054
27808.500000 1279.363403 0.000000 1388.520020
27808.500000 1279.363403 0.000000 1388.620972
27808.500000 1279.363403 0.000000 1388.719971
27808.500000 1279.363403 0.000000 1388.817017
27808.500000 1279.363403 0.000000 1388.921997
27808.500000 1279.363403 0.000000 1389.026978
27808.500000 1279.363403 0.000000 1389.119995
27808.500000 1279.363403 0.000000 1389.219971
27808.500000 1279.363403 0.000000 1389.319946
27808.500000 1279.363403 0.000000 1389.427979
27808.500000 1279.363403 0.000000 1389.520020
27808.500000 1279.363403 0.000000 1389.619995
27808.500000 1279.363403 0.000000 1389.719971
27808.500000 1279.363403 0.000000 1389.819946
27808.500000 1279.363403 0.000000 1389.927002
27808.500000 1279.363403 0.000000 1390.024048
27808.500000 1279.363403 0.000000 1390.119995
27808.500000 1279.363403 0.000000 1390.224976
27808.500000 1279.363403 0.000000 1390.322998
27808.500000 1279.363403 0.000000 1390.426025
27808.500000 1279.363403 0.000000 1390.517944
27808.500000 1279.363403 0.000000 1390.626953
27808.500000 1279.363403 0.000000 1390.730957
27808.500000 1279.363403 0.000000 1390.826050
27808.500000 1279.363403 0.000000 1390.926025
27808.500000 1279.363403 0.000000 1391.025024
27808.500000 1279.363403 0.000000 1391.125977
27808.500000 1279.363403 0.000000 1391.218018
27808.500000 1279.363403 0.000000 1391.317993
27808.500000 1279.363403 0.000000 1391.418945
27808.500000 1279.363403 0.000000 1391.517944
27808.500000 1279.363403 0.000000 1391.618042
27808.500000 1279.363403 0.000000 1391.718018
27808.500000 1279.363403 0.000000 1391.817993
27808.500000 1279.363403 0.000000 1391.932983
27808.500000 1279.363403 0.000000 1392.027954
27808.500000 1279.363403 0.000000 1392.128052
27808.500000 1279.363403 0.000000 1392.228027
27808.500000 1279.363403 0.000000 1392.328003
27808.500000 1279.363403 0.000000 1392.432983
27808.500000 1279.363403 0.000000 1392.521973
27808.500000 1279.363403 0.000000 1392.626953
27808.500000 1279.363403 0.000000 1392.727051
27808.500000 1279.363403 0.000000 1392.824951
27808.500000 1279.363403 0.000000 1392.925049
27808.500000 1279.363403 0.000000 1393.017944
27808.500000 1279.363403 0.000000 1393.118042
27808.500000 1279.363403 0.000000 1393.218018
27808.500000 1279.363403 0.000000 1393.317993
27808.500000 1279.363403 0.000000 1393.432007
27808.500000 1279.363403 0.000000 1393.526978
27808.500000 1279.363403 0.000000 1393.626953
27808.500000 1279.363403 0.000000 1393.718018
27808.500000 1279.363403 0.000000 1393.817993
27808.500000 1279.363403 0.000000 1393.927002
27808.500000 1279.363403 0.000000 1394.026978
27808.500000 1279.363403 0.000000 1394.128052
27808.500000 1279.363403 0.000000 1394.218018
27808.500000 1279.363403 0.000000 1394.332031
27808.500000 1279.363403 0.000000 1394.427002
27808.500000 1279.363403 0.000000 1394.526978
27808.500000 1279.363403 0.000000 1394.626953
27808.500000 1279.363403 0.000000 1394.727051
27808.500000 1279.363403 0.000000 1394.832031
27808.500000 1279.363403 0.000000 1394.927002
27808.500000 1279.363403 0.000000 1395.026978
27808.500000 1279.363403 0.000000 1395.131958
27808.500000 1279.363403 0.000000 1395.227051
27808.500000 1279.363403 0.000000 1395.327026
27808.500000 1279.363403 0.000000 1395.427002
27808.500000 1279.363403 0.000000 1395.522949
27808.500000 1279.363403 0.000000 1395.625000
27808.500000 1279.363403 0.000000 1395.723022
27808.500000 1279.363403 0.000000 1395.817993
27808.500000 1279.363403 0.000000 1395.915039
27808.500000 1279.363403 0.000000 1396.017944
27808.500000 1279.363403 0.000000 1396.125977
27808.500000 1279.363403 0.000000 1396.230957
27808.500000 1279.363403 0.000000 1396.326050
27808.500000 1279.363403 0.000000 1396.426025
27808.500000 1279.363403 0.000000 1396.531006
27808.500000 1279.363403 0.000000 1396.620972
27808.500000 1279.363403 0.000000 1396.718018
27808.500000 1279.363403 0.000000 1396.818970
27808.500000 1279.363403 0.000000 1396.917969
27808.500000 1279.363403 0.000000 1397.017944
27808.500000 1279.363403 0.000000 1397.125977
27808.500000 1279.363403 0.000000 1397.218018
27808.500000 1279.363403 0.000000 1397.317993
27808.500000 1279.363403 0.000000 1397.417969
27808.500000 1279.363403 0.000000 1397.517944
27808.500000 1279.363403 0.000000 1397.618042
27808.500000 1279.363403 0.000000 1397.718018
27808.500000 1279.363403 0.000000 1397.817993
27808.500000 1279.363403 0.000000 1397.918945
27808.500000 1279.363403 0.000000 1398.020020
27808.500000 1279.363403 0.000000 1398.119995
27808.500000 1279.363403 0.000000 1398.228027
27808.500000 1279.363403 0.000000 1398.333008
27808.500000 1279.363403 0.000000 1398.435059
27808.500000 1279.363403 0.000000 1398.535034
27808.500000 1279.363403 0.000000 1398.635010
27808.500000 1279.363403 0.000000 1398.734985
27808.500000 1279.363403 0.000000 1398.833008
27808.500000 1279.363403 0.000000 1398.927979
27808.500000 1279.363403 0.000000 1399.032959
27808.500000 1279.363403 0.000000 1399.126953
27808.500000 1279.363403 0.000000 1399.220947
27808.500000 1279.363403 0.000000 1399.326050
27808.500000 1279.363403 0.000000 1399.421021
27808.500000 1279.363403 0.000000 1399.520996
27808.500000 1279.363403 0.000000 1399.628052
27808.500000 1279.363403 0.000000 1399.725952
27808.500000 1279.363403 0.000000 1399.826050
27808.500000 1279.363403 0.000000 1399.923950
27808.500000 1279.363403 0.000000 1400.027954
27808.500000 1279.363403 0.000000 1400.123047
27808.500000 1279.363403 0.000000 1400.223022
27808.500000 1279.363403 0.000000 1400.322998
27808.500000 1279.363403 0.000000 1400.422974
27808.500000 1279.363403 0.000000 1400.531006
27808.500000 1279.363403 0.000000 1400.630981
27808.500000 1279.363403 0.000000 1400.724976
27808.500000 1279.363403 0.000000 1400.822998
27808.500000 1279.363403 0.000000 1400.922974
27808.500000 1279.363403 0.000000 1401.022949
27808.500000 1279.363403 0.000000 1401.131958
27808.500000 1279.363403 0.000000 1401.232056
27808.500000 1279.363403 0.000000 1401.332031
27808.500000 1279.363403 0.000000 1401.425049
27808.500000 1279.363403 0.000000 1401.524048
27808.500000 1279.363403 0.000000 1401.630005
27808.500000 1279.363403 0.000000 1401.725952
27808.500000 1279.363403 0.000000 1401.824951
27808.500000 1279.363403 0.000000 1401.933960
27808.500000 1279.363403 0.000000 1402.034058
27808.500000 1279.363403 0.000000 1402.134033
27808.500000 1279.363403 0.000000 1402.234009
27808.500000 1279.363403 0.000000 1402.333984
27808.500000 1279.363403 0.000000 1402.438965
27808.500000 1279.363403 0.000000 1402.534058
27808.500000 1279.363403 0.000000 1402.634033
27808.500000 1279.363403 0.000000 1402.730957
27808.500000 1279.363403 0.000000 1402.824951
27808.500000 1279.363403 0.000000 1402.925049
27808.500000 1279.363403 0.000000 1403.025024
27808.500000 1279.363403 0.000000 1403.130005
27808.500000 1279.363403 0.000000 1403.229980
27808.500000 1279.363403 0.000000 1403.324951
27808.500000 1279.363403 0.000000 1403.426025
27808.500000 1279.363403 0.000000 1403.525024
27808.500000 1279.363403 0.000000 1403.625000
27808.500000 1279.363403 0.000000 1403.724976
27808.500000 1279.363403 0.000000 1403.833008
27808.500000 1279.363403 0.000000 1403.932983
27808.500000 1279.363403 0.000000 1404.032959
27808.500000 1279.363403 0.000000 1404.125000
27808.500000 1279.363403 0.000000 1404.223022
27808.500000 1279.363403 0.000000 1404.327026
27808.500000 1279.363403 0.000000 1404.431030
27808.500000 1279.363403 0.000000 1404.525024
27808.500000 1279.363403 0.000000 1404.630005
27808.500000 1279.363403 0.000000 1404.735962
27808.500000 1279.363403 0.000000 1404.824951
27808.500000 1279.363403 0.000000 1404.931030
27808.500000 1279.363403 0.000000 1405.031006
27808.500000 1279.363403 0.000000 1405.125000
27808.500000 1279.363403 0.000000 1405.234985
27808.500000 1279.363403 0.000000 1405.334961
27808.500000 1279.363403 0.000000 1405.428955
27808.500000 1279.363403 0.000000 1405.527954
27808.500000 1279.363403 0.000000 1405.630005
27808.500000 1279.363403 0.000000 1405.729980
27808.500000 1279.363403 0.000000 1405.824951
27808.500000 1279.363403 0.000000 1405.933960
27808.500000 1279.363403 0.000000 1406.026001
27808.500000 1279.363403 0.000000 1406.125977
27808.500000 1279.363403 0.000000 1406.229980
27808.500000 1279.363403 0.000000 1406.329956
27808.500000 1279.363403 0.000000 1406.425049
27808.500000 1279.363403 0.000000 1406.530029
27808.500000 1279.363403 0.000000 1406.635010
27808.500000 1279.363403 0.000000 1406.738037
27808.500000 1279.363403 0.000000 1406.833008
27808.500000 1279.363403 0.000000 1406.937988
27808.500000 1279.363403 0.000000 1407.038940
27808.500000 1279.363403 0.000000 1407.144043
27808.500000 1279.363403 0.000000 1407.234009
27808.500000 1279.363403 0.000000 1407.329956
27808.500000 1279.363403 0.000000 1407.427979
27808.500000 1279.363403 0.000000 1407.522949
27808.500000 1279.363403 0.000000 1407.630005
27808.500000 1279.363403 0.000000 1407.724976
27808.500000 1279.363403 0.000000 1407.831055
27808.500000 1279.363403 0.000000 1407.925049
27808.500000 1279.363403 0.000000 1408.030029
27808.500000 1279.363403 0.000000 1408.125000
27808.500000 1279.363403 0.000000 1408.229980
27808.500000 1279.363403 0.000000 1408.329956
27808.500000 1279.363403 0.000000 1408.430054
27808.500000 1279.363403 0.000000 1408.531006
27808.500000 1279.363403 0.000000 1408.633057
27808.500000 1279.363403 0.000000 1408.728027
27808.500000 1279.363403 0.000000 1408.828979
27808.500000 1279.363403 0.000000 1408.936035
27808.500000 1279.363403 0.000000 1409.036011
27808.500000 1279.363403 0.000000 1409.135986
27808.500000 1279.363403 0.000000 1409.234009
27808.500000 1279.363403 0.000000 1409.328979
27808.500000 1279.363403 0.000000 1409.428955
27808.500000 1279.363403 0.000000 1409.531006
27808.500000 1279.363403 0.000000 1409.625977
27808.500000 1279.363403 0.000000 1409.725952
27808.500000 1279.363403 0.000000 1409.832031
27808.500000 1279.363403 0.000000 1409.926025
27808.500000 1279.363403 0.000000 1410.031982
27808.500000 1279.363403 0.000000 1410.125977
27808.500000 1279.363403 0.000000 1410.225952
27808.500000 1279.363403 0.000000 1410.326050
27808.500000 1279.363403 0.000000 1410.426025
27808.500000 1279.363403 0.000000 1410.531006
27808.500000 1279.363403 0.000000 1410.625977
27808.500000 1279.363403 0.000000 1410.727051
27808.500000 1279.363403 0.000000 1410.836060
27808.500000 1279.363403 0.000000 1410.927002
27808.500000 1279.363403 0.000000 1411.026978
27808.500000 1279.363403 0.000000 1411.126953
27808.500000 1279.363403 0.000000 1411.232056
27808.500000 1279.363403 0.000000 1411.328979
27808.500000 1279.363403 0.000000 1411.428955
27808.500000 1279.363403 0.000000 1411.529053
27808.500000 1279.363403 0.000000 1411.624023
27808.500000 1279.363403 0.000000 1411.729004
27808.500000 1279.363403 0.000000 1411.832031
27808.500000 1279.363403 0.000000 1411.937012
27808.500000 1279.363403 0.000000 1412.036987
27808.500000 1279.363403 0.000000 1412.125977
27808.500000 1279.363403 0.000000 1412.224976
27808.500000 1279.363403 0.000000 1412.324951
27808.500000 1279.363403 0.000000 1412.425049
27808.500000 1279.363403 0.000000 1412.526978
27808.500000 1279.363403 0.000000 1412.625977
27808.500000 1279.363403 0.000000 1412.724976
27808.500000 1279.363403 0.000000 1412.827026
27808.500000 1279.363403 0.000000 1412.935059
27808.500000 1279.363403 0.000000 1413.025024
27808.500000 1279.363403 0.000000 1413.130981
27808.500000 1279.363403 0.000000 1413.227051
27808.500000 1279.363403 0.000000 1413.333008
27808.500000 1279.363403 0.000000 1413.428955
27808.500000 1279.363403 0.000000 1413.527954
27808.500000 1279.363403 0.000000 1413.630005
27808.500000 1279.363403 0.000000 1413.734985
27808.500000 1279.363403 0.000000 1413.833984
27808.500000 1279.363403 0.000000 1413.932983
27808.500000 1279.363403 0.000000 1414.041016
27808.500000 1279.363403 0.000000 1414.129028
27808.500000 1279.363403 0.000000 1414.244019
27808.500000 1279.363403 0.000000 1414.332031
27808.500000 1279.363403 0.000000 1414.439941
27808.500000 1279.363403 0.000000 1414.535034
27808.500000 1279.363403 0.000000 1414.646973
27808.500000 1279.363403 0.000000 1414.738037
27808.500000 1279.363403 0.000000 1414.833984
27808.500000 1279.363403 0.000000 1414.937988
27808.500000 1279.363403 0.000000 1415.034058
27808.500000 1279.363403 0.000000 1415.135010
27808.500000 1279.363403 0.000000 1415.238037
27808.500000 1279.363403 0.000000 1415.333008
27808.500000 1279.363403 0.000000 1415.432983
27808.500000 1279.363403 0.000000 1415.535034
27808.500000 1279.363403 0.000000 1415.633057
27808.500000 1279.363403 0.000000 1415.733032
27808.500000 1279.363403 0.000000 1415.833008
27808.500000 1279.363403 0.000000 1415.932983
27808.500000 1279.363403 0.000000 1416.038940
27808.500000 1279.363403 0.000000 1416.134033
27808.500000 1279.363403 0.000000 1416.233032
27808.500000 1279.363403 0.000000 1416.336060
27808.500000 1279.363403 0.000000 1416.438965
27808.500000 1279.363403 0.000000 1416.532959
27808.500000 1279.363403 0.000000 1416.640991
27808.500000 1279.363403 0.000000 1416.741943
27808.500000 1279.363403 0.000000 1416.838013
27808.500000 1279.363403 0.000000 1416.932983
27808.500000 1279.363403 0.000000 1417.032959
27808.500000 1279.363403 0.000000 1417.146973
27808.500000 1279.363403 0.000000 1417.243042
27808.500000 1279.363403 0.000000 1417.338013
27808.500000 1279.363403 0.000000 1417.441040
27808.500000 1279.363403 0.000000 1417.541016
27808.500000 1279.363403 0.000000 1417.640015
27808.500000 1279.363403 0.000000 1417.739990
27808.500000 1279.363403 0.000000 1417.839966
27808.500000 1279.363403 0.000000 1417.932983
27808.500000 1279.363403 0.000000 1418.046021
27808.500000 1279.363403 0.000000 1418.140991
27808.500000 1279.363403 0.000000 1418.241943
27808.500000 1279.363403 0.000000 1418.333008
27808.500000 1279.363403 0.000000 1418.432983
27808.500000 1279.363403 0.000000 1418.534058
27808.500000 1279.363403 0.000000 1418.640991
27808.500000 1279.363403 0.000000 1418.740967
27808.500000 1279.363403 0.000000 1418.833008
27808.500000 1279.363403 0.000000 1418.937988
27808.500000 1279.363403 0.000000 1419.035034
27808.500000 1279.363403 0.000000 1419.139038
27808.500000 1279.363403 0.000000 1419.234009
27808.500000 1279.363403 0.000000 1419.333984
27808.500000 1279.363403 0.000000 1419.433960
27808.500000 1279.363403 0.000000 1419.534058
27808.500000 1279.363403 0.000000 1419.634033
27808.500000 1279.363403 0.000000 1419.739014
27808.500000 1279.363403 0.000000 1419.838989
27808.500000 1279.363403 0.000000 1419.938965
27808.500000 1279.363403 0.000000 1420.040039
27808.500000 1279.363403 0.000000 1420.140015
27808.500000 1279.363403 0.000000 1420.239990
27808.500000 1279.363403 0.000000 1420.340942
27808.500000 1279.363403 0.000000 1420.436035
27808.500000 1279.363403 0.000000 1420.537964
27808.500000 1279.363403 0.000000 1420.640991
27808.500000 1279.363403 0.000000 1420.741943
27808.500000 1279.363403 0.000000 1420.836060
27808.500000 1279.363403 0.000000 1420.936035
27808.500000 1279.363403 0.000000 1421.036011
27808.500000 1279.363403 0.000000 1421.140991
27808.500000 1279.363403 0.000000 1421.240967
27808.500000 1279.363403 0.000000 1421.340942
27808.500000 1279.363403 0.000000 1421.444946
27808.500000 1279.363403 0.000000 1421.545044
27808.500000 1279.363403 0.000000 1421.640991
27808.500000 1279.363403 0.000000 1421.737061
27808.500000 1279.363403 0.000000 1421.840942
27808.500000 1279.363403 0.000000 1421.936035
27808.500000 1279.363403 0.000000 1422.042969
27808.500000 1279.363403 0.000000 1422.145996
27808.500000 1279.363403 0.000000 1422.243042
27808.500000 1279.363403 0.000000 1422.336060
27808.500000 1279.363403 0.000000 1422.436035
27808.500000 1279.363403 0.000000 1422.536011
27808.500000 1279.363403 0.000000 1422.641968
27808.500000 1279.363403 0.000000 1422.740967
27808.500000 1279.363403 0.000000 1422.843994
27808.500000 1279.363403 0.000000 1422.948975
27808.500000 1279.363403 0.000000 1423.043945
27808.500000 1279.363403 0.000000 1423.149048
27808.500000 1279.363403 0.000000 1423.239990
27808.500000 1279.363403 0.000000 1423.342041
27808.500000 1279.363403 0.000000 1423.444946
27808.500000 1279.363403 0.000000 1423.550049
27808.500000 1279.363403 0.000000 1423.635986
27808.500000 1279.363403 0.000000 1423.734985
27808.500000 1279.363403 0.000000 1423.839966
27808.500000 1279.363403 0.000000 1423.935059
27808.500000 1279.363403 0.000000 1424.040039
27808.500000 1279.363403 0.000000 1424.140015
27808.500000 1279.363403 0.000000 1424.240967
27808.500000 1279.363403 0.000000 1424.348022
27808.500000 1279.363403 0.000000 1424.442017
27808.500000 1279.363403 0.000000 1424.541992
27808.500000 1279.363403 0.000000 1424.641968
27808.500000 1279.363403 0.000000 1424.741943
27808.500000 1279.363403 0.000000 1424.843994
27808.500000 1279.363403 0.000000 1424.942993
27808.500000 1279.363403 0.000000 1425.041992
27808.500000 1279.363403 0.000000 1425.141968
27808.500000 1279.363403 0.000000 1425.243042
27808.500000 1279.363403 0.000000 1425.342041
27808.500000 1279.363403 0.000000 1425.452026
27808.500000 1279.363403 0.000000 1425.552002
27808.500000 1279.363403 0.000000 1425.651978
27808.500000 1279.363403 0.000000 1425.745972
27808.500000 1279.363403 0.000000 1425.848999
27808.500000 1279.363403 0.000000 1425.944946
27808.500000 1279.363403 0.000000 1426.041992
27808.500000 1279.363403 0.000000 1426.141968
27808.500000 1279.363403 0.000000 1426.250000
27808.500000 1279.363403 0.000000 1426.343018
27808.500000 1279.363403 0.000000 1426.439941
27808.500000 1279.363403 0.000000 1426.540039
27808.500000 1279.363403 0.000000 1426.645020
27808.500000 1279.363403 0.000000 1426.739990
27808.500000 1279.363403 0.000000 1426.839966
27808.500000 1279.363403 0.000000 1426.939941
27808.500000 1279.363403 0.000000 1427.040039
27808.500000 1279.363403 0.000000 1427.140991
27808.500000 1279.363403 0.000000 1427.241943
27808.500000 1279.363403 0.000000 1427.340942
27808.500000 1279.363403 0.000000 1427.442993
27808.500000 1279.363403 0.000000 1427.545044
27808.500000 1279.363403 0.000000 1427.642944
27808.500000 1279.363403 0.000000 1427.743042
27808.500000 1279.363403 0.000000 1427.843018
27808.500000 1279.363403 0.000000 1427.948975
27808.500000 1279.363403 0.000000 1428.043945
27808.500000 1279.363403 0.000000 1428.144043
27808.500000 1279.363403 0.000000 1428.250000
27808.500000 1279.363403 0.000000 1428.348022
27808.500000 1279.363403 0.000000 1428.442993
27808.500000 1279.363403 0.000000 1428.542969
27808.500000 1279.363403 0.000000 1428.642944
27808.500000 1279.363403 0.000000 1428.743042
27808.500000 1279.363403 0.000000 1428.848999
27808.500000 1279.363403 0.000000 1428.948975
27808.500000 1279.363403 0.000000 1429.042969
27808.500000 1279.363403 0.000000 1429.144043
27808.500000 1279.363403 0.000000 1429.243042
27808.500000 1279.363403 0.000000 1429.343018
27808.500000 1279.363403 0.000000 1429.447998
27808.500000 1279.363403 0.000000 1429.540039
27808.500000 1279.363403 0.000000 1429.642944
27808.500000 1279.363403 0.000000 1429.743042
27808.500000 1279.363403 0.000000 1429.849976
27808.500000 1279.363403 0.000000 1429.949951
27808.500000 1279.363403 0.000000 1430.043945
27808.500000 1279.363403 0.000000 1430.144043
27808.500000 1279.363403 0.000000 1430.243042
27808.500000 1279.363403 0.000000 1430.342041
27808.500000 1279.363403 0.000000 1430.446045
27808.500000 1279.363403 0.000000 1430.541992
27808.500000 1279.363403 0.000000 1430.650024
27808.500000 1279.363403 0.000000 1430.737061
27808.500000 1279.363403 0.000000 1430.842041
27808.500000 1279.363403 0.000000 1430.947998
27808.500000 1279.363403 0.000000 1431.047974
27808.500000 1279.363403 0.000000 1431.150024
27808.500000 1279.363403 0.000000 1431.246948
27808.500000 1279.363403 0.000000 1431.342041
27808.500000 1279.363403 0.000000 1431.442017
27808.500000 1279.363403 0.000000 1431.541992
27808.500000 1279.363403 0.000000 1431.646973
27808.500000 1279.363403 0.000000 1431.741943
27808.500000 1279.363403 0.000000 1431.843018
27808.500000 1279.363403 0.000000 1431.942017
27808.500000 1279.363403 0.000000 1432.045044
27808.500000 1279.363403 0.000000 1432.144043
27808.500000 1279.363403 0.000000 1432.239014
27808.500000 1279.363403 0.000000 1432.343018
27808.500000 1279.363403 0.000000 1432.451050
27808.500000 1279.363403 0.000000 1432.551025
27808.500000 1279.363403 0.000000 1432.652954
27808.500000 1279.363403 0.000000 1432.743042
27808.500000 1279.363403 0.000000 1432.848022
27808.500000 1279.363403 0.000000 1432.949951
27808.500000 1279.363403 0.000000 1433.042969
27808.500000 1279.363403 0.000000 1433.142944
27808.500000 1279.363403 0.000000 1433.243042
27808.500000 1279.363403 0.000000 1433.348999
27808.500000 1279.363403 0.000000 1433.444946
27808.500000 1279.363403 0.000000 1433.543945
27808.500000 1279.363403 0.000000 1433.649048
27808.500000 1279.363403 0.000000 1433.748047
27808.500000 1279.363403 0.000000 1433.850952
27808.500000 1279.363403 0.000000 1433.942993
27808.500000 1279.363403 0.000000 1434.048950
27808.500000 1279.363403 0.000000 1434.149048
27808.500000 1279.363403 0.000000 1434.249023
27808.500000 1279.363403 0.000000 1434.348999
27808.500000 1279.363403 0.000000 1434.442993
27808.500000 1279.363403 0.000000 1434.548950
27808.500000 1279.363403 0.000000 1434.644043
27808.500000 1279.363403 0.000000 1434.745972
27808.500000 1279.363403 0.000000 1434.854004
27808.500000 1279.363403 0.000000 1434.958984
27808.500000 1279.363403 0.000000 1435.053955
27808.500000 1279.363403 0.000000 1435.154053
27808.500000 1279.363403 0.000000 1435.259033
27808.500000 1279.363403 0.000000 1435.354004
27808.500000 1279.363403 0.000000 1435.453979
27808.500000 1279.363403 0.000000 1435.558960
27808.500000 1279.363403 0.000000 1435.678955
27808.500000 1279.363403 0.000000 1435.759033
27808.500000 1279.363403 0.000000 1435.848999
27808.500000 1279.363403 0.000000 1435.948975
27808.500000 1279.363403 0.000000 1436.050049
27808.500000 1279.363403 0.000000 1436.166992
27808.500000 1279.363403 0.000000 1436.251953
27808.500000 1279.363403 0.000000 1436.357056
27808.500000 1279.363403 0.000000 1436.449951
27808.500000 1279.363403 0.000000 1436.543945
27808.500000 1279.363403 0.000000 1436.651001
27808.500000 1279.363403 0.000000 1436.745972
27808.500000 1279.363403 0.000000 1436.843994
27808.500000 1279.363403 0.000000 1436.943970
27808.500000 1279.363403 0.000000 1437.057983
27808.500000 1279.363403 0.000000 1437.154053
27808.500000 1279.363403 0.000000 1437.256958
27808.500000 1279.363403 0.000000 1437.349976
27808.500000 1279.363403 0.000000 1437.451050
27808.500000 1279.363403 0.000000 1437.545044
27808.500000 1279.363403 0.000000 1437.651978
27808.500000 1279.363403 0.000000 1437.749023
27808.500000 1279.363403 0.000000 1437.845947
27808.500000 1279.363403 0.000000 1437.951050
27808.500000 1279.363403 0.000000 1438.060059
27808.500000 1279.363403 0.000000 1438.160034
27808.500000 1279.363403 0.000000 1438.251953
27808.500000 1279.363403 0.000000 1438.347046
27808.500000 1279.363403 0.000000 1438.451050
27808.500000 1279.363403 0.000000 1438.546997
27808.500000 1279.363403 0.000000 1438.654053
27808.500000 1279.363403 0.000000 1438.746948
27808.500000 1279.363403 0.000000 1438.853027
27808.500000 1279.363403 0.000000 1438.947021
27808.500000 1279.363403 0.000000 1439.053955
27808.500000 1279.363403 0.000000 1439.151978
27808.500000 1279.363403 0.000000 1439.246948
27808.500000 1279.363403 0.000000 1439.349976
27808.500000 1279.363403 0.000000 1439.447021
27808.500000 1279.363403 0.000000 1439.547974
27808.500000 1279.363403 0.000000 1439.646973
27808.500000 1279.363403 0.000000 1439.751953
27808.500000 1279.363403 0.000000 1439.852051
27808.500000 1279.363403 0.000000 1439.947021
27808.500000 1279.363403 0.000000 1440.052979
27808.500000 1279.363403 0.000000 1440.159058
27808.500000 1279.363403 0.000000 1440.248047
27808.500000 1279.363403 0.000000 1440.355957
27808.500000 1279.363403 0.000000 1440.456055
27808.500000 1279.363403 0.000000 1440.547974
27808.500000 1279.363403 0.000000 1440.647949
27808.500000 1279.363403 0.000000 1440.767944
27808.500000 1279.363403 0.000000 1440.853027
27808.500000 1279.363403 0.000000 1440.947998
27808.500000 1279.363403 0.000000 1441.052979
27808.500000 1279.363403 0.000000 1441.156982
27808.500000 1279.363403 0.000000 1441.254028
27808.500000 1279.363403 0.000000 1441.354004
27808.500000 1279.363403 0.000000 1441.447998
27808.500000 1279.363403 0.000000 1441.547974
27808.500000 1279.363403 0.000000 1441.647949
27808.500000 1279.363403 0.000000 1441.749023
27808.500000 1279.363403 0.000000 1441.858032
27808.500000 1279.363403 0.000000 1441.948975
27808.500000 1279.363403 0.000000 1442.047974
27808.500000 1279.363403 0.000000 1442.147949
27808.500000 1279.363403 0.000000 1442.250000
27808.500000 1279.363403 0.000000 1442.357056
27808.500000 1279.363403 0.000000 1442.449951
27808.500000 1279.363403 0.000000 1442.551025
27808.500000 1279.363403 0.000000 1442.651001
27808.500000 1279.363403 0.000000 1442.750977
27808.500000 1279.363403 0.000000 1442.850952
27808.500000 1279.363403 0.000000 1442.951050
27808.500000 1279.363403 0.000000 1443.051025
27808.500000 1279.363403 0.000000 1443.151001
27808.500000 1279.363403 0.000000 1443.255981
27808.500000 1279.363403 0.000000 1443.348999
27808.500000 1279.363403 0.000000 1443.451050
27808.500000 1279.363403 0.000000 1443.551025
27808.500000 1279.363403 0.000000 1443.657959
27808.500000 1279.363403 0.000000 1443.755005
27808.500000 1279.363403 0.000000 1443.850952
27808.500000 1279.363403 0.000000 1443.951050
27808.500000 1279.363403 0.000000 1444.050049
27808.500000 1279.363403 0.000000 1444.145996
27808.500000 1279.363403 0.000000 1444.259033
27808.500000 1279.363403 0.000000 1444.358032
27808.500000 1279.363403 0.000000 1444.451050
27808.500000 1279.363403 0.000000 1444.551025
27808.500000 1279.363403 0.000000 1444.651001
27808.500000 1279.363403 0.000000 1444.750977
27808.500000 1279.363403 0.000000 1444.850952
27808.500000 1279.363403 0.000000 1444.949951
27808.500000 1279.363403 0.000000 1445.043945
27808.500000 1279.363403 0.000000 1445.151001
27808.500000 1279.363403 0.000000 1445.254028
27808.500000 1279.363403 0.000000 1445.348999
27808.500000 1279.363403 0.000000 1445.457031
27808.500000 1279.363403 0.000000 1445.550049
27808.500000 1279.363403 0.000000 1445.651978
27808.500000 1279.363403 0.000000 1445.754028
27808.500000 1279.363403 0.000000 1445.854004
27808.500000 1279.363403 0.000000 1445.949951
27808.500000 1279.363403 0.000000 1446.050049
27808.500000 1279.363403 0.000000 1446.157959
27808.500000 1279.363403 0.000000 1446.258057
27808.500000 1279.363403 0.000000 1446.358032
27808.500000 1279.363403 0.000000 1446.459961
27808.500000 1279.363403 0.000000 1446.552002
27808.500000 1279.363403 0.000000 1446.650024
27808.500000 1279.363403 0.000000 1446.750000
27808.500000 1279.363403 0.000000 1446.850952
27808.500000 1279.363403 0.000000 1446.946045
27808.500000 1279.363403 0.000000 1447.051025
27808.500000 1279.363403 0.000000 1447.150024
27808.500000 1279.363403 0.000000 1447.250000
27808.500000 1279.363403 0.000000 1447.349976
27808.500000 1279.363403 0.000000 1447.462036
27808.500000 1279.363403 0.000000 1447.550049
27808.500000 1279.363403 0.000000 1447.650024
27808.500000 1279.363403 0.000000 1447.761963
27808.500000 1279.363403 0.000000 1447.852051
27808.500000 1279.363403 0.000000 1447.961060
27808.500000 1279.363403 0.000000 1448.056030
27808.500000 1279.363403 0.000000 1448.159058
27808.500000 1279.363403 0.000000 1448.259033
27808.500000 1279.363403 0.000000 1448.359009
27808.500000 1279.363403 0.000000 1448.458984
27808.500000 1279.363403 0.000000 1448.558960
27808.500000 1279.363403 0.000000 1448.659058
27808.500000 1279.363403 0.000000 1448.750977
27808.500000 1279.363403 0.000000 1448.850952
27808.500000 1279.363403 0.000000 1448.951050
27808.500000 1279.363403 0.000000 1449.048950
27808.500000 1279.363403 0.000000 1449.159058
27808.500000 1279.363403 0.000000 1449.258057
27808.500000 1279.363403 0.000000 1449.363037
27808.500000 1279.363403 0.000000 1449.458008
27808.500000 1279.363403 0.000000 1449.557983
27808.500000 1279.363403 0.000000 1449.657959
27808.500000 1279.363403 0.000000 1449.753052
27808.500000 1279.363403 0.000000 1449.848999
27808.500000 1279.363403 0.000000 1449.958008
27808.500000 1279.363403 0.000000 1450.057007
27808.500000 1279.363403 0.000000 1450.152954
27808.500000 1279.363403 0.000000 1450.253052
27808.500000 1279.363403 0.000000 1450.348022
27808.500000 1279.363403 0.000000 1450.448975
27808.500000 1279.363403 0.000000 1450.547974
27808.500000 1279.363403 0.000000 1450.652954
27808.500000 1279.363403 0.000000 1450.758057
27808.500000 1279.363403 0.000000 1450.854980
27808.500000 1279.363403 0.000000 1450.947998
27808.500000 1279.363403 0.000000 1451.052979
27808.500000 1279.363403 0.000000 1451.152954
27808.500000 1279.363403 0.000000 1451.250977
27808.500000 1279.363403 0.000000 1451.349976
27808.500000 1279.363403 0.000000 1451.449951
27808.500000 1279.363403 0.000000 1451.550049
27808.500000 1279.363403 0.000000 1451.649048
27808.500000 1279.363403 0.000000 1451.749023
27808.500000 1279.363403 0.000000 1451.852051
27808.500000 1279.363403 0.000000 1451.954956
27808.500000 1279.363403 0.000000 1452.050049
27808.500000 1279.363403 0.000000 1452.149048
27808.500000 1279.363403 0.000000 1452.255005
27808.500000 1279.363403 0.000000 1452.348999
27808.500000 1279.363403 0.000000 1452.456055
27808.500000 1279.363403 0.000000 1452.556030
27808.500000 1279.363403 0.000000 1452.661011
27808.500000 1279.363403 0.000000 1452.755981
27808.500000 1279.363403 0.000000 1452.855957
27808.500000 1279.363403 0.000000 1452.958984
27808.500000 1279.363403 0.000000 1453.057007
27808.500000 1279.363403 0.000000 1453.156982
27808.500000 1279.363403 0.000000 1453.256958
27808.500000 1279.363403 0.000000 1453.357056
27808.500000 1279.363403 0.000000 1453.458008
27808.500000 1279.363403 0.000000 1453.558960
27808.500000 1279.363403 0.000000 1453.659058
27808.500000 1279.363403 0.000000 1453.769043
27808.500000 1279.363403 0.000000 1453.859009
27808.500000 1279.363403 0.000000 1453.958008
27808.500000 1279.363403 0.000000 1454.057983
27808.500000 1279.363403 0.000000 1454.157959
27808.500000 1279.363403 0.000000 1454.262939
27808.500000 1279.363403 0.000000 1454.362061
27808.500000 1279.363403 0.000000 1454.457031
27808.500000 1279.363403 0.000000 1454.557007
27808.500000 1279.363403 0.000000 1454.660034
27808.500000 1279.363403 0.000000 1454.749023
27808.500000 1279.363403 0.000000 1454.852051
27808.500000 1279.363403 0.000000 1454.948975
27808.500000 1279.363403 0.000000 1455.048950
27808.500000 1279.363403 0.000000 1455.149048
27808.500000 1279.363403 0.000000 1455.249023
27808.500000 1279.363403 0.000000 1455.355957
27808.500000 1279.363403 0.000000 1455.456055
27808.500000 1279.363403 0.000000 1455.548950
27808.500000 1279.363403 0.000000 1455.649048
27808.500000 1279.363403 0.000000 1455.754028
27808.500000 1279.363403 0.000000 1455.850952
27808.500000 1279.363403 0.000000 1455.948975
27808.500000 1279.363403 0.000000 1456.050049
27808.500000 1279.363403 0.000000 1456.151978
27808.500000 1279.363403 0.000000 1456.248047
27808.500000 1279.363403 0.000000 1456.354980
27808.500000 1279.363403 0.000000 1456.453003
27808.500000 1279.363403 0.000000 1456.553955
27808.500000 1279.363403 0.000000 1456.656982
27808.500000 1279.363403 0.000000 1456.758057
27808.500000 1279.363403 0.000000 1456.858032
27808.500000 1279.363403 0.000000 1456.952026
27808.500000 1279.363403 0.000000 1457.055054
27808.500000 1279.363403 0.000000 1457.151978
27808.500000 1279.363403 0.000000 1457.251953
27808.500000 1279.363403 0.000000 1457.353027
27808.500000 1279.363403 0.000000 1457.457031
27808.500000 1279.363403 0.000000 1457.552979
27808.500000 1279.363403 0.000000 1457.666992
27808.500000 1279.363403 0.000000 1457.761963
27808.500000 1279.363403 0.000000 1457.862061
27808.500000 1279.363403 0.000000 1457.967041
27808.500000 1279.363403 0.000000 1458.062012
27808.500000 1279.363403 0.000000 1458.161987
27808.500000 1279.363403 0.000000 1458.261963
27808.500000 1279.363403 0.000000 1458.362061
27808.500000 1279.363403 0.000000 1458.462036
27808.500000 1279.363403 0.000000 1458.562012
27808.500000 1279.363403 0.000000 1458.655029
27808.500000 1279.363403 0.000000 1458.755005
27808.500000 1279.363403 0.000000 1458.854980
27808.500000 1279.363403 0.000000 1458.954956
27808.500000 1279.363403 0.000000 1459.062988
27808.500000 1279.363403 0.000000 1459.155029
27808.500000 1279.363403 0.000000 1459.258057
27808.500000 1279.363403 0.000000 1459.354980
27808.500000 1279.363403 0.000000 1459.459961
27808.500000 1279.363403 0.000000 1459.550049
27808.500000 1279.363403 0.000000 1459.656006
27808.500000 1279.363403 0.000000 1459.755005
27808.500000 1279.363403 0.000000 1459.859985
27808.500000 1279.363403 0.000000 1459.954956
27808.500000 1279.363403 0.000000 1460.062988
27808.500000 1279.363403 0.000000 1460.162964
27808.500000 1279.363403 0.000000 1460.255005
27808.500000 1279.363403 0.000000 1460.349976
27808.500000 1279.363403 0.000000 1460.454956
27808.500000 1279.363403 0.000000 1460.555054
27808.500000 1279.363403 0.000000 1460.660034
27808.500000 1279.363403 0.000000 1460.765015
27808.500000 1279.363403 0.000000 1460.864990
27808.500000 1279.363403 0.000000 1460.969971
27808.500000 1279.363403 0.000000 1461.060059
27808.500000 1279.363403 0.000000 1461.165039
27808.500000 1279.363403 0.000000 1461.265015
27808.500000 1279.363403 0.000000 1461.355957
27808.500000 1279.363403 0.000000 1461.459961
27808.500000 1279.363403 0.000000 1461.552002
27808.500000 1279.363403 0.000000 1461.676025
27808.500000 1279.363403 0.000000 1461.750977
27808.500000 1279.363403 0.000000 1461.850952
27808.500000 1279.363403 0.000000 1461.951050
27808.500000 1279.363403 0.000000 1462.056030
27808.500000 1279.363403 0.000000 1462.156006
27808.500000 1279.363403 0.000000 1462.260010
27808.500000 1279.363403 0.000000 1462.354980
27808.500000 1279.363403 0.000000 1462.449951
27808.500000 1279.363403 0.000000 1462.555054
27808.500000 1279.363403 0.000000 1462.655029
27808.500000 1279.363403 0.000000 1462.761963
27808.500000 1279.363403 0.000000 1462.862061
27808.500000 1279.363403 0.000000 1462.963013
27808.500000 1279.363403 0.000000 1463.055054
27808.500000 1279.363403 0.000000 1463.150024
27808.500000 1279.363403 0.000000 1463.255981
27808.500000 1279.363403 0.000000 1463.348999
27808.500000 1279.363403 0.000000 1463.464966
27808.500000 1279.363403 0.000000 1463.550049
27808.500000 1279.363403 0.000000 1463.666016
27808.500000 1279.363403 0.000000 1463.750000
27808.500000 1279.363403 0.000000 1463.854980
27808.500000 1279.363403 0.000000 1463.961060
27808.500000 1279.363403 0.000000 1464.056030
27808.500000 1279.363403 0.000000 1464.165039
27808.500000 1279.363403 0.000000 1464.265015
27808.500000 1279.363403 0.000000 1464.364990
27808.500000 1279.363403 0.000000 1464.463989
27808.500000 1279.363403 0.000000 1464.563965
27808.500000 1279.363403 0.000000 1464.663940
27808.500000 1279.363403 0.000000 1464.764038
27808.500000 1279.363403 0.000000 1464.858032
27808.500000 1279.363403 0.000000 1464.953003
27808.500000 1279.363403 0.000000 1465.052979
27808.500000 1279.363403 0.000000 1465.159058
27808.500000 1279.363403 0.000000 1465.261963
27808.500000 1279.363403 0.000000 1465.353027
27808.500000 1279.363403 0.000000 1465.453003
27808.500000 1279.363403 0.000000 1465.552979
27808.500000 1279.363403 0.000000 1465.659058
27808.500000 1279.363403 0.000000 1465.760986
27808.500000 1279.363403 0.000000 1465.854004
27808.500000 1279.363403 0.000000 1465.953979
27808.500000 1279.363403 0.000000 1466.061035
27808.500000 1279.363403 0.000000 1466.154053
27808.500000 1279.363403 0.000000 1466.259033
27808.500000 1279.363403 0.000000 1466.359009
27808.500000 1279.363403 0.000000 1466.461060
27808.500000 1279.363403 0.000000 1466.557007
27808.500000 1279.363403 0.000000 1466.659058
27808.500000 1279.363403 0.000000 1466.760986
27808.500000 1279.363403 0.000000 1466.854004
27808.500000 1279.363403 0.000000 1466.958984
27808.500000 1279.363403 0.000000 1467.056030
27808.500000 1279.363403 0.000000 1467.156006
27808.500000 1279.363403 0.000000 1467.258057
27808.500000 1279.363403 0.000000 1467.364990
27808.500000 1279.363403 0.000000 1467.457031
27808.500000 1279.363403 0.000000 1467.557007
27808.500000 1279.363403 0.000000 1467.665039
27808.500000 1279.363403 0.000000 1467.765015
27808.500000 1279.363403 0.000000 1467.859985
27808.500000 1279.363403 0.000000 1467.964966
27808.500000 1279.363403 0.000000 1468.064941
27808.500000 1279.363403 0.000000 1468.165039
27808.500000 1279.363403 0.000000 1468.265015
27808.500000 1279.363403 0.000000 1468.369995
27808.500000 1279.363403 0.000000 1468.464966
27808.500000 1279.363403 0.000000 1468.556030
27808.500000 1279.363403 0.000000 1468.656982
27808.500000 1279.363403 0.000000 1468.756958
27808.500000 1279.363403 0.000000 1468.863037
27808.500000 1279.363403 0.000000 1468.953979
27808.500000 1279.363403 0.000000 1469.064941
27808.500000 1279.363403 0.000000 1469.152954
27808.500000 1279.363403 0.000000 1469.258057
27808.500000 1279.363403 0.000000 1469.358032
27808.500000 1279.363403 0.000000 1469.453003
27808.500000 1279.363403 0.000000 1469.557983
27808.500000 1279.363403 0.000000 1469.666992
27808.500000 1279.363403 0.000000 1469.758057
27808.500000 1279.363403 0.000000 1469.858032
27808.500000 1279.363403 0.000000 1469.959961
27808.500000 1279.363403 0.000000 1470.064941
27808.500000 1279.363403 0.000000 1470.165039
27808.500000 1279.363403 0.000000 1470.266968
27808.500000 1279.363403 0.000000 1470.354004
27808.500000 1279.363403 0.000000 1470.458008
27808.500000 1279.363403 0.000000 1470.557983
27808.500000 1279.363403 0.000000 1470.660034
27808.500000 1279.363403 0.000000 1470.759033
27808.500000 1279.363403 0.000000 1470.854980
27808.500000 1279.363403 0.000000 1470.959961
27808.500000 1279.363403 0.000000 1471.056030
27808.500000 1279.363403 0.000000 1471.165039
27808.500000 1279.363403 0.000000 1471.265015
27808.500000 1279.363403 0.000000 1471.364990
27808.500000 1279.363403 0.000000 1471.464966
27808.500000 1279.363403 0.000000 1471.564941
27808.500000 1279.363403 0.000000 1471.670044
27808.500000 1279.363403 0.000000 1471.770020
27808.500000 1279.363403 0.000000 1471.869995
27808.500000 1279.363403 0.000000 1471.964966
27808.500000 1279.363403 0.000000 1472.069946
27808.500000 1279.363403 0.000000 1472.172974
27808.500000 1279.363403 0.000000 1472.267944
27808.500000 1279.363403 0.000000 1472.368042
27808.500000 1279.363403 0.000000 1472.468018
27808.500000 1279.363403 0.000000 1472.561035
27808.500000 1279.363403 0.000000 1472.665039
27808.500000 1279.363403 0.000000 1472.770996
27808.500000 1279.363403 0.000000 1472.875000
27808.500000 1279.363403 0.000000 1472.970947
27808.500000 1279.363403 0.000000 1473.064941
27808.500000 1279.363403 0.000000 1473.180054
27808.500000 1279.363403 0.000000 1473.270020
27808.500000 1279.363403 0.000000 1473.369995
27808.500000 1279.363403 0.000000 1473.469971
27808.500000 1279.363403 0.000000 1473.572021
27808.500000 1279.363403 0.000000 1473.671021
27808.500000 1279.363403 0.000000 1473.771973
27808.500000 1279.363403 0.000000 1473.869995
27808.500000 1279.363403 0.000000 1473.972046
27808.500000 1279.363403 0.000000 1474.072021
27808.500000 1279.363403 0.000000 1474.170044
27808.500000 1279.363403 0.000000 1474.275024
27808.500000 1279.363403 0.000000 1474.369995
27808.500000 1279.363403 0.000000 1474.473022
27808.500000 1279.363403 0.000000 1474.567993
27808.500000 1279.363403 0.000000 1474.677979
27808.500000 1279.363403 0.000000 1474.781006
27808.500000 1279.363403 0.000000 1474.874023
27808.500000 1279.363403 0.000000 1474.973022
27808.500000 1279.363403 0.000000 1475.073975
27808.500000 1279.363403 0.000000 1475.173950
27808.500000 1279.363403 0.000000 1475.267944
27808.500000 1279.363403 0.000000 1475.371948
27808.500000 1279.363403 0.000000 1475.468994
27808.500000 1279.363403 0.000000 1475.571045
27808.500000 1279.363403 0.000000 1475.671021
27808.500000 1279.363403 0.000000 1475.771973
27808.500000 1279.363403 0.000000 1475.878052
27808.500000 1279.363403 0.000000 1475.978027
27808.500000 1279.363403 0.000000 1476.071045
27808.500000 1279.363403 0.000000 1476.182983
27808.500000 1279.363403 0.000000 1476.270996
27808.500000 1279.363403 0.000000 1476.371948
27808.500000 1279.363403 0.000000 1476.473022
27808.500000 1279.363403 0.000000 1476.567993
27808.500000 1279.363403 0.000000 1476.672974
27808.500000 1279.363403 0.000000 1476.782959
27808.500000 1279.363403 0.000000 1476.873047
27808.500000 1279.363403 0.000000 1476.964966
27808.500000 1279.363403 0.000000 1477.083984
27808.500000 1279.363403 0.000000 1477.284058
27808.500000 1279.363403 0.000000 1477.479004
27808.500000 1279.363403 0.000000 1477.573975
27808.500000 1279.363403 0.000000 1477.673950
27808.500000 1279.363403 0.000000 1477.774048
27808.500000 1279.363403 0.000000 1477.875977
27808.500000 1279.363403 0.000000 1477.984985
27808.500000 1279.363403 0.000000 1478.073975
27808.500000 1279.363403 0.000000 1478.175049
27808.500000 1279.363403 0.000000 1478.293945
27808.500000 1279.363403 0.000000 1478.473999
27808.500000 1279.363403 0.000000 1478.583984
27808.500000 1279.363403 0.000000 1478.683960
27808.500000 1279.363403 0.000000 1478.784058
27808.500000 1279.363403 0.000000 1478.884033
27808.500000 1279.363403 0.000000 1478.989014
27808.500000 1279.363403 0.000000 1479.078979
27808.500000 1279.363403 0.000000 1479.173950
27808.500000 1279.363403 0.000000 1479.284058
27808.500000 1279.363403 0.000000 1479.389038
27808.500000 1279.363403 0.000000 1479.489014
27808.500000 1279.363403 0.000000 1479.593994
27808.500000 1279.363403 0.000000 1479.688965
27808.500000 1279.363403 0.000000 1479.785034
27808.500000 1279.363403 0.000000 1479.880005
27808.500000 1279.363403 0.000000 1479.979980
27808.500000 1279.363403 0.000000 1480.079956
27808.500000 1279.363403 0.000000 1480.185059
27808.500000 1279.363403 0.000000 1480.280029
27808.500000 1279.363403 0.000000 1480.380981
27808.500000 1279.363403 0.000000 1480.479980
27808.500000 1279.363403 0.000000 1480.579956
27808.500000 1279.363403 0.000000 1480.687012
27808.500000 1279.363403 0.000000 1480.790039
27808.500000 1279.363403 0.000000 1480.885010
27808.500000 1279.363403 0.000000 1481.093994
27808.500000 1279.363403 0.000000 1481.286011
27808.500000 1279.363403 0.000000 1481.489990
27808.500000 1279.363403 0.000000 1481.691040
27808.500000 1279.363403 0.000000 1481.886963
27808.500000 1279.363403 0.000000 1481.984985
27808.500000 1279.363403 0.000000 1482.084961
27808.500000 1279.363403 0.000000 1482.185059
27808.500000 1279.363403 0.000000 1482.300049
27808.500000 1279.363403 0.000000 1482.484985
27808.500000 1279.363403 0.000000 1482.598022
27808.500000 1279.363403 0.000000 1482.692017
27808.500000 1279.363403 0.000000 1482.786987
27808.500000 1279.363403 0.000000 1482.889038
27808.500000 1279.363403 0.000000 1482.984985
27808.500000 1279.363403 0.000000 1483.084961
27808.500000 1279.363403 0.000000 1483.185059
27808.500000 1279.363403 0.000000 1483.286011
27808.500000 1279.363403 0.000000 1483.390015
27808.500000 1279.363403 0.000000 1483.484985
27808.500000 1279.363403 0.000000 1483.584961
27808.500000 1279.363403 0.000000 1483.689941
27808.500000 1279.363403 0.000000 1483.787964
27808.500000 1279.363403 0.000000 1483.885010
27808.500000 1279.363403 0.000000 1483.984985
27808.500000 1279.363403 0.000000 1484.084961
27808.500000 1279.363403 0.000000 1484.203979
27808.500000 1279.363403 0.000000 1484.295044
27808.500000 1279.363403 0.000000 1484.387939
27808.500000 1279.363403 0.000000 1484.488037
27808.500000 1279.363403 0.000000 1484.583008
27808.500000 1279.363403 0.000000 1484.687988
27808.500000 1279.363403 0.000000 1484.787964
27808.500000 1279.363403 0.000000 1484.887939
27808.500000 1279.363403 0.000000 1485.000000
27808.500000 1279.363403 0.000000 1485.187988
27808.500000 1279.363403 0.000000 1485.287964
27808.500000 1279.363403 0.000000 1485.389038
27808.500000 1279.363403 0.000000 1485.489990
27808.500000 1279.363403 0.000000 1485.588013
27808.500000 1279.363403 0.000000 1485.697021
27808.500000 1279.363403 0.000000 1485.791992
27808.500000 1279.363403 0.000000 1485.881958
27808.500000 1279.363403 0.000000 1485.994019
27808.500000 1279.363403 0.000000 1486.087036
27808.500000 1279.363403 0.000000 1486.192017
27808.500000 1279.363403 0.000000 1486.287964
27808.500000 1279.363403 0.000000 1486.386963
27808.500000 1279.363403 0.000000 1486.489014
27808.500000 1279.363403 0.000000 1486.592041
27808.500000 1279.363403 0.000000 1486.697021
27808.500000 1279.363403 0.000000 1486.883057
27808.500000 1279.363403 0.000000 1486.988037
27808.500000 1279.363403 0.000000 1487.088013
27808.500000 1279.363403 0.000000 1487.197998
27808.500000 1279.363403 0.000000 1487.295044
27808.500000 1279.363403 0.000000 1487.395020
27808.500000 1279.363403 0.000000 1487.496948
27808.500000 1279.363403 0.000000 1487.597046
27808.500000 1279.363403 0.000000 1487.694946
27808.500000 1279.363403 0.000000 1487.787964
27808.500000 1279.363403 0.000000 1487.895996
27808.500000 1279.363403 0.000000 1487.998047
27808.500000 1279.363403 0.000000 1488.098022
27808.500000 1279.363403 0.000000 1488.189941
27808.500000 1279.363403 0.000000 1488.291016
27808.500000 1279.363403 0.000000 1488.387939
27808.500000 1279.363403 0.000000 1488.493042
27808.500000 1279.363403 0.000000 1488.692993
27808.500000 1279.363403 0.000000 1488.787964
27808.500000 1279.363403 0.000000 1488.899048
27808.500000 1279.363403 0.000000 1488.991943
27808.500000 1279.363403 0.000000 1489.092041
27808.500000 1279.363403 0.000000 1489.192993
27808.500000 1279.363403 0.000000 1489.312012
27808.500000 1279.363403 0.000000 1489.401978
27808.500000 1279.363403 0.000000 1489.493042
27808.500000 1279.363403 0.000000 1489.587036
27808.500000 1279.363403 0.000000 1489.692017
27808.500000 1279.363403 0.000000 1489.795044
27808.500000 1279.363403 0.000000 1489.891968
27808.500000 1279.363403 0.000000 1489.991943
27808.500000 1279.363403 0.000000 1490.108032
27808.500000 1279.363403 0.000000 1490.287964
27808.500000 1279.363403 0.000000 1490.394043
27808.500000 1279.363403 0.000000 1490.494995
27808.500000 1279.363403 0.000000 1490.593994
27808.500000 1279.363403 0.000000 1490.688965
27808.500000 1279.363403 0.000000 1490.792969
27808.500000 1279.363403 0.000000 1490.895020
27808.500000 1279.363403 0.000000 1490.989014
27808.500000 1279.363403 0.000000 1491.093994
27808.500000 1279.363403 0.000000 1491.187988
27808.500000 1279.363403 0.000000 1491.290039
27808.500000 1279.363403 0.000000 1491.390015
27808.500000 1279.363403 0.000000 1491.489990
27808.500000 1279.363403 0.000000 1491.689941
27808.500000 1279.363403 0.000000 1491.805054
27808.500000 1279.363403 0.000000 1491.895020
27808.500000 1279.363403 0.000000 1491.994995
