332.125000 0.000000 0.000000 2.185000
338.125000 0.000000 0.000000 2.380000
342.250000 0.000000 0.000000 2.485000
345.000000 0.000000 0.000000 2.585000
345.875000 0.000000 0.000000 2.685000
346.500000 0.000000 0.000000 2.885000
347.625000 0.000000 0.000000 2.990000
348.375000 0.000000 0.000000 3.185000
349.500000 0.000000 0.000000 3.280000
350.500000 0.000000 0.000000 3.385000
351.250000 0.000000 0.000000 3.485000
351.625000 0.000000 0.000000 3.580000
352.250000 0.000000 0.000000 3.685000
352.750000 0.000000 0.000000 3.780000
353.500000 0.000000 0.000000 3.885000
354.125000 0.000000 0.000000 3.980000
354.750000 0.000000 0.000000 4.081000
355.125000 0.000000 0.000000 4.185000
355.625000 0.000000 0.000000 4.285000
356.000000 0.000000 0.000000 4.380000
356.250000 0.000000 0.000000 4.485000
356.375000 0.000000 0.000000 4.580000
356.375000 0.000000 0.000000 4.685000
356.500000 0.000000 0.000000 4.785000
356.625000 0.000000 0.000000 4.880000
356.625000 0.000000 0.000000 4.980000
356.750000 0.000000 0.000000 5.085000
356.875000 0.000000 0.000000 5.180000
356.875000 0.000000 0.000000 5.285000
357.125000 0.000000 0.000000 5.380000
357.250000 0.000000 0.000000 5.485000
357.500000 0.000000 0.000000 5.585000
357.625000 0.000000 0.000000 5.685000
357.875000 0.000000 0.000000 5.785000
358.000000 0.000000 0.000000 5.885000
358.000000 0.000000 0.000000 5.980000
358.000000 0.000000 0.000000 6.085000
358.000000 0.000000 0.000000 6.180000
358.125000 0.000000 0.000000 6.285000
358.250000 0.000000 0.000000 6.380000
358.500000 0.000000 0.000000 6.485000
358.625000 0.000000 0.000000 6.585000
358.625000 0.000000 0.000000 6.680000
358.625000 0.000000 0.000000 6.785000
358.750000 0.000000 0.000000 6.880000
359.250000 0.000000 0.000000 6.985000
359.375000 0.000000 0.000000 7.080000
359.500000 0.000000 0.000000 7.180000
359.750000 0.000000 0.000000 7.285000
360.000000 0.000000 0.000000 7.380000
360.125000 0.000000 0.000000 7.485000
360.250000 0.000000 0.000000 7.585000
360.375000 0.000000 0.000000 7.690000
360.500000 0.000000 0.000000 7.780000
360.500000 0.000000 0.000000 7.885000
360.750000 0.000000 0.000000 7.985000
360.750000 0.000000 0.000000 8.080000
360.875000 0.000000 0.000000 8.185000
361.125000 0.000000 0.000000 8.280000
361.125000 0.000000 0.000000 8.385000
361.250000 0.000000 0.000000 8.486000
361.250000 0.000000 0.000000 8.580000
361.500000 0.000000 0.000000 8.685000
361.500000 0.000000 0.000000 8.780000
361.500000 0.000000 0.000000 8.885000
361.625000 0.000000 0.000000 8.985000
361.625000 0.000000 0.000000 9.085000
361.625000 0.000000 0.000000 9.185000
361.625000 0.000000 0.000000 9.280000
361.625000 0.000000 0.000000 9.385000
361.625000 0.000000 0.000000 9.485000
361.625000 0.000000 0.000000 9.580000
361.750000 0.000000 0.000000 9.685000
361.750000 0.000000 0.000000 9.785000
361.750000 0.000000 0.000000 9.880000
361.875000 0.000000 0.000000 9.985000
362.000000 0.000000 0.000000 10.080000
362.250000 0.000000 0.000000 10.185000
362.375000 0.000000 0.000000 10.285000
362.375000 0.000000 0.000000 10.380000
362.375000 0.000000 0.000000 10.485000
362.375000 0.000000 0.000000 10.585000
362.375000 0.000000 0.000000 10.680000
362.500000 0.000000 0.000000 10.785000
362.500000 0.000000 0.000000 10.890000
362.500000 0.000000 0.000000 11.080000
362.500000 0.000000 0.000000 11.185000
362.500000 0.000000 0.000000 11.285000
362.500000 0.000000 0.000000 11.390000
362.625000 0.000000 0.000000 11.485000
362.625000 0.000000 0.000000 11.585000
363.125000 0.000000 0.000000 11.685000
363.125000 0.000000 0.000000 11.790000
363.125000 0.000000 0.000000 11.890000
363.250000 0.000000 0.000000 11.990000
363.375000 0.000000 0.000000 12.204000
363.375000 0.000000 0.000000 12.297000
363.500000 0.000000 0.000000 12.490000
363.625000 0.000000 0.000000 12.591000
363.750000 0.000000 0.000000 12.685000
363.750000 0.000000 0.000000 12.785000
363.875000 0.000000 0.000000 12.890000
364.000000 0.000000 0.000000 12.985000
364.125000 0.000000 0.000000 13.085000
364.125000 0.000000 0.000000 13.185000
364.125000 0.000000 0.000000 13.290000
364.125000 0.000000 0.000000 13.385000
364.125000 0.000000 0.000000 13.490000
439.375000 0.000000 0.409000 13.585000
519.625000 0.000250 0.409000 13.685000
548.625000 0.000250 0.409000 13.785000
556.625000 0.000250 0.409000 13.880000
574.000000 0.021581 0.409000 13.985000
600.875000 0.021581 0.409000 14.085000
614.125000 0.059412 0.409000 14.185000
626.875000 0.059412 0.409000 14.290000
642.000000 0.059412 0.409000 14.385000
676.375000 0.259485 0.267000 14.485000
700.875000 0.259485 0.267000 14.586000
729.500000 0.463362 0.267000 14.691000
766.125000 0.463362 0.267000 14.796000
802.625000 0.690197 0.267000 14.891000
845.250000 0.892321 0.267000 14.991000
880.875000 1.095393 0.267000 15.090000
920.375000 1.343129 0.267000 15.190000
961.250000 1.554329 0.267000 15.285000
994.750000 1.755500 0.267000 15.392000
1025.750000 1.956751 0.281000 15.485000
1063.250000 2.158456 0.281000 15.585000
1094.750000 2.367782 0.281000 15.685000
1125.375000 2.579157 0.281000 15.785000
1154.500000 2.780387 0.281000 15.885000
1184.375000 2.981667 0.281000 15.990000
1210.500000 3.182921 0.281000 16.084999
1238.000000 3.384199 0.281000 16.190001
1268.625000 3.585329 0.281000 16.285000
1296.500000 3.786679 0.281000 16.385000
1321.750000 3.987832 0.307000 16.485001
1347.625000 4.190203 0.307000 16.584999
1371.625000 4.190203 0.307000 16.684999
1391.250000 4.410593 0.307000 16.790001
1409.500000 4.610687 0.307000 16.896999
1426.500000 4.610687 0.307000 16.992001
1436.500000 4.610687 0.307000 17.091999
1445.625000 4.811049 0.307000 17.197001
1449.500000 4.811049 0.307000 17.287001
1450.250000 4.811049 0.307000 17.391001
1450.375000 4.811049 0.307000 17.490999
1472.875000 4.811049 0.307000 17.594000
1491.250000 4.846476 0.307000 17.698999
1491.250000 4.846476 0.307000 17.794001
1506.250000 4.846476 0.307000 17.893999
1513.125000 4.846476 0.307000 17.993999
1520.375000 4.846476 0.307000 18.099001
1529.750000 4.846476 0.307000 18.194000
1534.625000 4.846476 0.307000 18.294001
1538.000000 4.846476 0.307000 18.399000
1544.250000 4.846476 0.231000 18.489000
1548.375000 4.846476 0.231000 18.594000
1550.000000 4.846476 0.231000 18.698999
1550.750000 4.846476 0.231000 18.794001
1553.875000 4.846476 0.231000 18.893999
1555.500000 4.846476 0.231000 18.999001
1556.875000 4.846476 0.231000 19.099001
1558.500000 4.846476 0.231000 19.194000
1560.625000 4.857125 0.231000 19.285000
1562.250000 4.857125 0.194000 19.395000
1565.000000 4.987336 0.194000 19.590000
1568.250000 4.987336 0.194000 19.690001
1572.250000 5.192697 0.194000 19.785000
1576.250000 5.192697 0.194000 19.889999
1580.250000 5.412449 0.194000 19.985001
1584.375000 5.614446 0.194000 20.084999
1588.875000 5.843305 0.194000 20.190001
1593.625000 6.064567 0.194000 20.285000
1599.250000 6.274201 0.194000 20.385000
1609.875000 6.481302 0.209000 20.485001
1615.000000 6.681591 0.209000 20.590000
1618.750000 6.882190 0.209000 20.684999
1622.750000 7.083548 0.209000 20.785000
1626.125000 7.284853 0.209000 20.889999
1630.500000 7.486264 0.209000 20.990000
1634.875000 7.689424 0.209000 21.090000
1638.125000 7.898743 0.209000 21.184999
1639.625000 8.099988 0.209000 21.292999
1643.625000 8.302889 0.213000 21.385000
1650.250000 8.503179 0.213000 21.490999
1654.875000 8.706453 0.213000 21.586000
1660.125000 8.915807 0.213000 21.695000
1665.750000 9.117062 0.213000 21.785999
1671.750000 9.318317 0.213000 21.892000
1681.125000 9.519694 0.213000 21.986000
1690.750000 9.519694 0.213000 22.082001
1704.875000 9.922203 0.213000 22.186001
1722.250000 10.123458 0.213000 22.285999
1739.125000 10.324759 0.213000 22.386000
1762.375000 10.527488 0.315000 22.487000
1780.000000 10.527488 0.315000 22.580999
1797.500000 10.735819 0.315000 22.681000
1814.750000 10.989364 0.315000 22.785999
1831.250000 11.249076 0.315000 22.891001
1846.250000 11.470191 0.315000 22.986000
1863.375000 11.673807 0.315000 23.080999
1879.500000 11.883147 0.315000 23.186001
1898.125000 12.084388 0.315000 23.287001
1914.750000 12.285653 0.315000 23.386000
1938.125000 12.490908 0.315000 23.486000
1982.250000 12.691409 0.315000 23.586000
1999.875000 12.691409 0.315000 23.691000
2015.000000 12.877846 0.315000 23.785999
2027.250000 13.021722 0.315000 23.881001
2033.250000 13.021722 0.315000 23.992001
2041.500000 13.133427 0.315000 24.086000
2047.500000 13.133427 0.315000 24.191000
2051.625000 13.198654 0.315000 24.285999
2056.625000 13.198654 0.315000 24.391001
2059.250000 13.267486 0.319000 24.486000
2065.250000 13.299076 0.319000 24.586000
2070.500000 13.299076 0.319000 24.686001
2076.500000 13.300576 0.319000 24.785999
2079.750000 13.300576 0.319000 24.881001
2083.250000 13.300576 0.319000 24.987000
2086.750000 13.300576 0.319000 25.086000
2090.500000 13.300576 0.319000 25.186001
2092.375000 13.303021 0.319000 25.292999
2092.750000 13.303021 0.319000 25.386999
2093.625000 13.313317 0.266000 25.486000
2094.000000 13.313317 0.266000 25.586000
2096.250000 13.319975 0.266000 25.691000
2097.250000 13.319975 0.266000 25.785999
2099.000000 13.319975 0.266000 25.881001
2101.375000 13.530550 0.266000 25.986000
2104.875000 13.530550 0.266000 26.091999
2107.625000 13.735647 0.266000 26.186001
2112.625000 13.955794 0.266000 26.285999
2117.125000 14.165247 0.266000 26.391001
2125.750000 14.365493 0.248000 26.586000
2132.125000 14.571365 0.248000 26.686001
2136.500000 14.806988 0.248000 26.785999
2142.250000 15.036209 0.248000 26.895000
2146.375000 15.287821 0.248000 27.000000
2151.500000 15.519433 0.248000 27.094999
2156.625000 15.720547 0.248000 27.195000
2159.625000 15.923786 0.248000 27.291000
2163.750000 16.125153 0.248000 27.386000
2171.125000 16.334011 0.278000 27.486000
2183.250000 16.334011 0.278000 27.586000
2198.625000 16.534353 0.278000 27.691999
2209.000000 16.684452 0.278000 27.785999
2219.250000 16.801416 0.278000 27.886000
2226.125000 16.891148 0.278000 27.986000
2231.875000 16.939211 0.278000 28.086000
2236.000000 16.939211 0.278000 28.186001
2241.250000 16.954199 0.278000 28.285999
2243.125000 16.954199 0.278000 28.395000
2249.125000 16.954199 0.277000 28.486000
2252.250000 16.954199 0.277000 28.586000
2252.625000 16.954199 0.277000 28.686001
2254.125000 16.954199 0.277000 28.785999
2257.125000 16.954199 0.277000 28.891001
2258.125000 16.954199 0.277000 28.986000
2258.750000 16.954199 0.277000 29.086000
2259.000000 16.954199 0.277000 29.191000
2259.750000 16.954546 0.277000 29.285999
2260.625000 16.954546 0.277000 29.386000
2267.500000 16.954546 0.247000 29.486000
2268.375000 16.954546 0.247000 29.586000
2268.875000 16.954546 0.247000 29.686001
2269.375000 16.970415 0.247000 29.785999
2270.500000 16.970415 0.247000 29.886000
2271.500000 16.970415 0.247000 29.986000
2271.500000 17.019875 0.247000 30.086000
2272.500000 17.019875 0.247000 30.186001
2273.625000 17.019875 0.247000 30.285999
2276.250000 17.229500 0.232000 30.391001
2278.000000 17.229500 0.232000 30.486000
2279.250000 17.440477 0.232000 30.586000
2280.875000 17.440477 0.232000 30.691000
2282.500000 17.646652 0.232000 30.785999
2284.500000 17.852129 0.232000 30.886000
2286.000000 18.059055 0.232000 30.986000
2288.375000 18.260324 0.232000 31.086000
2290.625000 18.461531 0.232000 31.186001
2293.250000 18.672892 0.232000 31.292999
2295.625000 18.914240 0.250000 31.391001
2297.875000 19.115587 0.250000 31.486000
2300.125000 19.316822 0.250000 31.586000
2302.875000 19.518026 0.250000 31.686001
2304.625000 19.719427 0.250000 31.791000
2306.250000 19.920702 0.250000 31.886000
2308.000000 20.121950 0.250000 31.986000
2309.625000 20.323198 0.250000 32.085999
2312.125000 20.524572 0.250000 32.186001
2318.500000 20.725821 0.250000 32.285999
2324.625000 20.930996 0.250000 32.386002
2336.000000 21.131521 0.291000 32.486000
2348.125000 21.331854 0.291000 32.585999
2359.250000 21.535225 0.291000 32.696999
2369.250000 21.736349 0.291000 32.792000
2378.250000 21.937723 0.291000 32.891998
2388.125000 22.146908 0.291000 32.991001
2400.875000 22.348141 0.291000 33.085999
2410.250000 22.549389 0.291000 33.186001
2421.250000 22.750641 0.291000 33.291000
2432.000000 22.951897 0.291000 33.386002
2443.875000 23.153152 0.306000 33.491001
2459.500000 23.361927 0.306000 33.585999
2471.375000 23.361927 0.306000 33.686001
2483.250000 23.555143 0.306000 33.791000
2494.500000 23.706562 0.306000 33.886002
2500.375000 23.825127 0.306000 33.986000
2505.875000 23.910688 0.306000 34.092999
2511.000000 23.963120 0.306000 34.186001
2517.750000 23.982473 0.306000 34.285999
2520.250000 23.982473 0.306000 34.386002
2536.625000 23.982599 0.315000 34.492001
2551.750000 23.982599 0.315000 34.691002
2564.625000 23.982599 0.315000 34.785999
2576.000000 23.982599 0.315000 34.886002
2582.125000 23.982599 0.315000 34.991001
2586.375000 23.982599 0.315000 35.085999
2589.500000 23.982599 0.315000 35.186001
2591.000000 23.982599 0.315000 35.285999
2591.250000 23.999098 0.315000 35.390999
2595.875000 23.999098 0.261000 35.487999
2597.750000 23.999098 0.261000 35.585999
2600.375000 23.999098 0.261000 35.686001
2603.125000 23.999098 0.261000 35.792000
2606.625000 24.126854 0.261000 35.886002
2609.500000 24.126854 0.261000 35.986000
2614.375000 24.126854 0.261000 36.085999
2620.375000 24.327942 0.261000 36.191002
2627.500000 24.550142 0.261000 36.291000
2635.375000 24.750393 0.261000 36.386002
2646.125000 24.750393 0.253000 36.486000
2656.000000 24.959774 0.253000 36.585999
2666.000000 25.161730 0.253000 36.691002
2675.750000 25.361835 0.253000 36.787998
2688.375000 25.577066 0.253000 36.897999
2697.875000 25.786291 0.253000 36.997002
2708.250000 25.987539 0.253000 37.091999
2719.125000 26.198788 0.253000 37.186001
2729.125000 26.408237 0.253000 37.285999
2740.000000 26.609409 0.253000 37.386002
2755.375000 26.810659 0.284000 37.486000
2768.250000 27.018852 0.284000 37.585999
2781.875000 27.228048 0.284000 37.686001
2793.000000 27.429289 0.284000 37.785999
2804.250000 27.630362 0.284000 37.886002
2814.500000 27.892115 0.284000 37.986000
2825.625000 28.093363 0.284000 38.085999
2839.625000 28.294596 0.284000 38.186001
2850.875000 28.495827 0.284000 38.285999
2860.000000 28.696949 0.284000 38.386002
2895.750000 28.898149 0.317000 38.495998
2906.250000 29.106371 0.317000 38.585999
2916.375000 29.307470 0.317000 38.686001
2927.375000 29.508722 0.317000 38.785999
2938.875000 29.709999 0.317000 38.886002
2950.750000 29.911350 0.317000 38.986000
2962.375000 30.112476 0.317000 39.091000
2970.625000 30.313677 0.317000 39.188000
2982.875000 30.514959 0.317000 39.292000
2995.250000 30.716406 0.317000 39.386002
3020.000000 30.922157 0.308000 39.493000
3029.375000 31.130377 0.308000 39.592999
3038.750000 31.331627 0.308000 39.698002
3046.625000 31.533003 0.308000 39.792999
3056.000000 31.734251 0.308000 39.893002
3066.250000 31.935499 0.308000 39.993999
3075.875000 32.144924 0.308000 40.085999
3086.500000 32.354298 0.308000 40.186001
3095.750000 32.555546 0.308000 40.285999
3104.125000 32.756794 0.308000 40.390999
3115.125000 32.958168 0.305000 40.486000
3127.125000 33.159416 0.305000 40.585999
3138.375000 33.360664 0.305000 40.686001
3147.625000 33.561939 0.305000 40.792999
3157.875000 33.763435 0.305000 40.886002
3168.375000 33.964680 0.305000 40.986000
3177.500000 34.167824 0.305000 41.091999
3185.500000 34.379070 0.305000 41.192001
3196.000000 34.379070 0.305000 41.286999
3208.125000 34.588020 0.305000 41.386002
3227.625000 34.789265 0.306000 41.486000
3241.625000 35.209007 0.306000 41.691002
3253.750000 35.420258 0.306000 41.785999
3264.875000 35.651783 0.306000 41.886002
3275.375000 35.853012 0.306000 41.986000
3285.250000 36.054291 0.306000 42.085999
3296.500000 36.255669 0.306000 42.186001
3306.500000 36.457073 0.306000 42.286999
3318.250000 36.658077 0.306000 42.390999
3337.875000 37.067734 0.341000 42.585999
3351.750000 37.315315 0.341000 42.686001
3360.875000 37.515816 0.341000 42.785999
3370.875000 37.717064 0.341000 42.886002
3381.750000 37.918316 0.341000 42.986000
3397.125000 38.119553 0.341000 43.085999
3412.000000 38.320927 0.341000 43.186001
3422.750000 38.522175 0.341000 43.285999
3438.000000 38.928669 0.341000 43.491001
3456.125000 39.130310 0.363000 43.585999
3468.875000 39.339626 0.363000 43.692001
3479.000000 39.540874 0.363000 43.797001
3487.500000 39.750317 0.363000 43.886002
3499.375000 39.951584 0.363000 43.986000
3511.125000 40.152805 0.363000 44.085999
3520.875000 40.353924 0.363000 44.186001
3532.625000 40.555168 0.363000 44.285999
3541.750000 40.756413 0.363000 44.386002
3553.000000 40.957558 0.358000 44.486000
3566.875000 41.158806 0.358000 44.585999
3578.125000 41.360085 0.358000 44.686001
3589.875000 41.561359 0.358000 44.785999
3602.375000 41.762733 0.358000 44.886002
3614.125000 41.963982 0.358000 44.986000
3625.625000 42.169281 0.358000 45.088001
3635.875000 42.169281 0.358000 45.186001
3648.500000 42.406784 0.358000 45.291000
3664.500000 42.849403 0.358000 45.486000
3690.000000 43.070423 0.356000 45.591000
3704.125000 43.321354 0.356000 45.686001
3719.375000 43.522587 0.356000 45.791000
3733.750000 43.723953 0.356000 45.890999
3746.500000 43.925198 0.356000 45.986000
3759.375000 44.126476 0.356000 46.085999
3772.625000 44.327736 0.356000 46.186001
3787.125000 44.528999 0.356000 46.285999
3802.250000 44.730225 0.356000 46.386002
3817.000000 44.931580 0.373000 46.486000
3836.625000 45.132919 0.373000 46.585999
3848.625000 45.334293 0.373000 46.686001
3862.000000 45.535545 0.373000 46.785999
3877.375000 45.736668 0.373000 46.886002
3891.750000 45.937912 0.373000 46.986000
3903.875000 46.139156 0.373000 47.085999
3919.000000 46.340401 0.373000 47.195999
3940.250000 46.742767 0.373000 47.386002
3959.125000 46.944016 0.373000 47.486000
3987.750000 47.149925 0.369000 47.585999
4004.500000 47.352024 0.369000 47.686001
4021.375000 47.556324 0.369000 47.785999
4040.000000 47.757526 0.369000 47.886002
4060.250000 47.958782 0.369000 47.986000
4078.000000 48.160004 0.369000 48.091000
4092.500000 48.363274 0.369000 48.191002
4108.750000 48.363274 0.369000 48.285999
4127.125000 48.773529 0.369000 48.390999
4139.500000 48.773529 0.319000 48.486000
4162.500000 49.176178 0.319000 48.591000
4175.125000 49.176178 0.319000 48.686001
4188.750000 49.578403 0.319000 48.791000
4203.000000 49.578403 0.319000 48.886002
4219.375000 49.779877 0.319000 48.986000
4237.000000 49.981129 0.319000 49.085999
4249.750000 50.182281 0.319000 49.186001
4262.375000 50.383533 0.319000 49.285999
4274.500000 50.584816 0.319000 49.386002
4303.500000 50.786053 0.337000 49.486000
4317.000000 50.987312 0.337000 49.585999
4330.500000 51.187988 0.337000 49.686001
4343.500000 51.389259 0.337000 49.785999
4358.250000 51.791660 0.337000 49.890999
4370.500000 51.791660 0.337000 49.986000
4382.250000 52.194149 0.337000 50.091000
4394.750000 52.194149 0.337000 50.186001
4408.375000 52.395409 0.337000 50.289001
4422.000000 52.596539 0.337000 50.386002
4436.000000 52.999008 0.361000 50.491001
4450.625000 52.999008 0.361000 50.585999
4465.125000 53.200253 0.361000 50.686001
4478.500000 53.401501 0.361000 50.785999
4493.875000 53.602646 0.361000 50.886002
4507.375000 54.005371 0.361000 50.991001
4520.875000 54.206623 0.361000 51.091000
4536.500000 54.407845 0.361000 51.195999
4549.250000 54.407845 0.361000 51.285999
4563.500000 54.810486 0.361000 51.396000
4596.750000 55.011795 0.354000 51.585999
4615.875000 55.216934 0.354000 51.686001
4634.000000 55.420288 0.354000 51.785999
4648.500000 55.621521 0.354000 51.886002
4658.875000 55.822769 0.354000 51.986000
4672.000000 56.024063 0.354000 52.085999
4686.625000 56.265686 0.354000 52.186001
4707.375000 56.479206 0.354000 52.285999
4721.625000 56.688457 0.354000 52.386002
4738.750000 56.893860 0.352000 52.486000
4755.625000 57.100632 0.352000 52.588001
4770.625000 57.301758 0.352000 52.691002
4786.625000 57.533215 0.352000 52.792999
4804.000000 57.734463 0.352000 52.886002
4821.250000 57.935707 0.352000 52.991001
4836.000000 58.146961 0.352000 53.085999
4851.125000 58.368526 0.352000 53.191002
4865.500000 58.569801 0.352000 53.291000
4879.750000 58.771271 0.352000 53.386002
4893.500000 58.972370 0.355000 53.494999
4909.625000 59.172985 0.355000 53.585999
4927.000000 59.374229 0.355000 53.691002
4944.000000 59.575478 0.355000 53.785999
4959.250000 59.776726 0.355000 53.886002
4974.125000 59.977974 0.355000 53.991001
4990.750000 60.179222 0.355000 54.085999
5009.000000 60.380520 0.355000 54.186001
5026.000000 60.583771 0.355000 54.285999
5040.500000 60.793018 0.355000 54.386002
5057.875000 60.994289 0.355000 54.491001
5079.000000 61.199558 0.374000 54.585999
5096.000000 61.404518 0.374000 54.691002
5110.750000 61.605751 0.374000 54.791000
5125.875000 61.806976 0.374000 54.896000
5138.125000 62.008228 0.374000 54.991001
5151.250000 62.209450 0.374000 55.091000
5162.625000 62.412731 0.374000 55.195999
5174.500000 62.621986 0.374000 55.296001
5185.125000 62.823093 0.374000 55.390999
5201.375000 63.024384 0.374000 55.495998
5216.500000 63.024384 0.401000 55.585999
5233.125000 63.225426 0.401000 55.686001
5254.250000 63.431854 0.401000 55.791000
5269.000000 63.605095 0.401000 55.890999
5275.125000 63.605095 0.401000 55.991001
5282.625000 63.811249 0.401000 56.085999
5294.250000 63.811249 0.401000 56.186001
5303.000000 64.035278 0.401000 56.285999
5316.875000 64.035278 0.401000 56.386002
5326.125000 64.239967 0.401000 56.486000
5345.875000 64.454597 0.394000 56.585999
5360.875000 64.660225 0.394000 56.687000
5372.000000 64.869453 0.394000 56.785999
5385.375000 65.070709 0.394000 56.890999
5399.875000 65.312187 0.394000 56.991001
5413.125000 65.513420 0.394000 57.096001
5426.000000 65.716545 0.394000 57.195999
5441.500000 65.925865 0.394000 57.291000
5454.875000 66.127068 0.394000 57.393002
5468.625000 66.328300 0.394000 57.486000
5496.250000 66.536980 0.387000 57.585999
5512.750000 66.746925 0.387000 57.686001
5525.000000 66.948151 0.387000 57.785999
5541.625000 67.149307 0.387000 57.890999
5553.000000 67.352676 0.387000 57.991001
5564.875000 67.352676 0.387000 58.085999
5578.875000 67.573654 0.387000 58.191002
5592.625000 67.775734 0.387000 58.285999
5603.625000 67.981926 0.387000 58.386002
5615.250000 68.204369 0.387000 58.491001
5626.875000 68.413986 0.415000 58.585999
5635.875000 68.621567 0.415000 58.691002
5662.750000 68.621567 0.415000 58.791000
5716.125000 68.802727 0.415000 58.890999
5734.375000 68.942711 0.415000 58.987000
5743.000000 69.072189 0.415000 59.085999
5748.250000 69.072189 0.415000 59.191002
5758.000000 69.152489 0.415000 59.285999
5762.250000 69.152489 0.415000 59.386002
5767.750000 69.152489 0.415000 59.486000
5773.250000 69.274391 0.406000 59.591000
5778.500000 69.274391 0.406000 59.686001
5785.625000 69.432457 0.406000 59.791000
5792.875000 69.432457 0.406000 59.890999
5800.625000 69.654869 0.406000 59.991001
5810.875000 69.861595 0.406000 60.096001
5822.500000 69.861595 0.406000 60.186001
5834.750000 70.063812 0.406000 60.291000
5848.250000 70.285004 0.406000 60.386002
5862.375000 70.506340 0.406000 60.491001
5877.375000 70.709641 0.374000 60.591000
5892.875000 70.919121 0.374000 60.691002
5905.875000 71.119621 0.374000 60.791000
5920.375000 71.320992 0.374000 60.890999
5934.125000 71.532227 0.374000 60.986000
5947.750000 71.733345 0.374000 61.085999
5958.750000 71.934608 0.374000 61.191002
5970.375000 72.166061 0.374000 61.291000
5983.875000 72.397247 0.374000 61.386002
5998.250000 72.598373 0.374000 61.491001
6030.000000 72.801643 0.443000 61.591000
6045.875000 73.010452 0.443000 61.686001
6062.750000 73.211700 0.443000 61.791000
6076.000000 73.412941 0.443000 61.886002
6091.000000 73.614281 0.443000 61.991001
6104.750000 73.815506 0.443000 62.085999
6116.750000 74.016876 0.443000 62.186001
6126.500000 74.218040 0.443000 62.296001
6137.875000 74.419159 0.443000 62.386002
6148.375000 74.620529 0.443000 62.491001
6164.875000 74.821671 0.488000 62.585999
6182.625000 75.022514 0.488000 62.686001
6200.875000 75.223793 0.488000 62.785999
6217.625000 75.425049 0.488000 62.886002
6233.500000 75.626282 0.488000 62.991001
6250.500000 75.827530 0.488000 63.091000
6265.250000 76.028923 0.488000 63.186001
6280.875000 76.230164 0.488000 63.291000
6296.125000 76.431511 0.488000 63.386002
6312.625000 76.632774 0.488000 63.491001
6329.125000 76.838005 0.466000 63.585999
6341.000000 77.045258 0.466000 63.686001
6353.625000 77.246521 0.466000 63.785999
6365.000000 77.447762 0.466000 63.886002
6376.625000 77.649048 0.466000 63.991001
6390.625000 77.850082 0.466000 64.085999
6404.375000 78.051468 0.466000 64.185997
6418.750000 78.252472 0.466000 64.286003
6431.500000 78.453987 0.466000 64.386002
6442.000000 78.655098 0.466000 64.486000
6455.000000 78.856407 0.498000 64.591003
6474.750000 79.057167 0.498000 64.685997
6488.750000 79.258415 0.498000 64.786003
6502.375000 79.459724 0.498000 64.886002
6516.625000 79.660995 0.498000 64.986000
6529.250000 79.862503 0.498000 65.085999
6543.750000 80.063744 0.498000 65.185997
6557.625000 80.264969 0.498000 65.286003
6573.000000 80.466324 0.498000 65.386002
6593.000000 80.667725 0.498000 65.490997
6612.375000 80.873146 0.494000 65.588997
6626.875000 81.079849 0.494000 65.685997
6642.500000 81.281090 0.494000 65.791000
6660.000000 81.482437 0.494000 65.896004
6677.500000 81.683678 0.494000 65.990997
6694.875000 81.885048 0.494000 66.091003
6712.000000 82.086273 0.494000 66.191002
6727.125000 82.287514 0.494000 66.286003
6743.375000 82.488731 0.494000 66.390999
6756.500000 82.690231 0.494000 66.486000
6771.750000 82.891289 0.494000 66.585999
6785.250000 83.098785 0.507000 66.691002
6796.875000 83.098785 0.507000 66.776001
6819.875000 83.297592 0.507000 66.896004
6828.625000 83.446159 0.507000 66.986000
6851.000000 83.561508 0.507000 67.085999
6859.875000 83.646881 0.507000 67.185997
6890.500000 83.694969 0.507000 67.286003
6898.125000 83.694969 0.507000 67.386002
6904.000000 83.710838 0.507000 67.486000
6907.000000 83.710838 0.507000 67.585999
6911.125000 83.710838 0.503000 67.691002
6914.125000 83.710838 0.503000 67.795998
6917.250000 83.715836 0.503000 67.890999
6920.125000 83.715836 0.503000 67.990997
6920.750000 83.742943 0.503000 68.091003
6922.875000 83.742943 0.503000 68.185997
6925.000000 83.742943 0.503000 68.286003
6927.125000 83.781754 0.503000 68.390999
6931.500000 83.781754 0.503000 68.490997
6934.625000 83.781754 0.472000 68.591003
6937.500000 83.988335 0.472000 68.691002
6944.125000 83.988335 0.472000 68.786003
6949.125000 84.210411 0.472000 68.886002
6956.000000 84.415886 0.472000 68.986000
6964.625000 84.638512 0.472000 69.085999
6975.125000 84.839752 0.472000 69.192001
6985.750000 85.040970 0.472000 69.286003
6996.250000 85.242134 0.472000 69.396004
7006.625000 85.459091 0.472000 69.499001
7033.500000 85.869026 0.496000 69.698997
7049.250000 86.072273 0.496000 69.793999
7060.000000 86.273399 0.496000 69.899002
7072.125000 86.474525 0.496000 70.003998
7086.500000 86.675758 0.496000 70.098999
7098.625000 86.876991 0.496000 70.198997
7113.000000 87.078110 0.496000 70.304001
7126.250000 87.279350 0.496000 70.399002
7140.375000 87.484657 0.496000 70.500999
7157.625000 87.685898 0.496000 70.596001
7185.250000 87.886765 0.550000 70.691002
7198.750000 88.086990 0.550000 70.791000
7209.000000 88.288094 0.550000 70.890999
7219.125000 88.489334 0.550000 70.986000
7230.000000 88.690453 0.550000 71.091003
7244.750000 88.891708 0.550000 71.191002
7256.250000 89.093132 0.550000 71.291000
7268.000000 89.294518 0.550000 71.396004
7278.500000 89.495781 0.550000 71.486000
7288.500000 89.697044 0.550000 71.591003
7311.250000 89.897644 0.544000 71.685997
7322.375000 90.097893 0.544000 71.791000
7338.750000 90.299126 0.544000 71.890999
7348.500000 90.500427 0.544000 71.996002
7357.750000 90.701683 0.544000 72.094002
7369.125000 90.902977 0.544000 72.185997
7381.250000 91.104218 0.544000 72.291000
7393.500000 91.305588 0.544000 72.390999
7405.625000 91.510452 0.544000 72.502998
7416.500000 91.711823 0.544000 72.598000
7438.625000 91.921021 0.538000 72.697998
7452.625000 91.921021 0.538000 72.791000
7463.375000 92.324593 0.538000 72.896004
7474.875000 92.525848 0.538000 72.996002
7484.875000 92.727173 0.538000 73.096001
7495.250000 92.928444 0.538000 73.195999
7505.250000 92.928444 0.538000 73.291000
7515.500000 93.169945 0.538000 73.392998
7527.625000 93.371071 0.538000 73.499001
7538.875000 93.572403 0.538000 73.591003
7557.750000 93.793976 0.535000 73.691002
7566.375000 94.000099 0.535000 73.791000
7577.000000 94.201355 0.535000 73.890999
7589.125000 94.402458 0.535000 73.991997
7598.000000 94.603767 0.535000 74.091003
7609.500000 94.804939 0.535000 74.191002
7619.625000 95.046432 0.535000 74.295998
7627.375000 95.280045 0.535000 74.390999
7641.750000 95.700394 0.535000 74.591003
7658.625000 95.901131 0.570000 74.695999
7669.125000 96.102005 0.570000 74.795998
7677.500000 96.303505 0.570000 74.890999
7685.750000 96.504738 0.570000 74.997002
7694.625000 96.705727 0.570000 75.091003
7702.375000 96.906845 0.570000 75.191002
7710.500000 97.108215 0.570000 75.291000
7719.000000 97.309456 0.570000 75.390999
7728.250000 97.510826 0.570000 75.496002
7738.875000 97.712059 0.570000 75.591003
7751.875000 97.912292 0.521000 75.695999
7759.750000 98.117355 0.521000 75.796997
7767.750000 98.318588 0.521000 75.890999
7775.500000 98.519844 0.521000 75.990997
7782.500000 98.721085 0.521000 76.091003
7789.500000 98.924362 0.521000 76.191002
7796.625000 99.133690 0.521000 76.295998
7802.250000 99.334946 0.521000 76.396004
7809.125000 99.536301 0.521000 76.490997
7820.125000 99.737556 0.468000 76.591003
7827.625000 99.938316 0.468000 76.691002
7837.125000 100.139427 0.468000 76.791000
7845.000000 100.340782 0.468000 76.896004
7852.750000 100.542076 0.468000 76.990997
7858.625000 100.743301 0.468000 77.091003
7865.875000 100.944481 0.468000 77.191002
7873.125000 101.145729 0.468000 77.291000
7879.125000 101.347237 0.468000 77.390999
7888.875000 101.548439 0.468000 77.496002
7896.750000 101.749672 0.494000 77.595001
7904.125000 101.950272 0.494000 77.695999
7911.000000 102.153542 0.494000 77.791000
7915.375000 102.354820 0.494000 77.896004
7920.750000 102.564102 0.494000 77.990997
7926.875000 102.765335 0.494000 78.096001
7932.750000 102.966591 0.494000 78.195999
7938.875000 103.169975 0.494000 78.296997
7944.375000 103.169975 0.494000 78.390999
7949.500000 103.399437 0.494000 78.500999
7960.000000 103.821693 0.475000 78.696999
7965.875000 104.044907 0.475000 78.795998
7971.000000 104.251785 0.475000 78.890999
7976.500000 104.503517 0.475000 78.990997
7983.125000 104.704872 0.475000 79.096001
7988.000000 104.906006 0.475000 79.191002
7994.500000 105.107109 0.475000 79.291000
8001.500000 105.308365 0.475000 79.397003
8007.875000 105.519592 0.475000 79.490997
8014.375000 105.720947 0.455000 79.591003
8020.250000 105.923676 0.455000 79.695999
8026.000000 106.132957 0.455000 79.791000
8032.250000 106.334335 0.455000 79.890999
8040.125000 106.539360 0.455000 80.002998
8047.125000 106.740616 0.455000 80.098000
8053.500000 106.941872 0.455000 80.203003
8060.125000 107.142990 0.455000 80.301003
8070.500000 107.350479 0.455000 80.399002
8076.250000 107.551781 0.455000 80.490997
8083.375000 107.752975 0.441000 80.591003
8092.375000 107.956253 0.441000 80.696999
8099.875000 108.165611 0.441000 80.791000
8107.500000 108.366859 0.441000 80.897003
8114.625000 108.366859 0.441000 80.981003
8124.750000 108.769333 0.441000 81.091003
8135.000000 108.970581 0.441000 81.192001
8144.375000 109.175674 0.441000 81.291000
8153.125000 109.383148 0.441000 81.390999
8163.125000 109.584396 0.441000 81.490997
8172.250000 109.793617 0.433000 81.595001
8182.750000 109.793617 0.433000 81.691002
8194.125000 109.996346 0.433000 81.791000
8206.125000 110.398827 0.433000 81.896004
8220.750000 110.599945 0.433000 81.996002
8235.625000 110.599945 0.433000 82.091003
8253.875000 110.831596 0.433000 82.195999
8276.125000 111.042717 0.433000 82.291000
8298.875000 111.243713 0.433000 82.396004
8324.750000 111.444908 0.433000 82.496002
8352.375000 111.656464 0.440000 82.596001
8390.375000 111.858253 0.440000 82.695999
8416.000000 112.061005 0.440000 82.791000
8439.750000 112.265617 0.440000 82.898003
8455.000000 112.265617 0.440000 82.990997
8467.875000 112.467911 0.440000 83.098000
8483.250000 112.467911 0.440000 83.191002
8495.375000 112.668861 0.440000 83.299004
8507.000000 112.668861 0.440000 83.403999
8516.625000 112.881241 0.440000 83.499001
8528.000000 112.881241 0.440000 83.598999
8558.500000 113.085579 0.546000 83.698997
8570.625000 113.315208 0.546000 83.804001
8583.625000 113.524193 0.546000 83.903999
8594.500000 113.725334 0.546000 83.999001
8608.375000 113.926575 0.546000 84.098999
8622.000000 114.127815 0.546000 84.204002
8632.125000 114.329048 0.546000 84.299004
8644.875000 114.530281 0.546000 84.399002
8657.000000 114.731651 0.546000 84.499001
8668.375000 114.936768 0.546000 84.600998
8693.625000 115.138000 0.546000 84.700996
8702.750000 115.338615 0.546000 84.806000
8713.500000 115.539864 0.546000 84.901001
8724.000000 115.741135 0.546000 85.005997
8735.875000 115.942413 0.546000 85.100998
8745.875000 116.145721 0.546000 85.202003
8757.125000 116.346962 0.546000 85.302002
8774.625000 116.548317 0.546000 85.406998
8784.000000 116.759529 0.546000 85.490997
8793.250000 116.968887 0.546000 85.591003
8816.000000 117.170380 0.517000 85.691002
8827.250000 117.371223 0.517000 85.795998
8836.125000 117.572578 0.517000 85.890999
8846.000000 117.773964 0.517000 85.996002
8854.125000 117.975075 0.517000 86.091003
8861.875000 118.176315 0.517000 86.195999
8871.625000 118.377579 0.517000 86.291000
8880.000000 118.578835 0.517000 86.390999
8890.125000 118.780083 0.517000 86.496002
8901.500000 118.981384 0.517000 86.591003
8922.375000 119.182434 0.534000 86.696999
8932.125000 119.383240 0.534000 86.791000
8940.375000 119.584465 0.534000 86.890999
8948.125000 119.791443 0.534000 87.003998
8959.125000 119.992676 0.534000 87.098999
8967.500000 120.193932 0.534000 87.198997
8975.750000 120.395050 0.534000 87.299004
8982.125000 120.596046 0.534000 87.403999
8989.625000 120.797295 0.534000 87.509003
8996.625000 121.002846 0.534000 87.591003
9014.750000 121.211922 0.499000 87.705002
9021.625000 121.420769 0.499000 87.800003
9025.875000 121.622017 0.499000 87.904999
9031.500000 121.823265 0.499000 88.004997
9038.875000 122.024651 0.499000 88.099998
9044.125000 122.226036 0.499000 88.199997
9048.750000 122.226036 0.499000 88.299004
9053.375000 122.453346 0.499000 88.386002
9059.375000 122.690735 0.499000 88.490997
9065.375000 122.901962 0.499000 88.591003
9075.625000 123.123497 0.510000 88.691002
9081.500000 123.331566 0.510000 88.791000
9086.875000 123.532845 0.510000 88.890999
9091.875000 123.734108 0.510000 88.996002
9096.625000 123.975479 0.510000 89.091003
9101.875000 124.176605 0.510000 89.185997
9106.375000 124.377853 0.510000 89.291000
9109.375000 124.579071 0.510000 89.390999
9114.625000 124.780350 0.510000 89.490997
9120.000000 124.981628 0.510000 89.596001
9133.750000 125.186752 0.436000 89.691002
9142.125000 125.186752 0.436000 89.792000
9147.625000 125.389153 0.436000 89.896004
9152.000000 125.596619 0.436000 89.990997
9156.250000 125.817177 0.436000 90.096001
9160.625000 126.030602 0.436000 90.191002
9163.875000 126.233864 0.436000 90.291000
9167.000000 126.442909 0.436000 90.390999
9171.000000 126.644341 0.436000 90.490997
9175.125000 126.845589 0.447000 90.597000
9178.750000 127.046242 0.447000 90.691002
9182.375000 127.247482 0.447000 90.795998
9186.125000 127.448753 0.447000 90.890999
9189.625000 127.650017 0.447000 90.996002
9194.125000 127.851257 0.447000 91.098000
9198.000000 128.052597 0.447000 91.191002
9202.375000 128.253967 0.447000 91.291000
9207.000000 128.455063 0.447000 91.392998
9211.125000 128.656250 0.447000 91.496002
9213.875000 128.857483 0.447000 91.591003
9229.500000 129.064987 0.458000 91.695999
9234.375000 129.266113 0.458000 91.795998
9239.000000 129.471649 0.458000 91.898003
9243.750000 129.672897 0.458000 91.998001
9248.875000 129.874146 0.458000 92.096001
9253.125000 130.081619 0.458000 92.191002
9258.375000 130.282913 0.458000 92.295998
9264.750000 130.484131 0.458000 92.390999
9270.250000 130.685379 0.458000 92.500999
9275.000000 130.886871 0.458000 92.600998
9287.500000 131.090164 0.541000 92.706001
9297.625000 131.090164 0.541000 92.797997
9306.500000 131.291962 0.541000 92.903000
9311.250000 131.497726 0.541000 93.008003
9316.750000 131.497726 0.541000 93.091003
9322.750000 131.703110 0.541000 93.191002
9326.875000 131.929749 0.541000 93.295998
9332.125000 132.144852 0.541000 93.398003
9338.125000 132.402573 0.541000 93.496002
9342.500000 132.624008 0.541000 93.596001
9355.500000 132.845276 0.535000 93.691002
9361.500000 133.048019 0.535000 93.802002
9366.875000 133.249252 0.535000 93.897003
9372.750000 133.458466 0.535000 93.990997
9379.375000 133.659439 0.535000 94.091003
9385.750000 133.866867 0.535000 94.204002
9391.500000 134.067978 0.535000 94.304001
9397.500000 134.269333 0.535000 94.403999
9403.250000 134.470566 0.535000 94.499001
9407.500000 134.679672 0.535000 94.602997
9418.625000 134.880905 0.551000 94.697998
9422.125000 135.087708 0.551000 94.791000
9427.500000 135.290955 0.551000 94.897003
9430.250000 135.500198 0.551000 94.990997
9433.625000 135.703720 0.551000 95.097000
9437.250000 135.912827 0.551000 95.195999
9440.125000 135.912827 0.551000 95.291000
9443.250000 136.156326 0.551000 95.391998
9446.500000 136.361923 0.551000 95.490997
9450.125000 136.569244 0.551000 95.596001
9463.250000 136.770554 0.471000 95.705002
9469.625000 136.975815 0.471000 95.795998
9475.625000 137.179810 0.471000 95.890999
9481.625000 137.387146 0.471000 95.996002
9487.625000 137.588501 0.471000 96.097000
9493.625000 137.789719 0.471000 96.191002
9498.875000 138.031158 0.471000 96.295998
9505.875000 138.262512 0.471000 96.390999
9510.375000 138.463882 0.471000 96.496002
9516.125000 138.665146 0.471000 96.591003
9526.625000 138.871048 0.475000 96.696999
9532.500000 139.075394 0.475000 96.795998
9537.250000 139.276398 0.475000 96.896004
9541.875000 139.477646 0.475000 96.990997
9545.375000 139.678909 0.475000 97.091003
9549.375000 139.880157 0.475000 97.191002
9553.375000 140.081436 0.475000 97.291000
9556.875000 140.282761 0.475000 97.396004
9559.750000 140.486115 0.475000 97.490997
9562.625000 140.687408 0.475000 97.596001
9570.750000 140.888611 0.436000 97.691002
9573.125000 141.089859 0.436000 97.795998
9575.625000 141.291275 0.436000 97.890999
9577.750000 141.291275 0.436000 97.986000
9579.750000 141.693832 0.436000 98.091003
9582.000000 141.895264 0.436000 98.195999
9583.750000 142.100418 0.436000 98.297997
9585.875000 142.100418 0.436000 98.390999
9588.125000 142.327866 0.436000 98.497002
9590.375000 142.559372 0.436000 98.591003
9598.125000 142.760406 0.427000 98.691002
9600.750000 142.983231 0.427000 98.791000
9602.875000 143.221069 0.427000 98.890999
9606.250000 143.422333 0.427000 98.996002
9609.125000 143.625626 0.427000 99.091003
9611.375000 143.835098 0.427000 99.191002
9614.000000 144.036377 0.427000 99.292000
9617.500000 144.237747 0.427000 99.390999
9619.250000 144.440964 0.427000 99.501999
9624.000000 144.647812 0.401000 99.597000
9627.500000 144.851379 0.401000 99.691002
9629.875000 144.851379 0.401000 99.791000
9632.250000 145.058594 0.401000 99.896004
9635.250000 145.261978 0.401000 99.990997
9637.125000 145.462891 0.401000 100.096001
9639.750000 145.663986 0.401000 100.192001
9641.125000 145.865082 0.401000 100.291000
9643.250000 146.106201 0.401000 100.390999
9646.000000 146.337860 0.401000 100.496002
9647.375000 146.560867 0.386000 100.591003
9649.750000 146.770142 0.386000 100.695999
9651.750000 146.971390 0.386000 100.791000
9654.000000 147.172653 0.386000 100.890999
9656.875000 147.373993 0.386000 100.996002
9659.750000 147.575211 0.386000 101.096001
9662.375000 147.776459 0.386000 101.191002
9666.125000 147.977737 0.386000 101.291000
9669.125000 148.181030 0.386000 101.402000
9674.000000 148.390213 0.386000 101.496002
9679.500000 148.591476 0.386000 101.591003
9684.875000 148.799255 0.404000 101.691002
9691.625000 149.005981 0.404000 101.795998
9698.250000 149.207291 0.404000 101.890999
9706.125000 149.408493 0.404000 101.996002
9714.625000 149.609619 0.404000 102.091003
9724.125000 149.810898 0.404000 102.195999
9731.625000 150.012299 0.404000 102.295998
9740.250000 150.213547 0.404000 102.390999
9747.750000 150.414764 0.404000 102.496002
9761.375000 150.616074 0.403000 102.591003
9768.500000 150.837646 0.403000 102.702003
9776.250000 150.837646 0.403000 102.791000
9782.750000 151.056961 0.403000 102.896004
9788.125000 151.268219 0.403000 102.986000
9794.000000 151.499573 0.403000 103.091003
9799.250000 151.720932 0.403000 103.191002
9804.875000 151.952362 0.403000 103.297997
9810.125000 152.163589 0.403000 103.390999
9814.375000 152.364700 0.403000 103.496002
9820.750000 152.565933 0.403000 103.591003
9830.750000 152.767029 0.440000 103.695999
9835.750000 152.971085 0.440000 103.791000
9841.000000 153.184448 0.440000 103.890999
9848.625000 153.393616 0.440000 103.996002
9854.000000 153.594879 0.440000 104.091003
9858.625000 153.796127 0.440000 104.195999
9866.750000 153.997391 0.440000 104.295998
9872.250000 154.198776 0.440000 104.390999
9878.250000 154.400040 0.440000 104.501999
9884.125000 154.601700 0.440000 104.596001
9894.250000 154.802841 0.451000 104.685997
9898.125000 155.011154 0.451000 104.791000
9903.250000 155.212387 0.451000 104.896004
9909.375000 155.413635 0.451000 104.990997
9914.000000 155.614883 0.451000 105.096001
9920.375000 155.815948 0.451000 105.195999
9925.625000 156.017105 0.451000 105.291000
9933.250000 156.218475 0.451000 105.396004
9939.250000 156.419968 0.451000 105.500999
9946.000000 156.621338 0.451000 105.606003
9950.125000 156.829529 0.427000 105.700996
9956.500000 157.033264 0.427000 105.801003
9961.625000 157.234512 0.427000 105.901001
9967.000000 157.435791 0.427000 106.000999
9973.375000 157.636703 0.427000 106.100998
9980.500000 157.837982 0.427000 106.206001
9988.625000 158.039261 0.427000 106.301003
9993.625000 158.240540 0.427000 106.401001
9998.000000 158.441818 0.427000 106.500999
10003.625000 158.643219 0.427000 106.600998
10016.875000 158.846542 0.438000 106.706001
10027.250000 158.846542 0.438000 106.801003
10036.375000 159.053040 0.438000 106.905998
10040.375000 159.255020 0.438000 107.000999
10043.250000 159.255020 0.438000 107.106003
10046.750000 159.457199 0.438000 107.200996
10050.750000 159.457199 0.438000 107.301003
10053.875000 159.674500 0.438000 107.405998
10057.125000 159.674500 0.438000 107.503998
10058.750000 159.889862 0.438000 107.598999
10068.375000 160.128082 0.435000 107.692001
10071.625000 160.336914 0.435000 107.791000
10075.375000 160.538223 0.435000 107.896004
10079.000000 160.739349 0.435000 107.990997
10081.500000 160.940613 0.435000 108.091003
10085.250000 161.143982 0.435000 108.191002
10088.750000 161.353226 0.435000 108.295998
10091.750000 161.554489 0.435000 108.397003
10095.875000 161.755646 0.435000 108.490997
10100.500000 161.956848 0.435000 108.600998
10108.000000 162.158325 0.469000 108.691002
10111.875000 162.359039 0.469000 108.791000
10114.750000 162.560165 0.469000 108.896004
10117.750000 162.761429 0.469000 108.996002
10120.875000 162.962662 0.469000 109.096001
10122.750000 163.164154 0.469000 109.195999
10126.625000 163.365387 0.469000 109.291000
10128.750000 163.566269 0.469000 109.402000
10131.625000 163.769394 0.469000 109.497002
10134.375000 163.970642 0.469000 109.597000
10153.625000 164.179901 0.455000 109.694000
10158.875000 164.380646 0.455000 109.795998
10174.500000 164.585892 0.455000 109.890999
10178.250000 164.790817 0.455000 109.996002
10182.125000 164.992035 0.455000 110.096001
10187.500000 164.992035 0.455000 110.193001
10190.375000 165.398361 0.455000 110.297997
10194.125000 165.603592 0.455000 110.404999
10195.750000 165.804718 0.455000 110.504997
10197.875000 166.005829 0.455000 110.605003
10200.250000 166.207077 0.486000 110.705002
10203.125000 166.407700 0.486000 110.800003
10205.000000 166.608948 0.486000 110.904999
10207.625000 166.810181 0.486000 111.000000
10210.125000 167.011414 0.486000 111.105003
10212.875000 167.212677 0.486000 111.199997
10214.250000 167.413956 0.486000 111.300003
10216.250000 167.413956 0.486000 111.399002
10217.875000 167.653473 0.486000 111.494003
10218.875000 167.860687 0.486000 111.597000
10226.250000 168.100082 0.459000 111.691002
10230.500000 168.319931 0.459000 111.795998
10234.875000 168.541107 0.459000 111.890999
10236.500000 168.752579 0.459000 111.990997
10240.625000 168.953690 0.459000 112.096001
10244.750000 169.154678 0.459000 112.195999
10246.125000 169.357681 0.459000 112.302002
10248.750000 169.569031 0.459000 112.402000
10250.625000 169.778122 0.459000 112.490997
10253.125000 169.979431 0.459000 112.596001
10260.625000 170.180542 0.475000 112.695999
10263.000000 170.381271 0.475000 112.791000
10265.250000 170.582382 0.475000 112.890999
10267.625000 170.783737 0.475000 112.990997
10268.750000 170.984985 0.475000 113.091003
10270.875000 171.186218 0.475000 113.195999
10273.000000 171.387344 0.475000 113.291000
10275.625000 171.588852 0.475000 113.390999
10277.500000 171.790085 0.475000 113.496002
10279.250000 171.991348 0.475000 113.596001
10282.250000 172.192581 0.477000 113.695999
10285.375000 172.393311 0.477000 113.791000
10288.125000 172.596573 0.477000 113.890999
10290.125000 172.805984 0.477000 113.996002
10292.625000 173.007233 0.477000 114.096001
10295.625000 173.208466 0.477000 114.195999
10297.750000 173.411743 0.477000 114.302002
10300.625000 173.411743 0.477000 114.380997
10302.750000 173.822235 0.477000 114.490997
10305.500000 174.025620 0.477000 114.597000
10312.875000 174.226471 0.441000 114.702003
10315.500000 174.427521 0.441000 114.792999
10320.125000 174.628616 0.441000 114.897003
10322.625000 174.829895 0.441000 114.997002
10325.250000 175.031158 0.441000 115.097000
10328.125000 175.232437 0.441000 115.192001
10329.750000 175.433594 0.441000 115.292000
10332.875000 175.634720 0.441000 115.391998
10334.750000 175.841858 0.441000 115.500000
10337.875000 176.043121 0.441000 115.605003
10343.250000 176.246063 0.445000 115.699997
10346.375000 176.246063 0.445000 115.800003
10349.625000 176.449570 0.445000 115.897003
10353.250000 176.645554 0.445000 115.998001
10355.500000 176.645554 0.445000 116.097000
10357.375000 176.824951 0.445000 116.196999
10358.375000 176.824951 0.445000 116.292000
10359.125000 177.027313 0.445000 116.397003
10360.500000 177.027313 0.445000 116.491997
10362.125000 177.264465 0.445000 116.592003
10366.625000 177.468323 0.436000 116.696999
10367.000000 177.671509 0.436000 116.796997
10367.750000 177.871719 0.436000 116.891998
10369.125000 178.073227 0.436000 116.997002
10369.875000 178.286469 0.436000 117.098000
10371.250000 178.495758 0.436000 117.192001
10373.000000 178.696945 0.436000 117.292000
10376.250000 178.900894 0.436000 117.397003
10377.625000 178.900894 0.436000 117.491997
10378.875000 179.106979 0.436000 117.592003
10381.125000 179.319260 0.442000 117.692001
10387.000000 179.319260 0.442000 117.792000
10388.000000 179.522430 0.442000 117.892998
10389.375000 179.522430 0.442000 117.991997
10390.250000 179.743271 0.442000 118.092003
10390.875000 179.743271 0.442000 118.196999
10391.875000 179.743271 0.442000 118.292000
10393.250000 179.961548 0.442000 118.391998
10393.750000 179.961548 0.442000 118.491997
10394.625000 180.167068 0.442000 118.592003
10397.250000 180.372635 0.438000 118.702003
10398.625000 180.372635 0.438000 118.796997
10400.250000 180.578339 0.438000 118.897003
10401.500000 180.785660 0.438000 118.997002
10403.375000 180.993408 0.438000 119.092003
10405.875000 181.194916 0.438000 119.197998
10407.625000 181.410690 0.438000 119.299004
10409.375000 181.612320 0.438000 119.399002
10411.125000 181.823669 0.438000 119.499001
10412.750000 182.024918 0.438000 119.603996
10416.500000 182.232162 0.451000 119.696999
10418.750000 182.432755 0.451000 119.796997
10420.250000 182.633820 0.451000 119.891998
10422.625000 182.835312 0.451000 119.991997
10424.750000 183.036682 0.451000 120.097000
10427.125000 183.237656 0.451000 120.199997
10428.500000 183.439148 0.451000 120.292000
10429.500000 183.640305 0.451000 120.391998
10431.500000 183.841705 0.451000 120.491997
10433.375000 184.042969 0.451000 120.597000
10435.625000 184.244507 0.446000 120.696999
10437.125000 184.445312 0.446000 120.792000
10438.375000 184.646423 0.446000 120.897003
10438.750000 184.847504 0.446000 120.997002
10440.125000 185.052795 0.446000 121.092003
10441.375000 185.260254 0.446000 121.196999
10442.750000 185.461716 0.446000 121.292000
10444.750000 185.663010 0.446000 121.397003
10446.500000 185.864151 0.446000 121.492996
10447.875000 186.065491 0.446000 121.592003
10450.750000 186.266357 0.409000 121.692001
10452.000000 186.473328 0.409000 121.792000
10453.375000 186.674698 0.409000 121.891998
10454.000000 186.875900 0.409000 121.991997
10454.500000 187.077301 0.409000 122.092003
10455.750000 187.278595 0.409000 122.192001
10456.875000 187.479889 0.409000 122.297997
10458.125000 187.680923 0.409000 122.391998
10459.375000 187.888138 0.409000 122.500000
10460.625000 188.089310 0.409000 122.599998
10462.125000 188.294846 0.453000 122.696999
10462.750000 188.294846 0.453000 122.792000
10463.375000 188.697021 0.453000 122.897003
10464.000000 188.697021 0.453000 122.991997
10465.375000 189.102066 0.453000 123.098000
10466.250000 189.303085 0.453000 123.203003
10467.625000 189.303085 0.453000 123.292000
10469.125000 189.546860 0.453000 123.403999
10470.625000 189.764114 0.453000 123.501999
10471.250000 189.965256 0.453000 123.601997
10475.500000 190.166504 0.433000 123.702003
10478.250000 190.379379 0.433000 123.797997
10479.125000 190.580322 0.433000 123.898003
10481.000000 190.782227 0.433000 123.992996
10482.000000 190.782227 0.433000 124.098000
10483.250000 190.998520 0.433000 124.205002
10485.625000 191.205704 0.433000 124.300003
10487.250000 191.407181 0.433000 124.400002
10488.625000 191.809769 0.433000 124.599998
10489.750000 192.051743 0.433000 124.699997
10492.625000 192.311050 0.494000 124.805000
10493.750000 192.521042 0.494000 124.900002
10494.750000 192.722275 0.494000 125.000000
10495.125000 192.923645 0.494000 125.099998
10496.375000 193.130905 0.494000 125.197998
10497.375000 193.338287 0.494000 125.301003
10499.625000 193.539520 0.494000 125.405998
10500.625000 193.740738 0.494000 125.500999
10501.500000 193.942017 0.494000 125.606003
10506.000000 194.142883 0.419000 125.700996
10507.000000 194.351501 0.419000 125.806000
10508.000000 194.552719 0.419000 125.901001
10508.750000 194.753693 0.419000 126.005997
10509.500000 194.955170 0.419000 126.100998
10510.750000 195.156418 0.419000 126.202003
10511.250000 195.156418 0.419000 126.292999
10512.375000 195.361526 0.419000 126.392998
10513.625000 195.572830 0.419000 126.492996
10514.875000 195.776108 0.419000 126.593002
10516.250000 195.985336 0.424000 126.693001
10517.000000 196.186066 0.424000 126.792999
10518.500000 196.387314 0.424000 126.898003
10519.875000 196.789078 0.424000 127.093002
10520.625000 197.040695 0.424000 127.193001
10521.750000 197.272186 0.424000 127.297997
10522.625000 197.523834 0.424000 127.392998
10523.750000 197.725372 0.424000 127.492996
10524.500000 197.926804 0.424000 127.593002
10528.875000 198.128387 0.436000 127.693001
10530.875000 198.338257 0.436000 127.792999
10531.625000 198.539444 0.436000 127.892998
10532.875000 198.740402 0.436000 127.998001
10533.625000 198.941666 0.436000 128.093002
10537.125000 199.142807 0.436000 128.197998
10538.750000 199.344040 0.436000 128.292999
10539.750000 199.545502 0.436000 128.397995
10542.000000 199.746613 0.436000 128.492996
10543.875000 199.948105 0.436000 128.593002
10548.000000 200.153442 0.406000 128.705002
10549.000000 200.361908 0.406000 128.800003
10550.000000 200.567368 0.406000 128.899994
10550.875000 200.768723 0.406000 129.000000
10552.375000 200.969955 0.406000 129.100006
10553.500000 201.171188 0.406000 129.199997
10554.500000 201.372421 0.406000 129.300003
10555.625000 201.573776 0.406000 129.399994
10556.625000 201.780914 0.406000 129.498001
10557.625000 201.982330 0.406000 129.598007
10559.125000 202.185638 0.406000 129.694000
10560.625000 202.185638 0.540000 129.792999
10561.750000 202.403351 0.540000 129.897995
10562.625000 202.643723 0.540000 130.003006
10564.250000 202.845108 0.540000 130.093002
10566.625000 203.046509 0.540000 130.197998
10568.625000 203.247772 0.540000 130.298004
10570.875000 203.456924 0.540000 130.401993
10572.625000 203.657898 0.540000 130.501999
10574.625000 203.859146 0.540000 130.602005
10577.125000 204.060532 0.480000 130.701996
10580.125000 204.261261 0.480000 130.802002
10582.500000 204.468719 0.480000 130.899994
10585.000000 204.710327 0.480000 131.009995
10588.125000 205.138962 0.480000 131.192993
10591.125000 205.340073 0.480000 131.292999
10593.375000 205.541321 0.480000 131.393005
10595.250000 205.742447 0.480000 131.498001
10598.500000 205.943726 0.480000 131.593002
10611.500000 206.149612 0.463000 131.694000
10615.875000 206.353882 0.463000 131.798004
10618.500000 206.353882 0.463000 131.897995
10622.250000 206.559494 0.463000 131.992996
10624.625000 206.559494 0.463000 132.093002
10626.875000 206.781281 0.463000 132.203003
10628.875000 206.781281 0.463000 132.292999
10632.500000 206.981476 0.463000 132.393005
10634.375000 206.981476 0.463000 132.501999
10637.500000 207.185760 0.463000 132.602005
10640.250000 207.185760 0.468000 132.701996
10643.125000 207.389847 0.468000 132.807007
10645.875000 207.590836 0.468000 132.901993
10649.500000 207.794342 0.468000 133.007004
10654.750000 208.025833 0.468000 133.106995
10660.750000 208.227188 0.468000 133.207001
10666.125000 208.438583 0.468000 133.302002
10670.750000 208.639954 0.468000 133.406998
10676.125000 208.841202 0.468000 133.507004
10681.875000 209.042450 0.468000 133.602005
10688.625000 209.243576 0.481000 133.701996
10693.250000 209.464310 0.481000 133.802002
10699.625000 209.866821 0.481000 134.007004
10705.750000 210.067551 0.481000 134.106995
10713.125000 210.268906 0.481000 134.207001
10719.125000 210.470154 0.481000 134.302002
10726.500000 210.675522 0.481000 134.404007
10732.125000 210.884735 0.481000 134.492996
10738.625000 211.086197 0.481000 134.593002
10750.625000 211.287537 0.481000 134.697998
10760.750000 211.287537 0.495000 134.792999
10766.625000 211.492325 0.495000 134.897995
10776.625000 211.947876 0.495000 135.104004
10784.875000 212.149109 0.495000 135.203995
10795.125000 212.561874 0.495000 135.403000
10802.250000 212.770950 0.495000 135.503006
10810.250000 212.972382 0.495000 135.598007
10818.875000 213.183701 0.495000 135.697998
10825.625000 213.384674 0.544000 135.792999
10832.125000 213.585571 0.544000 135.893005
10837.750000 213.786942 0.544000 135.992996
10845.625000 213.988113 0.544000 136.100006
10854.125000 214.189331 0.544000 136.197998
10862.375000 214.390427 0.544000 136.294006
10871.250000 214.591675 0.544000 136.397995
10878.750000 214.792969 0.544000 136.498993
10887.000000 214.994339 0.544000 136.593002
10895.750000 215.195709 0.544000 136.692993
10908.250000 215.396942 0.523000 136.792999
10918.750000 215.598404 0.523000 136.904007
10925.875000 215.799789 0.523000 136.992996
10934.500000 216.009430 0.523000 137.098007
10940.375000 216.413727 0.523000 137.298996
10945.500000 216.614624 0.523000 137.404007
10950.750000 216.815781 0.523000 137.509003
10955.250000 217.025391 0.523000 137.593002
10963.625000 217.226410 0.523000 137.697998
10980.000000 217.434570 0.513000 137.792999
10985.500000 217.642609 0.513000 137.899994
10994.250000 217.642609 0.513000 137.994003
11001.500000 217.859726 0.513000 138.098007
11008.250000 218.092819 0.513000 138.203003
11010.750000 218.302094 0.513000 138.292999
11012.500000 218.523605 0.513000 138.393005
11016.875000 218.749405 0.513000 138.494995
11019.875000 218.950668 0.513000 138.602005
11024.250000 219.192154 0.513000 138.695999
11034.875000 219.400726 0.539000 138.809006
11041.500000 219.601929 0.539000 138.908997
11046.750000 219.803192 0.539000 139.003998
11050.125000 220.008392 0.539000 139.106003
11053.750000 220.217926 0.539000 139.195007
11058.250000 220.419067 0.539000 139.300995
11062.375000 220.620300 0.539000 139.395004
11067.125000 220.821564 0.539000 139.494995
11072.250000 221.024841 0.539000 139.595001
11077.250000 221.234161 0.539000 139.695007
11084.250000 221.438995 0.528000 139.800003
11092.750000 221.438995 0.528000 139.895004
11098.500000 221.644485 0.528000 139.994995
11105.125000 222.081055 0.528000 140.184998
11110.000000 222.322556 0.528000 140.294998
11115.875000 222.523788 0.528000 140.395004
11122.125000 222.724915 0.528000 140.494995
11126.250000 222.926193 0.528000 140.598007
11132.000000 223.378906 0.572000 140.794998
11139.000000 223.588547 0.572000 140.904999
11145.625000 223.789780 0.572000 141.005005
11149.250000 223.997162 0.572000 141.108002
11152.375000 224.198410 0.572000 141.192993
11156.500000 224.399658 0.572000 141.302994
11158.625000 224.610901 0.572000 141.403000
11164.000000 225.019470 0.572000 141.606003
11168.750000 225.220840 0.572000 141.705994
11176.250000 225.642975 0.656000 141.899994
11182.625000 225.845291 0.656000 142.000000
11187.125000 226.046692 0.656000 142.095001
11190.750000 226.254074 0.656000 142.197998
11195.375000 226.254074 0.656000 142.294998
11198.625000 226.459412 0.656000 142.395004
11205.125000 226.891998 0.656000 142.602997
11209.125000 227.103333 0.656000 142.695007
11214.500000 227.304703 0.656000 142.794998
11222.875000 227.547791 0.644000 142.899994
11232.000000 227.770905 0.644000 143.009995
11237.625000 227.976624 0.644000 143.095001
11241.375000 228.180191 0.644000 143.195007
11247.000000 228.380798 0.644000 143.294998
11251.500000 228.582062 0.644000 143.399994
11255.375000 228.789536 0.644000 143.494995
11257.625000 229.000809 0.644000 143.595001
11260.375000 229.205978 0.644000 143.695007
11263.875000 229.407074 0.552000 143.800003
11269.000000 229.607834 0.552000 143.903000
11274.500000 229.809250 0.552000 143.994995
11277.625000 230.010574 0.552000 144.095001
11280.500000 230.213821 0.552000 144.195007
11284.750000 230.424927 0.552000 144.294998
11289.625000 230.634155 0.552000 144.395004
11297.375000 230.835602 0.552000 144.494995
11303.625000 231.036804 0.552000 144.595001
11315.625000 231.238129 0.552000 144.695007
11330.250000 231.439514 0.611000 144.794998
11338.750000 231.439514 0.611000 144.895004
11345.250000 231.850494 0.611000 145.000000
11349.375000 231.850494 0.611000 145.095001
11353.250000 232.051605 0.611000 145.195007
11358.875000 232.258926 0.611000 145.294998
11362.750000 232.464218 0.611000 145.395004
11368.500000 232.665588 0.611000 145.500000
11374.250000 232.869110 0.611000 145.600006
11381.125000 233.098648 0.611000 145.695007
11387.625000 233.299911 0.611000 145.794998
11401.250000 233.501129 0.642000 145.895004
11407.625000 233.737625 0.642000 146.001007
11413.250000 233.996124 0.642000 146.095001
11421.250000 234.197495 0.642000 146.195007
11429.625000 234.398727 0.642000 146.294998
11435.500000 234.599915 0.642000 146.399994
11441.875000 234.801193 0.642000 146.500000
11447.375000 235.002518 0.642000 146.595001
11453.000000 235.203766 0.642000 146.695007
11460.625000 235.405075 0.642000 146.800003
11471.875000 235.606552 0.698000 146.899994
11478.625000 235.812927 0.698000 147.000000
11482.750000 236.014206 0.698000 147.095001
11485.875000 236.215317 0.698000 147.195007
11489.875000 236.418335 0.698000 147.294998
11493.875000 236.619293 0.698000 147.401001
11497.875000 236.820694 0.698000 147.494995
11501.125000 237.022079 0.698000 147.597000
11503.125000 237.231567 0.698000 147.695007
11508.250000 237.432755 0.698000 147.800003
11514.375000 237.633865 0.711000 147.895004
11517.875000 237.843475 0.711000 147.994995
11520.500000 238.044754 0.711000 148.095001
11521.625000 238.246048 0.711000 148.199997
11523.625000 238.447327 0.711000 148.294998
11525.000000 238.648407 0.711000 148.395004
11527.375000 238.849655 0.711000 148.494995
11529.875000 239.053177 0.711000 148.602005
11531.375000 239.262268 0.711000 148.695007
11533.375000 239.463547 0.711000 148.794998
11539.250000 239.671112 0.646000 148.899994
11542.625000 239.671112 0.646000 149.001007
11544.750000 239.915863 0.646000 149.095001
11548.000000 240.147079 0.646000 149.195007
11550.125000 240.358566 0.646000 149.296005
11551.875000 240.559692 0.646000 149.395004
11552.875000 240.760956 0.646000 149.494995
11554.250000 240.962357 0.646000 149.595001
11558.125000 241.164093 0.646000 149.695007
11561.750000 241.365448 0.615000 149.798004
11564.375000 241.571686 0.615000 149.899994
11566.125000 241.778687 0.615000 149.994995
11568.500000 241.986801 0.615000 150.095001
11569.875000 242.200150 0.615000 150.195007
11571.125000 242.409531 0.615000 150.296005
11573.250000 242.612610 0.615000 150.406006
11575.250000 242.822189 0.615000 150.494995
11577.375000 243.023407 0.615000 150.595001
11578.875000 243.224915 0.615000 150.695007
11581.250000 243.426041 0.664000 150.794998
11584.125000 243.626846 0.664000 150.895004
11585.875000 243.827942 0.664000 151.000000
11589.625000 244.029007 0.664000 151.100006
11592.875000 244.230377 0.664000 151.195007
11594.750000 244.431747 0.664000 151.294998
11596.375000 244.633057 0.664000 151.395004
11598.875000 244.834152 0.664000 151.494995
11601.500000 245.041168 0.664000 151.602997
11604.250000 245.246414 0.664000 151.705002
11612.250000 245.447647 0.603000 151.800003
11615.625000 245.657333 0.603000 151.899994
11619.125000 245.858719 0.603000 152.000000
11622.125000 246.059952 0.603000 152.095001
11624.500000 246.263535 0.603000 152.201004
11626.625000 246.472763 0.603000 152.300003
11628.625000 246.472763 0.603000 152.395004
11631.000000 246.673996 0.603000 152.494995
11634.000000 246.879272 0.603000 152.600006
11638.250000 247.116959 0.603000 152.699997
11647.125000 247.318192 0.568000 152.800003
11650.875000 247.518295 0.568000 152.899994
11654.875000 247.719208 0.568000 152.994995
11658.125000 247.920425 0.568000 153.100006
11660.250000 248.121735 0.568000 153.195007
11661.500000 248.373383 0.568000 153.294998
11663.500000 248.574356 0.568000 153.399994
11665.125000 248.775711 0.568000 153.494995
11667.250000 248.983170 0.568000 153.602997
11668.875000 249.194550 0.568000 153.707993
11670.625000 249.436050 0.568000 153.802994
11689.000000 249.640106 0.661000 153.897003
11692.125000 249.841980 0.661000 153.994995
11694.375000 250.043228 0.661000 154.095001
11695.500000 250.244507 0.661000 154.195007
11697.000000 250.445831 0.661000 154.300003
11700.250000 250.848358 0.661000 154.505005
11702.125000 251.049515 0.661000 154.604996
11704.500000 251.452225 0.661000 154.804993
11712.750000 251.653259 0.655000 154.895996
11717.250000 251.853622 0.655000 155.001007
11721.500000 252.062698 0.655000 155.100006
11724.625000 252.264084 0.655000 155.195007
11726.875000 252.467361 0.655000 155.294998
11729.250000 252.678619 0.655000 155.395004
11731.375000 252.887863 0.655000 155.494995
11734.500000 253.097137 0.655000 155.604004
11737.125000 253.300293 0.655000 155.699997
11740.000000 253.501602 0.624000 155.800003
11743.000000 253.706863 0.624000 155.901993
11744.625000 253.706863 0.624000 155.994995
11746.625000 253.914200 0.624000 156.095001
11747.125000 254.115463 0.624000 156.201996
11747.750000 254.356949 0.624000 156.294998
11749.000000 254.610336 0.624000 156.406006
11750.375000 254.849716 0.624000 156.494995
11752.375000 255.060974 0.624000 156.595993
11753.625000 255.262253 0.624000 156.695007
11755.500000 255.463562 0.624000 156.794998
11762.125000 255.664948 0.660000 156.895004
11763.625000 255.874832 0.660000 157.000000
11766.125000 256.076050 0.660000 157.100006
11768.500000 256.277252 0.660000 157.195007
11770.000000 256.478485 0.660000 157.294998
11773.375000 256.679871 0.660000 157.397003
11776.375000 256.881073 0.660000 157.500000
11778.000000 257.082458 0.660000 157.600006
11779.250000 257.283966 0.660000 157.695999
11780.125000 257.497223 0.660000 157.806000
11781.875000 257.700592 0.631000 157.906006
11785.375000 257.907318 0.631000 158.001007
11788.500000 257.907318 0.631000 158.100006
11791.125000 258.144989 0.631000 158.199997
11793.125000 258.348236 0.631000 158.300995
11794.875000 258.549438 0.631000 158.401001
11795.875000 258.802948 0.631000 158.501007
11797.500000 259.012421 0.631000 158.600006
11798.625000 259.213837 0.631000 158.699997
11799.875000 259.435181 0.631000 158.800003
11809.875000 259.641663 0.631000 158.899994
11811.375000 259.841736 0.776000 159.005005
11813.250000 260.051086 0.776000 159.104996
11815.875000 260.252319 0.776000 159.195007
11818.250000 260.453308 0.776000 159.294998
11820.625000 260.658630 0.776000 159.399994
11822.375000 260.865967 0.776000 159.494995
11823.500000 261.067078 0.776000 159.595001
11826.000000 261.268494 0.776000 159.699997
11828.125000 261.471893 0.776000 159.806000
11830.375000 261.681213 0.776000 159.895004
11839.250000 261.889557 0.811000 159.994995
11845.250000 261.889557 0.811000 160.097000
11847.500000 262.090332 0.811000 160.195007
11850.625000 262.296173 0.811000 160.294998
11853.625000 262.535583 0.811000 160.395004
11856.500000 262.783295 0.811000 160.501007
11858.500000 262.984436 0.811000 160.600006
11861.625000 263.185547 0.811000 160.695007
11865.500000 263.398651 0.811000 160.806000
11868.250000 263.623932 0.791000 160.901001
11870.750000 263.848694 0.791000 161.000000
11873.625000 264.049896 0.791000 161.102005
11876.500000 264.251099 0.791000 161.195007
11879.125000 264.454254 0.791000 161.296997
11884.125000 264.665680 0.791000 161.399994
11886.750000 264.875061 0.791000 161.505005
11890.000000 265.082336 0.791000 161.606003
11893.625000 265.490967 0.791000 161.800003
11898.375000 265.692444 0.791000 161.901993
11917.750000 265.899414 0.813000 162.003998
11922.000000 266.109009 0.813000 162.104004
11926.375000 266.310364 0.813000 162.203995
11930.500000 266.511597 0.813000 162.304001
11933.750000 266.712830 0.813000 162.404007
11939.250000 266.919861 0.813000 162.501999
11943.375000 266.919861 0.813000 162.598007
11947.375000 267.121094 0.813000 162.697006
11950.875000 267.523804 0.813000 162.802002
11953.500000 267.523804 0.813000 162.897003
11958.625000 267.735504 0.783000 162.996994
11961.375000 267.944763 0.783000 163.102005
11964.625000 268.157928 0.783000 163.199005
11967.750000 268.361053 0.783000 163.302994
11970.750000 268.572418 0.783000 163.393005
11972.250000 268.793579 0.783000 163.498993
11977.125000 268.996948 0.783000 163.608994
11981.375000 269.206360 0.783000 163.697998
11985.500000 269.447876 0.783000 163.798004
11987.000000 269.649231 0.783000 163.897995
11998.875000 269.850525 0.835000 163.998993
12001.875000 270.066681 0.835000 164.098007
12005.125000 270.272217 0.835000 164.210007
12006.375000 270.479858 0.835000 164.292999
12008.875000 270.680969 0.835000 164.401001
12011.875000 270.882141 0.835000 164.500000
12014.750000 271.093414 0.835000 164.602997
12018.000000 271.294769 0.835000 164.699005
12022.250000 271.495911 0.835000 164.798004
12025.875000 271.700287 0.835000 164.903000
12030.375000 271.902283 0.835000 164.998001
12036.875000 272.110931 0.936000 165.102997
12039.750000 272.110931 0.936000 165.207993
12043.250000 272.355469 0.936000 165.304993
12045.125000 272.568573 0.936000 165.395996
12047.500000 272.780060 0.936000 165.496002
12050.250000 272.983276 0.936000 165.600998
12052.750000 273.232819 0.936000 165.695999
12055.125000 273.434052 0.936000 165.796005
12058.375000 273.644012 0.936000 165.923004
12065.250000 274.049530 0.947000 166.100998
12074.500000 274.049530 0.947000 166.195999
12077.125000 274.256287 0.947000 166.296005
12078.500000 274.483398 0.947000 166.401993
12081.750000 274.687897 0.947000 166.501999
12083.375000 274.889252 0.947000 166.598999
12085.250000 275.090271 0.947000 166.695999
12087.000000 275.299683 0.947000 166.796005
12089.625000 275.507233 0.947000 166.895996
12090.875000 275.715729 0.889000 166.996002
12095.500000 275.715729 0.889000 167.095993
12096.875000 275.940125 0.889000 167.195999
12098.250000 275.940125 0.889000 167.296005
12099.500000 276.168549 0.889000 167.421997
12102.125000 276.373383 0.889000 167.496002
12103.000000 276.575867 0.889000 167.604004
12104.750000 276.777191 0.889000 167.714005
12107.000000 277.187347 0.889000 167.912994
12108.000000 277.388733 0.862000 168.007996
12109.750000 277.599976 0.862000 168.108002
12111.750000 277.801208 0.862000 168.207993
12113.750000 278.002716 0.862000 168.307999
12114.875000 278.203979 0.862000 168.412994
12115.875000 278.405090 0.862000 168.507996
12117.125000 278.610382 0.862000 168.610001
12119.625000 278.811707 0.862000 168.699005
12121.250000 279.020874 0.862000 168.800003
12123.250000 279.221893 0.862000 168.906998
12126.500000 279.423004 0.911000 168.998993
12129.125000 279.623901 0.911000 169.098999
12131.750000 279.833496 0.911000 169.203995
12132.875000 280.036621 0.911000 169.298996
12134.875000 280.237579 0.911000 169.399002
12137.000000 280.438690 0.911000 169.498993
12139.500000 280.641907 0.911000 169.608994
12140.750000 281.044586 0.911000 169.807007
12141.875000 281.255890 0.911000 169.899994
12149.250000 281.456848 0.877000 170.000000
12151.875000 281.456848 0.877000 170.098999
12153.250000 281.664825 0.877000 170.199005
12155.125000 281.906586 0.877000 170.298996
12158.000000 282.108154 0.877000 170.406006
12159.625000 282.319336 0.877000 170.498993
12162.000000 282.522614 0.877000 170.598999
12163.625000 282.731720 0.877000 170.694000
12166.250000 282.943268 0.877000 170.798996
12168.000000 283.203003 0.877000 170.908005
12171.000000 283.434265 0.877000 171.007996
12178.875000 283.634491 0.930000 171.108002
12181.375000 283.839355 0.930000 171.212997
12182.875000 284.040710 0.930000 171.307999
12184.500000 284.241821 0.930000 171.408005
12186.625000 284.443054 0.930000 171.507996
12189.250000 284.646301 0.930000 171.604004
12192.375000 284.851166 0.930000 171.707001
12194.625000 285.058624 0.930000 171.798996
12196.375000 285.260071 0.930000 171.899002
12198.625000 285.461365 0.930000 171.998993
12203.875000 285.665588 0.923000 172.104004
12208.625000 285.865814 0.923000 172.203995
12211.500000 285.865814 0.923000 172.298996
12213.125000 286.119263 0.923000 172.399002
12214.375000 286.378967 0.923000 172.503998
12217.375000 286.610443 0.923000 172.610992
12220.625000 286.815857 0.923000 172.701004
12223.250000 287.018890 0.923000 172.817993
12225.500000 287.221863 0.923000 172.903000
12227.625000 287.429260 0.894000 173.001007
12230.125000 287.630371 0.894000 173.095993
12231.125000 287.831757 0.894000 173.201004
12232.750000 288.034790 0.894000 173.296005
12235.375000 288.244263 0.894000 173.395996
12236.875000 288.445648 0.894000 173.496002
12240.375000 288.646820 0.894000 173.595993
12242.375000 288.855927 0.894000 173.695999
12244.500000 289.058899 0.894000 173.796005
12246.375000 289.260345 0.894000 173.895996
12247.750000 289.461578 0.903000 173.996002
12249.625000 289.671326 0.903000 174.100998
12251.375000 289.877014 0.903000 174.207993
12253.125000 289.877014 0.903000 174.296005
12254.750000 290.084259 0.903000 174.395996
12256.750000 290.287567 0.903000 174.501007
12258.250000 290.516815 0.903000 174.602005
12261.875000 290.738220 0.903000 174.701004
12263.750000 290.955139 0.903000 174.804001
12266.125000 291.198914 0.903000 174.904999
12267.125000 291.410034 0.903000 175.001007
12279.250000 291.653290 0.902000 175.102005
12281.625000 291.856476 0.902000 175.205002
12283.750000 292.057800 0.902000 175.296997
12284.875000 292.263214 0.902000 175.404007
12286.250000 292.470520 0.902000 175.496994
12287.375000 292.671814 0.902000 175.597000
12288.625000 292.872833 0.902000 175.697998
12289.250000 293.074097 0.902000 175.802002
12291.000000 293.275208 0.902000 175.897003
12292.500000 293.476349 0.902000 175.996994
12305.375000 293.676636 0.921000 176.098007
12308.125000 293.883728 0.921000 176.197006
12309.625000 294.084839 0.921000 176.302994
12311.750000 294.285858 0.921000 176.397003
12312.500000 294.486603 0.921000 176.496994
12313.750000 294.687714 0.921000 176.597000
12314.750000 294.888702 0.921000 176.697006
12316.375000 295.089935 0.921000 176.796997
12318.250000 295.293365 0.921000 176.908005
12319.375000 295.502350 0.921000 177.001999
12321.500000 295.502350 0.946000 177.097000
12324.250000 295.707062 0.946000 177.197006
12327.125000 295.919434 0.946000 177.296997
12330.750000 296.124817 0.946000 177.397003
12332.000000 296.340363 0.946000 177.503998
12332.750000 296.590118 0.946000 177.597000
12333.750000 296.829315 0.946000 177.701996
12335.375000 297.030823 0.946000 177.796997
12337.375000 297.232086 0.946000 177.897003
12339.750000 297.435242 0.946000 177.998001
12341.500000 297.646301 0.946000 178.106995
12344.250000 297.855042 1.027000 178.197006
12346.750000 298.056152 1.027000 178.296997
12349.125000 298.257538 1.027000 178.397995
12350.750000 298.459015 1.027000 178.496994
12352.125000 298.660431 1.027000 178.597000
12353.500000 298.863403 1.027000 178.697006
12355.500000 299.072754 1.027000 178.796997
12361.000000 299.282196 1.027000 178.906998
12369.000000 299.487488 0.874000 179.005005
12372.625000 299.695770 0.874000 179.102005
12374.875000 299.897797 0.874000 179.207001
12375.875000 300.107147 0.874000 179.296997
12380.625000 300.308380 0.874000 179.401993
12383.500000 300.509521 0.874000 179.507004
12385.000000 300.710785 0.874000 179.597000
12387.000000 300.912048 0.874000 179.703003
12389.000000 301.113464 0.874000 179.813004
12390.875000 301.315002 0.874000 179.906998
12392.375000 301.521881 0.874000 180.009995
12399.750000 301.722748 0.916000 180.110001
12401.625000 301.925812 0.916000 180.203003
12405.125000 302.127167 0.916000 180.302994
12406.875000 302.328491 0.916000 180.403000
12408.375000 302.529694 0.916000 180.498001
12410.125000 302.731049 0.916000 180.602997
12411.375000 302.932373 0.916000 180.697998
12413.000000 303.140228 0.916000 180.800995
12415.750000 303.347565 0.916000 180.908997
12417.625000 303.548798 0.916000 181.009003
12428.625000 303.750153 0.957000 181.108994
12431.375000 303.959900 0.957000 181.209000
12432.250000 304.160919 0.957000 181.309006
12434.000000 304.362152 0.957000 181.408997
12435.500000 304.563263 0.957000 181.509003
12437.000000 304.766388 0.957000 181.610001
12438.125000 304.766388 0.957000 181.699997
12439.250000 304.971771 0.957000 181.807007
12441.125000 305.172943 0.957000 181.899994
12442.500000 305.382294 0.957000 182.000000
12447.500000 305.591736 1.028000 182.100006
12450.250000 305.792877 1.028000 182.199997
12452.000000 305.994843 1.028000 182.304993
12453.125000 306.195953 1.028000 182.401001
12455.375000 306.405304 1.028000 182.500000
12457.500000 306.656769 1.028000 182.600006
12458.250000 306.858002 1.028000 182.705002
12459.000000 307.119537 1.028000 182.802002
12460.250000 307.324951 1.028000 182.899994
12461.375000 307.532257 1.028000 183.000000
12462.750000 307.733337 1.028000 183.100006
12469.000000 307.938263 1.094000 183.212006
12470.625000 308.147980 1.094000 183.307007
12471.500000 308.355164 1.094000 183.399994
12472.750000 308.556458 1.094000 183.500000
12474.500000 308.757812 1.094000 183.600006
12476.125000 308.964966 1.094000 183.707993
12477.250000 309.166321 1.094000 183.807999
12478.500000 309.367554 1.094000 183.908005
12479.750000 309.572968 1.094000 184.000000
12480.375000 309.774200 1.094000 184.104996
12485.625000 309.975281 1.074000 184.199997
12486.875000 310.175659 1.074000 184.304993
12488.625000 310.376892 1.074000 184.401001
12489.875000 310.376892 1.074000 184.500000
12491.375000 310.590363 1.074000 184.600006
12492.750000 310.993011 1.074000 184.712006
12495.250000 311.194244 1.074000 184.807007
12496.500000 311.395386 1.074000 184.906998
12498.000000 311.596497 1.074000 185.011993
12499.250000 311.797729 1.074000 185.117004
12504.500000 311.797729 1.024000 185.199997
12505.375000 312.004303 1.024000 185.300003
12506.250000 312.213135 1.024000 185.404999
12507.750000 312.434631 1.024000 185.511002
12508.125000 312.665741 1.024000 185.600006
12509.000000 312.907318 1.024000 185.709000
12509.875000 313.151276 1.024000 185.806000
12510.875000 313.364410 1.024000 185.899994
12516.375000 313.564606 1.024000 186.011993
12521.125000 313.564606 1.024000 186.100006
12523.000000 313.753754 1.025000 186.201004
12527.375000 313.911041 1.025000 186.300995
12532.500000 314.035248 1.025000 186.406998
12542.125000 314.127502 1.025000 186.516006
12543.250000 314.191650 1.025000 186.600006
12544.875000 314.191650 1.025000 186.705002
12546.000000 314.224609 1.025000 186.804993
12546.750000 314.224609 1.025000 186.904999
12547.125000 314.224609 1.025000 187.000000
12548.750000 314.232727 0.974000 187.104996
12549.500000 314.232727 0.974000 187.212997
12550.125000 314.259949 0.974000 187.307999
12550.875000 314.259949 0.974000 187.399994
12551.000000 314.259949 0.974000 187.507996
12551.250000 314.326660 0.974000 187.608002
12551.875000 314.326660 0.974000 187.710007
12552.125000 314.326660 0.974000 187.809998
12553.250000 314.527161 0.974000 187.910004
12554.500000 314.527161 0.974000 188.009995
12556.125000 314.733978 0.974000 188.110001
12559.750000 314.936340 1.052000 188.201004
12561.625000 315.136810 1.052000 188.300003
12563.125000 315.346252 1.052000 188.399994
12564.375000 315.547485 1.052000 188.509995
12565.625000 315.755157 1.052000 188.600006
12568.125000 315.962189 1.052000 188.699997
12572.125000 315.962189 1.052000 188.800003
12573.875000 316.167236 1.052000 188.904999
12574.875000 316.372345 1.052000 189.000000
12577.000000 316.372345 1.052000 189.104996
12586.250000 316.608490 1.025000 189.216003
12589.375000 316.812714 1.025000 189.300003
12590.625000 317.013123 1.025000 189.401001
12592.375000 317.213531 1.025000 189.498993
12593.250000 317.418640 1.025000 189.598999
12596.375000 317.619171 1.025000 189.699997
12598.250000 317.823822 1.025000 189.809006
12599.000000 318.031128 1.025000 189.904007
12609.625000 318.031128 1.025000 189.998993
12617.625000 318.247284 1.025000 190.104004
12618.500000 318.436188 1.039000 190.205994
12625.500000 318.641052 1.039000 190.311005
12630.625000 318.641052 1.039000 190.404999
12632.250000 318.740845 1.039000 190.498993
12636.875000 318.818024 1.039000 190.608002
12640.500000 318.850311 1.039000 190.699005
12646.750000 318.854523 1.039000 190.798996
12658.000000 318.854523 1.039000 190.901001
12658.625000 318.854523 1.039000 190.998993
12659.875000 318.854523 1.039000 191.100006
12662.625000 318.854523 1.131000 191.199005
12666.750000 318.854523 1.131000 191.304001
12674.000000 318.854523 1.131000 191.399002
12674.750000 318.854523 1.131000 191.500000
12676.000000 318.854523 1.131000 191.604004
12676.000000 318.862640 1.131000 191.699005
12677.000000 318.862640 1.131000 191.798996
12678.375000 318.862640 1.131000 191.899002
12679.375000 318.881073 1.131000 191.998993
12680.375000 318.881073 1.131000 192.098999
12682.375000 318.881073 1.063000 192.212997
12683.000000 319.082031 1.063000 192.302994
12683.750000 319.082031 1.063000 192.397995
12684.000000 319.287994 1.063000 192.509995
12684.000000 319.496124 1.063000 192.604996
12684.500000 319.699493 1.063000 192.710007
12684.625000 319.900635 1.063000 192.809998
12686.375000 319.900635 1.063000 192.908005
12688.000000 320.138031 1.063000 193.016998
12689.375000 320.357605 1.063000 193.106995
12690.000000 320.589081 1.171000 193.201996
12691.125000 320.820587 1.171000 193.307007
12691.875000 321.025818 1.171000 193.406998
12692.375000 321.233063 1.171000 193.501999
12693.500000 321.434845 1.171000 193.602005
12694.000000 321.636383 1.171000 193.703003
12695.000000 321.837494 1.171000 193.807999
12696.375000 322.060883 1.171000 193.908005
12698.125000 322.262024 1.171000 194.009003
12699.375000 322.471802 1.171000 194.102005
12705.875000 322.681641 1.002000 194.207001
12708.500000 322.887756 1.002000 194.311996
12712.875000 323.089600 1.002000 194.408005
12715.500000 323.300720 1.002000 194.507004
12717.625000 323.509979 1.002000 194.606995
12719.000000 323.509979 1.002000 194.703003
12720.250000 323.721283 1.002000 194.807007
12721.250000 323.944824 1.002000 194.910004
12722.250000 324.166199 1.002000 195.007996
12723.625000 324.367340 1.002000 195.112000
12728.500000 324.576569 1.096000 195.212006
12731.625000 324.786438 1.096000 195.302002
12733.250000 325.003967 1.096000 195.401993
12734.500000 325.209747 1.096000 195.509995
12735.375000 325.417572 1.096000 195.625000
12739.375000 325.856476 1.096000 195.802002
12741.750000 326.062103 1.096000 195.899994
12743.875000 326.283173 1.096000 196.005005
12745.750000 326.494354 1.096000 196.102005
12747.875000 326.699463 1.107000 196.201996
12749.125000 326.909210 1.107000 196.302002
12750.500000 327.109955 1.107000 196.406998
12752.125000 327.311096 1.107000 196.503998
12754.375000 327.516388 1.107000 196.608994
12755.125000 327.723511 1.107000 196.707001
12755.750000 327.924774 1.107000 196.807007
12756.875000 328.127380 1.107000 196.908005
12758.500000 328.330261 1.107000 197.007996
12760.000000 328.330261 1.107000 197.102997
12765.375000 328.542572 1.028000 197.203003
12765.750000 328.743683 1.028000 197.302994
12767.875000 328.944519 1.028000 197.403000
12769.500000 329.155731 1.028000 197.505005
12770.625000 329.407410 1.028000 197.604004
12770.875000 329.657288 1.028000 197.716995
12771.750000 329.888397 1.028000 197.811996
12772.625000 330.089508 1.028000 197.912003
12773.250000 330.296844 1.028000 198.007996
12774.375000 330.503937 1.028000 198.098007
12775.875000 330.708191 0.969000 198.197998
12778.125000 330.908264 0.969000 198.302994
12779.250000 331.109406 0.969000 198.408997
12780.875000 331.310760 0.969000 198.503006
12783.250000 331.516113 0.969000 198.604996
12785.125000 331.729248 0.969000 198.710999
12787.000000 331.729248 0.969000 198.802994
12789.500000 331.954987 0.969000 198.903000
12792.000000 332.158264 0.969000 199.007996
12793.500000 332.377350 0.969000 199.102997
12813.375000 332.598846 1.038000 199.210007
12815.750000 332.826630 1.038000 199.302994
12817.625000 333.082092 1.038000 199.403000
12820.250000 333.289337 1.038000 199.503006
12823.250000 333.490448 1.038000 199.602997
12826.250000 333.691711 1.038000 199.703003
12829.000000 333.892975 1.038000 199.807999
12830.750000 334.096161 1.038000 199.903000
12836.000000 334.299377 1.038000 200.005005
12837.875000 334.506561 1.038000 200.108002
12842.375000 334.708038 1.021000 200.203003
12845.625000 334.908630 1.021000 200.309006
12847.625000 335.109802 1.021000 200.403000
12849.875000 335.313080 1.021000 200.503006
12851.250000 335.522278 1.021000 200.598007
12854.375000 335.727356 1.021000 200.699997
12856.500000 335.928802 1.021000 200.800003
12858.750000 336.129944 1.021000 200.904999
12861.125000 336.331329 1.021000 201.000000
12862.875000 336.532623 1.021000 201.115005
12866.125000 336.741638 1.021000 201.209000
12867.375000 336.945892 1.105000 201.309006
12884.625000 336.945892 1.105000 201.423996
12886.625000 337.194672 1.105000 201.514008
12888.500000 337.413452 1.105000 201.604996
12890.250000 337.614563 1.105000 201.710999
12893.625000 337.825928 1.105000 201.800003
12894.500000 338.035461 1.105000 201.901993
12899.750000 338.249115 1.105000 202.014999
12902.000000 338.450226 1.105000 202.119995
12910.250000 338.651337 0.969000 202.214996
12912.250000 338.872955 0.969000 202.315002
12913.875000 339.074188 0.969000 202.414993
12915.500000 339.281311 0.969000 202.513000
12918.500000 339.482422 0.969000 202.617996
12919.500000 339.686157 0.969000 202.709000
12921.250000 339.887268 0.969000 202.813995
12922.375000 340.088928 0.969000 202.914001
12923.000000 340.290131 0.969000 203.014008
12924.625000 340.493134 0.969000 203.125000
12926.000000 340.693268 0.946000 203.220001
12928.875000 340.899200 0.946000 203.322998
12931.000000 341.100403 0.946000 203.414993
12932.750000 341.301575 0.946000 203.509003
12934.375000 341.502808 0.946000 203.608994
12935.500000 341.704041 0.946000 203.709000
12936.500000 341.905304 0.946000 203.813995
12938.125000 342.106598 0.946000 203.919006
12940.125000 342.307648 0.946000 204.016998
12941.625000 342.509033 0.946000 204.113998
12942.875000 342.710236 1.051000 204.214005
12944.625000 342.911102 1.051000 204.313995
12945.500000 343.114410 1.051000 204.414001
12946.500000 343.323456 1.051000 204.509003
12947.250000 343.524628 1.051000 204.621002
12948.375000 343.725647 1.051000 204.714996
12950.000000 343.926941 1.051000 204.813995
12951.625000 344.138428 1.051000 204.919998
12953.625000 344.341461 1.051000 205.110001
12954.250000 344.546692 1.051000 205.214996
12958.250000 344.788147 1.154000 205.326996
12959.375000 345.008240 1.154000 205.427002
12960.375000 345.209106 1.154000 205.516998
12961.125000 345.416351 1.154000 205.610992
12964.125000 345.627655 1.154000 205.714996
12965.875000 345.853058 1.154000 205.813004
12966.375000 346.074799 1.154000 205.917007
12968.125000 346.286102 1.154000 206.022003
12969.375000 346.497467 1.154000 206.112000
12971.000000 346.698456 1.154000 206.212997
12975.625000 346.899811 0.960000 206.322006
12976.625000 347.107971 0.960000 206.412003
12977.750000 347.309357 0.960000 206.520004
12978.625000 347.510620 0.960000 206.612000
12979.625000 347.711975 0.960000 206.712997
12980.875000 347.913239 0.960000 206.811996
12981.250000 348.118073 0.960000 206.917007
12982.250000 348.323456 0.960000 207.011993
12983.250000 348.526733 0.960000 207.112000
12984.125000 348.727844 0.960000 207.212006
12988.625000 348.934937 1.087000 207.330002
12989.750000 349.140900 1.087000 207.419998
12990.625000 349.342010 1.087000 207.524994
12991.250000 349.543152 1.087000 207.619995
12992.375000 349.748169 1.087000 207.722000
12992.500000 349.957214 1.087000 207.815994
12993.125000 350.158173 1.087000 207.910995
12993.375000 350.359375 1.087000 208.016006
12993.625000 350.563019 1.087000 208.112000
12994.000000 350.766113 1.087000 208.222000
12994.750000 350.766113 1.087000 208.311996
12997.375000 350.975067 1.137000 208.417007
13003.625000 351.182251 1.137000 208.516998
13005.875000 351.397491 1.137000 208.623993
13008.000000 351.603973 1.137000 208.712006
13009.125000 351.823090 1.137000 208.811996
13010.875000 352.024078 1.137000 208.912003
13012.625000 352.227051 1.137000 209.011993
13013.375000 352.436218 1.137000 209.119003
13014.000000 352.648010 1.137000 209.223007
13016.250000 352.879578 1.010000 209.317001
13017.750000 353.087433 1.010000 209.417007
13018.750000 353.289032 1.010000 209.516998
13019.250000 353.490570 1.010000 209.617004
13019.875000 353.691864 1.010000 209.718994
13020.875000 353.892944 1.010000 209.817993
13021.375000 354.094330 1.010000 209.917999
13022.375000 354.295441 1.010000 210.022003
13023.625000 354.496826 1.010000 210.121994
13024.250000 354.698334 1.010000 210.216995
13025.250000 354.899445 1.046000 210.326996
13028.750000 355.304352 1.046000 210.522003
13029.750000 355.513824 1.046000 210.617004
13031.000000 355.717102 1.046000 210.723007
13032.750000 355.926575 1.046000 210.819000
13033.625000 356.128113 1.046000 210.921997
13034.750000 356.329254 1.046000 211.016998
13036.500000 356.530731 1.046000 211.117004
13037.375000 356.733704 1.046000 211.216995
13038.625000 356.942688 1.046000 211.317001
13040.875000 357.143066 1.017000 211.417007
13044.875000 357.143066 1.017000 211.516998
13046.875000 357.351532 1.017000 211.628998
13051.250000 357.571533 1.017000 211.729004
13052.500000 357.789001 1.017000 211.817001
13053.750000 358.026520 1.017000 211.919998
13055.500000 358.269867 1.017000 212.016006
13056.125000 358.470947 1.017000 212.115997
13057.250000 358.673950 1.017000 212.216003
13062.625000 358.877075 1.017000 212.320999
13067.875000 359.079315 1.017000 212.416000
13070.375000 359.079315 1.136000 212.516006
13073.625000 359.281799 1.136000 212.615997
13076.750000 359.281799 1.136000 212.731995
13077.750000 359.461060 1.136000 212.916000
13078.750000 359.661743 1.136000 213.024002
13080.375000 359.661743 1.136000 213.115997
13082.250000 359.864319 1.136000 213.214005
13083.125000 360.064545 1.136000 213.313995
13084.500000 360.064545 1.136000 213.419006
13085.750000 360.269806 1.126000 213.520004
13087.625000 360.478577 1.126000 213.619003
13089.500000 360.688263 1.126000 213.718994
13092.000000 360.889526 1.126000 213.819000
13095.875000 361.127228 1.126000 213.917007
13099.375000 361.337433 1.126000 214.029999
13101.000000 361.539612 0.371000 214.117004
13103.500000 361.745667 0.371000 214.222000
13106.750000 362.159851 0.371000 214.423996
13109.250000 362.159851 0.371000 214.522003
13111.875000 362.407166 0.371000 214.617996
13114.125000 362.628296 0.371000 214.718994
13116.875000 362.849701 0.371000 214.817001
13119.500000 363.081055 0.371000 214.923004
13122.125000 363.292328 0.371000 215.016998
13125.625000 363.493286 0.371000 215.117004
13130.875000 363.694366 1.053000 215.222000
13135.375000 363.901184 1.053000 215.330002
13138.250000 364.122681 1.053000 215.425003
13144.125000 364.329987 1.053000 215.528000
13150.125000 364.539520 1.053000 215.617004
13160.250000 364.740662 1.053000 215.716995
13170.250000 364.943817 1.053000 215.822006
13177.875000 365.152954 1.053000 215.917007
13184.875000 365.354187 1.053000 216.022995
13193.875000 365.557068 1.053000 216.123001
13200.625000 365.768158 1.053000 216.218002
13207.625000 365.768158 1.064000 216.322006
13212.750000 366.000885 1.064000 216.423004
13218.500000 366.204987 1.064000 216.516998
13225.500000 366.442474 1.064000 216.617004
13231.250000 366.643463 1.064000 216.716995
13235.375000 366.872223 1.064000 216.817001
13239.125000 367.072632 1.064000 216.917007
13244.500000 367.072632 1.064000 217.016998
13250.000000 367.313232 1.064000 217.117004
13257.625000 367.519836 1.056000 217.216995
13262.125000 367.720276 1.056000 217.322006
13266.875000 367.920929 1.056000 217.417007
13269.875000 368.122070 1.056000 217.522003
13272.875000 368.343689 1.056000 217.639008
13276.125000 368.750916 1.056000 217.822006
13278.750000 368.750916 1.056000 217.921997
13289.125000 368.980133 1.056000 218.016998
13291.750000 369.130280 1.056000 218.125000
13297.625000 369.244354 1.056000 218.229004
13300.125000 369.244354 1.021000 218.317001
13306.125000 369.244354 1.021000 218.417999
13310.875000 369.352173 1.021000 218.516998
13312.875000 369.355927 1.021000 218.617004
13314.000000 369.355927 1.021000 218.727005
13317.500000 369.358093 1.021000 218.923004
13320.000000 369.482086 1.021000 219.126999
13321.125000 369.482086 1.021000 219.229004
13326.375000 369.579773 0.980000 219.423996
13328.500000 369.605652 0.980000 219.518997
13329.875000 369.605896 0.980000 219.623993
13330.750000 369.605896 0.980000 219.824005
13333.250000 369.662018 0.980000 220.018997
13337.000000 369.662018 0.980000 220.119995
13343.250000 370.083893 0.927000 220.324005
13346.375000 370.290924 0.927000 220.425003
13352.000000 370.499237 0.927000 220.531006
13356.250000 370.499237 0.927000 220.619995
13361.375000 370.720490 0.927000 220.725006
13364.625000 370.938202 0.927000 220.824997
13367.875000 371.149384 0.927000 220.931000
13375.250000 371.618378 0.927000 221.130005
13379.750000 371.823792 0.927000 221.220001
13387.500000 371.823792 0.984000 221.324997
13394.125000 372.032135 0.984000 221.419998
13397.375000 372.241364 0.984000 221.520004
13403.250000 372.442963 0.984000 221.625000
13408.250000 372.442963 0.984000 221.725006
13411.250000 372.705292 0.984000 221.820007
13415.375000 372.926666 0.984000 221.919998
13418.875000 373.145905 0.984000 222.020004
13422.750000 373.347168 0.984000 222.119995
13430.125000 373.548309 0.973000 222.220001
13433.250000 373.757965 0.973000 222.324997
13437.250000 373.959229 0.973000 222.427002
13440.125000 374.170471 0.973000 222.524994
13444.375000 374.389313 0.973000 222.619995
13447.500000 374.595764 0.973000 222.725998
13449.875000 374.797089 0.973000 222.824997
13452.750000 375.003143 0.973000 222.925003
13462.375000 375.212830 0.973000 223.026993
13466.375000 375.212830 0.973000 223.121994
13473.500000 375.386780 1.018000 223.220993
13476.125000 375.582764 1.018000 223.322006
13479.500000 375.582764 1.018000 223.421005
13484.875000 375.676849 1.018000 223.526001
13486.500000 375.761597 1.018000 223.720993
13487.750000 375.763092 1.018000 223.828995
13489.000000 375.763092 1.018000 223.923996
13493.625000 375.763092 1.018000 224.024002
13496.625000 375.763092 1.018000 224.123993
13500.375000 375.763092 0.985000 224.223999
13501.500000 375.763092 0.985000 224.324005
13502.625000 375.763092 0.985000 224.533005
13502.875000 375.763092 0.985000 224.623993
13504.000000 375.909790 0.985000 224.725006
13504.625000 375.909790 0.985000 224.824005
13504.750000 376.114410 0.985000 224.923996
13506.250000 376.114410 0.985000 225.029007
13507.125000 376.316467 0.985000 225.123993
13508.250000 376.527191 0.985000 225.229004
13511.000000 376.727509 1.049000 225.330994
13511.875000 376.937836 1.049000 225.431000
13512.125000 377.142303 1.049000 225.529007
13513.125000 377.345612 1.049000 225.623993
13514.000000 377.558838 1.049000 225.723999
13515.000000 377.767883 1.049000 225.830002
13517.250000 377.969269 1.049000 225.925003
13517.375000 377.969269 1.049000 226.024002
13518.000000 378.180695 1.049000 226.126007
13518.250000 378.384033 1.049000 226.225998
13520.750000 378.628632 1.041000 226.332993
13522.500000 378.833618 1.041000 226.432007
13522.750000 379.036224 1.041000 226.526001
13523.125000 379.238007 1.041000 226.626007
13523.625000 379.446869 1.041000 226.725998
13524.125000 379.648224 1.041000 226.839005
13524.375000 379.855713 1.041000 226.934006
13524.625000 380.060883 1.041000 227.031006
13525.000000 380.262238 1.041000 227.121002
13525.125000 380.465240 1.013000 227.225998
13525.250000 380.674438 1.013000 227.326004
13525.625000 380.875916 1.013000 227.425995
13525.750000 380.875916 1.013000 227.531006
13526.250000 381.101257 1.013000 227.626007
13526.500000 381.320679 1.013000 227.725998
13526.625000 381.521942 1.013000 227.839005
13526.875000 381.723541 1.013000 227.925995
13526.875000 381.953064 1.013000 228.024994
13527.250000 382.154419 1.013000 228.125000
13528.375000 382.369720 0.924000 228.240005
13528.500000 382.808014 0.924000 228.429993
13529.000000 383.009064 0.924000 228.529999
13529.375000 383.210510 0.924000 228.641006
13529.750000 383.411957 0.924000 228.729996
13530.375000 383.624969 0.924000 228.837006
13531.000000 383.826324 0.924000 228.931000
13533.000000 384.032288 0.924000 229.031998
13534.125000 384.224030 0.924000 229.134003
13534.375000 384.224030 0.925000 229.231003
13534.500000 384.405975 0.925000 229.326004
13534.750000 384.578522 0.925000 229.431000
13535.250000 384.578522 0.925000 229.531006
13535.250000 384.746063 0.925000 229.641006
13535.375000 384.746063 0.925000 229.731003
13535.500000 384.746063 0.925000 229.835999
13535.500000 384.930817 0.925000 229.931000
13535.750000 385.131622 0.925000 230.130997
13535.750000 385.131622 0.970000 230.231003
13535.750000 385.360229 0.970000 230.335999
13535.750000 385.562561 0.970000 230.431000
13535.750000 385.772247 0.970000 230.531006
13535.750000 385.973602 0.970000 230.643997
13535.750000 386.174988 0.970000 230.735992
13535.750000 386.577576 0.970000 230.938004
13535.750000 386.979584 0.970000 231.141006
13540.000000 387.180664 0.873000 231.235992
13540.000000 387.591919 0.873000 231.436005
13540.000000 388.002686 0.873000 231.645004
13540.000000 388.002686 0.873000 231.729996
13540.000000 388.205597 0.873000 231.835007
13540.000000 388.406586 0.873000 231.936005
13540.000000 388.609619 0.873000 232.033997
13540.000000 388.835266 0.873000 232.139008
13540.375000 389.046814 0.923000 232.238998
13540.375000 389.247528 0.923000 232.345993
13540.375000 389.458954 0.923000 232.440002
13540.375000 389.660522 0.923000 232.539993
13540.375000 389.863800 0.923000 232.639008
13540.375000 390.067139 0.923000 232.750000
13540.375000 390.276550 0.923000 232.839996
13540.375000 390.485779 0.923000 232.944000
13540.375000 390.687164 0.923000 233.044998
13541.250000 391.131836 0.969000 233.240005
13541.250000 391.348236 0.969000 233.335007
13541.250000 391.760864 0.969000 233.535004
13541.250000 391.961853 0.969000 233.638000
13541.250000 392.384247 0.969000 233.835007
13541.250000 392.591827 0.969000 233.947998
13541.250000 392.797302 0.969000 234.039993
13541.375000 392.998566 0.969000 234.141998
13544.875000 393.199677 0.928000 234.246994
13544.875000 393.408783 0.928000 234.436996
13545.000000 393.614655 0.928000 234.542999
13545.000000 393.815491 0.928000 234.641006
13545.000000 394.028717 0.928000 234.735992
13545.000000 394.243713 0.928000 234.841003
13545.000000 394.465363 0.928000 234.936996
13545.125000 394.666595 0.928000 235.035995
13545.375000 394.867859 0.928000 235.143005
13545.500000 395.072723 0.928000 235.248001
13546.000000 395.294220 0.928000 235.343002
13548.375000 395.502441 1.085000 235.447998
13548.375000 395.702820 1.085000 235.542999
13548.875000 395.909973 1.085000 235.636993
13548.875000 396.111053 1.085000 235.740997
13549.125000 396.312256 1.085000 235.841995
13549.500000 396.521515 1.085000 235.936005
13549.875000 396.724243 1.085000 236.035995
13550.125000 396.925232 1.085000 236.136002
13550.125000 397.126251 1.085000 236.235992
13550.625000 397.327576 1.085000 236.335999
13551.000000 397.528656 1.085000 236.436005
13551.125000 397.528656 1.125000 236.535995
13551.375000 397.745453 1.125000 236.636002
13551.500000 397.960876 1.125000 236.742004
13552.000000 398.186127 1.125000 236.843002
13552.125000 398.395172 1.125000 236.942993
13552.375000 398.598175 1.125000 237.046997
13552.875000 398.807434 1.125000 237.141998
13553.000000 399.008423 1.125000 237.242004
13553.375000 399.249939 1.125000 237.335999
13553.625000 399.459167 1.125000 237.436005
13553.625000 399.670654 0.996000 237.535995
13554.000000 399.871399 0.996000 237.641006
13554.250000 400.072662 0.996000 237.735992
13554.500000 400.273804 0.996000 237.835999
13554.625000 400.485168 0.996000 237.936005
13554.750000 400.688385 0.996000 238.035995
13554.875000 400.897522 0.996000 238.136002
13554.875000 401.098663 0.996000 238.235992
13554.875000 401.299805 0.996000 238.341003
13555.250000 401.501190 0.996000 238.436005
13558.375000 401.716827 0.964000 238.542999
13558.750000 401.921814 0.964000 238.636002
13558.875000 402.123199 0.964000 238.735992
13559.125000 402.324066 0.964000 238.841003
13559.375000 402.529175 0.964000 238.940994
13559.500000 402.736267 0.964000 239.042007
13560.125000 402.937622 0.964000 239.136002
13560.625000 403.138977 0.964000 239.235992
13561.375000 403.343933 0.964000 239.337997
13561.625000 403.547577 0.964000 239.434006
13562.000000 403.752563 0.964000 239.546005
13565.125000 403.952820 1.062000 239.643997
13566.625000 403.952820 1.062000 239.744003
13566.875000 404.186615 1.062000 239.837006
13566.875000 404.435181 1.062000 239.938995
13567.000000 404.640472 1.062000 240.039001
13567.000000 404.841614 1.062000 240.147003
13567.625000 405.053070 1.062000 240.238998
13567.750000 405.254120 1.062000 240.339005
13567.750000 405.465485 1.062000 240.434006
13567.875000 405.675079 1.062000 240.542999
13570.250000 405.876312 1.037000 240.647995
13570.375000 406.086029 1.037000 240.742996
13570.500000 406.287415 1.037000 240.848007
13570.500000 406.488678 1.037000 240.947998
13570.625000 406.689819 1.037000 241.042999
13570.750000 406.911316 1.037000 241.147995
13571.000000 407.114716 1.037000 241.244003
13571.125000 407.315796 1.037000 241.339005
13571.375000 407.517090 1.037000 241.444000
13571.750000 407.718567 1.037000 241.533997
13572.250000 407.919830 1.037000 241.639008
13580.625000 408.121185 1.056000 241.738998
13580.875000 408.332794 1.056000 241.839005
13581.500000 408.536438 1.056000 241.936005
13581.625000 408.743652 1.056000 242.039993
13582.000000 408.947021 1.056000 242.139999
13585.500000 408.947021 1.056000 242.235001
13585.875000 409.148193 1.056000 242.335007
13586.125000 409.349670 1.056000 242.434998
13586.125000 409.550964 1.056000 242.535004
13586.250000 409.766388 1.056000 242.641998
13586.375000 410.173218 1.056000 242.748993
13589.875000 410.173218 0.998000 242.845001
13591.500000 410.390930 0.998000 242.934998
13593.625000 410.592285 0.998000 243.054993
13594.625000 410.824036 0.998000 243.136002
13594.750000 411.025208 0.998000 243.235992
13595.125000 411.229980 0.998000 243.337997
13595.375000 411.451202 0.998000 243.436996
13595.500000 411.652679 0.998000 243.537003
13596.000000 411.854156 0.998000 243.636993
13597.125000 412.055511 0.998000 243.737000
13599.625000 412.266510 0.994000 243.847000
13599.875000 412.474884 0.994000 243.936996
13600.250000 412.675781 0.994000 244.042007
13600.375000 412.876923 0.994000 244.136993
13600.500000 413.078094 0.994000 244.242004
13600.750000 413.279846 0.994000 244.337006
13600.750000 413.483276 0.994000 244.442993
13600.875000 413.686249 0.994000 244.542999
13601.000000 413.895630 0.994000 244.638000
13601.375000 414.097015 0.994000 244.738007
13601.375000 414.298035 0.912000 244.837997
13601.625000 414.507904 0.912000 244.938995
13601.750000 414.709473 0.912000 245.046005
13601.875000 414.910675 0.912000 245.138000
13602.000000 415.111786 0.912000 245.238007
13602.250000 415.312897 0.912000 245.345001
13602.375000 415.521942 0.912000 245.451996
13602.500000 415.724854 0.912000 245.537994
13602.750000 415.926270 0.912000 245.643005
13603.000000 416.127411 0.912000 245.738007
13606.625000 416.332489 0.959000 245.837997
13606.750000 416.332489 0.959000 245.938004
13606.875000 416.541931 0.959000 246.037994
13606.875000 416.787872 0.959000 246.149994
13607.375000 417.029388 0.959000 246.244995
13607.625000 417.230652 0.959000 246.343002
13608.000000 417.468048 0.959000 246.432999
13608.875000 417.689606 0.959000 246.537994
13609.000000 417.890594 0.959000 246.639008
13610.875000 418.092010 0.911000 246.742996
13611.375000 418.293091 0.911000 246.841003
13612.750000 418.494293 0.911000 246.938004
13613.625000 418.695190 0.911000 247.037994
13613.625000 418.897095 0.911000 247.139008
13613.750000 419.098083 0.911000 247.238007
13613.875000 419.500549 0.911000 247.442993
13614.000000 419.701874 0.911000 247.537994
13614.000000 419.903137 0.911000 247.638000
13616.375000 420.112640 0.959000 247.742996
13616.625000 420.315430 0.959000 247.837997
13616.625000 420.519104 0.959000 247.938004
13616.625000 420.728333 0.959000 248.037994
13617.375000 420.933990 0.959000 248.139999
13617.500000 421.134827 0.959000 248.240005
13618.125000 421.340149 0.959000 248.347000
13618.375000 421.541412 0.959000 248.444000
13619.625000 421.748596 0.959000 248.539993
13619.750000 421.957825 0.959000 248.649002
13619.750000 422.158813 0.937000 248.744003
13619.750000 422.359924 0.937000 248.848999
13620.500000 422.566895 0.937000 248.942001
13620.750000 422.768158 0.937000 249.046997
13620.750000 422.975891 0.937000 249.139999
13621.500000 423.179321 0.937000 249.240997
13621.625000 423.179321 0.937000 249.339996
13621.750000 423.431244 0.937000 249.440002
13622.000000 423.640472 0.937000 249.535995
13622.250000 423.871857 0.937000 249.634995
13623.750000 424.072876 0.865000 249.735001
13624.000000 424.274109 0.865000 249.837006
13624.125000 424.474396 0.865000 249.934998
13624.125000 424.683258 0.865000 250.044006
13624.250000 424.884369 0.865000 250.143997
13624.250000 425.093964 0.865000 250.242996
13624.250000 425.301392 0.865000 250.341995
13624.250000 425.502838 0.865000 250.451996
13624.250000 425.738647 0.865000 250.537003
13627.375000 425.940125 0.861000 250.638000
13627.500000 426.146545 0.861000 250.733002
13627.500000 426.347656 0.861000 250.848007
13627.500000 426.548920 0.861000 250.947998
13627.625000 426.749664 0.861000 251.048004
13627.625000 426.951050 0.861000 251.147995
13627.625000 427.152679 0.861000 251.248001
13627.625000 427.354065 0.861000 251.352997
13627.625000 427.555115 0.861000 251.432999
13627.625000 427.756592 0.861000 251.537994
13629.375000 427.957153 0.884000 251.638000
13629.375000 428.165466 0.884000 251.738007
13629.500000 428.366455 0.884000 251.843002
13629.500000 428.567841 0.884000 251.938004
13629.625000 428.769104 0.884000 252.033005
13629.750000 428.974335 0.884000 252.145004
13630.000000 429.183594 0.884000 252.244003
13631.750000 429.384888 0.884000 252.358994
13631.750000 429.384888 0.884000 252.438004
13632.000000 429.602295 0.916000 252.537994
13632.375000 429.805298 0.916000 252.643005
13632.375000 430.034637 0.916000 252.738007
13632.750000 430.266052 0.916000 252.839005
13632.750000 430.467285 0.916000 252.938004
13632.875000 430.668518 0.916000 253.037994
13632.875000 430.879944 0.916000 253.138000
13633.000000 431.090881 0.916000 253.244995
13633.000000 431.322784 0.916000 253.339005
13633.000000 431.523834 0.916000 253.438004
13634.125000 431.736969 0.842000 253.537994
13635.125000 431.940399 0.842000 253.651001
13635.250000 432.147430 0.842000 253.744003
13635.250000 432.348938 0.842000 253.843994
13635.250000 432.560333 0.842000 253.940002
13635.500000 432.769745 0.842000 254.048004
13635.750000 432.972412 0.842000 254.143997
13635.875000 433.173798 0.842000 254.244003
13636.250000 433.576965 0.842000 254.438995
13638.625000 433.778198 0.844000 254.544006
13638.625000 433.980377 0.844000 254.645996
13638.625000 434.190247 0.844000 254.751007
13638.750000 434.190247 0.844000 254.839005
13639.500000 434.407745 0.844000 254.944000
13639.875000 434.608948 0.844000 255.052002
13640.000000 435.061737 0.844000 255.238998
13640.250000 435.313263 0.844000 255.350998
13651.625000 435.534698 0.856000 255.442001
13652.000000 435.745026 0.856000 255.539001
13652.500000 435.954346 0.856000 255.645004
13652.625000 436.155487 0.856000 255.738998
13652.625000 436.356995 0.856000 255.843994
13652.875000 436.557983 0.856000 255.938995
13653.000000 436.758972 0.856000 256.039001
13653.000000 436.964813 0.856000 256.145996
13653.125000 437.173920 0.856000 256.243988
13653.500000 437.383301 0.856000 256.345001
13657.250000 437.584320 0.876000 256.444000
13657.625000 437.788300 0.876000 256.540985
13657.625000 437.989410 0.876000 256.645996
13657.625000 438.190552 0.876000 256.751007
13658.000000 438.391937 0.876000 256.852997
13659.375000 438.593170 0.876000 256.941010
13659.500000 438.796387 0.876000 257.045990
13660.375000 439.001801 0.876000 257.144989
13660.500000 439.001801 0.876000 257.240997
13660.625000 439.408417 0.876000 257.346008
13660.625000 439.623657 0.902000 257.463013
13660.750000 439.623657 0.902000 257.540985
13661.250000 439.830505 0.902000 257.648010
13661.500000 440.036133 0.902000 257.746002
13661.500000 440.243378 0.902000 257.846008
13661.500000 440.474823 0.902000 257.946014
13661.625000 440.676147 0.902000 258.042999
13661.750000 440.911682 0.902000 258.140991
13662.000000 441.118805 0.902000 258.246002
13662.250000 441.360352 0.819000 258.341003
13662.500000 441.563507 0.819000 258.441986
13662.875000 441.796722 0.819000 258.553009
13663.250000 442.006134 0.819000 258.644012
13663.500000 442.207245 0.819000 258.742004
13663.625000 442.412506 0.819000 258.847992
13664.375000 442.619812 0.819000 258.941986
13666.750000 442.821198 0.819000 259.041992
13668.625000 443.024963 0.819000 259.143005
13669.000000 443.024963 0.819000 259.242004
13669.250000 443.234222 0.819000 259.342987
13677.500000 443.475494 0.861000 259.441986
13677.500000 443.693909 0.861000 259.541992
13677.625000 443.921875 0.861000 259.648010
13678.000000 444.124878 0.861000 259.748993
13678.125000 444.325867 0.861000 259.848999
13678.125000 444.526978 0.861000 259.954010
13678.125000 444.738220 0.861000 260.053986
13678.375000 444.969727 0.861000 260.148987
13678.375000 445.170959 0.861000 260.253998
13678.375000 445.372070 0.873000 260.354004
13678.625000 445.573059 0.873000 260.449005
13678.750000 445.780365 0.873000 260.541992
13678.750000 445.981750 0.873000 260.641998
13678.750000 446.183258 0.873000 260.756989
13678.750000 446.394623 0.873000 260.842987
13678.750000 446.602112 0.873000 260.946991
13678.875000 446.809418 0.873000 261.048004
13678.875000 447.010803 0.873000 261.148010
13678.875000 447.211609 0.859000 261.247009
13678.875000 447.618073 0.859000 261.455994
13679.125000 448.020203 0.859000 261.656006
13679.125000 448.225067 0.859000 261.747986
13679.125000 448.434631 0.859000 261.851990
13679.375000 448.636230 0.859000 261.957001
13679.375000 448.837616 0.859000 262.057007
13679.375000 449.038879 0.859000 262.152008
13679.375000 449.239899 0.912000 262.252014
13680.750000 449.447510 0.912000 262.356995
13680.875000 449.654388 0.912000 262.451996
13680.875000 449.855652 0.912000 262.562012
13681.000000 450.065125 0.912000 262.751007
13681.250000 450.266144 0.912000 262.842010
13681.750000 450.469238 0.912000 262.941986
13681.875000 450.670624 0.912000 263.046997
13682.125000 450.882141 0.912000 263.147003
13683.375000 451.308563 0.809000 263.342010
13683.875000 451.515930 0.809000 263.458008
13683.875000 451.717194 0.809000 263.544006
13684.000000 451.920410 0.809000 263.648987
13684.000000 452.129639 0.809000 263.743011
13684.000000 452.330627 0.809000 263.842987
13684.125000 452.531464 0.809000 263.942993
13684.375000 452.732727 0.809000 264.053986
13684.625000 452.954529 0.809000 264.148010
13693.125000 453.162140 0.864000 264.247986
13694.250000 453.366333 0.864000 264.342987
13695.125000 453.582001 0.864000 264.446014
13696.750000 453.582001 0.864000 264.542999
13696.875000 453.998566 0.864000 264.653015
13697.625000 454.199646 0.864000 264.843994
13697.750000 454.400726 0.864000 264.942993
13697.750000 454.612244 0.864000 265.042999
13697.750000 454.813843 0.885000 265.143005
13697.750000 455.020813 0.885000 265.247986
13697.875000 455.225647 0.885000 265.342987
13697.875000 455.441193 0.885000 265.447998
13697.875000 455.668640 0.885000 265.548004
13697.875000 455.870117 0.885000 265.644989
13697.875000 456.093689 0.885000 265.743011
13697.875000 456.302856 0.885000 265.842987
13697.875000 456.504272 0.885000 265.942993
13698.125000 456.705566 0.885000 266.042999
13698.125000 456.907013 0.885000 266.143005
13699.500000 457.107849 0.908000 266.247986
13699.500000 457.316193 0.908000 266.347992
13699.500000 457.546539 0.908000 266.442993
13699.500000 457.747589 0.908000 266.544006
13699.500000 457.950653 0.908000 266.644012
13699.500000 458.159943 0.908000 266.743011
13699.625000 458.361023 0.908000 266.847992
13700.000000 458.564423 0.908000 266.954010
13700.375000 458.773926 0.908000 267.042999
13701.250000 458.975220 0.871000 267.145996
13701.375000 459.184021 0.871000 267.252991
13701.500000 459.385345 0.871000 267.352997
13701.625000 459.797821 0.871000 267.542999
13701.625000 459.998749 0.871000 267.654999
13701.625000 460.203644 0.871000 267.750000
13702.125000 460.203644 0.871000 267.842987
13702.125000 460.410736 0.871000 267.942993
13702.125000 460.817596 0.871000 268.049988
13702.125000 460.817596 0.871000 268.144989
13702.250000 461.039093 0.882000 268.251007
13702.375000 461.260010 0.882000 268.345001
13702.375000 461.481628 0.882000 268.445007
13702.375000 461.682800 0.882000 268.549988
13702.375000 461.934357 0.882000 268.651001
13702.500000 462.155579 0.882000 268.744995
13702.500000 462.356689 0.882000 268.845001
13702.500000 462.567871 0.882000 268.945007
13702.500000 462.783356 0.882000 269.052002
13702.500000 462.990601 0.822000 269.154999
13702.500000 463.191437 0.822000 269.251007
13702.500000 463.394806 0.822000 269.345001
13702.500000 463.604034 0.822000 269.445007
13702.625000 463.805298 0.822000 269.545013
13702.625000 464.006409 0.822000 269.644989
13702.625000 464.207825 0.822000 269.744995
13702.625000 464.409027 0.822000 269.845001
13702.750000 464.614563 0.822000 269.951996
13702.750000 464.815948 0.822000 270.052002
13704.000000 465.023071 0.839000 270.144989
13704.000000 465.223663 0.839000 270.246002
13704.125000 465.433014 0.839000 270.345001
13704.250000 465.634338 0.839000 270.450012
13704.625000 465.837677 0.839000 270.545990
13704.750000 466.039032 0.839000 270.645996
13704.875000 466.240387 0.839000 270.746002
13705.125000 466.441650 0.839000 270.846008
13705.500000 466.643066 0.839000 270.946014
13705.500000 466.848450 0.839000 271.048004
13707.375000 467.050385 0.803000 271.151001
13707.375000 467.050385 0.803000 271.251007
13708.500000 467.281647 0.803000 271.345001
13708.875000 467.543091 0.803000 271.454987
13708.875000 467.744202 0.803000 271.554993
13708.875000 467.955444 0.803000 271.660004
13708.875000 468.190918 0.803000 271.761993
13708.875000 468.398254 0.803000 271.845001
13709.000000 468.599731 0.803000 271.945007
13709.000000 468.800995 0.803000 272.049988
13710.125000 469.011444 0.770000 272.149994
13710.375000 469.212677 0.770000 272.252014
13710.375000 469.415680 0.770000 272.355988
13710.375000 469.618774 0.770000 272.450012
13710.375000 469.826080 0.770000 272.549988
13710.375000 470.027405 0.770000 272.661011
13710.375000 470.228607 0.770000 272.750000
13710.875000 470.431793 0.770000 272.855011
13711.375000 470.844086 0.770000 273.053009
13711.500000 471.053680 0.841000 273.153992
13711.500000 471.053680 0.841000 273.248993
13711.625000 471.463654 0.841000 273.354004
13711.625000 471.664917 0.841000 273.549011
13711.625000 471.874054 0.841000 273.653992
13711.750000 472.278778 0.841000 273.854004
13713.750000 472.479645 0.841000 273.954010
13721.875000 472.681549 0.841000 274.062012
13723.500000 473.033997 0.898000 274.264008
13725.625000 473.139954 0.898000 274.359985
13728.250000 473.212646 0.898000 274.467987
13734.125000 473.212646 0.898000 274.558990
13734.625000 473.252563 0.898000 274.660004
13734.875000 473.260590 0.898000 274.859985
13735.250000 473.260590 0.898000 274.954987
13739.500000 473.260590 0.898000 275.059998
13741.000000 473.260590 0.848000 275.160004
13743.625000 473.260590 0.848000 275.260010
13743.750000 473.260590 0.848000 275.359985
13744.125000 473.261719 0.848000 275.467010
13744.125000 473.261719 0.848000 275.561005
13744.375000 473.261719 0.848000 275.665985
13744.375000 473.266907 0.848000 275.760010
13744.375000 473.266907 0.848000 275.959991
13744.500000 473.307312 0.846000 276.165009
13744.750000 473.307312 0.846000 276.265015
13744.750000 473.715546 0.846000 276.464996
13744.750000 473.945099 0.846000 276.660004
13744.750000 474.180328 0.846000 276.760010
13744.750000 474.381714 0.846000 276.864990
13750.625000 474.611816 0.846000 276.959991
13752.375000 474.816498 0.846000 277.059998
13754.125000 474.989502 0.846000 277.170013
13754.500000 475.192261 0.842000 277.359009
13756.625000 475.192261 0.842000 277.463989
13758.375000 475.352386 0.842000 277.658997
13759.125000 475.352386 0.842000 277.759003
13759.375000 475.354401 0.842000 277.868988
13761.125000 475.354401 0.842000 277.963989
13761.625000 475.354401 0.773000 278.174011
13762.750000 475.354401 0.773000 278.364014
13763.000000 475.354645 0.773000 278.472992
13763.125000 475.354645 0.773000 278.578003
13763.125000 475.360901 0.773000 278.673004
13763.250000 475.360901 0.773000 278.778015
13763.250000 475.368652 0.773000 278.877991
13763.750000 475.368652 0.773000 278.977997
13764.000000 475.368652 0.773000 279.072998
13765.000000 475.390381 0.811000 279.178009
13765.000000 475.390381 0.811000 279.376007
13765.250000 475.590790 0.811000 279.463989
13765.625000 475.590790 0.811000 279.563995
13765.750000 475.794678 0.811000 279.664001
13765.750000 475.999329 0.811000 279.764008
13766.250000 475.999329 0.811000 279.864014
13766.750000 476.205688 0.811000 279.964996
13767.250000 476.416718 0.811000 280.063995
13767.875000 476.617920 0.785000 280.164001
13768.000000 476.827209 0.785000 280.264008
13768.625000 477.030304 0.785000 280.368988
13768.875000 477.237732 0.785000 280.468994
13769.000000 477.441071 0.785000 280.563995
13769.500000 477.644653 0.785000 280.674011
13770.500000 477.845917 0.785000 280.778992
13771.125000 478.067413 0.785000 280.873993
13771.625000 478.319061 0.785000 280.973999
13772.375000 478.520325 0.785000 281.074005
13772.875000 478.731537 0.785000 281.174011
13776.000000 478.932648 0.870000 281.273987
13776.000000 479.140930 0.870000 281.364014
13776.500000 479.341309 0.870000 281.463989
13777.125000 479.542572 0.870000 281.563995
13777.125000 479.745667 0.870000 281.664001
13777.250000 479.955170 0.870000 281.773987
13777.500000 480.156433 0.870000 281.868988
13777.625000 480.357452 0.870000 281.966003
13777.875000 480.558258 0.870000 282.079010
13779.750000 480.779785 0.811000 282.183990
13779.750000 480.987762 0.811000 282.273987
13781.250000 481.189117 0.811000 282.373993
13781.375000 481.390228 0.811000 282.473999
13781.875000 481.595093 0.811000 282.566010
13782.375000 481.796539 0.811000 282.677002
13783.000000 481.997986 0.811000 282.768005
13783.250000 482.199158 0.811000 282.865997
13783.250000 482.402344 0.811000 282.966003
13783.375000 482.603638 0.811000 283.066010
13783.500000 482.813110 0.811000 283.165985
13785.375000 483.013977 1.025000 283.265991
13785.750000 483.216766 1.025000 283.368011
13785.875000 483.425873 1.025000 283.471985
13786.000000 483.425873 1.025000 283.566986
13786.250000 483.641327 1.025000 283.675995
13786.500000 483.846344 1.025000 283.776001
13786.875000 484.047363 1.025000 283.876007
13787.625000 484.248627 1.025000 283.976013
13789.125000 484.449738 1.025000 284.075989
13792.750000 484.650635 1.025000 284.175995
13795.000000 484.869110 0.981000 284.276001
13795.125000 485.041534 0.981000 284.376007
13795.125000 485.149445 0.981000 284.472992
13820.250000 485.225433 0.981000 284.579987
13820.750000 485.225433 0.981000 284.677002
13827.875000 485.270142 0.981000 284.772003
13827.875000 485.283752 0.981000 284.869995
13829.000000 485.283752 0.981000 284.964996
13830.000000 485.283752 0.981000 285.070007
13830.375000 485.283752 0.981000 285.165009
13830.625000 485.283752 0.895000 285.265015
13831.625000 485.283752 0.895000 285.364990
13832.375000 485.283752 0.895000 285.464996
13832.500000 485.283752 0.895000 285.565002
13832.625000 485.283752 0.895000 285.670990
13833.000000 485.283752 0.895000 285.774994
13833.000000 485.291260 0.895000 285.964996
13833.375000 485.291260 0.895000 286.065002
13833.500000 485.291260 0.895000 286.170013
13834.750000 485.460327 0.939000 286.278992
13835.000000 485.460327 0.939000 286.378998
13835.375000 485.662354 0.939000 286.489014
13835.375000 485.878418 0.939000 286.674011
13835.500000 485.878418 0.939000 286.769989
13836.125000 486.093231 0.939000 286.877014
13836.125000 486.294434 0.939000 286.968994
13836.125000 486.521240 0.939000 287.067993
13837.250000 486.773163 0.929000 287.173004
13837.250000 486.992798 0.929000 287.278992
13837.625000 487.194183 0.929000 287.368011
13838.000000 487.395355 0.929000 287.467987
13838.000000 487.598694 0.929000 287.578003
13838.375000 487.809967 0.929000 287.674011
13838.500000 488.018829 0.929000 287.773010
13838.625000 488.224121 0.929000 287.868988
13838.875000 488.425751 0.929000 287.975006
13839.000000 488.633118 0.929000 288.075989
13839.000000 488.834412 0.929000 288.173004
13844.750000 489.238190 1.008000 288.368011
13845.375000 489.446014 1.008000 288.481995
13845.625000 489.446014 1.008000 288.576996
13845.750000 489.646881 1.008000 288.677002
13845.750000 490.049713 1.008000 288.782013
13845.875000 490.250580 1.008000 288.881989
13846.250000 490.451935 1.008000 288.981995
13846.500000 490.451935 1.008000 289.071014
13846.875000 490.871735 0.870000 289.190002
13846.875000 491.080353 0.870000 289.373993
13847.000000 491.281586 0.870000 289.473999
13847.125000 491.482941 0.870000 289.574005
13847.250000 491.684418 0.870000 289.665985
13847.875000 491.909760 0.870000 289.778992
13848.000000 492.137695 0.870000 289.868988
13848.000000 492.366882 0.870000 289.963013
13848.000000 492.567993 0.870000 290.067993
13848.250000 492.789978 0.917000 290.167999
13848.500000 492.992706 0.917000 290.268005
13848.500000 493.201996 0.917000 290.368011
13848.875000 493.403229 0.917000 290.467987
13849.375000 493.604492 0.917000 290.567993
13849.500000 493.805450 0.917000 290.667999
13849.750000 494.006592 0.917000 290.768005
13850.625000 494.207947 0.917000 290.868988
13850.750000 494.414886 0.917000 290.976013
13850.750000 494.624023 0.917000 291.079987
13852.250000 494.830963 0.832000 291.167999
13852.375000 495.031586 0.832000 291.273010
13853.625000 495.232788 0.832000 291.375000
13853.625000 495.433899 0.832000 291.467987
13853.625000 495.635040 0.832000 291.569000
13853.625000 495.836060 0.832000 291.669006
13853.625000 496.041534 0.832000 291.779999
13853.625000 496.255188 0.832000 291.872986
13853.625000 496.462463 0.832000 291.975006
13853.875000 496.462463 0.832000 292.067993
13855.500000 496.671722 0.800000 292.173004
13855.500000 496.891876 0.800000 292.273010
13855.500000 497.092468 0.800000 292.368988
13855.500000 497.293976 0.800000 292.467987
13855.500000 497.495087 0.800000 292.567993
13855.500000 497.732361 0.800000 292.675995
13855.500000 497.937317 0.800000 292.769989
13855.625000 498.159088 0.800000 292.868011
13855.625000 498.362610 0.800000 292.968994
13855.625000 498.563934 0.800000 293.075989
13857.125000 498.763947 0.782000 293.174011
13857.125000 498.976471 0.782000 293.269012
13857.250000 499.186218 0.782000 293.368988
13857.250000 499.387665 0.782000 293.475006
13857.375000 499.590912 0.782000 293.574005
13857.375000 499.800171 0.782000 293.669006
13858.500000 500.001740 0.782000 293.769012
13859.250000 500.207001 0.782000 293.871002
13859.875000 500.412903 0.782000 293.977997
13862.250000 500.624146 0.681000 294.078003
13862.625000 500.825134 0.681000 294.178986
13863.625000 501.034241 0.681000 294.283997
13863.875000 501.235626 0.681000 294.384003
13863.875000 501.439270 0.681000 294.481995
13864.000000 501.640289 0.681000 294.575012
13864.250000 501.849701 0.681000 294.683990
13864.250000 502.051056 0.681000 294.783997
13864.375000 502.252441 0.681000 294.889008
13865.250000 502.453918 0.681000 294.997009
13865.625000 502.858063 0.681000 295.170013
13865.875000 503.059265 0.681000 295.274994
13868.125000 503.264252 0.844000 295.381989
13868.125000 503.469879 0.844000 295.480011
13868.500000 503.687317 0.844000 295.583008
13868.875000 503.892212 0.844000 295.684998
13869.250000 503.892212 0.844000 295.777008
13869.625000 504.117310 0.844000 295.872009
13880.000000 504.338470 0.844000 295.976013
13882.750000 504.558563 0.844000 296.079987
13883.500000 504.734955 0.844000 296.182007
13883.750000 504.877136 0.742000 296.272003
13885.625000 504.877136 0.742000 296.372009
13888.625000 505.005951 0.742000 296.471985
13892.375000 505.087250 0.742000 296.571991
13900.625000 505.124237 0.742000 296.671997
13909.125000 505.130524 0.742000 296.777008
13909.125000 505.130524 0.742000 296.873993
13910.000000 505.130524 0.742000 296.977997
13916.875000 505.130524 0.742000 297.080994
13918.125000 505.130524 0.692000 297.182007
13918.250000 505.130524 0.692000 297.283997
13918.625000 505.130524 0.692000 297.372009
13924.125000 505.130524 0.692000 297.481995
13924.875000 505.130524 0.692000 297.587006
13925.125000 505.134766 0.692000 297.687012
13925.625000 505.134766 0.692000 297.786987
13926.250000 505.149139 0.692000 297.886993
13926.250000 505.149139 0.692000 297.981995
13926.875000 505.149139 0.706000 298.082001
13927.000000 505.149139 0.706000 298.187012
13927.250000 505.209320 0.706000 298.291992
13927.375000 505.209320 0.706000 298.381989
13927.625000 505.410217 0.706000 298.481995
13927.625000 505.410217 0.706000 298.585999
13927.625000 505.613312 0.706000 298.681000
13927.750000 505.817169 0.706000 298.781006
13927.750000 506.018433 0.706000 298.881012
13927.875000 506.219788 0.706000 298.985992
13927.875000 506.421021 0.647000 299.085999
13928.500000 506.628754 0.647000 299.186005
13928.625000 506.829132 0.647000 299.286011
13928.750000 507.036713 0.647000 299.384003
13928.750000 507.242004 0.647000 299.485992
13928.750000 507.242004 0.647000 299.579010
13928.750000 507.479858 0.647000 299.678986
13928.750000 507.687317 0.647000 299.783997
13929.250000 507.892303 0.647000 299.872009
13929.250000 508.109528 0.647000 299.979004
13931.750000 508.324524 0.679000 300.079010
13931.750000 508.533173 0.679000 300.178009
13931.750000 508.760376 0.679000 300.272003
13932.000000 508.961609 0.679000 300.394012
13932.000000 509.197418 0.679000 300.484009
13932.125000 509.406921 0.679000 300.578003
13932.250000 509.616180 0.679000 300.673004
13932.500000 509.817444 0.679000 300.772003
13932.500000 510.022522 0.679000 300.877014
13932.500000 510.228210 0.679000 300.985992
13933.875000 510.431335 0.650000 301.082001
13934.000000 510.634644 0.650000 301.188995
13934.000000 510.841949 0.650000 301.282013
13934.000000 511.047211 0.650000 301.378998
13934.000000 511.252899 0.650000 301.490997
13934.125000 511.456177 0.650000 301.592010
13934.250000 511.657562 0.650000 301.687012
13934.625000 511.858795 0.650000 301.786987
13935.750000 512.063965 0.650000 301.889008
13935.750000 512.267029 0.650000 301.984985
13937.250000 512.267029 0.697000 302.079987
13937.625000 512.496704 0.697000 302.184998
13937.750000 512.698059 0.697000 302.279999
13937.750000 512.901489 0.697000 302.381012
13937.750000 513.110901 0.697000 302.480988
13937.750000 513.312439 0.697000 302.584991
13937.750000 513.515869 0.697000 302.679993
13937.750000 513.725342 0.697000 302.785004
13937.875000 513.926270 0.697000 302.885986
13938.125000 514.129639 0.697000 302.981995
13939.750000 514.371033 0.679000 303.080994
13940.375000 514.620239 0.679000 303.195007
13940.375000 514.821594 0.679000 303.290985
13940.375000 515.024841 0.679000 303.381012
13940.375000 515.228333 0.679000 303.488007
13940.375000 515.436035 0.679000 303.579987
13940.375000 515.639343 0.679000 303.679993
13940.375000 515.840515 0.679000 303.779999
13940.375000 516.049744 0.679000 303.885010
13940.375000 516.251282 0.679000 303.984985
13940.375000 516.452576 0.659000 304.089996
13940.375000 516.653748 0.659000 304.195007
13940.375000 516.855347 0.659000 304.285004
13940.375000 517.064941 0.659000 304.389008
13940.375000 517.266296 0.659000 304.493988
13940.375000 517.467651 0.659000 304.596008
13940.375000 517.676697 0.659000 304.697998
13940.375000 517.878235 0.659000 304.798004
13940.375000 518.089661 0.659000 304.882996
13941.500000 518.298767 0.659000 304.981995
13941.625000 518.499207 0.640000 305.082001
13942.250000 518.701599 0.640000 305.188995
13942.875000 518.902710 0.640000 305.289001
13942.875000 519.103455 0.640000 305.384003
13943.125000 519.306702 0.640000 305.489014
13943.250000 519.516541 0.640000 305.593994
13943.625000 519.717773 0.640000 305.688995
13943.625000 519.923340 0.640000 305.803986
13943.625000 520.124939 0.640000 305.988007
13943.750000 520.342468 0.664000 306.084991
13943.750000 520.552979 0.664000 306.183990
13943.750000 520.754211 0.664000 306.283997
13943.750000 520.955566 0.664000 306.385010
13943.750000 521.187073 0.664000 306.484009
13943.875000 521.422607 0.664000 306.591003
13943.875000 521.630127 0.664000 306.688995
13943.875000 521.831482 0.664000 306.789001
13944.000000 522.034729 0.664000 306.884003
13944.125000 522.243591 0.664000 306.984009
13944.250000 522.445312 0.670000 307.084015
13944.250000 522.667053 0.670000 307.195007
13944.375000 522.878357 0.670000 307.283997
13944.500000 523.087585 0.670000 307.385986
13944.625000 523.288879 0.670000 307.484985
13944.750000 523.489929 0.670000 307.596008
13944.875000 523.691162 0.670000 307.683990
13945.375000 523.892517 0.670000 307.783997
13945.375000 524.093689 0.670000 307.884003
13945.625000 524.295227 0.670000 307.984009
13945.750000 524.496826 0.690000 308.084015
13945.875000 524.697571 0.690000 308.183990
13946.125000 524.898865 0.690000 308.283997
13946.125000 525.100281 0.690000 308.384003
13946.375000 525.301819 0.690000 308.484009
13946.500000 525.503113 0.690000 308.588989
13946.625000 525.704590 0.690000 308.687988
13946.875000 525.911499 0.690000 308.791992
13947.375000 526.112732 0.690000 308.897003
13948.250000 526.314209 0.690000 308.997009
13948.625000 526.515320 0.638000 309.092010
13948.625000 526.724243 0.638000 309.183990
13948.625000 526.929688 0.638000 309.283997
13948.625000 527.130432 0.638000 309.385010
13948.625000 527.331604 0.638000 309.484009
13948.625000 527.532776 0.638000 309.584015
13948.625000 527.734192 0.638000 309.678986
13948.625000 527.936951 0.638000 309.783997
13948.625000 528.147949 0.638000 309.884003
13948.625000 528.367371 0.638000 309.989014
13950.000000 528.367371 0.626000 310.089996
13950.125000 528.585571 0.626000 310.190002
13950.500000 528.791565 0.626000 310.290009
13950.500000 528.993042 0.626000 310.390015
13950.625000 529.204407 0.626000 310.487000
13950.750000 529.445862 0.626000 310.584991
13950.750000 529.647278 0.626000 310.684998
13951.125000 529.848633 0.626000 310.785004
13951.250000 530.090149 0.626000 310.890015
13951.500000 530.313538 0.626000 310.990997
13952.125000 530.514526 0.660000 311.084991
13952.250000 530.723267 0.660000 311.213013
13952.750000 530.930298 0.660000 311.292999
13952.875000 531.135498 0.660000 311.385010
13953.000000 531.336853 0.660000 311.489990
13953.000000 531.539917 0.660000 311.596008
13953.125000 531.749390 0.660000 311.684998
13953.375000 531.950623 0.660000 311.790009
13953.500000 532.151855 0.660000 311.890015
13953.500000 532.353149 0.660000 311.989990
13953.625000 532.553955 0.661000 312.095001
13953.625000 532.760376 0.661000 312.191010
13954.000000 532.961548 0.661000 312.290985
13954.625000 533.162659 0.661000 312.399994
13955.375000 533.363647 0.661000 312.489990
13955.750000 533.565063 0.661000 312.589996
13956.000000 533.766418 0.661000 312.684998
13956.125000 533.967651 0.661000 312.790009
13956.750000 534.168884 0.661000 312.904999
13957.250000 534.370056 0.661000 312.989990
13958.625000 534.571411 0.648000 313.095001
13959.125000 534.779907 0.648000 313.188995
13959.250000 534.779907 0.648000 313.283997
13959.500000 534.999817 0.648000 313.384003
13959.750000 535.203064 0.648000 313.496002
13959.875000 535.404297 0.648000 313.592987
13960.000000 535.632141 0.648000 313.691010
13960.000000 535.835205 0.648000 313.790985
13960.125000 536.078491 0.648000 313.890991
13960.125000 536.309875 0.648000 313.993988
13961.125000 536.511169 0.674000 314.105988
13961.625000 536.930420 0.674000 314.290985
13961.875000 537.131958 0.674000 314.390991
13962.125000 537.333374 0.674000 314.497986
13962.375000 537.561096 0.674000 314.589996
13962.625000 537.762207 0.674000 314.688995
13962.875000 537.973816 0.674000 314.799011
13962.875000 538.175293 0.674000 314.898987
13963.000000 538.376648 0.674000 315.003998
13965.625000 538.577881 0.649000 315.098999
13965.625000 538.782410 0.649000 315.190002
13965.625000 538.995667 0.649000 315.290009
13965.750000 539.207458 0.649000 315.393005
13966.000000 539.411011 0.649000 315.503998
13966.125000 539.620789 0.649000 315.613007
13966.250000 539.620789 0.649000 315.691986
13966.375000 539.839783 0.649000 315.796997
13966.375000 540.061279 0.649000 315.897003
13966.375000 540.262451 0.649000 315.993011
13967.125000 540.483459 0.658000 316.092010
13967.250000 540.692139 0.658000 316.191986
13967.625000 540.923218 0.658000 316.291992
13967.750000 541.164734 0.658000 316.393005
13968.000000 541.368286 0.658000 316.502991
13968.000000 541.577698 0.658000 316.601990
13968.125000 541.783142 0.658000 316.690002
13968.125000 541.984314 0.658000 316.794006
13968.125000 542.185730 0.658000 316.889008
13968.125000 542.388733 0.658000 317.000000
13978.750000 542.598083 0.650000 317.104004
13979.125000 542.800537 0.650000 317.188995
13979.125000 543.009705 0.650000 317.289001
13979.500000 543.210938 0.650000 317.389008
13979.625000 543.412292 0.650000 317.489990
13979.750000 543.613342 0.650000 317.589996
13980.125000 543.814514 0.650000 317.688995
13980.375000 544.019714 0.650000 317.789001
13980.500000 544.231079 0.650000 317.890991
13980.625000 544.440552 0.650000 317.994995
13984.250000 544.440552 0.644000 318.093994
13986.250000 544.668884 0.644000 318.188995
13986.500000 544.901123 0.644000 318.289001
13986.625000 545.110413 0.644000 318.390015
13986.625000 545.329895 0.644000 318.497986
13987.250000 545.531006 0.644000 318.588989
13988.000000 545.734192 0.644000 318.688995
13994.500000 545.934326 0.644000 318.795990
13995.500000 546.151428 0.644000 318.894989
13998.500000 546.151428 0.644000 318.996002
14002.250000 546.378418 0.670000 319.088989
14003.875000 546.378418 0.670000 319.188995
14005.375000 546.585205 0.670000 319.290009
14007.000000 546.789856 0.670000 319.389008
14009.375000 546.989990 0.670000 319.493988
14014.125000 547.208679 0.670000 319.592010
14018.375000 547.409729 0.670000 319.688995
14022.125000 547.610718 0.670000 319.789001
14025.750000 547.812073 0.670000 319.898010
14029.625000 548.013306 0.670000 319.989014
14052.500000 548.214722 0.681000 320.101990
14057.250000 548.416748 0.681000 320.188995
14060.500000 548.624573 0.681000 320.294006
14065.000000 548.828003 0.681000 320.395996
14069.250000 549.033264 0.681000 320.497986
14073.250000 549.033264 0.681000 320.592010
14075.625000 549.284790 0.681000 320.691986
14079.000000 549.494202 0.681000 320.792999
14082.625000 549.695557 0.681000 320.891998
14086.625000 549.938904 0.681000 320.997986
14091.250000 550.158081 0.705000 321.087006
14095.500000 550.387634 0.705000 321.191986
14099.875000 550.589294 0.705000 321.296997
14104.375000 550.790283 0.705000 321.391998
14109.500000 550.991577 0.705000 321.492004
14115.875000 551.192688 0.705000 321.596985
14121.125000 551.393860 0.705000 321.691986
14127.125000 551.595337 0.705000 321.791992
14133.125000 551.796692 0.705000 321.898010
14138.375000 551.997803 0.705000 321.992004
14147.125000 552.199280 0.705000 322.092010
14158.875000 552.400452 0.770000 322.196991
14167.125000 552.604553 0.770000 322.291992
14172.125000 552.806030 0.770000 322.397003
14176.375000 553.007324 0.770000 322.497009
14181.000000 553.208313 0.770000 322.592010
14185.375000 553.417175 0.770000 322.705994
14190.125000 553.618530 0.770000 322.806000
14193.625000 553.819641 0.770000 322.901001
14196.500000 554.022644 0.770000 322.992004
14201.375000 554.223877 0.770000 323.102997
14207.250000 554.424255 0.698000 323.191986
14212.750000 554.632202 0.698000 323.296997
14216.875000 554.833679 0.698000 323.391998
14222.000000 555.034424 0.698000 323.492004
14227.125000 555.235840 0.698000 323.601990
14231.500000 555.438843 0.698000 323.701996
14236.125000 555.644043 0.698000 323.799011
14241.125000 555.859253 0.698000 323.902008
14245.250000 555.859253 0.698000 323.997986
14250.625000 556.263916 0.711000 324.102997
14256.250000 556.263916 0.711000 324.197998
14263.375000 556.667847 0.711000 324.303986
14267.750000 556.877502 0.711000 324.414001
14275.250000 557.078613 0.711000 324.593994
14280.625000 557.314148 0.711000 324.692993
14288.250000 557.521667 0.711000 324.800995
14295.000000 557.722839 0.711000 324.890015
14300.750000 557.950195 0.711000 324.990997
14310.125000 558.159363 0.731000 325.091003
14318.250000 558.401184 0.731000 325.195007
14327.250000 558.602295 0.731000 325.295013
14335.750000 558.827698 0.731000 325.402008
14344.500000 559.028748 0.731000 325.497009
14354.125000 559.229980 0.731000 325.596985
14364.625000 559.431091 0.731000 325.701996
14375.500000 559.632385 0.731000 325.812012
14385.375000 559.843750 0.731000 325.907013
14396.250000 560.045044 0.731000 326.002991
14407.125000 560.250000 0.731000 326.098999
14427.000000 560.454651 0.759000 326.194000
14438.250000 560.454651 0.759000 326.299011
14445.250000 560.664001 0.759000 326.398987
14453.125000 560.874451 0.759000 326.500000
14459.875000 561.085815 0.759000 326.595001
14468.250000 561.292908 0.759000 326.701996
14485.500000 561.500793 0.759000 326.795013
14495.750000 561.709167 0.759000 326.894989
14502.875000 561.872925 0.759000 326.996002
14508.375000 561.872925 0.759000 327.096985
14519.250000 562.026367 0.771000 327.196991
14522.500000 562.026367 0.771000 327.296997
14526.125000 562.174988 0.771000 327.398987
14529.625000 562.174988 0.771000 327.502991
14531.875000 562.262573 0.771000 327.602997
14533.000000 562.262573 0.771000 327.697998
14552.625000 562.262573 0.771000 327.798004
14555.375000 562.310974 0.771000 327.893005
14561.000000 562.310974 0.771000 327.998993
14565.625000 562.310974 0.771000 328.097992
14568.500000 562.310974 0.727000 328.197998
14572.125000 562.310974 0.727000 328.299988
14573.250000 562.310974 0.727000 328.403992
14574.375000 562.310974 0.727000 328.493011
14574.875000 562.310974 0.727000 328.597992
14575.375000 562.324036 0.727000 328.697998
14575.875000 562.324036 0.727000 328.809998
14576.375000 562.324036 0.727000 328.903015
14578.375000 562.324036 0.727000 329.005005
14580.250000 562.496887 0.703000 329.105988
14581.750000 562.496887 0.703000 329.200012
14584.625000 562.706543 0.703000 329.303986
14589.500000 562.910645 0.703000 329.406006
14592.875000 563.112183 0.703000 329.503998
14598.250000 563.112183 0.703000 329.597992
14603.125000 563.320007 0.703000 329.697998
14611.375000 563.530945 0.703000 329.798004
14623.875000 563.739014 0.703000 329.898010
14632.375000 563.938965 0.703000 329.997986
14654.250000 564.088745 0.671000 330.097992
14658.500000 564.088745 0.671000 330.197998
14664.500000 564.285522 0.671000 330.298004
14669.750000 564.337097 0.671000 330.398010
14671.875000 564.337097 0.671000 330.497986
14699.250000 564.356262 0.671000 330.597992
14701.625000 564.356262 0.671000 330.704010
14703.375000 564.375977 0.671000 330.798004
14705.250000 564.375977 0.671000 330.903992
14707.375000 564.375977 0.671000 330.993988
14710.625000 564.585449 0.756000 331.098999
14713.000000 564.585449 0.756000 331.199005
14715.500000 564.791382 0.756000 331.300995
14717.625000 564.994446 0.756000 331.398987
14723.375000 565.198914 0.756000 331.498993
14726.250000 565.406128 0.756000 331.606995
14731.000000 565.611450 0.756000 331.699005
14734.000000 565.820557 0.756000 331.809998
14736.750000 566.023621 0.756000 331.898987
14741.000000 566.225098 0.756000 331.998993
14745.000000 566.428528 0.732000 332.104004
14750.000000 566.637756 0.732000 332.203003
14754.125000 566.838745 0.732000 332.304993
14758.500000 567.041748 0.732000 332.404999
14764.000000 567.251038 0.732000 332.498993
14768.250000 567.451904 0.732000 332.604004
14773.125000 567.653381 0.732000 332.699005
14777.125000 567.854492 0.732000 332.799011
14780.625000 567.854492 0.732000 332.894012
14785.000000 568.259460 0.732000 333.009003
14794.500000 568.461060 0.715000 333.100006
14800.875000 568.665466 0.715000 333.204987
14806.250000 568.872620 0.715000 333.304993
14810.125000 569.073853 0.715000 333.404999
14815.000000 569.274841 0.715000 333.510010
14818.375000 569.476196 0.715000 333.609985
14824.000000 569.677429 0.715000 333.709991
14826.625000 569.878540 0.715000 333.804993
14830.875000 570.079529 0.715000 333.910004
14834.875000 570.280762 0.715000 334.005005
14843.750000 570.280762 0.772000 334.101990
14848.750000 570.686646 0.772000 334.207001
14852.875000 570.887878 0.772000 334.308990
14856.500000 570.887878 0.772000 334.399994
14862.875000 571.095215 0.772000 334.500000
14867.500000 571.296753 0.772000 334.608002
14873.000000 571.503967 0.772000 334.708008
14880.250000 571.725708 0.772000 334.803009
14890.000000 571.948975 0.772000 334.907990
14897.000000 572.129272 0.772000 335.007996
14902.125000 572.278503 0.769000 335.105011
14905.875000 572.278503 0.769000 335.200012
14910.000000 572.415771 0.769000 335.295013
14914.375000 572.501648 0.769000 335.402008
14917.875000 572.501648 0.769000 335.500000
14921.250000 572.582581 0.769000 335.605011
14923.750000 572.582581 0.769000 335.695007
14927.375000 572.582581 0.769000 335.799988
14929.250000 572.705078 0.769000 335.906006
14931.375000 572.705078 0.769000 336.000000
14934.125000 572.705078 0.722000 336.095001
14937.625000 572.913879 0.722000 336.200012
14941.500000 572.913879 0.722000 336.295990
14945.500000 573.117065 0.722000 336.399994
14949.875000 573.344055 0.722000 336.494995
14954.625000 573.547058 0.722000 336.595001
14957.875000 573.748230 0.722000 336.714996
14962.125000 573.951538 0.722000 336.795013
14965.500000 574.161194 0.722000 336.906006
14970.375000 574.392639 0.722000 337.000000
14979.000000 574.593628 0.696000 337.100006
14983.625000 574.797974 0.696000 337.195007
14988.750000 574.999207 0.696000 337.298004
14994.500000 575.200500 0.696000 337.399994
14999.625000 575.403992 0.696000 337.494995
15004.500000 575.612976 0.696000 337.605011
15009.000000 575.814209 0.696000 337.704987
15015.375000 576.015686 0.696000 337.799988
15022.000000 576.264893 0.696000 337.924011
15036.000000 576.667358 0.736000 338.109009
15042.000000 576.868469 0.736000 338.209015
15046.750000 577.073730 0.736000 338.306000
15052.750000 577.073730 0.736000 338.399994
15057.250000 577.293091 0.736000 338.501007
15062.000000 577.496399 0.736000 338.600006
15066.250000 577.717834 0.736000 338.696991
15071.375000 577.919128 0.736000 338.802002
15073.875000 578.122742 0.736000 338.908997
15077.500000 578.334473 0.736000 339.002991
15083.625000 578.573914 0.736000 339.110992
15089.500000 578.780212 0.818000 339.213989
15091.750000 578.989319 0.818000 339.308014
15094.625000 579.196045 0.818000 339.414001
15096.500000 579.413635 0.818000 339.510986
15098.500000 579.618469 0.818000 339.602997
15100.500000 579.819458 0.818000 339.703003
15103.000000 580.020813 0.818000 339.803009
15105.750000 580.221924 0.818000 339.908997
15108.125000 580.423645 0.818000 340.002991
15109.875000 580.628967 0.730000 340.109985
15112.250000 580.829468 0.730000 340.209991
15114.625000 581.030823 0.730000 340.309998
15117.250000 581.236023 0.730000 340.407013
15118.375000 581.437073 0.730000 340.506989
15120.875000 581.637939 0.730000 340.602997
15123.125000 581.839050 0.730000 340.701996
15125.000000 582.040161 0.730000 340.802002
15126.500000 582.241394 0.730000 340.902008
15128.375000 582.444458 0.730000 341.007996
15129.500000 582.653687 0.730000 341.112000
15132.875000 582.858826 0.756000 341.209015
15134.625000 583.062012 0.756000 341.302002
15136.250000 583.265503 0.756000 341.407990
15137.625000 583.468750 0.756000 341.502014
15139.125000 583.675781 0.756000 341.612000
15140.625000 583.877136 0.756000 341.707001
15142.000000 584.078186 0.756000 341.808990
15144.000000 584.279846 0.756000 341.902008
15145.250000 584.489441 0.756000 342.010986
15147.500000 584.690552 0.756000 342.105988
15152.250000 584.690552 0.753000 342.205994
15154.375000 584.921570 0.753000 342.311005
15155.625000 585.126770 0.753000 342.403992
15157.500000 585.330078 0.753000 342.501007
15159.000000 585.569153 0.753000 342.601990
15159.875000 585.770325 0.753000 342.701996
15174.000000 585.979675 0.753000 342.803009
15175.375000 586.182983 0.753000 342.902008
15177.000000 586.182983 0.753000 343.002014
15178.250000 586.379333 0.753000 343.106995
15179.500000 586.582947 0.756000 343.201996
15180.625000 586.582947 0.756000 343.302002
15180.875000 586.699158 0.756000 343.412994
15181.125000 586.699158 0.756000 343.510986
15182.250000 586.699158 0.756000 343.610992
15182.750000 586.784363 0.756000 343.716003
15183.250000 586.784363 0.756000 343.815002
15183.625000 586.784363 0.756000 343.910004
15184.250000 586.987366 0.756000 344.014008
15185.000000 586.987366 0.739000 344.109009
15185.250000 587.189270 0.739000 344.209991
15186.750000 587.392517 0.739000 344.321014
15187.750000 587.592896 0.739000 344.415985
15188.375000 587.795776 0.739000 344.516998
15189.125000 588.003357 0.739000 344.614990
15190.250000 588.204651 0.739000 344.714996
15191.125000 588.204651 0.739000 344.813995
15192.125000 588.414246 0.739000 344.908997
15193.000000 588.615417 0.739000 345.009003
15196.500000 589.027100 0.714000 345.123993
15197.250000 589.027100 0.714000 345.218994
15198.125000 589.228088 0.714000 345.309998
15199.250000 589.429626 0.714000 345.411011
15200.125000 589.632690 0.714000 345.519989
15200.750000 589.894104 0.714000 345.619995
15202.000000 590.125732 0.714000 345.721985
15203.125000 590.360962 0.714000 345.816986
15204.625000 590.564331 0.714000 345.915985
15205.125000 590.769409 0.714000 346.010010
15206.250000 590.970520 0.714000 346.112000
15207.125000 591.171814 0.773000 346.214996
15208.125000 591.373352 0.773000 346.309998
15208.875000 591.593201 0.773000 346.419006
15210.875000 591.794434 0.773000 346.519012
15212.250000 591.995544 0.773000 346.623993
15213.375000 592.196655 0.773000 346.729004
15214.625000 592.397888 0.773000 346.829010
15215.125000 592.609253 0.773000 346.924011
15216.250000 592.810608 0.773000 347.023987
15217.625000 593.017700 0.767000 347.127014
15217.875000 593.225159 0.767000 347.220001
15219.375000 593.426270 0.767000 347.316986
15220.125000 593.828857 0.767000 347.515015
15220.875000 594.029968 0.767000 347.614990
15221.375000 594.231445 0.767000 347.721008
15222.125000 594.434509 0.767000 347.815002
15222.750000 594.635437 0.767000 347.915009
15223.250000 594.845032 0.767000 348.024994
15223.625000 595.046265 0.767000 348.130005
15225.875000 595.247498 0.789000 348.225006
15226.250000 595.455444 0.789000 348.329987
15227.750000 595.861084 0.789000 348.535004
15229.375000 595.861084 0.789000 348.625000
15230.375000 596.062073 0.789000 348.725006
15231.000000 596.294067 0.789000 348.825012
15232.250000 596.535645 0.789000 348.915009
15233.250000 596.738770 0.789000 349.015991
15234.750000 596.941895 0.789000 349.114990
15235.750000 597.179199 0.883000 349.214996
15237.000000 597.390564 0.883000 349.320007
15237.875000 597.591858 0.883000 349.415009
15238.875000 597.818970 0.883000 349.523010
15239.625000 598.020203 0.883000 349.638000
15240.125000 598.225098 0.883000 349.720001
15240.500000 598.426208 0.883000 349.820007
15241.375000 598.627258 0.883000 349.915009
15241.875000 598.828796 0.883000 350.015015
15242.750000 599.030029 0.883000 350.130005
15245.000000 599.434448 0.832000 350.322998
15246.750000 599.434448 0.832000 350.420013
15247.750000 599.664490 0.832000 350.515991
15248.375000 599.915955 0.832000 350.618011
15249.125000 600.143250 0.832000 350.722992
15249.625000 600.376648 0.832000 350.819000
15250.500000 600.585632 0.832000 350.914001
15251.125000 600.786743 0.832000 351.015015
15251.875000 600.987854 0.832000 351.118011
15254.250000 601.189087 0.885000 351.223999
15255.000000 601.390259 0.885000 351.319000
15255.875000 601.591187 0.885000 351.423004
15256.375000 601.792419 0.885000 351.513000
15256.875000 601.993896 0.885000 351.613007
15257.875000 602.195190 0.885000 351.713989
15259.125000 602.396606 0.885000 351.812988
15260.875000 602.597961 0.885000 351.923004
15261.500000 602.799072 0.885000 352.013000
15262.875000 603.006775 0.885000 352.135986
15268.125000 603.208008 0.784000 352.221008
15270.500000 603.414001 0.784000 352.313995
15272.250000 603.617310 0.784000 352.417999
15274.250000 603.824585 0.784000 352.523010
15276.375000 604.026062 0.784000 352.618011
15278.250000 604.229004 0.784000 352.714996
15279.875000 604.430481 0.784000 352.813995
15282.000000 604.635742 0.784000 352.919006
15284.500000 604.842957 0.784000 353.014008
15286.125000 605.044067 0.784000 353.114014
15307.000000 605.244568 0.782000 353.213989
15310.000000 605.244568 0.782000 353.313995
15311.250000 605.453064 0.782000 353.414001
15312.625000 605.654236 0.782000 353.514008
15313.125000 605.857361 0.782000 353.614014
15313.875000 606.070374 0.782000 353.713989
15329.625000 606.278198 0.782000 353.813995
15334.875000 606.521912 0.782000 353.914001
15339.500000 606.698975 0.782000 354.015015
15340.375000 606.850647 0.782000 354.114014
15341.125000 606.964050 0.782000 354.213989
15345.625000 606.964050 0.750000 354.322998
15347.375000 607.044800 0.750000 354.428009
15349.125000 607.109863 0.750000 354.528015
15351.000000 607.109863 0.750000 354.627991
15352.000000 607.109863 0.750000 354.722992
15352.875000 607.180115 0.750000 354.822998
15353.625000 607.180115 0.750000 354.934998
15354.375000 607.180115 0.750000 355.014008
15355.500000 607.283508 0.750000 355.114014
15358.375000 607.283508 0.773000 355.218994
15359.625000 607.494385 0.773000 355.317993
15360.000000 607.494385 0.773000 355.412994
15360.875000 607.715149 0.773000 355.518005
15361.500000 607.955627 0.773000 355.622986
15362.625000 608.156250 0.773000 355.716003
15364.625000 608.359863 0.773000 355.817993
15365.125000 608.569458 0.773000 355.915985
15366.125000 608.770752 0.773000 356.015991
15366.875000 608.974609 0.773000 356.122009
15368.125000 609.179688 0.722000 356.218994
15369.000000 609.389587 0.722000 356.319000
15369.750000 609.591064 0.722000 356.419006
15371.000000 609.796265 0.722000 356.520996
15372.000000 609.997375 0.722000 356.626007
15372.500000 610.198608 0.722000 356.716003
15373.375000 610.399902 0.722000 356.816010
15374.250000 610.600647 0.722000 356.915985
15374.875000 610.806091 0.722000 357.018005
15375.750000 611.007019 0.702000 357.118011
15375.875000 611.207764 0.702000 357.213013
15376.750000 611.409119 0.702000 357.317993
15377.625000 611.614319 0.702000 357.420013
15378.750000 611.821289 0.702000 357.518005
15379.000000 612.026672 0.702000 357.619995
15379.875000 612.026672 0.702000 357.714996
15380.500000 612.429382 0.702000 357.820007
15381.000000 612.429382 0.702000 357.915009
15381.625000 612.650879 0.702000 358.019989
15381.750000 612.872131 0.702000 358.114990
15384.875000 613.073303 0.778000 358.220001
15386.125000 613.290649 0.778000 358.325012
15388.375000 613.500732 0.778000 358.427002
15389.125000 613.712036 0.778000 358.519989
15389.375000 613.913025 0.778000 358.614990
15389.750000 614.154541 0.778000 358.723999
15390.125000 614.376099 0.778000 358.815002
15390.375000 614.580994 0.778000 358.937012
15390.625000 614.791809 0.778000 359.018005
15391.250000 614.992859 0.754000 359.117004
15391.500000 615.193726 0.754000 359.227997
15391.750000 615.394958 0.754000 359.316986
15391.875000 615.596436 0.754000 359.444000
15392.125000 615.797302 0.754000 359.518005
15392.375000 615.998779 0.754000 359.622009
15392.500000 616.207825 0.754000 359.716003
15392.750000 616.408997 0.754000 359.821014
15393.125000 616.610474 0.754000 359.923004
15393.250000 616.811951 0.754000 360.015991
15393.500000 617.013489 0.754000 360.121002
15402.125000 617.220154 0.803000 360.230011
15402.250000 617.426147 0.803000 360.328003
15402.750000 617.633240 0.803000 360.425995
15403.000000 617.834595 0.803000 360.515991
15403.125000 618.035767 0.803000 360.615997
15403.375000 618.236877 0.803000 360.721008
15403.625000 618.438171 0.803000 360.816010
15403.750000 618.639771 0.803000 360.915985
15403.750000 618.841125 0.803000 361.015991
15403.750000 619.052673 0.803000 361.127014
15404.250000 619.253845 0.774000 361.316010
15407.625000 619.454712 0.774000 361.420990
15408.625000 619.662292 0.774000 361.519012
15409.625000 619.869568 0.774000 361.622009
15410.125000 620.088928 0.774000 361.717010
15410.125000 620.296021 0.774000 361.821991
15410.125000 620.497192 0.774000 361.925995
15410.750000 620.698547 0.774000 362.015991
15410.750000 620.899780 0.774000 362.121002
15410.875000 621.115234 0.784000 362.227997
15411.125000 621.324097 0.784000 362.328003
15411.125000 621.525940 0.784000 362.432007
15411.500000 621.733521 0.784000 362.519989
15411.500000 621.934265 0.784000 362.625000
15411.750000 622.135681 0.784000 362.725006
15412.125000 622.336853 0.784000 362.815002
15413.375000 622.537842 0.784000 362.920990
15414.125000 622.739014 0.784000 363.015015
15415.000000 622.940186 0.784000 363.122009
15419.125000 623.141235 0.706000 363.214996
15419.750000 623.357239 0.706000 363.319000
15420.375000 623.357239 0.706000 363.415009
15422.000000 623.560730 0.706000 363.516998
15423.250000 623.972351 0.706000 363.623993
15424.250000 623.972351 0.706000 363.718994
15425.375000 624.181580 0.706000 363.821014
15425.750000 624.404663 0.706000 363.919006
15426.125000 624.626160 0.706000 364.023987
15426.750000 624.827271 0.706000 364.118988
15445.875000 625.028259 0.698000 364.235992
15447.000000 625.248901 0.698000 364.321014
15448.625000 625.506836 0.698000 364.424011
15450.625000 625.708130 0.698000 364.514008
15451.625000 625.908936 0.698000 364.619995
15452.125000 626.120056 0.698000 364.718994
15453.750000 626.321655 0.698000 364.830994
15454.625000 626.526489 0.698000 364.925995
15459.625000 626.733459 0.698000 365.028992
15462.125000 626.934692 0.686000 365.114014
15463.750000 627.135071 0.686000 365.223999
15465.750000 627.342102 0.686000 365.326996
15468.125000 627.543396 0.686000 365.432007
15470.375000 627.748779 0.686000 365.524994
15472.375000 627.950134 0.686000 365.619995
15473.375000 628.153259 0.686000 365.730011
15475.000000 628.354370 0.686000 365.825012
15477.625000 628.555725 0.686000 365.924988
15479.375000 628.756836 0.686000 366.024994
15481.375000 628.965942 0.686000 366.119995
15487.875000 629.166443 0.780000 366.220001
15488.750000 629.371277 0.780000 366.325989
15493.250000 629.371277 0.780000 366.420013
15494.625000 629.590637 0.780000 366.519989
15496.875000 629.822144 0.780000 366.614990
15501.375000 630.033569 0.780000 366.722992
15504.250000 630.256531 0.780000 366.821014
15511.125000 630.457275 0.780000 366.915009
15514.625000 630.666504 0.780000 367.019989
15521.500000 630.867676 0.701000 367.119995
15525.125000 631.080017 0.701000 367.220001
15529.000000 631.309326 0.701000 367.315002
15531.875000 631.552429 0.701000 367.431000
15534.500000 631.753540 0.701000 367.522003
15537.625000 631.958923 0.701000 367.632996
15540.875000 632.160034 0.701000 367.721008
15546.000000 632.360596 0.701000 367.825012
15549.375000 632.553284 0.701000 367.923004
15552.125000 632.553284 0.701000 368.018005
15558.875000 632.717102 0.708000 368.118011
15561.125000 632.876221 0.708000 368.223999
15564.250000 632.876221 0.708000 368.328003
15566.125000 633.026917 0.708000 368.414001
15568.750000 633.026917 0.708000 368.541992
15569.625000 633.026917 0.708000 368.622009
15571.125000 633.227112 0.708000 368.717010
15572.750000 633.428162 0.708000 368.820007
15574.375000 633.428162 0.708000 368.921997
15576.250000 633.629822 0.708000 369.024994
15577.875000 633.849487 0.708000 369.125000
15578.875000 634.051025 0.777000 369.218994
15584.500000 634.251587 0.777000 369.313995
15586.000000 634.474548 0.777000 369.419006
15587.625000 634.685791 0.777000 369.523987
15588.625000 634.935364 0.777000 369.628998
15590.125000 635.142883 0.777000 369.713989
15591.750000 635.348145 0.777000 369.820007
15592.500000 635.551453 0.777000 369.924011
15594.250000 635.754944 0.777000 370.031006
15595.625000 635.958069 0.777000 370.127991
15597.625000 636.166626 0.693000 370.226990
15598.875000 636.374451 0.693000 370.319000
15600.000000 636.575562 0.693000 370.423004
15600.500000 636.776855 0.693000 370.518005
15600.875000 636.982422 0.693000 370.619995
15601.375000 637.190125 0.693000 370.727997
15601.625000 637.190125 0.693000 370.817993
15601.875000 637.428345 0.693000 370.917999
15602.000000 637.628113 0.693000 371.023010
15602.625000 637.769470 0.670000 371.118011
15603.000000 637.769470 0.670000 371.218994
15603.000000 637.908203 0.670000 371.321014
15603.250000 637.972717 0.670000 371.424988
15603.625000 637.997620 0.670000 371.514008
15603.750000 637.999146 0.670000 371.618988
15603.750000 637.999146 0.670000 371.723999
15604.375000 637.999146 0.670000 371.821991
15604.375000 637.999146 0.670000 371.924011
15604.750000 637.999146 0.670000 372.014008
15604.750000 637.999146 0.693000 372.119995
15605.500000 637.999146 0.693000 372.218994
15605.625000 637.999146 0.693000 372.334015
15605.625000 637.999146 0.693000 372.420013
15605.750000 638.000122 0.693000 372.523987
15605.750000 638.000122 0.693000 372.626007
15606.625000 638.000122 0.693000 372.722992
15606.875000 638.033142 0.693000 372.821991
15606.875000 638.033142 0.693000 372.916992
15606.875000 638.033142 0.693000 373.036011
15607.000000 638.033142 0.614000 373.121002
15607.125000 638.033142 0.614000 373.227997
15607.125000 638.033142 0.614000 373.321014
15607.125000 638.033142 0.614000 373.431000
15607.125000 638.033142 0.614000 373.515991
15607.250000 638.033142 0.614000 373.615997
15607.250000 638.033142 0.614000 373.734009
15607.250000 638.033142 0.614000 373.813995
15607.250000 638.033142 0.614000 373.919006
15609.375000 638.033142 0.603000 374.019989
15609.375000 638.033142 0.603000 374.119995
15609.500000 638.033142 0.603000 374.226990
15609.500000 638.033142 0.603000 374.321991
15609.500000 638.033142 0.603000 374.420013
15609.500000 638.034241 0.603000 374.515015
15609.500000 638.034241 0.603000 374.618011
15609.500000 638.034241 0.603000 374.726013
15609.625000 638.037598 0.603000 374.825989
15609.625000 638.037598 0.603000 374.915985
15609.625000 638.037598 0.603000 375.015991
15609.750000 638.037598 0.621000 375.125000
15609.750000 638.037598 0.621000 375.221985
15609.750000 638.037598 0.621000 375.326996
15609.750000 638.037598 0.621000 375.416992
15609.750000 638.037598 0.621000 375.519989
15609.750000 638.037598 0.621000 375.622009
15610.000000 638.037598 0.621000 375.718994
15610.000000 638.037598 0.621000 375.816986
15617.125000 638.037598 0.621000 375.937012
15617.125000 638.037598 0.621000 376.022003
15617.125000 638.037598 0.548000 376.123993
15617.125000 638.037598 0.548000 376.217010
15617.125000 638.037598 0.548000 376.316986
15617.125000 638.037598 0.548000 376.416992
15617.125000 638.042786 0.548000 376.523010
15617.125000 638.042786 0.548000 376.627014
15617.125000 638.042786 0.548000 376.821991
15617.125000 638.166748 0.548000 376.916992
15617.125000 638.166748 0.569000 377.016998
15617.125000 638.369507 0.569000 377.118011
15617.125000 638.369507 0.569000 377.217010
15617.125000 638.591431 0.569000 377.328003
15617.250000 638.818115 0.569000 377.416992
15617.250000 639.021240 0.569000 377.515015
15617.500000 639.232422 0.569000 377.618988
15618.000000 639.433533 0.569000 377.718994
15618.125000 639.636841 0.569000 377.819000
15618.500000 639.846558 0.569000 377.924011
15618.875000 640.047607 0.569000 378.014008
15619.500000 640.249207 0.569000 378.118988
15620.750000 640.457764 0.721000 378.220001
15621.000000 640.659546 0.721000 378.325012
15622.250000 640.870605 0.721000 378.424011
15623.375000 640.870605 0.721000 378.515015
15623.750000 641.091675 0.721000 378.623993
15625.750000 641.330444 0.721000 378.718994
15626.250000 641.559814 0.721000 378.829987
15626.500000 641.765564 0.721000 378.919006
15627.250000 641.765564 0.721000 379.023987
15628.125000 641.960999 0.560000 379.123993
15628.125000 641.960999 0.560000 379.223999
15628.500000 642.162720 0.560000 379.324005
15628.875000 642.162720 0.560000 379.424011
15629.625000 642.372681 0.560000 379.523987
15630.375000 642.601685 0.560000 379.614014
15631.500000 642.801819 0.560000 379.713989
15634.375000 643.005432 0.560000 379.819000
15642.250000 643.214417 0.560000 379.933990
15643.000000 643.214417 0.560000 380.018005
15648.875000 643.486023 0.572000 380.122986
15651.125000 643.687561 0.572000 380.217987
15653.000000 643.889526 0.572000 380.316010
15653.375000 644.090881 0.572000 380.444000
15653.875000 644.312073 0.572000 380.519012
15654.375000 644.513123 0.572000 380.618988
15654.750000 644.754395 0.572000 380.723999
15656.000000 644.955872 0.572000 380.828003
15656.750000 645.157288 0.572000 380.924011
15657.500000 645.358154 0.627000 381.023987
15658.000000 645.559326 0.627000 381.122986
15658.125000 645.760315 0.627000 381.223999
15658.750000 645.961670 0.627000 381.313995
15659.500000 646.176636 0.627000 381.419006
15660.250000 646.377686 0.627000 381.526001
15661.250000 646.579102 0.627000 381.622009
15665.500000 646.786743 0.627000 381.723999
15671.875000 646.978455 0.627000 381.829010
15675.000000 646.978455 0.627000 381.920990
15680.875000 647.137634 0.627000 382.023010
15685.625000 647.258606 0.638000 382.115997
15687.125000 647.258606 0.638000 382.216003
15689.750000 647.393372 0.638000 382.316010
15692.000000 647.428772 0.638000 382.420990
15694.375000 647.434265 0.638000 382.515991
15695.750000 647.434265 0.638000 382.615997
15696.125000 647.435242 0.638000 382.721008
15696.375000 647.435242 0.638000 382.816010
15696.750000 647.447388 0.638000 382.925995
15697.000000 647.447388 0.640000 383.022003
15700.375000 647.447388 0.640000 383.121002
15701.250000 647.447388 0.640000 383.221008
15701.375000 647.447388 0.640000 383.325012
15701.875000 647.472107 0.640000 383.424011
15702.750000 647.472107 0.640000 383.524994
15703.000000 647.472107 0.640000 383.623993
15703.250000 647.500122 0.640000 383.723999
15703.750000 647.500122 0.640000 383.825012
15703.750000 647.500122 0.640000 383.924988
15706.125000 647.704224 0.583000 384.045013
15706.875000 647.704224 0.583000 384.130005
15707.125000 647.936340 0.583000 384.230011
15707.375000 648.143066 0.583000 384.329987
15708.000000 648.347168 0.583000 384.433014
15708.750000 648.548462 0.583000 384.535004
15709.250000 648.749817 0.583000 384.619995
15709.375000 648.950500 0.583000 384.720001
15712.250000 649.151672 0.583000 384.839996
15712.875000 649.352661 0.583000 384.920013
15713.375000 649.554260 0.655000 385.019989
15713.750000 649.755737 0.655000 385.130005
15713.875000 649.958862 0.655000 385.221008
15714.500000 649.958862 0.655000 385.320007
15714.750000 650.379822 0.655000 385.429993
15715.125000 650.379822 0.655000 385.519989
15715.250000 650.643860 0.655000 385.619995
15719.000000 650.852173 0.655000 385.721008
15723.750000 651.058594 0.655000 385.825012
15727.625000 651.231934 0.655000 385.929993
15731.125000 651.372742 0.655000 386.029999
15742.125000 651.372742 0.621000 386.119995
15744.125000 651.480591 0.621000 386.225006
15745.500000 651.554871 0.621000 386.328003
15747.625000 651.596313 0.621000 386.420013
15749.625000 651.605164 0.621000 386.524994
15753.375000 651.605164 0.621000 386.625000
15757.625000 651.605164 0.621000 386.726990
15772.750000 651.605164 0.621000 386.829010
15773.250000 651.605164 0.621000 386.924011
15775.250000 651.605164 0.627000 387.027008
15777.375000 651.605164 0.627000 387.127014
15783.000000 651.605164 0.627000 387.222992
15788.625000 651.605164 0.627000 387.329010
15789.500000 651.605164 0.627000 387.437012
15789.875000 651.607422 0.627000 387.622009
15791.750000 651.607422 0.627000 387.721985
15792.625000 651.672791 0.627000 387.826996
15793.625000 651.672791 0.627000 387.923004
15795.000000 651.672791 0.627000 388.022003
15795.250000 651.767639 0.601000 388.122009
15796.250000 651.767639 0.601000 388.235992
15796.250000 651.767639 0.601000 388.330994
15796.875000 651.968811 0.601000 388.424011
15797.125000 652.170959 0.601000 388.519012
15797.625000 652.170959 0.601000 388.623993
15798.500000 652.375061 0.601000 388.718994
15799.000000 652.576233 0.601000 388.824005
15799.125000 652.777344 0.601000 388.924011
15799.500000 652.986572 0.601000 389.019012
15803.375000 653.230103 0.624000 389.123993
15803.500000 653.430969 0.624000 389.218994
15803.500000 653.638916 0.624000 389.329987
15804.375000 653.840454 0.624000 389.468994
15804.625000 654.071167 0.624000 389.533997
15804.750000 654.272400 0.624000 389.634003
15805.250000 654.503479 0.624000 389.729004
15805.500000 654.704956 0.624000 389.838989
15805.750000 654.906189 0.624000 389.928986
15806.625000 655.107422 0.624000 390.033997
15819.625000 655.308655 0.610000 390.134003
15820.250000 655.514709 0.610000 390.234009
15821.000000 655.715942 0.610000 390.334015
15821.625000 655.917053 0.610000 390.438995
15821.875000 656.124390 0.610000 390.528992
15822.125000 656.325745 0.610000 390.622009
15823.500000 656.530579 0.610000 390.729004
15823.625000 656.737793 0.610000 390.821991
15823.875000 656.941040 0.610000 390.927002
15824.125000 657.142273 0.610000 391.027008
15826.125000 657.343506 0.638000 391.122986
15827.375000 657.548157 0.638000 391.226990
15827.625000 657.548157 0.638000 391.321991
15827.750000 657.755981 0.638000 391.428009
15828.750000 657.993713 0.638000 391.522003
15829.375000 658.215210 0.638000 391.622009
15829.625000 658.452332 0.638000 391.730011
15829.875000 658.653442 0.638000 391.829987
15830.000000 658.854858 0.638000 391.929993
15830.000000 659.056030 0.638000 392.029999
15832.125000 659.257324 0.596000 392.135010
15832.375000 659.471252 0.596000 392.226990
15832.500000 659.692566 0.596000 392.322998
15832.500000 659.893860 0.596000 392.427002
15832.500000 660.094727 0.596000 392.527008
15833.000000 660.295776 0.596000 392.622009
15833.250000 660.527161 0.596000 392.731995
15833.250000 660.728699 0.596000 392.832001
15833.250000 660.930115 0.596000 392.932007
15833.250000 661.131409 0.596000 393.028992
15835.125000 661.335022 0.608000 393.126007
15835.500000 661.540771 0.608000 393.218994
15835.875000 661.744690 0.608000 393.320007
15836.000000 661.945984 0.608000 393.424988
15836.375000 662.147583 0.608000 393.528992
15836.500000 662.348450 0.608000 393.619995
15836.625000 662.549500 0.608000 393.725006
15836.875000 662.750610 0.608000 393.820007
15837.125000 662.951660 0.608000 393.924988
15837.125000 663.152832 0.585000 394.024994
15837.875000 663.354004 0.585000 394.125000
15838.500000 663.555359 0.585000 394.225006
15838.750000 663.756775 0.585000 394.325012
15838.875000 663.957886 0.585000 394.424988
15839.000000 664.166687 0.585000 394.533997
15839.250000 664.369629 0.585000 394.630005
15842.250000 664.569763 0.585000 394.734985
15842.500000 664.569763 0.585000 394.829987
15843.625000 664.774597 0.585000 394.937012
15844.250000 665.001160 0.585000 395.027008
15848.625000 665.206909 0.592000 395.127991
15850.125000 665.454285 0.592000 395.243011
15851.625000 665.655457 0.592000 395.342987
15852.250000 665.655457 0.592000 395.442993
15853.375000 665.860046 0.592000 395.542999
15854.250000 666.268433 0.592000 395.661011
15855.125000 666.268433 0.592000 395.746002
15856.000000 666.698914 0.592000 395.937988
15856.375000 666.946411 0.592000 396.037994
15857.375000 667.163818 0.588000 396.138000
15859.500000 667.378906 0.588000 396.234009
15861.500000 667.590149 0.588000 396.343994
15862.500000 667.797363 0.588000 396.438995
15863.500000 668.203491 0.588000 396.640991
15867.375000 668.404419 0.588000 396.734009
15871.250000 668.605652 0.588000 396.838989
15872.125000 668.807129 0.588000 396.940002
15873.500000 669.008789 0.588000 397.033997
15880.500000 669.222168 0.593000 397.140015
15883.500000 669.424133 0.593000 397.234985
15885.000000 669.631226 0.593000 397.337006
15886.250000 669.834351 0.593000 397.434998
15888.250000 670.237000 0.593000 397.635010
15893.500000 670.437195 0.593000 397.743011
15897.500000 670.437195 0.593000 397.834991
15898.500000 670.641235 0.593000 397.937988
15900.250000 670.841309 0.583000 398.138000
15902.125000 671.042114 0.583000 398.239990
15904.375000 671.246338 0.583000 398.334991
15908.000000 671.447754 0.583000 398.434998
15910.500000 671.656006 0.583000 398.535004
15912.875000 671.859131 0.583000 398.643005
15917.500000 672.059998 0.583000 398.743011
15920.500000 672.267273 0.583000 398.834991
15922.625000 672.480530 0.583000 398.940002
15930.000000 672.687622 0.594000 399.135010
15936.875000 672.889954 0.594000 399.242004
15943.375000 673.118774 0.594000 399.332001
15949.250000 673.331970 0.594000 399.432007
15957.250000 673.533142 0.594000 399.532013
15964.375000 673.734375 0.594000 399.636993
15968.000000 673.945557 0.594000 399.737000
15973.500000 674.150513 0.594000 399.832001
15979.500000 674.361694 0.594000 399.932007
15984.000000 674.588989 0.594000 400.032013
15990.000000 674.800049 0.711000 400.136993
15996.000000 675.224548 0.711000 400.347992
15999.375000 675.430786 0.711000 400.432007
16005.375000 675.634033 0.711000 400.542999
16011.000000 675.835632 0.711000 400.641998
16014.625000 676.036621 0.711000 400.742004
16017.750000 676.237732 0.711000 400.842987
16022.375000 676.442932 0.711000 400.932007
16027.250000 676.651917 0.711000 401.032013
16036.000000 676.861389 0.601000 401.141998
16038.750000 677.071533 0.601000 401.237000
16046.125000 677.274841 0.601000 401.354004
16050.000000 677.274841 0.601000 401.437012
16052.125000 677.518372 0.601000 401.536987
16053.500000 677.727356 0.601000 401.643005
16056.125000 678.140076 0.601000 401.773010
16058.125000 678.140076 0.601000 401.852997
16062.375000 678.552429 0.601000 402.045990
16068.500000 678.799988 0.618000 402.151001
16072.500000 679.028564 0.618000 402.251007
16075.625000 679.239929 0.618000 402.346008
16078.750000 679.441284 0.618000 402.446014
16081.375000 679.642517 0.618000 402.550995
16083.500000 679.851990 0.618000 402.640015
16086.625000 680.055115 0.618000 402.740997
16095.500000 680.266052 0.618000 402.841003
16097.875000 680.475281 0.618000 402.934998
16102.000000 680.676514 0.618000 403.035004
16106.875000 680.877930 0.596000 403.140015
16109.875000 681.078735 0.596000 403.239990
16112.000000 681.280212 0.596000 403.345001
16114.125000 681.481323 0.596000 403.440002
16115.125000 681.682739 0.596000 403.540009
16119.375000 681.886230 0.596000 403.640015
16126.500000 682.089600 0.596000 403.739990
16131.625000 682.089600 0.596000 403.845001
16136.500000 682.287720 0.596000 403.951996
16140.000000 682.449341 0.596000 404.041992
16145.500000 682.574280 0.617000 404.153992
16147.625000 682.714600 0.617000 404.346985
16149.375000 682.747131 0.617000 404.451996
16149.750000 682.750793 0.617000 404.553986
16150.375000 682.750793 0.617000 404.647003
16165.000000 682.750793 0.617000 404.747009
16165.625000 682.750793 0.617000 404.852997
16167.250000 682.750793 0.617000 405.052002
16169.750000 682.750793 0.591000 405.256989
16170.125000 682.750793 0.591000 405.351990
16170.875000 682.750793 0.591000 405.447998
16174.500000 682.750793 0.591000 405.552002
16176.250000 682.750793 0.591000 405.671997
16177.250000 682.750793 0.591000 405.852997
16180.000000 682.750793 0.591000 405.953003
16181.625000 682.750793 0.591000 406.046997
16182.250000 682.750793 0.568000 406.147003
16182.750000 682.750793 0.568000 406.252991
16184.750000 682.750793 0.568000 406.355988
16185.500000 682.750793 0.568000 406.455994
16186.000000 682.750793 0.568000 406.558990
16188.750000 682.750793 0.568000 406.666992
16194.375000 682.750793 0.568000 406.747009
16195.000000 682.750793 0.568000 406.852997
16195.250000 682.750793 0.568000 406.957001
16197.500000 682.753052 0.568000 407.049988
16197.875000 682.753052 0.563000 407.147003
16198.500000 682.754517 0.563000 407.247009
16199.000000 682.754517 0.563000 407.356995
16199.875000 682.761658 0.563000 407.457001
16200.375000 682.761658 0.563000 407.561005
16201.250000 682.761658 0.563000 407.656006
16202.125000 682.761658 0.563000 407.756012
16202.750000 682.963684 0.563000 407.856995
16203.375000 682.963684 0.563000 407.946991
16204.125000 683.166138 0.563000 408.052002
16206.125000 683.370972 0.561000 408.147003
16207.375000 683.370972 0.561000 408.247009
16208.125000 683.574829 0.561000 408.351990
16209.500000 683.795044 0.561000 408.457001
16211.000000 684.016296 0.561000 408.549011
16213.000000 684.258118 0.561000 408.658997
16215.125000 684.459290 0.561000 408.752014
16217.875000 684.690430 0.561000 408.851990
16221.250000 684.891541 0.561000 408.951996
16223.250000 685.102844 0.568000 409.053986
16226.250000 685.303589 0.568000 409.147003
16228.250000 685.504822 0.568000 409.252014
16231.000000 685.727966 0.568000 409.346985
16233.625000 685.937134 0.568000 409.446991
16235.250000 686.138489 0.568000 409.556000
16236.875000 686.339966 0.568000 409.647003
16239.625000 686.541138 0.568000 409.752014
16241.875000 686.747864 0.568000 409.855988
16246.625000 686.953125 0.568000 409.951996
16249.625000 687.154358 0.568000 410.052002
16254.750000 687.355774 0.579000 410.147003
16259.875000 687.565491 0.579000 410.247009
16263.500000 687.768311 0.579000 410.346985
16268.000000 687.977844 0.579000 410.451996
16271.750000 688.178955 0.579000 410.566986
16274.750000 688.380432 0.579000 410.662994
16277.625000 688.585693 0.579000 410.759003
16282.875000 688.792908 0.579000 410.858002
16285.750000 689.000244 0.579000 410.955994
16288.875000 689.000244 0.579000 411.052002
16295.750000 689.227783 0.685000 411.156006
16300.875000 689.480164 0.685000 411.260986
16306.125000 689.711121 0.685000 411.360992
16309.625000 689.948364 0.685000 411.454987
16314.000000 690.171448 0.685000 411.559998
16319.250000 690.376648 0.685000 411.652008
16323.875000 690.577881 0.685000 411.752014
16329.375000 690.779053 0.685000 411.851990
16333.750000 690.980408 0.685000 411.963013
16338.625000 691.181702 0.610000 412.052002
16344.375000 691.389404 0.610000 412.161011
16350.625000 691.590637 0.610000 412.260986
16355.875000 691.792114 0.610000 412.365997
16359.875000 691.993347 0.610000 412.460999
16364.125000 692.194580 0.610000 412.556000
16368.250000 692.396057 0.610000 412.661011
16375.000000 692.597290 0.610000 412.765991
16381.375000 692.798401 0.610000 412.871002
16385.750000 693.000000 0.610000 412.960999
16392.250000 693.201111 0.610000 413.066010
16403.375000 693.402466 0.604000 413.161011
16410.750000 693.612305 0.604000 413.260986
16418.125000 693.813782 0.604000 413.360992
16425.625000 694.019226 0.604000 413.453003
16432.375000 694.222900 0.604000 413.553986
16442.250000 694.424255 0.604000 413.662994
16450.000000 694.633728 0.604000 413.757996
16458.375000 694.633728 0.604000 413.855988
16470.625000 694.877136 0.604000 413.963989
16480.500000 695.092773 0.604000 414.061005
16499.500000 695.294250 0.591000 414.161011
16514.375000 695.500305 0.591000 414.253998
16525.750000 695.725098 0.591000 414.354004
16539.375000 695.926331 0.591000 414.459015
16553.000000 696.177795 0.591000 414.549011
16564.125000 696.379028 0.591000 414.648987
16575.875000 696.579895 0.591000 414.764008
16588.250000 696.781067 0.591000 414.854004
16597.750000 696.990967 0.591000 414.963013
16608.500000 697.201843 0.591000 415.062988
16618.250000 697.413452 0.587000 415.167999
16627.500000 697.614685 0.587000 415.263000
16636.125000 697.815674 0.587000 415.363007
16644.000000 698.017029 0.587000 415.467987
16654.625000 698.224548 0.587000 415.550995
16663.375000 698.426086 0.587000 415.651001
16670.750000 698.627136 0.587000 415.751007
16679.250000 698.828674 0.587000 415.851013
16687.125000 699.031921 0.587000 415.962006
16694.000000 699.233276 0.587000 416.057007
16702.375000 699.434387 0.587000 416.152008
16721.375000 699.640564 0.681000 416.266998
16733.750000 699.640564 0.681000 416.356995
16745.875000 699.847412 0.681000 416.462006
16755.625000 700.053528 0.681000 416.562012
16764.000000 700.294983 0.681000 416.661987
16790.625000 700.516113 0.681000 416.761993
16797.500000 700.719788 0.681000 416.862000
16804.875000 700.926392 0.681000 416.962006
16811.125000 701.157898 0.681000 417.062012
16817.000000 701.359253 0.628000 417.166992
16822.500000 701.559998 0.628000 417.266998
16830.875000 701.761108 0.628000 417.362000
16837.625000 701.972351 0.628000 417.462006
16844.375000 702.173584 0.628000 417.562012
16849.625000 702.378967 0.628000 417.657990
16854.125000 702.581604 0.628000 417.760010
16858.875000 702.782959 0.628000 417.859985
16864.625000 702.984619 0.628000 417.950989
16868.125000 703.194214 0.628000 418.063995
16874.875000 703.395447 0.628000 418.164001
16880.250000 703.596680 0.678000 418.269012
16883.375000 703.805054 0.678000 418.368988
16888.250000 704.006409 0.678000 418.463989
16892.375000 704.207397 0.678000 418.563995
16894.750000 704.410645 0.678000 418.660004
16897.375000 704.611877 0.678000 418.760010
16901.625000 704.817139 0.678000 418.856995
16904.125000 705.022583 0.678000 418.963989
16907.375000 705.224121 0.678000 419.069000
16910.750000 705.429688 0.625000 419.165009
16913.625000 705.638733 0.625000 419.273010
16916.750000 705.638733 0.625000 419.359985
16919.750000 706.040894 0.625000 419.470001
16922.750000 706.241882 0.625000 419.570007
16925.625000 706.443359 0.625000 419.684998
16929.750000 706.845581 0.625000 419.869995
16932.500000 707.048706 0.625000 419.971008
16934.625000 707.048706 0.625000 420.062988
16936.875000 707.261597 0.625000 420.160004
16940.250000 707.518677 0.615000 420.264008
16943.500000 707.722229 0.615000 420.365997
16945.625000 707.941223 0.615000 420.464996
16950.875000 708.182739 0.615000 420.570007
16955.000000 708.414307 0.615000 420.674988
16957.250000 708.615173 0.615000 420.779999
16959.500000 708.816650 0.615000 420.875000
16961.250000 709.017944 0.615000 420.970001
16962.500000 709.229614 0.615000 421.071014
16964.125000 709.431213 0.656000 421.170013
16968.000000 709.640686 0.656000 421.274994
16970.375000 710.043152 0.656000 421.470001
16971.375000 710.244751 0.656000 421.575012
16973.875000 710.646851 0.656000 421.770996
16977.875000 710.848389 0.656000 421.868011
16979.625000 711.051514 0.656000 421.970001
16983.250000 711.260986 0.656000 422.065002
16985.125000 711.464111 0.669000 422.170013
16988.000000 711.673462 0.669000 422.265015
16990.500000 711.877136 0.669000 422.365997
16992.250000 712.080566 0.669000 422.467010
16993.750000 712.289917 0.669000 422.571014
16997.500000 712.491211 0.669000 422.670990
17001.000000 712.491211 0.669000 422.765991
17003.625000 712.692627 0.669000 422.865997
17005.875000 712.899963 0.669000 422.964996
17008.250000 713.107117 0.669000 423.066010
17010.500000 713.324158 0.660000 423.178986
17014.000000 713.560730 0.660000 423.265991
17016.000000 713.795166 0.660000 423.385986
17018.500000 713.996399 0.660000 423.472992
17021.125000 714.217651 0.660000 423.571014
17023.625000 714.418884 0.660000 423.671997
17026.375000 714.620117 0.660000 423.770996
17029.750000 714.821838 0.660000 423.875000
17034.500000 715.043518 0.660000 423.966003
17038.750000 715.244751 0.660000 424.071991
17043.375000 715.456238 0.644000 424.165985
17048.375000 715.659790 0.644000 424.264008
17054.875000 715.860657 0.644000 424.365997
17062.000000 716.061768 0.644000 424.463989
17071.750000 716.265015 0.644000 424.575012
17080.250000 716.476196 0.644000 424.669006
17091.750000 716.685669 0.644000 424.770996
17100.500000 716.886841 0.644000 424.873993
17109.500000 717.088196 0.644000 424.973999
17117.125000 717.289429 0.644000 425.074005
17125.625000 717.496399 0.651000 425.164001
17132.750000 717.697937 0.651000 425.273010
17138.500000 717.903381 0.651000 425.369995
17144.125000 717.903381 0.651000 425.462006
17150.750000 718.112549 0.651000 425.566986
17156.125000 718.350159 0.651000 425.671997
17161.875000 718.764832 0.651000 425.867004
17166.875000 718.974243 0.651000 425.973999
17170.125000 719.181335 0.651000 426.082001
17175.500000 719.406433 0.643000 426.171997
17181.500000 719.616211 0.643000 426.268005
17186.500000 719.824463 0.643000 426.369995
17190.250000 720.055908 0.643000 426.462006
17191.750000 720.257202 0.643000 426.566986
17194.500000 720.460327 0.643000 426.666992
17196.375000 720.661316 0.643000 426.773010
17200.500000 720.862793 0.643000 426.868011
17204.375000 721.064026 0.643000 426.972992
17206.375000 721.277283 0.643000 427.076996
17208.250000 721.484619 0.643000 427.166992
17210.125000 721.685913 0.643000 427.266998
17213.250000 721.887146 0.643000 427.376007
17221.500000 722.087280 0.785000 427.467987
17225.500000 722.289246 0.785000 427.569000
17229.000000 722.494385 0.785000 427.674011
17233.000000 722.701904 0.785000 427.766998
17235.875000 722.902649 0.785000 427.877014
17238.000000 723.103760 0.785000 427.976990
17241.250000 723.304626 0.785000 428.076996
17246.625000 723.505798 0.785000 428.167999
17251.500000 723.707336 0.785000 428.266998
17254.875000 723.908508 0.785000 428.371002
17270.500000 724.109619 0.668000 428.462006
17275.125000 724.109619 0.668000 428.566986
17279.000000 724.313843 0.668000 428.677002
17281.875000 724.518982 0.668000 428.766998
17284.875000 724.768005 0.668000 428.867004
17289.000000 724.969360 0.668000 428.967010
17290.375000 725.170410 0.668000 429.062012
17294.000000 725.383911 0.668000 429.161987
17296.000000 725.593262 0.668000 429.268005
17307.125000 725.794678 0.678000 429.364990
17309.125000 726.002686 0.678000 429.470001
17311.500000 726.203918 0.678000 429.571991
17315.125000 726.407288 0.678000 429.673004
17316.500000 726.614685 0.678000 429.770996
17319.625000 726.816162 0.678000 429.876007
17321.750000 727.017639 0.678000 429.976013
17323.875000 727.219116 0.678000 430.075989
17326.125000 727.424438 0.678000 430.162994
17328.750000 727.629761 0.678000 430.265015
17333.625000 727.629761 0.724000 430.363007
17337.125000 727.838806 0.724000 430.470001
17338.625000 728.246582 0.724000 430.579010
17341.750000 728.475647 0.724000 430.769012
17345.125000 728.707092 0.724000 430.875000
17346.250000 728.934631 0.724000 430.989990
17347.250000 729.137939 0.724000 431.070007
17349.500000 729.345581 0.724000 431.170990
17354.250000 729.763062 0.658000 431.375000
17359.875000 729.963623 0.658000 431.471985
17362.625000 730.164917 0.658000 431.571014
17364.000000 730.369141 0.658000 431.678009
17366.625000 730.574219 0.658000 431.779999
17369.500000 730.775452 0.658000 431.880005
17373.875000 730.775452 0.658000 431.975006
17376.875000 731.208496 0.658000 432.186005
17381.000000 731.641174 0.743000 432.375000
17383.125000 731.874756 0.743000 432.471008
17384.625000 732.081665 0.743000 432.570007
17386.750000 732.292908 0.743000 432.674988
17390.250000 732.705078 0.743000 432.869995
17393.375000 732.906555 0.743000 432.975006
17395.875000 733.108032 0.743000 433.070007
17397.875000 733.311279 0.743000 433.177002
17408.875000 733.723877 0.696000 433.369995
17410.750000 733.942200 0.696000 433.498993
17415.625000 733.942200 0.696000 433.579010
17418.750000 734.142944 0.696000 433.678986
17422.375000 734.344299 0.696000 433.783997
17425.875000 734.605774 0.696000 433.878998
17428.125000 734.809448 0.696000 433.970001
17430.250000 735.020874 0.696000 434.070007
17433.375000 735.225830 0.696000 434.187012
17442.500000 735.638306 0.661000 434.372009
17448.750000 735.638306 0.661000 434.471985
17451.625000 735.854858 0.661000 434.582001
17454.375000 736.078613 0.661000 434.671997
17457.375000 736.286316 0.661000 434.778992
17460.875000 736.286316 0.661000 434.878998
17464.125000 736.528381 0.661000 434.979004
17467.250000 736.728455 0.661000 435.071991
17471.625000 736.935608 0.666000 435.171997
17475.000000 737.136353 0.666000 435.272003
17479.125000 737.337646 0.666000 435.377014
17481.875000 737.538879 0.666000 435.476013
17484.000000 737.744080 0.666000 435.579010
17486.000000 737.957520 0.666000 435.671997
17488.875000 738.164734 0.666000 435.772003
17491.375000 738.373779 0.666000 435.872009
17494.500000 738.595093 0.666000 435.971985
17497.500000 738.812927 0.666000 436.079987
17499.500000 739.014282 0.666000 436.179993
17506.750000 739.223083 0.696000 436.281006
17514.125000 739.423584 0.696000 436.385986
17516.875000 739.423584 0.696000 436.471985
17520.500000 739.833923 0.696000 436.584991
17525.125000 739.833923 0.696000 436.671997
17527.250000 740.038818 0.696000 436.772003
17530.625000 740.239868 0.696000 436.875000
17534.000000 740.441223 0.696000 436.970001
17537.625000 740.650574 0.696000 437.071014
17549.000000 740.861816 0.672000 437.170013
17551.500000 741.120911 0.672000 437.274994
17554.000000 741.323975 0.672000 437.372009
17558.250000 741.547302 0.672000 437.481995
17562.125000 741.758667 0.672000 437.571991
17564.250000 741.959961 0.672000 437.679993
17571.500000 742.171204 0.672000 437.777008
17576.125000 742.375793 0.672000 437.873993
17579.000000 742.597595 0.672000 437.980988
17585.750000 743.001709 0.608000 438.179993
17590.625000 743.203186 0.608000 438.279999
17596.000000 743.410034 0.608000 438.377991
17600.625000 743.619324 0.608000 438.481995
17610.375000 743.820435 0.608000 438.576996
17619.125000 744.021912 0.608000 438.677002
17627.000000 744.223267 0.608000 438.781006
17635.750000 744.426270 0.608000 438.877991
17645.625000 744.633545 0.608000 438.980988
17654.625000 744.834778 0.608000 439.071014
17665.875000 745.035767 0.608000 439.170990
17676.750000 745.236755 0.608000 439.276001
17688.750000 745.443787 0.641000 439.376007
17698.000000 745.644287 0.641000 439.471008
17707.625000 745.845642 0.641000 439.571014
17718.000000 746.046814 0.641000 439.670990
17725.750000 746.252075 0.641000 439.782990
17733.500000 746.459595 0.641000 439.876007
17745.375000 746.459595 0.641000 439.971008
17754.125000 746.662659 0.641000 440.071014
17761.000000 746.910217 0.641000 440.177002
17768.500000 747.111450 0.641000 440.270996
17781.000000 747.334900 0.690000 440.372009
17786.750000 747.541321 0.690000 440.476990
17792.750000 747.762451 0.690000 440.576996
17800.000000 747.983704 0.690000 440.671997
17804.125000 748.187012 0.690000 440.777008
17811.250000 748.396362 0.690000 440.889008
17814.625000 748.816589 0.690000 441.080994
17818.375000 749.017761 0.690000 441.171997
17820.750000 749.223450 0.690000 441.278015
17831.125000 749.430359 0.655000 441.376007
17836.125000 749.639038 0.655000 441.471008
17841.500000 749.840576 0.655000 441.575989
17843.500000 750.041626 0.655000 441.681000
17848.000000 750.243164 0.655000 441.770996
17850.500000 750.444580 0.655000 441.890991
17855.500000 750.645569 0.655000 441.980988
17861.500000 751.048218 0.655000 442.182007
17866.125000 751.452148 0.655000 442.381012
17874.250000 751.653992 0.693000 442.484985
17880.250000 751.653992 0.693000 442.580994
17883.375000 751.874451 0.693000 442.677002
17885.750000 752.078125 0.693000 442.774994
17888.125000 752.279480 0.693000 442.875000
17891.625000 752.500488 0.693000 442.980011
17893.125000 752.762085 0.693000 443.079987
17895.500000 752.962769 0.693000 443.174988
17898.375000 753.163879 0.693000 443.274994
17901.375000 753.365295 0.678000 443.376007
17904.500000 753.575256 0.678000 443.475006
17907.250000 753.776428 0.678000 443.575012
17909.250000 753.977783 0.678000 443.674988
17911.125000 754.179016 0.678000 443.779999
17912.125000 754.379883 0.678000 443.875000
17913.500000 754.580994 0.678000 443.980011
17915.375000 754.782104 0.678000 444.084991
17916.375000 754.983337 0.678000 444.179993
17917.375000 755.188293 0.678000 444.279999
17919.250000 755.395813 0.678000 444.380005
17926.375000 755.599976 0.690000 444.480011
17929.500000 755.805725 0.690000 444.584991
17933.375000 756.214172 0.690000 444.779999
17935.875000 756.419495 0.690000 444.880005
17938.750000 756.620728 0.690000 444.988007
17942.375000 757.023193 0.690000 445.190002
17944.250000 757.224548 0.690000 445.286011
17946.000000 757.425903 0.690000 445.380005
17960.000000 757.425903 0.700000 445.480011
17963.000000 757.683472 0.700000 445.579987
17966.125000 757.895691 0.700000 445.679993
17969.250000 758.096985 0.700000 445.781006
17972.250000 758.298157 0.700000 445.880005
17974.250000 758.499695 0.700000 445.994995
17975.125000 758.703430 0.700000 446.085999
17977.375000 758.924683 0.700000 446.181000
17978.625000 759.125854 0.700000 446.286987
17983.125000 759.327271 0.619000 446.384003
17986.375000 759.561401 0.619000 446.479004
17987.875000 759.770508 0.619000 446.579987
17988.875000 759.975952 0.619000 446.684998
17989.875000 760.193176 0.619000 446.779999
17991.375000 760.398682 0.619000 446.878998
17992.875000 760.599854 0.619000 446.979004
17995.375000 760.805420 0.619000 447.087006
17997.500000 761.006714 0.619000 447.182007
18000.250000 761.207947 0.619000 447.282013
18001.250000 761.417542 0.739000 447.381012
18002.625000 761.629028 0.739000 447.481995
18004.875000 761.830261 0.739000 447.582001
18006.500000 761.830261 0.739000 447.681000
18007.500000 762.069824 0.739000 447.786011
18009.375000 762.270935 0.739000 447.881012
18010.750000 762.480286 0.739000 447.985992
18012.500000 762.685852 0.739000 448.080994
18014.875000 762.887207 0.739000 448.190002
18016.750000 763.094727 0.739000 448.290009
18018.375000 763.356506 0.650000 448.390015
18020.625000 763.577087 0.650000 448.494995
18023.625000 763.808350 0.650000 448.585999
18024.625000 764.011108 0.650000 448.681000
18025.250000 764.216370 0.650000 448.786987
18027.625000 764.419739 0.650000 448.884003
18029.875000 764.628601 0.650000 448.987000
18031.375000 764.829773 0.650000 449.088013
18032.875000 765.031006 0.650000 449.187988
18039.125000 765.241882 0.596000 449.289001
18040.625000 765.443604 0.596000 449.390015
18041.875000 765.651062 0.596000 449.483002
18043.500000 765.651062 0.596000 449.579010
18044.750000 765.853760 0.596000 449.678986
18046.375000 766.261475 0.596000 449.786987
18047.875000 766.462708 0.596000 449.886993
18049.875000 766.462708 0.596000 449.979004
18051.750000 766.869080 0.596000 450.088989
18054.500000 767.070312 0.618000 450.188995
18058.625000 767.070312 0.618000 450.278992
18062.750000 767.272095 0.618000 450.384003
18065.250000 767.473328 0.618000 450.484009
18066.125000 767.694458 0.618000 450.584991
18067.625000 767.913696 0.618000 450.678986
18069.125000 768.137024 0.618000 450.791992
18071.625000 768.589539 0.618000 450.989014
18073.000000 768.818604 0.618000 451.092987
18078.000000 769.019836 0.595000 451.192993
18080.125000 769.219849 0.595000 451.286011
18081.500000 769.426880 0.595000 451.384003
18083.625000 769.627930 0.595000 451.489990
18085.750000 769.829346 0.595000 451.579987
18089.125000 770.034424 0.595000 451.683990
18092.375000 770.235168 0.595000 451.790985
18095.375000 770.436279 0.595000 451.885986
18097.125000 770.645630 0.595000 451.989990
18098.875000 770.852905 0.595000 452.092987
18103.375000 771.054260 0.624000 452.197998
18104.875000 771.259094 0.624000 452.290009
18105.750000 771.468506 0.624000 452.384003
18106.125000 771.669617 0.624000 452.484009
18107.500000 771.870972 0.624000 452.588989
18109.375000 772.071960 0.624000 452.688995
18111.000000 772.272949 0.624000 452.794006
18112.125000 772.473938 0.624000 452.894012
18113.375000 772.675415 0.624000 452.993988
18115.250000 772.879028 0.624000 453.088989
18121.625000 773.082764 0.699000 453.283997
18124.875000 773.285889 0.699000 453.391998
18127.250000 773.513000 0.699000 453.485992
18130.750000 773.718445 0.699000 453.591003
18134.000000 773.921570 0.699000 453.684998
18136.500000 774.127258 0.699000 453.785004
18138.500000 774.340271 0.699000 453.880005
18140.000000 774.545227 0.699000 453.980011
18141.000000 774.758850 0.699000 454.080994
18146.750000 774.960144 0.612000 454.181000
18148.625000 775.184143 0.612000 454.289001
18149.250000 775.389832 0.612000 454.381012
18150.250000 775.591064 0.612000 454.481995
18151.250000 775.792175 0.612000 454.580994
18152.625000 775.999451 0.612000 454.686005
18155.000000 776.204590 0.612000 454.781006
18155.875000 776.412109 0.612000 454.889008
18156.875000 776.613647 0.612000 454.993988
18157.875000 776.834778 0.612000 455.088989
18164.750000 777.036377 0.604000 455.194000
18166.625000 777.244690 0.604000 455.299011
18168.250000 777.445923 0.604000 455.389008
18168.500000 777.646423 0.604000 455.489014
18169.000000 777.847717 0.604000 455.593994
18169.750000 778.049011 0.604000 455.694000
18171.000000 778.250671 0.604000 455.789001
18171.750000 778.451721 0.604000 455.889008
18173.125000 778.653015 0.604000 455.993988
18173.875000 778.854065 0.600000 456.093994
18176.000000 779.063965 0.600000 456.194000
18177.750000 779.265320 0.600000 456.294006
18178.500000 779.470642 0.600000 456.386993
18179.375000 779.672180 0.600000 456.487000
18179.750000 779.873413 0.600000 456.585999
18180.250000 780.074463 0.600000 456.699005
18181.250000 780.275818 0.600000 456.786011
18182.750000 780.479065 0.600000 456.885986
18183.875000 780.690491 0.600000 456.987000
18185.375000 780.899780 0.600000 457.085999
18189.000000 781.101196 0.640000 457.186005
18191.000000 781.306885 0.640000 457.289001
18191.750000 781.306885 0.640000 457.385986
18192.625000 781.542297 0.640000 457.493988
18193.500000 781.763733 0.640000 457.593994
18194.125000 782.001099 0.640000 457.694000
18195.875000 782.218445 0.640000 457.791992
18197.875000 782.425659 0.640000 457.894989
18207.125000 782.626770 0.640000 457.994995
18208.500000 782.838135 0.640000 458.095001
18209.500000 783.053406 0.679000 458.191010
18210.625000 783.262146 0.679000 458.290985
18211.000000 783.477478 0.679000 458.389008
18211.500000 783.686951 0.679000 458.488007
18212.125000 783.896362 0.679000 458.585999
18213.500000 784.097656 0.679000 458.686005
18214.875000 784.301086 0.679000 458.789001
18215.625000 784.510803 0.679000 458.885986
18216.250000 784.711548 0.679000 458.987000
18217.500000 784.912903 0.679000 459.087006
18218.750000 785.114197 0.679000 459.186005
18224.625000 785.315552 0.646000 459.290985
18225.750000 785.516296 0.646000 459.390991
18226.375000 785.717285 0.646000 459.485992
18227.000000 785.922607 0.646000 459.585999
18227.500000 786.129944 0.646000 459.686005
18229.375000 786.535950 0.646000 459.898010
18231.250000 786.535950 0.646000 459.985992
18232.125000 786.743225 0.646000 460.085999
18232.875000 787.145447 0.592000 460.191010
18234.625000 787.549683 0.592000 460.391998
18235.250000 787.549683 0.592000 460.487000
18236.000000 787.750427 0.592000 460.587006
18236.625000 787.966003 0.592000 460.694000
18237.500000 788.187561 0.592000 460.794006
18238.125000 788.388916 0.592000 460.894012
18239.000000 788.590393 0.592000 460.987000
18239.750000 788.792969 0.592000 461.096008
18243.625000 789.223267 0.616000 461.285004
18244.250000 789.432556 0.616000 461.397003
18244.875000 789.894287 0.616000 461.591003
18245.875000 790.103638 0.616000 461.684998
18246.250000 790.305237 0.616000 461.785004
18247.125000 790.506470 0.616000 461.894989
18248.250000 790.910461 0.616000 462.085999
18249.750000 791.115662 0.638000 462.186005
18251.000000 791.322754 0.638000 462.286011
18251.500000 791.525757 0.638000 462.391998
18252.375000 791.744873 0.638000 462.490997
18252.875000 791.744873 0.638000 462.587006
18253.500000 792.147705 0.638000 462.691010
18255.875000 792.357117 0.638000 462.799988
18257.125000 792.557983 0.638000 462.894989
18257.875000 792.759155 0.638000 462.994995
18258.875000 792.960693 0.638000 463.105011
18264.125000 793.161987 0.674000 463.200012
18265.250000 793.363098 0.674000 463.295013
18266.125000 793.564575 0.674000 463.394989
18267.000000 793.765808 0.674000 463.500000
18267.500000 793.765808 0.674000 463.593994
18268.125000 793.975403 0.674000 463.694000
18270.375000 794.267090 0.674000 463.794006
18271.625000 794.472107 0.674000 463.891998
18272.625000 794.703735 0.674000 463.985992
18273.750000 794.905029 0.674000 464.085999
18279.125000 795.113281 0.634000 464.184998
18280.125000 795.318054 0.634000 464.299011
18281.125000 795.519409 0.634000 464.394012
18282.000000 795.720520 0.634000 464.493988
18282.625000 795.923645 0.634000 464.584991
18283.250000 796.124817 0.634000 464.690002
18283.875000 796.325989 0.634000 464.791992
18284.625000 796.526733 0.634000 464.885010
18285.625000 796.727966 0.634000 464.984985
18286.625000 796.931091 0.634000 465.096008
18289.625000 797.131470 0.626000 465.196014
18290.000000 797.334717 0.626000 465.291992
18291.875000 797.535767 0.626000 465.385010
18292.750000 797.737000 0.626000 465.485992
18293.625000 797.938110 0.626000 465.584991
18294.250000 798.139465 0.626000 465.690002
18295.375000 798.340820 0.626000 465.795013
18295.625000 798.541809 0.626000 465.885986
18297.375000 798.742859 0.626000 465.984985
18298.500000 798.946472 0.626000 466.097992
18302.875000 799.156006 0.623000 466.190002
18304.125000 799.356750 0.623000 466.304993
18304.625000 799.557678 0.623000 466.385010
18305.500000 799.764282 0.623000 466.497986
18306.125000 799.965942 0.623000 466.597992
18309.750000 800.171448 0.623000 466.690002
18310.000000 800.171448 0.623000 466.790009
18311.625000 800.384277 0.623000 466.885010
18312.000000 800.614441 0.623000 466.984985
18331.500000 800.824219 0.494000 467.092987
18332.000000 801.040955 0.494000 467.192993
18332.875000 801.282837 0.494000 467.292999
18333.625000 801.484314 0.494000 467.398010
18334.250000 801.689514 0.494000 467.480011
18334.750000 801.890564 0.494000 467.589996
18335.375000 802.091858 0.494000 467.700012
18337.000000 802.501892 0.494000 467.894012
18337.875000 802.703247 0.494000 467.993988
18338.500000 802.904358 0.494000 468.093994
18340.875000 803.109741 0.619000 468.200989
18342.500000 803.314331 0.619000 468.295990
18344.250000 803.722900 0.619000 468.485992
18345.125000 803.932190 0.619000 468.595001
18346.000000 804.133423 0.619000 468.695007
18346.750000 804.334778 0.619000 468.795013
18347.875000 804.535889 0.619000 468.894989
18348.125000 804.741028 0.619000 469.037994
18355.375000 804.976135 0.609000 469.195007
18357.500000 805.188660 0.609000 469.287994
18358.750000 805.396423 0.609000 469.398010
18360.125000 805.597717 0.609000 469.497986
18362.000000 805.798889 0.609000 469.597992
18365.375000 805.999939 0.609000 469.692993
18366.875000 806.223328 0.609000 469.798004
18368.125000 806.438171 0.609000 469.898010
18369.375000 806.643860 0.609000 470.007996
18371.125000 806.850830 0.609000 470.091003
18375.875000 807.052429 0.583000 470.186005
18377.875000 807.270203 0.583000 470.286011
18379.875000 807.473206 0.583000 470.390991
18381.875000 807.674438 0.583000 470.493011
18385.250000 807.875610 0.583000 470.591003
18388.625000 808.080566 0.583000 470.697998
18391.500000 808.285645 0.583000 470.795013
18396.375000 808.489014 0.583000 470.885986
18401.375000 808.690063 0.583000 470.990997
18410.625000 808.891479 0.583000 471.085999
18423.750000 809.092712 0.603000 471.187988
18432.000000 809.299072 0.603000 471.294006
18439.750000 809.500549 0.603000 471.394012
18449.000000 809.701965 0.603000 471.493988
18459.750000 809.911560 0.603000 471.588013
18468.125000 810.114685 0.603000 471.688995
18476.875000 810.114685 0.603000 471.787994
18491.500000 810.323853 0.603000 471.888000
18506.625000 810.545654 0.603000 471.987000
18522.000000 810.750977 0.603000 472.087006
18537.000000 810.953918 0.527000 472.196991
18550.875000 811.180237 0.527000 472.300995
18563.750000 811.380981 0.527000 472.398987
18574.875000 811.588074 0.527000 472.490997
18587.750000 811.813721 0.527000 472.585999
18602.750000 812.017029 0.527000 472.686005
18613.375000 812.226257 0.527000 472.786011
18625.125000 812.467957 0.527000 472.886993
18636.750000 812.669250 0.527000 472.985992
18648.500000 812.884521 0.527000 473.091003
18659.750000 813.093933 0.673000 473.186005
18672.625000 813.303650 0.673000 473.317993
18682.625000 813.505066 0.673000 473.397003
18694.375000 813.706238 0.673000 473.487000
18703.500000 813.913635 0.673000 473.595001
18715.125000 814.114746 0.673000 473.695007
18724.875000 814.315979 0.673000 473.795013
18734.875000 814.517334 0.673000 473.894989
18744.500000 814.718323 0.673000 473.994995
18757.000000 814.919800 0.673000 474.095001
18765.000000 815.125366 0.673000 474.191986
18771.250000 815.326477 0.671000 474.286987
18779.250000 815.527710 0.671000 474.386993
18785.625000 815.728699 0.671000 474.487000
18800.500000 815.930664 0.671000 474.587006
18814.500000 815.930664 0.671000 474.687012
18823.125000 816.117798 0.671000 474.786987
18830.500000 816.322021 0.671000 474.891998
18839.250000 816.322021 0.671000 474.992004
18844.625000 816.549805 0.671000 475.092010
18851.875000 816.757385 0.671000 475.207001
18879.500000 816.757385 0.671000 475.296997
18887.500000 816.985535 0.671000 475.397003
18896.375000 817.186951 0.671000 475.497009
18903.125000 817.186951 0.671000 475.605011
18908.625000 817.393921 0.671000 475.695007
18918.125000 817.612549 0.671000 475.795013
18927.125000 817.822144 0.671000 475.885010
18935.375000 818.023376 0.671000 475.984985
18946.375000 818.234924 0.671000 476.084991
18954.750000 818.435547 0.671000 476.200012
18971.375000 818.657043 0.678000 476.295013
18981.125000 818.867004 0.678000 476.394989
18994.125000 819.068359 0.678000 476.494995
19003.250000 819.269714 0.678000 476.595001
19013.750000 819.471191 0.678000 476.695007
19025.625000 819.672424 0.678000 476.795013
19035.875000 819.873413 0.678000 476.894989
19042.375000 820.074768 0.678000 476.994995
19048.500000 820.276001 0.678000 477.095001
19056.875000 820.479492 0.678000 477.186005
19064.625000 820.680603 0.710000 477.286011
19073.750000 820.884155 0.710000 477.386993
19084.875000 821.095520 0.710000 477.487000
19092.125000 821.299072 0.710000 477.597992
19105.500000 821.299072 0.710000 477.686005
19115.000000 821.508118 0.710000 477.786011
19123.000000 821.717651 0.710000 477.885986
19136.000000 821.920959 0.710000 477.985992
19145.750000 822.192444 0.710000 478.089996
19154.750000 822.397461 0.710000 478.194000
19164.125000 822.618591 0.710000 478.299011
19170.500000 822.860352 0.744000 478.394012
19180.250000 823.067810 0.744000 478.487000
19188.125000 823.268982 0.744000 478.589996
19195.500000 823.469971 0.744000 478.687012
19208.375000 823.671326 0.744000 478.791992
19218.875000 823.872559 0.744000 478.889008
19229.875000 824.079956 0.744000 479.005005
19236.750000 824.285156 0.744000 479.088013
19244.500000 824.486145 0.744000 479.187988
19252.500000 824.687500 0.744000 479.289001
19262.000000 824.888855 0.744000 479.386993
19271.125000 825.092102 0.725000 479.493011
19281.500000 825.301270 0.725000 479.587006
19293.125000 825.504761 0.725000 479.687012
19300.625000 825.714294 0.725000 479.791992
19308.875000 825.915222 0.725000 479.886993
19317.625000 826.116394 0.725000 479.987000
19327.625000 826.325684 0.725000 480.110992
19334.250000 826.527100 0.725000 480.196014
19343.625000 826.728394 0.725000 480.295990
19351.375000 826.929382 0.725000 480.395996
19362.750000 827.130249 0.685000 480.496002
19377.875000 827.331604 0.685000 480.605988
19386.500000 827.532715 0.685000 480.696014
19396.125000 827.733948 0.685000 480.795990
19405.375000 827.935059 0.685000 480.901001
19418.250000 828.136292 0.685000 480.990997
19428.625000 828.345520 0.685000 481.100006
19437.375000 828.345520 0.685000 481.188995
19446.875000 828.554993 0.685000 481.283997
19455.875000 828.766296 0.688000 481.384003
19470.750000 829.019531 0.688000 481.489014
19481.000000 829.225281 0.688000 481.584015
19490.875000 829.430542 0.688000 481.687012
19501.625000 829.651550 0.688000 481.794006
19510.125000 829.858948 0.688000 481.886993
19521.250000 830.064331 0.688000 481.993988
19530.750000 830.281860 0.688000 482.087006
19540.875000 830.483093 0.688000 482.187012
19552.375000 830.691833 0.688000 482.295013
19563.875000 830.899048 0.688000 482.385986
19587.375000 831.113953 0.712000 482.490997
19602.625000 831.313965 0.712000 482.588013
19615.625000 831.527588 0.712000 482.691986
19627.000000 831.739380 0.712000 482.786011
19640.250000 831.948547 0.712000 482.885986
19651.000000 832.149902 0.712000 482.985992
19661.500000 832.351135 0.712000 483.087006
19672.875000 832.552429 0.712000 483.186005
19685.750000 832.755493 0.712000 483.286011
19696.125000 832.964478 0.712000 483.385986
19707.000000 833.167419 0.700000 483.487000
19722.000000 833.376526 0.700000 483.591003
19739.625000 833.376526 0.700000 483.686005
19754.250000 833.778870 0.700000 483.790985
19763.875000 833.986511 0.700000 483.894012
19774.375000 833.986511 0.700000 483.985992
19784.750000 834.197571 0.700000 484.088989
19795.125000 834.412842 0.700000 484.196014
19809.250000 834.644043 0.700000 484.286011
19822.750000 834.875244 0.700000 484.385986
19833.750000 835.076294 0.700000 484.493011
19851.500000 835.281433 0.722000 484.602997
19867.500000 835.519775 0.722000 484.697998
19879.000000 835.731140 0.722000 484.792999
19888.750000 835.942200 0.722000 484.893005
19901.500000 836.153503 0.722000 484.985992
19914.500000 836.360718 0.722000 485.091003
19931.250000 836.561646 0.722000 485.186005
19947.125000 836.762878 0.722000 485.286011
19958.000000 836.966248 0.722000 485.385986
19971.625000 837.175293 0.722000 485.485992
19981.875000 837.376770 0.722000 485.585999
19999.000000 837.577332 0.705000 485.686005
20012.000000 837.778320 0.705000 485.790985
20025.500000 837.987305 0.705000 485.904999
20035.875000 838.188782 0.705000 485.984985
20049.750000 838.389954 0.705000 486.089996
20064.375000 838.596985 0.705000 486.197998
20077.250000 838.802368 0.705000 486.295013
20106.750000 839.013428 0.705000 486.394989
20124.250000 839.214478 0.705000 486.494995
20140.750000 839.214478 0.705000 486.584991
20152.500000 839.415466 0.714000 486.684998
20173.500000 839.619202 0.714000 486.790985
20193.125000 840.027405 0.714000 486.898987
20207.375000 840.228516 0.714000 486.998993
20221.125000 840.228516 0.714000 487.085999
20245.750000 840.433899 0.714000 487.186005
20270.500000 840.635254 0.714000 487.292999
20296.500000 840.882507 0.714000 487.393005
20313.500000 841.073792 0.714000 487.485992
20330.125000 841.073792 0.714000 487.584015
20340.375000 841.293518 0.714000 487.683990
20354.250000 841.293518 0.752000 487.783997
20365.125000 841.496948 0.752000 487.890015
20376.000000 841.496948 0.752000 487.989014
20387.375000 841.691528 0.752000 488.088989
20396.750000 841.691528 0.752000 488.183014
20403.875000 841.894287 0.752000 488.287994
20416.000000 841.894287 0.752000 488.385986
20426.125000 842.098022 0.752000 488.490997
20436.250000 842.301392 0.752000 488.589996
20446.125000 842.505188 0.752000 488.700989
20459.000000 842.706421 0.739000 488.795990
20469.125000 842.915710 0.739000 488.890991
20479.125000 843.117554 0.739000 488.989990
20490.750000 843.318787 0.739000 489.101013
20500.125000 843.520142 0.739000 489.190002
20512.500000 843.723755 0.739000 489.309998
20523.625000 843.932800 0.739000 489.390015
20533.250000 844.135681 0.739000 489.489990
20541.625000 844.336853 0.739000 489.601013
20550.500000 844.546021 0.739000 489.690002
20561.750000 844.749390 0.739000 489.790985
20567.250000 844.950867 0.744000 489.890991
20578.500000 845.152344 0.744000 490.001007
20588.625000 845.355469 0.744000 490.092010
20598.125000 845.355469 0.744000 490.190002
20608.250000 845.572693 0.744000 490.298004
20629.250000 845.779785 0.744000 490.398010
20640.500000 845.997375 0.744000 490.494995
20651.750000 846.225708 0.744000 490.597992
20661.875000 846.225708 0.744000 490.696991
20675.000000 846.429932 0.744000 490.796997
20683.875000 846.429932 0.685000 490.898010
20690.375000 846.647705 0.685000 490.989990
20700.500000 846.851685 0.685000 491.089996
20711.000000 847.058594 0.685000 491.190002
20723.875000 847.258972 0.685000 491.290009
20735.250000 847.460266 0.685000 491.390015
20746.375000 847.661377 0.685000 491.501007
20760.625000 847.862732 0.685000 491.605988
20773.625000 848.063660 0.685000 491.690002
20785.375000 848.264526 0.685000 491.795013
20798.000000 848.465637 0.710000 491.895996
20812.125000 848.666992 0.710000 491.989990
20825.875000 848.868164 0.710000 492.089996
20838.750000 849.069397 0.710000 492.190002
20850.750000 849.270935 0.710000 492.295990
20864.500000 849.472412 0.710000 492.390015
20877.500000 849.472412 0.710000 492.489990
20902.000000 849.677795 0.710000 492.589996
20916.125000 849.894714 0.710000 492.695007
20929.875000 850.098206 0.710000 492.790009
20944.875000 850.098206 0.689000 492.898010
20959.375000 850.349609 0.689000 492.989990
20974.500000 850.592224 0.689000 493.096985
20989.375000 850.813416 0.689000 493.190002
21002.125000 851.026855 0.689000 493.290009
21020.125000 851.234497 0.689000 493.395996
21035.750000 851.437866 0.689000 493.494995
21048.875000 851.641174 0.689000 493.601013
21063.000000 851.858398 0.689000 493.704010
21076.375000 852.061279 0.689000 493.804993
21088.625000 852.262390 0.689000 493.910004
21103.750000 852.471619 0.722000 494.003998
21119.750000 852.672974 0.722000 494.104004
21133.125000 852.874329 0.722000 494.204010
21147.250000 853.075684 0.722000 494.303986
21160.500000 853.277161 0.722000 494.403992
21175.750000 853.478516 0.722000 494.503998
21189.750000 853.679749 0.722000 494.604004
21205.125000 853.881104 0.722000 494.704010
21219.375000 854.084900 0.722000 494.795013
21234.250000 854.290039 0.722000 494.894989
21253.000000 854.496948 0.750000 494.998993
21265.125000 854.698242 0.750000 495.095001
21278.500000 854.899353 0.750000 495.195007
21292.750000 855.102722 0.750000 495.295990
21309.500000 855.305664 0.750000 495.407013
21328.500000 855.305664 0.750000 495.492004
21346.000000 855.607910 0.750000 495.596008
21365.500000 855.815857 0.750000 495.695007
21385.875000 856.017212 0.750000 495.795013
21403.000000 856.218567 0.750000 495.890015
21419.375000 856.419434 0.750000 495.997986
21434.125000 856.656921 0.748000 496.097992
21449.375000 856.868347 0.748000 496.199005
21464.125000 857.069641 0.748000 496.292999
21481.625000 857.274536 0.748000 496.395996
21505.125000 857.475769 0.748000 496.494995
21524.500000 857.678894 0.748000 496.596008
21544.375000 857.884033 0.748000 496.703003
21566.000000 858.085388 0.748000 496.808014
21581.875000 858.286621 0.748000 496.903015
21598.375000 858.491821 0.748000 496.994995
21617.750000 858.692749 0.748000 497.095001
21635.875000 858.893372 0.768000 497.209991
21654.375000 859.100647 0.768000 497.303009
21674.125000 859.306152 0.768000 497.394989
21698.750000 859.507263 0.768000 497.494995
21722.500000 859.708252 0.768000 497.595001
21742.250000 859.909180 0.768000 497.699005
21767.000000 860.112061 0.768000 497.795990
21786.250000 860.319092 0.768000 497.894989
21806.500000 860.520813 0.768000 497.993988
21832.250000 860.724487 0.768000 498.105011
21880.500000 860.925781 0.822000 498.194000
21904.625000 861.133789 0.822000 498.294006
21928.875000 861.133789 0.822000 498.390991
21950.375000 861.539978 0.822000 498.501007
21977.125000 861.744995 0.822000 498.613007
22002.375000 861.946106 0.822000 498.697998
22032.625000 862.147339 0.822000 498.803009
22087.500000 862.147339 0.822000 498.898010
22113.875000 862.363159 0.822000 499.002991
22141.750000 862.550720 0.822000 499.097992
22175.375000 862.729492 0.822000 499.191986
22194.750000 862.729492 0.884000 499.295990
22213.000000 862.903931 0.884000 499.395996
22227.375000 862.903931 0.884000 499.496002
22240.375000 863.038391 0.884000 499.605011
22253.125000 863.038391 0.884000 499.704987
22266.250000 863.038391 0.884000 499.792999
22283.375000 863.038391 0.884000 499.893005
22296.625000 863.257812 0.884000 499.997986
22313.750000 863.257812 0.884000 500.104004
22329.750000 863.464111 0.884000 500.192993
22351.125000 863.670776 0.884000 500.295013
22367.875000 863.887878 0.877000 500.393005
22388.750000 864.088684 0.877000 500.502991
22412.375000 864.299927 0.877000 500.608002
22433.375000 864.501038 0.877000 500.697998
22456.750000 864.702271 0.877000 500.798004
22473.000000 864.903381 0.877000 500.898010
22495.000000 865.108398 0.877000 500.997986
22515.750000 865.315613 0.877000 501.106995
22542.750000 865.531250 0.877000 501.196991
22565.750000 865.733032 0.877000 501.295013
22589.000000 865.934265 0.877000 501.394989
22607.750000 866.135376 0.874000 501.494995
22636.000000 866.343079 0.874000 501.608002
22656.500000 866.548401 0.874000 501.709991
22678.375000 866.753662 0.874000 501.802002
22698.875000 866.954712 0.874000 501.898010
22718.000000 867.161438 0.874000 502.005005
22740.250000 867.369263 0.874000 502.102997
22759.125000 867.570435 0.874000 502.197998
22779.250000 867.771729 0.874000 502.298004
22796.375000 867.977234 0.874000 502.399994
22815.500000 867.977234 0.874000 502.497986
22838.750000 868.234680 0.874000 502.604004
22859.500000 868.435974 0.843000 502.708008
22878.375000 868.646973 0.843000 502.798004
22898.500000 868.872559 0.843000 502.903015
22914.375000 869.079834 0.843000 502.997986
22935.875000 869.287598 0.843000 503.096008
22959.875000 869.539185 0.843000 503.207001
23010.000000 869.749329 0.843000 503.306000
23041.000000 869.941650 0.843000 503.407990
23080.625000 869.941650 0.843000 503.506012
23100.625000 870.128662 0.843000 503.600006
23127.250000 870.249146 0.843000 503.700989
23158.875000 870.343933 0.864000 503.799988
23172.375000 870.343933 0.864000 503.907990
23180.625000 870.343933 0.864000 504.000000
23186.875000 870.415466 0.864000 504.100006
23192.875000 870.415466 0.864000 504.205994
23206.000000 870.420349 0.864000 504.299988
23215.250000 870.420349 0.864000 504.410004
23224.500000 870.420349 0.864000 504.507996
23230.875000 870.469543 0.864000 504.605011
23237.125000 870.469543 0.864000 504.799988
23245.625000 870.469543 0.902000 504.904999
23257.500000 870.890808 0.902000 505.109985
23273.625000 870.890808 0.902000 505.214996
23296.750000 871.346497 0.902000 505.419006
23310.875000 871.549622 0.902000 505.505005
23329.875000 871.757019 0.902000 505.613007
23352.250000 871.968384 0.902000 505.717987
23368.750000 872.171997 0.902000 505.811005
23386.375000 872.373230 0.902000 505.903992
23408.000000 872.574219 0.902000 506.014008
23440.000000 872.780640 0.903000 506.109985
23463.875000 872.987976 0.903000 506.210999
23486.375000 872.987976 0.903000 506.311005
23505.625000 873.262268 0.903000 506.411011
23528.250000 873.469299 0.903000 506.505005
23548.250000 873.670654 0.903000 506.618011
23584.375000 873.902893 0.903000 506.709015
23613.750000 874.104797 0.903000 506.808990
23641.000000 874.104797 0.903000 506.911987
23663.625000 874.305603 0.903000 507.011993
23680.500000 874.506165 0.803000 507.112000
23694.875000 874.506165 0.803000 507.212006
23713.375000 874.697815 0.803000 507.312012
23729.375000 874.697815 0.803000 507.403992
23749.625000 874.898132 0.803000 507.503998
23766.125000 874.898132 0.803000 507.609009
23810.500000 875.144409 0.803000 507.716003
23875.750000 875.379639 0.803000 507.808990
23898.500000 875.560364 0.803000 507.903992
23932.500000 875.705627 0.803000 508.014008
23954.875000 875.705627 0.803000 508.109009
23974.875000 875.825317 0.803000 508.205994
23995.750000 875.907410 0.803000 508.303986
24025.250000 875.954834 0.864000 508.407990
24037.750000 875.954834 0.864000 508.502991
24049.000000 875.971191 0.864000 508.613007
24064.625000 875.971191 0.864000 508.708008
24068.625000 875.971191 0.864000 508.808014
24072.250000 875.971191 0.864000 508.907990
24077.000000 875.971191 0.864000 509.019989
24083.500000 875.972229 0.864000 509.102997
24093.500000 875.972229 0.864000 509.203003
24103.125000 875.972229 0.864000 509.303009
24111.000000 875.972229 0.864000 509.403015
24118.500000 876.177246 0.864000 509.507996
24144.375000 876.177246 0.972000 509.609009
24153.000000 876.392944 0.972000 509.717987
24161.750000 876.595093 0.972000 509.808990
24170.000000 876.796509 0.972000 509.917999
24180.625000 877.002625 0.972000 510.022003
24192.625000 877.203857 0.972000 510.127014
24209.125000 877.423645 0.972000 510.313995
24222.625000 877.630798 0.972000 510.415985
24236.250000 877.836121 0.972000 510.505005
24247.750000 878.055603 0.972000 510.605011
24261.000000 878.256836 0.894000 510.720001
24280.125000 878.734436 0.894000 510.904999
24291.500000 878.935669 0.894000 511.005005
24303.125000 879.143127 0.894000 511.113007
24314.250000 879.344421 0.894000 511.222992
24325.750000 879.545715 0.894000 511.317993
24337.750000 879.759399 0.894000 511.414001
24349.125000 879.964661 0.894000 511.529999
24363.625000 880.167725 0.894000 511.612000
24377.250000 880.369263 0.894000 511.717010
24387.375000 880.578613 0.894000 511.807007
24421.250000 880.787842 0.911000 511.916992
24433.125000 880.787842 0.911000 512.007996
24444.125000 881.074280 0.911000 512.106995
24453.875000 881.275146 0.911000 512.213013
24466.625000 881.480591 0.911000 512.318970
24482.375000 881.682190 0.911000 512.408020
24493.750000 881.883301 0.911000 512.507996
24512.250000 882.084106 0.911000 512.607971
24525.250000 882.291687 0.911000 512.708008
24540.250000 882.493896 0.911000 512.817017
24551.875000 882.493896 0.911000 512.911011
24563.375000 882.720886 0.977000 513.018005
24574.875000 882.922974 0.977000 513.117981
24591.125000 883.130737 0.977000 513.218018
24603.250000 883.333862 0.977000 513.307983
24615.250000 883.543091 0.977000 513.408020
24630.000000 883.764648 0.977000 513.518005
24643.500000 883.969727 0.977000 513.614990
24657.750000 884.174988 0.977000 513.716980
24668.250000 884.382263 0.977000 513.809998
24681.500000 884.587463 0.977000 513.916992
24695.875000 884.788818 0.977000 514.021973
24709.250000 884.996277 0.928000 514.104980
24726.500000 885.197083 0.928000 514.216003
24738.750000 885.398499 0.928000 514.314026
24754.250000 885.607605 0.928000 514.416016
24769.500000 885.808655 0.928000 514.508972
24783.750000 885.808655 0.928000 514.604980
24797.125000 886.215332 0.928000 514.710999
24812.625000 886.418335 0.928000 514.812012
24825.625000 886.621765 0.928000 514.913025
24845.000000 886.823120 0.928000 515.013000
24864.750000 887.024475 0.928000 515.117981
24879.250000 887.225769 0.928000 515.218018
24907.750000 887.225769 0.980000 515.310974
24924.500000 887.466431 0.980000 515.416016
24943.000000 887.675720 0.980000 515.505981
24960.750000 887.905090 0.980000 515.612976
24977.000000 888.146484 0.980000 515.716003
24993.500000 888.368042 0.980000 515.806030
25015.000000 888.569458 0.980000 515.911987
25031.375000 888.770813 0.980000 516.005981
25050.375000 888.972046 0.980000 516.111023
25078.000000 889.178833 0.980000 516.210999
25095.125000 889.384094 0.980000 516.306030
25109.250000 889.592957 0.980000 516.411011
25125.625000 889.798767 1.103000 516.518005
25138.250000 890.000000 1.103000 516.611023
25158.125000 890.207458 1.103000 516.705994
25178.375000 890.408691 1.103000 516.806030
25194.375000 890.617737 1.103000 516.919983
25207.000000 890.617737 1.103000 517.005981
25225.625000 891.023926 1.103000 517.117004
25245.375000 891.023926 1.103000 517.210999
25263.000000 891.275513 1.103000 517.315002
25277.875000 891.478455 1.103000 517.411987
25293.750000 891.685425 1.103000 517.513000
25311.875000 891.961548 1.103000 517.614990
25334.500000 892.169373 0.966000 517.708008
25365.250000 892.377319 0.966000 517.812988
25384.000000 892.581848 0.966000 517.919983
25397.250000 892.789429 0.966000 518.007996
25413.125000 892.990601 0.966000 518.112976
25430.625000 893.193787 0.966000 518.213013
25446.125000 893.397156 0.966000 518.315002
25464.750000 893.602295 0.966000 518.416992
25486.000000 893.803528 0.966000 518.517029
25506.000000 894.004761 0.966000 518.622009
25523.125000 894.205750 0.966000 518.721985
25561.500000 894.407043 0.931000 518.817017
25577.750000 894.615417 0.931000 518.916992
25598.750000 894.816772 0.931000 519.017029
25617.625000 895.018005 0.931000 519.127014
25634.125000 895.219360 0.931000 519.221985
25649.125000 895.422791 0.931000 519.320007
25663.875000 895.422791 0.931000 519.409973
25680.125000 895.680725 0.931000 519.507996
25695.500000 895.885925 0.931000 519.603027
25708.500000 896.087219 0.931000 519.708008
25722.250000 896.288818 0.931000 519.807983
25738.000000 896.494080 0.968000 519.913025
25752.875000 896.700867 0.968000 520.002991
25768.375000 896.942444 0.968000 520.112000
25782.625000 897.153687 0.968000 520.221985
25796.000000 897.372437 0.968000 520.322021
25811.125000 897.581787 0.968000 520.416016
25826.875000 897.786926 0.968000 520.507996
25837.875000 897.988159 0.968000 520.607971
25850.750000 898.193298 0.968000 520.715027
25865.875000 898.396606 0.968000 520.815979
25879.000000 898.601868 0.968000 520.918030
25890.250000 898.803345 0.968000 521.007996
25902.750000 899.004761 0.968000 521.117981
25929.125000 899.205383 0.938000 521.213013
25943.625000 899.412231 0.938000 521.317993
25957.625000 899.617371 0.938000 521.421021
25970.750000 899.818665 0.938000 521.526001
25983.125000 900.025757 0.938000 521.619019
25996.250000 900.227173 0.938000 521.718994
26009.500000 900.434204 0.938000 521.827026
26021.500000 900.637634 0.938000 521.913025
26034.625000 900.841248 0.938000 522.020020
26047.000000 901.044189 0.938000 522.114014
26062.375000 901.245300 0.938000 522.219971
26074.500000 901.446655 0.938000 522.317017
26131.125000 901.653320 0.970000 522.414001
26144.375000 901.859314 0.970000 522.518982
26157.000000 901.859314 0.970000 522.614014
26170.250000 902.261780 0.970000 522.718994
26182.375000 902.261780 0.970000 522.815002
26196.125000 902.465454 0.970000 522.914978
26206.500000 902.690857 0.970000 523.030029
26217.000000 902.935242 0.970000 523.122009
26225.125000 902.935242 0.970000 523.219971
26235.875000 903.139099 0.970000 523.317017
26242.500000 903.246216 0.970000 523.416992
26252.750000 903.337219 0.970000 523.528992
26259.250000 903.337219 1.053000 523.612000
26264.500000 903.372192 1.053000 523.731018
26277.625000 903.372192 1.053000 523.828979
26280.375000 903.402100 1.053000 524.020020
26283.125000 903.402100 1.053000 524.112976
26288.250000 903.402100 1.053000 524.216980
26297.000000 903.606873 1.053000 524.320984
26305.750000 903.606873 1.053000 524.426025
26315.500000 903.809387 1.053000 524.517029
26330.625000 904.036072 1.053000 524.617004
26343.250000 904.246094 1.053000 524.721008
26352.750000 904.451660 0.874000 524.812988
26366.125000 904.676453 0.874000 524.919983
26376.375000 904.885437 0.874000 525.013977
26387.875000 905.087036 0.874000 525.114014
26399.250000 905.287903 0.874000 525.213989
26413.000000 905.489075 0.874000 525.318970
26426.125000 905.692444 0.874000 525.419983
26439.500000 905.901794 0.874000 525.518982
26450.625000 906.102905 0.874000 525.619019
26461.625000 906.303223 0.874000 525.723999
26472.750000 906.505920 0.874000 525.820007
26486.375000 906.715271 0.874000 525.914001
26508.625000 906.916016 0.893000 526.013977
26522.750000 907.124512 0.893000 526.114014
26536.500000 907.328247 0.893000 526.223999
26548.875000 907.328247 0.893000 526.314026
26562.375000 907.537109 0.893000 526.414001
26577.625000 907.942261 0.893000 526.530029
26591.750000 907.942261 0.893000 526.619019
26604.875000 908.209839 0.893000 526.716003
26619.125000 908.413147 0.893000 526.815979
26631.625000 908.634766 0.893000 526.916992
26646.625000 908.835632 0.893000 527.018982
26661.250000 909.079224 0.893000 527.127991
26686.500000 909.296936 0.927000 527.223022
26701.250000 909.500916 0.927000 527.315979
26714.500000 909.702148 0.927000 527.424988
26729.125000 909.903137 0.927000 527.515015
26744.250000 910.104248 0.927000 527.625000
26766.125000 910.506775 0.927000 527.838013
26791.000000 910.928284 0.927000 528.020020
26806.125000 911.129578 0.927000 528.119995
26827.375000 911.330994 0.927000 528.219971
26846.750000 911.532288 0.927000 528.320007
26865.250000 911.733582 0.927000 528.419983
26884.250000 911.940491 0.922000 528.523010
26899.000000 912.143005 0.922000 528.619995
26912.875000 912.344238 0.922000 528.719971
26929.500000 912.545593 0.922000 528.825012
26950.250000 912.746582 0.922000 528.924988
26968.750000 912.947754 0.922000 529.025024
26985.000000 913.148621 0.922000 529.114990
27002.125000 913.349976 0.922000 529.219971
27015.750000 913.550781 0.922000 529.322021
27034.500000 913.751892 0.922000 529.421021
27051.250000 913.953064 0.922000 529.525024
27066.000000 914.154297 0.922000 529.614990
27081.625000 914.359863 0.922000 529.716980
27098.375000 914.567200 0.922000 529.820007
27128.500000 914.567200 1.067000 529.914978
27147.625000 914.776367 1.067000 530.020020
27167.250000 915.182983 1.067000 530.140015
27185.375000 915.182983 1.067000 530.223999
27201.375000 915.426514 1.067000 530.315002
27218.375000 915.635803 1.067000 530.419983
27235.625000 915.837524 1.067000 530.520020
27251.875000 916.048645 1.067000 530.625000
27273.625000 916.248779 1.067000 530.719971
27290.375000 916.458313 1.067000 530.820007
27303.250000 916.661987 1.067000 530.919983
27314.250000 916.661987 1.067000 531.020996
27328.000000 916.865479 1.067000 531.114990
27353.500000 916.865479 1.126000 531.224976
27363.250000 917.068420 1.126000 531.320007
27376.500000 917.270447 1.126000 531.424988
27390.500000 917.270447 1.126000 531.515015
27404.375000 917.495178 1.126000 531.616028
27416.875000 917.730408 1.126000 531.719971
27429.875000 917.931641 1.126000 531.835022
27441.750000 918.134766 1.126000 531.921021
27456.750000 918.343933 1.126000 532.015015
27471.625000 918.545166 1.126000 532.125000
27487.375000 918.796631 1.126000 532.219971
27499.750000 918.997803 1.126000 532.320007
27514.125000 919.198914 1.126000 532.419983
27529.875000 919.400146 1.126000 532.528992
27548.125000 919.611145 1.126000 532.630005
27576.750000 919.818481 1.390000 532.732971
27591.250000 920.028564 1.390000 532.828003
27605.875000 920.230042 1.390000 532.927979
27618.500000 920.431152 1.390000 533.028015
27629.750000 920.640686 1.390000 533.127014
27641.625000 920.841797 1.390000 533.226990
27655.000000 921.042908 1.390000 533.330017
27667.125000 921.252197 1.390000 533.426025
27679.750000 921.457703 1.390000 533.520020
27691.875000 921.658936 1.390000 533.622986
27705.250000 921.860168 1.390000 533.723022
27717.625000 922.067749 1.390000 533.820984
27730.750000 922.273010 1.390000 533.926025
27744.875000 922.273010 1.117000 534.015991
27754.000000 922.681152 1.117000 534.125977
27766.625000 922.681152 1.117000 534.221008
27780.375000 923.083618 1.117000 534.325989
27792.500000 923.083618 1.117000 534.418030
27805.875000 923.284546 1.117000 534.515991
27817.625000 923.487854 1.117000 534.622009
27828.750000 923.715820 1.117000 534.716003
27844.250000 923.928955 1.117000 534.830017
27855.000000 924.138794 1.117000 534.924988
27868.375000 924.138794 1.117000 535.025024
27885.750000 924.346008 1.117000 535.119995
27896.625000 924.346008 1.117000 535.216003
27905.375000 924.346008 1.021000 535.320984
27912.125000 924.550842 1.021000 535.427979
27918.125000 924.754822 1.021000 535.518005
27926.500000 924.754822 1.021000 535.619019
27936.500000 924.997253 1.021000 535.726990
27945.375000 925.201538 1.021000 535.827026
27956.000000 925.443054 1.021000 535.921997
27966.625000 925.648621 1.021000 536.018982
27989.625000 925.850037 1.021000 536.127014
28001.625000 926.053101 1.021000 536.223999
28012.625000 926.254150 1.021000 536.330994
28024.625000 926.455750 1.021000 536.429993
28035.250000 926.657104 1.021000 536.518982
28047.000000 926.865967 0.993000 536.635986
28060.000000 927.076172 0.993000 536.724976
28069.625000 927.285461 0.993000 536.825012
28082.375000 927.488892 0.993000 536.924011
28094.750000 927.698425 0.993000 537.023987
28107.500000 927.903564 0.993000 537.120972
28119.500000 928.108826 0.993000 537.223022
28131.500000 928.312073 0.993000 537.328979
28145.125000 928.513367 0.993000 537.424011
28156.125000 928.714722 0.993000 537.523987
28168.750000 928.916016 0.993000 537.624023
28181.875000 929.119385 0.993000 537.724976
28192.375000 929.119385 0.993000 537.818970
28214.875000 929.381348 0.958000 537.924011
28228.625000 929.617554 0.958000 538.026978
28240.250000 929.868042 0.958000 538.122009
28253.375000 930.069275 0.958000 538.226990
28268.125000 930.270508 0.958000 538.333008
28280.125000 930.471741 0.958000 538.432007
28290.625000 930.673035 0.958000 538.526978
28301.875000 930.880188 0.958000 538.625000
28313.250000 931.089417 0.958000 538.723999
28332.375000 931.290894 0.958000 538.828979
28347.500000 931.695923 0.958000 539.030029
28378.750000 931.904968 0.950000 539.129028
28396.125000 932.106079 0.950000 539.221008
28406.500000 932.308472 0.950000 539.328979
28414.250000 932.515869 0.950000 539.422974
28425.750000 932.721375 0.950000 539.533020
28434.625000 932.924988 0.950000 539.630005
28447.000000 933.126465 0.950000 539.729980
28457.625000 933.335815 0.950000 539.833984
28466.625000 933.335815 0.950000 539.922974
28475.750000 933.675537 0.950000 540.023010
28486.125000 933.876648 0.950000 540.122986
28497.000000 934.078247 0.950000 540.223022
28518.125000 934.303162 0.950000 540.344971
28526.125000 934.504395 1.026000 540.431030
28535.250000 934.709839 1.026000 540.538025
28546.125000 934.911560 1.026000 540.627991
28554.500000 935.112610 1.026000 540.728027
28563.750000 935.315674 1.026000 540.822998
28570.750000 935.525085 1.026000 540.918030
28579.625000 935.726440 1.026000 541.026001
28590.750000 935.927917 1.026000 541.124023
28599.500000 936.129150 1.026000 541.223022
28612.125000 936.531982 1.026000 541.424011
28621.375000 936.736084 1.026000 541.530029
28629.875000 936.942688 1.026000 541.622986
28640.125000 937.144043 1.026000 541.728027
28674.250000 937.144043 1.036000 541.822998
28682.625000 937.351868 1.036000 541.922974
28689.375000 937.559570 1.036000 542.025024
28695.500000 937.790894 1.036000 542.122986
28701.125000 937.990906 1.036000 542.232971
28708.625000 937.990906 1.036000 542.333008
28715.500000 938.202271 1.036000 542.437988
28719.875000 938.202271 1.036000 542.538025
28728.375000 938.202271 1.036000 542.638000
28732.250000 938.202271 1.036000 542.732971
28735.750000 938.367310 1.036000 542.833008
28738.750000 938.367310 1.036000 542.922974
28742.000000 938.375916 1.036000 543.031982
28743.125000 938.375916 1.036000 543.133972
28750.375000 938.375916 1.111000 543.223022
28755.000000 938.375916 1.111000 543.328979
28756.125000 938.375916 1.111000 543.431030
28757.750000 938.375916 1.111000 543.526001
28759.125000 938.375916 1.111000 543.624023
28763.375000 938.375916 1.111000 543.723022
28767.000000 938.585754 1.111000 543.822998
28773.000000 938.585754 1.111000 543.926025
28778.125000 938.786682 1.111000 544.023010
28784.250000 938.995422 1.111000 544.127991
28790.125000 939.198181 1.111000 544.223022
28796.500000 939.423279 1.111000 544.322021
28802.000000 939.636719 1.111000 544.431030
28814.250000 939.840698 0.996000 544.525024
28825.000000 940.048950 0.996000 544.622986
28830.625000 940.048950 0.996000 544.723022
28838.000000 940.256348 0.996000 544.823975
28843.000000 940.511047 0.996000 544.922974
28850.625000 940.714172 0.996000 545.025024
28856.750000 940.915283 0.996000 545.122986
28863.125000 941.118286 0.996000 545.223022
28869.625000 941.329529 0.996000 545.323975
28875.875000 941.532471 0.996000 545.424011
28882.625000 941.741760 0.996000 545.523987
28887.750000 941.943115 0.996000 545.619019
28901.375000 942.144775 0.918000 545.729004
28907.125000 942.346985 0.918000 545.818970
28912.125000 942.562317 0.918000 545.924011
28919.625000 942.765137 0.918000 546.018982
28925.875000 942.974487 0.918000 546.119995
28933.125000 943.177612 0.918000 546.228027
28939.375000 943.385315 0.918000 546.328003
28944.875000 943.596558 0.918000 546.432983
28951.250000 943.798096 0.918000 546.533020
28956.750000 943.999207 0.918000 546.632996
28964.000000 944.200623 0.918000 546.737976
28970.375000 944.401611 0.918000 546.833008
28977.125000 944.604858 0.918000 546.924011
28981.500000 944.806396 1.001000 547.023987
28986.875000 945.006653 1.001000 547.125977
28994.125000 945.213318 1.001000 547.231995
29001.125000 945.414612 1.001000 547.328979
29006.125000 945.615479 1.001000 547.432983
29011.500000 945.816223 1.001000 547.531982
29017.125000 946.017578 1.001000 547.642029
29025.375000 946.420044 1.001000 547.831970
29031.000000 946.621521 1.001000 547.932007
29037.250000 946.823120 1.001000 548.041992
29042.125000 947.024109 1.001000 548.132019
29048.250000 947.225220 1.001000 548.231995
29054.375000 947.426636 1.001000 548.343018
29063.000000 947.633423 0.978000 548.421997
29070.500000 947.835632 0.978000 548.521973
29076.500000 948.040710 0.978000 548.629028
29083.875000 948.242065 0.978000 548.729004
29092.625000 948.454895 0.978000 548.827026
29100.000000 948.656372 0.978000 548.931030
29104.625000 948.857666 0.978000 549.031006
29110.875000 949.065735 0.978000 549.135986
29117.875000 949.065735 0.978000 549.223022
29123.625000 949.267273 0.978000 549.322998
29130.000000 949.468567 0.978000 549.422974
29134.250000 949.690186 0.978000 549.528992
29141.000000 949.911438 0.978000 549.632996
29147.375000 950.203491 0.972000 549.732971
29152.750000 950.414856 0.972000 549.822998
29157.375000 950.616211 0.972000 549.927979
29162.375000 950.819519 0.972000 550.023010
29167.375000 951.020813 0.972000 550.122986
29174.875000 951.221497 0.972000 550.247986
29179.125000 951.634155 0.972000 550.424011
29189.875000 951.836487 0.972000 550.523987
29200.250000 952.026917 0.972000 550.624023
29206.500000 952.026917 0.972000 550.723999
29211.750000 952.213989 0.972000 550.823975
29215.875000 952.331604 0.972000 550.924011
29220.625000 952.415649 0.972000 551.031006
29225.250000 952.466187 0.945000 551.120972
29242.000000 952.485901 0.945000 551.221008
29245.750000 952.486023 0.945000 551.338989
29249.375000 952.486023 0.945000 551.429016
29250.500000 952.486023 0.945000 551.526001
29252.250000 952.486023 0.945000 551.622009
29253.250000 952.486023 0.945000 551.721008
29255.500000 952.486023 0.945000 551.830017
29256.500000 952.486023 0.945000 551.929993
29257.375000 952.486023 0.945000 552.026001
29258.750000 952.687561 0.945000 552.135986
29260.500000 952.687561 0.945000 552.221008
29262.750000 952.914673 0.945000 552.320984
29272.750000 953.119934 0.923000 552.422974
29276.500000 953.325134 0.923000 552.530029
29278.500000 953.533569 0.923000 552.620972
29281.875000 953.738892 0.923000 552.721008
29286.125000 953.956299 0.923000 552.828979
29291.375000 954.157593 0.923000 552.934021
29295.000000 954.381287 0.923000 553.044983
29300.000000 954.381287 0.923000 553.125000
29303.500000 954.586792 0.923000 553.224976
29306.750000 954.824219 0.923000 553.331970
29309.625000 955.066101 0.923000 553.424988
29312.750000 955.267578 0.923000 553.525024
29316.250000 955.472656 0.923000 553.632019
29323.875000 955.694031 0.914000 553.731995
29328.875000 955.912109 0.914000 553.831970
29333.000000 956.119324 0.914000 553.919983
29337.625000 956.320435 0.914000 554.020020
29342.625000 956.521729 0.914000 554.135986
29347.000000 956.723083 0.914000 554.224976
29351.125000 956.924500 0.914000 554.320007
29355.125000 957.125793 0.914000 554.419983
29359.375000 957.327087 0.914000 554.520020
29363.750000 957.528320 0.914000 554.624023
29369.375000 957.729370 0.914000 554.729980
29375.625000 957.930481 0.914000 554.825012
29381.625000 958.133728 0.914000 554.926025
29387.375000 958.336914 0.914000 555.031982
29406.625000 958.547363 0.901000 555.125000
29416.750000 958.754822 0.901000 555.232971
29423.250000 958.958130 0.901000 555.330994
29429.625000 959.167725 0.901000 555.429993
29435.625000 959.368896 0.901000 555.531006
29442.875000 959.572144 0.901000 555.630981
29448.500000 959.777588 0.901000 555.732971
29452.875000 959.979004 0.901000 555.828003
29457.500000 960.186157 0.901000 555.931030
29464.000000 960.389709 0.901000 556.031982
29469.500000 960.389709 0.901000 556.122986
29478.250000 960.656921 0.901000 556.229980
29484.500000 960.864258 0.901000 556.322998
29501.750000 961.065186 0.981000 556.432983
29509.000000 961.313904 0.981000 556.523010
29516.375000 961.534851 0.981000 556.627991
29523.500000 961.740356 0.981000 556.734985
29530.250000 961.941711 0.981000 556.822998
29535.125000 962.143188 0.981000 556.927979
29539.625000 962.346680 0.981000 557.033020
29545.125000 962.554077 0.981000 557.127991
29550.250000 962.763367 0.981000 557.223022
29554.500000 962.964478 0.981000 557.322998
29560.625000 963.165710 0.981000 557.431030
29565.750000 963.366943 0.981000 557.528015
29571.250000 963.570190 0.981000 557.627991
29577.750000 963.771545 0.987000 557.723999
29585.250000 963.972778 0.987000 557.828979
29595.500000 964.173767 0.987000 557.932007
29602.250000 964.375366 0.987000 558.023987
29607.500000 964.578979 0.987000 558.125977
29612.875000 964.788635 0.987000 558.224976
29618.625000 964.990173 0.987000 558.328979
29625.875000 965.191406 0.987000 558.429016
29633.500000 965.394958 0.987000 558.526001
29644.750000 965.604248 0.987000 558.633972
29653.000000 965.805359 0.987000 558.729004
29659.250000 966.006531 0.987000 558.823975
29666.125000 966.207581 0.987000 558.924011
29674.250000 966.408752 0.987000 559.023987
29694.750000 966.616333 0.981000 559.133972
29706.125000 966.818481 0.981000 559.239014
29715.500000 967.019958 0.981000 559.359009
29726.500000 967.422119 0.981000 559.539001
29733.250000 967.630432 0.981000 559.648987
29745.000000 967.630432 0.981000 559.739014
29753.250000 967.848389 0.981000 559.828979
29762.375000 968.055115 0.981000 559.955017
29770.875000 968.261658 0.981000 560.034973
29779.125000 968.499878 0.981000 560.143005
29786.250000 968.703247 0.981000 560.229004
29796.250000 968.922791 0.981000 560.353027
29804.000000 969.134033 0.981000 560.437988
29819.125000 969.340942 0.986000 560.536011
29829.750000 969.541016 0.986000 560.635986
29837.500000 969.748047 0.986000 560.739014
29846.875000 969.949585 0.986000 560.838989
29858.750000 970.150818 0.986000 560.943970
29868.625000 970.351685 0.986000 561.039001
29874.250000 970.553223 0.986000 561.143982
29882.750000 970.754639 0.986000 561.239014
29893.125000 970.957703 0.986000 561.338989
29906.500000 970.957703 0.986000 561.439026
29914.750000 971.164307 0.986000 561.539001
29928.500000 971.395142 0.986000 561.648987
29938.000000 971.601013 0.986000 561.749023
29946.500000 971.601013 0.986000 561.838989
29954.000000 971.804016 1.069000 561.937012
29961.250000 972.009033 1.069000 562.034973
29968.125000 972.213867 1.069000 562.133972
29975.750000 972.213867 1.069000 562.226013
29986.500000 972.627380 1.069000 562.340027
29993.500000 972.627380 1.069000 562.432983
30003.500000 972.853210 1.069000 562.533020
30013.375000 973.070312 1.069000 562.627991
30026.250000 973.315674 1.069000 562.732971
30041.750000 973.525696 1.069000 562.833008
30054.250000 973.692871 1.069000 562.927979
30071.125000 973.692871 1.069000 563.028992
30077.625000 973.843079 1.069000 563.150024
30083.375000 973.967285 1.069000 563.228027
30088.375000 973.967285 1.095000 563.333008
30103.375000 973.967285 1.095000 563.442993
30105.750000 974.071228 1.095000 563.528015
30109.625000 974.071228 1.095000 563.632019
30111.500000 974.071228 1.095000 563.737000
30114.250000 974.162048 1.095000 563.841980
30116.875000 974.162048 1.095000 563.942017
30121.750000 974.363831 1.095000 564.041992
30127.750000 974.363831 1.095000 564.129028
30131.250000 974.563965 1.095000 564.229004
30136.500000 974.563965 1.095000 564.328979
30140.500000 974.768921 1.095000 564.439026
30147.250000 974.977905 1.095000 564.533997
30156.625000 975.196411 1.095000 564.630005
30178.750000 975.405457 1.063000 564.734985
30186.625000 975.619019 1.063000 564.840027
30196.875000 975.828003 1.063000 564.945007
30203.750000 976.037292 1.063000 565.041016
30210.375000 976.238098 1.063000 565.140015
30216.250000 976.441101 1.063000 565.234985
30223.875000 976.646118 1.063000 565.348999
30229.500000 976.853394 1.063000 565.445007
30236.500000 977.062439 1.063000 565.534973
30244.125000 977.263733 1.063000 565.640015
30250.875000 977.466858 1.063000 565.736023
30256.750000 977.466858 1.063000 565.835022
30264.375000 977.764771 1.063000 565.943970
30270.375000 977.966003 1.013000 566.041992
30277.250000 978.172974 1.013000 566.146973
30284.375000 978.434448 1.013000 566.242004
30289.750000 978.645813 1.013000 566.346985
30294.625000 978.850769 1.013000 566.443970
30300.000000 979.055603 1.013000 566.536011
30305.250000 979.264832 1.013000 566.648010
30309.750000 979.466003 1.013000 566.736023
30314.125000 979.667419 1.013000 566.835999
30321.625000 979.868591 1.013000 566.934998
30325.250000 980.075806 1.013000 567.043030
30332.625000 980.277039 1.013000 567.143005
30339.000000 980.484497 1.013000 567.236023
30346.375000 980.685852 1.013000 567.341980
30357.625000 980.685852 1.023000 567.435974
30364.625000 980.892761 1.023000 567.536011
30369.125000 981.095276 1.023000 567.635986
30374.875000 981.497864 1.023000 567.745972
30380.000000 981.497864 1.023000 567.838013
30385.750000 981.773071 1.023000 567.937988
30390.625000 981.974365 1.023000 568.038025
30396.500000 982.187805 1.023000 568.140991
30402.375000 982.423279 1.023000 568.236023
30406.875000 982.645203 1.023000 568.341003
30411.250000 982.846375 1.023000 568.435974
30417.375000 983.047852 1.023000 568.551025
30423.875000 983.249084 1.023000 568.651001
30429.750000 983.460449 1.023000 568.745972
30473.625000 983.669800 1.140000 568.846008
30481.875000 983.870056 1.140000 568.945984
30486.625000 984.073425 1.140000 569.065979
30494.125000 984.475769 1.140000 569.255981
30499.625000 984.677002 1.140000 569.346008
30506.625000 984.878479 1.140000 569.445984
30511.625000 985.080017 1.140000 569.546021
30589.875000 985.289001 1.140000 569.651978
30596.625000 985.289001 1.140000 569.737000
30602.125000 985.471252 1.140000 569.836975
30613.500000 985.642578 1.140000 569.942017
30626.125000 985.760437 1.140000 570.041992
30631.500000 985.760437 1.140000 570.137024
30650.250000 985.869141 1.039000 570.237000
30653.750000 985.869141 1.039000 570.348022
30655.625000 985.960266 1.039000 570.437988
30658.875000 985.960266 1.039000 570.536987
30663.000000 985.960266 1.039000 570.637024
30666.625000 986.139893 1.039000 570.747009
30669.875000 986.139893 1.039000 570.836975
30673.750000 986.348938 1.039000 570.939026
30678.125000 986.553772 1.039000 571.044006
30682.625000 986.553772 1.039000 571.138977
30687.500000 986.768433 1.039000 571.244019
30692.125000 986.978516 1.039000 571.338989
30697.250000 987.179626 1.039000 571.440002
30701.750000 987.380859 1.039000 571.539001
30707.375000 987.611755 1.093000 571.640015
30712.125000 987.831299 1.093000 571.741028
30717.750000 988.032288 1.093000 571.838013
30721.875000 988.233459 1.093000 571.937988
30727.625000 988.434814 1.093000 572.038025
30732.625000 988.644409 1.093000 572.151978
30737.000000 988.875854 1.093000 572.237000
30740.875000 989.077087 1.093000 572.343018
30746.500000 989.290466 1.093000 572.437988
30752.125000 989.491821 1.093000 572.538025
30756.750000 989.697327 1.093000 572.645020
30762.500000 989.898682 1.093000 572.744019
30767.000000 990.099854 1.093000 572.838013
30781.750000 990.306580 1.059000 572.947998
30796.250000 990.512756 1.059000 573.039978
30801.750000 990.721558 1.059000 573.140015
30807.375000 990.932922 1.059000 573.247009
30811.250000 991.136169 1.059000 573.341980
30814.875000 991.337524 1.059000 573.447021
30819.500000 991.538757 1.059000 573.543030
30824.875000 991.746338 1.059000 573.640015
30831.250000 991.746338 1.059000 573.739990
30835.500000 991.947693 1.059000 573.841003
30842.000000 992.184692 1.059000 573.945007
30846.875000 992.472351 1.059000 574.041016
30853.500000 992.673401 1.059000 574.140015
30859.000000 992.876709 1.062000 574.247009
30867.875000 993.094727 1.062000 574.349976
30873.750000 993.295715 1.062000 574.450012
30881.375000 993.505066 1.062000 574.559021
30886.125000 993.706482 1.062000 574.648987
30896.750000 993.907593 1.062000 574.754028
30901.375000 994.116577 1.062000 574.843018
30907.375000 994.317993 1.062000 574.947998
30913.375000 994.525269 1.062000 575.046021
30919.875000 994.726624 1.062000 575.156006
30925.250000 994.928101 1.062000 575.255981
30932.500000 995.135681 1.062000 575.343994
30938.625000 995.135681 1.062000 575.437988
30944.625000 995.425537 1.062000 575.543030
30951.500000 995.626526 1.062000 575.638000
30968.000000 995.884644 1.195000 575.752014
30986.625000 996.090149 1.195000 575.841003
30991.750000 996.292847 1.195000 575.939026
30998.000000 996.495300 1.195000 576.044006
31003.375000 996.495300 1.195000 576.138977
31010.750000 996.904297 1.195000 576.258972
31018.375000 997.105530 1.195000 576.354004
31025.125000 997.306702 1.195000 576.450012
31032.625000 997.507812 1.195000 576.559021
31038.750000 997.717224 1.195000 576.663025
31045.500000 997.918701 1.195000 576.768005
31051.625000 998.119812 1.195000 576.853027
31056.250000 998.322937 1.195000 576.953979
31061.125000 998.523254 1.070000 577.054993
31067.500000 998.523254 1.070000 577.148987
31073.000000 998.954712 1.070000 577.265015
31077.750000 998.954712 1.070000 577.349976
31083.375000 999.155823 1.070000 577.448975
31090.875000 999.380859 1.070000 577.560974
31100.125000 999.790955 1.070000 577.760986
31107.375000 999.992065 1.070000 577.856018
31114.375000 1000.213196 1.070000 577.955994
31119.625000 1000.424683 1.070000 578.056030
31125.000000 1000.625916 1.070000 578.166016
31130.125000 1000.826782 1.070000 578.249023
31137.000000 1001.027710 1.113000 578.351013
31142.375000 1001.289124 1.113000 578.452026
31147.375000 1001.490295 1.113000 578.546021
31153.000000 1001.691650 1.113000 578.645996
31159.500000 1001.894531 1.113000 578.765991
31165.500000 1002.103577 1.113000 578.848022
31171.875000 1002.308533 1.113000 578.958008
31178.375000 1002.514099 1.113000 579.059998
31190.000000 1002.715332 1.113000 579.164978
31196.750000 1002.918945 1.113000 579.250977
31203.625000 1003.120300 1.113000 579.351013
31210.750000 1003.321533 1.113000 579.450989
31217.750000 1003.522522 1.113000 579.547974
31223.750000 1003.728333 1.113000 579.663025
31229.250000 1003.935730 1.219000 579.750977
31237.250000 1004.136475 1.219000 579.856018
31243.875000 1004.337097 1.219000 579.966003
31250.625000 1004.546814 1.219000 580.065002
31256.750000 1004.748230 1.219000 580.164978
31262.375000 1004.949341 1.219000 580.260010
31266.750000 1005.150696 1.219000 580.359985
31273.125000 1005.351929 1.219000 580.465027
31281.375000 1005.753967 1.219000 580.655029
31287.625000 1005.955078 1.219000 580.765015
31292.500000 1006.157959 1.219000 580.851013
31302.375000 1006.359680 1.219000 580.960999
31310.750000 1006.560730 1.219000 581.046021
31317.250000 1006.774109 1.219000 581.151978
31357.750000 1006.975098 1.253000 581.252014
31365.750000 1006.975098 1.253000 581.351990
31371.875000 1007.205078 1.253000 581.452026
31377.750000 1007.436340 1.253000 581.557007
31383.375000 1007.667847 1.253000 581.661987
31387.750000 1007.869080 1.253000 581.762024
31392.625000 1008.070190 1.253000 581.856995
31399.625000 1008.271545 1.253000 581.956970
31409.500000 1008.482910 1.253000 582.062012
31417.375000 1008.714783 1.253000 582.153992
31422.375000 1008.916016 1.253000 582.247009
31429.250000 1009.119141 1.253000 582.357971
31434.250000 1009.328369 1.253000 582.447021
31441.500000 1009.529785 1.253000 582.552002
31455.000000 1009.736023 1.234000 582.646973
31461.625000 1009.944702 1.234000 582.750977
31468.625000 1010.146301 1.234000 582.848022
31474.875000 1010.347351 1.234000 582.947021
31480.875000 1010.550232 1.234000 583.054016
31486.000000 1010.753418 1.234000 583.148010
31491.500000 1010.954956 1.234000 583.252991
31498.500000 1011.158203 1.234000 583.348022
31543.125000 1011.362549 1.234000 583.447998
31595.125000 1011.362549 1.234000 583.547974
31610.750000 1011.552917 1.234000 583.661011
31635.625000 1011.736206 1.234000 583.755981
31641.625000 1011.857666 1.234000 583.861023
31645.750000 1011.952148 1.234000 583.955994
31649.875000 1012.004578 0.000000 584.065979
31659.875000 1012.004578 0.000000 584.171021
31662.625000 1012.024170 0.000000 584.361023
31665.250000 1012.024170 0.000000 584.455994
31670.375000 1012.025818 0.000000 584.552979
31673.375000 1012.025818 0.000000 584.651978
31686.000000 1012.025818 0.000000 584.757996
31687.375000 1012.025818 0.000000 584.853027
31699.000000 1012.039246 0.000000 584.958008
31700.250000 1012.039246 0.000000 585.052002
31703.500000 1012.039246 0.000000 585.156006
31712.250000 1012.039246 0.000000 585.265991
31714.000000 1012.039246 0.000000 585.356018
31716.500000 1012.039246 0.000000 585.450989
31718.250000 1012.063904 0.000000 585.556030
31718.875000 1012.063904 0.000000 585.656982
31722.875000 1012.063904 0.000000 585.755981
31724.000000 1012.063904 0.000000 585.851013
31730.750000 1012.074646 0.000000 585.955994
31731.625000 1012.074646 0.000000 586.051025
31733.125000 1012.074646 0.000000 586.145996
31734.375000 1012.074646 0.000000 586.260986
31735.250000 1012.075623 0.000000 586.356018
31736.750000 1012.075623 0.000000 586.450989
31737.125000 1012.088440 0.000000 586.556030
31737.750000 1012.088440 0.000000 586.651001
31739.000000 1012.088440 0.000000 586.755981
31744.125000 1012.088440 0.000000 586.851013
31753.125000 1012.088440 0.000000 586.958984
31761.500000 1012.185181 0.000000 587.052002
31765.500000 1012.185181 0.000000 587.150024
31768.500000 1012.185181 0.000000 587.250000
31770.500000 1012.185181 0.000000 587.354980
31770.750000 1012.185181 0.000000 587.456970
31771.125000 1012.185181 0.000000 587.546997
31771.500000 1012.190979 0.000000 587.656982
31773.000000 1012.190979 0.000000 587.763000
31776.125000 1012.190979 0.000000 587.851990
31780.250000 1012.190979 0.000000 587.947021
31780.375000 1012.263489 0.000000 588.046997
31796.000000 1012.263489 0.000000 588.156006
31796.875000 1012.263489 0.000000 588.260010
31797.250000 1012.263489 0.000000 588.359985
31802.875000 1012.264526 0.000000 588.447998
31804.250000 1012.264526 0.000000 588.556030
31805.500000 1012.268799 0.000000 588.651001
31806.500000 1012.268799 0.000000 588.755981
31806.625000 1012.268799 0.000000 588.856018
31807.125000 1012.290039 0.000000 588.958008
31807.500000 1012.290039 0.000000 589.057007
31807.625000 1012.290039 0.000000 589.151978
31808.375000 1012.401306 0.000000 589.252014
31809.250000 1012.401306 0.000000 589.351990
31810.625000 1012.605957 0.000000 589.458008
31812.375000 1012.605957 0.000000 589.564026
31815.750000 1012.828369 0.000000 589.651001
31818.500000 1013.031677 0.000000 589.750977
31822.000000 1013.287964 0.000000 589.856018
31826.000000 1013.493042 0.000000 589.950989
31828.375000 1013.700562 0.000000 590.051025
31831.375000 1013.901611 0.000000 590.151001
31834.750000 1014.103027 0.000000 590.255981
31839.750000 1014.507751 0.000000 590.455994
31846.250000 1014.716614 0.000000 590.568970
31850.500000 1014.923096 0.000000 590.648987
31855.625000 1015.126343 0.000000 590.755005
31860.250000 1015.335754 0.000000 590.848999
31864.375000 1015.536987 0.000000 590.948975
31868.250000 1015.738220 0.000000 591.059998
31871.875000 1015.942139 0.000000 591.159973
31876.625000 1016.145264 0.000000 591.291016
31880.375000 1016.348755 0.000000 591.356018
31884.125000 1016.348755 0.000000 591.447021
31887.250000 1016.750366 0.000000 591.552002
31892.625000 1016.750366 0.000000 591.645996
31896.250000 1016.959778 0.000000 591.750977
31902.000000 1017.223938 0.000000 591.857971
31909.000000 1017.428162 0.000000 591.968018
31916.875000 1017.844543 0.000000 592.164978
31923.000000 1018.068298 0.000000 592.260986
31927.500000 1018.285889 0.000000 592.359009
31931.500000 1018.491028 0.000000 592.455994
31937.625000 1018.693909 0.000000 592.562012
31941.250000 1018.905457 0.000000 592.656006
31946.875000 1019.106689 0.000000 592.755981
31959.625000 1019.308167 0.000000 592.862976
31966.750000 1019.508789 0.000000 592.966980
31973.500000 1019.926025 0.000000 593.161011
31979.375000 1020.131165 0.000000 593.260010
31984.375000 1020.336182 0.000000 593.359009
31992.625000 1020.744690 0.000000 593.565979
31998.875000 1020.744690 0.000000 593.653015
32003.125000 1021.010376 0.000000 593.767029
32014.875000 1021.219727 0.000000 593.859985
32029.000000 1021.433472 0.000000 593.963013
32036.000000 1021.634216 0.000000 594.070984
32042.625000 1021.844055 0.000000 594.161011
32049.000000 1022.286743 0.000000 594.366028
32053.375000 1022.500549 0.000000 594.466980
32060.875000 1022.909363 0.000000 594.661011
32066.250000 1023.110535 0.000000 594.763000
32070.625000 1023.311829 0.000000 594.856995
32074.625000 1023.513123 0.000000 594.952026
32087.000000 1023.716492 0.000000 595.067017
32092.750000 1023.925110 0.000000 595.151978
32098.500000 1024.128052 0.000000 595.262024
32105.625000 1024.337646 0.000000 595.362000
32109.750000 1024.538574 0.000000 595.460022
32114.625000 1024.739746 0.000000 595.557007
32120.250000 1024.940308 0.000000 595.666992
32125.500000 1025.147583 0.000000 595.755981
32131.000000 1025.348999 0.000000 595.859985
32135.500000 1025.550293 0.000000 595.961975
32140.875000 1025.751465 0.000000 596.054993
32154.000000 1025.954834 0.000000 596.159973
32163.875000 1025.954834 0.000000 596.255005
32172.125000 1026.164429 0.000000 596.354980
32179.250000 1026.404175 0.000000 596.455017
32185.875000 1026.625488 0.000000 596.559998
32190.125000 1026.828491 0.000000 596.655029
32202.125000 1027.029785 0.000000 596.760010
32207.000000 1027.259033 0.000000 596.856018
32213.500000 1027.478882 0.000000 596.956970
32218.250000 1027.685913 0.000000 597.057007
32222.375000 1027.905029 0.000000 597.166016
32236.125000 1028.105347 0.000000 597.271973
32242.500000 1028.311768 0.000000 597.362000
32248.000000 1028.512939 0.000000 597.461975
32255.625000 1028.724121 0.000000 597.567017
32261.250000 1028.925293 0.000000 597.671997
32270.000000 1029.126587 0.000000 597.771973
32275.250000 1029.328003 0.000000 597.877014
32283.250000 1029.730835 0.000000 598.062012
32289.125000 1029.934082 0.000000 598.163025
32293.750000 1030.143677 0.000000 598.257019
32310.375000 1030.349487 0.000000 598.357971
32315.875000 1030.349487 0.000000 598.452026
32322.125000 1030.618896 0.000000 598.557983
32327.875000 1030.826172 0.000000 598.690002
32334.000000 1031.278809 0.000000 598.864990
32338.625000 1031.520630 0.000000 598.969971
32343.250000 1031.721924 0.000000 599.070007
32347.625000 1031.928955 0.000000 599.161987
32351.750000 1032.132202 0.000000 599.263977
32355.500000 1032.339478 0.000000 599.356995
32358.500000 1032.539673 0.000000 599.458008
32362.375000 1032.741089 0.000000 599.562988
32368.250000 1032.946167 0.000000 599.658997
32371.250000 1033.147217 0.000000 599.754028
32376.125000 1033.350098 0.000000 599.861023
32381.625000 1033.559448 0.000000 599.960999
32386.125000 1033.761108 0.000000 600.059021
32391.625000 1033.962402 0.000000 600.153992
32395.250000 1034.182129 0.000000 600.263000
32400.375000 1034.182129 0.000000 600.356018
32403.375000 1034.385498 0.000000 600.458984
32407.500000 1034.586670 0.000000 600.559021
32411.375000 1034.828247 0.000000 600.655029
32414.875000 1035.029541 0.000000 600.758972
32418.625000 1035.230225 0.000000 600.864990
32422.125000 1035.447144 0.000000 600.955017
32427.500000 1035.704712 0.000000 601.059998
32431.000000 1035.926147 0.000000 601.155029
32433.125000 1036.127808 0.000000 601.255005
32437.875000 1036.334839 0.000000 601.359985
32441.500000 1036.541260 0.000000 601.455017
32443.250000 1036.746582 0.000000 601.559998
32448.500000 1036.746582 0.000000 601.664001
32450.750000 1036.972534 0.000000 601.765015
32453.500000 1037.173462 0.000000 601.856018
32456.250000 1037.380005 0.000000 601.955017
32460.750000 1037.587769 0.000000 602.059998
32464.625000 1037.788940 0.000000 602.155029
32468.000000 1037.990356 0.000000 602.255005
32470.875000 1038.191528 0.000000 602.354980
32476.125000 1038.392822 0.000000 602.460022
32479.625000 1038.598022 0.000000 602.562012
32482.500000 1038.807983 0.000000 602.661987
32485.375000 1039.009155 0.000000 602.757019
32488.250000 1039.210571 0.000000 602.851990
32490.625000 1039.411987 0.000000 602.952026
32494.375000 1039.613281 0.000000 603.057007
32498.250000 1039.814697 0.000000 603.156982
32502.125000 1040.016357 0.000000 603.257019
32504.625000 1040.217407 0.000000 603.359009
32508.750000 1040.418335 0.000000 603.456970
32512.125000 1040.619629 0.000000 603.552002
32515.875000 1040.826782 0.000000 603.664978
32519.250000 1041.027832 0.000000 603.760010
32523.125000 1041.027832 0.000000 603.851990
32526.625000 1041.434326 0.000000 603.963013
32530.000000 1041.635742 0.000000 604.065002
32533.000000 1041.635742 0.000000 604.151978
32534.625000 1042.038208 0.000000 604.262024
32536.750000 1042.038208 0.000000 604.354980
32539.375000 1042.455200 0.000000 604.463989
32541.250000 1042.656372 0.000000 604.564026
32544.500000 1042.656372 0.000000 604.659973
32545.875000 1042.911377 0.000000 604.755005
32548.000000 1043.120728 0.000000 604.857971
32549.375000 1043.323975 0.000000 604.955017
32550.500000 1043.535400 0.000000 605.054993
32551.750000 1043.773071 0.000000 605.169006
32553.875000 1044.004639 0.000000 605.258972
32555.250000 1044.205444 0.000000 605.354980
32556.625000 1044.406372 0.000000 605.453979
32559.500000 1044.613770 0.000000 605.567017
32562.250000 1044.814819 0.000000 605.666992
32564.750000 1045.022461 0.000000 605.770020
32567.500000 1045.232178 0.000000 605.854980
32570.625000 1045.439697 0.000000 605.968018
32574.250000 1045.644897 0.000000 606.065002
32578.250000 1045.846069 0.000000 606.155029
32580.750000 1046.047363 0.000000 606.255005
32584.750000 1046.252319 0.000000 606.359985
32588.000000 1046.459961 0.000000 606.460022
32592.500000 1046.661011 0.000000 606.565002
32595.000000 1046.862183 0.000000 606.655029
32599.500000 1047.063354 0.000000 606.765015
32606.625000 1047.264893 0.000000 606.859985
32617.000000 1047.469727 0.000000 606.966980
32623.250000 1047.674805 0.000000 607.059998
32627.750000 1047.879883 0.000000 607.161987
32633.125000 1047.879883 0.000000 607.260010
32638.000000 1048.087280 0.000000 607.359985
32642.375000 1048.489380 0.000000 607.465027
32646.750000 1048.489380 0.000000 607.559998
32650.875000 1048.761230 0.000000 607.659973
32655.625000 1048.972534 0.000000 607.767029
32661.500000 1049.177612 0.000000 607.867004
32665.625000 1049.435181 0.000000 607.960022
32674.375000 1049.636475 0.000000 608.060974
32682.125000 1049.847290 0.000000 608.164978
32689.000000 1050.049072 0.000000 608.260010
32695.625000 1050.250244 0.000000 608.359985
32702.125000 1050.453979 0.000000 608.466003
32709.250000 1050.655396 0.000000 608.567993
32714.375000 1050.869019 0.000000 608.671997
32720.875000 1051.070312 0.000000 608.771973
32727.375000 1051.271240 0.000000 608.856995
32741.375000 1051.472290 0.000000 608.971985
32750.125000 1051.673462 0.000000 609.065002
32758.875000 1051.878418 0.000000 609.161987
32767.875000 1052.085571 0.000000 609.276978
32779.375000 1052.487793 0.000000 609.463989
32786.250000 1052.689087 0.000000 609.577026
32795.125000 1052.889282 0.000000 609.681030
32804.125000 1052.889282 0.000000 609.758972
32810.625000 1053.118408 0.000000 609.866028
32822.000000 1053.319702 0.000000 609.960999
32829.500000 1053.319702 0.000000 610.065002
32836.250000 1053.523560 0.000000 610.168030
32845.750000 1053.523560 0.000000 610.265991
32853.750000 1053.736450 0.000000 610.366028
32862.625000 1053.939331 0.000000 610.471008
32869.750000 1054.142456 0.000000 610.567993
32876.375000 1054.142456 0.000000 610.666016
32884.125000 1054.402588 0.000000 610.757996
32890.125000 1054.611938 0.000000 610.862976
32895.375000 1054.813477 0.000000 610.973022
32903.750000 1055.014648 0.000000 611.078003
32908.500000 1055.215942 0.000000 611.161011
32916.000000 1055.482910 0.000000 611.265991
32921.750000 1055.684204 0.000000 611.361023
32929.000000 1055.893799 0.000000 611.476013
32933.625000 1056.107056 0.000000 611.560974
32939.750000 1056.308350 0.000000 611.666016
32946.125000 1056.515747 0.000000 611.768982
32952.375000 1056.717285 0.000000 611.879028
32958.125000 1056.924805 0.000000 611.966980
32966.625000 1057.125977 0.000000 612.067017
32972.125000 1057.327271 0.000000 612.171997
32980.125000 1057.528564 0.000000 612.276978
32988.250000 1057.729858 0.000000 612.367004
32994.500000 1057.931030 0.000000 612.479980
33006.250000 1058.137817 0.000000 612.580017
33014.000000 1058.342041 0.000000 612.664978
33018.750000 1058.543457 0.000000 612.775024
33022.625000 1058.748779 0.000000 612.872009
33029.000000 1058.950073 0.000000 612.966980
33032.875000 1059.151245 0.000000 613.062012
33039.000000 1059.352417 0.000000 613.177002
33048.500000 1059.755005 0.000000 613.362000
33055.375000 1059.964722 0.000000 613.481018
33061.375000 1060.166138 0.000000 613.575989
33069.625000 1060.370483 0.000000 613.671021
33074.750000 1060.370483 0.000000 613.770996
33080.125000 1060.691406 0.000000 613.866028
33084.875000 1060.892212 0.000000 613.971008
33089.250000 1061.110107 0.000000 614.064026
33092.750000 1061.315552 0.000000 614.156006
33096.875000 1061.516968 0.000000 614.260986
33101.500000 1061.718262 0.000000 614.367004
33104.625000 1061.919434 0.000000 614.466003
33108.625000 1062.120605 0.000000 614.577026
33110.875000 1062.321167 0.000000 614.666016
33115.000000 1062.526489 0.000000 614.765015
33117.125000 1062.733643 0.000000 614.857971
33120.125000 1062.934814 0.000000 614.955994
33122.375000 1063.135864 0.000000 615.056030
33124.375000 1063.337036 0.000000 615.156982
33128.000000 1063.538330 0.000000 615.265991
33129.750000 1063.739868 0.000000 615.366028
33132.250000 1063.941284 0.000000 615.461975
33135.625000 1064.144775 0.000000 615.567017
33138.625000 1064.354126 0.000000 615.661987
33144.500000 1064.555054 0.000000 615.760986
33148.375000 1064.756714 0.000000 615.861023
33151.000000 1064.958130 0.000000 615.966980
33154.375000 1065.163574 0.000000 616.068970
33156.875000 1065.372925 0.000000 616.163025
33159.375000 1065.574463 0.000000 616.263000
33163.500000 1065.777222 0.000000 616.364014
33166.250000 1065.777222 0.000000 616.463013
33169.250000 1066.031006 0.000000 616.559998
33173.500000 1066.232056 0.000000 616.659973
33177.875000 1066.433228 0.000000 616.765015
33183.250000 1066.728882 0.000000 616.888000
33190.625000 1066.943115 0.000000 616.963013
33199.750000 1067.143799 0.000000 617.062988
33206.625000 1067.353271 0.000000 617.174011
33213.750000 1067.567139 0.000000 617.273010
33220.875000 1067.774536 0.000000 617.362976
33228.000000 1067.976318 0.000000 617.478027
33234.625000 1068.177734 0.000000 617.567993
33242.625000 1068.383179 0.000000 617.679993
33252.875000 1068.592896 0.000000 617.773987
33261.000000 1068.794189 0.000000 617.869019
33270.500000 1068.995361 0.000000 617.973999
33280.125000 1069.201904 0.000000 618.075012
33289.000000 1069.201904 0.000000 618.169983
33299.375000 1069.471680 0.000000 618.265015
33305.625000 1069.721313 0.000000 618.369995
33313.250000 1069.942993 0.000000 618.466003
33325.500000 1070.154175 0.000000 618.575989
33336.000000 1070.359741 0.000000 618.668030
33346.875000 1070.560913 0.000000 618.771973
33357.125000 1070.764282 0.000000 618.867981
33366.500000 1070.973389 0.000000 618.973022
33381.125000 1071.174805 0.000000 619.067993
33393.125000 1071.380981 0.000000 619.169983
33407.875000 1071.584106 0.000000 619.286011
33421.750000 1071.785278 0.000000 619.375977
33434.750000 1071.986328 0.000000 619.481018
33450.250000 1072.187988 0.000000 619.572021
33464.375000 1072.389526 0.000000 619.666992
33481.375000 1072.592773 0.000000 619.767029
33495.375000 1072.798340 0.000000 619.879028
33506.875000 1073.005615 0.000000 619.966980
33517.375000 1073.206909 0.000000 620.072021
33541.625000 1073.421021 0.000000 620.169983
33554.500000 1073.421021 0.000000 620.267029
33568.125000 1073.669067 0.000000 620.367981
33577.250000 1073.878540 0.000000 620.476013
33589.000000 1074.082031 0.000000 620.575012
33601.750000 1074.282715 0.000000 620.669983
33613.875000 1074.489746 0.000000 620.765015
33622.750000 1074.751099 0.000000 620.869995
33633.750000 1074.962646 0.000000 620.969971
33647.000000 1075.163818 0.000000 621.070007
33657.750000 1075.365112 0.000000 621.164978
33688.625000 1075.570679 0.000000 621.270020
33710.875000 1075.777466 0.000000 621.387024
33723.250000 1075.777466 0.000000 621.465027
33734.250000 1076.022705 0.000000 621.565002
33743.750000 1076.292969 0.000000 621.674988
33755.000000 1076.506104 0.000000 621.770996
33764.000000 1076.715088 0.000000 621.864990
33773.000000 1076.916626 0.000000 621.965027
33783.750000 1077.138062 0.000000 622.093018
33794.250000 1077.546509 0.000000 622.278015
33804.125000 1077.754028 0.000000 622.370972
33810.625000 1077.955078 0.000000 622.471008
33819.000000 1078.156494 0.000000 622.565979
33827.750000 1078.357666 0.000000 622.671021
33838.000000 1078.561035 0.000000 622.770996
33849.750000 1078.770996 0.000000 622.872009
33860.125000 1078.770996 0.000000 622.966980
33870.875000 1079.005249 0.000000 623.080994
33894.625000 1079.214355 0.000000 623.190002
33899.750000 1079.214355 0.000000 623.273010
33905.250000 1079.417725 0.000000 623.366028
33910.750000 1079.417725 0.000000 623.469971
33915.500000 1079.623047 0.000000 623.570007
33921.750000 1079.828369 0.000000 623.671021
33928.750000 1079.828369 0.000000 623.765015
33937.250000 1080.232300 0.000000 623.870972
33945.250000 1080.433716 0.000000 623.971008
33950.875000 1080.651001 0.000000 624.078979
33957.875000 1080.651001 0.000000 624.174011
33963.625000 1081.053223 0.000000 624.283997
33968.875000 1081.053223 0.000000 624.374023
33973.000000 1081.364502 0.000000 624.473999
33977.125000 1081.585938 0.000000 624.578979
33983.750000 1081.789062 0.000000 624.684021
33989.625000 1081.998535 0.000000 624.778992
33994.875000 1082.200195 0.000000 624.874023
34000.750000 1082.401733 0.000000 624.973999
34006.875000 1082.613037 0.000000 625.078979
34011.375000 1082.816528 0.000000 625.164978
34016.750000 1083.017822 0.000000 625.270020
34022.125000 1083.222778 0.000000 625.367004
34028.625000 1083.427979 0.000000 625.474976
34033.625000 1083.633789 0.000000 625.570007
34038.375000 1083.834717 0.000000 625.669983
34042.500000 1084.040039 0.000000 625.770996
34047.250000 1084.240967 0.000000 625.872986
34050.000000 1084.240967 0.000000 625.966003
34053.875000 1084.480469 0.000000 626.067017
34058.375000 1084.702271 0.000000 626.171021
34062.125000 1084.905518 0.000000 626.270996
34067.375000 1085.130493 0.000000 626.374023
34070.750000 1085.331543 0.000000 626.468994
34077.250000 1085.532104 0.000000 626.564026
34081.250000 1085.733276 0.000000 626.664001
34085.375000 1085.934570 0.000000 626.763000
34089.625000 1086.141968 0.000000 626.869019
34094.125000 1086.387085 0.000000 626.973999
34098.000000 1086.588257 0.000000 627.067993
34102.250000 1086.797363 0.000000 627.168030
34106.125000 1086.998535 0.000000 627.283020
34109.125000 1087.221558 0.000000 627.369019
34111.750000 1087.424805 0.000000 627.468018
34118.750000 1087.628296 0.000000 627.570984
34123.750000 1087.836304 0.000000 627.664978
34127.375000 1088.037598 0.000000 627.770020
34131.125000 1088.238770 0.000000 627.869995
34135.375000 1088.440063 0.000000 627.969971
34138.625000 1088.641357 0.000000 628.070007
34144.125000 1088.842651 0.000000 628.166016
34148.500000 1089.043457 0.000000 628.267029
34152.250000 1089.244507 0.000000 628.369995
34155.750000 1089.445923 0.000000 628.465027
34159.500000 1089.646851 0.000000 628.565002
34166.875000 1089.849609 0.000000 628.676025
34176.625000 1090.058594 0.000000 628.776001
34179.625000 1090.263916 0.000000 628.869995
34183.500000 1090.464966 0.000000 628.974976
34186.000000 1090.666138 0.000000 629.065002
34189.125000 1090.866821 0.000000 629.169983
34192.375000 1091.068115 0.000000 629.270020
34195.375000 1091.269043 0.000000 629.377991
34200.375000 1091.470215 0.000000 629.474976
34203.500000 1091.673218 0.000000 629.580994
34207.125000 1091.874756 0.000000 629.671021
34210.875000 1092.083984 0.000000 629.781982
34214.875000 1092.285034 0.000000 629.869995
34218.250000 1092.494751 0.000000 629.973999
34221.875000 1092.695801 0.000000 630.073975
34224.875000 1092.897095 0.000000 630.174011
34228.750000 1092.897095 0.000000 630.270020
34233.000000 1093.174072 0.000000 630.377014
34236.500000 1093.375366 0.000000 630.471985
34240.125000 1093.576416 0.000000 630.577026
34244.750000 1093.834229 0.000000 630.681030
34252.875000 1094.244507 0.000000 630.877991
34257.500000 1094.450439 0.000000 630.969971
34264.125000 1094.653076 0.000000 631.070007
34267.625000 1094.862427 0.000000 631.169983
34271.375000 1095.063721 0.000000 631.280029
34276.000000 1095.265625 0.000000 631.372986
34280.250000 1095.265625 0.000000 631.466003
34284.875000 1095.523682 0.000000 631.570007
34290.000000 1095.737427 0.000000 631.677002
34293.375000 1095.977173 0.000000 631.780029
34297.500000 1096.184692 0.000000 631.869995
34300.625000 1096.394287 0.000000 631.969971
34305.125000 1096.601440 0.000000 632.070007
34307.625000 1096.806641 0.000000 632.164978
34312.250000 1097.011963 0.000000 632.270020
34315.625000 1097.219116 0.000000 632.369995
34320.000000 1097.420288 0.000000 632.465027
34323.625000 1097.621582 0.000000 632.575012
34327.625000 1097.822754 0.000000 632.664978
34331.500000 1098.023804 0.000000 632.765015
34334.750000 1098.224854 0.000000 632.869995
34339.875000 1098.426147 0.000000 632.971985
34342.500000 1098.627319 0.000000 633.072021
34346.125000 1098.830933 0.000000 633.177979
34349.500000 1099.037720 0.000000 633.270996
34352.000000 1099.037720 0.000000 633.369995
34354.500000 1099.299316 0.000000 633.471008
34356.625000 1099.559204 0.000000 633.580017
34359.625000 1099.780396 0.000000 633.664978
34363.000000 1099.981689 0.000000 633.770996
34366.250000 1100.187012 0.000000 633.869995
34371.750000 1100.396729 0.000000 633.969971
34374.875000 1100.601074 0.000000 634.070007
34377.875000 1100.802490 0.000000 634.169983
34380.625000 1101.005859 0.000000 634.265015
34383.875000 1101.215454 0.000000 634.369995
34387.500000 1101.416870 0.000000 634.471008
34390.875000 1101.625854 0.000000 634.573975
34393.250000 1101.835205 0.000000 634.672974
34395.750000 1102.036255 0.000000 634.773010
34398.000000 1102.237549 0.000000 634.877991
34400.125000 1102.440918 0.000000 634.979004
34404.750000 1102.646729 0.000000 635.077026
34407.500000 1102.850220 0.000000 635.168030
34409.625000 1103.051636 0.000000 635.268005
34411.625000 1103.252930 0.000000 635.367981
34414.125000 1103.453979 0.000000 635.468018
34417.000000 1103.661621 0.000000 635.575989
34420.500000 1103.661621 0.000000 635.666016
34424.750000 1104.064087 0.000000 635.770996
34427.250000 1104.265259 0.000000 635.870972
34429.875000 1104.265259 0.000000 635.966003
34432.750000 1104.536743 0.000000 636.070984
34435.500000 1104.764038 0.000000 636.166016
34437.500000 1104.999390 0.000000 636.270996
34440.125000 1105.200439 0.000000 636.370972
34442.000000 1105.401733 0.000000 636.471008
34445.750000 1105.602539 0.000000 636.570984
34448.500000 1105.829590 0.000000 636.679016
34450.375000 1106.041016 0.000000 636.783997
34452.000000 1106.242310 0.000000 636.874023
34453.750000 1106.443237 0.000000 636.971985
34455.500000 1106.648682 0.000000 637.070984
34457.750000 1106.848999 0.000000 637.171021
34459.625000 1107.056152 0.000000 637.276001
34461.250000 1107.257324 0.000000 637.370972
34463.000000 1107.464844 0.000000 637.466003
34464.750000 1107.669922 0.000000 637.570984
34466.000000 1107.871216 0.000000 637.666016
34467.375000 1108.076294 0.000000 637.778015
34468.375000 1108.277466 0.000000 637.872986
34469.250000 1108.478271 0.000000 637.968018
34470.875000 1108.679443 0.000000 638.078979
34472.000000 1108.880737 0.000000 638.174011
34475.500000 1109.086182 0.000000 638.273987
34476.750000 1109.086182 0.000000 638.379028
34478.500000 1109.323853 0.000000 638.479004
34480.125000 1109.532959 0.000000 638.572998
34481.125000 1109.734253 0.000000 638.672974
34481.625000 1109.935181 0.000000 638.768005
34482.625000 1110.136597 0.000000 638.867981
34483.750000 1110.339844 0.000000 638.968018
34484.375000 1110.564819 0.000000 639.073975
34485.375000 1110.766357 0.000000 639.169983
34486.250000 1110.979614 0.000000 639.270020
34486.750000 1111.186646 0.000000 639.369995
34487.125000 1111.417847 0.000000 639.469971
34488.500000 1111.629150 0.000000 639.570984
34488.625000 1111.836548 0.000000 639.669983
34489.625000 1111.836548 0.000000 639.770020
34490.000000 1112.055176 0.000000 639.879028
34490.250000 1112.257568 0.000000 639.968994
34490.750000 1112.257568 0.000000 640.072998
34490.875000 1112.257568 0.000000 640.174011
34490.875000 1112.257568 0.000000 640.268982
34490.875000 1112.257568 0.000000 640.369019
34490.875000 1112.257568 0.000000 640.468994
34491.000000 1112.257568 0.000000 640.568970
34491.000000 1112.257568 0.000000 640.674011
34491.000000 1112.257568 0.000000 640.768982
34491.000000 1112.257568 0.000000 640.874023
34491.000000 1112.257568 0.000000 640.976990
34491.000000 1112.257568 0.000000 641.068970
34491.000000 1112.257568 0.000000 641.179993
34491.000000 1112.257568 0.000000 641.268982
34491.000000 1112.257568 0.000000 641.369995
34492.000000 1112.257568 0.000000 641.468994
34492.125000 1112.257568 0.000000 641.578003
34492.125000 1112.257568 0.000000 641.672974
34492.125000 1112.257568 0.000000 641.776001
34492.125000 1112.257568 0.000000 641.892029
34492.125000 1112.257568 0.000000 641.966980
34492.125000 1112.257568 0.000000 642.073975
34492.125000 1112.257568 0.000000 642.177979
34492.125000 1112.257568 0.000000 642.268005
34492.125000 1112.257568 0.000000 642.367981
34492.125000 1112.257568 0.000000 642.466003
34493.125000 1112.257568 0.000000 642.565979
34493.125000 1112.257568 0.000000 642.668030
34493.250000 1112.257568 0.000000 642.765991
34493.250000 1112.257568 0.000000 642.874023
34493.250000 1112.257568 0.000000 642.968018
34493.250000 1112.257568 0.000000 643.067993
34493.250000 1112.257568 0.000000 643.169006
34493.250000 1112.257568 0.000000 643.265015
34493.250000 1112.257568 0.000000 643.364990
34493.250000 1112.257568 0.000000 643.465027
34493.500000 1112.257568 0.000000 643.565002
34493.750000 1112.448486 0.000000 643.669983
34493.750000 1112.448486 0.000000 643.771973
34493.750000 1112.448486 0.000000 643.869019
34493.750000 1112.448486 0.000000 643.968018
34493.875000 1112.448486 0.000000 644.067017
34493.875000 1112.448486 0.000000 644.171997
34493.875000 1112.448486 0.000000 644.278015
34493.875000 1112.448486 0.000000 644.382019
34493.875000 1112.448486 0.000000 644.581970
34494.125000 1112.448486 0.000000 644.682007
34494.125000 1112.448486 0.000000 644.776978
34494.125000 1112.448486 0.000000 644.877014
34494.125000 1112.448486 0.000000 644.979980
34494.125000 1112.448486 0.000000 645.090027
34494.125000 1112.448486 0.000000 645.179993
34494.125000 1112.448486 0.000000 645.280029
34494.125000 1112.448486 0.000000 645.390015
34494.125000 1112.448486 0.000000 645.484985
34494.125000 1112.448486 0.000000 645.580994
34494.125000 1112.448486 0.000000 645.685974
34494.125000 1112.448486 0.000000 645.789978
34494.125000 1112.448486 0.000000 645.895996
34494.125000 1112.448486 0.000000 645.976013
34494.125000 1112.448486 0.000000 646.080994
34494.125000 1112.448486 0.000000 646.176025
34494.250000 1112.448486 0.000000 646.281006
34494.250000 1112.448486 0.000000 646.380981
34494.250000 1112.448486 0.000000 646.476013
34494.250000 1112.448486 0.000000 646.580994
34494.250000 1112.448486 0.000000 646.682007
34497.250000 1112.448486 0.000000 646.786011
34497.250000 1112.448486 0.000000 646.880981
34497.250000 1112.448486 0.000000 646.986023
34497.250000 1112.448486 0.000000 647.088989
34497.250000 1112.448486 0.000000 647.187988
34497.250000 1112.448486 0.000000 647.288025
34497.250000 1112.448486 0.000000 647.388000
34497.250000 1112.448486 0.000000 647.487976
34497.250000 1112.448486 0.000000 647.588013
34497.250000 1112.448486 0.000000 647.687988
34497.625000 1112.448486 0.000000 647.793030
34497.625000 1112.448486 0.000000 647.888000
34497.625000 1112.448486 0.000000 647.992981
34497.625000 1112.448486 0.000000 648.091980
34497.625000 1112.448486 0.000000 648.177979
34497.625000 1112.448486 0.000000 648.286011
34497.625000 1112.448486 0.000000 648.377991
34497.625000 1112.448486 0.000000 648.482971
34497.625000 1112.448486 0.000000 648.585999
34497.625000 1112.448486 0.000000 648.695984
34497.750000 1112.448486 0.000000 648.789001
34498.250000 1112.448486 0.000000 648.882996
34498.250000 1112.448486 0.000000 648.976013
34498.250000 1112.448486 0.000000 649.075989
34498.250000 1112.448486 0.000000 649.185974
34498.250000 1112.448486 0.000000 649.286987
34498.250000 1112.448486 0.000000 649.380981
34498.250000 1112.448486 0.000000 649.487976
34498.250000 1112.448486 0.000000 649.578003
34498.250000 1112.448486 0.000000 649.685974
34498.250000 1112.448486 0.000000 649.778015
34498.250000 1112.448486 0.000000 649.880005
34498.625000 1112.448486 0.000000 649.989014
34498.625000 1112.448486 0.000000 650.080017
34498.625000 1112.448486 0.000000 650.185974
34498.750000 1112.448486 0.000000 650.286011
34498.750000 1112.448486 0.000000 650.380981
34498.750000 1112.448486 0.000000 650.479980
34498.750000 1112.448486 0.000000 650.580017
34498.750000 1112.448486 0.000000 650.674988
34498.750000 1112.448486 0.000000 650.780029
34498.750000 1112.448486 0.000000 650.885986
34499.625000 1112.448486 0.000000 650.984985
34499.625000 1112.448486 0.000000 651.080017
34499.625000 1112.448486 0.000000 651.179993
34499.625000 1112.448486 0.000000 651.281982
34499.625000 1112.448486 0.000000 651.385010
34499.625000 1112.448486 0.000000 651.481018
34499.625000 1112.448486 0.000000 651.575012
34499.625000 1112.448486 0.000000 651.685974
34499.625000 1112.448486 0.000000 651.788025
34499.625000 1112.448486 0.000000 651.893005
34499.625000 1112.448486 0.000000 651.979980
34499.625000 1112.448486 0.000000 652.083008
34499.625000 1112.448486 0.000000 652.179993
34499.625000 1112.448486 0.000000 652.284973
34499.625000 1112.448486 0.000000 652.385986
34499.625000 1112.448486 0.000000 652.484985
34499.750000 1112.448486 0.000000 652.580017
34499.750000 1112.448486 0.000000 652.685974
34499.750000 1112.448486 0.000000 652.786011
34499.750000 1112.448486 0.000000 652.885986
34499.750000 1112.448486 0.000000 652.979980
34499.750000 1112.448486 0.000000 653.080017
34499.750000 1112.448486 0.000000 653.185974
34499.750000 1112.448486 0.000000 653.289978
34499.750000 1112.448486 0.000000 653.383972
34499.750000 1112.448486 0.000000 653.492004
34499.750000 1112.448486 0.000000 653.586975
34499.750000 1112.448486 0.000000 653.687012
34499.750000 1112.448486 0.000000 653.786987
34499.750000 1112.448486 0.000000 653.903015
34499.750000 1112.448486 0.000000 653.987976
34500.500000 1112.448486 0.000000 654.088013
34500.500000 1112.448486 0.000000 654.192993
34500.500000 1112.448486 0.000000 654.280029
34500.500000 1112.448486 0.000000 654.380005
34500.500000 1112.448486 0.000000 654.484985
34500.500000 1112.448486 0.000000 654.591980
34500.500000 1112.448486 0.000000 654.682983
34500.500000 1112.448486 0.000000 654.788025
34500.500000 1112.448486 0.000000 654.880005
34500.500000 1112.448486 0.000000 654.984985
34500.500000 1112.448486 0.000000 655.085022
34500.750000 1112.448486 0.000000 655.184998
34500.750000 1112.448486 0.000000 655.284973
34500.750000 1112.448486 0.000000 655.385010
34500.750000 1112.448486 0.000000 655.478027
34500.750000 1112.448486 0.000000 655.583008
34500.750000 1112.448486 0.000000 655.677979
34500.750000 1112.448486 0.000000 655.783020
34500.750000 1112.448486 0.000000 655.882996
34500.750000 1112.448486 0.000000 655.979980
34500.750000 1112.448486 0.000000 656.085999
34500.875000 1112.448486 0.000000 656.184998
34500.875000 1112.448486 0.000000 656.284973
34500.875000 1112.448486 0.000000 656.380005
34500.875000 1112.448486 0.000000 656.486023
34500.875000 1112.448486 0.000000 656.580017
34500.875000 1112.448486 0.000000 656.684998
34500.875000 1112.448486 0.000000 656.775024
34500.875000 1112.448486 0.000000 656.880981
34500.875000 1112.448486 0.000000 656.981018
34500.875000 1112.448486 0.000000 657.080017
34500.875000 1112.448486 0.000000 657.187988
34500.875000 1112.448486 0.000000 657.293030
34501.125000 1112.448486 0.000000 657.392029
34501.125000 1112.448486 0.000000 657.484009
34501.125000 1112.448486 0.000000 657.586975
34501.125000 1112.448486 0.000000 657.687012
34501.125000 1112.448486 0.000000 657.780029
34501.125000 1112.448486 0.000000 657.880005
34501.125000 1112.448486 0.000000 657.989014
34501.125000 1112.448486 0.000000 658.080017
34501.125000 1112.448486 0.000000 658.179016
34501.125000 1112.448486 0.000000 658.283997
34501.125000 1112.448486 0.000000 658.379028
34501.125000 1112.448486 0.000000 658.479004
34501.125000 1112.448486 0.000000 658.578979
34501.125000 1112.448486 0.000000 658.684998
34501.125000 1112.448486 0.000000 658.789978
34501.125000 1112.448486 0.000000 658.880005
34501.125000 1112.448486 0.000000 658.979980
34501.125000 1112.448486 0.000000 659.080017
34501.125000 1112.448486 0.000000 659.179993
34501.125000 1112.448486 0.000000 659.281006
34501.125000 1112.448486 0.000000 659.393005
34501.125000 1112.448486 0.000000 659.478027
34501.125000 1112.448486 0.000000 659.585999
34501.125000 1112.448486 0.000000 659.687012
34501.125000 1112.448486 0.000000 659.776001
34501.125000 1112.448486 0.000000 659.880981
34501.125000 1112.448486 0.000000 659.989990
34501.125000 1112.448486 0.000000 660.085022
34501.125000 1112.448486 0.000000 660.195007
34501.125000 1112.448486 0.000000 660.283997
34501.125000 1112.448486 0.000000 660.382996
34501.125000 1112.448486 0.000000 660.482971
34501.125000 1112.448486 0.000000 660.583008
34501.125000 1112.448486 0.000000 660.682983
34501.125000 1112.448486 0.000000 660.778015
34501.125000 1112.448486 0.000000 660.883972
34501.125000 1112.448486 0.000000 660.984009
34501.125000 1112.448486 0.000000 661.091980
34501.125000 1112.448486 0.000000 661.182007
34501.125000 1112.448486 0.000000 661.276978
34501.125000 1112.448486 0.000000 661.382019
34501.125000 1112.448486 0.000000 661.481995
34502.375000 1112.448486 0.000000 661.581970
34502.375000 1112.448486 0.000000 661.682007
34502.375000 1112.448486 0.000000 661.776978
34502.375000 1112.448486 0.000000 661.877014
34502.375000 1112.448486 0.000000 661.989014
34502.375000 1112.448486 0.000000 662.077026
34502.375000 1112.448486 0.000000 662.182007
34502.375000 1112.448486 0.000000 662.291992
34502.375000 1112.448486 0.000000 662.489014
34503.125000 1112.448486 0.000000 662.588989
34503.125000 1112.448486 0.000000 662.677002
34503.125000 1112.448486 0.000000 662.788025
34503.125000 1112.448486 0.000000 662.888000
34503.125000 1112.448486 0.000000 662.987976
34503.125000 1112.448486 0.000000 663.081970
34503.125000 1112.448486 0.000000 663.177002
34503.125000 1112.448486 0.000000 663.278015
34503.125000 1112.448486 0.000000 663.382019
34503.125000 1112.448486 0.000000 663.487000
34503.125000 1112.448486 0.000000 663.596008
34503.125000 1112.448486 0.000000 663.685974
34503.125000 1112.448486 0.000000 663.786987
34503.125000 1112.448486 0.000000 663.882019
34503.125000 1112.448486 0.000000 663.982971
34503.125000 1112.448486 0.000000 664.086975
34503.125000 1112.448486 0.000000 664.177979
34503.125000 1112.448486 0.000000 664.286987
34503.125000 1112.448486 0.000000 664.385986
34503.125000 1112.448486 0.000000 664.486023
34503.125000 1112.448486 0.000000 664.585999
34503.125000 1112.448486 0.000000 664.684998
34503.250000 1112.448486 0.000000 664.794983
34503.250000 1112.448486 0.000000 664.890015
34503.250000 1112.448486 0.000000 664.994995
34503.250000 1112.448486 0.000000 665.085022
34503.250000 1112.448486 0.000000 665.184998
34503.250000 1112.448486 0.000000 665.283997
34503.250000 1112.448486 0.000000 665.393982
34503.250000 1112.448486 0.000000 665.489014
34503.250000 1112.448486 0.000000 665.586975
34503.250000 1112.448486 0.000000 665.692017
34503.375000 1112.448486 0.000000 665.776978
34503.375000 1112.448486 0.000000 665.882019
34503.375000 1112.448486 0.000000 665.981995
34503.375000 1112.448486 0.000000 666.077026
34503.375000 1112.448486 0.000000 666.187012
34503.375000 1112.448486 0.000000 666.278015
34503.375000 1112.448486 0.000000 666.385010
34503.375000 1112.448486 0.000000 666.494995
34503.375000 1112.448486 0.000000 666.590027
34503.375000 1112.448486 0.000000 666.690002
34503.375000 1112.448486 0.000000 666.789978
34503.375000 1112.448486 0.000000 666.890015
34503.375000 1112.448486 0.000000 666.989990
34503.375000 1112.448486 0.000000 667.080017
34503.375000 1112.448486 0.000000 667.179993
34503.375000 1112.448486 0.000000 667.284973
34503.375000 1112.448486 0.000000 667.383972
34503.375000 1112.448486 0.000000 667.486023
34503.375000 1112.448486 0.000000 667.580017
34503.375000 1112.448486 0.000000 667.679993
34503.375000 1112.448486 0.000000 667.794983
34503.375000 1112.448486 0.000000 667.887024
34503.625000 1112.448486 0.000000 667.984985
34503.625000 1112.448486 0.000000 668.093018
34503.625000 1112.448486 0.000000 668.192993
34503.625000 1112.448486 0.000000 668.284973
34503.625000 1112.448486 0.000000 668.382019
34503.625000 1112.448486 0.000000 668.479980
34503.625000 1112.448486 0.000000 668.593018
34503.625000 1112.448486 0.000000 668.682983
34503.625000 1112.448486 0.000000 668.788025
34503.625000 1112.448486 0.000000 668.887024
34503.750000 1112.448486 0.000000 668.979980
34503.750000 1112.448486 0.000000 669.088013
34503.750000 1112.448486 0.000000 669.177979
34503.750000 1112.448486 0.000000 669.280029
34503.750000 1112.448486 0.000000 669.388977
34503.750000 1112.448486 0.000000 669.482971
34503.750000 1112.448486 0.000000 669.583984
34503.750000 1112.448486 0.000000 669.677979
34503.750000 1112.448486 0.000000 669.778015
34503.750000 1112.448486 0.000000 669.888977
34503.750000 1112.448486 0.000000 669.979004
34503.750000 1112.448486 0.000000 670.085999
34503.750000 1112.448486 0.000000 670.182983
34503.750000 1112.448486 0.000000 670.281006
34503.750000 1112.448486 0.000000 670.385986
34503.750000 1112.448486 0.000000 670.487000
34503.750000 1112.448486 0.000000 670.585999
34503.750000 1112.448486 0.000000 670.687988
34503.750000 1112.448486 0.000000 670.786011
34503.750000 1112.448486 0.000000 670.885986
34503.750000 1112.448486 0.000000 671.085999
34503.875000 1112.448486 0.000000 671.181030
34503.875000 1112.448486 0.000000 671.286011
34503.875000 1112.448486 0.000000 671.385986
34503.875000 1112.448486 0.000000 671.487000
34503.875000 1112.448486 0.000000 671.585999
34503.875000 1112.448486 0.000000 671.685974
34503.875000 1112.448486 0.000000 671.793030
34503.875000 1112.448486 0.000000 671.880981
34503.875000 1112.448486 0.000000 671.991028
34503.875000 1112.448486 0.000000 672.080994
34504.000000 1112.448486 0.000000 672.181030
34504.000000 1112.448486 0.000000 672.286987
34504.000000 1112.448486 0.000000 672.395020
34504.000000 1112.448486 0.000000 672.494995
34504.000000 1112.448486 0.000000 672.591003
34504.000000 1112.448486 0.000000 672.687012
34504.000000 1112.448486 0.000000 672.786011
34504.000000 1112.448486 0.000000 672.880981
34504.000000 1112.448486 0.000000 672.981018
34504.000000 1112.448486 0.000000 673.091003
34504.000000 1112.448486 0.000000 673.185974
34506.250000 1112.448486 0.000000 673.283020
34506.250000 1112.448486 0.000000 673.382996
34506.250000 1112.448486 0.000000 673.486023
34506.250000 1112.448486 0.000000 673.583984
34506.250000 1112.448486 0.000000 673.685974
34506.250000 1112.448486 0.000000 673.789001
34506.250000 1112.448486 0.000000 673.890991
34506.250000 1112.448486 0.000000 673.981018
34506.250000 1112.448486 0.000000 674.080994
34506.250000 1112.448486 0.000000 674.187012
34506.500000 1112.448486 0.000000 674.286011
34506.500000 1112.448486 0.000000 674.380981
34506.500000 1112.448486 0.000000 674.495972
34506.500000 1112.448486 0.000000 674.580994
34506.500000 1112.448486 0.000000 674.692017
34506.500000 1112.448486 0.000000 674.781006
34506.500000 1112.448486 0.000000 674.880981
34506.500000 1112.448486 0.000000 674.981995
34506.500000 1112.448486 0.000000 675.081970
34506.500000 1112.448486 0.000000 675.185974
34506.500000 1112.448486 0.000000 675.281006
34506.625000 1112.448486 0.000000 675.380981
34506.625000 1112.448486 0.000000 675.487000
34506.625000 1112.448486 0.000000 675.585999
34506.625000 1112.448486 0.000000 675.690002
34506.625000 1112.448486 0.000000 675.781982
34506.625000 1112.448486 0.000000 675.882996
34506.625000 1112.448486 0.000000 675.982971
34506.625000 1112.448486 0.000000 676.083984
34506.625000 1112.448486 0.000000 676.182983
34506.625000 1112.448486 0.000000 676.293030
34506.625000 1112.448486 0.000000 676.478027
34506.625000 1112.448486 0.000000 676.583984
34506.625000 1112.448486 0.000000 676.685974
34506.625000 1112.448486 0.000000 676.783020
34506.625000 1112.448486 0.000000 676.882996
34506.625000 1112.448486 0.000000 676.987976
34506.625000 1112.448486 0.000000 677.088013
34506.625000 1112.448486 0.000000 677.187988
34506.625000 1112.448486 0.000000 677.283020
34506.625000 1112.448486 0.000000 677.388000
34506.625000 1112.448486 0.000000 677.494019
34506.750000 1112.448486 0.000000 677.588989
34506.750000 1112.448486 0.000000 677.684998
34506.750000 1112.448486 0.000000 677.781982
34506.750000 1112.448486 0.000000 677.888977
34506.750000 1112.448486 0.000000 677.994019
34506.750000 1112.448486 0.000000 678.088989
34506.750000 1112.448486 0.000000 678.193970
34506.750000 1112.448486 0.000000 678.289001
34506.750000 1112.448486 0.000000 678.387024
34506.750000 1112.448486 0.000000 678.489990
34506.750000 1112.448486 0.000000 678.594971
34506.750000 1112.448486 0.000000 678.690002
34506.750000 1112.448486 0.000000 678.789978
34506.750000 1112.448486 0.000000 678.896973
34506.750000 1112.448486 0.000000 678.981995
34506.750000 1112.448486 0.000000 679.088013
34506.750000 1112.448486 0.000000 679.189026
34506.750000 1112.448486 0.000000 679.281982
34506.750000 1112.448486 0.000000 679.382019
34506.750000 1112.448486 0.000000 679.487976
34506.750000 1112.448486 0.000000 679.581970
34506.750000 1112.448486 0.000000 679.682007
34506.875000 1112.448486 0.000000 679.786987
34506.875000 1112.448486 0.000000 679.882019
34506.875000 1112.448486 0.000000 679.989990
34506.875000 1112.448486 0.000000 680.088989
34506.875000 1112.448486 0.000000 680.182983
34506.875000 1112.448486 0.000000 680.281982
34506.875000 1112.448486 0.000000 680.382019
34506.875000 1112.448486 0.000000 680.481995
34506.875000 1112.448486 0.000000 680.581970
34506.875000 1112.448486 0.000000 680.687012
34506.875000 1112.448486 0.000000 680.791992
34506.875000 1112.448486 0.000000 680.882019
34506.875000 1112.448486 0.000000 680.981995
34506.875000 1112.448486 0.000000 681.090027
34506.875000 1112.448486 0.000000 681.202026
34506.875000 1112.448486 0.000000 681.281982
34506.875000 1112.448486 0.000000 681.382019
34506.875000 1112.448486 0.000000 681.482971
34506.875000 1112.448486 0.000000 681.581970
34506.875000 1112.448486 0.000000 681.682007
34506.875000 1112.448486 0.000000 681.781982
34506.875000 1112.448486 0.000000 681.888000
34506.875000 1112.448486 0.000000 681.987000
34506.875000 1112.448486 0.000000 682.086975
34506.875000 1112.448486 0.000000 682.189026
34506.875000 1112.448486 0.000000 682.286987
34506.875000 1112.448486 0.000000 682.387024
34506.875000 1112.448486 0.000000 682.487000
34506.875000 1112.448486 0.000000 682.581970
34506.875000 1112.448486 0.000000 682.702026
34506.875000 1112.448486 0.000000 682.791992
34506.875000 1112.448486 0.000000 682.892029
34506.875000 1112.448486 0.000000 682.992004
34506.875000 1112.448486 0.000000 683.101990
34506.875000 1112.448486 0.000000 683.192017
34506.875000 1112.448486 0.000000 683.296997
34506.875000 1112.448486 0.000000 683.396973
34506.875000 1112.448486 0.000000 683.492004
34506.875000 1112.448486 0.000000 683.588013
34506.875000 1112.448486 0.000000 683.692993
34506.875000 1112.448486 0.000000 683.781982
34506.875000 1112.448486 0.000000 683.882019
34506.875000 1112.448486 0.000000 683.987000
34506.875000 1112.448486 0.000000 684.081970
34506.875000 1112.448486 0.000000 684.187012
34506.875000 1112.448486 0.000000 684.281982
34506.875000 1112.448486 0.000000 684.388000
34506.875000 1112.448486 0.000000 684.487976
34506.875000 1112.448486 0.000000 684.588013
34506.875000 1112.448486 0.000000 684.682983
34506.875000 1112.448486 0.000000 684.783020
34506.875000 1112.448486 0.000000 684.882996
34507.125000 1112.448486 0.000000 684.992981
34507.250000 1112.448486 0.000000 685.094971
34507.250000 1112.448486 0.000000 685.190002
34507.250000 1112.448486 0.000000 685.289978
34507.250000 1112.448486 0.000000 685.390015
34507.250000 1112.448486 0.000000 685.482971
34507.375000 1112.448486 0.000000 685.591003
34507.375000 1112.448486 0.000000 685.690979
34507.375000 1112.448486 0.000000 685.788025
34507.375000 1112.448486 0.000000 685.882996
34507.375000 1112.448486 0.000000 685.987976
34507.375000 1112.448486 0.000000 686.088013
34507.375000 1112.448486 0.000000 686.182983
34507.375000 1112.448486 0.000000 686.283020
34507.375000 1112.448486 0.000000 686.382996
34507.375000 1112.448486 0.000000 686.492981
34507.375000 1112.448486 0.000000 686.583008
34507.375000 1112.448486 0.000000 686.682983
34507.375000 1112.448486 0.000000 686.788025
34507.375000 1112.448486 0.000000 686.888000
34507.375000 1112.448486 0.000000 686.984009
34507.375000 1112.448486 0.000000 687.088013
34507.375000 1112.448486 0.000000 687.182983
34507.375000 1112.448486 0.000000 687.289001
34507.375000 1112.448486 0.000000 687.382996
34507.375000 1112.448486 0.000000 687.478027
34507.375000 1112.448486 0.000000 687.583008
34507.375000 1112.448486 0.000000 687.682983
34507.375000 1112.448486 0.000000 687.789978
34507.375000 1112.448486 0.000000 687.882996
34507.375000 1112.448486 0.000000 687.981995
34507.375000 1112.448486 0.000000 688.083008
34507.375000 1112.448486 0.000000 688.182007
34507.500000 1112.448486 0.000000 688.281982
34507.500000 1112.448486 0.000000 688.388977
34507.500000 1112.448486 0.000000 688.481995
34507.500000 1112.448486 0.000000 688.581970
34507.500000 1112.448486 0.000000 688.690002
34507.500000 1112.448486 0.000000 688.794983
34507.500000 1112.448486 0.000000 688.895020
34507.500000 1112.448486 0.000000 688.981995
34507.500000 1112.448486 0.000000 689.081970
34507.500000 1112.448486 0.000000 689.189026
34514.375000 1112.448486 0.000000 689.283997
34514.375000 1112.448486 0.000000 689.392029
34514.375000 1112.448486 0.000000 689.481995
34514.375000 1112.448486 0.000000 689.586975
34514.375000 1112.448486 0.000000 689.684998
34514.375000 1112.448486 0.000000 689.789001
34514.375000 1112.448486 0.000000 689.883972
34514.375000 1112.448486 0.000000 689.984009
34514.375000 1112.448486 0.000000 690.093018
34514.375000 1112.448486 0.000000 690.184021
34514.375000 1112.448486 0.000000 690.283997
34514.375000 1112.448486 0.000000 690.388977
34514.375000 1112.448486 0.000000 690.489014
34514.375000 1112.448486 0.000000 690.583984
34514.375000 1112.448486 0.000000 690.687012
34514.375000 1112.448486 0.000000 690.796021
34514.375000 1112.448486 0.000000 690.890991
34514.375000 1112.448486 0.000000 690.991028
34514.375000 1112.448486 0.000000 691.088989
34514.375000 1112.448486 0.000000 691.189026
34514.375000 1112.448486 0.000000 691.289001
34514.375000 1112.448486 0.000000 691.393982
34514.375000 1112.448486 0.000000 691.484009
34514.375000 1112.448486 0.000000 691.583984
34514.375000 1112.448486 0.000000 691.689026
34514.375000 1112.448486 0.000000 691.789001
34514.375000 1112.448486 0.000000 691.887024
34514.375000 1112.448486 0.000000 691.989014
34514.375000 1112.448486 0.000000 692.096985
34514.375000 1112.448486 0.000000 692.184998
34514.375000 1112.448486 0.000000 692.289001
34514.375000 1112.448486 0.000000 692.388977
34514.375000 1112.448486 0.000000 692.492981
34514.375000 1112.448486 0.000000 692.586975
34514.375000 1112.448486 0.000000 692.695984
34514.375000 1112.448486 0.000000 692.786011
34514.375000 1112.448486 0.000000 692.903015
34514.375000 1112.448486 0.000000 692.987976
34514.375000 1112.448486 0.000000 693.091003
34514.375000 1112.448486 0.000000 693.185974
34514.375000 1112.448486 0.000000 693.288025
34514.375000 1112.448486 0.000000 693.385986
34514.625000 1112.448486 0.000000 693.491028
34514.625000 1112.448486 0.000000 693.591003
34514.625000 1112.448486 0.000000 693.687988
34514.625000 1112.448486 0.000000 693.786987
34514.625000 1112.448486 0.000000 693.887024
34514.625000 1112.448486 0.000000 693.997009
34514.625000 1112.448486 0.000000 694.086975
34514.625000 1112.448486 0.000000 694.192017
34514.625000 1112.448486 0.000000 694.296997
34514.625000 1112.448486 0.000000 694.387024
34514.625000 1112.448486 0.000000 694.487000
34514.625000 1112.448486 0.000000 694.591980
34514.625000 1112.448486 0.000000 694.692017
34514.625000 1112.448486 0.000000 694.791992
34514.625000 1112.448486 0.000000 694.893982
34514.625000 1112.448486 0.000000 694.994995
34514.625000 1112.448486 0.000000 695.103027
34514.625000 1112.448486 0.000000 695.200989
34514.625000 1112.448486 0.000000 695.294983
34514.625000 1112.448486 0.000000 695.489990
34514.625000 1112.448486 0.000000 695.594971
34514.625000 1112.448486 0.000000 695.705994
34514.625000 1112.448486 0.000000 695.895020
34514.625000 1112.448486 0.000000 695.994995
34514.625000 1112.448486 0.000000 696.106995
34514.625000 1112.448486 0.000000 696.200012
34514.625000 1112.448486 0.000000 696.299011
34514.625000 1112.448486 0.000000 696.494019
34514.625000 1112.448486 0.000000 696.716980
34514.625000 1112.448486 0.000000 696.804016
34514.625000 1112.448486 0.000000 697.000977
34514.625000 1112.448486 0.000000 697.104004
34514.625000 1112.448486 0.000000 697.193970
34514.625000 1112.448486 0.000000 697.299988
34514.625000 1112.448486 0.000000 697.401001
34514.625000 1112.448486 0.000000 697.598999
34514.625000 1112.448486 0.000000 697.693970
34514.625000 1112.448486 0.000000 697.794983
34514.625000 1112.448486 0.000000 697.893982
34514.625000 1112.448486 0.000000 697.994019
34514.625000 1112.448486 0.000000 698.091003
34514.625000 1112.448486 0.000000 698.193970
34514.625000 1112.448486 0.000000 698.307983
34514.625000 1112.448486 0.000000 698.405029
34514.625000 1112.448486 0.000000 698.604004
34514.625000 1112.448486 0.000000 698.799011
34514.625000 1112.448486 0.000000 698.905029
34514.750000 1112.448486 0.000000 699.002991
34514.750000 1112.448486 0.000000 699.103027
34514.750000 1112.448486 0.000000 699.203003
34514.750000 1112.448486 0.000000 699.294006
34514.750000 1112.448486 0.000000 699.393982
34514.750000 1112.448486 0.000000 699.494019
34514.750000 1112.448486 0.000000 699.593994
34514.750000 1112.448486 0.000000 699.693970
34514.750000 1112.448486 0.000000 699.895020
34514.750000 1112.448486 0.000000 699.999023
34514.750000 1112.448486 0.000000 700.103027
34514.750000 1112.448486 0.000000 700.197998
34514.750000 1112.448486 0.000000 700.307983
34514.750000 1112.448486 0.000000 700.413025
34514.750000 1112.448486 0.000000 700.593018
34514.750000 1112.448486 0.000000 700.692993
34514.750000 1112.448486 0.000000 700.793030
34514.750000 1112.448486 0.000000 700.893005
34514.750000 1112.448486 0.000000 700.997986
34514.750000 1112.448486 0.000000 701.098022
34514.750000 1112.448486 0.000000 701.297974
34514.750000 1112.448486 0.000000 701.393005
34514.750000 1112.448486 0.000000 701.494019
34514.750000 1112.448486 0.000000 701.598999
34514.750000 1112.448486 0.000000 701.703003
34514.750000 1112.448486 0.000000 701.807983
34514.750000 1112.448486 0.000000 701.903015
34514.750000 1112.448486 0.000000 702.002991
34514.750000 1112.448486 0.000000 702.103027
34514.750000 1112.448486 0.000000 702.193970
34514.750000 1112.448486 0.000000 702.304993
34514.750000 1112.448486 0.000000 702.393982
34514.750000 1112.448486 0.000000 702.494019
34514.750000 1112.448486 0.000000 702.593994
34514.750000 1112.448486 0.000000 702.700012
34514.750000 1112.448486 0.000000 702.903015
34514.750000 1112.448486 0.000000 702.994019
34514.750000 1112.448486 0.000000 703.101013
34514.750000 1112.448486 0.000000 703.193970
34514.750000 1112.448486 0.000000 703.301025
34514.875000 1112.448486 0.000000 703.398987
34514.875000 1112.448486 0.000000 703.494019
34514.875000 1112.448486 0.000000 703.598999
34514.875000 1112.448486 0.000000 703.698975
34514.875000 1112.448486 0.000000 703.794006
34514.875000 1112.448486 0.000000 703.893982
34514.875000 1112.448486 0.000000 703.999023
34514.875000 1112.448486 0.000000 704.098999
34514.875000 1112.448486 0.000000 704.193970
34514.875000 1112.448486 0.000000 704.294006
34526.375000 1112.448486 0.000000 704.395996
34526.375000 1112.448486 0.000000 704.504028
34526.375000 1112.448486 0.000000 704.593994
34526.500000 1112.448486 0.000000 704.695007
34526.500000 1112.448486 0.000000 704.789001
34526.500000 1112.448486 0.000000 704.893982
34526.500000 1112.448486 0.000000 705.002014
34526.500000 1112.448486 0.000000 705.093994
34526.500000 1112.448486 0.000000 705.193970
34526.500000 1112.448486 0.000000 705.299011
34526.500000 1112.448486 0.000000 705.398987
34526.750000 1112.448486 0.000000 705.505005
34526.750000 1112.448486 0.000000 705.598999
34526.750000 1112.448486 0.000000 705.698975
34526.750000 1112.448486 0.000000 705.794006
34526.750000 1112.448486 0.000000 705.893982
34526.750000 1112.448486 0.000000 705.989014
34526.750000 1112.448486 0.000000 706.099976
34526.750000 1112.448486 0.000000 706.193970
34526.750000 1112.448486 0.000000 706.299011
34526.750000 1112.448486 0.000000 706.388977
34526.750000 1112.448486 0.000000 706.494019
34526.750000 1112.448486 0.000000 706.604004
34526.750000 1112.448486 0.000000 706.703979
34526.750000 1112.448486 0.000000 706.809021
34526.750000 1112.448486 0.000000 706.903992
34526.750000 1112.448486 0.000000 706.999023
34526.875000 1112.448486 0.000000 707.104004
34526.875000 1112.448486 0.000000 707.203979
34526.875000 1112.448486 0.000000 707.304016
34526.875000 1112.448486 0.000000 707.403992
34526.875000 1112.448486 0.000000 707.508972
34531.250000 1112.448486 0.000000 707.604004
34531.250000 1112.448486 0.000000 707.703979
34531.250000 1112.448486 0.000000 707.804016
34531.250000 1112.448486 0.000000 707.898987
34531.250000 1112.448486 0.000000 708.000977
34531.250000 1112.448486 0.000000 708.093994
34531.250000 1112.448486 0.000000 708.193970
34531.250000 1112.448486 0.000000 708.302002
34531.250000 1112.448486 0.000000 708.401978
34531.250000 1112.448486 0.000000 708.502014
34531.250000 1112.448486 0.000000 708.596985
34531.375000 1112.448486 0.000000 708.693970
34531.375000 1112.448486 0.000000 708.794983
34531.375000 1112.448486 0.000000 708.898987
34531.375000 1112.448486 0.000000 708.997986
34531.375000 1112.448486 0.000000 709.096985
34531.375000 1112.448486 0.000000 709.202026
34531.375000 1112.448486 0.000000 709.396973
34531.375000 1112.448486 0.000000 709.504028
34531.375000 1112.448486 0.000000 709.598999
34531.375000 1112.448486 0.000000 709.692993
34531.375000 1112.448486 0.000000 709.796997
34531.375000 1112.448486 0.000000 709.892029
34531.375000 1112.448486 0.000000 709.992004
34531.375000 1112.448486 0.000000 710.116028
34531.375000 1112.448486 0.000000 710.195984
34531.375000 1112.448486 0.000000 710.291016
34531.375000 1112.448486 0.000000 710.390991
34531.375000 1112.448486 0.000000 710.491028
34531.375000 1112.448486 0.000000 710.596008
34531.375000 1112.448486 0.000000 710.706970
34531.375000 1112.448486 0.000000 710.903015
34531.375000 1112.448486 0.000000 710.995972
34531.375000 1112.448486 0.000000 711.101013
34531.375000 1112.448486 0.000000 711.200989
34531.375000 1112.448486 0.000000 711.302979
34531.375000 1112.448486 0.000000 711.398010
34531.375000 1112.448486 0.000000 711.500977
34531.375000 1112.448486 0.000000 711.591980
34531.375000 1112.448486 0.000000 711.695984
34531.375000 1112.448486 0.000000 711.797974
34531.375000 1112.448486 0.000000 711.908020
34531.500000 1112.448486 0.000000 712.101013
34531.500000 1112.448486 0.000000 712.200989
34531.500000 1112.448486 0.000000 712.302002
34531.500000 1112.448486 0.000000 712.518982
34531.500000 1112.448486 0.000000 712.705017
34531.500000 1112.448486 0.000000 712.817017
34531.750000 1112.448486 0.000000 713.015991
34531.750000 1112.448486 0.000000 713.213989
34531.750000 1112.448486 0.000000 713.312012
34531.750000 1112.448486 0.000000 713.403015
34531.750000 1112.448486 0.000000 713.507996
34531.750000 1112.448486 0.000000 713.607971
34531.750000 1112.448486 0.000000 713.713013
34531.750000 1112.448486 0.000000 713.913025
34531.750000 1112.448486 0.000000 714.015991
34531.750000 1112.448486 0.000000 714.120972
34531.750000 1112.448486 0.000000 714.315002
34531.750000 1112.448486 0.000000 714.416016
34531.750000 1112.448486 0.000000 714.507996
34531.750000 1112.448486 0.000000 714.617981
34531.750000 1112.448486 0.000000 714.708984
34531.750000 1112.448486 0.000000 714.807983
34531.750000 1112.448486 0.000000 714.908020
34531.750000 1112.448486 0.000000 715.013000
34531.750000 1112.448486 0.000000 715.117981
34531.750000 1112.448486 0.000000 715.203003
34531.750000 1112.448486 0.000000 715.315979
34531.750000 1112.448486 0.000000 715.414001
34531.750000 1112.448486 0.000000 715.507996
34531.750000 1112.448486 0.000000 715.622009
34531.750000 1112.448486 0.000000 715.716980
34531.750000 1112.448486 0.000000 715.822021
34531.750000 1112.448486 0.000000 715.921997
34531.750000 1112.448486 0.000000 716.013000
34531.750000 1112.448486 0.000000 716.112976
34531.750000 1112.448486 0.000000 716.208008
34531.750000 1112.448486 0.000000 716.314026
34531.750000 1112.448486 0.000000 716.413025
34531.750000 1112.448486 0.000000 716.507996
34531.750000 1112.448486 0.000000 716.609009
34531.750000 1112.448486 0.000000 716.718018
34531.750000 1112.448486 0.000000 716.809021
34531.750000 1112.448486 0.000000 716.911987
34531.750000 1112.448486 0.000000 717.013977
34531.750000 1112.448486 0.000000 717.112976
34531.750000 1112.448486 0.000000 717.211975
34531.750000 1112.448486 0.000000 717.314026
34531.750000 1112.448486 0.000000 717.414978
34531.750000 1112.448486 0.000000 717.515015
34531.750000 1112.448486 0.000000 717.616028
34531.750000 1112.448486 0.000000 717.713989
34531.750000 1112.448486 0.000000 717.814026
34531.750000 1112.448486 0.000000 717.914001
34531.750000 1112.448486 0.000000 718.010986
34531.750000 1112.448486 0.000000 718.111023
34531.750000 1112.448486 0.000000 718.205994
34531.750000 1112.448486 0.000000 718.310974
34531.750000 1112.448486 0.000000 718.414001
34531.750000 1112.448486 0.000000 718.518005
34531.750000 1112.448486 0.000000 718.611023
34531.750000 1112.448486 0.000000 718.716003
34531.750000 1112.448486 0.000000 718.806030
34531.750000 1112.448486 0.000000 718.913025
34531.750000 1112.448486 0.000000 719.028015
34531.750000 1112.448486 0.000000 719.107971
34531.750000 1112.448486 0.000000 719.205994
34531.750000 1112.448486 0.000000 719.307983
34531.750000 1112.448486 0.000000 719.413025
34537.000000 1112.448486 0.000000 719.523010
34537.000000 1112.448486 0.000000 719.607971
34537.000000 1112.448486 0.000000 719.713013
34537.000000 1112.448486 0.000000 719.807983
34537.000000 1112.448486 0.000000 719.908020
34537.000000 1112.448486 0.000000 720.013000
34537.000000 1112.448486 0.000000 720.107971
34537.000000 1112.448486 0.000000 720.208008
34537.000000 1112.448486 0.000000 720.312988
34537.000000 1112.448486 0.000000 720.414978
34537.000000 1112.448486 0.000000 720.521973
34537.125000 1112.448486 0.000000 720.622009
34537.125000 1112.448486 0.000000 720.718994
34537.250000 1112.448486 0.000000 720.911011
34537.250000 1112.448486 0.000000 721.021973
34537.250000 1112.448486 0.000000 721.122009
34537.250000 1112.448486 0.000000 721.216980
34537.250000 1112.448486 0.000000 721.322021
34537.250000 1112.448486 0.000000 721.411987
34537.250000 1112.448486 0.000000 721.510010
34537.250000 1112.448486 0.000000 721.612000
34537.250000 1112.448486 0.000000 721.716980
34537.250000 1112.448486 0.000000 721.822998
34537.250000 1112.448486 0.000000 721.911987
34537.250000 1112.448486 0.000000 722.018005
34537.250000 1112.448486 0.000000 722.117981
34537.250000 1112.448486 0.000000 722.211975
34537.250000 1112.448486 0.000000 722.317017
34537.250000 1112.448486 0.000000 722.411987
34537.250000 1112.448486 0.000000 722.517029
34537.250000 1112.448486 0.000000 722.612000
34537.500000 1112.448486 0.000000 722.716980
34537.500000 1112.448486 0.000000 722.807007
34537.500000 1112.448486 0.000000 722.911987
34537.500000 1112.448486 0.000000 723.008972
34537.500000 1112.448486 0.000000 723.117981
34537.500000 1112.448486 0.000000 723.219971
34537.500000 1112.448486 0.000000 723.322998
34537.500000 1112.448486 0.000000 723.416992
34537.500000 1112.448486 0.000000 723.517029
34537.500000 1112.448486 0.000000 723.606995
34537.500000 1112.448486 0.000000 723.716980
34537.625000 1112.448486 0.000000 723.817993
34537.750000 1112.448486 0.000000 723.911987
34537.750000 1112.448486 0.000000 724.012024
34537.750000 1112.448486 0.000000 724.117004
34537.750000 1112.448486 0.000000 724.211975
34537.750000 1112.448486 0.000000 724.320984
34537.750000 1112.448486 0.000000 724.411987
34537.750000 1112.448486 0.000000 724.507019
34537.750000 1112.448486 0.000000 724.612000
34537.750000 1112.448486 0.000000 724.711975
34537.750000 1112.448486 0.000000 724.822021
34537.750000 1112.448486 0.000000 725.026001
34537.750000 1112.448486 0.000000 725.129028
34537.750000 1112.448486 0.000000 725.223022
34537.750000 1112.448486 0.000000 725.317993
34537.750000 1112.448486 0.000000 725.424011
34537.750000 1112.448486 0.000000 725.617981
34537.750000 1112.448486 0.000000 725.718018
34537.750000 1112.448486 0.000000 725.814026
34538.125000 1112.448486 0.000000 725.919006
34538.125000 1112.448486 0.000000 726.023987
34538.125000 1112.448486 0.000000 726.117981
34538.125000 1112.448486 0.000000 726.218994
34538.125000 1112.448486 0.000000 726.322998
34538.125000 1112.448486 0.000000 726.429016
34538.125000 1112.448486 0.000000 726.523987
34538.125000 1112.448486 0.000000 726.624023
34538.125000 1112.448486 0.000000 726.729980
34538.125000 1112.448486 0.000000 726.836975
34538.125000 1112.448486 0.000000 726.934021
34538.125000 1112.448486 0.000000 727.028015
34538.125000 1112.448486 0.000000 727.130005
34538.125000 1112.448486 0.000000 727.223999
34538.125000 1112.448486 0.000000 727.328979
34538.125000 1112.448486 0.000000 727.434021
34538.125000 1112.448486 0.000000 727.528992
34538.125000 1112.448486 0.000000 727.643982
34538.125000 1112.448486 0.000000 727.739014
34538.125000 1112.448486 0.000000 727.833984
34538.125000 1112.448486 0.000000 727.939026
34538.125000 1112.448486 0.000000 728.039001
34538.125000 1112.448486 0.000000 728.138977
34538.125000 1112.448486 0.000000 728.239014
34538.125000 1112.448486 0.000000 728.327026
34538.125000 1112.448486 0.000000 728.427002
34538.125000 1112.448486 0.000000 728.533020
34538.250000 1112.448486 0.000000 728.627014
34538.250000 1112.448486 0.000000 728.726990
34538.250000 1112.448486 0.000000 728.831970
34538.250000 1112.448486 0.000000 728.927002
34538.250000 1112.448486 0.000000 729.026978
34538.250000 1112.448486 0.000000 729.130981
34538.250000 1112.448486 0.000000 729.226990
34538.250000 1112.448486 0.000000 729.327026
34538.250000 1112.448486 0.000000 729.427002
34538.250000 1112.448486 0.000000 729.528015
34538.250000 1112.448486 0.000000 729.627014
34538.250000 1112.448486 0.000000 729.732971
34538.250000 1112.448486 0.000000 729.831970
34538.250000 1112.448486 0.000000 729.939026
34538.250000 1112.448486 0.000000 730.028015
34538.250000 1112.448486 0.000000 730.145020
34538.250000 1112.448486 0.000000 730.242004
34538.250000 1112.448486 0.000000 730.351990
34538.250000 1112.448486 0.000000 730.437988
34538.250000 1112.448486 0.000000 730.533020
34538.250000 1112.448486 0.000000 730.638000
34538.250000 1112.448486 0.000000 730.744995
34538.250000 1112.448486 0.000000 730.848022
34538.250000 1112.448486 0.000000 730.942993
34538.250000 1112.448486 0.000000 731.033020
34538.250000 1112.448486 0.000000 731.143005
34538.250000 1112.448486 0.000000 731.247986
34538.250000 1112.448486 0.000000 731.341980
34538.250000 1112.448486 0.000000 731.442017
34538.250000 1112.448486 0.000000 731.546997
34538.250000 1112.448486 0.000000 731.642029
34538.250000 1112.448486 0.000000 731.732971
34538.250000 1112.448486 0.000000 731.833008
34538.250000 1112.448486 0.000000 731.940979
34538.250000 1112.448486 0.000000 732.036011
34538.250000 1112.448486 0.000000 732.135010
34538.250000 1112.448486 0.000000 732.242981
34538.250000 1112.448486 0.000000 732.348022
34538.250000 1112.448486 0.000000 732.447998
34538.250000 1112.448486 0.000000 732.547974
34538.250000 1112.448486 0.000000 732.645020
34538.250000 1112.448486 0.000000 732.739990
34538.250000 1112.448486 0.000000 732.840027
34538.250000 1112.448486 0.000000 732.940002
34538.250000 1112.448486 0.000000 733.039978
34538.250000 1112.448486 0.000000 733.145020
34538.250000 1112.448486 0.000000 733.239990
34538.250000 1112.448486 0.000000 733.340027
34538.250000 1112.448486 0.000000 733.453003
34538.250000 1112.448486 0.000000 733.539978
34538.250000 1112.448486 0.000000 733.640991
34538.250000 1112.448486 0.000000 733.745972
34538.250000 1112.448486 0.000000 733.841003
34538.250000 1112.448486 0.000000 733.940979
34538.250000 1112.448486 0.000000 734.046021
34538.250000 1112.448486 0.000000 734.135986
34538.250000 1112.448486 0.000000 734.247986
34538.250000 1112.448486 0.000000 734.348022
34538.250000 1112.448486 0.000000 734.442017
34538.250000 1112.448486 0.000000 734.541992
34538.250000 1112.448486 0.000000 734.640991
34538.250000 1112.448486 0.000000 734.741028
34538.250000 1112.448486 0.000000 734.846008
34538.250000 1112.448486 0.000000 734.940979
34538.250000 1112.448486 0.000000 735.044006
34538.250000 1112.448486 0.000000 735.148987
34538.250000 1112.448486 0.000000 735.249023
34538.250000 1112.448486 0.000000 735.335999
34538.250000 1112.448486 0.000000 735.440979
34538.250000 1112.448486 0.000000 735.546021
34538.250000 1112.448486 0.000000 735.640991
34538.250000 1112.448486 0.000000 735.741028
34538.250000 1112.448486 0.000000 735.843994
34538.250000 1112.448486 0.000000 735.943970
34538.250000 1112.448486 0.000000 736.046021
34538.250000 1112.448486 0.000000 736.142029
34538.375000 1112.448486 0.000000 736.247986
34538.375000 1112.448486 0.000000 736.341003
34538.375000 1112.448486 0.000000 736.440979
34538.375000 1112.448486 0.000000 736.541016
34538.375000 1112.448486 0.000000 736.648010
34538.375000 1112.448486 0.000000 736.737000
34538.375000 1112.448486 0.000000 736.859985
34538.375000 1112.448486 0.000000 736.940002
34538.375000 1112.448486 0.000000 737.041016
34538.375000 1112.448486 0.000000 737.146973
34538.375000 1112.448486 0.000000 737.245972
34538.375000 1112.448486 0.000000 737.341003
34538.375000 1112.448486 0.000000 737.439026
34538.375000 1112.448486 0.000000 737.551025
34538.375000 1112.448486 0.000000 737.645996
34538.375000 1112.448486 0.000000 737.742981
34538.375000 1112.448486 0.000000 737.838013
34538.375000 1112.448486 0.000000 737.937988
34538.375000 1112.448486 0.000000 738.049011
34538.375000 1112.448486 0.000000 738.143005
34538.375000 1112.448486 0.000000 738.237976
34538.375000 1112.448486 0.000000 738.338013
34538.375000 1112.448486 0.000000 738.437988
34538.375000 1112.448486 0.000000 738.544983
34538.375000 1112.448486 0.000000 738.643005
34538.375000 1112.448486 0.000000 738.747986
34538.375000 1112.448486 0.000000 738.843018
34538.375000 1112.448486 0.000000 738.937988
34538.375000 1112.448486 0.000000 739.043030
34538.375000 1112.448486 0.000000 739.153015
34538.375000 1112.448486 0.000000 739.239014
34538.375000 1112.448486 0.000000 739.338013
34541.625000 1112.448486 0.000000 739.440002
34541.625000 1112.448486 0.000000 739.538025
34541.625000 1112.448486 0.000000 739.638000
34541.625000 1112.448486 0.000000 739.750977
34541.625000 1112.448486 0.000000 739.848999
34541.625000 1112.448486 0.000000 739.942993
34541.625000 1112.448486 0.000000 740.047974
34541.625000 1112.448486 0.000000 740.138000
34541.625000 1112.448486 0.000000 740.237976
34541.625000 1112.448486 0.000000 740.343994
34541.625000 1112.448486 0.000000 740.453979
34541.625000 1112.448486 0.000000 740.538025
34541.625000 1112.448486 0.000000 740.638000
34541.625000 1112.448486 0.000000 740.742981
34541.625000 1112.448486 0.000000 740.838013
34541.625000 1112.448486 0.000000 740.945984
34541.625000 1112.448486 0.000000 741.052979
34541.625000 1112.448486 0.000000 741.145020
34541.625000 1112.448486 0.000000 741.242981
34541.625000 1112.448486 0.000000 741.343018
34541.625000 1112.448486 0.000000 741.442993
34541.625000 1112.448486 0.000000 741.543030
34541.625000 1112.448486 0.000000 741.648987
34541.625000 1112.448486 0.000000 741.742981
34541.625000 1112.448486 0.000000 741.846985
34541.625000 1112.448486 0.000000 741.966003
34541.625000 1112.448486 0.000000 742.047974
34541.625000 1112.448486 0.000000 742.145020
34541.625000 1112.448486 0.000000 742.237976
34541.625000 1112.448486 0.000000 742.351013
34541.625000 1112.448486 0.000000 742.450989
34541.625000 1112.448486 0.000000 742.551025
34541.625000 1112.448486 0.000000 742.656006
34541.625000 1112.448486 0.000000 742.755981
34541.625000 1112.448486 0.000000 742.848022
34541.625000 1112.448486 0.000000 742.958008
34541.625000 1112.448486 0.000000 743.047974
34541.625000 1112.448486 0.000000 743.143005
34541.625000 1112.448486 0.000000 743.249023
34541.625000 1112.448486 0.000000 743.343018
34541.625000 1112.448486 0.000000 743.447998
34541.625000 1112.448486 0.000000 743.552002
34541.625000 1112.448486 0.000000 743.643005
34541.625000 1112.448486 0.000000 743.742981
34541.625000 1112.448486 0.000000 743.851990
34541.625000 1112.448486 0.000000 743.942993
34541.625000 1112.448486 0.000000 744.054993
34541.625000 1112.448486 0.000000 744.145020
34541.625000 1112.448486 0.000000 744.244995
34541.625000 1112.448486 0.000000 744.344971
34541.625000 1112.448486 0.000000 744.445007
34541.625000 1112.448486 0.000000 744.539978
34541.625000 1112.448486 0.000000 744.655029
34541.625000 1112.448486 0.000000 744.754028
34541.625000 1112.448486 0.000000 744.854004
34541.625000 1112.448486 0.000000 744.960999
34541.625000 1112.448486 0.000000 745.060974
34541.625000 1112.448486 0.000000 745.145996
34541.625000 1112.448486 0.000000 745.241028
34541.625000 1112.448486 0.000000 745.346008
34541.625000 1112.448486 0.000000 745.448975
34541.625000 1112.448486 0.000000 745.541016
34541.625000 1112.448486 0.000000 745.645996
34541.625000 1112.448486 0.000000 745.755981
34541.625000 1112.448486 0.000000 745.846985
34541.625000 1112.448486 0.000000 745.945984
34541.625000 1112.448486 0.000000 746.046021
34541.625000 1112.448486 0.000000 746.148010
34541.625000 1112.448486 0.000000 746.255005
34541.625000 1112.448486 0.000000 746.354980
34541.625000 1112.448486 0.000000 746.440979
34541.625000 1112.448486 0.000000 746.546021
34541.625000 1112.448486 0.000000 746.645996
34541.625000 1112.448486 0.000000 746.745972
34541.750000 1112.448486 0.000000 746.846008
34541.750000 1112.448486 0.000000 746.947021
34541.750000 1112.448486 0.000000 747.046021
34541.750000 1112.448486 0.000000 747.156006
34541.750000 1112.448486 0.000000 747.241028
34541.750000 1112.448486 0.000000 747.354004
34541.750000 1112.448486 0.000000 747.458984
34541.750000 1112.448486 0.000000 747.552979
34541.750000 1112.448486 0.000000 747.658020
34541.750000 1112.448486 0.000000 747.741028
34541.750000 1112.448486 0.000000 747.843994
34541.750000 1112.448486 0.000000 747.950989
34541.750000 1112.448486 0.000000 748.049988
34541.750000 1112.448486 0.000000 748.150024
34541.750000 1112.448486 0.000000 748.245972
34541.750000 1112.448486 0.000000 748.344971
34541.750000 1112.448486 0.000000 748.445007
34541.750000 1112.448486 0.000000 748.539978
34541.750000 1112.448486 0.000000 748.645020
34541.750000 1112.448486 0.000000 748.750000
34541.750000 1112.448486 0.000000 748.846985
34541.750000 1112.448486 0.000000 748.950012
34541.750000 1112.448486 0.000000 749.044983
34541.750000 1112.448486 0.000000 749.155029
34541.750000 1112.448486 0.000000 749.244995
34541.750000 1112.448486 0.000000 749.346985
34541.750000 1112.448486 0.000000 749.445007
34541.750000 1112.448486 0.000000 749.544983
34541.750000 1112.448486 0.000000 749.640015
34541.750000 1112.448486 0.000000 749.750000
34541.750000 1112.448486 0.000000 749.844971
34541.750000 1112.448486 0.000000 749.950989
34544.000000 1112.448486 0.000000 750.044006
34544.000000 1112.448486 0.000000 750.153992
34544.000000 1112.448486 0.000000 750.258972
34544.000000 1112.448486 0.000000 750.354004
34544.000000 1112.448486 0.000000 750.445984
34544.000000 1112.448486 0.000000 750.552979
34544.000000 1112.448486 0.000000 750.645020
34544.000000 1112.448486 0.000000 750.754028
34544.000000 1112.448486 0.000000 750.854004
34544.000000 1112.448486 0.000000 750.953979
34544.000000 1112.448486 0.000000 751.059021
34544.000000 1112.448486 0.000000 751.156006
34544.000000 1112.448486 0.000000 751.242981
34544.000000 1112.448486 0.000000 751.356018
34544.000000 1112.448486 0.000000 751.450989
34544.000000 1112.448486 0.000000 751.546021
34544.000000 1112.448486 0.000000 751.643982
34544.000000 1112.448486 0.000000 751.745972
34544.000000 1112.448486 0.000000 751.841003
34544.000000 1112.448486 0.000000 751.947998
34544.000000 1112.448486 0.000000 752.044983
34544.000000 1112.448486 0.000000 752.143005
34544.000000 1112.448486 0.000000 752.250000
34544.000000 1112.448486 0.000000 752.343018
34544.000000 1112.448486 0.000000 752.442993
34544.000000 1112.448486 0.000000 752.543030
34544.000000 1112.448486 0.000000 752.653015
34544.000000 1112.448486 0.000000 752.742981
34544.000000 1112.448486 0.000000 752.848022
34544.000000 1112.448486 0.000000 752.942993
34544.000000 1112.448486 0.000000 753.043030
34544.000000 1112.448486 0.000000 753.148010
34544.250000 1112.448486 0.000000 753.247986
34544.250000 1112.448486 0.000000 753.343018
34544.250000 1112.448486 0.000000 753.453003
34544.250000 1112.448486 0.000000 753.543030
34544.250000 1112.448486 0.000000 753.648010
34544.250000 1112.448486 0.000000 753.742981
34544.250000 1112.448486 0.000000 753.851990
34544.250000 1112.448486 0.000000 753.960022
34544.250000 1112.448486 0.000000 754.049988
34544.250000 1112.448486 0.000000 754.156006
34544.250000 1112.448486 0.000000 754.265015
34544.250000 1112.448486 0.000000 754.349976
34544.250000 1112.448486 0.000000 754.442993
34544.250000 1112.448486 0.000000 754.551025
34544.250000 1112.448486 0.000000 754.648010
34544.250000 1112.448486 0.000000 754.744019
34544.250000 1112.448486 0.000000 754.851013
34544.250000 1112.448486 0.000000 754.947998
34544.250000 1112.448486 0.000000 755.047974
34544.250000 1112.448486 0.000000 755.156006
34544.250000 1112.448486 0.000000 755.255981
34544.375000 1112.448486 0.000000 755.348022
34544.375000 1112.448486 0.000000 755.447998
34544.375000 1112.448486 0.000000 755.547974
34544.375000 1112.448486 0.000000 755.643005
34544.375000 1112.448486 0.000000 755.747986
34544.375000 1112.448486 0.000000 755.843018
34544.375000 1112.448486 0.000000 755.947998
34544.375000 1112.448486 0.000000 756.044006
34544.375000 1112.448486 0.000000 756.143982
34544.375000 1112.448486 0.000000 756.242981
34544.375000 1112.448486 0.000000 756.343994
34544.375000 1112.448486 0.000000 756.448975
34544.375000 1112.448486 0.000000 756.547974
34544.375000 1112.448486 0.000000 756.653015
34544.375000 1112.448486 0.000000 756.747986
34544.375000 1112.448486 0.000000 756.843018
34544.375000 1112.448486 0.000000 756.943970
34544.375000 1112.448486 0.000000 757.043030
34544.375000 1112.448486 0.000000 757.145020
34544.375000 1112.448486 0.000000 757.252014
34544.375000 1112.448486 0.000000 757.343018
34544.375000 1112.448486 0.000000 757.445007
34544.375000 1112.448486 0.000000 757.544983
34544.375000 1112.448486 0.000000 757.645020
34544.375000 1112.448486 0.000000 757.750000
34544.375000 1112.448486 0.000000 757.851013
34544.375000 1112.448486 0.000000 757.947998
34544.375000 1112.448486 0.000000 758.044983
34544.375000 1112.448486 0.000000 758.145020
34544.375000 1112.448486 0.000000 758.244995
34544.375000 1112.448486 0.000000 758.356995
34544.375000 1112.448486 0.000000 758.452026
34544.375000 1112.448486 0.000000 758.551025
34544.375000 1112.448486 0.000000 758.651978
34544.375000 1112.448486 0.000000 758.744995
34544.375000 1112.448486 0.000000 758.849976
34544.375000 1112.448486 0.000000 758.953003
34544.375000 1112.448486 0.000000 759.057983
34544.375000 1112.448486 0.000000 759.159973
34544.375000 1112.448486 0.000000 759.270020
34544.375000 1112.448486 0.000000 759.344971
34544.375000 1112.448486 0.000000 759.450989
34544.500000 1112.448486 0.000000 759.552979
34544.500000 1112.448486 0.000000 759.645020
34544.500000 1112.448486 0.000000 759.750977
34544.500000 1112.448486 0.000000 759.844971
34544.500000 1112.448486 0.000000 759.943970
34544.500000 1112.448486 0.000000 760.043030
34544.500000 1112.448486 0.000000 760.143005
34544.500000 1112.448486 0.000000 760.247986
34544.500000 1112.448486 0.000000 760.343994
34544.500000 1112.448486 0.000000 760.447998
34544.500000 1112.448486 0.000000 760.552979
34561.125000 1112.448486 0.000000 760.653015
34561.125000 1112.448486 0.000000 760.747986
34561.125000 1112.448486 0.000000 760.846985
34561.125000 1112.448486 0.000000 760.947021
34561.125000 1112.448486 0.000000 761.046997
34561.125000 1112.448486 0.000000 761.148010
34561.125000 1112.448486 0.000000 761.242004
34561.125000 1112.448486 0.000000 761.341980
34561.125000 1112.448486 0.000000 761.447998
34561.125000 1112.448486 0.000000 761.541992
34561.500000 1112.448486 0.000000 761.642029
34561.500000 1112.448486 0.000000 761.747009
34561.500000 1112.448486 0.000000 761.846985
34561.500000 1112.448486 0.000000 761.942017
34561.500000 1112.448486 0.000000 762.052979
34561.500000 1112.448486 0.000000 762.146973
34561.500000 1112.448486 0.000000 762.250000
34561.500000 1112.448486 0.000000 762.349976
34561.500000 1112.448486 0.000000 762.450012
34561.500000 1112.448486 0.000000 762.544983
34561.500000 1112.448486 0.000000 762.658020
34561.500000 1112.448486 0.000000 762.752991
34561.500000 1112.448486 0.000000 762.853027
34561.500000 1112.448486 0.000000 762.948975
34561.500000 1112.448486 0.000000 763.059021
34561.500000 1112.448486 0.000000 763.153992
34561.500000 1112.448486 0.000000 763.258972
34561.500000 1112.448486 0.000000 763.354004
34561.500000 1112.448486 0.000000 763.458984
34561.500000 1112.448486 0.000000 763.554016
34561.500000 1112.448486 0.000000 763.651001
34561.500000 1112.448486 0.000000 763.760010
34561.500000 1112.448486 0.000000 763.844971
34561.500000 1112.448486 0.000000 763.950989
34561.500000 1112.448486 0.000000 764.046021
34561.500000 1112.448486 0.000000 764.155029
34561.500000 1112.448486 0.000000 764.260010
34561.500000 1112.448486 0.000000 764.359985
34561.500000 1112.448486 0.000000 764.455017
34561.500000 1112.448486 0.000000 764.549988
34561.500000 1112.448486 0.000000 764.648987
34561.500000 1112.448486 0.000000 764.758972
34561.500000 1112.448486 0.000000 764.848999
34561.500000 1112.448486 0.000000 764.945984
34561.500000 1112.448486 0.000000 765.046021
34561.500000 1112.448486 0.000000 765.151001
34561.500000 1112.448486 0.000000 765.245972
34561.500000 1112.448486 0.000000 765.346008
34561.500000 1112.448486 0.000000 765.455994
34561.500000 1112.448486 0.000000 765.556030
34561.500000 1112.448486 0.000000 765.646973
34561.500000 1112.448486 0.000000 765.742004
34561.500000 1112.448486 0.000000 765.851990
34561.500000 1112.448486 0.000000 765.942017
34561.500000 1112.448486 0.000000 766.041992
34561.500000 1112.448486 0.000000 766.158020
34561.500000 1112.448486 0.000000 766.247009
34561.500000 1112.448486 0.000000 766.351990
34561.500000 1112.448486 0.000000 766.447021
34561.500000 1112.448486 0.000000 766.541992
34561.500000 1112.448486 0.000000 766.651978
34561.500000 1112.448486 0.000000 766.762024
34561.500000 1112.448486 0.000000 766.851990
34561.500000 1112.448486 0.000000 766.947998
34561.500000 1112.448486 0.000000 767.049011
34561.500000 1112.448486 0.000000 767.148010
34561.500000 1112.448486 0.000000 767.247986
34561.500000 1112.448486 0.000000 767.348022
34561.500000 1112.448486 0.000000 767.447998
34561.500000 1112.448486 0.000000 767.543030
34561.500000 1112.448486 0.000000 767.648010
34561.500000 1112.448486 0.000000 767.742981
34561.500000 1112.448486 0.000000 767.848022
34561.500000 1112.448486 0.000000 767.968018
34561.500000 1112.448486 0.000000 768.057007
34561.500000 1112.448486 0.000000 768.151978
34561.500000 1112.448486 0.000000 768.254028
34561.500000 1112.448486 0.000000 768.348999
34561.500000 1112.448486 0.000000 768.448975
34561.500000 1112.448486 0.000000 768.543030
34561.500000 1112.448486 0.000000 768.663025
34561.500000 1112.448486 0.000000 768.757996
34561.500000 1112.448486 0.000000 768.854980
34561.500000 1112.448486 0.000000 768.958008
34561.500000 1112.448486 0.000000 769.052002
34561.500000 1112.448486 0.000000 769.143005
34561.500000 1112.448486 0.000000 769.242981
34561.500000 1112.448486 0.000000 769.343018
34561.500000 1112.448486 0.000000 769.445007
34561.500000 1112.448486 0.000000 769.544983
34561.500000 1112.448486 0.000000 769.650024
34561.500000 1112.448486 0.000000 769.758972
34561.500000 1112.448486 0.000000 769.849976
34561.500000 1112.448486 0.000000 769.960022
34561.500000 1112.448486 0.000000 770.059998
34561.500000 1112.448486 0.000000 770.159973
34561.500000 1112.448486 0.000000 770.260010
34561.500000 1112.448486 0.000000 770.359985
34561.500000 1112.448486 0.000000 770.455994
34561.500000 1112.448486 0.000000 770.552002
34561.500000 1112.448486 0.000000 770.650024
34561.500000 1112.448486 0.000000 770.750977
34561.500000 1112.448486 0.000000 770.854980
34561.500000 1112.448486 0.000000 770.950012
34561.500000 1112.448486 0.000000 771.060974
34561.500000 1112.448486 0.000000 771.155029
34561.500000 1112.448486 0.000000 771.258972
34561.500000 1112.448486 0.000000 771.354980
34561.500000 1112.448486 0.000000 771.450012
34561.500000 1112.448486 0.000000 771.554993
34561.500000 1112.448486 0.000000 771.650024
34561.500000 1112.448486 0.000000 771.755005
34561.500000 1112.448486 0.000000 771.854980
34561.500000 1112.448486 0.000000 771.966980
34561.500000 1112.448486 0.000000 772.062988
34561.500000 1112.448486 0.000000 772.155029
34561.500000 1112.448486 0.000000 772.255005
34561.500000 1112.448486 0.000000 772.354980
34561.500000 1112.448486 0.000000 772.463013
34561.500000 1112.448486 0.000000 772.549988
34561.500000 1112.448486 0.000000 772.650024
34561.500000 1112.448486 0.000000 772.757996
34561.500000 1112.448486 0.000000 772.857971
34561.500000 1112.448486 0.000000 772.958008
34561.500000 1112.448486 0.000000 773.057983
34561.500000 1112.448486 0.000000 773.163025
34561.500000 1112.448486 0.000000 773.250000
34561.500000 1112.448486 0.000000 773.359985
34561.500000 1112.448486 0.000000 773.460999
34561.500000 1112.448486 0.000000 773.565002
34561.500000 1112.448486 0.000000 773.669983
34561.500000 1112.448486 0.000000 773.760010
34561.500000 1112.448486 0.000000 773.864990
34561.500000 1112.448486 0.000000 773.969971
34561.500000 1112.448486 0.000000 774.070007
34561.500000 1112.448486 0.000000 774.166992
34562.375000 1112.448486 0.000000 774.267029
34562.375000 1112.448486 0.000000 774.356995
34562.375000 1112.448486 0.000000 774.455017
34562.375000 1112.448486 0.000000 774.554993
34562.375000 1112.448486 0.000000 774.661011
34562.375000 1112.448486 0.000000 774.755005
34562.375000 1112.448486 0.000000 774.859985
34562.375000 1112.448486 0.000000 774.955017
34562.375000 1112.448486 0.000000 775.062012
34562.375000 1112.448486 0.000000 775.164978
34562.375000 1112.448486 0.000000 775.255005
34562.375000 1112.448486 0.000000 775.359985
34562.375000 1112.448486 0.000000 775.455017
34562.375000 1112.448486 0.000000 775.559998
34562.375000 1112.448486 0.000000 775.655029
34562.375000 1112.448486 0.000000 775.760010
34562.375000 1112.448486 0.000000 775.854980
34562.375000 1112.448486 0.000000 775.955994
34562.375000 1112.448486 0.000000 776.056030
34562.375000 1112.448486 0.000000 776.166992
34562.375000 1112.448486 0.000000 776.270020
34562.375000 1112.448486 0.000000 776.364990
34562.375000 1112.448486 0.000000 776.469971
34562.375000 1112.448486 0.000000 776.570007
34562.375000 1112.448486 0.000000 776.666992
34562.375000 1112.448486 0.000000 776.762024
34562.375000 1112.448486 0.000000 776.859985
34562.375000 1112.448486 0.000000 776.960022
34562.375000 1112.448486 0.000000 777.064026
34562.375000 1112.448486 0.000000 777.159973
34562.375000 1112.448486 0.000000 777.262024
34562.375000 1112.448486 0.000000 777.354980
34562.375000 1112.448486 0.000000 777.455994
34562.375000 1112.448486 0.000000 777.564026
34562.500000 1112.448486 0.000000 777.669983
34562.500000 1112.448486 0.000000 777.765991
34562.500000 1112.448486 0.000000 777.864990
34562.500000 1112.448486 0.000000 777.960022
34562.500000 1112.448486 0.000000 778.065979
34562.500000 1112.448486 0.000000 778.161011
34562.500000 1112.448486 0.000000 778.255005
34562.500000 1112.448486 0.000000 778.364990
34562.500000 1112.448486 0.000000 778.465027
34562.500000 1112.448486 0.000000 778.565002
34562.500000 1112.448486 0.000000 778.671021
34562.500000 1112.448486 0.000000 778.763000
34562.500000 1112.448486 0.000000 778.864990
34562.500000 1112.448486 0.000000 778.960022
34562.500000 1112.448486 0.000000 779.065002
34562.500000 1112.448486 0.000000 779.164978
34562.500000 1112.448486 0.000000 779.270020
34562.500000 1112.448486 0.000000 779.362000
34562.500000 1112.448486 0.000000 779.460022
34562.500000 1112.448486 0.000000 779.559998
34562.500000 1112.448486 0.000000 779.664978
34562.500000 1112.448486 0.000000 779.765991
34562.500000 1112.448486 0.000000 779.866028
34562.500000 1112.448486 0.000000 779.969971
34562.500000 1112.448486 0.000000 780.070007
34562.500000 1112.448486 0.000000 780.169983
34562.500000 1112.448486 0.000000 780.263977
34562.500000 1112.448486 0.000000 780.364014
34562.500000 1112.448486 0.000000 780.473999
34562.500000 1112.448486 0.000000 780.572021
34562.500000 1112.448486 0.000000 780.671997
34562.500000 1112.448486 0.000000 780.771973
34562.500000 1112.448486 0.000000 780.864014
34562.500000 1112.448486 0.000000 780.968994
34562.500000 1112.448486 0.000000 781.064026
34562.500000 1112.448486 0.000000 781.164001
34562.500000 1112.448486 0.000000 781.268982
34562.500000 1112.448486 0.000000 781.364014
34562.500000 1112.448486 0.000000 781.463989
34562.500000 1112.448486 0.000000 781.570984
34562.500000 1112.448486 0.000000 781.681030
34562.500000 1112.448486 0.000000 781.770020
34562.500000 1112.448486 0.000000 781.864014
34562.500000 1112.448486 0.000000 781.969971
34562.500000 1112.448486 0.000000 782.064026
34562.500000 1112.448486 0.000000 782.164001
34562.500000 1112.448486 0.000000 782.263977
34562.500000 1112.448486 0.000000 782.369019
34562.500000 1112.448486 0.000000 782.463989
34562.500000 1112.448486 0.000000 782.562012
34562.500000 1112.448486 0.000000 782.666016
34562.750000 1112.448486 0.000000 782.776001
34562.750000 1112.448486 0.000000 782.875000
34562.750000 1112.448486 0.000000 782.981018
34562.750000 1112.448486 0.000000 783.093018
34562.750000 1112.448486 0.000000 783.174011
34562.750000 1112.448486 0.000000 783.278992
34562.750000 1112.448486 0.000000 783.382996
34562.750000 1112.448486 0.000000 783.473999
34562.750000 1112.448486 0.000000 783.573975
34562.750000 1112.448486 0.000000 783.669006
34562.750000 1112.448486 0.000000 783.773987
34562.750000 1112.448486 0.000000 783.880981
34562.750000 1112.448486 0.000000 783.968994
34562.750000 1112.448486 0.000000 784.073975
34562.750000 1112.448486 0.000000 784.174011
34562.750000 1112.448486 0.000000 784.273987
34562.750000 1112.448486 0.000000 784.374023
34562.750000 1112.448486 0.000000 784.468994
34562.750000 1112.448486 0.000000 784.568970
34562.750000 1112.448486 0.000000 784.669006
34562.750000 1112.448486 0.000000 784.773987
34562.750000 1112.448486 0.000000 784.874023
34562.750000 1112.448486 0.000000 784.976990
34562.750000 1112.448486 0.000000 785.080994
34562.750000 1112.448486 0.000000 785.174011
34562.750000 1112.448486 0.000000 785.268982
34562.750000 1112.448486 0.000000 785.369995
34562.750000 1112.448486 0.000000 785.468994
34562.750000 1112.448486 0.000000 785.573975
34562.750000 1112.448486 0.000000 785.669006
34562.750000 1112.448486 0.000000 785.783020
34562.750000 1112.448486 0.000000 785.867981
34562.750000 1112.448486 0.000000 785.973022
34562.750000 1112.448486 0.000000 786.072998
34562.750000 1112.448486 0.000000 786.176025
34562.750000 1112.448486 0.000000 786.270996
34562.750000 1112.448486 0.000000 786.370972
34562.750000 1112.448486 0.000000 786.471008
34562.750000 1112.448486 0.000000 786.578979
34562.750000 1112.448486 0.000000 786.679016
34562.750000 1112.448486 0.000000 786.776978
34562.750000 1112.448486 0.000000 786.872009
34562.750000 1112.448486 0.000000 786.976990
34562.750000 1112.448486 0.000000 787.070984
34562.750000 1112.448486 0.000000 787.176025
34562.750000 1112.448486 0.000000 787.270996
34562.750000 1112.448486 0.000000 787.375977
34562.750000 1112.448486 0.000000 787.471008
34562.750000 1112.448486 0.000000 787.570984
34562.750000 1112.448486 0.000000 787.679993
34562.750000 1112.448486 0.000000 787.784973
34562.750000 1112.448486 0.000000 787.890015
34562.750000 1112.448486 0.000000 787.984985
34562.750000 1112.448486 0.000000 788.085022
34562.750000 1112.448486 0.000000 788.182983
34562.750000 1112.448486 0.000000 788.281006
34562.750000 1112.448486 0.000000 788.377991
34562.750000 1112.448486 0.000000 788.478027
34562.750000 1112.448486 0.000000 788.578003
34562.750000 1112.448486 0.000000 788.672974
34562.750000 1112.448486 0.000000 788.783020
34562.750000 1112.448486 0.000000 788.890015
34562.750000 1112.448486 0.000000 788.992981
34562.750000 1112.448486 0.000000 789.072998
34562.750000 1112.448486 0.000000 789.177979
34562.750000 1112.448486 0.000000 789.281982
34562.750000 1112.448486 0.000000 789.372986
34562.750000 1112.448486 0.000000 789.482971
34562.750000 1112.448486 0.000000 789.590027
34562.750000 1112.448486 0.000000 789.677979
34562.750000 1112.448486 0.000000 789.778015
34562.750000 1112.448486 0.000000 789.877991
34562.750000 1112.448486 0.000000 789.979980
34562.750000 1112.448486 0.000000 790.078003
34562.875000 1112.448486 0.000000 790.182983
34562.875000 1112.448486 0.000000 790.283020
34562.875000 1112.448486 0.000000 790.380981
34562.875000 1112.448486 0.000000 790.478027
34562.875000 1112.448486 0.000000 790.586975
34562.875000 1112.448486 0.000000 790.672974
34562.875000 1112.448486 0.000000 790.778015
34562.875000 1112.448486 0.000000 790.877991
34562.875000 1112.448486 0.000000 790.981995
34562.875000 1112.448486 0.000000 791.078003
34562.875000 1112.448486 0.000000 791.179993
34562.875000 1112.448486 0.000000 791.276001
34562.875000 1112.448486 0.000000 791.383972
34562.875000 1112.448486 0.000000 791.500977
34562.875000 1112.448486 0.000000 791.591003
34562.875000 1112.448486 0.000000 791.685974
34562.875000 1112.448486 0.000000 791.786011
34562.875000 1112.448486 0.000000 791.895996
34562.875000 1112.448486 0.000000 791.981018
34562.875000 1112.448486 0.000000 792.091003
34562.875000 1112.448486 0.000000 792.193970
34562.875000 1112.448486 0.000000 792.289001
34562.875000 1112.448486 0.000000 792.382019
34562.875000 1112.448486 0.000000 792.486023
34562.875000 1112.448486 0.000000 792.588013
34562.875000 1112.448486 0.000000 792.690979
34562.875000 1112.448486 0.000000 792.781006
34562.875000 1112.448486 0.000000 792.885010
34562.875000 1112.448486 0.000000 792.986023
34562.875000 1112.448486 0.000000 793.086975
34562.875000 1112.448486 0.000000 793.195984
34562.875000 1112.448486 0.000000 793.281006
34562.875000 1112.448486 0.000000 793.390991
34562.875000 1112.448486 0.000000 793.486023
34562.875000 1112.448486 0.000000 793.585999
34562.875000 1112.448486 0.000000 793.681030
34562.875000 1112.448486 0.000000 793.796021
34562.875000 1112.448486 0.000000 793.890991
34562.875000 1112.448486 0.000000 793.987000
34562.875000 1112.448486 0.000000 794.091980
34562.875000 1112.448486 0.000000 794.190002
34562.875000 1112.448486 0.000000 794.294983
34562.875000 1112.448486 0.000000 794.383972
34562.875000 1112.448486 0.000000 794.484009
34562.875000 1112.448486 0.000000 794.591003
34562.875000 1112.448486 0.000000 794.693970
34562.875000 1112.448486 0.000000 794.789978
34562.875000 1112.448486 0.000000 794.888977
34562.875000 1112.448486 0.000000 794.984009
34562.875000 1112.448486 0.000000 795.086975
34562.875000 1112.448486 0.000000 795.182007
34562.875000 1112.448486 0.000000 795.289978
34562.875000 1112.448486 0.000000 795.393005
34562.875000 1112.448486 0.000000 795.499023
34562.875000 1112.448486 0.000000 795.586975
34562.875000 1112.448486 0.000000 795.687988
34562.875000 1112.448486 0.000000 795.793030
34562.875000 1112.448486 0.000000 795.893005
34562.875000 1112.448486 0.000000 795.997986
34562.875000 1112.448486 0.000000 796.093018
34562.875000 1112.448486 0.000000 796.187988
34562.875000 1112.448486 0.000000 796.288025
34562.875000 1112.448486 0.000000 796.387024
34562.875000 1112.448486 0.000000 796.487000
34562.875000 1112.448486 0.000000 796.596985
34562.875000 1112.448486 0.000000 796.692017
34562.875000 1112.448486 0.000000 796.794983
34562.875000 1112.448486 0.000000 796.895020
34562.875000 1112.448486 0.000000 796.994995
34562.875000 1112.448486 0.000000 797.099976
34562.875000 1112.448486 0.000000 797.200012
34562.875000 1112.448486 0.000000 797.294983
34562.875000 1112.448486 0.000000 797.395020
34562.875000 1112.448486 0.000000 797.500000
34562.875000 1112.448486 0.000000 797.581970
34562.875000 1112.448486 0.000000 797.692017
34562.875000 1112.448486 0.000000 797.786987
34562.875000 1112.448486 0.000000 797.901001
34562.875000 1112.448486 0.000000 797.987000
34562.875000 1112.448486 0.000000 798.085999
34562.875000 1112.448486 0.000000 798.208008
34562.875000 1112.448486 0.000000 798.288025
34562.875000 1112.448486 0.000000 798.382996
34562.875000 1112.448486 0.000000 798.482971
34562.875000 1112.448486 0.000000 798.583008
34562.875000 1112.448486 0.000000 798.690979
34562.875000 1112.448486 0.000000 798.796021
34562.875000 1112.448486 0.000000 798.901001
34562.875000 1112.448486 0.000000 798.995972
34562.875000 1112.448486 0.000000 799.101990
34562.875000 1112.448486 0.000000 799.197021
34562.875000 1112.448486 0.000000 799.291992
34562.875000 1112.448486 0.000000 799.396973
34562.875000 1112.448486 0.000000 799.482971
34562.875000 1112.448486 0.000000 799.598022
34562.875000 1112.448486 0.000000 799.692993
34562.875000 1112.448486 0.000000 799.789978
34562.875000 1112.448486 0.000000 799.885986
34562.875000 1112.448486 0.000000 799.984985
34562.875000 1112.448486 0.000000 800.090027
34562.875000 1112.448486 0.000000 800.195007
34562.875000 1112.448486 0.000000 800.289978
34562.875000 1112.448486 0.000000 800.395996
34562.875000 1112.448486 0.000000 800.486023
34562.875000 1112.448486 0.000000 800.590027
34562.875000 1112.448486 0.000000 800.690002
34562.875000 1112.448486 0.000000 800.789978
34562.875000 1112.448486 0.000000 800.890991
34562.875000 1112.448486 0.000000 800.984985
34562.875000 1112.448486 0.000000 801.090027
34562.875000 1112.448486 0.000000 801.197021
34562.875000 1112.448486 0.000000 801.293030
34562.875000 1112.448486 0.000000 801.387024
34562.875000 1112.448486 0.000000 801.484985
34562.875000 1112.448486 0.000000 801.588989
34562.875000 1112.448486 0.000000 801.684021
34562.875000 1112.448486 0.000000 801.789001
34562.875000 1112.448486 0.000000 801.901978
34562.875000 1112.448486 0.000000 801.989990
34562.875000 1112.448486 0.000000 802.090027
34562.875000 1112.448486 0.000000 802.197021
34562.875000 1112.448486 0.000000 802.296997
34562.875000 1112.448486 0.000000 802.390991
34562.875000 1112.448486 0.000000 802.491028
34562.875000 1112.448486 0.000000 802.596008
34562.875000 1112.448486 0.000000 802.692017
34562.875000 1112.448486 0.000000 802.809998
34562.875000 1112.448486 0.000000 802.909973
34562.875000 1112.448486 0.000000 802.994995
34562.875000 1112.448486 0.000000 803.101013
34562.875000 1112.448486 0.000000 803.189026
34562.875000 1112.448486 0.000000 803.294983
34562.875000 1112.448486 0.000000 803.390015
34562.875000 1112.448486 0.000000 803.489990
34562.875000 1112.448486 0.000000 803.599976
34562.875000 1112.448486 0.000000 803.690002
34562.875000 1112.448486 0.000000 803.789978
34562.875000 1112.448486 0.000000 803.898010
34562.875000 1112.448486 0.000000 804.000000
34562.875000 1112.448486 0.000000 804.093994
34562.875000 1112.448486 0.000000 804.198975
34562.875000 1112.448486 0.000000 804.294983
34562.875000 1112.448486 0.000000 804.390015
34562.875000 1112.448486 0.000000 804.494995
34562.875000 1112.448486 0.000000 804.591003
34562.875000 1112.448486 0.000000 804.695007
34562.875000 1112.448486 0.000000 804.801025
34562.875000 1112.448486 0.000000 804.895996
34562.875000 1112.448486 0.000000 804.995972
34562.875000 1112.448486 0.000000 805.091003
34562.875000 1112.448486 0.000000 805.193970
34562.875000 1112.448486 0.000000 805.289001
34562.875000 1112.448486 0.000000 805.395020
34562.875000 1112.448486 0.000000 805.499023
34562.875000 1112.448486 0.000000 805.603027
34562.875000 1112.448486 0.000000 805.703979
34562.875000 1112.448486 0.000000 805.804016
34562.875000 1112.448486 0.000000 805.903992
34562.875000 1112.448486 0.000000 806.004028
34562.875000 1112.448486 0.000000 806.104004
34562.875000 1112.448486 0.000000 806.193970
34562.875000 1112.448486 0.000000 806.299011
34562.875000 1112.448486 0.000000 806.401001
34562.875000 1112.448486 0.000000 806.504028
34562.875000 1112.448486 0.000000 806.593018
34562.875000 1112.448486 0.000000 806.698975
34562.875000 1112.448486 0.000000 806.809021
34562.875000 1112.448486 0.000000 806.898987
34562.875000 1112.448486 0.000000 807.004028
34562.875000 1112.448486 0.000000 807.098999
34562.875000 1112.448486 0.000000 807.213013
34562.875000 1112.448486 0.000000 807.312988
34562.875000 1112.448486 0.000000 807.408020
34562.875000 1112.448486 0.000000 807.502991
34562.875000 1112.448486 0.000000 807.594971
34562.875000 1112.448486 0.000000 807.693970
34562.875000 1112.448486 0.000000 807.793030
34562.875000 1112.448486 0.000000 807.903015
34562.875000 1112.448486 0.000000 808.000000
34562.875000 1112.448486 0.000000 808.096985
34562.875000 1112.448486 0.000000 808.190979
34562.875000 1112.448486 0.000000 808.296021
34562.875000 1112.448486 0.000000 808.398010
34562.875000 1112.448486 0.000000 808.502991
34562.875000 1112.448486 0.000000 808.603027
34562.875000 1112.448486 0.000000 808.703003
34562.875000 1112.448486 0.000000 808.802979
34562.875000 1112.448486 0.000000 808.903015
34562.875000 1112.448486 0.000000 809.002991
34562.875000 1112.448486 0.000000 809.103027
34562.875000 1112.448486 0.000000 809.203003
34562.875000 1112.448486 0.000000 809.302979
34562.875000 1112.448486 0.000000 809.398010
34562.875000 1112.448486 0.000000 809.497986
34562.875000 1112.448486 0.000000 809.598022
34562.875000 1112.448486 0.000000 809.698975
34562.875000 1112.448486 0.000000 809.793030
34562.875000 1112.448486 0.000000 809.898010
34562.875000 1112.448486 0.000000 809.992981
34562.875000 1112.448486 0.000000 810.093018
34562.875000 1112.448486 0.000000 810.197998
34562.875000 1112.448486 0.000000 810.294006
34562.875000 1112.448486 0.000000 810.403992
34562.875000 1112.448486 0.000000 810.494995
34562.875000 1112.448486 0.000000 810.593018
34562.875000 1112.448486 0.000000 810.692993
34562.875000 1112.448486 0.000000 810.788025
34562.875000 1112.448486 0.000000 810.903992
34562.875000 1112.448486 0.000000 811.007019
34562.875000 1112.448486 0.000000 811.112000
34562.875000 1112.448486 0.000000 811.202026
34562.875000 1112.448486 0.000000 811.307983
34562.875000 1112.448486 0.000000 811.408020
34562.875000 1112.448486 0.000000 811.510010
34562.875000 1112.448486 0.000000 811.601013
34562.875000 1112.448486 0.000000 811.698975
34562.875000 1112.448486 0.000000 811.797974
34562.875000 1112.448486 0.000000 811.893982
34562.875000 1112.448486 0.000000 811.997986
34562.875000 1112.448486 0.000000 812.098022
34562.875000 1112.448486 0.000000 812.200012
34562.875000 1112.448486 0.000000 812.299011
34562.875000 1112.448486 0.000000 812.398010
34562.875000 1112.448486 0.000000 812.497986
34562.875000 1112.448486 0.000000 812.591980
34562.875000 1112.448486 0.000000 812.706970
34562.875000 1112.448486 0.000000 812.796021
34562.875000 1112.448486 0.000000 812.895996
34562.875000 1112.448486 0.000000 813.005005
34562.875000 1112.448486 0.000000 813.098022
34562.875000 1112.448486 0.000000 813.193970
34562.875000 1112.448486 0.000000 813.301025
34562.875000 1112.448486 0.000000 813.406006
34562.875000 1112.448486 0.000000 813.505981
34562.875000 1112.448486 0.000000 813.606018
34562.875000 1112.448486 0.000000 813.705994
34562.875000 1112.448486 0.000000 813.793030
34562.875000 1112.448486 0.000000 813.901978
34562.875000 1112.448486 0.000000 813.992981
34562.875000 1112.448486 0.000000 814.093018
34562.875000 1112.448486 0.000000 814.200989
34562.875000 1112.448486 0.000000 814.293030
34562.875000 1112.448486 0.000000 814.393005
34562.875000 1112.448486 0.000000 814.499023
34563.000000 1112.448486 0.000000 814.598022
34563.000000 1112.448486 0.000000 814.702026
34563.000000 1112.448486 0.000000 814.801025
34563.000000 1112.448486 0.000000 814.898010
34563.000000 1112.448486 0.000000 815.004028
34563.000000 1112.448486 0.000000 815.106018
34563.000000 1112.448486 0.000000 815.200989
34563.000000 1112.448486 0.000000 815.309021
34563.000000 1112.448486 0.000000 815.398010
34563.000000 1112.448486 0.000000 815.499023
34563.000000 1112.448486 0.000000 815.593994
34563.000000 1112.448486 0.000000 815.693970
34563.000000 1112.448486 0.000000 815.794006
34563.000000 1112.448486 0.000000 815.892029
34563.000000 1112.448486 0.000000 815.999023
34563.000000 1112.448486 0.000000 816.093994
34563.000000 1112.448486 0.000000 816.193970
34563.000000 1112.448486 0.000000 816.302979
34563.000000 1112.448486 0.000000 816.395020
34563.000000 1112.448486 0.000000 816.494019
34563.000000 1112.448486 0.000000 816.598999
34563.000000 1112.448486 0.000000 816.693970
34563.000000 1112.448486 0.000000 816.812988
34563.000000 1112.448486 0.000000 816.893005
34563.000000 1112.448486 0.000000 817.013977
34563.000000 1112.448486 0.000000 817.104004
34563.000000 1112.448486 0.000000 817.197998
34563.000000 1112.448486 0.000000 817.302002
34563.000000 1112.448486 0.000000 817.393005
34563.000000 1112.448486 0.000000 817.492981
34563.000000 1112.448486 0.000000 817.598022
34563.000000 1112.448486 0.000000 817.697998
34563.000000 1112.448486 0.000000 817.801025
34563.000000 1112.448486 0.000000 817.895996
34563.000000 1112.448486 0.000000 817.995972
34563.000000 1112.448486 0.000000 818.096008
34563.000000 1112.448486 0.000000 818.198975
34563.000000 1112.448486 0.000000 818.302979
34563.000000 1112.448486 0.000000 818.408020
34563.000000 1112.448486 0.000000 818.502991
34563.000000 1112.448486 0.000000 818.603027
34563.000000 1112.448486 0.000000 818.695984
34563.000000 1112.448486 0.000000 818.802979
34563.000000 1112.448486 0.000000 818.895996
34563.000000 1112.448486 0.000000 818.991028
34563.000000 1112.448486 0.000000 819.101013
34563.000000 1112.448486 0.000000 819.200989
34563.000000 1112.448486 0.000000 819.296997
34563.000000 1112.448486 0.000000 819.395996
34563.000000 1112.448486 0.000000 819.500000
34563.000000 1112.448486 0.000000 819.598999
34563.000000 1112.448486 0.000000 819.703979
34563.000000 1112.448486 0.000000 819.804993
34563.000000 1112.448486 0.000000 819.893982
34563.000000 1112.448486 0.000000 819.999023
34563.000000 1112.448486 0.000000 820.098999
34563.000000 1112.448486 0.000000 820.198975
34563.000000 1112.448486 0.000000 820.304016
34563.000000 1112.448486 0.000000 820.398987
34563.000000 1112.448486 0.000000 820.504028
34563.000000 1112.448486 0.000000 820.598999
34563.000000 1112.448486 0.000000 820.693970
34563.000000 1112.448486 0.000000 820.807007
34563.500000 1112.448486 0.000000 820.901001
34563.500000 1112.448486 0.000000 821.005005
34563.500000 1112.448486 0.000000 821.109009
34563.500000 1112.448486 0.000000 821.208984
34563.500000 1112.448486 0.000000 821.309021
34563.500000 1112.448486 0.000000 821.403992
34563.500000 1112.448486 0.000000 821.499023
34563.500000 1112.448486 0.000000 821.598999
34563.500000 1112.448486 0.000000 821.698975
34563.500000 1112.448486 0.000000 821.794006
34563.500000 1112.448486 0.000000 821.901001
34563.500000 1112.448486 0.000000 822.004028
34563.500000 1112.448486 0.000000 822.093994
34563.500000 1112.448486 0.000000 822.198975
34563.500000 1112.448486 0.000000 822.296997
34563.500000 1112.448486 0.000000 822.414001
34563.500000 1112.448486 0.000000 822.499023
34563.500000 1112.448486 0.000000 822.598999
34563.500000 1112.448486 0.000000 822.695007
34563.500000 1112.448486 0.000000 822.806030
34563.500000 1112.448486 0.000000 822.903015
34563.500000 1112.448486 0.000000 823.000000
34563.500000 1112.448486 0.000000 823.094971
34563.625000 1112.448486 0.000000 823.195007
34563.625000 1112.448486 0.000000 823.310974
34563.625000 1112.448486 0.000000 823.401001
34563.625000 1112.448486 0.000000 823.495972
34563.625000 1112.448486 0.000000 823.594971
34563.625000 1112.448486 0.000000 823.700012
34563.625000 1112.448486 0.000000 823.797974
34563.625000 1112.448486 0.000000 823.903992
34563.625000 1112.448486 0.000000 824.000000
34563.625000 1112.448486 0.000000 824.104980
34563.625000 1112.448486 0.000000 824.208008
34563.625000 1112.448486 0.000000 824.299988
34563.625000 1112.448486 0.000000 824.408997
34563.625000 1112.448486 0.000000 824.508972
34563.625000 1112.448486 0.000000 824.606995
34563.625000 1112.448486 0.000000 824.706970
34563.625000 1112.448486 0.000000 824.807007
34563.625000 1112.448486 0.000000 824.901978
34563.625000 1112.448486 0.000000 825.000000
34563.625000 1112.448486 0.000000 825.094971
34563.625000 1112.448486 0.000000 825.211975
34563.625000 1112.448486 0.000000 825.302979
34563.625000 1112.448486 0.000000 825.405029
34563.625000 1112.448486 0.000000 825.494995
34563.625000 1112.448486 0.000000 825.619995
34563.625000 1112.448486 0.000000 825.700012
34563.625000 1112.448486 0.000000 825.796021
34563.625000 1112.448486 0.000000 825.898010
34563.625000 1112.448486 0.000000 826.004028
34563.625000 1112.448486 0.000000 826.101013
34563.625000 1112.448486 0.000000 826.206970
34563.625000 1112.448486 0.000000 826.309998
34563.625000 1112.448486 0.000000 826.408020
34563.625000 1112.448486 0.000000 826.495972
34563.625000 1112.448486 0.000000 826.596008
34563.625000 1112.448486 0.000000 826.695984
34563.625000 1112.448486 0.000000 826.799988
34563.625000 1112.448486 0.000000 826.898987
34563.625000 1112.448486 0.000000 826.994019
34563.625000 1112.448486 0.000000 827.106018
34563.625000 1112.448486 0.000000 827.203979
34563.625000 1112.448486 0.000000 827.302002
34563.625000 1112.448486 0.000000 827.398987
34563.625000 1112.448486 0.000000 827.508972
34563.625000 1112.448486 0.000000 827.609009
34563.625000 1112.448486 0.000000 827.703979
34563.625000 1112.448486 0.000000 827.809021
34563.625000 1112.448486 0.000000 827.908997
34563.625000 1112.448486 0.000000 828.008972
34563.625000 1112.448486 0.000000 828.104004
34563.625000 1112.448486 0.000000 828.203979
34563.625000 1112.448486 0.000000 828.294983
34563.625000 1112.448486 0.000000 828.401001
34563.625000 1112.448486 0.000000 828.494995
34563.625000 1112.448486 0.000000 828.598022
34563.625000 1112.448486 0.000000 828.697998
34563.625000 1112.448486 0.000000 828.793030
34563.625000 1112.448486 0.000000 828.893982
34563.625000 1112.448486 0.000000 829.002991
34563.625000 1112.448486 0.000000 829.098022
34563.625000 1112.448486 0.000000 829.197998
34563.750000 1112.448486 0.000000 829.296021
34563.750000 1112.448486 0.000000 829.398010
34563.750000 1112.448486 0.000000 829.499023
34563.750000 1112.448486 0.000000 829.598022
34563.750000 1112.448486 0.000000 829.697998
34563.750000 1112.448486 0.000000 829.797974
34563.750000 1112.448486 0.000000 829.900024
34563.750000 1112.448486 0.000000 830.005981
34563.750000 1112.448486 0.000000 830.098022
34563.750000 1112.448486 0.000000 830.203979
34563.750000 1112.448486 0.000000 830.304016
34563.750000 1112.448486 0.000000 830.401978
34563.750000 1112.448486 0.000000 830.502014
34563.750000 1112.448486 0.000000 830.598999
34563.750000 1112.448486 0.000000 830.698975
34563.750000 1112.448486 0.000000 830.799011
34563.750000 1112.448486 0.000000 830.906006
34563.750000 1112.448486 0.000000 830.999023
34563.750000 1112.448486 0.000000 831.104980
34563.750000 1112.448486 0.000000 831.198975
34563.750000 1112.448486 0.000000 831.306030
34563.750000 1112.448486 0.000000 831.398987
34563.750000 1112.448486 0.000000 831.499023
34563.750000 1112.448486 0.000000 831.604004
34563.750000 1112.448486 0.000000 831.698975
34563.750000 1112.448486 0.000000 831.823975
34563.750000 1112.448486 0.000000 832.013977
34563.750000 1112.448486 0.000000 832.109009
34563.750000 1112.448486 0.000000 832.208984
34563.750000 1112.448486 0.000000 832.307983
34563.750000 1112.448486 0.000000 832.408020
34563.750000 1112.448486 0.000000 832.499023
34563.750000 1112.448486 0.000000 832.603027
34563.750000 1112.448486 0.000000 832.703003
34563.750000 1112.448486 0.000000 832.802979
34563.750000 1112.448486 0.000000 832.903015
34563.750000 1112.448486 0.000000 833.007996
34563.750000 1112.448486 0.000000 833.109985
34563.750000 1112.448486 0.000000 833.210022
34563.750000 1112.448486 0.000000 833.307007
34563.750000 1112.448486 0.000000 833.419006
34563.750000 1112.448486 0.000000 833.518982
34563.750000 1112.448486 0.000000 833.614014
34563.750000 1112.448486 0.000000 833.708984
34563.750000 1112.448486 0.000000 833.812012
34563.750000 1112.448486 0.000000 833.901001
34563.750000 1112.448486 0.000000 834.007019
34563.750000 1112.448486 0.000000 834.104004
34563.750000 1112.448486 0.000000 834.203979
34563.750000 1112.448486 0.000000 834.304993
34563.750000 1112.448486 0.000000 834.416016
34563.750000 1112.448486 0.000000 834.510986
34563.750000 1112.448486 0.000000 834.611023
34563.750000 1112.448486 0.000000 834.710999
34563.750000 1112.448486 0.000000 834.812012
34563.750000 1112.448486 0.000000 834.924011
34563.750000 1112.448486 0.000000 835.013977
34563.750000 1112.448486 0.000000 835.109009
34563.750000 1112.448486 0.000000 835.213989
34563.750000 1112.448486 0.000000 835.309021
34563.750000 1112.448486 0.000000 835.419006
34563.750000 1112.448486 0.000000 835.508972
34563.750000 1112.448486 0.000000 835.614014
34563.750000 1112.448486 0.000000 835.713989
34563.750000 1112.448486 0.000000 835.809021
34563.750000 1112.448486 0.000000 835.914001
34563.750000 1112.448486 0.000000 836.018982
34563.750000 1112.448486 0.000000 836.104004
34563.750000 1112.448486 0.000000 836.206970
34563.750000 1112.448486 0.000000 836.299011
34563.750000 1112.448486 0.000000 836.409973
34563.750000 1112.448486 0.000000 836.504028
34563.750000 1112.448486 0.000000 836.607971
34563.750000 1112.448486 0.000000 836.706970
34563.750000 1112.448486 0.000000 836.815979
34563.750000 1112.448486 0.000000 836.911011
34563.750000 1112.448486 0.000000 837.005981
34563.750000 1112.448486 0.000000 837.111023
34563.750000 1112.448486 0.000000 837.208984
34563.750000 1112.448486 0.000000 837.302979
34563.750000 1112.448486 0.000000 837.406982
34563.750000 1112.448486 0.000000 837.517029
34563.750000 1112.448486 0.000000 837.607971
34563.750000 1112.448486 0.000000 837.703003
34563.750000 1112.448486 0.000000 837.802979
34563.750000 1112.448486 0.000000 837.900024
34563.750000 1112.448486 0.000000 837.999023
34563.750000 1112.448486 0.000000 838.112976
34563.750000 1112.448486 0.000000 838.203003
34563.750000 1112.448486 0.000000 838.307983
34563.750000 1112.448486 0.000000 838.408020
34563.750000 1112.448486 0.000000 838.502991
34563.750000 1112.448486 0.000000 838.617981
34563.750000 1112.448486 0.000000 838.708008
34563.750000 1112.448486 0.000000 838.807983
34563.750000 1112.448486 0.000000 838.918030
34563.750000 1112.448486 0.000000 839.013000
34563.750000 1112.448486 0.000000 839.117981
34563.750000 1112.448486 0.000000 839.213013
34563.750000 1112.448486 0.000000 839.317993
34563.750000 1112.448486 0.000000 839.418030
34563.750000 1112.448486 0.000000 839.508972
34563.750000 1112.448486 0.000000 839.603027
34563.750000 1112.448486 0.000000 839.708008
34563.750000 1112.448486 0.000000 839.807983
34563.750000 1112.448486 0.000000 839.903015
34563.750000 1112.448486 0.000000 840.028015
34563.750000 1112.448486 0.000000 840.107971
34563.750000 1112.448486 0.000000 840.208008
34563.750000 1112.448486 0.000000 840.307983
34563.750000 1112.448486 0.000000 840.408020
34563.750000 1112.448486 0.000000 840.507996
34563.750000 1112.448486 0.000000 840.616028
34563.750000 1112.448486 0.000000 840.710999
34563.750000 1112.448486 0.000000 840.807983
34563.750000 1112.448486 0.000000 840.908020
34563.750000 1112.448486 0.000000 841.013977
34563.750000 1112.448486 0.000000 841.109009
34563.750000 1112.448486 0.000000 841.216980
34563.750000 1112.448486 0.000000 841.304993
34563.750000 1112.448486 0.000000 841.414001
34563.750000 1112.448486 0.000000 841.510010
34563.750000 1112.448486 0.000000 841.609009
34563.750000 1112.448486 0.000000 841.708984
34563.750000 1112.448486 0.000000 841.804993
34563.750000 1112.448486 0.000000 841.908997
34563.750000 1112.448486 0.000000 842.018005
34563.750000 1112.448486 0.000000 842.117981
34563.750000 1112.448486 0.000000 842.218018
34563.750000 1112.448486 0.000000 842.317993
34563.750000 1112.448486 0.000000 842.408997
34563.750000 1112.448486 0.000000 842.507019
34563.750000 1112.448486 0.000000 842.609985
34563.750000 1112.448486 0.000000 842.706970
34563.750000 1112.448486 0.000000 842.810974
34563.750000 1112.448486 0.000000 842.911011
34563.750000 1112.448486 0.000000 843.020020
34563.750000 1112.448486 0.000000 843.117004
34563.750000 1112.448486 0.000000 843.218018
34563.750000 1112.448486 0.000000 843.306030
34563.750000 1112.448486 0.000000 843.411987
34563.750000 1112.448486 0.000000 843.510986
34563.750000 1112.448486 0.000000 843.620972
34563.750000 1112.448486 0.000000 843.716003
34563.750000 1112.448486 0.000000 843.820984
34563.750000 1112.448486 0.000000 843.916016
34563.750000 1112.448486 0.000000 844.015991
34563.750000 1112.448486 0.000000 844.125977
34563.750000 1112.448486 0.000000 844.205994
34563.750000 1112.448486 0.000000 844.310974
34563.750000 1112.448486 0.000000 844.406006
34563.750000 1112.448486 0.000000 844.505981
34563.750000 1112.448486 0.000000 844.611023
34563.750000 1112.448486 0.000000 844.705994
34563.750000 1112.448486 0.000000 844.810974
34563.750000 1112.448486 0.000000 844.906006
34563.750000 1112.448486 0.000000 845.015991
34563.750000 1112.448486 0.000000 845.111023
34563.750000 1112.448486 0.000000 845.205994
34563.750000 1112.448486 0.000000 845.306030
34563.750000 1112.448486 0.000000 845.411011
34563.750000 1112.448486 0.000000 845.510986
34563.750000 1112.448486 0.000000 845.611023
34563.750000 1112.448486 0.000000 845.716003
34563.750000 1112.448486 0.000000 845.820007
34563.750000 1112.448486 0.000000 845.914978
34563.750000 1112.448486 0.000000 846.015015
34563.750000 1112.448486 0.000000 846.119995
34563.750000 1112.448486 0.000000 846.215027
34563.750000 1112.448486 0.000000 846.306030
34563.750000 1112.448486 0.000000 846.406006
34563.750000 1112.448486 0.000000 846.507996
34563.750000 1112.448486 0.000000 846.612000
34563.750000 1112.448486 0.000000 846.716003
34563.750000 1112.448486 0.000000 846.806030
34563.750000 1112.448486 0.000000 846.906006
34563.750000 1112.448486 0.000000 847.013977
34563.750000 1112.448486 0.000000 847.130005
34563.750000 1112.448486 0.000000 847.215027
34563.750000 1112.448486 0.000000 847.306030
34563.750000 1112.448486 0.000000 847.405029
34563.750000 1112.448486 0.000000 847.505981
34563.750000 1112.448486 0.000000 847.612976
34563.750000 1112.448486 0.000000 847.708008
34563.750000 1112.448486 0.000000 847.812988
34563.750000 1112.448486 0.000000 847.906006
34563.750000 1112.448486 0.000000 848.004028
34563.750000 1112.448486 0.000000 848.107971
34563.750000 1112.448486 0.000000 848.208008
34563.750000 1112.448486 0.000000 848.322021
34563.750000 1112.448486 0.000000 848.409973
34563.750000 1112.448486 0.000000 848.510986
34563.750000 1112.448486 0.000000 848.624023
34563.750000 1112.448486 0.000000 848.721008
34563.750000 1112.448486 0.000000 848.815002
34563.750000 1112.448486 0.000000 848.924011
34563.750000 1112.448486 0.000000 849.026978
34563.750000 1112.448486 0.000000 849.120972
34563.750000 1112.448486 0.000000 849.221008
34563.750000 1112.448486 0.000000 849.312988
34563.750000 1112.448486 0.000000 849.418030
34563.750000 1112.448486 0.000000 849.513000
34563.750000 1112.448486 0.000000 849.617981
34563.750000 1112.448486 0.000000 849.713013
34563.750000 1112.448486 0.000000 849.817993
34563.750000 1112.448486 0.000000 849.918030
34563.750000 1112.448486 0.000000 850.013000
34563.750000 1112.448486 0.000000 850.112976
34563.750000 1112.448486 0.000000 850.218018
34563.750000 1112.448486 0.000000 850.314026
34563.750000 1112.448486 0.000000 850.421021
34563.750000 1112.448486 0.000000 850.513000
34563.750000 1112.448486 0.000000 850.617981
34563.750000 1112.448486 0.000000 850.710999
34563.750000 1112.448486 0.000000 850.815979
34563.750000 1112.448486 0.000000 850.916016
34563.750000 1112.448486 0.000000 851.013977
34563.750000 1112.448486 0.000000 851.120972
34563.750000 1112.448486 0.000000 851.229980
34563.750000 1112.448486 0.000000 851.327026
34563.750000 1112.448486 0.000000 851.421021
34563.750000 1112.448486 0.000000 851.526978
34563.750000 1112.448486 0.000000 851.622009
34563.750000 1112.448486 0.000000 851.728027
34563.750000 1112.448486 0.000000 851.818970
34563.750000 1112.448486 0.000000 851.919006
34563.750000 1112.448486 0.000000 852.023987
34563.750000 1112.448486 0.000000 852.124023
34563.750000 1112.448486 0.000000 852.315979
34563.750000 1112.448486 0.000000 852.427002
34563.750000 1112.448486 0.000000 852.515015
34563.750000 1112.448486 0.000000 852.614014
34563.750000 1112.448486 0.000000 852.718994
34563.750000 1112.448486 0.000000 852.823975
34563.750000 1112.448486 0.000000 852.919006
34563.750000 1112.448486 0.000000 853.013977
34563.750000 1112.448486 0.000000 853.119019
34563.750000 1112.448486 0.000000 853.226013
34563.750000 1112.448486 0.000000 853.323975
34563.750000 1112.448486 0.000000 853.419006
34563.750000 1112.448486 0.000000 853.518982
34563.750000 1112.448486 0.000000 853.619019
34563.750000 1112.448486 0.000000 853.731018
34563.750000 1112.448486 0.000000 853.820984
34563.750000 1112.448486 0.000000 853.921021
34563.750000 1112.448486 0.000000 854.017029
34563.750000 1112.448486 0.000000 854.130005
34563.750000 1112.448486 0.000000 854.223022
34563.750000 1112.448486 0.000000 854.320984
34563.750000 1112.448486 0.000000 854.427002
34563.750000 1112.448486 0.000000 854.640991
34563.750000 1112.448486 0.000000 854.830994
34563.750000 1112.448486 0.000000 854.927002
34563.750000 1112.448486 0.000000 855.026978
34563.750000 1112.448486 0.000000 855.119995
34563.750000 1112.448486 0.000000 855.229004
34563.750000 1112.448486 0.000000 855.325012
34563.750000 1112.448486 0.000000 855.427979
34563.750000 1112.448486 0.000000 855.526001
34563.750000 1112.448486 0.000000 855.625977
34563.750000 1112.448486 0.000000 855.724976
34563.750000 1112.448486 0.000000 855.830994
34563.750000 1112.448486 0.000000 855.921997
34563.750000 1112.448486 0.000000 856.026978
34563.750000 1112.448486 0.000000 856.130005
34563.750000 1112.448486 0.000000 856.221985
34563.750000 1112.448486 0.000000 856.322021
34563.750000 1112.448486 0.000000 856.421997
34563.750000 1112.448486 0.000000 856.530029
34563.750000 1112.448486 0.000000 856.625000
34563.750000 1112.448486 0.000000 856.729980
34563.750000 1112.448486 0.000000 856.827026
34563.750000 1112.448486 0.000000 856.927002
34563.750000 1112.448486 0.000000 857.018982
34563.750000 1112.448486 0.000000 857.122009
34563.750000 1112.448486 0.000000 857.226990
34563.750000 1112.448486 0.000000 857.322021
34563.750000 1112.448486 0.000000 857.421997
34563.750000 1112.448486 0.000000 857.526978
34563.750000 1112.448486 0.000000 857.627014
34563.750000 1112.448486 0.000000 857.724976
34563.750000 1112.448486 0.000000 857.825012
34563.750000 1112.448486 0.000000 857.927979
34563.750000 1112.448486 0.000000 858.028015
34563.750000 1112.448486 0.000000 858.125000
34563.750000 1112.448486 0.000000 858.239014
34563.750000 1112.448486 0.000000 858.333984
34563.750000 1112.448486 0.000000 858.439026
34563.750000 1112.448486 0.000000 858.528992
34563.750000 1112.448486 0.000000 858.633972
34563.750000 1112.448486 0.000000 858.734009
34563.750000 1112.448486 0.000000 858.833984
34563.750000 1112.448486 0.000000 858.945984
34563.750000 1112.448486 0.000000 859.033020
34563.750000 1112.448486 0.000000 859.127991
34563.750000 1112.448486 0.000000 859.241028
34563.750000 1112.448486 0.000000 859.325989
34563.750000 1112.448486 0.000000 859.445984
34563.750000 1112.448486 0.000000 859.536011
34563.750000 1112.448486 0.000000 859.635986
34563.750000 1112.448486 0.000000 859.736023
34563.750000 1112.448486 0.000000 859.827026
34563.750000 1112.448486 0.000000 859.919983
34563.750000 1112.448486 0.000000 860.020020
34563.750000 1112.448486 0.000000 860.135010
34563.750000 1112.448486 0.000000 860.244995
34563.750000 1112.448486 0.000000 860.330017
34563.750000 1112.448486 0.000000 860.434998
34563.750000 1112.448486 0.000000 860.534973
34563.750000 1112.448486 0.000000 860.637024
34563.750000 1112.448486 0.000000 860.726990
34563.750000 1112.448486 0.000000 860.831970
34563.750000 1112.448486 0.000000 860.937012
34563.750000 1112.448486 0.000000 861.026978
34563.750000 1112.448486 0.000000 861.125000
34563.750000 1112.448486 0.000000 861.228027
34563.750000 1112.448486 0.000000 861.333008
34563.750000 1112.448486 0.000000 861.419983
34563.750000 1112.448486 0.000000 861.520020
34563.750000 1112.448486 0.000000 861.632019
34563.750000 1112.448486 0.000000 861.726990
34563.750000 1112.448486 0.000000 861.827026
34563.750000 1112.448486 0.000000 861.924011
34563.750000 1112.448486 0.000000 862.020020
34563.750000 1112.448486 0.000000 862.119995
34563.750000 1112.448486 0.000000 862.223022
34563.750000 1112.448486 0.000000 862.335999
34563.750000 1112.448486 0.000000 862.437988
34563.750000 1112.448486 0.000000 862.528015
34563.750000 1112.448486 0.000000 862.632996
34563.750000 1112.448486 0.000000 862.732971
34563.750000 1112.448486 0.000000 862.838013
34563.750000 1112.448486 0.000000 862.932983
34563.750000 1112.448486 0.000000 863.033020
34563.750000 1112.448486 0.000000 863.132996
34563.750000 1112.448486 0.000000 863.228027
34563.750000 1112.448486 0.000000 863.320984
34563.750000 1112.448486 0.000000 863.424988
34563.750000 1112.448486 0.000000 863.530029
34563.750000 1112.448486 0.000000 863.622009
34563.750000 1112.448486 0.000000 863.739014
34563.750000 1112.448486 0.000000 863.838989
34563.750000 1112.448486 0.000000 863.934021
34565.250000 1112.448486 0.000000 864.044006
34565.250000 1112.448486 0.000000 864.129028
34565.250000 1112.448486 0.000000 864.226990
34565.250000 1112.448486 0.000000 864.330017
34565.250000 1112.448486 0.000000 864.424988
34565.250000 1112.448486 0.000000 864.520020
34565.250000 1112.448486 0.000000 864.619995
34565.250000 1112.448486 0.000000 864.719971
34565.250000 1112.448486 0.000000 864.820007
34565.250000 1112.448486 0.000000 864.919983
34565.250000 1112.448486 0.000000 865.020020
34565.250000 1112.448486 0.000000 865.127991
34565.250000 1112.448486 0.000000 865.229980
34565.250000 1112.448486 0.000000 865.330017
34565.250000 1112.448486 0.000000 865.429993
34565.250000 1112.448486 0.000000 865.534973
34565.250000 1112.448486 0.000000 865.632996
34565.250000 1112.448486 0.000000 865.729004
34565.250000 1112.448486 0.000000 865.828003
34565.250000 1112.448486 0.000000 865.922974
34565.250000 1112.448486 0.000000 866.023010
34565.250000 1112.448486 0.000000 866.125977
34565.250000 1112.448486 0.000000 866.228027
34565.250000 1112.448486 0.000000 866.322998
34565.250000 1112.448486 0.000000 866.422974
34565.250000 1112.448486 0.000000 866.525024
34565.250000 1112.448486 0.000000 866.632996
34565.250000 1112.448486 0.000000 866.723999
34565.250000 1112.448486 0.000000 866.835022
34565.250000 1112.448486 0.000000 866.932983
34565.250000 1112.448486 0.000000 867.031982
34565.250000 1112.448486 0.000000 867.124023
34565.250000 1112.448486 0.000000 867.223999
34565.250000 1112.448486 0.000000 867.330017
34565.250000 1112.448486 0.000000 867.429016
34565.250000 1112.448486 0.000000 867.528992
34565.250000 1112.448486 0.000000 867.625000
34565.250000 1112.448486 0.000000 867.724976
34565.250000 1112.448486 0.000000 867.838013
34565.250000 1112.448486 0.000000 867.927002
34565.250000 1112.448486 0.000000 868.025024
34571.250000 1112.448486 0.000000 868.135010
34571.250000 1112.448486 0.000000 868.224976
34571.250000 1112.448486 0.000000 868.320007
34571.250000 1112.448486 0.000000 868.424011
34571.250000 1112.448486 0.000000 868.528992
34571.250000 1112.448486 0.000000 868.624023
34571.250000 1112.448486 0.000000 868.723999
34571.250000 1112.448486 0.000000 868.831970
34571.250000 1112.448486 0.000000 868.922974
34571.250000 1112.448486 0.000000 869.023010
34571.250000 1112.448486 0.000000 869.122986
34571.250000 1112.448486 0.000000 869.223999
34571.250000 1112.448486 0.000000 869.343994
34571.250000 1112.448486 0.000000 869.437012
34571.250000 1112.448486 0.000000 869.520996
34571.250000 1112.448486 0.000000 869.622986
34571.250000 1112.448486 0.000000 869.726990
34571.250000 1112.448486 0.000000 869.825989
34571.250000 1112.448486 0.000000 869.921021
34571.250000 1112.448486 0.000000 870.021973
34571.250000 1112.448486 0.000000 870.130981
34571.250000 1112.448486 0.000000 870.224976
34571.250000 1112.448486 0.000000 870.331970
34571.250000 1112.448486 0.000000 870.431030
34571.250000 1112.448486 0.000000 870.528992
34571.250000 1112.448486 0.000000 870.632019
34571.250000 1112.448486 0.000000 870.732971
34571.250000 1112.448486 0.000000 870.825012
34571.250000 1112.448486 0.000000 870.929016
34571.250000 1112.448486 0.000000 871.026001
34571.250000 1112.448486 0.000000 871.138000
34571.250000 1112.448486 0.000000 871.232971
34571.250000 1112.448486 0.000000 871.328003
34571.250000 1112.448486 0.000000 871.427979
34571.250000 1112.448486 0.000000 871.538025
34571.250000 1112.448486 0.000000 871.729004
34571.250000 1112.448486 0.000000 871.833008
34571.250000 1112.448486 0.000000 871.927979
34571.250000 1112.448486 0.000000 872.036987
34571.250000 1112.448486 0.000000 872.132019
34571.250000 1112.448486 0.000000 872.231995
34571.250000 1112.448486 0.000000 872.330994
34571.250000 1112.448486 0.000000 872.437988
34571.250000 1112.448486 0.000000 872.538025
34571.250000 1112.448486 0.000000 872.629028
34571.250000 1112.448486 0.000000 872.723999
34571.250000 1112.448486 0.000000 872.830017
34571.250000 1112.448486 0.000000 872.937012
34571.250000 1112.448486 0.000000 873.028015
34571.250000 1112.448486 0.000000 873.122986
34571.250000 1112.448486 0.000000 873.228027
34571.250000 1112.448486 0.000000 873.322998
34573.125000 1112.448486 0.000000 873.437988
34573.125000 1112.448486 0.000000 873.523010
34573.125000 1112.448486 0.000000 873.629028
34573.125000 1112.448486 0.000000 873.726013
34573.125000 1112.448486 0.000000 873.818970
34573.125000 1112.448486 0.000000 873.924011
34573.125000 1112.448486 0.000000 874.030029
34573.125000 1112.448486 0.000000 874.135010
34573.125000 1112.448486 0.000000 874.231995
34573.125000 1112.448486 0.000000 874.328003
34573.125000 1112.448486 0.000000 874.422974
34573.125000 1112.448486 0.000000 874.536011
34573.125000 1112.448486 0.000000 874.632019
34573.125000 1112.448486 0.000000 874.737000
34573.125000 1112.448486 0.000000 874.831970
34573.125000 1112.448486 0.000000 874.929993
34573.125000 1112.448486 0.000000 875.028015
34573.125000 1112.448486 0.000000 875.127991
34573.125000 1112.448486 0.000000 875.232971
34573.125000 1112.448486 0.000000 875.322998
34573.125000 1112.448486 0.000000 875.427979
34573.125000 1112.448486 0.000000 875.528015
34573.125000 1112.448486 0.000000 875.638000
34573.125000 1112.448486 0.000000 875.728027
34573.125000 1112.448486 0.000000 875.833008
34573.125000 1112.448486 0.000000 875.939026
34573.125000 1112.448486 0.000000 876.028015
34573.125000 1112.448486 0.000000 876.132996
34573.125000 1112.448486 0.000000 876.239014
34573.125000 1112.448486 0.000000 876.328979
34573.125000 1112.448486 0.000000 876.427979
34573.125000 1112.448486 0.000000 876.538025
34573.125000 1112.448486 0.000000 876.638000
34573.125000 1112.448486 0.000000 876.736023
34573.125000 1112.448486 0.000000 876.825989
34573.125000 1112.448486 0.000000 876.927979
34573.125000 1112.448486 0.000000 877.033020
34573.125000 1112.448486 0.000000 877.127991
34573.125000 1112.448486 0.000000 877.239014
34573.125000 1112.448486 0.000000 877.335999
34573.125000 1112.448486 0.000000 877.440979
34573.125000 1112.448486 0.000000 877.536011
34573.125000 1112.448486 0.000000 877.645996
34573.125000 1112.448486 0.000000 877.745972
34573.125000 1112.448486 0.000000 877.841003
34573.125000 1112.448486 0.000000 877.924988
34573.125000 1112.448486 0.000000 878.028992
34573.125000 1112.448486 0.000000 878.122986
34573.125000 1112.448486 0.000000 878.228027
34573.125000 1112.448486 0.000000 878.333008
34573.125000 1112.448486 0.000000 878.434021
34573.125000 1112.448486 0.000000 878.528992
34573.125000 1112.448486 0.000000 878.624023
34573.125000 1112.448486 0.000000 878.723999
34573.125000 1112.448486 0.000000 878.827026
34573.125000 1112.448486 0.000000 878.927002
34573.125000 1112.448486 0.000000 879.033997
34573.125000 1112.448486 0.000000 879.132019
34573.125000 1112.448486 0.000000 879.237976
34573.125000 1112.448486 0.000000 879.341003
34573.125000 1112.448486 0.000000 879.429993
34573.125000 1112.448486 0.000000 879.538025
34573.125000 1112.448486 0.000000 879.643005
34573.125000 1112.448486 0.000000 879.732971
34573.125000 1112.448486 0.000000 879.830017
34573.125000 1112.448486 0.000000 879.939026
34573.125000 1112.448486 0.000000 880.034973
34573.125000 1112.448486 0.000000 880.135010
34573.125000 1112.448486 0.000000 880.224976
34573.125000 1112.448486 0.000000 880.330017
34573.125000 1112.448486 0.000000 880.429993
34573.125000 1112.448486 0.000000 880.530029
34573.125000 1112.448486 0.000000 880.627014
34573.125000 1112.448486 0.000000 880.736023
34573.125000 1112.448486 0.000000 880.830017
34573.125000 1112.448486 0.000000 880.932983
34573.125000 1112.448486 0.000000 881.033020
34573.125000 1112.448486 0.000000 881.140015
34573.125000 1112.448486 0.000000 881.239990
34573.125000 1112.448486 0.000000 881.328003
34573.125000 1112.448486 0.000000 881.432983
34573.125000 1112.448486 0.000000 881.523010
34573.125000 1112.448486 0.000000 881.635010
34573.125000 1112.448486 0.000000 881.742981
34573.125000 1112.448486 0.000000 881.838013
34573.125000 1112.448486 0.000000 881.924988
34573.125000 1112.448486 0.000000 882.023987
34573.125000 1112.448486 0.000000 882.137024
34573.125000 1112.448486 0.000000 882.229004
34573.125000 1112.448486 0.000000 882.335022
34573.125000 1112.448486 0.000000 882.429016
34573.125000 1112.448486 0.000000 882.528992
34573.125000 1112.448486 0.000000 882.635986
34573.125000 1112.448486 0.000000 882.726013
34573.125000 1112.448486 0.000000 882.830994
34573.125000 1112.448486 0.000000 882.931030
34573.125000 1112.448486 0.000000 883.031006
34573.125000 1112.448486 0.000000 883.137024
34573.125000 1112.448486 0.000000 883.231018
34573.125000 1112.448486 0.000000 883.325989
34573.125000 1112.448486 0.000000 883.429016
34573.125000 1112.448486 0.000000 883.526001
34573.125000 1112.448486 0.000000 883.630981
34573.125000 1112.448486 0.000000 883.739014
34573.125000 1112.448486 0.000000 883.835022
34573.125000 1112.448486 0.000000 883.927979
34573.125000 1112.448486 0.000000 884.028015
34573.125000 1112.448486 0.000000 884.138977
34573.125000 1112.448486 0.000000 884.239014
34573.125000 1112.448486 0.000000 884.338989
34573.125000 1112.448486 0.000000 884.443970
34573.125000 1112.448486 0.000000 884.544006
34573.125000 1112.448486 0.000000 884.632996
34573.125000 1112.448486 0.000000 884.732971
34573.125000 1112.448486 0.000000 884.835022
34573.125000 1112.448486 0.000000 884.929993
34573.125000 1112.448486 0.000000 885.034973
34573.125000 1112.448486 0.000000 885.137024
34573.125000 1112.448486 0.000000 885.237000
34573.125000 1112.448486 0.000000 885.328979
34573.125000 1112.448486 0.000000 885.429016
34573.125000 1112.448486 0.000000 885.533997
34573.125000 1112.448486 0.000000 885.632019
34573.125000 1112.448486 0.000000 885.744019
34573.125000 1112.448486 0.000000 885.843994
34573.125000 1112.448486 0.000000 885.948975
34573.125000 1112.448486 0.000000 886.028992
34573.125000 1112.448486 0.000000 886.129028
34573.125000 1112.448486 0.000000 886.236023
34573.125000 1112.448486 0.000000 886.330994
34573.125000 1112.448486 0.000000 886.432007
34573.125000 1112.448486 0.000000 886.536987
34573.125000 1112.448486 0.000000 886.629028
34573.125000 1112.448486 0.000000 886.737000
34573.125000 1112.448486 0.000000 886.831970
34573.125000 1112.448486 0.000000 886.937012
34573.125000 1112.448486 0.000000 887.044983
34573.125000 1112.448486 0.000000 887.138000
34573.125000 1112.448486 0.000000 887.226990
34573.125000 1112.448486 0.000000 887.327026
34573.125000 1112.448486 0.000000 887.440002
34573.125000 1112.448486 0.000000 887.539978
34573.125000 1112.448486 0.000000 887.640991
34573.125000 1112.448486 0.000000 887.739014
34573.125000 1112.448486 0.000000 887.827026
34573.125000 1112.448486 0.000000 887.932007
34573.125000 1112.448486 0.000000 888.031982
34573.125000 1112.448486 0.000000 888.132019
34573.125000 1112.448486 0.000000 888.231995
34573.125000 1112.448486 0.000000 888.328979
34573.125000 1112.448486 0.000000 888.442017
34573.125000 1112.448486 0.000000 888.536987
34573.125000 1112.448486 0.000000 888.629028
34573.125000 1112.448486 0.000000 888.731018
34573.125000 1112.448486 0.000000 888.828979
34573.125000 1112.448486 0.000000 888.939026
34573.125000 1112.448486 0.000000 889.028992
34573.125000 1112.448486 0.000000 889.133972
34573.125000 1112.448486 0.000000 889.228027
34573.125000 1112.448486 0.000000 889.335022
34573.125000 1112.448486 0.000000 889.437988
34573.125000 1112.448486 0.000000 889.530029
34573.125000 1112.448486 0.000000 889.635010
34573.125000 1112.448486 0.000000 889.734985
34573.125000 1112.448486 0.000000 889.830017
34573.125000 1112.448486 0.000000 889.939026
34573.125000 1112.448486 0.000000 890.030029
34573.125000 1112.448486 0.000000 890.130005
34573.125000 1112.448486 0.000000 890.234985
34573.125000 1112.448486 0.000000 890.336975
34573.125000 1112.448486 0.000000 890.437012
34573.125000 1112.448486 0.000000 890.538025
34573.125000 1112.448486 0.000000 890.638000
34573.125000 1112.448486 0.000000 890.737976
34573.125000 1112.448486 0.000000 890.830017
34573.125000 1112.448486 0.000000 890.932007
34573.125000 1112.448486 0.000000 891.028015
34573.125000 1112.448486 0.000000 891.132019
34573.125000 1112.448486 0.000000 891.231995
34573.125000 1112.448486 0.000000 891.343994
34573.125000 1112.448486 0.000000 891.439026
34573.125000 1112.448486 0.000000 891.531006
34573.125000 1112.448486 0.000000 891.640991
34573.125000 1112.448486 0.000000 891.729004
34573.125000 1112.448486 0.000000 891.830994
34573.125000 1112.448486 0.000000 891.942993
34573.125000 1112.448486 0.000000 892.031006
34573.125000 1112.448486 0.000000 892.132019
34573.125000 1112.448486 0.000000 892.231018
34573.125000 1112.448486 0.000000 892.343994
34573.125000 1112.448486 0.000000 892.447021
34573.125000 1112.448486 0.000000 892.538025
34573.125000 1112.448486 0.000000 892.627991
34573.125000 1112.448486 0.000000 892.732971
34573.125000 1112.448486 0.000000 892.836975
34573.125000 1112.448486 0.000000 892.934998
34573.125000 1112.448486 0.000000 893.033997
34573.125000 1112.448486 0.000000 893.132996
34573.125000 1112.448486 0.000000 893.245972
34573.125000 1112.448486 0.000000 893.434021
34573.125000 1112.448486 0.000000 893.538025
34573.125000 1112.448486 0.000000 893.640015
34573.125000 1112.448486 0.000000 893.734985
34573.125000 1112.448486 0.000000 893.843994
34573.125000 1112.448486 0.000000 893.932983
34573.125000 1112.448486 0.000000 894.028992
34573.125000 1112.448486 0.000000 894.132996
34573.125000 1112.448486 0.000000 894.234009
34573.125000 1112.448486 0.000000 894.338013
34573.125000 1112.448486 0.000000 894.427979
34573.125000 1112.448486 0.000000 894.533020
34573.250000 1112.448486 0.000000 894.630005
34573.250000 1112.448486 0.000000 894.729980
34573.250000 1112.448486 0.000000 894.830994
34573.250000 1112.448486 0.000000 894.929993
34573.250000 1112.448486 0.000000 895.030029
34573.250000 1112.448486 0.000000 895.135010
34573.250000 1112.448486 0.000000 895.234985
34573.250000 1112.448486 0.000000 895.335999
34574.000000 1112.448486 0.000000 895.455994
34574.000000 1112.448486 0.000000 895.637024
34574.000000 1112.448486 0.000000 895.736023
34574.000000 1112.448486 0.000000 895.931030
34574.000000 1112.448486 0.000000 896.036011
34574.000000 1112.448486 0.000000 896.130981
34574.000000 1112.448486 0.000000 896.241028
34574.000000 1112.448486 0.000000 896.335999
34574.000000 1112.448486 0.000000 896.431030
34574.000000 1112.448486 0.000000 896.531006
34574.000000 1112.448486 0.000000 896.630981
34574.000000 1112.448486 0.000000 896.736023
34574.000000 1112.448486 0.000000 896.830994
34574.000000 1112.448486 0.000000 896.931030
34574.000000 1112.448486 0.000000 897.044006
34574.000000 1112.448486 0.000000 897.135010
34574.000000 1112.448486 0.000000 897.232971
34574.000000 1112.448486 0.000000 897.336975
34574.000000 1112.448486 0.000000 897.437012
34574.000000 1112.448486 0.000000 897.536011
34574.000000 1112.448486 0.000000 897.643005
34574.000000 1112.448486 0.000000 897.728027
34574.000000 1112.448486 0.000000 897.835022
34574.000000 1112.448486 0.000000 897.950989
34574.000000 1112.448486 0.000000 898.034973
34574.000000 1112.448486 0.000000 898.138977
34574.000000 1112.448486 0.000000 898.249023
34574.000000 1112.448486 0.000000 898.338989
34574.000000 1112.448486 0.000000 898.453979
34574.000000 1112.448486 0.000000 898.531982
34574.000000 1112.448486 0.000000 898.643982
34574.000000 1112.448486 0.000000 898.744995
34574.000000 1112.448486 0.000000 898.849976
34574.000000 1112.448486 0.000000 898.932983
34574.000000 1112.448486 0.000000 899.028992
34574.000000 1112.448486 0.000000 899.133972
34574.000000 1112.448486 0.000000 899.234009
34574.000000 1112.448486 0.000000 899.333984
34574.000000 1112.448486 0.000000 899.434021
34574.125000 1112.448486 0.000000 899.541016
34574.125000 1112.448486 0.000000 899.633972
34574.125000 1112.448486 0.000000 899.744995
34574.125000 1112.448486 0.000000 899.828979
34574.125000 1112.448486 0.000000 899.929016
34574.125000 1112.448486 0.000000 900.033997
34574.125000 1112.448486 0.000000 900.133972
34574.125000 1112.448486 0.000000 900.234985
34574.125000 1112.448486 0.000000 900.333984
34574.125000 1112.448486 0.000000 900.434021
34574.125000 1112.448486 0.000000 900.533997
34574.125000 1112.448486 0.000000 900.630981
34574.125000 1112.448486 0.000000 900.729004
34574.125000 1112.448486 0.000000 900.838989
34574.125000 1112.448486 0.000000 900.947021
34574.125000 1112.448486 0.000000 901.041992
34574.125000 1112.448486 0.000000 901.138000
34574.125000 1112.448486 0.000000 901.237000
34574.125000 1112.448486 0.000000 901.331970
34574.125000 1112.448486 0.000000 901.442993
34574.125000 1112.448486 0.000000 901.533020
34574.125000 1112.448486 0.000000 901.638000
34574.125000 1112.448486 0.000000 901.737976
34574.125000 1112.448486 0.000000 901.835999
34574.125000 1112.448486 0.000000 901.932983
34574.125000 1112.448486 0.000000 902.041992
34574.125000 1112.448486 0.000000 902.142029
34574.125000 1112.448486 0.000000 902.237976
34574.125000 1112.448486 0.000000 902.343018
34574.125000 1112.448486 0.000000 902.442993
34574.125000 1112.448486 0.000000 902.543030
34574.125000 1112.448486 0.000000 902.643005
34574.125000 1112.448486 0.000000 902.742981
34574.125000 1112.448486 0.000000 902.848022
34574.125000 1112.448486 0.000000 902.937988
34574.125000 1112.448486 0.000000 903.043030
34574.125000 1112.448486 0.000000 903.138000
34574.125000 1112.448486 0.000000 903.247986
34574.125000 1112.448486 0.000000 903.348022
34574.125000 1112.448486 0.000000 903.432983
34574.125000 1112.448486 0.000000 903.533020
34574.125000 1112.448486 0.000000 903.638000
34574.125000 1112.448486 0.000000 903.737976
34574.375000 1112.448486 0.000000 903.833984
34574.375000 1112.448486 0.000000 903.927979
34574.375000 1112.448486 0.000000 904.049011
34574.375000 1112.448486 0.000000 904.140015
34574.375000 1112.448486 0.000000 904.237976
34574.375000 1112.448486 0.000000 904.338013
34574.375000 1112.448486 0.000000 904.437988
34574.375000 1112.448486 0.000000 904.533020
34574.375000 1112.448486 0.000000 904.638000
34574.375000 1112.448486 0.000000 904.728027
34574.375000 1112.448486 0.000000 904.841003
34574.375000 1112.448486 0.000000 904.932983
34574.375000 1112.448486 0.000000 905.033020
34574.375000 1112.448486 0.000000 905.138000
34574.375000 1112.448486 0.000000 905.239990
34574.375000 1112.448486 0.000000 905.344971
34574.375000 1112.448486 0.000000 905.432983
34574.375000 1112.448486 0.000000 905.531982
34574.375000 1112.448486 0.000000 905.645020
34574.375000 1112.448486 0.000000 905.736023
34574.375000 1112.448486 0.000000 905.831970
34574.375000 1112.448486 0.000000 905.932007
34574.375000 1112.448486 0.000000 906.031982
34574.375000 1112.448486 0.000000 906.132019
34574.375000 1112.448486 0.000000 906.237976
34574.375000 1112.448486 0.000000 906.338013
34574.375000 1112.448486 0.000000 906.445984
34574.375000 1112.448486 0.000000 906.533020
34574.375000 1112.448486 0.000000 906.638000
34574.375000 1112.448486 0.000000 906.737000
34574.375000 1112.448486 0.000000 906.830994
34574.375000 1112.448486 0.000000 906.931030
34574.375000 1112.448486 0.000000 907.036011
34574.375000 1112.448486 0.000000 907.130981
34574.375000 1112.448486 0.000000 907.247986
34574.375000 1112.448486 0.000000 907.335999
34574.375000 1112.448486 0.000000 907.453979
34574.375000 1112.448486 0.000000 907.533997
34574.375000 1112.448486 0.000000 907.633972
34574.375000 1112.448486 0.000000 907.741028
34574.375000 1112.448486 0.000000 907.838989
34574.375000 1112.448486 0.000000 907.940002
34574.375000 1112.448486 0.000000 908.028992
34574.375000 1112.448486 0.000000 908.133972
34574.375000 1112.448486 0.000000 908.234009
34574.375000 1112.448486 0.000000 908.340027
34574.375000 1112.448486 0.000000 908.434021
34574.375000 1112.448486 0.000000 908.539001
34574.375000 1112.448486 0.000000 908.643982
34574.375000 1112.448486 0.000000 908.739014
34574.375000 1112.448486 0.000000 908.843994
34574.375000 1112.448486 0.000000 908.939026
34574.375000 1112.448486 0.000000 909.044006
34574.375000 1112.448486 0.000000 909.150024
34574.375000 1112.448486 0.000000 909.244995
34574.375000 1112.448486 0.000000 909.343994
34574.375000 1112.448486 0.000000 909.445984
34574.375000 1112.448486 0.000000 909.536987
34574.375000 1112.448486 0.000000 909.642029
34574.375000 1112.448486 0.000000 909.737000
34574.375000 1112.448486 0.000000 909.836975
34574.375000 1112.448486 0.000000 909.942017
34574.375000 1112.448486 0.000000 910.046997
34574.375000 1112.448486 0.000000 910.137024
34574.375000 1112.448486 0.000000 910.242004
34574.375000 1112.448486 0.000000 910.338989
34574.375000 1112.448486 0.000000 910.445007
34574.375000 1112.448486 0.000000 910.544983
34574.375000 1112.448486 0.000000 910.650024
34574.375000 1112.448486 0.000000 910.742004
34574.375000 1112.448486 0.000000 910.866028
34574.375000 1112.448486 0.000000 911.051025
34574.375000 1112.448486 0.000000 911.138000
34574.375000 1112.448486 0.000000 911.237000
34574.375000 1112.448486 0.000000 911.340027
34574.375000 1112.448486 0.000000 911.453003
34574.375000 1112.448486 0.000000 911.544983
34574.375000 1112.448486 0.000000 911.642029
34574.375000 1112.448486 0.000000 911.737000
34574.375000 1112.448486 0.000000 911.843018
34574.375000 1112.448486 0.000000 911.940979
34574.375000 1112.448486 0.000000 912.039978
34574.375000 1112.448486 0.000000 912.151978
34574.375000 1112.448486 0.000000 912.260010
34574.375000 1112.448486 0.000000 912.346985
34574.375000 1112.448486 0.000000 912.440979
34574.375000 1112.448486 0.000000 912.539978
34574.375000 1112.448486 0.000000 912.642029
34574.375000 1112.448486 0.000000 912.742004
34574.375000 1112.448486 0.000000 912.846985
34574.375000 1112.448486 0.000000 912.947021
34574.375000 1112.448486 0.000000 913.052002
34574.375000 1112.448486 0.000000 913.142029
34574.375000 1112.448486 0.000000 913.242004
34574.375000 1112.448486 0.000000 913.343994
34574.375000 1112.448486 0.000000 913.442017
34574.375000 1112.448486 0.000000 913.541992
34574.375000 1112.448486 0.000000 913.642029
34574.375000 1112.448486 0.000000 913.742004
34574.375000 1112.448486 0.000000 913.848022
34574.375000 1112.448486 0.000000 913.942017
34574.375000 1112.448486 0.000000 914.036987
34574.375000 1112.448486 0.000000 914.142029
34574.375000 1112.448486 0.000000 914.244019
34574.375000 1112.448486 0.000000 914.343994
34574.375000 1112.448486 0.000000 914.448975
34574.375000 1112.448486 0.000000 914.554016
34574.375000 1112.448486 0.000000 914.643982
34574.375000 1112.448486 0.000000 914.749023
34574.375000 1112.448486 0.000000 914.849976
34574.375000 1112.448486 0.000000 914.943970
34574.375000 1112.448486 0.000000 915.049011
34574.375000 1112.448486 0.000000 915.151001
34574.375000 1112.448486 0.000000 915.249023
34574.375000 1112.448486 0.000000 915.344971
34574.375000 1112.448486 0.000000 915.443970
34574.375000 1112.448486 0.000000 915.544006
34574.375000 1112.448486 0.000000 915.658020
34574.375000 1112.448486 0.000000 915.747986
34574.375000 1112.448486 0.000000 915.857971
34574.375000 1112.448486 0.000000 915.953003
34574.375000 1112.448486 0.000000 916.052979
34574.375000 1112.448486 0.000000 916.145996
34574.375000 1112.448486 0.000000 916.255005
34574.375000 1112.448486 0.000000 916.353027
34574.375000 1112.448486 0.000000 916.440002
34574.375000 1112.448486 0.000000 916.549011
34574.375000 1112.448486 0.000000 916.661987
34574.375000 1112.448486 0.000000 916.744995
34574.375000 1112.448486 0.000000 916.853027
34574.375000 1112.448486 0.000000 916.953003
34574.375000 1112.448486 0.000000 917.044983
34574.375000 1112.448486 0.000000 917.148010
34574.375000 1112.448486 0.000000 917.247986
34574.375000 1112.448486 0.000000 917.344971
34574.375000 1112.448486 0.000000 917.445007
34574.375000 1112.448486 0.000000 917.549988
34574.375000 1112.448486 0.000000 917.640015
34574.375000 1112.448486 0.000000 917.745972
34574.375000 1112.448486 0.000000 917.843018
34574.375000 1112.448486 0.000000 917.945007
34574.375000 1112.448486 0.000000 918.044006
34574.375000 1112.448486 0.000000 918.156006
34574.375000 1112.448486 0.000000 918.245972
34574.375000 1112.448486 0.000000 918.346008
34574.375000 1112.448486 0.000000 918.442017
34574.375000 1112.448486 0.000000 918.541016
34574.375000 1112.448486 0.000000 918.640991
34574.375000 1112.448486 0.000000 918.745972
34574.375000 1112.448486 0.000000 918.846008
34574.375000 1112.448486 0.000000 918.940979
34574.375000 1112.448486 0.000000 919.046997
34574.375000 1112.448486 0.000000 919.142029
34574.375000 1112.448486 0.000000 919.242004
34574.375000 1112.448486 0.000000 919.346008
34574.375000 1112.448486 0.000000 919.450012
34574.375000 1112.448486 0.000000 919.544983
34574.375000 1112.448486 0.000000 919.661011
34574.375000 1112.448486 0.000000 919.750977
34574.375000 1112.448486 0.000000 919.844971
34574.375000 1112.448486 0.000000 919.942017
34574.375000 1112.448486 0.000000 920.052002
34574.375000 1112.448486 0.000000 920.142029
34574.375000 1112.448486 0.000000 920.249023
34574.375000 1112.448486 0.000000 920.341980
34574.375000 1112.448486 0.000000 920.447998
34574.375000 1112.448486 0.000000 920.554016
34574.375000 1112.448486 0.000000 920.638977
34574.375000 1112.448486 0.000000 920.739014
34574.375000 1112.448486 0.000000 920.861023
34574.375000 1112.448486 0.000000 920.945984
34574.375000 1112.448486 0.000000 921.046021
34574.375000 1112.448486 0.000000 921.140991
34574.375000 1112.448486 0.000000 921.242981
34574.375000 1112.448486 0.000000 921.353027
34574.375000 1112.448486 0.000000 921.452026
34574.375000 1112.448486 0.000000 921.541016
34574.375000 1112.448486 0.000000 921.651001
34574.375000 1112.448486 0.000000 921.745972
34574.375000 1112.448486 0.000000 921.843018
34574.375000 1112.448486 0.000000 921.945984
34574.375000 1112.448486 0.000000 922.041016
34574.375000 1112.448486 0.000000 922.151001
34574.375000 1112.448486 0.000000 922.245972
34574.375000 1112.448486 0.000000 922.354004
34574.375000 1112.448486 0.000000 922.448975
34574.375000 1112.448486 0.000000 922.544006
34574.375000 1112.448486 0.000000 922.648010
34574.375000 1112.448486 0.000000 922.752991
34574.375000 1112.448486 0.000000 922.843018
34574.375000 1112.448486 0.000000 922.947998
34574.375000 1112.448486 0.000000 923.047974
34574.375000 1112.448486 0.000000 923.148987
34574.375000 1112.448486 0.000000 923.255981
34574.375000 1112.448486 0.000000 923.343018
34574.375000 1112.448486 0.000000 923.445984
34574.375000 1112.448486 0.000000 923.541016
34574.375000 1112.448486 0.000000 923.645996
34574.375000 1112.448486 0.000000 923.741028
34574.375000 1112.448486 0.000000 923.851013
34574.375000 1112.448486 0.000000 923.940979
34574.375000 1112.448486 0.000000 924.049988
34574.375000 1112.448486 0.000000 924.145996
34574.375000 1112.448486 0.000000 924.250977
34574.375000 1112.448486 0.000000 924.351013
34574.375000 1112.448486 0.000000 924.452026
34574.375000 1112.448486 0.000000 924.556030
34574.375000 1112.448486 0.000000 924.651001
34574.375000 1112.448486 0.000000 924.760986
34574.375000 1112.448486 0.000000 924.851990
34574.375000 1112.448486 0.000000 924.948975
34574.375000 1112.448486 0.000000 925.041992
34574.375000 1112.448486 0.000000 925.166992
34574.375000 1112.448486 0.000000 925.341980
34574.375000 1112.448486 0.000000 925.442993
34574.375000 1112.448486 0.000000 925.547974
34574.375000 1112.448486 0.000000 925.650024
34574.375000 1112.448486 0.000000 925.755005
34574.375000 1112.448486 0.000000 925.846008
34574.375000 1112.448486 0.000000 925.945984
34574.375000 1112.448486 0.000000 926.054993
34574.375000 1112.448486 0.000000 926.148987
34574.375000 1112.448486 0.000000 926.249023
34574.375000 1112.448486 0.000000 926.346008
34574.375000 1112.448486 0.000000 926.453979
34574.375000 1112.448486 0.000000 926.541016
34574.375000 1112.448486 0.000000 926.661987
34574.375000 1112.448486 0.000000 926.747009
34574.375000 1112.448486 0.000000 926.841980
34574.375000 1112.448486 0.000000 926.945984
34574.375000 1112.448486 0.000000 927.043030
34574.375000 1112.448486 0.000000 927.145996
34574.375000 1112.448486 0.000000 927.250977
34574.375000 1112.448486 0.000000 927.341003
34574.375000 1112.448486 0.000000 927.445984
34574.375000 1112.448486 0.000000 927.551025
34574.375000 1112.448486 0.000000 927.656982
34574.375000 1112.448486 0.000000 927.745972
34574.375000 1112.448486 0.000000 927.851013
34574.375000 1112.448486 0.000000 927.955994
34574.375000 1112.448486 0.000000 928.046997
34574.375000 1112.448486 0.000000 928.145020
34574.375000 1112.448486 0.000000 928.252014
34574.375000 1112.448486 0.000000 928.341980
34574.375000 1112.448486 0.000000 928.447021
34574.375000 1112.448486 0.000000 928.541992
34574.375000 1112.448486 0.000000 928.642029
34574.375000 1112.448486 0.000000 928.752991
34574.375000 1112.448486 0.000000 928.846985
34574.375000 1112.448486 0.000000 928.947021
34574.375000 1112.448486 0.000000 929.046997
34574.375000 1112.448486 0.000000 929.142029
34574.375000 1112.448486 0.000000 929.247009
34574.375000 1112.448486 0.000000 929.346985
34574.375000 1112.448486 0.000000 929.452026
34574.375000 1112.448486 0.000000 929.557007
34574.375000 1112.448486 0.000000 929.642029
34574.375000 1112.448486 0.000000 929.742004
34574.375000 1112.448486 0.000000 929.841980
34574.375000 1112.448486 0.000000 929.942017
34574.375000 1112.448486 0.000000 930.049011
34574.375000 1112.448486 0.000000 930.142029
34574.375000 1112.448486 0.000000 930.249023
34574.375000 1112.448486 0.000000 930.341980
34574.375000 1112.448486 0.000000 930.456970
34574.375000 1112.448486 0.000000 930.549011
34574.375000 1112.448486 0.000000 930.658020
34574.375000 1112.448486 0.000000 930.752014
34574.375000 1112.448486 0.000000 930.841980
34574.375000 1112.448486 0.000000 930.948975
34574.375000 1112.448486 0.000000 931.041992
34574.375000 1112.448486 0.000000 931.148010
34574.375000 1112.448486 0.000000 931.242004
34574.375000 1112.448486 0.000000 931.343018
34574.375000 1112.448486 0.000000 931.442993
34574.375000 1112.448486 0.000000 931.552002
34574.375000 1112.448486 0.000000 931.643005
34574.375000 1112.448486 0.000000 931.742981
34574.375000 1112.448486 0.000000 931.848022
34574.375000 1112.448486 0.000000 931.947998
34574.375000 1112.448486 0.000000 932.052979
34574.375000 1112.448486 0.000000 932.148010
34574.375000 1112.448486 0.000000 932.254028
34574.375000 1112.448486 0.000000 932.343994
34574.375000 1112.448486 0.000000 932.456970
34574.375000 1112.448486 0.000000 932.552002
34590.375000 1112.448486 0.000000 932.656982
34590.375000 1112.448486 0.000000 932.749023
34590.375000 1112.448486 0.000000 932.846985
34590.375000 1112.448486 0.000000 932.953979
34590.375000 1112.448486 0.000000 933.070984
34590.375000 1112.448486 0.000000 933.249023
34590.375000 1112.448486 0.000000 933.346985
34590.375000 1112.448486 0.000000 933.448975
34590.375000 1112.448486 0.000000 933.559021
34590.375000 1112.448486 0.000000 933.661011
34590.375000 1112.448486 0.000000 933.747009
34590.375000 1112.448486 0.000000 933.846985
34590.375000 1112.448486 0.000000 933.942017
34590.375000 1112.448486 0.000000 934.064026
34590.375000 1112.448486 0.000000 934.166016
34590.375000 1112.448486 0.000000 934.255981
34590.375000 1112.448486 0.000000 934.351013
34590.375000 1112.448486 0.000000 934.455994
34590.375000 1112.448486 0.000000 934.546997
34590.375000 1112.448486 0.000000 934.646973
34590.375000 1112.448486 0.000000 934.747009
34590.375000 1112.448486 0.000000 934.851990
34590.375000 1112.448486 0.000000 934.952026
34590.375000 1112.448486 0.000000 935.057007
34590.375000 1112.448486 0.000000 935.151001
34590.375000 1112.448486 0.000000 935.247986
34590.375000 1112.448486 0.000000 935.356018
34590.375000 1112.448486 0.000000 935.450989
34590.375000 1112.448486 0.000000 935.552979
34590.375000 1112.448486 0.000000 935.659973
34590.375000 1112.448486 0.000000 935.745972
34590.375000 1112.448486 0.000000 935.861023
34590.375000 1112.448486 0.000000 935.945007
34590.375000 1112.448486 0.000000 936.046997
34590.375000 1112.448486 0.000000 936.148987
34590.375000 1112.448486 0.000000 936.245972
34590.375000 1112.448486 0.000000 936.346008
34590.375000 1112.448486 0.000000 936.445984
34590.375000 1112.448486 0.000000 936.552979
34590.375000 1112.448486 0.000000 936.646973
34590.375000 1112.448486 0.000000 936.747009
34590.375000 1112.448486 0.000000 936.846985
34590.375000 1112.448486 0.000000 936.952026
34590.375000 1112.448486 0.000000 937.049011
34590.375000 1112.448486 0.000000 937.143005
34590.375000 1112.448486 0.000000 937.244995
34590.375000 1112.448486 0.000000 937.346008
34590.375000 1112.448486 0.000000 937.450012
34590.375000 1112.448486 0.000000 937.546997
34590.375000 1112.448486 0.000000 937.648010
34590.375000 1112.448486 0.000000 937.747986
34590.375000 1112.448486 0.000000 937.859985
34590.375000 1112.448486 0.000000 937.950989
34590.375000 1112.448486 0.000000 938.046021
34590.375000 1112.448486 0.000000 938.145996
34590.375000 1112.448486 0.000000 938.241028
34590.375000 1112.448486 0.000000 938.348022
34590.375000 1112.448486 0.000000 938.445984
34590.375000 1112.448486 0.000000 938.546021
34590.375000 1112.448486 0.000000 938.656006
34590.375000 1112.448486 0.000000 938.747009
34590.375000 1112.448486 0.000000 938.846008
34590.375000 1112.448486 0.000000 938.945984
34590.375000 1112.448486 0.000000 939.051025
34590.375000 1112.448486 0.000000 939.151001
34590.375000 1112.448486 0.000000 939.250977
34590.375000 1112.448486 0.000000 939.362000
34590.375000 1112.448486 0.000000 939.448975
34590.375000 1112.448486 0.000000 939.564026
34590.375000 1112.448486 0.000000 939.658997
34590.375000 1112.448486 0.000000 939.749023
34590.375000 1112.448486 0.000000 939.854004
34590.375000 1112.448486 0.000000 939.950989
34590.375000 1112.448486 0.000000 940.047974
34590.375000 1112.448486 0.000000 940.153992
34590.375000 1112.448486 0.000000 940.270020
34590.375000 1112.448486 0.000000 940.343994
34590.375000 1112.448486 0.000000 940.440979
34590.375000 1112.448486 0.000000 940.551025
34590.375000 1112.448486 0.000000 940.646973
34590.375000 1112.448486 0.000000 940.750977
34590.375000 1112.448486 0.000000 940.846008
34590.375000 1112.448486 0.000000 940.955017
34590.375000 1112.448486 0.000000 941.046021
34590.375000 1112.448486 0.000000 941.148010
34590.375000 1112.448486 0.000000 941.247009
34590.375000 1112.448486 0.000000 941.346985
34590.375000 1112.448486 0.000000 941.453003
34590.375000 1112.448486 0.000000 941.541016
34590.375000 1112.448486 0.000000 941.653992
34590.375000 1112.448486 0.000000 941.754028
34590.375000 1112.448486 0.000000 941.862000
34590.375000 1112.448486 0.000000 941.948975
34590.375000 1112.448486 0.000000 942.044983
34590.375000 1112.448486 0.000000 942.148987
34590.375000 1112.448486 0.000000 942.249023
34590.375000 1112.448486 0.000000 942.348999
34590.375000 1112.448486 0.000000 942.443970
34590.375000 1112.448486 0.000000 942.549011
34590.375000 1112.448486 0.000000 942.653992
34590.375000 1112.448486 0.000000 942.744019
34590.375000 1112.448486 0.000000 942.848999
34590.375000 1112.448486 0.000000 942.943970
34590.375000 1112.448486 0.000000 943.044983
34590.375000 1112.448486 0.000000 943.153992
34590.375000 1112.448486 0.000000 943.244019
34590.375000 1112.448486 0.000000 943.344971
34590.375000 1112.448486 0.000000 943.458008
34590.375000 1112.448486 0.000000 943.557983
34590.375000 1112.448486 0.000000 943.642029
34590.375000 1112.448486 0.000000 943.747986
34590.375000 1112.448486 0.000000 943.848999
34590.375000 1112.448486 0.000000 943.952026
34590.375000 1112.448486 0.000000 944.046997
34590.375000 1112.448486 0.000000 944.142029
34590.375000 1112.448486 0.000000 944.252991
34590.375000 1112.448486 0.000000 944.343994
34590.375000 1112.448486 0.000000 944.443970
34590.375000 1112.448486 0.000000 944.552002
34590.375000 1112.448486 0.000000 944.645996
34590.375000 1112.448486 0.000000 944.745972
34590.375000 1112.448486 0.000000 944.849976
34590.375000 1112.448486 0.000000 944.950012
34590.375000 1112.448486 0.000000 945.044983
34590.375000 1112.448486 0.000000 945.145020
34632.250000 1112.448486 0.000000 945.263000
34632.250000 1112.448486 0.000000 945.343018
34632.250000 1112.448486 0.000000 945.447998
34632.250000 1112.448486 0.000000 945.544006
34632.250000 1112.448486 0.000000 945.648010
34632.250000 1112.448486 0.000000 945.747009
34632.250000 1112.448486 0.000000 945.851990
34632.250000 1112.448486 0.000000 945.947021
34632.250000 1112.448486 0.000000 946.043030
34632.250000 1112.448486 0.000000 946.151978
34632.250000 1112.448486 0.000000 946.255981
34632.250000 1112.448486 0.000000 946.351013
34632.250000 1112.448486 0.000000 946.450989
34632.250000 1112.448486 0.000000 946.554993
34632.250000 1112.448486 0.000000 946.659973
34632.250000 1112.448486 0.000000 946.755005
34632.250000 1112.448486 0.000000 946.869995
34632.250000 1112.448486 0.000000 946.969971
34632.250000 1112.448486 0.000000 947.070007
34632.250000 1112.448486 0.000000 947.174988
34632.250000 1112.448486 0.000000 947.280029
34633.000000 1112.448486 0.000000 947.466980
34633.000000 1112.448486 0.000000 947.562012
34633.000000 1112.448486 0.000000 947.656982
34633.000000 1112.448486 0.000000 947.762024
34633.000000 1112.448486 0.000000 947.867004
34633.000000 1112.448486 0.000000 947.973022
34633.000000 1112.448486 0.000000 948.176025
34633.000000 1112.448486 0.000000 948.268005
34633.000000 1112.448486 0.000000 948.362976
34633.000000 1112.448486 0.000000 948.479980
34633.125000 1112.448486 0.000000 948.570984
34633.125000 1112.448486 0.000000 948.671021
34633.125000 1112.448486 0.000000 948.776001
34633.125000 1112.448486 0.000000 948.867004
34633.125000 1112.448486 0.000000 948.976990
34633.125000 1112.448486 0.000000 949.072021
34633.125000 1112.448486 0.000000 949.166016
34633.125000 1112.448486 0.000000 949.262024
34633.125000 1112.448486 0.000000 949.362000
34633.125000 1112.448486 0.000000 949.466980
34633.125000 1112.448486 0.000000 949.567017
34633.125000 1112.448486 0.000000 949.666992
34633.125000 1112.448486 0.000000 949.767029
34633.125000 1112.448486 0.000000 949.973999
34633.125000 1112.448486 0.000000 950.070984
34633.125000 1112.448486 0.000000 950.174011
34633.125000 1112.448486 0.000000 950.270020
34633.125000 1112.448486 0.000000 950.471008
34633.125000 1112.448486 0.000000 950.564026
34633.125000 1112.448486 0.000000 950.671021
34633.125000 1112.448486 0.000000 950.771973
34633.125000 1112.448486 0.000000 950.859985
34633.125000 1112.448486 0.000000 950.965027
34633.125000 1112.448486 0.000000 951.065002
34633.125000 1112.448486 0.000000 951.166016
34633.125000 1112.448486 0.000000 951.260010
34633.125000 1112.448486 0.000000 951.369995
34633.125000 1112.448486 0.000000 951.469971
34633.125000 1112.448486 0.000000 951.567993
34633.125000 1112.448486 0.000000 951.659973
34633.125000 1112.448486 0.000000 951.776001
34633.125000 1112.448486 0.000000 951.870972
34633.125000 1112.448486 0.000000 951.969971
34633.125000 1112.448486 0.000000 952.075012
34633.125000 1112.448486 0.000000 952.174988
34633.125000 1112.448486 0.000000 952.265015
34633.125000 1112.448486 0.000000 952.362000
34633.125000 1112.448486 0.000000 952.471985
34633.125000 1112.448486 0.000000 952.572998
34633.125000 1112.448486 0.000000 952.664978
34633.125000 1112.448486 0.000000 952.765015
34633.125000 1112.448486 0.000000 952.867004
34633.125000 1112.448486 0.000000 952.981995
34633.125000 1112.448486 0.000000 953.062012
34633.125000 1112.448486 0.000000 953.171997
34633.125000 1112.448486 0.000000 953.278015
34633.125000 1112.448486 0.000000 953.377991
34633.125000 1112.448486 0.000000 953.585022
34633.125000 1112.448486 0.000000 953.677979
34633.125000 1112.448486 0.000000 953.775024
34633.125000 1112.448486 0.000000 953.880005
34633.125000 1112.448486 0.000000 953.974976
34633.125000 1112.448486 0.000000 954.174988
34633.125000 1112.448486 0.000000 954.284973
34633.125000 1112.448486 0.000000 954.390015
34633.125000 1112.448486 0.000000 954.572998
34633.125000 1112.448486 0.000000 954.677979
34633.125000 1112.448486 0.000000 954.877991
34633.125000 1112.448486 0.000000 954.981018
34633.125000 1112.448486 0.000000 955.090027
34633.125000 1112.448486 0.000000 955.200989
34633.125000 1112.448486 0.000000 955.375977
34633.125000 1112.448486 0.000000 955.481018
34633.125000 1112.448486 0.000000 955.583984
34633.125000 1112.448486 0.000000 955.682007
34633.125000 1112.448486 0.000000 955.773987
34633.125000 1112.448486 0.000000 955.879028
34633.125000 1112.448486 0.000000 955.974976
34633.125000 1112.448486 0.000000 956.068970
34633.125000 1112.448486 0.000000 956.179993
34633.125000 1112.448486 0.000000 956.278992
34633.125000 1112.448486 0.000000 956.380005
34633.125000 1112.448486 0.000000 956.482971
34633.125000 1112.448486 0.000000 956.573975
34633.125000 1112.448486 0.000000 956.679993
34633.125000 1112.448486 0.000000 956.778992
34633.125000 1112.448486 0.000000 956.875977
34633.125000 1112.448486 0.000000 956.968994
34633.125000 1112.448486 0.000000 957.086975
34633.125000 1112.448486 0.000000 957.182007
34633.125000 1112.448486 0.000000 957.289001
34633.125000 1112.448486 0.000000 957.388000
34633.125000 1112.448486 0.000000 957.482971
34633.125000 1112.448486 0.000000 957.583008
34633.125000 1112.448486 0.000000 957.687988
34633.125000 1112.448486 0.000000 957.776001
34633.125000 1112.448486 0.000000 957.880981
34633.125000 1112.448486 0.000000 957.971008
34633.125000 1112.448486 0.000000 958.078979
34633.125000 1112.448486 0.000000 958.179016
34633.125000 1112.448486 0.000000 958.286011
34633.125000 1112.448486 0.000000 958.380981
34633.125000 1112.448486 0.000000 958.486023
34633.125000 1112.448486 0.000000 958.585999
34633.125000 1112.448486 0.000000 958.685974
34633.125000 1112.448486 0.000000 958.786011
34633.125000 1112.448486 0.000000 958.880981
34633.125000 1112.448486 0.000000 958.976013
34633.125000 1112.448486 0.000000 959.072021
34633.125000 1112.448486 0.000000 959.176025
34633.125000 1112.448486 0.000000 959.283997
34633.125000 1112.448486 0.000000 959.377014
34633.125000 1112.448486 0.000000 959.481995
34633.125000 1112.448486 0.000000 959.583008
34633.125000 1112.448486 0.000000 959.689026
34633.125000 1112.448486 0.000000 959.783020
34633.125000 1112.448486 0.000000 959.875000
34633.125000 1112.448486 0.000000 959.976990
34633.125000 1112.448486 0.000000 960.075012
34633.125000 1112.448486 0.000000 960.187988
34633.125000 1112.448486 0.000000 960.275024
34633.125000 1112.448486 0.000000 960.380005
34633.125000 1112.448486 0.000000 960.479980
34633.125000 1112.448486 0.000000 960.580017
34633.125000 1112.448486 0.000000 960.672974
34633.125000 1112.448486 0.000000 960.773010
34633.125000 1112.448486 0.000000 960.874023
34633.125000 1112.448486 0.000000 960.974976
34633.125000 1112.448486 0.000000 961.075012
34633.125000 1112.448486 0.000000 961.174988
34633.125000 1112.448486 0.000000 961.275024
34633.125000 1112.448486 0.000000 961.375000
34633.125000 1112.448486 0.000000 961.479980
34633.125000 1112.448486 0.000000 961.575012
34633.125000 1112.448486 0.000000 961.690002
34633.125000 1112.448486 0.000000 961.780029
34633.125000 1112.448486 0.000000 961.880981
34633.125000 1112.448486 0.000000 961.979980
34633.125000 1112.448486 0.000000 962.075989
34633.125000 1112.448486 0.000000 962.174988
34633.125000 1112.448486 0.000000 962.281982
34633.125000 1112.448486 0.000000 962.375000
34633.125000 1112.448486 0.000000 962.469971
34633.125000 1112.448486 0.000000 962.570007
34633.125000 1112.448486 0.000000 962.674988
34633.125000 1112.448486 0.000000 962.784973
34633.125000 1112.448486 0.000000 962.890015
34633.125000 1112.448486 0.000000 962.989990
34633.125000 1112.448486 0.000000 963.085022
34633.125000 1112.448486 0.000000 963.179016
34633.125000 1112.448486 0.000000 963.289001
34633.125000 1112.448486 0.000000 963.388977
34633.125000 1112.448486 0.000000 963.474976
34633.125000 1112.448486 0.000000 963.575012
34633.125000 1112.448486 0.000000 963.674988
34633.125000 1112.448486 0.000000 963.771973
34633.125000 1112.448486 0.000000 963.877014
34633.125000 1112.448486 0.000000 963.974976
34633.125000 1112.448486 0.000000 964.083008
34633.125000 1112.448486 0.000000 964.187988
34633.125000 1112.448486 0.000000 964.375000
34633.125000 1112.448486 0.000000 964.474976
34633.125000 1112.448486 0.000000 964.578979
34633.125000 1112.448486 0.000000 964.674988
34633.125000 1112.448486 0.000000 964.784973
34633.125000 1112.448486 0.000000 964.885010
34633.125000 1112.448486 0.000000 964.989990
34633.125000 1112.448486 0.000000 965.075989
34633.125000 1112.448486 0.000000 965.171021
34633.125000 1112.448486 0.000000 965.281006
34633.125000 1112.448486 0.000000 965.385986
34633.125000 1112.448486 0.000000 965.479980
34633.125000 1112.448486 0.000000 965.585022
34633.125000 1112.448486 0.000000 965.684998
34633.125000 1112.448486 0.000000 965.784973
34633.125000 1112.448486 0.000000 965.879028
34633.125000 1112.448486 0.000000 965.981018
34633.125000 1112.448486 0.000000 966.075989
34633.125000 1112.448486 0.000000 966.179016
34633.125000 1112.448486 0.000000 966.276978
34633.125000 1112.448486 0.000000 966.370972
34633.125000 1112.448486 0.000000 966.476013
34633.125000 1112.448486 0.000000 966.575989
34633.125000 1112.448486 0.000000 966.671021
34633.125000 1112.448486 0.000000 966.770996
34633.125000 1112.448486 0.000000 966.890015
34633.125000 1112.448486 0.000000 966.969971
34633.125000 1112.448486 0.000000 967.083984
34633.125000 1112.448486 0.000000 967.184021
34633.125000 1112.448486 0.000000 967.289001
34633.125000 1112.448486 0.000000 967.379028
34633.125000 1112.448486 0.000000 967.476013
34633.125000 1112.448486 0.000000 967.575012
34633.125000 1112.448486 0.000000 967.674011
34633.125000 1112.448486 0.000000 967.783997
34633.125000 1112.448486 0.000000 967.883972
34633.125000 1112.448486 0.000000 967.984009
34633.125000 1112.448486 0.000000 968.093994
34633.125000 1112.448486 0.000000 968.198975
34633.125000 1112.448486 0.000000 968.273987
34633.125000 1112.448486 0.000000 968.370972
34633.125000 1112.448486 0.000000 968.471008
34633.125000 1112.448486 0.000000 968.575989
34633.125000 1112.448486 0.000000 968.671021
34633.125000 1112.448486 0.000000 968.776001
34633.125000 1112.448486 0.000000 968.870972
34633.125000 1112.448486 0.000000 968.984009
34633.125000 1112.448486 0.000000 969.080994
34633.125000 1112.448486 0.000000 969.184998
34633.125000 1112.448486 0.000000 969.280029
34633.125000 1112.448486 0.000000 969.380005
34633.125000 1112.448486 0.000000 969.489014
34633.125000 1112.448486 0.000000 969.586975
34633.125000 1112.448486 0.000000 969.677002
34633.125000 1112.448486 0.000000 969.783997
34633.125000 1112.448486 0.000000 969.879028
34633.125000 1112.448486 0.000000 969.979980
34633.125000 1112.448486 0.000000 970.080994
34633.125000 1112.448486 0.000000 970.181030
34633.125000 1112.448486 0.000000 970.276001
34633.125000 1112.448486 0.000000 970.377014
34633.125000 1112.448486 0.000000 970.486023
34633.125000 1112.448486 0.000000 970.575989
34633.125000 1112.448486 0.000000 970.677979
34633.125000 1112.448486 0.000000 970.771973
34633.125000 1112.448486 0.000000 970.870972
34633.125000 1112.448486 0.000000 970.974976
34633.125000 1112.448486 0.000000 971.070984
34633.125000 1112.448486 0.000000 971.171021
34633.125000 1112.448486 0.000000 971.273010
34633.125000 1112.448486 0.000000 971.374023
34633.125000 1112.448486 0.000000 971.473022
34633.125000 1112.448486 0.000000 971.573975
34633.125000 1112.448486 0.000000 971.679016
34633.125000 1112.448486 0.000000 971.778015
34633.125000 1112.448486 0.000000 971.887024
34633.125000 1112.448486 0.000000 971.981995
34633.125000 1112.448486 0.000000 972.078003
34633.125000 1112.448486 0.000000 972.184021
34633.125000 1112.448486 0.000000 972.273010
34633.125000 1112.448486 0.000000 972.372986
34633.125000 1112.448486 0.000000 972.473022
34633.125000 1112.448486 0.000000 972.578979
34633.125000 1112.448486 0.000000 972.674988
34633.125000 1112.448486 0.000000 972.783997
34633.125000 1112.448486 0.000000 972.882996
34633.125000 1112.448486 0.000000 972.989014
34633.125000 1112.448486 0.000000 973.078003
34633.125000 1112.448486 0.000000 973.177979
34633.125000 1112.448486 0.000000 973.273010
34633.125000 1112.448486 0.000000 973.377991
34633.125000 1112.448486 0.000000 973.484009
34633.125000 1112.448486 0.000000 973.578003
34633.125000 1112.448486 0.000000 973.677979
34633.125000 1112.448486 0.000000 973.778015
34633.125000 1112.448486 0.000000 973.877991
34633.125000 1112.448486 0.000000 973.973022
34633.125000 1112.448486 0.000000 974.083008
34633.125000 1112.448486 0.000000 974.177979
34633.125000 1112.448486 0.000000 974.281006
34633.125000 1112.448486 0.000000 974.380981
34633.125000 1112.448486 0.000000 974.491028
34633.125000 1112.448486 0.000000 974.583008
34633.125000 1112.448486 0.000000 974.690979
34633.125000 1112.448486 0.000000 974.786011
34633.125000 1112.448486 0.000000 974.885010
34633.125000 1112.448486 0.000000 974.979980
34633.125000 1112.448486 0.000000 975.080994
34633.125000 1112.448486 0.000000 975.182983
34633.125000 1112.448486 0.000000 975.288025
34633.125000 1112.448486 0.000000 975.379028
34633.125000 1112.448486 0.000000 975.478027
34633.125000 1112.448486 0.000000 975.578003
34633.125000 1112.448486 0.000000 975.677979
34633.125000 1112.448486 0.000000 975.778015
34633.125000 1112.448486 0.000000 975.880005
34633.125000 1112.448486 0.000000 975.984009
34633.125000 1112.448486 0.000000 976.083984
34633.125000 1112.448486 0.000000 976.182983
34633.125000 1112.448486 0.000000 976.281982
34633.125000 1112.448486 0.000000 976.382996
34633.125000 1112.448486 0.000000 976.479980
34633.125000 1112.448486 0.000000 976.575012
34633.125000 1112.448486 0.000000 976.674988
34633.125000 1112.448486 0.000000 976.786011
34633.125000 1112.448486 0.000000 976.883972
34633.125000 1112.448486 0.000000 976.989014
34633.125000 1112.448486 0.000000 977.088989
34633.125000 1112.448486 0.000000 977.184021
34633.125000 1112.448486 0.000000 977.283997
34633.125000 1112.448486 0.000000 977.383972
34633.125000 1112.448486 0.000000 977.484985
34633.125000 1112.448486 0.000000 977.585022
34633.125000 1112.448486 0.000000 977.681030
34633.125000 1112.448486 0.000000 977.776978
34633.125000 1112.448486 0.000000 977.885010
34633.125000 1112.448486 0.000000 977.981995
34633.125000 1112.448486 0.000000 978.077026
34633.125000 1112.448486 0.000000 978.181030
34633.125000 1112.448486 0.000000 978.289001
34633.125000 1112.448486 0.000000 978.383972
34633.375000 1112.448486 0.000000 978.481995
34633.375000 1112.448486 0.000000 978.588013
34633.375000 1112.448486 0.000000 978.690979
34633.375000 1112.448486 0.000000 978.801025
34633.375000 1112.448486 0.000000 978.890991
34633.375000 1112.448486 0.000000 978.995972
34633.375000 1112.448486 0.000000 979.101013
34633.375000 1112.448486 0.000000 979.301025
34633.375000 1112.448486 0.000000 979.401001
34633.375000 1112.448486 0.000000 979.606018
34633.375000 1112.448486 0.000000 979.801025
34633.375000 1112.448486 0.000000 979.901001
34633.375000 1112.448486 0.000000 980.005981
34633.375000 1112.448486 0.000000 980.104980
34633.375000 1112.448486 0.000000 980.200012
34633.375000 1112.448486 0.000000 980.304993
34633.375000 1112.448486 0.000000 980.405029
34633.375000 1112.448486 0.000000 980.505005
34633.375000 1112.448486 0.000000 980.599976
34633.375000 1112.448486 0.000000 980.700012
34633.375000 1112.448486 0.000000 980.900024
34633.375000 1112.448486 0.000000 980.989990
34633.375000 1112.448486 0.000000 981.094971
34633.375000 1112.448486 0.000000 981.294983
34633.375000 1112.448486 0.000000 981.401001
34633.375000 1112.448486 0.000000 981.494995
34633.375000 1112.448486 0.000000 981.590027
34633.375000 1112.448486 0.000000 981.695007
34633.375000 1112.448486 0.000000 981.802002
34633.375000 1112.448486 0.000000 981.895996
34633.375000 1112.448486 0.000000 982.002991
34633.375000 1112.448486 0.000000 982.101990
34633.375000 1112.448486 0.000000 982.195007
34633.375000 1112.448486 0.000000 982.309021
34633.375000 1112.448486 0.000000 982.403992
34633.375000 1112.448486 0.000000 982.504028
34633.375000 1112.448486 0.000000 982.604004
34633.375000 1112.448486 0.000000 982.703979
34633.375000 1112.448486 0.000000 982.799988
34633.375000 1112.448486 0.000000 982.895020
34633.375000 1112.448486 0.000000 982.994995
34633.375000 1112.448486 0.000000 983.109985
34633.375000 1112.448486 0.000000 983.203003
34633.375000 1112.448486 0.000000 983.296021
34633.375000 1112.448486 0.000000 983.406006
34633.375000 1112.448486 0.000000 983.494019
34633.375000 1112.448486 0.000000 983.601013
34633.375000 1112.448486 0.000000 983.697021
34633.375000 1112.448486 0.000000 983.797974
34633.375000 1112.448486 0.000000 983.895996
34633.375000 1112.448486 0.000000 984.000977
34633.375000 1112.448486 0.000000 984.195984
34633.375000 1112.448486 0.000000 984.297974
34633.375000 1112.448486 0.000000 984.396973
34633.375000 1112.448486 0.000000 984.491028
34633.375000 1112.448486 0.000000 984.596008
34633.375000 1112.448486 0.000000 984.700989
34633.375000 1112.448486 0.000000 984.797974
34633.375000 1112.448486 0.000000 984.898010
34633.375000 1112.448486 0.000000 984.992981
34633.375000 1112.448486 0.000000 985.098022
34633.375000 1112.448486 0.000000 985.213989
34633.375000 1112.448486 0.000000 985.302979
34633.375000 1112.448486 0.000000 985.401001
34633.375000 1112.448486 0.000000 985.497986
34633.375000 1112.448486 0.000000 985.603027
34633.375000 1112.448486 0.000000 985.692993
34633.375000 1112.448486 0.000000 985.799011
34633.375000 1112.448486 0.000000 985.903015
34633.375000 1112.448486 0.000000 985.994995
34633.375000 1112.448486 0.000000 986.094971
34633.375000 1112.448486 0.000000 986.192993
34633.375000 1112.448486 0.000000 986.306030
34633.375000 1112.448486 0.000000 986.419983
34633.375000 1112.448486 0.000000 986.520996
34633.375000 1112.448486 0.000000 986.609985
34633.375000 1112.448486 0.000000 986.705994
34633.375000 1112.448486 0.000000 986.806030
34633.375000 1112.448486 0.000000 986.906006
34633.375000 1112.448486 0.000000 987.013977
34633.375000 1112.448486 0.000000 987.114014
34633.375000 1112.448486 0.000000 987.310974
34633.375000 1112.448486 0.000000 987.411987
34633.375000 1112.448486 0.000000 987.616028
34633.375000 1112.448486 0.000000 987.812988
34633.375000 1112.448486 0.000000 987.906006
34633.375000 1112.448486 0.000000 988.005981
34633.375000 1112.448486 0.000000 988.221008
34633.375000 1112.448486 0.000000 988.416016
34633.375000 1112.448486 0.000000 988.510986
34633.375000 1112.448486 0.000000 988.614014
34633.375000 1112.448486 0.000000 988.718994
34633.375000 1112.448486 0.000000 988.817017
34633.375000 1112.448486 0.000000 988.916016
34633.375000 1112.448486 0.000000 989.106018
34633.375000 1112.448486 0.000000 989.210999
34633.375000 1112.448486 0.000000 989.310974
34633.375000 1112.448486 0.000000 989.411011
34633.375000 1112.448486 0.000000 989.505981
34633.375000 1112.448486 0.000000 989.617981
34633.375000 1112.448486 0.000000 989.715027
34633.375000 1112.448486 0.000000 989.814026
34633.375000 1112.448486 0.000000 989.911011
34633.375000 1112.448486 0.000000 990.010986
34633.375000 1112.448486 0.000000 990.114990
34633.375000 1112.448486 0.000000 990.213013
34633.375000 1112.448486 0.000000 990.320007
34633.375000 1112.448486 0.000000 990.411987
34633.375000 1112.448486 0.000000 990.505981
34633.375000 1112.448486 0.000000 990.609985
34633.375000 1112.448486 0.000000 990.711975
34633.375000 1112.448486 0.000000 990.817993
34633.375000 1112.448486 0.000000 990.921997
34633.375000 1112.448486 0.000000 991.010010
34633.375000 1112.448486 0.000000 991.111023
34633.375000 1112.448486 0.000000 991.210022
34633.375000 1112.448486 0.000000 991.304993
34633.375000 1112.448486 0.000000 991.409973
34633.375000 1112.448486 0.000000 991.604980
34633.375000 1112.448486 0.000000 991.705017
34633.375000 1112.448486 0.000000 991.809998
34633.375000 1112.448486 0.000000 991.909973
34633.375000 1112.448486 0.000000 992.010010
34633.375000 1112.448486 0.000000 992.122009
34633.375000 1112.448486 0.000000 992.210999
34633.375000 1112.448486 0.000000 992.315979
34633.375000 1112.448486 0.000000 992.411011
34633.375000 1112.448486 0.000000 992.510010
34633.375000 1112.448486 0.000000 992.604980
34633.375000 1112.448486 0.000000 992.705994
34633.375000 1112.448486 0.000000 992.815002
34633.375000 1112.448486 0.000000 993.015015
34633.375000 1112.448486 0.000000 993.109985
34633.375000 1112.448486 0.000000 993.210022
34633.375000 1112.448486 0.000000 993.309998
34633.375000 1112.448486 0.000000 993.510010
34633.375000 1112.448486 0.000000 993.604980
34633.375000 1112.448486 0.000000 993.716003
34633.375000 1112.448486 0.000000 993.817017
34633.375000 1112.448486 0.000000 993.909973
34633.375000 1112.448486 0.000000 994.023987
34633.375000 1112.448486 0.000000 994.218018
34633.375000 1112.448486 0.000000 994.317017
34633.375000 1112.448486 0.000000 994.422974
34633.375000 1112.448486 0.000000 994.513000
34633.375000 1112.448486 0.000000 994.612976
34633.375000 1112.448486 0.000000 994.713013
34633.375000 1112.448486 0.000000 994.810974
34633.375000 1112.448486 0.000000 994.909973
34633.375000 1112.448486 0.000000 995.015015
34633.375000 1112.448486 0.000000 995.119019
34633.375000 1112.448486 0.000000 995.218994
34633.375000 1112.448486 0.000000 995.333008
34633.375000 1112.448486 0.000000 995.515015
34633.375000 1112.448486 0.000000 995.619995
34633.375000 1112.448486 0.000000 995.715027
34633.375000 1112.448486 0.000000 995.812012
34633.375000 1112.448486 0.000000 995.914978
34633.375000 1112.448486 0.000000 996.007996
34633.375000 1112.448486 0.000000 996.107971
34633.375000 1112.448486 0.000000 996.215027
34633.375000 1112.448486 0.000000 996.320007
34633.375000 1112.448486 0.000000 996.413025
34633.375000 1112.448486 0.000000 996.510010
34633.375000 1112.448486 0.000000 996.607971
34633.375000 1112.448486 0.000000 996.723022
34633.375000 1112.448486 0.000000 996.809998
34633.375000 1112.448486 0.000000 996.913025
34633.375000 1112.448486 0.000000 997.017029
34633.375000 1112.448486 0.000000 997.107971
34633.375000 1112.448486 0.000000 997.208008
34633.375000 1112.448486 0.000000 997.307983
34633.375000 1112.448486 0.000000 997.422974
34633.375000 1112.448486 0.000000 997.507996
34633.500000 1112.448486 0.000000 997.612976
34633.500000 1112.448486 0.000000 997.728027
34633.500000 1112.448486 0.000000 997.815002
34633.500000 1112.448486 0.000000 997.908997
34633.500000 1112.448486 0.000000 998.015991
34633.500000 1112.448486 0.000000 998.112000
34633.500000 1112.448486 0.000000 998.208984
34633.500000 1112.448486 0.000000 998.309021
34633.500000 1112.448486 0.000000 998.419983
34633.500000 1112.448486 0.000000 998.518982
34633.500000 1112.448486 0.000000 998.609009
34633.500000 1112.448486 0.000000 998.706970
34633.500000 1112.448486 0.000000 998.812012
34633.500000 1112.448486 0.000000 998.911987
34633.500000 1112.448486 0.000000 999.021973
34633.500000 1112.448486 0.000000 999.117004
34633.500000 1112.448486 0.000000 999.206970
34633.500000 1112.448486 0.000000 999.307007
34633.500000 1112.448486 0.000000 999.419006
34633.500000 1112.448486 0.000000 999.512024
34633.500000 1112.448486 0.000000 999.617004
34633.500000 1112.448486 0.000000 999.726990
34633.500000 1112.448486 0.000000 999.807007
34633.500000 1112.448486 0.000000 999.916992
34633.500000 1112.448486 0.000000 1000.012024
34633.500000 1112.448486 0.000000 1000.114014
34633.500000 1112.448486 0.000000 1000.211975
34633.500000 1112.448486 0.000000 1000.312012
34633.500000 1112.448486 0.000000 1000.411987
34633.500000 1112.448486 0.000000 1000.512024
34633.500000 1112.448486 0.000000 1000.617004
34633.500000 1112.448486 0.000000 1000.711975
34633.500000 1112.448486 0.000000 1000.825989
34633.500000 1112.448486 0.000000 1000.914001
34633.500000 1112.448486 0.000000 1001.018982
34633.500000 1112.448486 0.000000 1001.111023
34633.500000 1112.448486 0.000000 1001.213013
34633.500000 1112.448486 0.000000 1001.315002
34633.500000 1112.448486 0.000000 1001.424988
34633.500000 1112.448486 0.000000 1001.515991
34633.500000 1112.448486 0.000000 1001.612976
34633.500000 1112.448486 0.000000 1001.708008
34633.500000 1112.448486 0.000000 1001.825989
34633.500000 1112.448486 0.000000 1001.913025
34633.500000 1112.448486 0.000000 1002.023010
34633.500000 1112.448486 0.000000 1002.127991
34633.500000 1112.448486 0.000000 1002.228027
34633.500000 1112.448486 0.000000 1002.343018
34633.500000 1112.448486 0.000000 1002.408020
34633.500000 1112.448486 0.000000 1002.518005
34633.500000 1112.448486 0.000000 1002.614990
34633.500000 1112.448486 0.000000 1002.719971
34633.500000 1112.448486 0.000000 1002.822998
34633.500000 1112.448486 0.000000 1002.924011
34633.500000 1112.448486 0.000000 1003.021973
34633.500000 1112.448486 0.000000 1003.127014
34633.500000 1112.448486 0.000000 1003.213013
34633.500000 1112.448486 0.000000 1003.335022
34633.500000 1112.448486 0.000000 1003.409973
34633.500000 1112.448486 0.000000 1003.517029
34633.500000 1112.448486 0.000000 1003.609985
34633.500000 1112.448486 0.000000 1003.710999
34633.500000 1112.448486 0.000000 1003.810974
34633.500000 1112.448486 0.000000 1003.919006
34633.500000 1112.448486 0.000000 1004.010010
34633.500000 1112.448486 0.000000 1004.109985
34633.500000 1112.448486 0.000000 1004.210999
34633.500000 1112.448486 0.000000 1004.315002
34633.500000 1112.448486 0.000000 1004.411011
34633.500000 1112.448486 0.000000 1004.510986
34633.500000 1112.448486 0.000000 1004.614014
34633.500000 1112.448486 0.000000 1004.710999
34633.500000 1112.448486 0.000000 1004.810974
34633.500000 1112.448486 0.000000 1004.911011
34633.500000 1112.448486 0.000000 1005.010986
34633.500000 1112.448486 0.000000 1005.111023
34633.500000 1112.448486 0.000000 1005.216003
34633.500000 1112.448486 0.000000 1005.312988
34633.500000 1112.448486 0.000000 1005.413025
34633.500000 1112.448486 0.000000 1005.513000
34633.500000 1112.448486 0.000000 1005.612976
34633.500000 1112.448486 0.000000 1005.718994
34633.500000 1112.448486 0.000000 1005.812988
34633.500000 1112.448486 0.000000 1005.913025
34633.500000 1112.448486 0.000000 1006.013000
34633.500000 1112.448486 0.000000 1006.109009
34633.500000 1112.448486 0.000000 1006.208008
34633.500000 1112.448486 0.000000 1006.325989
34633.500000 1112.448486 0.000000 1006.419006
34633.500000 1112.448486 0.000000 1006.513000
34633.500000 1112.448486 0.000000 1006.617981
34633.500000 1112.448486 0.000000 1006.718018
34633.500000 1112.448486 0.000000 1006.807983
34633.500000 1112.448486 0.000000 1006.913025
34633.500000 1112.448486 0.000000 1007.013000
34633.500000 1112.448486 0.000000 1007.117981
34633.500000 1112.448486 0.000000 1007.213989
34633.500000 1112.448486 0.000000 1007.312988
34633.500000 1112.448486 0.000000 1007.418030
34633.500000 1112.448486 0.000000 1007.513000
34633.500000 1112.448486 0.000000 1007.607971
34633.500000 1112.448486 0.000000 1007.708008
34633.500000 1112.448486 0.000000 1007.812988
34633.500000 1112.448486 0.000000 1007.914001
34633.500000 1112.448486 0.000000 1008.018005
34633.500000 1112.448486 0.000000 1008.119995
34633.500000 1112.448486 0.000000 1008.213013
34633.500000 1112.448486 0.000000 1008.320984
34633.500000 1112.448486 0.000000 1008.421021
34633.500000 1112.448486 0.000000 1008.520996
34633.500000 1112.448486 0.000000 1008.619995
34633.500000 1112.448486 0.000000 1008.723022
34633.500000 1112.448486 0.000000 1008.812988
34633.500000 1112.448486 0.000000 1008.914978
34633.500000 1112.448486 0.000000 1009.013000
34633.500000 1112.448486 0.000000 1009.117981
34633.500000 1112.448486 0.000000 1009.218018
34633.500000 1112.448486 0.000000 1009.318970
34633.500000 1112.448486 0.000000 1009.408997
34633.500000 1112.448486 0.000000 1009.513000
34633.500000 1112.448486 0.000000 1009.619019
34633.500000 1112.448486 0.000000 1009.713989
34633.500000 1112.448486 0.000000 1009.828003
34633.500000 1112.448486 0.000000 1009.914001
34633.500000 1112.448486 0.000000 1010.013977
34633.500000 1112.448486 0.000000 1010.109985
34633.500000 1112.448486 0.000000 1010.208984
34633.500000 1112.448486 0.000000 1010.309021
34633.500000 1112.448486 0.000000 1010.408997
34633.500000 1112.448486 0.000000 1010.513977
34633.500000 1112.448486 0.000000 1010.614014
34633.500000 1112.448486 0.000000 1010.708984
34633.500000 1112.448486 0.000000 1010.804016
34633.500000 1112.448486 0.000000 1010.914978
34633.500000 1112.448486 0.000000 1011.010010
34633.500000 1112.448486 0.000000 1011.125977
34633.500000 1112.448486 0.000000 1011.216003
34633.500000 1112.448486 0.000000 1011.310974
34633.500000 1112.448486 0.000000 1011.419983
34633.500000 1112.448486 0.000000 1011.510010
34633.500000 1112.448486 0.000000 1011.619019
34633.500000 1112.448486 0.000000 1011.715027
34633.500000 1112.448486 0.000000 1011.809998
34633.500000 1112.448486 0.000000 1011.909973
34633.500000 1112.448486 0.000000 1012.026978
34633.500000 1112.448486 0.000000 1012.125000
34633.500000 1112.448486 0.000000 1012.224976
34633.500000 1112.448486 0.000000 1012.325989
34644.375000 1112.448486 0.000000 1012.429016
34644.375000 1112.448486 0.000000 1012.619995
34644.375000 1112.448486 0.000000 1012.724976
34644.375000 1112.448486 0.000000 1012.825012
34644.375000 1112.448486 0.000000 1012.919983
34644.375000 1112.448486 0.000000 1013.030029
34644.375000 1112.448486 0.000000 1013.120972
34644.375000 1112.448486 0.000000 1013.219971
34644.375000 1112.448486 0.000000 1013.333008
34644.375000 1112.448486 0.000000 1013.432983
34644.375000 1112.448486 0.000000 1013.525024
34644.375000 1112.448486 0.000000 1013.619995
34644.375000 1112.448486 0.000000 1013.719971
34644.375000 1112.448486 0.000000 1013.831970
34644.375000 1112.448486 0.000000 1013.919983
34644.375000 1112.448486 0.000000 1014.020996
34644.375000 1112.448486 0.000000 1014.119995
34644.375000 1112.448486 0.000000 1014.221008
34644.375000 1112.448486 0.000000 1014.330994
34644.375000 1112.448486 0.000000 1014.421021
34644.375000 1112.448486 0.000000 1014.515991
34644.375000 1112.448486 0.000000 1014.637024
34644.375000 1112.448486 0.000000 1014.731995
34644.375000 1112.448486 0.000000 1014.835022
34644.375000 1112.448486 0.000000 1014.937012
34644.375000 1112.448486 0.000000 1015.026978
34644.375000 1112.448486 0.000000 1015.132019
34644.375000 1112.448486 0.000000 1015.237000
34644.375000 1112.448486 0.000000 1015.331970
34644.375000 1112.448486 0.000000 1015.432007
34644.375000 1112.448486 0.000000 1015.528992
34644.375000 1112.448486 0.000000 1015.617004
34644.375000 1112.448486 0.000000 1015.721985
34644.375000 1112.448486 0.000000 1015.827026
34644.375000 1112.448486 0.000000 1015.924988
34644.375000 1112.448486 0.000000 1016.025024
34644.375000 1112.448486 0.000000 1016.119995
34644.375000 1112.448486 0.000000 1016.219971
34644.375000 1112.448486 0.000000 1016.325012
34644.375000 1112.448486 0.000000 1016.419006
34644.375000 1112.448486 0.000000 1016.526001
34644.375000 1112.448486 0.000000 1016.622986
34644.375000 1112.448486 0.000000 1016.732971
34644.375000 1112.448486 0.000000 1016.828003
34644.375000 1112.448486 0.000000 1016.927002
34644.375000 1112.448486 0.000000 1017.020996
34644.375000 1112.448486 0.000000 1017.120972
34644.375000 1112.448486 0.000000 1017.229980
34644.375000 1112.448486 0.000000 1017.340027
34644.375000 1112.448486 0.000000 1017.421021
34644.375000 1112.448486 0.000000 1017.531006
34644.375000 1112.448486 0.000000 1017.616028
34644.375000 1112.448486 0.000000 1017.731018
34644.375000 1112.448486 0.000000 1017.815979
34644.375000 1112.448486 0.000000 1017.926025
34644.375000 1112.448486 0.000000 1018.028992
34644.375000 1112.448486 0.000000 1018.125977
34644.375000 1112.448486 0.000000 1018.216003
34644.375000 1112.448486 0.000000 1018.328979
34644.375000 1112.448486 0.000000 1018.429016
34644.375000 1112.448486 0.000000 1018.533997
34644.375000 1112.448486 0.000000 1018.625977
34644.375000 1112.448486 0.000000 1018.726990
34644.375000 1112.448486 0.000000 1018.831970
34644.375000 1112.448486 0.000000 1018.926025
34644.375000 1112.448486 0.000000 1019.026978
34644.375000 1112.448486 0.000000 1019.133972
34644.375000 1112.448486 0.000000 1019.228027
34644.375000 1112.448486 0.000000 1019.328979
34644.375000 1112.448486 0.000000 1019.424011
34644.375000 1112.448486 0.000000 1019.528015
34644.375000 1112.448486 0.000000 1019.622986
34644.375000 1112.448486 0.000000 1019.729004
34644.375000 1112.448486 0.000000 1019.828979
34644.375000 1112.448486 0.000000 1019.934021
34644.375000 1112.448486 0.000000 1020.025024
34644.375000 1112.448486 0.000000 1020.130981
34644.375000 1112.448486 0.000000 1020.237976
34644.375000 1112.448486 0.000000 1020.343018
34644.375000 1112.448486 0.000000 1020.538025
34644.375000 1112.448486 0.000000 1020.638000
34644.375000 1112.448486 0.000000 1020.742981
34644.375000 1112.448486 0.000000 1020.939026
34644.375000 1112.448486 0.000000 1021.028992
34644.375000 1112.448486 0.000000 1021.138977
34644.375000 1112.448486 0.000000 1021.239014
34644.375000 1112.448486 0.000000 1021.333984
34644.375000 1112.448486 0.000000 1021.434021
34644.375000 1112.448486 0.000000 1021.538025
34644.375000 1112.448486 0.000000 1021.635986
34644.375000 1112.448486 0.000000 1021.739014
34644.375000 1112.448486 0.000000 1021.833984
34644.375000 1112.448486 0.000000 1021.943970
34644.375000 1112.448486 0.000000 1022.129028
34644.375000 1112.448486 0.000000 1022.229980
34644.375000 1112.448486 0.000000 1022.328979
34644.375000 1112.448486 0.000000 1022.434021
34644.375000 1112.448486 0.000000 1022.533997
34644.375000 1112.448486 0.000000 1022.635010
34644.375000 1112.448486 0.000000 1022.729004
34644.375000 1112.448486 0.000000 1022.833984
34644.375000 1112.448486 0.000000 1022.935974
34644.375000 1112.448486 0.000000 1023.036011
34644.375000 1112.448486 0.000000 1023.132996
34644.375000 1112.448486 0.000000 1023.229004
34644.375000 1112.448486 0.000000 1023.328979
34644.375000 1112.448486 0.000000 1023.424011
34644.375000 1112.448486 0.000000 1023.526001
34644.375000 1112.448486 0.000000 1023.630005
34644.375000 1112.448486 0.000000 1023.739990
34644.375000 1112.448486 0.000000 1023.831970
34644.375000 1112.448486 0.000000 1023.937012
34644.375000 1112.448486 0.000000 1024.030029
34644.375000 1112.448486 0.000000 1024.137939
34644.375000 1112.448486 0.000000 1024.234985
34644.375000 1112.448486 0.000000 1024.333984
34644.375000 1112.448486 0.000000 1024.443970
34644.375000 1112.448486 0.000000 1024.529053
34644.375000 1112.448486 0.000000 1024.633057
34644.375000 1112.448486 0.000000 1024.729980
34644.375000 1112.448486 0.000000 1024.836060
34644.375000 1112.448486 0.000000 1024.942993
34644.375000 1112.448486 0.000000 1025.024048
34644.375000 1112.448486 0.000000 1025.130005
34644.375000 1112.448486 0.000000 1025.229004
34644.375000 1112.448486 0.000000 1025.328979
34644.375000 1112.448486 0.000000 1025.423950
34644.375000 1112.448486 0.000000 1025.541992
34644.375000 1112.448486 0.000000 1025.636963
34644.375000 1112.448486 0.000000 1025.734009
34644.375000 1112.448486 0.000000 1025.838989
34644.375000 1112.448486 0.000000 1025.933960
34644.375000 1112.448486 0.000000 1026.034058
34644.375000 1112.448486 0.000000 1026.141968
34644.375000 1112.448486 0.000000 1026.333008
34644.375000 1112.448486 0.000000 1026.443970
34644.375000 1112.448486 0.000000 1026.534058
34644.375000 1112.448486 0.000000 1026.631958
34644.375000 1112.448486 0.000000 1026.743042
34644.375000 1112.448486 0.000000 1026.832031
34644.375000 1112.448486 0.000000 1026.932007
34644.375000 1112.448486 0.000000 1027.041992
34644.375000 1112.448486 0.000000 1027.133057
34644.375000 1112.448486 0.000000 1027.234985
34644.375000 1112.448486 0.000000 1027.327026
34644.375000 1112.448486 0.000000 1027.437012
34644.375000 1112.448486 0.000000 1027.532959
34644.375000 1112.448486 0.000000 1027.631958
34644.375000 1112.448486 0.000000 1027.733032
34644.375000 1112.448486 0.000000 1027.832031
34644.375000 1112.448486 0.000000 1027.932007
34644.375000 1112.448486 0.000000 1028.035034
34644.375000 1112.448486 0.000000 1028.150024
34644.375000 1112.448486 0.000000 1028.241943
34644.375000 1112.448486 0.000000 1028.342041
34644.375000 1112.448486 0.000000 1028.447998
34644.375000 1112.448486 0.000000 1028.537964
34644.375000 1112.448486 0.000000 1028.642944
34644.375000 1112.448486 0.000000 1028.728027
34644.375000 1112.448486 0.000000 1028.828003
34644.375000 1112.448486 0.000000 1028.946045
34644.375000 1112.448486 0.000000 1029.031006
34644.375000 1112.448486 0.000000 1029.133057
34644.375000 1112.448486 0.000000 1029.240967
34644.375000 1112.448486 0.000000 1029.338013
34644.375000 1112.448486 0.000000 1029.433960
34644.375000 1112.448486 0.000000 1029.546021
34644.375000 1112.448486 0.000000 1029.640991
34644.375000 1112.448486 0.000000 1029.739990
34644.375000 1112.448486 0.000000 1029.849976
34644.375000 1112.448486 0.000000 1030.037964
34644.375000 1112.448486 0.000000 1030.140015
34644.375000 1112.448486 0.000000 1030.233032
34644.375000 1112.448486 0.000000 1030.340942
34644.375000 1112.448486 0.000000 1030.441040
34644.375000 1112.448486 0.000000 1030.546021
34644.375000 1112.448486 0.000000 1030.639038
34644.375000 1112.448486 0.000000 1030.734985
34644.375000 1112.448486 0.000000 1030.838013
34644.375000 1112.448486 0.000000 1030.941040
34644.375000 1112.448486 0.000000 1031.041016
34644.375000 1112.448486 0.000000 1031.135986
34644.375000 1112.448486 0.000000 1031.235962
34644.375000 1112.448486 0.000000 1031.336060
34644.375000 1112.448486 0.000000 1031.441040
34644.375000 1112.448486 0.000000 1031.546021
34644.375000 1112.448486 0.000000 1031.633057
34644.375000 1112.448486 0.000000 1031.728027
34644.375000 1112.448486 0.000000 1031.843018
34644.375000 1112.448486 0.000000 1032.032959
34644.375000 1112.448486 0.000000 1032.139038
34644.375000 1112.448486 0.000000 1032.234985
34644.375000 1112.448486 0.000000 1032.339966
34644.375000 1112.448486 0.000000 1032.453003
34644.375000 1112.448486 0.000000 1032.542969
34644.375000 1112.448486 0.000000 1032.642944
34644.375000 1112.448486 0.000000 1032.734009
34644.375000 1112.448486 0.000000 1032.837036
34644.375000 1112.448486 0.000000 1032.943970
34644.375000 1112.448486 0.000000 1033.043945
34644.375000 1112.448486 0.000000 1033.133057
34644.375000 1112.448486 0.000000 1033.255981
34644.375000 1112.448486 0.000000 1033.333008
34644.375000 1112.448486 0.000000 1033.432983
34644.375000 1112.448486 0.000000 1033.531006
34644.375000 1112.448486 0.000000 1033.636963
34644.375000 1112.448486 0.000000 1033.741943
34644.375000 1112.448486 0.000000 1033.831055
34644.375000 1112.448486 0.000000 1033.936035
34644.375000 1112.448486 0.000000 1034.046021
34644.375000 1112.448486 0.000000 1034.130981
34644.375000 1112.448486 0.000000 1034.230957
34644.375000 1112.448486 0.000000 1034.333008
34644.375000 1112.448486 0.000000 1034.441040
34644.375000 1112.448486 0.000000 1034.546021
34644.375000 1112.448486 0.000000 1034.635986
34644.375000 1112.448486 0.000000 1034.740967
34644.375000 1112.448486 0.000000 1034.833008
34644.375000 1112.448486 0.000000 1034.937012
34644.375000 1112.448486 0.000000 1035.041992
34644.375000 1112.448486 0.000000 1035.141968
34644.375000 1112.448486 0.000000 1035.233032
34644.375000 1112.448486 0.000000 1035.333984
34644.375000 1112.448486 0.000000 1035.433960
34644.375000 1112.448486 0.000000 1035.527954
34644.375000 1112.448486 0.000000 1035.637939
34644.375000 1112.448486 0.000000 1035.729004
34644.375000 1112.448486 0.000000 1035.828003
34644.375000 1112.448486 0.000000 1035.930054
34644.375000 1112.448486 0.000000 1036.027954
34644.375000 1112.448486 0.000000 1036.133057
34644.375000 1112.448486 0.000000 1036.248047
34644.375000 1112.448486 0.000000 1036.348022
34644.375000 1112.448486 0.000000 1036.443970
34644.375000 1112.448486 0.000000 1036.642944
34644.375000 1112.448486 0.000000 1036.748047
34644.375000 1112.448486 0.000000 1036.853027
34644.375000 1112.448486 0.000000 1036.943970
34644.375000 1112.448486 0.000000 1037.047974
34644.375000 1112.448486 0.000000 1037.156006
34644.375000 1112.448486 0.000000 1037.255981
34644.375000 1112.448486 0.000000 1037.350952
34644.375000 1112.448486 0.000000 1037.448975
34644.375000 1112.448486 0.000000 1037.542969
34644.375000 1112.448486 0.000000 1037.642944
34644.375000 1112.448486 0.000000 1037.748047
34644.375000 1112.448486 0.000000 1037.848022
34644.375000 1112.448486 0.000000 1037.947998
34644.375000 1112.448486 0.000000 1038.146973
34644.375000 1112.448486 0.000000 1038.249023
34644.375000 1112.448486 0.000000 1038.354004
34644.375000 1112.448486 0.000000 1038.551025
34644.375000 1112.448486 0.000000 1038.743042
34644.375000 1112.448486 0.000000 1038.848999
34644.375000 1112.448486 0.000000 1039.048950
34644.375000 1112.448486 0.000000 1039.149048
34644.375000 1112.448486 0.000000 1039.259033
34644.375000 1112.448486 0.000000 1039.355957
34644.375000 1112.448486 0.000000 1039.448975
34644.375000 1112.448486 0.000000 1039.571045
34644.375000 1112.448486 0.000000 1039.759033
34644.375000 1112.448486 0.000000 1039.859009
34644.375000 1112.448486 0.000000 1039.951050
34644.375000 1112.448486 0.000000 1040.045044
34644.375000 1112.448486 0.000000 1040.255981
34644.375000 1112.448486 0.000000 1040.350952
34644.375000 1112.448486 0.000000 1040.456055
34644.375000 1112.448486 0.000000 1040.650024
34644.375000 1112.448486 0.000000 1040.744995
34644.375000 1112.448486 0.000000 1040.850952
34644.375000 1112.448486 0.000000 1040.952026
34644.375000 1112.448486 0.000000 1041.051025
34644.375000 1112.448486 0.000000 1041.145020
34644.375000 1112.448486 0.000000 1041.250977
34644.375000 1112.448486 0.000000 1041.344971
34644.375000 1112.448486 0.000000 1041.449951
34644.375000 1112.448486 0.000000 1041.546021
34644.375000 1112.448486 0.000000 1041.645020
34644.375000 1112.448486 0.000000 1041.744995
34644.375000 1112.448486 0.000000 1041.844971
34644.375000 1112.448486 0.000000 1041.959961
34644.375000 1112.448486 0.000000 1042.057007
34644.375000 1112.448486 0.000000 1042.146973
34644.375000 1112.448486 0.000000 1042.255005
34644.375000 1112.448486 0.000000 1042.349976
34644.375000 1112.448486 0.000000 1042.463013
34644.375000 1112.448486 0.000000 1042.545044
34644.375000 1112.448486 0.000000 1042.644043
34644.375000 1112.448486 0.000000 1042.754028
34644.375000 1112.448486 0.000000 1042.843018
34644.375000 1112.448486 0.000000 1042.953003
34644.375000 1112.448486 0.000000 1043.058960
34644.375000 1112.448486 0.000000 1043.154053
34644.375000 1112.448486 0.000000 1043.243042
34644.375000 1112.448486 0.000000 1043.344971
34644.375000 1112.448486 0.000000 1043.454956
34644.375000 1112.448486 0.000000 1043.652954
34644.375000 1112.448486 0.000000 1043.758057
34644.375000 1112.448486 0.000000 1043.968994
34644.375000 1112.448486 0.000000 1044.052979
34644.375000 1112.448486 0.000000 1044.167969
34644.375000 1112.448486 0.000000 1044.358032
34644.375000 1112.448486 0.000000 1044.463013
34644.375000 1112.448486 0.000000 1044.562988
34644.375000 1112.448486 0.000000 1044.662964
34644.375000 1112.448486 0.000000 1044.762939
34644.375000 1112.448486 0.000000 1044.854980
34644.375000 1112.448486 0.000000 1044.954956
34644.375000 1112.448486 0.000000 1045.055054
34644.375000 1112.448486 0.000000 1045.150024
34644.375000 1112.448486 0.000000 1045.250000
34644.375000 1112.448486 0.000000 1045.365967
34644.375000 1112.448486 0.000000 1045.454956
34644.375000 1112.448486 0.000000 1045.550049
34644.375000 1112.448486 0.000000 1045.651001
34644.375000 1112.448486 0.000000 1045.755005
34644.375000 1112.448486 0.000000 1045.860962
34644.375000 1112.448486 0.000000 1045.957031
34644.375000 1112.448486 0.000000 1046.056030
34644.375000 1112.448486 0.000000 1046.159058
34644.375000 1112.448486 0.000000 1046.250977
34644.375000 1112.448486 0.000000 1046.359985
34644.375000 1112.448486 0.000000 1046.457031
34644.375000 1112.448486 0.000000 1046.551025
34644.375000 1112.448486 0.000000 1046.656006
34644.375000 1112.448486 0.000000 1046.756958
34644.375000 1112.448486 0.000000 1046.858032
34644.375000 1112.448486 0.000000 1046.958008
34644.375000 1112.448486 0.000000 1047.071045
34644.375000 1112.448486 0.000000 1047.161011
34644.375000 1112.448486 0.000000 1047.255981
34644.375000 1112.448486 0.000000 1047.365967
34644.375000 1112.448486 0.000000 1047.452026
34644.375000 1112.448486 0.000000 1047.557007
34644.375000 1112.448486 0.000000 1047.654053
34644.375000 1112.448486 0.000000 1047.766968
34644.375000 1112.448486 0.000000 1047.865967
34644.375000 1112.448486 0.000000 1047.965942
34644.375000 1112.448486 0.000000 1048.066040
34644.375000 1112.448486 0.000000 1048.171021
34644.375000 1112.448486 0.000000 1048.271973
34644.375000 1112.448486 0.000000 1048.376953
34644.375000 1112.448486 0.000000 1048.467041
34644.375000 1112.448486 0.000000 1048.567017
34644.375000 1112.448486 0.000000 1048.666992
34644.375000 1112.448486 0.000000 1048.761963
34644.375000 1112.448486 0.000000 1048.859985
34644.375000 1112.448486 0.000000 1048.952026
34644.375000 1112.448486 0.000000 1049.057983
34644.375000 1112.448486 0.000000 1049.161987
34644.375000 1112.448486 0.000000 1049.256958
34644.375000 1112.448486 0.000000 1049.352051
34644.375000 1112.448486 0.000000 1049.468018
34644.375000 1112.448486 0.000000 1049.553955
34644.375000 1112.448486 0.000000 1049.652954
34644.375000 1112.448486 0.000000 1049.758057
34644.375000 1112.448486 0.000000 1049.858032
34644.375000 1112.448486 0.000000 1049.953979
34644.375000 1112.448486 0.000000 1050.058960
34644.375000 1112.448486 0.000000 1050.163940
34644.375000 1112.448486 0.000000 1050.274048
34644.375000 1112.448486 0.000000 1050.366943
34644.375000 1112.448486 0.000000 1050.467041
34644.375000 1112.448486 0.000000 1050.567017
34644.375000 1112.448486 0.000000 1050.666992
34644.375000 1112.448486 0.000000 1050.766968
34644.375000 1112.448486 0.000000 1050.862061
34644.375000 1112.448486 0.000000 1050.968018
34644.375000 1112.448486 0.000000 1051.067993
34644.375000 1112.448486 0.000000 1051.159058
34644.375000 1112.448486 0.000000 1051.265015
34644.375000 1112.448486 0.000000 1051.358032
34644.375000 1112.448486 0.000000 1051.453003
34644.375000 1112.448486 0.000000 1051.562988
34644.375000 1112.448486 0.000000 1051.652954
34644.375000 1112.448486 0.000000 1051.764038
34644.375000 1112.448486 0.000000 1051.853027
34644.375000 1112.448486 0.000000 1051.953979
34644.375000 1112.448486 0.000000 1052.062012
34644.375000 1112.448486 0.000000 1052.152954
34644.375000 1112.448486 0.000000 1052.253052
34644.375000 1112.448486 0.000000 1052.354980
34644.375000 1112.448486 0.000000 1052.457031
34644.375000 1112.448486 0.000000 1052.555054
34644.375000 1112.448486 0.000000 1052.662964
34644.375000 1112.448486 0.000000 1052.758057
34644.625000 1112.448486 0.000000 1052.868042
34644.625000 1112.448486 0.000000 1052.968018
34644.625000 1112.448486 0.000000 1053.055054
34644.625000 1112.448486 0.000000 1053.160034
34644.625000 1112.448486 0.000000 1053.255005
34644.625000 1112.448486 0.000000 1053.354980
34644.625000 1112.448486 0.000000 1053.459961
34644.625000 1112.448486 0.000000 1053.557983
34644.625000 1112.448486 0.000000 1053.663940
34644.625000 1112.448486 0.000000 1053.753052
34644.625000 1112.448486 0.000000 1053.860962
34644.625000 1112.448486 0.000000 1053.961060
34644.625000 1112.448486 0.000000 1054.057983
34644.625000 1112.448486 0.000000 1054.152954
34644.625000 1112.448486 0.000000 1054.258057
34644.625000 1112.448486 0.000000 1054.363037
34644.625000 1112.448486 0.000000 1054.453003
34644.625000 1112.448486 0.000000 1054.557983
34644.625000 1112.448486 0.000000 1054.657959
34644.625000 1112.448486 0.000000 1054.762939
34644.625000 1112.448486 0.000000 1054.858032
34644.625000 1112.448486 0.000000 1054.958008
34644.625000 1112.448486 0.000000 1055.057983
34644.625000 1112.448486 0.000000 1055.157959
34644.625000 1112.448486 0.000000 1055.262939
34644.625000 1112.448486 0.000000 1055.363037
34644.625000 1112.448486 0.000000 1055.453003
34644.625000 1112.448486 0.000000 1055.552979
34644.625000 1112.448486 0.000000 1055.663940
34644.625000 1112.448486 0.000000 1055.760986
34644.625000 1112.448486 0.000000 1055.863037
34644.625000 1112.448486 0.000000 1055.965942
34644.625000 1112.448486 0.000000 1056.066040
34644.625000 1112.448486 0.000000 1056.163940
34644.625000 1112.448486 0.000000 1056.262939
34644.625000 1112.448486 0.000000 1056.366943
34644.625000 1112.448486 0.000000 1056.467041
34644.625000 1112.448486 0.000000 1056.567017
34644.625000 1112.448486 0.000000 1056.666016
34644.625000 1112.448486 0.000000 1056.770996
34644.625000 1112.448486 0.000000 1056.858032
34644.625000 1112.448486 0.000000 1056.961060
34644.625000 1112.448486 0.000000 1057.057983
34644.625000 1112.448486 0.000000 1057.157959
34644.625000 1112.448486 0.000000 1057.269043
34644.625000 1112.448486 0.000000 1057.357056
34644.625000 1112.448486 0.000000 1057.456055
34644.625000 1112.448486 0.000000 1057.558960
34644.625000 1112.448486 0.000000 1057.673950
34644.625000 1112.448486 0.000000 1057.774048
34644.625000 1112.448486 0.000000 1057.869019
34644.625000 1112.448486 0.000000 1057.961060
34644.625000 1112.448486 0.000000 1058.061035
34644.750000 1112.448486 0.000000 1058.156006
34644.750000 1112.448486 0.000000 1058.260986
34644.750000 1112.448486 0.000000 1058.375977
34644.750000 1112.448486 0.000000 1058.465942
34644.750000 1112.448486 0.000000 1058.572021
34644.750000 1112.448486 0.000000 1058.663940
34644.750000 1112.448486 0.000000 1058.766968
34644.750000 1112.448486 0.000000 1058.871948
34644.750000 1112.448486 0.000000 1058.967041
34644.750000 1112.448486 0.000000 1059.079956
34644.750000 1112.448486 0.000000 1059.161987
34644.750000 1112.448486 0.000000 1059.261963
34644.750000 1112.448486 0.000000 1059.363037
34644.750000 1112.448486 0.000000 1059.472046
34644.750000 1112.448486 0.000000 1059.562012
34644.750000 1112.448486 0.000000 1059.671021
34644.750000 1112.448486 0.000000 1059.776001
34644.750000 1112.448486 0.000000 1059.870972
34644.750000 1112.448486 0.000000 1059.965942
34644.750000 1112.448486 0.000000 1060.066040
34644.750000 1112.448486 0.000000 1060.166016
34644.750000 1112.448486 0.000000 1060.265991
34644.750000 1112.448486 0.000000 1060.365967
34644.750000 1112.448486 0.000000 1060.462036
34644.750000 1112.448486 0.000000 1060.567017
34644.750000 1112.448486 0.000000 1060.671997
34644.750000 1112.448486 0.000000 1060.868042
34644.750000 1112.448486 0.000000 1060.967041
34644.750000 1112.448486 0.000000 1061.173950
34644.750000 1112.448486 0.000000 1061.261963
34644.750000 1112.448486 0.000000 1061.375977
34644.750000 1112.448486 0.000000 1061.572021
34644.750000 1112.448486 0.000000 1061.780029
34644.750000 1112.448486 0.000000 1061.880005
34644.750000 1112.448486 0.000000 1062.071045
34644.750000 1112.448486 0.000000 1062.171997
34644.750000 1112.448486 0.000000 1062.271973
34644.750000 1112.448486 0.000000 1062.470947
34644.750000 1112.448486 0.000000 1062.672974
34644.750000 1112.448486 0.000000 1062.770996
34644.750000 1112.448486 0.000000 1062.974976
34644.750000 1112.448486 0.000000 1063.072021
34644.750000 1112.448486 0.000000 1063.176025
34644.750000 1112.448486 0.000000 1063.272949
34644.750000 1112.448486 0.000000 1063.373047
34644.750000 1112.448486 0.000000 1063.470947
34644.750000 1112.448486 0.000000 1063.566040
34644.750000 1112.448486 0.000000 1063.671997
34644.750000 1112.448486 0.000000 1063.776001
34644.750000 1112.448486 0.000000 1063.870972
34644.750000 1112.448486 0.000000 1063.972046
34644.750000 1112.448486 0.000000 1064.066040
34644.750000 1112.448486 0.000000 1064.176025
34644.750000 1112.448486 0.000000 1064.274048
34644.750000 1112.448486 0.000000 1064.379028
34644.750000 1112.448486 0.000000 1064.473022
34644.750000 1112.448486 0.000000 1064.577026
34644.750000 1112.448486 0.000000 1064.667969
34644.750000 1112.448486 0.000000 1064.770996
34644.750000 1112.448486 0.000000 1064.880981
34644.750000 1112.448486 0.000000 1064.982056
34644.750000 1112.448486 0.000000 1065.171021
34644.750000 1112.448486 0.000000 1065.270996
34644.750000 1112.448486 0.000000 1065.379028
34644.750000 1112.448486 0.000000 1065.484009
34644.750000 1112.448486 0.000000 1065.578979
34644.750000 1112.448486 0.000000 1065.671997
34644.750000 1112.448486 0.000000 1065.770996
34644.750000 1112.448486 0.000000 1065.871948
34644.750000 1112.448486 0.000000 1065.985962
34644.750000 1112.448486 0.000000 1066.076050
34644.750000 1112.448486 0.000000 1066.181030
34644.750000 1112.448486 0.000000 1066.276001
34644.750000 1112.448486 0.000000 1066.380981
34644.750000 1112.448486 0.000000 1066.472046
34644.750000 1112.448486 0.000000 1066.567993
34644.750000 1112.448486 0.000000 1066.670044
34644.750000 1112.448486 0.000000 1066.772949
34644.750000 1112.448486 0.000000 1066.869019
34644.750000 1112.448486 0.000000 1066.968994
34644.750000 1112.448486 0.000000 1067.073975
34644.750000 1112.448486 0.000000 1067.177979
34644.750000 1112.448486 0.000000 1067.269043
34644.750000 1112.448486 0.000000 1067.369019
34644.750000 1112.448486 0.000000 1067.473999
34644.750000 1112.448486 0.000000 1067.583984
34644.750000 1112.448486 0.000000 1067.770020
34644.750000 1112.448486 0.000000 1067.874023
34644.750000 1112.448486 0.000000 1067.968994
34644.750000 1112.448486 0.000000 1068.067017
34644.750000 1112.448486 0.000000 1068.166016
34644.750000 1112.448486 0.000000 1068.291016
34644.750000 1112.448486 0.000000 1068.370972
34644.750000 1112.448486 0.000000 1068.465942
34644.750000 1112.448486 0.000000 1068.577026
34644.750000 1112.448486 0.000000 1068.666016
34644.750000 1112.448486 0.000000 1068.771973
34644.750000 1112.448486 0.000000 1068.884033
34644.750000 1112.448486 0.000000 1068.970947
34644.750000 1112.448486 0.000000 1069.071045
34644.750000 1112.448486 0.000000 1069.177979
34644.750000 1112.448486 0.000000 1069.270996
34644.750000 1112.448486 0.000000 1069.370972
34644.750000 1112.448486 0.000000 1069.475952
34644.750000 1112.448486 0.000000 1069.581055
34644.750000 1112.448486 0.000000 1069.666992
34644.750000 1112.448486 0.000000 1069.770996
34644.750000 1112.448486 0.000000 1069.870972
34644.750000 1112.448486 0.000000 1069.970947
34644.750000 1112.448486 0.000000 1070.071045
34644.750000 1112.448486 0.000000 1070.171021
34644.750000 1112.448486 0.000000 1070.270996
34644.750000 1112.448486 0.000000 1070.371948
34644.750000 1112.448486 0.000000 1070.477051
34644.750000 1112.448486 0.000000 1070.574951
34644.750000 1112.448486 0.000000 1070.670044
34644.750000 1112.448486 0.000000 1070.770020
34644.750000 1112.448486 0.000000 1070.869995
34644.750000 1112.448486 0.000000 1070.969971
34644.750000 1112.448486 0.000000 1071.069946
34644.750000 1112.448486 0.000000 1071.170044
34644.750000 1112.448486 0.000000 1071.270996
34644.750000 1112.448486 0.000000 1071.369995
34644.750000 1112.448486 0.000000 1071.475952
34644.750000 1112.448486 0.000000 1071.569946
34644.750000 1112.448486 0.000000 1071.670044
34644.750000 1112.448486 0.000000 1071.770020
34644.750000 1112.448486 0.000000 1071.864990
34644.750000 1112.448486 0.000000 1071.973022
34644.750000 1112.448486 0.000000 1072.069946
34644.750000 1112.448486 0.000000 1072.175049
34644.750000 1112.448486 0.000000 1072.275024
34644.750000 1112.448486 0.000000 1072.375000
34644.750000 1112.448486 0.000000 1072.479980
34644.750000 1112.448486 0.000000 1072.569946
34644.750000 1112.448486 0.000000 1072.665039
34644.750000 1112.448486 0.000000 1072.770996
34644.750000 1112.448486 0.000000 1072.869019
34644.750000 1112.448486 0.000000 1072.968018
34644.750000 1112.448486 0.000000 1073.067993
34644.750000 1112.448486 0.000000 1073.173950
34644.750000 1112.448486 0.000000 1073.267944
34644.750000 1112.448486 0.000000 1073.368042
34644.750000 1112.448486 0.000000 1073.468018
34644.750000 1112.448486 0.000000 1073.567993
34644.750000 1112.448486 0.000000 1073.668945
34644.750000 1112.448486 0.000000 1073.776001
34644.750000 1112.448486 0.000000 1073.880981
34644.750000 1112.448486 0.000000 1073.975952
34644.750000 1112.448486 0.000000 1074.067993
34644.750000 1112.448486 0.000000 1074.175049
34644.750000 1112.448486 0.000000 1074.272949
34644.750000 1112.448486 0.000000 1074.380005
34644.750000 1112.448486 0.000000 1074.478027
34644.750000 1112.448486 0.000000 1074.567993
34644.750000 1112.448486 0.000000 1074.672974
34644.750000 1112.448486 0.000000 1074.772949
34644.750000 1112.448486 0.000000 1074.879028
34644.750000 1112.448486 0.000000 1074.973022
34644.750000 1112.448486 0.000000 1075.067993
34644.750000 1112.448486 0.000000 1075.171997
34644.750000 1112.448486 0.000000 1075.266968
34644.750000 1112.448486 0.000000 1075.378052
34644.750000 1112.448486 0.000000 1075.472046
34644.750000 1112.448486 0.000000 1075.567017
34644.750000 1112.448486 0.000000 1075.666992
34644.750000 1112.448486 0.000000 1075.771973
34644.750000 1112.448486 0.000000 1075.866943
34644.750000 1112.448486 0.000000 1075.977051
34644.750000 1112.448486 0.000000 1076.072021
34644.750000 1112.448486 0.000000 1076.171997
34644.750000 1112.448486 0.000000 1076.271973
34644.750000 1112.448486 0.000000 1076.371948
34644.750000 1112.448486 0.000000 1076.467041
34644.750000 1112.448486 0.000000 1076.582031
34644.750000 1112.448486 0.000000 1076.666992
34644.750000 1112.448486 0.000000 1076.769043
34644.750000 1112.448486 0.000000 1076.866943
34644.750000 1112.448486 0.000000 1076.967041
34644.750000 1112.448486 0.000000 1077.072021
34644.750000 1112.448486 0.000000 1077.171997
34644.750000 1112.448486 0.000000 1077.266968
34644.750000 1112.448486 0.000000 1077.371948
34644.750000 1112.448486 0.000000 1077.472046
34644.750000 1112.448486 0.000000 1077.572021
34644.750000 1112.448486 0.000000 1077.666992
34644.750000 1112.448486 0.000000 1077.771973
34644.750000 1112.448486 0.000000 1077.876953
34644.750000 1112.448486 0.000000 1077.968018
34644.750000 1112.448486 0.000000 1078.067017
34644.750000 1112.448486 0.000000 1078.166992
34644.750000 1112.448486 0.000000 1078.277954
34644.750000 1112.448486 0.000000 1078.371948
34644.750000 1112.448486 0.000000 1078.472046
34644.750000 1112.448486 0.000000 1078.572021
34644.750000 1112.448486 0.000000 1078.677002
34644.750000 1112.448486 0.000000 1078.771973
34644.750000 1112.448486 0.000000 1078.879028
34644.750000 1112.448486 0.000000 1078.967041
34644.750000 1112.448486 0.000000 1079.072998
34644.750000 1112.448486 0.000000 1079.172974
34644.750000 1112.448486 0.000000 1079.266968
34644.750000 1112.448486 0.000000 1079.385986
34644.750000 1112.448486 0.000000 1079.485962
34644.750000 1112.448486 0.000000 1079.576050
34644.750000 1112.448486 0.000000 1079.668945
34644.750000 1112.448486 0.000000 1079.766968
34644.750000 1112.448486 0.000000 1079.869995
34644.750000 1112.448486 0.000000 1079.977051
34644.750000 1112.448486 0.000000 1080.072021
34644.750000 1112.448486 0.000000 1080.177002
34644.750000 1112.448486 0.000000 1080.276978
34644.750000 1112.448486 0.000000 1080.373047
34644.750000 1112.448486 0.000000 1080.483032
34644.750000 1112.448486 0.000000 1080.577026
34644.750000 1112.448486 0.000000 1080.682007
34644.750000 1112.448486 0.000000 1080.781982
34644.750000 1112.448486 0.000000 1080.871948
34644.750000 1112.448486 0.000000 1080.991943
34644.750000 1112.448486 0.000000 1081.092041
34644.750000 1112.448486 0.000000 1081.187012
34644.750000 1112.448486 0.000000 1081.276978
34644.750000 1112.448486 0.000000 1081.371948
34644.750000 1112.448486 0.000000 1081.472046
34644.750000 1112.448486 0.000000 1081.577026
34644.750000 1112.448486 0.000000 1081.671997
34644.750000 1112.448486 0.000000 1081.771973
34644.750000 1112.448486 0.000000 1081.871948
34644.750000 1112.448486 0.000000 1081.983032
34644.750000 1112.448486 0.000000 1082.078003
34644.750000 1112.448486 0.000000 1082.177002
34644.750000 1112.448486 0.000000 1082.274048
34644.750000 1112.448486 0.000000 1082.371948
34644.750000 1112.448486 0.000000 1082.472046
34644.875000 1112.448486 0.000000 1082.578979
34644.875000 1112.448486 0.000000 1082.682983
34644.875000 1112.448486 0.000000 1082.784058
34644.875000 1112.448486 0.000000 1082.973022
34644.875000 1112.448486 0.000000 1083.086060
34644.875000 1112.448486 0.000000 1083.181030
34644.875000 1112.448486 0.000000 1083.277954
34644.875000 1112.448486 0.000000 1083.385010
34644.875000 1112.448486 0.000000 1083.478027
34644.875000 1112.448486 0.000000 1083.578003
34644.875000 1112.448486 0.000000 1083.677979
34644.875000 1112.448486 0.000000 1083.795044
34644.875000 1112.448486 0.000000 1083.880981
34644.875000 1112.448486 0.000000 1083.985962
34644.875000 1112.448486 0.000000 1084.086060
34644.875000 1112.448486 0.000000 1084.180054
34644.875000 1112.448486 0.000000 1084.276001
34644.875000 1112.448486 0.000000 1084.384033
34644.875000 1112.448486 0.000000 1084.474976
34644.875000 1112.448486 0.000000 1084.574951
34644.875000 1112.448486 0.000000 1084.675049
34644.875000 1112.448486 0.000000 1084.780029
34644.875000 1112.448486 0.000000 1084.875000
34644.875000 1112.448486 0.000000 1084.975952
34644.875000 1112.448486 0.000000 1085.076050
34644.875000 1112.448486 0.000000 1085.187012
34644.875000 1112.448486 0.000000 1085.276978
34644.875000 1112.448486 0.000000 1085.390015
34644.875000 1112.448486 0.000000 1085.479980
34644.875000 1112.448486 0.000000 1085.584961
34644.875000 1112.448486 0.000000 1085.682007
34644.875000 1112.448486 0.000000 1085.781982
34644.875000 1112.448486 0.000000 1085.886963
34644.875000 1112.448486 0.000000 1085.975952
34644.875000 1112.448486 0.000000 1086.076050
34644.875000 1112.448486 0.000000 1086.176025
34644.875000 1112.448486 0.000000 1086.276001
34644.875000 1112.448486 0.000000 1086.375977
34644.875000 1112.448486 0.000000 1086.475952
34644.875000 1112.448486 0.000000 1086.577026
34644.875000 1112.448486 0.000000 1086.682007
34644.875000 1112.448486 0.000000 1086.781006
34644.875000 1112.448486 0.000000 1086.880005
34644.875000 1112.448486 0.000000 1086.979980
34644.875000 1112.448486 0.000000 1087.088013
34644.875000 1112.448486 0.000000 1087.187988
34644.875000 1112.448486 0.000000 1087.287964
34644.875000 1112.448486 0.000000 1087.387939
34644.875000 1112.448486 0.000000 1087.484009
34644.875000 1112.448486 0.000000 1087.584961
34644.875000 1112.448486 0.000000 1087.689941
34644.875000 1112.448486 0.000000 1087.777954
34644.875000 1112.448486 0.000000 1087.891968
34644.875000 1112.448486 0.000000 1087.987061
34644.875000 1112.448486 0.000000 1088.088989
34644.875000 1112.448486 0.000000 1088.182983
34644.875000 1112.448486 0.000000 1088.277954
34644.875000 1112.448486 0.000000 1088.378052
34644.875000 1112.448486 0.000000 1088.487061
34644.875000 1112.448486 0.000000 1088.583984
34644.875000 1112.448486 0.000000 1088.678955
34644.875000 1112.448486 0.000000 1088.777954
34644.875000 1112.448486 0.000000 1088.883057
34644.875000 1112.448486 0.000000 1088.988037
34644.875000 1112.448486 0.000000 1089.078979
34644.875000 1112.448486 0.000000 1089.183960
34644.875000 1112.448486 0.000000 1089.293945
34644.875000 1112.448486 0.000000 1089.384033
34644.875000 1112.448486 0.000000 1089.484009
34644.875000 1112.448486 0.000000 1089.588989
34645.000000 1112.448486 0.000000 1089.688965
34645.000000 1112.448486 0.000000 1089.785034
34645.000000 1112.448486 0.000000 1089.989990
34645.000000 1112.448486 0.000000 1090.089966
34645.000000 1112.448486 0.000000 1090.187988
34645.000000 1112.448486 0.000000 1090.396973
34645.000000 1112.448486 0.000000 1090.489014
34645.000000 1112.448486 0.000000 1090.599976
34645.000000 1112.448486 0.000000 1090.680054
34645.000000 1112.448486 0.000000 1090.790039
34645.000000 1112.448486 0.000000 1090.895020
34645.000000 1112.448486 0.000000 1090.979980
34645.000000 1112.448486 0.000000 1091.089966
34645.000000 1112.448486 0.000000 1091.192017
34645.000000 1112.448486 0.000000 1091.280029
34645.000000 1112.448486 0.000000 1091.394043
34645.000000 1112.448486 0.000000 1091.495972
34645.000000 1112.448486 0.000000 1091.594971
34645.000000 1112.448486 0.000000 1091.785034
34645.000000 1112.448486 0.000000 1091.890991
34645.000000 1112.448486 0.000000 1091.994995
34645.000000 1112.448486 0.000000 1092.084961
34645.000000 1112.448486 0.000000 1092.196045
34645.000000 1112.448486 0.000000 1092.290039
34645.000000 1112.448486 0.000000 1092.395020
34645.000000 1112.448486 0.000000 1092.484985
34645.000000 1112.448486 0.000000 1092.594971
34645.000000 1112.448486 0.000000 1092.685059
34645.000000 1112.448486 0.000000 1092.790039
34645.000000 1112.448486 0.000000 1092.926025
34645.000000 1112.448486 0.000000 1093.090942
34645.000000 1112.448486 0.000000 1093.194946
34645.000000 1112.448486 0.000000 1093.296997
34645.000000 1112.448486 0.000000 1093.385986
34645.000000 1112.448486 0.000000 1093.487061
34645.000000 1112.448486 0.000000 1093.609985
34645.000000 1112.448486 0.000000 1093.694946
34645.000000 1112.448486 0.000000 1093.791016
34645.000000 1112.448486 0.000000 1093.885986
34645.000000 1112.448486 0.000000 1093.996948
34645.000000 1112.448486 0.000000 1094.086060
34645.000000 1112.448486 0.000000 1094.191040
34645.000000 1112.448486 0.000000 1094.291016
34645.000000 1112.448486 0.000000 1094.390991
34645.000000 1112.448486 0.000000 1094.490967
34645.000000 1112.448486 0.000000 1094.595947
34645.000000 1112.448486 0.000000 1094.691040
34645.000000 1112.448486 0.000000 1094.796021
34645.000000 1112.448486 0.000000 1094.901001
34645.000000 1112.448486 0.000000 1094.985962
34645.000000 1112.448486 0.000000 1095.086060
34645.000000 1112.448486 0.000000 1095.191040
34645.000000 1112.448486 0.000000 1095.291016
34645.000000 1112.448486 0.000000 1095.390991
34645.000000 1112.448486 0.000000 1095.488037
34645.000000 1112.448486 0.000000 1095.598022
34645.000000 1112.448486 0.000000 1095.693970
34645.000000 1112.448486 0.000000 1095.796021
34645.000000 1112.448486 0.000000 1095.885986
34645.000000 1112.448486 0.000000 1095.994995
34645.000000 1112.448486 0.000000 1096.094971
34645.000000 1112.448486 0.000000 1096.199951
34645.000000 1112.448486 0.000000 1096.295044
34645.000000 1112.448486 0.000000 1096.400024
34645.000000 1112.448486 0.000000 1096.494995
34645.000000 1112.448486 0.000000 1096.590942
34645.000000 1112.448486 0.000000 1096.696045
34645.000000 1112.448486 0.000000 1096.791992
34645.000000 1112.448486 0.000000 1096.892944
34645.000000 1112.448486 0.000000 1096.994995
34645.000000 1112.448486 0.000000 1097.099976
34645.000000 1112.448486 0.000000 1097.196045
34645.000000 1112.448486 0.000000 1097.296021
34645.000000 1112.448486 0.000000 1097.390015
34645.000000 1112.448486 0.000000 1097.490967
34645.000000 1112.448486 0.000000 1097.589966
34645.000000 1112.448486 0.000000 1097.692993
34645.000000 1112.448486 0.000000 1097.801025
34645.000000 1112.448486 0.000000 1097.891968
34645.000000 1112.448486 0.000000 1097.984985
34645.000000 1112.448486 0.000000 1098.094971
34645.000000 1112.448486 0.000000 1098.189941
34645.000000 1112.448486 0.000000 1098.285034
34645.000000 1112.448486 0.000000 1098.390991
34645.000000 1112.448486 0.000000 1098.491943
34645.000000 1112.448486 0.000000 1098.589966
34645.000000 1112.448486 0.000000 1098.703003
34645.000000 1112.448486 0.000000 1098.792969
34645.000000 1112.448486 0.000000 1098.899048
34645.000000 1112.448486 0.000000 1098.994019
34645.000000 1112.448486 0.000000 1099.094971
34645.000000 1112.448486 0.000000 1099.186035
34645.000000 1112.448486 0.000000 1099.290039
34645.000000 1112.448486 0.000000 1099.390015
34645.000000 1112.448486 0.000000 1099.489990
34645.000000 1112.448486 0.000000 1099.614990
34645.000000 1112.448486 0.000000 1099.785034
34645.000000 1112.448486 0.000000 1099.890015
34645.000000 1112.448486 0.000000 1099.994995
34645.000000 1112.448486 0.000000 1100.099976
34645.000000 1112.448486 0.000000 1100.194946
34645.000000 1112.448486 0.000000 1100.295044
34645.000000 1112.448486 0.000000 1100.400024
34645.000000 1112.448486 0.000000 1100.505005
34645.000000 1112.448486 0.000000 1100.589966
34645.000000 1112.448486 0.000000 1100.694946
34645.000000 1112.448486 0.000000 1100.791016
34645.000000 1112.448486 0.000000 1100.885010
34645.000000 1112.448486 0.000000 1100.984985
34645.000000 1112.448486 0.000000 1101.086060
34645.000000 1112.448486 0.000000 1101.185059
34645.000000 1112.448486 0.000000 1101.290039
34645.000000 1112.448486 0.000000 1101.400024
34645.000000 1112.448486 0.000000 1101.498047
34645.000000 1112.448486 0.000000 1101.598022
34645.000000 1112.448486 0.000000 1101.703003
34645.000000 1112.448486 0.000000 1101.796997
34645.250000 1112.448486 0.000000 1101.894043
34645.250000 1112.448486 0.000000 1102.004028
34645.250000 1112.448486 0.000000 1102.090942
34645.250000 1112.448486 0.000000 1102.202026
34645.250000 1112.448486 0.000000 1102.300049
34645.250000 1112.448486 0.000000 1102.400024
34645.250000 1112.448486 0.000000 1102.494995
34645.250000 1112.448486 0.000000 1102.589966
34645.250000 1112.448486 0.000000 1102.694946
34645.250000 1112.448486 0.000000 1102.795044
34645.250000 1112.448486 0.000000 1102.890015
34645.250000 1112.448486 0.000000 1102.994995
34645.250000 1112.448486 0.000000 1103.104980
34645.250000 1112.448486 0.000000 1103.211060
34645.250000 1112.448486 0.000000 1103.296021
34645.250000 1112.448486 0.000000 1103.395020
34645.250000 1112.448486 0.000000 1103.500000
34645.250000 1112.448486 0.000000 1103.589966
34645.250000 1112.448486 0.000000 1103.689941
34645.250000 1112.448486 0.000000 1103.790039
34645.250000 1112.448486 0.000000 1103.895020
34645.250000 1112.448486 0.000000 1104.001953
34645.250000 1112.448486 0.000000 1104.094971
34645.250000 1112.448486 0.000000 1104.199951
34645.250000 1112.448486 0.000000 1104.291016
34645.250000 1112.448486 0.000000 1104.390991
34645.250000 1112.448486 0.000000 1104.494995
34645.250000 1112.448486 0.000000 1104.598022
34645.250000 1112.448486 0.000000 1104.703003
34645.250000 1112.448486 0.000000 1104.812988
34645.250000 1112.448486 0.000000 1104.897949
34645.250000 1112.448486 0.000000 1105.005005
34645.250000 1112.448486 0.000000 1105.103027
34645.250000 1112.448486 0.000000 1105.213013
34645.250000 1112.448486 0.000000 1105.302979
34645.250000 1112.448486 0.000000 1105.402954
34645.250000 1112.448486 0.000000 1105.508057
34645.250000 1112.448486 0.000000 1105.603027
34645.250000 1112.448486 0.000000 1105.703003
34645.250000 1112.448486 0.000000 1105.797974
34645.250000 1112.448486 0.000000 1105.907959
34645.250000 1112.448486 0.000000 1106.003052
34645.250000 1112.448486 0.000000 1106.103027
34645.250000 1112.448486 0.000000 1106.198975
34645.250000 1112.448486 0.000000 1106.297974
34645.250000 1112.448486 0.000000 1106.402954
34645.250000 1112.448486 0.000000 1106.503052
34645.250000 1112.448486 0.000000 1106.603027
34645.250000 1112.448486 0.000000 1106.692993
34645.250000 1112.448486 0.000000 1106.792969
34645.250000 1112.448486 0.000000 1106.892944
34645.250000 1112.448486 0.000000 1106.998047
34645.375000 1112.448486 0.000000 1107.093018
34645.375000 1112.448486 0.000000 1107.201050
34645.375000 1112.448486 0.000000 1107.311035
34645.375000 1112.448486 0.000000 1107.401978
34645.375000 1112.448486 0.000000 1107.493042
34645.375000 1112.448486 0.000000 1107.593018
34645.375000 1112.448486 0.000000 1107.703003
34645.375000 1112.448486 0.000000 1107.792969
34645.375000 1112.448486 0.000000 1107.897949
34645.375000 1112.448486 0.000000 1107.993042
34645.375000 1112.448486 0.000000 1108.097046
34645.375000 1112.448486 0.000000 1108.193970
34645.375000 1112.448486 0.000000 1108.297974
34645.375000 1112.448486 0.000000 1108.407959
34645.375000 1112.448486 0.000000 1108.503052
34645.375000 1112.448486 0.000000 1108.603027
34645.375000 1112.448486 0.000000 1108.706055
34645.375000 1112.448486 0.000000 1108.800049
34645.375000 1112.448486 0.000000 1108.895020
34645.375000 1112.448486 0.000000 1109.011963
34645.375000 1112.448486 0.000000 1109.102051
34645.375000 1112.448486 0.000000 1109.197021
34645.375000 1112.448486 0.000000 1109.295044
34645.375000 1112.448486 0.000000 1109.405029
34645.375000 1112.448486 0.000000 1109.510010
34645.375000 1112.448486 0.000000 1109.604980
34645.375000 1112.448486 0.000000 1109.704956
34645.375000 1112.448486 0.000000 1109.805054
34645.375000 1112.448486 0.000000 1109.920044
34645.375000 1112.448486 0.000000 1110.003052
34645.375000 1112.448486 0.000000 1110.102051
34645.375000 1112.448486 0.000000 1110.197998
34645.375000 1112.448486 0.000000 1110.302979
34645.375000 1112.448486 0.000000 1110.392944
34645.375000 1112.448486 0.000000 1110.503052
34645.375000 1112.448486 0.000000 1110.603027
34645.375000 1112.448486 0.000000 1110.713013
34645.375000 1112.448486 0.000000 1110.817993
34645.375000 1112.448486 0.000000 1110.911011
34645.375000 1112.448486 0.000000 1111.017944
34645.375000 1112.448486 0.000000 1111.093018
34645.375000 1112.448486 0.000000 1111.206055
34645.375000 1112.448486 0.000000 1111.308960
34645.500000 1112.448486 0.000000 1111.406006
34645.500000 1112.448486 0.000000 1111.498047
34645.500000 1112.448486 0.000000 1111.603027
34645.500000 1112.448486 0.000000 1111.703003
34645.500000 1112.448486 0.000000 1111.797974
34645.500000 1112.448486 0.000000 1111.902954
34645.500000 1112.448486 0.000000 1112.005981
34645.500000 1112.448486 0.000000 1112.100952
34645.500000 1112.448486 0.000000 1112.211060
34645.500000 1112.448486 0.000000 1112.297974
34645.500000 1112.448486 0.000000 1112.399048
34645.500000 1112.448486 0.000000 1112.503052
34645.500000 1112.448486 0.000000 1112.598022
34645.500000 1112.448486 0.000000 1112.703003
34645.500000 1112.448486 0.000000 1112.808960
34645.500000 1112.448486 0.000000 1112.904053
34645.500000 1112.448486 0.000000 1113.000000
34645.500000 1112.448486 0.000000 1113.104004
34645.500000 1112.448486 0.000000 1113.199951
34645.500000 1112.448486 0.000000 1113.307983
34645.500000 1112.448486 0.000000 1113.407959
34645.500000 1112.448486 0.000000 1113.508057
34645.500000 1112.448486 0.000000 1113.603027
34645.500000 1112.448486 0.000000 1113.708008
34645.500000 1112.448486 0.000000 1113.806030
34645.500000 1112.448486 0.000000 1113.901001
34645.500000 1112.448486 0.000000 1113.995972
34645.500000 1112.448486 0.000000 1114.105957
34645.500000 1112.448486 0.000000 1114.202026
34645.500000 1112.448486 0.000000 1114.301025
34645.500000 1112.448486 0.000000 1114.399048
34645.500000 1112.448486 0.000000 1114.510986
34645.500000 1112.448486 0.000000 1114.610962
34645.500000 1112.448486 0.000000 1114.715942
34645.500000 1112.448486 0.000000 1114.803955
34645.500000 1112.448486 0.000000 1114.904053
34645.500000 1112.448486 0.000000 1115.004028
34645.500000 1112.448486 0.000000 1115.104004
34645.500000 1112.448486 0.000000 1115.203979
34645.500000 1112.448486 0.000000 1115.311035
34645.500000 1112.448486 0.000000 1115.402954
34645.500000 1112.448486 0.000000 1115.496948
34645.625000 1112.448486 0.000000 1115.616943
34645.625000 1112.448486 0.000000 1115.697021
34645.625000 1112.448486 0.000000 1115.812012
34645.625000 1112.448486 0.000000 1115.899048
34645.625000 1112.448486 0.000000 1116.004028
34645.625000 1112.448486 0.000000 1116.104004
34645.625000 1112.448486 0.000000 1116.203979
34645.625000 1112.448486 0.000000 1116.303955
34645.625000 1112.448486 0.000000 1116.399048
34645.625000 1112.448486 0.000000 1116.504028
34645.750000 1112.448486 0.000000 1116.609985
34645.750000 1112.448486 0.000000 1116.704956
34645.750000 1112.448486 0.000000 1116.795044
34645.750000 1112.448486 0.000000 1116.900024
34645.750000 1112.448486 0.000000 1117.003052
34645.750000 1112.448486 0.000000 1117.103027
34645.750000 1112.448486 0.000000 1117.203003
34645.750000 1112.448486 0.000000 1117.297974
34645.750000 1112.448486 0.000000 1117.410034
34645.750000 1112.448486 0.000000 1117.503052
34645.750000 1112.448486 0.000000 1117.599976
34645.750000 1112.448486 0.000000 1117.707031
34645.750000 1112.448486 0.000000 1117.800049
34645.750000 1112.448486 0.000000 1117.905029
34645.750000 1112.448486 0.000000 1118.005005
34645.750000 1112.448486 0.000000 1118.104980
34645.750000 1112.448486 0.000000 1118.214966
34645.750000 1112.448486 0.000000 1118.306030
34645.750000 1112.448486 0.000000 1118.405029
34645.750000 1112.448486 0.000000 1118.511963
34645.750000 1112.448486 0.000000 1118.612061
34645.750000 1112.448486 0.000000 1118.712036
34645.750000 1112.448486 0.000000 1118.800049
34645.750000 1112.448486 0.000000 1118.907959
34645.750000 1112.448486 0.000000 1119.008057
34645.750000 1112.448486 0.000000 1119.113037
34645.750000 1112.448486 0.000000 1119.211060
34645.750000 1112.448486 0.000000 1119.312012
34645.750000 1112.448486 0.000000 1119.406982
34645.750000 1112.448486 0.000000 1119.510010
34645.750000 1112.448486 0.000000 1119.608032
34645.750000 1112.448486 0.000000 1119.699951
34645.750000 1112.448486 0.000000 1119.800049
34645.750000 1112.448486 0.000000 1119.900024
34645.750000 1112.448486 0.000000 1120.005981
34645.750000 1112.448486 0.000000 1120.099976
34645.750000 1112.448486 0.000000 1120.203979
34645.750000 1112.448486 0.000000 1120.318970
34645.750000 1112.448486 0.000000 1120.411011
34645.750000 1112.448486 0.000000 1120.505981
34645.750000 1112.448486 0.000000 1120.609009
34645.750000 1112.448486 0.000000 1120.708984
34645.750000 1112.448486 0.000000 1120.913940
34645.750000 1112.448486 0.000000 1121.009033
34645.750000 1112.448486 0.000000 1121.203979
34645.750000 1112.448486 0.000000 1121.303955
34645.750000 1112.448486 0.000000 1121.410034
34645.750000 1112.448486 0.000000 1121.515015
34645.750000 1112.448486 0.000000 1121.640015
34645.750000 1112.448486 0.000000 1121.813965
34645.750000 1112.448486 0.000000 1121.913940
34645.750000 1112.448486 0.000000 1122.020020
34645.750000 1112.448486 0.000000 1122.114014
34645.750000 1112.448486 0.000000 1122.223999
34645.750000 1112.448486 0.000000 1122.323975
34645.750000 1112.448486 0.000000 1122.418945
34645.750000 1112.448486 0.000000 1122.519043
34645.750000 1112.448486 0.000000 1122.624023
34645.750000 1112.448486 0.000000 1122.718994
34645.750000 1112.448486 0.000000 1122.817993
34645.750000 1112.448486 0.000000 1122.913940
34645.750000 1112.448486 0.000000 1123.015991
34645.750000 1112.448486 0.000000 1123.119995
34645.750000 1112.448486 0.000000 1123.214966
34645.750000 1112.448486 0.000000 1123.310059
34645.750000 1112.448486 0.000000 1123.410034
34645.750000 1112.448486 0.000000 1123.510010
34645.750000 1112.448486 0.000000 1123.618042
34645.750000 1112.448486 0.000000 1123.717041
34645.750000 1112.448486 0.000000 1123.814941
34645.750000 1112.448486 0.000000 1123.920044
34645.750000 1112.448486 0.000000 1124.009033
34645.750000 1112.448486 0.000000 1124.113037
34645.750000 1112.448486 0.000000 1124.218018
34645.750000 1112.448486 0.000000 1124.307983
34645.750000 1112.448486 0.000000 1124.407959
34645.750000 1112.448486 0.000000 1124.508057
34645.750000 1112.448486 0.000000 1124.613037
34645.750000 1112.448486 0.000000 1124.708008
34645.750000 1112.448486 0.000000 1124.807983
34645.750000 1112.448486 0.000000 1124.912964
34645.750000 1112.448486 0.000000 1125.012939
34645.750000 1112.448486 0.000000 1125.130005
34645.750000 1112.448486 0.000000 1125.208008
34645.750000 1112.448486 0.000000 1125.310059
34645.750000 1112.448486 0.000000 1125.417969
34645.750000 1112.448486 0.000000 1125.517944
34645.750000 1112.448486 0.000000 1125.618042
34645.750000 1112.448486 0.000000 1125.725952
34645.750000 1112.448486 0.000000 1125.805054
34645.750000 1112.448486 0.000000 1125.911011
34645.750000 1112.448486 0.000000 1126.017944
34645.750000 1112.448486 0.000000 1126.116943
34645.750000 1112.448486 0.000000 1126.208008
34645.750000 1112.448486 0.000000 1126.317993
34645.750000 1112.448486 0.000000 1126.407959
34645.750000 1112.448486 0.000000 1126.508057
34645.750000 1112.448486 0.000000 1126.613037
34645.750000 1112.448486 0.000000 1126.713013
34645.750000 1112.448486 0.000000 1126.812988
34645.750000 1112.448486 0.000000 1126.911011
34645.750000 1112.448486 0.000000 1127.015015
34645.750000 1112.448486 0.000000 1127.119995
34645.750000 1112.448486 0.000000 1127.209961
34645.750000 1112.448486 0.000000 1127.310059
34645.750000 1112.448486 0.000000 1127.411011
34645.750000 1112.448486 0.000000 1127.515991
34645.750000 1112.448486 0.000000 1127.619995
34645.750000 1112.448486 0.000000 1127.717041
34645.750000 1112.448486 0.000000 1127.811035
34645.750000 1112.448486 0.000000 1127.909058
34645.750000 1112.448486 0.000000 1128.010986
34645.750000 1112.448486 0.000000 1128.107056
34645.750000 1112.448486 0.000000 1128.215942
34645.750000 1112.448486 0.000000 1128.311035
34645.750000 1112.448486 0.000000 1128.411987
34645.750000 1112.448486 0.000000 1128.517944
34645.750000 1112.448486 0.000000 1128.610962
34645.750000 1112.448486 0.000000 1128.715942
34645.750000 1112.448486 0.000000 1128.817993
34645.750000 1112.448486 0.000000 1128.916992
34645.750000 1112.448486 0.000000 1129.015991
34645.750000 1112.448486 0.000000 1129.110962
34645.750000 1112.448486 0.000000 1129.211060
34645.750000 1112.448486 0.000000 1129.321045
34645.750000 1112.448486 0.000000 1129.421021
34645.750000 1112.448486 0.000000 1129.506958
34645.750000 1112.448486 0.000000 1129.612061
34645.750000 1112.448486 0.000000 1129.717041
34645.750000 1112.448486 0.000000 1129.812988
34645.750000 1112.448486 0.000000 1129.916992
34645.750000 1112.448486 0.000000 1130.011963
34645.750000 1112.448486 0.000000 1130.116943
34645.750000 1112.448486 0.000000 1130.207031
34645.750000 1112.448486 0.000000 1130.307007
34645.750000 1112.448486 0.000000 1130.411987
34645.750000 1112.448486 0.000000 1130.506958
34645.750000 1112.448486 0.000000 1130.612061
34645.750000 1112.448486 0.000000 1130.712036
34645.750000 1112.448486 0.000000 1130.812988
34645.750000 1112.448486 0.000000 1130.906982
34645.750000 1112.448486 0.000000 1131.021973
34645.750000 1112.448486 0.000000 1131.109985
34645.750000 1112.448486 0.000000 1131.222046
34645.750000 1112.448486 0.000000 1131.307007
34645.750000 1112.448486 0.000000 1131.427002
34645.750000 1112.448486 0.000000 1131.506958
34645.750000 1112.448486 0.000000 1131.616943
34645.750000 1112.448486 0.000000 1131.717041
34645.750000 1112.448486 0.000000 1131.812012
34645.750000 1112.448486 0.000000 1131.906982
34645.750000 1112.448486 0.000000 1132.006958
34645.750000 1112.448486 0.000000 1132.116943
34645.750000 1112.448486 0.000000 1132.217041
34645.750000 1112.448486 0.000000 1132.307007
34645.750000 1112.448486 0.000000 1132.411987
34645.750000 1112.448486 0.000000 1132.520020
34645.750000 1112.448486 0.000000 1132.619995
34645.750000 1112.448486 0.000000 1132.718994
34645.750000 1112.448486 0.000000 1132.813965
34645.750000 1112.448486 0.000000 1132.909058
34645.750000 1112.448486 0.000000 1133.019043
34645.750000 1112.448486 0.000000 1133.112061
34645.750000 1112.448486 0.000000 1133.208984
34645.750000 1112.448486 0.000000 1133.313965
34645.750000 1112.448486 0.000000 1133.413940
34645.750000 1112.448486 0.000000 1133.514038
34645.750000 1112.448486 0.000000 1133.609009
34645.750000 1112.448486 0.000000 1133.713989
34645.750000 1112.448486 0.000000 1133.808960
34645.750000 1112.448486 0.000000 1133.916016
34645.750000 1112.448486 0.000000 1134.032959
34645.750000 1112.448486 0.000000 1134.113037
34645.750000 1112.448486 0.000000 1134.213013
34645.750000 1112.448486 0.000000 1134.310059
34645.750000 1112.448486 0.000000 1134.409058
34645.750000 1112.448486 0.000000 1134.509033
34645.750000 1112.448486 0.000000 1134.614014
34645.750000 1112.448486 0.000000 1134.708984
34645.750000 1112.448486 0.000000 1134.808960
34645.750000 1112.448486 0.000000 1134.909058
34645.750000 1112.448486 0.000000 1135.009033
34645.750000 1112.448486 0.000000 1135.109009
34645.750000 1112.448486 0.000000 1135.209961
34645.750000 1112.448486 0.000000 1135.317017
34645.750000 1112.448486 0.000000 1135.422974
34645.750000 1112.448486 0.000000 1135.517944
34645.750000 1112.448486 0.000000 1135.623047
34645.750000 1112.448486 0.000000 1135.718018
34645.750000 1112.448486 0.000000 1135.817993
34645.750000 1112.448486 0.000000 1135.911011
34645.750000 1112.448486 0.000000 1136.010986
34645.750000 1112.448486 0.000000 1136.120972
34645.750000 1112.448486 0.000000 1136.225952
34645.750000 1112.448486 0.000000 1136.316040
34645.750000 1112.448486 0.000000 1136.421021
34645.750000 1112.448486 0.000000 1136.531006
34645.750000 1112.448486 0.000000 1136.620972
34645.750000 1112.448486 0.000000 1136.725952
34645.750000 1112.448486 0.000000 1136.817017
34645.750000 1112.448486 0.000000 1136.911011
34645.875000 1112.448486 0.000000 1137.015991
34645.875000 1112.448486 0.000000 1137.105957
34645.875000 1112.448486 0.000000 1137.223022
34645.875000 1112.448486 0.000000 1137.317993
34645.875000 1112.448486 0.000000 1137.416016
34645.875000 1112.448486 0.000000 1137.510986
34645.875000 1112.448486 0.000000 1137.623047
34645.875000 1112.448486 0.000000 1137.711060
34645.875000 1112.448486 0.000000 1137.821045
34645.875000 1112.448486 0.000000 1137.911011
34645.875000 1112.448486 0.000000 1138.020996
34646.000000 1112.448486 0.000000 1138.116943
34646.000000 1112.448486 0.000000 1138.220947
34646.000000 1112.448486 0.000000 1138.317993
34646.000000 1112.448486 0.000000 1138.421021
34646.000000 1112.448486 0.000000 1138.520996
34646.000000 1112.448486 0.000000 1138.625977
34646.000000 1112.448486 0.000000 1138.730957
34646.000000 1112.448486 0.000000 1138.819946
34646.000000 1112.448486 0.000000 1138.912964
34646.000000 1112.448486 0.000000 1139.016968
34646.000000 1112.448486 0.000000 1139.119995
34646.000000 1112.448486 0.000000 1139.222046
34646.000000 1112.448486 0.000000 1139.316040
34646.000000 1112.448486 0.000000 1139.426025
34646.000000 1112.448486 0.000000 1139.526001
34646.000000 1112.448486 0.000000 1139.612061
34646.000000 1112.448486 0.000000 1139.713013
34646.000000 1112.448486 0.000000 1139.817017
34646.000000 1112.448486 0.000000 1139.912964
34646.000000 1112.448486 0.000000 1140.011963
34646.000000 1112.448486 0.000000 1140.113037
34646.000000 1112.448486 0.000000 1140.212036
34646.000000 1112.448486 0.000000 1140.317993
34646.000000 1112.448486 0.000000 1140.417969
34646.000000 1112.448486 0.000000 1140.516968
34646.000000 1112.448486 0.000000 1140.618042
34646.000000 1112.448486 0.000000 1140.717041
34646.000000 1112.448486 0.000000 1140.813965
34646.000000 1112.448486 0.000000 1140.922974
34646.000000 1112.448486 0.000000 1141.012939
34646.000000 1112.448486 0.000000 1141.118042
34646.000000 1112.448486 0.000000 1141.213013
34646.000000 1112.448486 0.000000 1141.312988
34646.000000 1112.448486 0.000000 1141.413940
34646.000000 1112.448486 0.000000 1141.514038
34646.000000 1112.448486 0.000000 1141.613037
34646.000000 1112.448486 0.000000 1141.718018
34646.000000 1112.448486 0.000000 1141.817017
34646.000000 1112.448486 0.000000 1141.918945
34646.000000 1112.448486 0.000000 1142.011963
34646.000000 1112.448486 0.000000 1142.129028
34646.000000 1112.448486 0.000000 1142.220947
34646.000000 1112.448486 0.000000 1142.321045
34646.000000 1112.448486 0.000000 1142.411011
34646.000000 1112.448486 0.000000 1142.531006
34646.000000 1112.448486 0.000000 1142.610962
34646.000000 1112.448486 0.000000 1142.711060
34646.000000 1112.448486 0.000000 1142.816040
34646.000000 1112.448486 0.000000 1142.911011
34646.000000 1112.448486 0.000000 1143.010986
34646.000000 1112.448486 0.000000 1143.121948
34646.000000 1112.448486 0.000000 1143.232056
34646.000000 1112.448486 0.000000 1143.312988
34646.000000 1112.448486 0.000000 1143.417969
34646.000000 1112.448486 0.000000 1143.526978
34646.000000 1112.448486 0.000000 1143.623047
34646.000000 1112.448486 0.000000 1143.713013
34646.000000 1112.448486 0.000000 1143.817017
34646.000000 1112.448486 0.000000 1143.922974
34646.000000 1112.448486 0.000000 1144.017944
34646.000000 1112.448486 0.000000 1144.112061
34646.000000 1112.448486 0.000000 1144.222046
34646.000000 1112.448486 0.000000 1144.312012
34646.000000 1112.448486 0.000000 1144.416992
34646.000000 1112.448486 0.000000 1144.516968
34646.000000 1112.448486 0.000000 1144.612061
34646.000000 1112.448486 0.000000 1144.720947
34646.000000 1112.448486 0.000000 1144.826050
34646.000000 1112.448486 0.000000 1144.921021
34646.000000 1112.448486 0.000000 1145.011963
34646.000000 1112.448486 0.000000 1145.113037
34646.000000 1112.448486 0.000000 1145.218018
34646.000000 1112.448486 0.000000 1145.333008
34646.000000 1112.448486 0.000000 1145.437988
34646.000000 1112.448486 0.000000 1145.631958
34646.000000 1112.448486 0.000000 1145.727051
34646.000000 1112.448486 0.000000 1145.827026
34646.000000 1112.448486 0.000000 1145.922974
34646.000000 1112.448486 0.000000 1146.019043
34646.000000 1112.448486 0.000000 1146.118042
34646.000000 1112.448486 0.000000 1146.218018
34646.000000 1112.448486 0.000000 1146.318970
34646.000000 1112.448486 0.000000 1146.417969
34646.000000 1112.448486 0.000000 1146.522949
34646.000000 1112.448486 0.000000 1146.618042
34646.000000 1112.448486 0.000000 1146.719971
34646.000000 1112.448486 0.000000 1146.817017
34646.000000 1112.448486 0.000000 1146.916016
34646.000000 1112.448486 0.000000 1147.030029
34646.000000 1112.448486 0.000000 1147.125000
34646.000000 1112.448486 0.000000 1147.229980
34646.000000 1112.448486 0.000000 1147.329956
34646.000000 1112.448486 0.000000 1147.416016
34646.000000 1112.448486 0.000000 1147.526001
34646.000000 1112.448486 0.000000 1147.615967
34646.000000 1112.448486 0.000000 1147.720947
34646.000000 1112.448486 0.000000 1147.826050
34646.000000 1112.448486 0.000000 1147.916016
34646.000000 1112.448486 0.000000 1148.026001
34646.000000 1112.448486 0.000000 1148.120972
34646.000000 1112.448486 0.000000 1148.222046
34646.000000 1112.448486 0.000000 1148.331055
34646.000000 1112.448486 0.000000 1148.426025
34646.000000 1112.448486 0.000000 1148.526001
34646.000000 1112.448486 0.000000 1148.630981
34646.000000 1112.448486 0.000000 1148.735962
34646.000000 1112.448486 0.000000 1148.831055
34646.000000 1112.448486 0.000000 1148.931030
34646.000000 1112.448486 0.000000 1149.031006
34646.000000 1112.448486 0.000000 1149.125977
34646.000000 1112.448486 0.000000 1149.225952
34646.000000 1112.448486 0.000000 1149.321045
34646.000000 1112.448486 0.000000 1149.422974
34646.000000 1112.448486 0.000000 1149.522949
34646.000000 1112.448486 0.000000 1149.620972
34646.000000 1112.448486 0.000000 1149.718018
34646.000000 1112.448486 0.000000 1149.822998
34646.000000 1112.448486 0.000000 1149.927002
34646.000000 1112.448486 0.000000 1150.017944
34646.000000 1112.448486 0.000000 1150.116943
34646.000000 1112.448486 0.000000 1150.217041
34646.000000 1112.448486 0.000000 1150.328003
34646.000000 1112.448486 0.000000 1150.421997
34646.000000 1112.448486 0.000000 1150.516968
34646.000000 1112.448486 0.000000 1150.616943
34646.000000 1112.448486 0.000000 1150.724976
34646.000000 1112.448486 0.000000 1150.817017
34646.000000 1112.448486 0.000000 1150.922974
34646.000000 1112.448486 0.000000 1151.021973
34646.000000 1112.448486 0.000000 1151.134033
34646.000000 1112.448486 0.000000 1151.248047
34646.000000 1112.448486 0.000000 1151.427979
34646.000000 1112.448486 0.000000 1151.532959
34646.000000 1112.448486 0.000000 1151.619019
34646.000000 1112.448486 0.000000 1151.718994
34646.000000 1112.448486 0.000000 1151.817993
34646.000000 1112.448486 0.000000 1151.917969
34646.000000 1112.448486 0.000000 1152.017944
34646.000000 1112.448486 0.000000 1152.113037
34646.000000 1112.448486 0.000000 1152.225952
34646.000000 1112.448486 0.000000 1152.314941
34646.000000 1112.448486 0.000000 1152.422974
34646.000000 1112.448486 0.000000 1152.522949
34646.000000 1112.448486 0.000000 1152.623047
34646.000000 1112.448486 0.000000 1152.718994
34646.000000 1112.448486 0.000000 1152.822998
34646.000000 1112.448486 0.000000 1152.922974
34646.000000 1112.448486 0.000000 1153.017944
34646.000000 1112.448486 0.000000 1153.128052
34646.000000 1112.448486 0.000000 1153.224976
34646.000000 1112.448486 0.000000 1153.312988
34646.000000 1112.448486 0.000000 1153.417969
34646.000000 1112.448486 0.000000 1153.522949
34646.000000 1112.448486 0.000000 1153.623047
34646.000000 1112.448486 0.000000 1153.713013
34646.000000 1112.448486 0.000000 1153.817993
34646.000000 1112.448486 0.000000 1153.931030
34646.000000 1112.448486 0.000000 1154.019043
34646.000000 1112.448486 0.000000 1154.125977
34646.000000 1112.448486 0.000000 1154.218018
34646.000000 1112.448486 0.000000 1154.333008
34646.000000 1112.448486 0.000000 1154.427979
34646.000000 1112.448486 0.000000 1154.527954
34646.000000 1112.448486 0.000000 1154.618042
34646.000000 1112.448486 0.000000 1154.723022
34646.000000 1112.448486 0.000000 1154.824951
34646.000000 1112.448486 0.000000 1154.925049
34646.000000 1112.448486 0.000000 1155.026001
34646.000000 1112.448486 0.000000 1155.126953
34646.000000 1112.448486 0.000000 1155.220947
34646.000000 1112.448486 0.000000 1155.319946
34646.000000 1112.448486 0.000000 1155.415039
34646.000000 1112.448486 0.000000 1155.525024
34646.000000 1112.448486 0.000000 1155.619995
34646.000000 1112.448486 0.000000 1155.719971
34646.000000 1112.448486 0.000000 1155.817993
34646.000000 1112.448486 0.000000 1155.921021
34646.000000 1112.448486 0.000000 1156.015015
34646.000000 1112.448486 0.000000 1156.114990
34646.000000 1112.448486 0.000000 1156.219971
34646.000000 1112.448486 0.000000 1156.321045
34646.000000 1112.448486 0.000000 1156.416016
34646.000000 1112.448486 0.000000 1156.520020
34646.000000 1112.448486 0.000000 1156.642944
34646.000000 1112.448486 0.000000 1156.719971
34646.000000 1112.448486 0.000000 1156.831055
34646.000000 1112.448486 0.000000 1156.926025
34646.000000 1112.448486 0.000000 1157.012939
34646.000000 1112.448486 0.000000 1157.123047
34646.000000 1112.448486 0.000000 1157.230957
34646.000000 1112.448486 0.000000 1157.327026
34646.000000 1112.448486 0.000000 1157.421021
34646.000000 1112.448486 0.000000 1157.515991
34646.000000 1112.448486 0.000000 1157.625977
34646.000000 1112.448486 0.000000 1157.724976
34646.000000 1112.448486 0.000000 1157.821045
34646.000000 1112.448486 0.000000 1157.921021
34646.000000 1112.448486 0.000000 1158.026978
34646.000000 1112.448486 0.000000 1158.133057
34646.000000 1112.448486 0.000000 1158.227051
34646.000000 1112.448486 0.000000 1158.331055
34646.000000 1112.448486 0.000000 1158.421021
34646.000000 1112.448486 0.000000 1158.526001
34646.000000 1112.448486 0.000000 1158.625977
34646.000000 1112.448486 0.000000 1158.729980
34646.000000 1112.448486 0.000000 1158.829956
34646.000000 1112.448486 0.000000 1158.930054
34646.000000 1112.448486 0.000000 1159.034058
34646.000000 1112.448486 0.000000 1159.129028
34646.000000 1112.448486 0.000000 1159.220947
34646.000000 1112.448486 0.000000 1159.321045
34646.000000 1112.448486 0.000000 1159.423950
34646.000000 1112.448486 0.000000 1159.534058
34646.000000 1112.448486 0.000000 1159.636963
34646.000000 1112.448486 0.000000 1159.722046
34646.000000 1112.448486 0.000000 1159.819946
34646.000000 1112.448486 0.000000 1159.925049
34646.000000 1112.448486 0.000000 1160.020020
34646.000000 1112.448486 0.000000 1160.120972
34646.000000 1112.448486 0.000000 1160.220947
34646.000000 1112.448486 0.000000 1160.324951
34646.000000 1112.448486 0.000000 1160.426025
34646.000000 1112.448486 0.000000 1160.526001
34646.000000 1112.448486 0.000000 1160.623047
34646.000000 1112.448486 0.000000 1160.724976
34646.000000 1112.448486 0.000000 1160.843994
34646.000000 1112.448486 0.000000 1160.928955
34646.000000 1112.448486 0.000000 1161.030029
34646.000000 1112.448486 0.000000 1161.128052
34646.000000 1112.448486 0.000000 1161.235962
34646.000000 1112.448486 0.000000 1161.324951
34646.000000 1112.448486 0.000000 1161.431030
34646.000000 1112.448486 0.000000 1161.520996
34646.000000 1112.448486 0.000000 1161.626953
34646.000000 1112.448486 0.000000 1161.724976
34646.000000 1112.448486 0.000000 1161.824951
34646.000000 1112.448486 0.000000 1161.920044
34646.000000 1112.448486 0.000000 1162.031982
34646.000000 1112.448486 0.000000 1162.119995
34646.000000 1112.448486 0.000000 1162.224976
34646.000000 1112.448486 0.000000 1162.324951
34646.000000 1112.448486 0.000000 1162.425049
34646.000000 1112.448486 0.000000 1162.526001
34646.000000 1112.448486 0.000000 1162.630981
34646.000000 1112.448486 0.000000 1162.729980
34646.000000 1112.448486 0.000000 1162.829956
34646.000000 1112.448486 0.000000 1162.926025
34646.000000 1112.448486 0.000000 1163.026001
34646.000000 1112.448486 0.000000 1163.125977
34646.000000 1112.448486 0.000000 1163.220947
34646.000000 1112.448486 0.000000 1163.322021
34646.000000 1112.448486 0.000000 1163.417969
34646.000000 1112.448486 0.000000 1163.529053
34646.000000 1112.448486 0.000000 1163.626953
34646.000000 1112.448486 0.000000 1163.723022
34646.000000 1112.448486 0.000000 1163.826050
34646.000000 1112.448486 0.000000 1163.926025
34646.000000 1112.448486 0.000000 1164.029053
34646.000000 1112.448486 0.000000 1164.120972
34646.000000 1112.448486 0.000000 1164.230957
34646.000000 1112.448486 0.000000 1164.321045
34646.000000 1112.448486 0.000000 1164.421021
34646.000000 1112.448486 0.000000 1164.536011
34646.000000 1112.448486 0.000000 1164.625977
34646.000000 1112.448486 0.000000 1164.730957
34646.000000 1112.448486 0.000000 1164.828979
34646.000000 1112.448486 0.000000 1164.917969
34646.000000 1112.448486 0.000000 1165.026978
34646.000000 1112.448486 0.000000 1165.121948
34646.000000 1112.448486 0.000000 1165.222046
34646.000000 1112.448486 0.000000 1165.328979
34646.000000 1112.448486 0.000000 1165.438965
34646.000000 1112.448486 0.000000 1165.534058
34646.000000 1112.448486 0.000000 1165.629028
34646.000000 1112.448486 0.000000 1165.723999
34646.000000 1112.448486 0.000000 1165.823975
34646.000000 1112.448486 0.000000 1165.928955
34646.000000 1112.448486 0.000000 1166.034058
34646.000000 1112.448486 0.000000 1166.134033
34646.125000 1112.448486 0.000000 1166.229004
34646.125000 1112.448486 0.000000 1166.328979
34646.125000 1112.448486 0.000000 1166.433960
34646.125000 1112.448486 0.000000 1166.529053
34646.125000 1112.448486 0.000000 1166.624023
34646.125000 1112.448486 0.000000 1166.719971
34646.125000 1112.448486 0.000000 1166.826050
34646.125000 1112.448486 0.000000 1166.930054
34646.125000 1112.448486 0.000000 1167.025024
34646.125000 1112.448486 0.000000 1167.119995
34646.125000 1112.448486 0.000000 1167.224976
34646.125000 1112.448486 0.000000 1167.332031
34646.125000 1112.448486 0.000000 1167.425049
34646.125000 1112.448486 0.000000 1167.525024
34646.125000 1112.448486 0.000000 1167.625000
34646.125000 1112.448486 0.000000 1167.729980
34646.125000 1112.448486 0.000000 1167.821045
34646.125000 1112.448486 0.000000 1167.916992
34646.125000 1112.448486 0.000000 1168.026001
34646.125000 1112.448486 0.000000 1168.128052
34646.125000 1112.448486 0.000000 1168.227051
34646.125000 1112.448486 0.000000 1168.333008
34646.125000 1112.448486 0.000000 1168.421997
34646.125000 1112.448486 0.000000 1168.532959
34646.125000 1112.448486 0.000000 1168.621948
34646.125000 1112.448486 0.000000 1168.723022
34646.125000 1112.448486 0.000000 1168.817017
34646.125000 1112.448486 0.000000 1168.927002
34646.125000 1112.448486 0.000000 1169.032959
34646.125000 1112.448486 0.000000 1169.121948
34646.125000 1112.448486 0.000000 1169.228027
34646.125000 1112.448486 0.000000 1169.324951
34646.125000 1112.448486 0.000000 1169.435059
34646.125000 1112.448486 0.000000 1169.524048
34646.125000 1112.448486 0.000000 1169.624023
34646.125000 1112.448486 0.000000 1169.718994
34646.125000 1112.448486 0.000000 1169.823975
34646.125000 1112.448486 0.000000 1169.923950
34646.125000 1112.448486 0.000000 1170.024048
34646.125000 1112.448486 0.000000 1170.135010
34646.125000 1112.448486 0.000000 1170.223999
34646.125000 1112.448486 0.000000 1170.323975
34646.125000 1112.448486 0.000000 1170.423950
34646.125000 1112.448486 0.000000 1170.524048
34646.125000 1112.448486 0.000000 1170.619019
34646.125000 1112.448486 0.000000 1170.722046
34646.125000 1112.448486 0.000000 1170.823975
34646.125000 1112.448486 0.000000 1170.925049
34646.125000 1112.448486 0.000000 1171.031982
34646.125000 1112.448486 0.000000 1171.131958
34646.125000 1112.448486 0.000000 1171.224976
34646.125000 1112.448486 0.000000 1171.318970
34646.125000 1112.448486 0.000000 1171.433960
34646.125000 1112.448486 0.000000 1171.526978
34646.125000 1112.448486 0.000000 1171.629028
34646.125000 1112.448486 0.000000 1171.729004
34646.125000 1112.448486 0.000000 1171.823975
34646.125000 1112.448486 0.000000 1171.928955
34646.125000 1112.448486 0.000000 1172.030029
34646.125000 1112.448486 0.000000 1172.124023
34646.125000 1112.448486 0.000000 1172.223999
34646.125000 1112.448486 0.000000 1172.328979
34646.125000 1112.448486 0.000000 1172.437988
34646.125000 1112.448486 0.000000 1172.536987
34646.125000 1112.448486 0.000000 1172.629028
34646.125000 1112.448486 0.000000 1172.723999
34646.125000 1112.448486 0.000000 1172.829956
34646.125000 1112.448486 0.000000 1172.937988
34646.125000 1112.448486 0.000000 1173.037964
34646.125000 1112.448486 0.000000 1173.135010
34646.125000 1112.448486 0.000000 1173.229980
34646.125000 1112.448486 0.000000 1173.324951
34646.125000 1112.448486 0.000000 1173.430054
34646.125000 1112.448486 0.000000 1173.530029
34646.125000 1112.448486 0.000000 1173.630981
34646.125000 1112.448486 0.000000 1173.724976
34646.125000 1112.448486 0.000000 1173.826050
34646.125000 1112.448486 0.000000 1173.931030
34646.125000 1112.448486 0.000000 1174.032959
34646.125000 1112.448486 0.000000 1174.149048
34646.125000 1112.448486 0.000000 1174.340942
34646.125000 1112.448486 0.000000 1174.441040
34646.125000 1112.448486 0.000000 1174.541016
34646.125000 1112.448486 0.000000 1174.636963
34646.125000 1112.448486 0.000000 1174.729004
34646.125000 1112.448486 0.000000 1174.826050
34646.125000 1112.448486 0.000000 1174.932983
34646.125000 1112.448486 0.000000 1175.036011
34646.125000 1112.448486 0.000000 1175.140991
34646.125000 1112.448486 0.000000 1175.326050
34646.125000 1112.448486 0.000000 1175.449951
34646.125000 1112.448486 0.000000 1175.530029
34646.125000 1112.448486 0.000000 1175.630005
34646.125000 1112.448486 0.000000 1175.734985
34646.125000 1112.448486 0.000000 1175.833008
34646.125000 1112.448486 0.000000 1175.936035
34646.125000 1112.448486 0.000000 1176.030029
34646.125000 1112.448486 0.000000 1176.137939
34646.125000 1112.448486 0.000000 1176.239990
34646.125000 1112.448486 0.000000 1176.334961
34646.125000 1112.448486 0.000000 1176.430054
34646.125000 1112.448486 0.000000 1176.540039
34646.125000 1112.448486 0.000000 1176.630005
34646.125000 1112.448486 0.000000 1176.729980
34646.125000 1112.448486 0.000000 1176.824951
34646.125000 1112.448486 0.000000 1176.930054
34646.125000 1112.448486 0.000000 1177.030029
34646.125000 1112.448486 0.000000 1177.125000
34646.125000 1112.448486 0.000000 1177.243042
34646.125000 1112.448486 0.000000 1177.338013
34646.125000 1112.448486 0.000000 1177.433960
34646.125000 1112.448486 0.000000 1177.524048
34646.125000 1112.448486 0.000000 1177.635986
34646.125000 1112.448486 0.000000 1177.730957
34646.250000 1112.448486 0.000000 1177.836060
34646.250000 1112.448486 0.000000 1177.926025
34646.250000 1112.448486 0.000000 1178.031006
34646.250000 1112.448486 0.000000 1178.130981
34646.250000 1112.448486 0.000000 1178.238037
34646.250000 1112.448486 0.000000 1178.331055
34646.250000 1112.448486 0.000000 1178.431030
34646.250000 1112.448486 0.000000 1178.536987
34646.250000 1112.448486 0.000000 1178.635986
34646.250000 1112.448486 0.000000 1178.729004
34646.250000 1112.448486 0.000000 1178.828979
34646.250000 1112.448486 0.000000 1178.933960
34646.250000 1112.448486 0.000000 1179.031982
34646.250000 1112.448486 0.000000 1179.129028
34646.250000 1112.448486 0.000000 1179.239990
34646.250000 1112.448486 0.000000 1179.333984
34646.250000 1112.448486 0.000000 1179.444946
34646.250000 1112.448486 0.000000 1179.529053
34646.250000 1112.448486 0.000000 1179.629028
34646.250000 1112.448486 0.000000 1179.727051
34646.250000 1112.448486 0.000000 1179.837036
34646.250000 1112.448486 0.000000 1179.944946
34646.250000 1112.448486 0.000000 1180.052979
34646.250000 1112.448486 0.000000 1180.137939
34646.250000 1112.448486 0.000000 1180.234009
34646.250000 1112.448486 0.000000 1180.333008
34646.250000 1112.448486 0.000000 1180.438965
34646.250000 1112.448486 0.000000 1180.527954
34646.250000 1112.448486 0.000000 1180.628052
34646.250000 1112.448486 0.000000 1180.734009
34646.250000 1112.448486 0.000000 1180.837036
34646.250000 1112.448486 0.000000 1180.928955
34646.250000 1112.448486 0.000000 1181.032959
34646.250000 1112.448486 0.000000 1181.128052
34646.250000 1112.448486 0.000000 1181.228027
34646.250000 1112.448486 0.000000 1181.328003
34646.250000 1112.448486 0.000000 1181.442993
34646.250000 1112.448486 0.000000 1181.542969
34646.250000 1112.448486 0.000000 1181.642944
34646.250000 1112.448486 0.000000 1181.738037
34646.250000 1112.448486 0.000000 1181.836060
34646.250000 1112.448486 0.000000 1181.937988
34646.250000 1112.448486 0.000000 1182.031982
34646.250000 1112.448486 0.000000 1182.131958
34646.250000 1112.448486 0.000000 1182.227051
34646.250000 1112.448486 0.000000 1182.332031
34646.250000 1112.448486 0.000000 1182.437012
34646.250000 1112.448486 0.000000 1182.526978
34646.250000 1112.448486 0.000000 1182.626953
34646.250000 1112.448486 0.000000 1182.732056
34646.250000 1112.448486 0.000000 1182.837036
34646.250000 1112.448486 0.000000 1182.928955
34646.250000 1112.448486 0.000000 1183.031982
34646.250000 1112.448486 0.000000 1183.131958
34646.250000 1112.448486 0.000000 1183.241943
34646.250000 1112.448486 0.000000 1183.327026
34646.250000 1112.448486 0.000000 1183.433960
34646.250000 1112.448486 0.000000 1183.526978
34646.250000 1112.448486 0.000000 1183.646973
34646.250000 1112.448486 0.000000 1183.729004
34646.250000 1112.448486 0.000000 1183.842041
34646.250000 1112.448486 0.000000 1183.937012
34646.250000 1112.448486 0.000000 1184.041992
34646.250000 1112.448486 0.000000 1184.136963
34646.250000 1112.448486 0.000000 1184.244019
34646.250000 1112.448486 0.000000 1184.340942
34646.250000 1112.448486 0.000000 1184.437988
34646.250000 1112.448486 0.000000 1184.536011
34646.250000 1112.448486 0.000000 1184.630981
34646.250000 1112.448486 0.000000 1184.741943
34646.250000 1112.448486 0.000000 1184.832031
34646.250000 1112.448486 0.000000 1184.926025
34646.250000 1112.448486 0.000000 1185.036011
34646.250000 1112.448486 0.000000 1185.131958
34646.250000 1112.448486 0.000000 1185.259033
34675.500000 1112.448486 0.000000 1185.452026
34675.500000 1112.448486 0.000000 1185.531006
34675.500000 1112.448486 0.000000 1185.646973
34675.500000 1112.448486 0.000000 1185.748047
34675.500000 1112.448486 0.000000 1185.845947
34675.500000 1112.448486 0.000000 1185.941040
34675.500000 1112.448486 0.000000 1186.032959
34675.500000 1112.448486 0.000000 1186.136963
34675.500000 1112.448486 0.000000 1186.230957
34675.500000 1112.448486 0.000000 1186.336060
34675.500000 1112.448486 0.000000 1186.431030
34675.500000 1112.448486 0.000000 1186.531006
34675.500000 1112.448486 0.000000 1186.644043
34675.500000 1112.448486 0.000000 1186.743042
34675.500000 1112.448486 0.000000 1186.848022
34675.500000 1112.448486 0.000000 1186.953979
34675.500000 1112.448486 0.000000 1187.041992
34675.500000 1112.448486 0.000000 1187.141968
34675.500000 1112.448486 0.000000 1187.233032
34675.500000 1112.448486 0.000000 1187.328003
34675.500000 1112.448486 0.000000 1187.427979
34675.500000 1112.448486 0.000000 1187.527954
34675.500000 1112.448486 0.000000 1187.633057
34675.500000 1112.448486 0.000000 1187.733032
34675.500000 1112.448486 0.000000 1187.848022
34675.500000 1112.448486 0.000000 1187.942993
34675.500000 1112.448486 0.000000 1188.047974
34675.500000 1112.448486 0.000000 1188.147949
34675.500000 1112.448486 0.000000 1188.243042
34675.500000 1112.448486 0.000000 1188.339966
34675.500000 1112.448486 0.000000 1188.435059
34675.500000 1112.448486 0.000000 1188.531006
34675.500000 1112.448486 0.000000 1188.630005
34675.500000 1112.448486 0.000000 1188.739990
34675.500000 1112.448486 0.000000 1188.848999
34675.500000 1112.448486 0.000000 1188.944946
34675.500000 1112.448486 0.000000 1189.046021
34675.500000 1112.448486 0.000000 1189.130005
34675.500000 1112.448486 0.000000 1189.229980
34675.500000 1112.448486 0.000000 1189.349976
34675.500000 1112.448486 0.000000 1189.432983
34675.500000 1112.448486 0.000000 1189.532959
34675.500000 1112.448486 0.000000 1189.642944
34675.500000 1112.448486 0.000000 1189.733032
34675.500000 1112.448486 0.000000 1189.839966
34675.500000 1112.448486 0.000000 1189.941040
34675.500000 1112.448486 0.000000 1190.052002
34675.500000 1112.448486 0.000000 1190.146973
34675.500000 1112.448486 0.000000 1190.239990
34675.500000 1112.448486 0.000000 1190.337036
34675.500000 1112.448486 0.000000 1190.442993
34675.500000 1112.448486 0.000000 1190.537964
34675.500000 1112.448486 0.000000 1190.631958
34675.500000 1112.448486 0.000000 1190.734985
34675.500000 1112.448486 0.000000 1190.834961
34675.500000 1112.448486 0.000000 1190.935059
34675.500000 1112.448486 0.000000 1191.030029
34675.500000 1112.448486 0.000000 1191.135010
34675.500000 1112.448486 0.000000 1191.244995
34675.500000 1112.448486 0.000000 1191.334961
34675.500000 1112.448486 0.000000 1191.437012
34675.500000 1112.448486 0.000000 1191.535034
34675.500000 1112.448486 0.000000 1191.630005
34675.500000 1112.448486 0.000000 1191.734985
34675.500000 1112.448486 0.000000 1191.839966
34675.500000 1112.448486 0.000000 1191.930054
34675.500000 1112.448486 0.000000 1192.036987
34675.500000 1112.448486 0.000000 1192.135010
34675.500000 1112.448486 0.000000 1192.229980
34675.500000 1112.448486 0.000000 1192.331055
34675.500000 1112.448486 0.000000 1192.436035
34675.500000 1112.448486 0.000000 1192.531982
34675.500000 1112.448486 0.000000 1192.631958
34675.500000 1112.448486 0.000000 1192.743042
34675.500000 1112.448486 0.000000 1192.832031
34675.500000 1112.448486 0.000000 1192.937012
34675.500000 1112.448486 0.000000 1193.032959
34675.500000 1112.448486 0.000000 1193.131958
34675.500000 1112.448486 0.000000 1193.233032
34675.500000 1112.448486 0.000000 1193.337036
34675.500000 1112.448486 0.000000 1193.432007
34675.500000 1112.448486 0.000000 1193.536987
34675.500000 1112.448486 0.000000 1193.649048
34675.500000 1112.448486 0.000000 1193.734009
34675.500000 1112.448486 0.000000 1193.837036
34675.500000 1112.448486 0.000000 1193.937012
34675.500000 1112.448486 0.000000 1194.045044
34675.500000 1112.448486 0.000000 1194.140015
34675.500000 1112.448486 0.000000 1194.234985
34675.500000 1112.448486 0.000000 1194.339966
34675.500000 1112.448486 0.000000 1194.435059
34675.500000 1112.448486 0.000000 1194.546021
34675.500000 1112.448486 0.000000 1194.640991
34675.500000 1112.448486 0.000000 1194.758057
34675.500000 1112.448486 0.000000 1194.838013
34675.500000 1112.448486 0.000000 1194.942993
34675.500000 1112.448486 0.000000 1195.042969
34675.500000 1112.448486 0.000000 1195.137939
34675.500000 1112.448486 0.000000 1195.243042
34675.500000 1112.448486 0.000000 1195.347046
34675.500000 1112.448486 0.000000 1195.439941
34675.500000 1112.448486 0.000000 1195.534058
34675.500000 1112.448486 0.000000 1195.639038
34675.500000 1112.448486 0.000000 1195.739014
34675.500000 1112.448486 0.000000 1195.838989
34675.500000 1112.448486 0.000000 1195.938965
34675.500000 1112.448486 0.000000 1196.048950
34675.500000 1112.448486 0.000000 1196.234985
34675.500000 1112.448486 0.000000 1196.339966
34675.500000 1112.448486 0.000000 1196.435059
34675.500000 1112.448486 0.000000 1196.545044
34675.500000 1112.448486 0.000000 1196.656006
34675.500000 1112.448486 0.000000 1196.745972
34675.500000 1112.448486 0.000000 1196.842041
34675.500000 1112.448486 0.000000 1196.942017
34675.500000 1112.448486 0.000000 1197.045044
34675.500000 1112.448486 0.000000 1197.150024
34675.625000 1112.448486 0.000000 1197.250000
34675.625000 1112.448486 0.000000 1197.359985
34675.625000 1112.448486 0.000000 1197.452026
34675.625000 1112.448486 0.000000 1197.545044
34675.625000 1112.448486 0.000000 1197.650024
34675.625000 1112.448486 0.000000 1197.746948
34675.625000 1112.448486 0.000000 1197.849976
34675.625000 1112.448486 0.000000 1197.951050
34675.625000 1112.448486 0.000000 1198.050049
34675.625000 1112.448486 0.000000 1198.151001
34675.625000 1112.448486 0.000000 1198.251953
34675.625000 1112.448486 0.000000 1198.350952
34675.625000 1112.448486 0.000000 1198.444946
34675.625000 1112.448486 0.000000 1198.550049
34675.625000 1112.448486 0.000000 1198.650024
34675.625000 1112.448486 0.000000 1198.842041
34675.625000 1112.448486 0.000000 1198.947021
34675.625000 1112.448486 0.000000 1199.047974
34675.625000 1112.448486 0.000000 1199.146973
34675.625000 1112.448486 0.000000 1199.246948
34675.625000 1112.448486 0.000000 1199.352051
34675.625000 1112.448486 0.000000 1199.443970
34675.625000 1112.448486 0.000000 1199.546997
34675.625000 1112.448486 0.000000 1199.647949
34675.625000 1112.448486 0.000000 1199.744995
34675.625000 1112.448486 0.000000 1199.843994
34675.625000 1112.448486 0.000000 1199.947998
34675.625000 1112.448486 0.000000 1200.057983
34675.625000 1112.448486 0.000000 1200.149048
34675.625000 1112.448486 0.000000 1200.259033
34675.625000 1112.448486 0.000000 1200.354004
34675.625000 1112.448486 0.000000 1200.442993
34675.625000 1112.448486 0.000000 1200.562988
34675.625000 1112.448486 0.000000 1200.644043
34675.625000 1112.448486 0.000000 1200.743042
34675.625000 1112.448486 0.000000 1200.859009
34675.625000 1112.448486 0.000000 1200.953979
34675.625000 1112.448486 0.000000 1201.147949
34675.625000 1112.448486 0.000000 1201.256958
34675.625000 1112.448486 0.000000 1201.352051
34675.625000 1112.448486 0.000000 1201.447021
34675.625000 1112.448486 0.000000 1201.553955
34675.625000 1112.448486 0.000000 1201.652954
34675.625000 1112.448486 0.000000 1201.780029
34675.625000 1112.448486 0.000000 1201.845947
34675.625000 1112.448486 0.000000 1201.958984
34675.625000 1112.448486 0.000000 1202.053955
34675.625000 1112.448486 0.000000 1202.154053
34675.625000 1112.448486 0.000000 1202.254028
34675.625000 1112.448486 0.000000 1202.359009
34675.625000 1112.448486 0.000000 1202.553955
34675.625000 1112.448486 0.000000 1202.654053
34675.625000 1112.448486 0.000000 1202.749023
34675.625000 1112.448486 0.000000 1202.854004
34675.625000 1112.448486 0.000000 1202.948975
34675.625000 1112.448486 0.000000 1203.056030
34675.625000 1112.448486 0.000000 1203.149048
34675.625000 1112.448486 0.000000 1203.249023
34675.625000 1112.448486 0.000000 1203.354004
34675.625000 1112.448486 0.000000 1203.456055
34675.625000 1112.448486 0.000000 1203.558960
34675.625000 1112.448486 0.000000 1203.659058
34675.625000 1112.448486 0.000000 1203.756958
34675.625000 1112.448486 0.000000 1203.853027
34675.625000 1112.448486 0.000000 1203.957031
34675.625000 1112.448486 0.000000 1204.055054
34675.625000 1112.448486 0.000000 1204.163940
34675.625000 1112.448486 0.000000 1204.259033
34675.625000 1112.448486 0.000000 1204.359009
34675.625000 1112.448486 0.000000 1204.458984
34675.625000 1112.448486 0.000000 1204.563965
34675.625000 1112.448486 0.000000 1204.655029
34675.625000 1112.448486 0.000000 1204.750000
34675.625000 1112.448486 0.000000 1204.848022
34675.625000 1112.448486 0.000000 1204.947998
34675.625000 1112.448486 0.000000 1205.057983
34675.625000 1112.448486 0.000000 1205.152954
34675.625000 1112.448486 0.000000 1205.254028
34675.625000 1112.448486 0.000000 1205.353027
34675.625000 1112.448486 0.000000 1205.448975
34675.625000 1112.448486 0.000000 1205.552979
34675.625000 1112.448486 0.000000 1205.656006
34675.625000 1112.448486 0.000000 1205.755981
34675.625000 1112.448486 0.000000 1205.859009
34675.625000 1112.448486 0.000000 1205.953003
34675.625000 1112.448486 0.000000 1206.052979
34675.625000 1112.448486 0.000000 1206.157959
34675.625000 1112.448486 0.000000 1206.358032
34675.625000 1112.448486 0.000000 1206.458984
34675.625000 1112.448486 0.000000 1206.564941
34675.625000 1112.448486 0.000000 1206.765015
34675.625000 1112.448486 0.000000 1206.859985
34675.625000 1112.448486 0.000000 1206.968018
34675.625000 1112.448486 0.000000 1207.072998
34675.625000 1112.448486 0.000000 1207.170044
34675.625000 1112.448486 0.000000 1207.359985
34675.625000 1112.448486 0.000000 1207.473022
34675.625000 1112.448486 0.000000 1207.568970
34675.625000 1112.448486 0.000000 1207.760010
34675.625000 1112.448486 0.000000 1207.864990
34675.625000 1112.448486 0.000000 1207.964966
34675.625000 1112.448486 0.000000 1208.161011
34675.625000 1112.448486 0.000000 1208.261963
34675.625000 1112.448486 0.000000 1208.366943
34675.625000 1112.448486 0.000000 1208.462036
34675.625000 1112.448486 0.000000 1208.562012
34675.625000 1112.448486 0.000000 1208.670044
34675.625000 1112.448486 0.000000 1208.770020
34675.625000 1112.448486 0.000000 1208.860962
34675.625000 1112.448486 0.000000 1208.962036
34675.625000 1112.448486 0.000000 1209.062012
34675.625000 1112.448486 0.000000 1209.171021
34675.625000 1112.448486 0.000000 1209.256958
34675.625000 1112.448486 0.000000 1209.362061
34675.625000 1112.448486 0.000000 1209.469971
34675.625000 1112.448486 0.000000 1209.561035
34675.625000 1112.448486 0.000000 1209.673950
34675.625000 1112.448486 0.000000 1209.769043
34675.625000 1112.448486 0.000000 1209.868042
34675.625000 1112.448486 0.000000 1209.973022
34675.625000 1112.448486 0.000000 1210.061035
34675.625000 1112.448486 0.000000 1210.163940
34675.625000 1112.448486 0.000000 1210.264038
34675.625000 1112.448486 0.000000 1210.359009
34675.625000 1112.448486 0.000000 1210.458984
34675.625000 1112.448486 0.000000 1210.572021
34675.625000 1112.448486 0.000000 1210.673950
34675.625000 1112.448486 0.000000 1210.793945
34675.625000 1112.448486 0.000000 1210.977051
34675.625000 1112.448486 0.000000 1211.062012
34675.625000 1112.448486 0.000000 1211.166992
34675.625000 1112.448486 0.000000 1211.264038
34675.625000 1112.448486 0.000000 1211.376953
34675.625000 1112.448486 0.000000 1211.470947
34675.625000 1112.448486 0.000000 1211.562012
34675.625000 1112.448486 0.000000 1211.663940
34675.625000 1112.448486 0.000000 1211.771973
34675.625000 1112.448486 0.000000 1211.862061
34675.625000 1112.448486 0.000000 1211.963013
34675.625000 1112.448486 0.000000 1212.063965
34675.625000 1112.448486 0.000000 1212.163940
34675.625000 1112.448486 0.000000 1212.264038
34675.625000 1112.448486 0.000000 1212.359009
34675.625000 1112.448486 0.000000 1212.458984
34675.625000 1112.448486 0.000000 1212.568970
34675.625000 1112.448486 0.000000 1212.668945
34675.625000 1112.448486 0.000000 1212.766968
34675.625000 1112.448486 0.000000 1212.864014
34675.625000 1112.448486 0.000000 1212.963989
34675.625000 1112.448486 0.000000 1213.071045
34675.625000 1112.448486 0.000000 1213.156982
34675.625000 1112.448486 0.000000 1213.270996
34675.625000 1112.448486 0.000000 1213.378052
34675.625000 1112.448486 0.000000 1213.468018
34675.625000 1112.448486 0.000000 1213.564941
34675.625000 1112.448486 0.000000 1213.671021
34675.625000 1112.448486 0.000000 1213.769043
34675.625000 1112.448486 0.000000 1213.869019
34675.625000 1112.448486 0.000000 1213.968994
34675.625000 1112.448486 0.000000 1214.056030
34675.625000 1112.448486 0.000000 1214.166016
34675.625000 1112.448486 0.000000 1214.260986
34675.625000 1112.448486 0.000000 1214.366943
34675.625000 1112.448486 0.000000 1214.465942
34675.625000 1112.448486 0.000000 1214.560059
34675.625000 1112.448486 0.000000 1214.665039
34675.625000 1112.448486 0.000000 1214.760010
34675.625000 1112.448486 0.000000 1214.864990
34675.625000 1112.448486 0.000000 1214.969971
34675.625000 1112.448486 0.000000 1215.079956
34675.625000 1112.448486 0.000000 1215.170044
34675.625000 1112.448486 0.000000 1215.275024
34675.625000 1112.448486 0.000000 1215.464966
34675.625000 1112.448486 0.000000 1215.569946
34675.625000 1112.448486 0.000000 1215.665039
34675.625000 1112.448486 0.000000 1215.770996
34675.625000 1112.448486 0.000000 1215.875000
34675.625000 1112.448486 0.000000 1215.967041
34675.625000 1112.448486 0.000000 1216.064941
34675.625000 1112.448486 0.000000 1216.166016
34675.625000 1112.448486 0.000000 1216.266968
34675.625000 1112.448486 0.000000 1216.366943
34675.625000 1112.448486 0.000000 1216.467041
34675.625000 1112.448486 0.000000 1216.567017
34675.625000 1112.448486 0.000000 1216.667969
34675.625000 1112.448486 0.000000 1216.776978
34675.625000 1112.448486 0.000000 1216.874023
34675.625000 1112.448486 0.000000 1216.967041
34675.625000 1112.448486 0.000000 1217.063965
34675.625000 1112.448486 0.000000 1217.166992
34675.625000 1112.448486 0.000000 1217.276978
34675.625000 1112.448486 0.000000 1217.467041
34675.625000 1112.448486 0.000000 1217.577026
34675.625000 1112.448486 0.000000 1217.671997
34675.625000 1112.448486 0.000000 1217.771973
34675.625000 1112.448486 0.000000 1217.871948
34675.625000 1112.448486 0.000000 1217.972046
34675.625000 1112.448486 0.000000 1218.072021
34675.625000 1112.448486 0.000000 1218.191040
34675.625000 1112.448486 0.000000 1218.285034
34675.625000 1112.448486 0.000000 1218.375977
34675.625000 1112.448486 0.000000 1218.480957
34675.625000 1112.448486 0.000000 1218.572998
34675.625000 1112.448486 0.000000 1218.677979
34675.625000 1112.448486 0.000000 1218.766968
34675.625000 1112.448486 0.000000 1218.866943
34675.625000 1112.448486 0.000000 1218.968018
34675.625000 1112.448486 0.000000 1219.072021
34675.625000 1112.448486 0.000000 1219.167969
34675.625000 1112.448486 0.000000 1219.266968
34675.625000 1112.448486 0.000000 1219.375977
34675.625000 1112.448486 0.000000 1219.478027
34675.625000 1112.448486 0.000000 1219.567017
34675.625000 1112.448486 0.000000 1219.666992
34675.625000 1112.448486 0.000000 1219.767944
34675.625000 1112.448486 0.000000 1219.878052
34675.625000 1112.448486 0.000000 1219.968018
34675.625000 1112.448486 0.000000 1220.066040
34675.625000 1112.448486 0.000000 1220.166016
34675.625000 1112.448486 0.000000 1220.270996
34675.625000 1112.448486 0.000000 1220.370972
34675.625000 1112.448486 0.000000 1220.465942
34675.625000 1112.448486 0.000000 1220.576050
34675.625000 1112.448486 0.000000 1220.671021
34675.625000 1112.448486 0.000000 1220.770020
34675.625000 1112.448486 0.000000 1220.870972
34675.625000 1112.448486 0.000000 1220.968018
34675.625000 1112.448486 0.000000 1221.074951
34675.625000 1112.448486 0.000000 1221.170044
34675.625000 1112.448486 0.000000 1221.266968
34675.625000 1112.448486 0.000000 1221.375000
34675.625000 1112.448486 0.000000 1221.464966
34675.625000 1112.448486 0.000000 1221.578979
34675.625000 1112.448486 0.000000 1221.678955
34675.625000 1112.448486 0.000000 1221.784058
34675.625000 1112.448486 0.000000 1221.879028
34675.625000 1112.448486 0.000000 1221.979004
34675.625000 1112.448486 0.000000 1222.064941
34675.625000 1112.448486 0.000000 1222.173950
34675.625000 1112.448486 0.000000 1222.264038
34675.625000 1112.448486 0.000000 1222.369995
34675.625000 1112.448486 0.000000 1222.468994
34675.625000 1112.448486 0.000000 1222.573975
34675.625000 1112.448486 0.000000 1222.663940
34675.625000 1112.448486 0.000000 1222.764038
34675.625000 1112.448486 0.000000 1222.873047
34675.625000 1112.448486 0.000000 1222.968018
34675.625000 1112.448486 0.000000 1223.087036
34675.625000 1112.448486 0.000000 1223.182007
34675.625000 1112.448486 0.000000 1223.276978
34675.625000 1112.448486 0.000000 1223.376953
34675.625000 1112.448486 0.000000 1223.473022
34675.625000 1112.448486 0.000000 1223.572998
34675.625000 1112.448486 0.000000 1223.667969
34675.625000 1112.448486 0.000000 1223.767944
34675.625000 1112.448486 0.000000 1223.868042
34675.625000 1112.448486 0.000000 1223.979004
34675.625000 1112.448486 0.000000 1224.067993
34675.625000 1112.448486 0.000000 1224.167969
34675.625000 1112.448486 0.000000 1224.272949
34675.625000 1112.448486 0.000000 1224.364014
34675.625000 1112.448486 0.000000 1224.475952
34675.625000 1112.448486 0.000000 1224.578003
34675.625000 1112.448486 0.000000 1224.775024
34675.625000 1112.448486 0.000000 1224.879028
34675.625000 1112.448486 0.000000 1224.974976
34675.625000 1112.448486 0.000000 1225.079956
34675.625000 1112.448486 0.000000 1225.175049
34675.625000 1112.448486 0.000000 1225.266968
34675.625000 1112.448486 0.000000 1225.380005
34675.625000 1112.448486 0.000000 1225.484985
34675.625000 1112.448486 0.000000 1225.579956
34675.625000 1112.448486 0.000000 1225.675049
34675.625000 1112.448486 0.000000 1225.776978
34675.625000 1112.448486 0.000000 1225.886963
34675.625000 1112.448486 0.000000 1225.977051
34675.625000 1112.448486 0.000000 1226.079956
34675.625000 1112.448486 0.000000 1226.166992
34675.625000 1112.448486 0.000000 1226.276978
34675.625000 1112.448486 0.000000 1226.376953
34675.625000 1112.448486 0.000000 1226.477051
34675.625000 1112.448486 0.000000 1226.567017
34675.625000 1112.448486 0.000000 1226.677002
34675.625000 1112.448486 0.000000 1226.771973
34675.625000 1112.448486 0.000000 1226.873047
34675.625000 1112.448486 0.000000 1226.967041
34675.625000 1112.448486 0.000000 1227.071045
34675.625000 1112.448486 0.000000 1227.180054
34675.625000 1112.448486 0.000000 1227.274048
34675.625000 1112.448486 0.000000 1227.376953
34675.625000 1112.448486 0.000000 1227.468994
34675.625000 1112.448486 0.000000 1227.573975
34675.625000 1112.448486 0.000000 1227.668945
34675.625000 1112.448486 0.000000 1227.769043
34675.625000 1112.448486 0.000000 1227.864990
34675.625000 1112.448486 0.000000 1227.974976
34675.625000 1112.448486 0.000000 1228.084961
34675.625000 1112.448486 0.000000 1228.187012
34675.625000 1112.448486 0.000000 1228.269043
34675.625000 1112.448486 0.000000 1228.364990
34675.625000 1112.448486 0.000000 1228.464966
34675.625000 1112.448486 0.000000 1228.584961
34675.625000 1112.448486 0.000000 1228.676025
34675.625000 1112.448486 0.000000 1228.776978
34675.625000 1112.448486 0.000000 1228.883057
34675.625000 1112.448486 0.000000 1228.979004
34675.625000 1112.448486 0.000000 1229.078979
34675.625000 1112.448486 0.000000 1229.178955
34675.625000 1112.448486 0.000000 1229.274048
34675.625000 1112.448486 0.000000 1229.369995
34675.625000 1112.448486 0.000000 1229.469971
34675.625000 1112.448486 0.000000 1229.569946
34675.625000 1112.448486 0.000000 1229.675049
34675.625000 1112.448486 0.000000 1229.781982
34675.625000 1112.448486 0.000000 1229.871948
34675.625000 1112.448486 0.000000 1229.977051
34675.625000 1112.448486 0.000000 1230.069946
34675.625000 1112.448486 0.000000 1230.170044
34675.625000 1112.448486 0.000000 1230.270020
34675.625000 1112.448486 0.000000 1230.371948
34675.625000 1112.448486 0.000000 1230.474976
34675.625000 1112.448486 0.000000 1230.581055
34675.625000 1112.448486 0.000000 1230.678955
34675.625000 1112.448486 0.000000 1230.769043
34675.625000 1112.448486 0.000000 1230.879028
34675.625000 1112.448486 0.000000 1231.073975
34675.625000 1112.448486 0.000000 1231.173950
34675.625000 1112.448486 0.000000 1231.281982
34675.625000 1112.448486 0.000000 1231.381958
34675.625000 1112.448486 0.000000 1231.479004
34675.625000 1112.448486 0.000000 1231.584961
34675.625000 1112.448486 0.000000 1231.774048
34675.625000 1112.448486 0.000000 1231.869019
34675.625000 1112.448486 0.000000 1231.979004
34675.625000 1112.448486 0.000000 1232.078979
34675.625000 1112.448486 0.000000 1232.178955
34675.625000 1112.448486 0.000000 1232.285034
34675.625000 1112.448486 0.000000 1232.381958
34675.625000 1112.448486 0.000000 1232.472046
34675.625000 1112.448486 0.000000 1232.576050
34675.625000 1112.448486 0.000000 1232.683960
34675.625000 1112.448486 0.000000 1232.786011
34675.625000 1112.448486 0.000000 1232.884033
34675.625000 1112.448486 0.000000 1232.979004
34675.625000 1112.448486 0.000000 1233.077026
34675.625000 1112.448486 0.000000 1233.173950
34675.625000 1112.448486 0.000000 1233.274048
34675.625000 1112.448486 0.000000 1233.379028
34675.625000 1112.448486 0.000000 1233.473999
34675.625000 1112.448486 0.000000 1233.573975
34675.625000 1112.448486 0.000000 1233.683960
34675.625000 1112.448486 0.000000 1233.791016
34675.625000 1112.448486 0.000000 1233.885986
34675.625000 1112.448486 0.000000 1233.973999
34675.625000 1112.448486 0.000000 1234.078003
34675.625000 1112.448486 0.000000 1234.177979
34675.625000 1112.448486 0.000000 1234.281006
34675.625000 1112.448486 0.000000 1234.380981
34675.625000 1112.448486 0.000000 1234.479980
34675.625000 1112.448486 0.000000 1234.582031
34675.625000 1112.448486 0.000000 1234.680054
34675.625000 1112.448486 0.000000 1234.775024
34675.625000 1112.448486 0.000000 1234.880981
34675.750000 1112.448486 0.000000 1234.984985
34675.750000 1112.448486 0.000000 1235.074951
34675.750000 1112.448486 0.000000 1235.186035
34675.750000 1112.448486 0.000000 1235.277954
34675.750000 1112.448486 0.000000 1235.394043
34675.750000 1112.448486 0.000000 1235.478027
34675.750000 1112.448486 0.000000 1235.572021
34675.750000 1112.448486 0.000000 1235.685059
34675.750000 1112.448486 0.000000 1235.782959
34675.750000 1112.448486 0.000000 1235.875000
34675.750000 1112.448486 0.000000 1235.975952
34675.750000 1112.448486 0.000000 1236.084961
34675.750000 1112.448486 0.000000 1236.182007
34675.750000 1112.448486 0.000000 1236.287964
34675.750000 1112.448486 0.000000 1236.387939
34675.750000 1112.448486 0.000000 1236.484009
34675.750000 1112.448486 0.000000 1236.579956
34675.750000 1112.448486 0.000000 1236.680054
34675.750000 1112.448486 0.000000 1236.775024
34675.750000 1112.448486 0.000000 1236.875000
34675.750000 1112.448486 0.000000 1236.984985
34675.750000 1112.448486 0.000000 1237.079956
34675.750000 1112.448486 0.000000 1237.185059
34675.750000 1112.448486 0.000000 1237.280029
34675.750000 1112.448486 0.000000 1237.380005
34675.750000 1112.448486 0.000000 1237.477051
34675.750000 1112.448486 0.000000 1237.574951
34675.750000 1112.448486 0.000000 1237.676025
34675.750000 1112.448486 0.000000 1237.788940
34675.750000 1112.448486 0.000000 1237.887939
34675.750000 1112.448486 0.000000 1237.982056
34675.750000 1112.448486 0.000000 1238.074951
34675.750000 1112.448486 0.000000 1238.175049
34675.750000 1112.448486 0.000000 1238.275024
34675.750000 1112.448486 0.000000 1238.375000
34675.750000 1112.448486 0.000000 1238.484985
34675.750000 1112.448486 0.000000 1238.581055
34675.750000 1112.448486 0.000000 1238.675049
34675.750000 1112.448486 0.000000 1238.775024
34675.750000 1112.448486 0.000000 1238.887939
34675.750000 1112.448486 0.000000 1238.982056
34675.750000 1112.448486 0.000000 1239.083984
34675.750000 1112.448486 0.000000 1239.173950
34675.750000 1112.448486 0.000000 1239.284058
34675.750000 1112.448486 0.000000 1239.488037
34675.750000 1112.448486 0.000000 1239.588013
34675.750000 1112.448486 0.000000 1239.692993
34675.750000 1112.448486 0.000000 1239.779053
34675.750000 1112.448486 0.000000 1239.885986
34675.750000 1112.448486 0.000000 1239.979004
34675.750000 1112.448486 0.000000 1240.083984
34675.750000 1112.448486 0.000000 1240.183960
34675.750000 1112.448486 0.000000 1240.281006
34675.750000 1112.448486 0.000000 1240.375977
34675.750000 1112.448486 0.000000 1240.479004
34675.750000 1112.448486 0.000000 1240.573975
34675.750000 1112.448486 0.000000 1240.683960
34675.750000 1112.448486 0.000000 1240.779053
34675.750000 1112.448486 0.000000 1240.879028
34675.750000 1112.448486 0.000000 1240.973999
34675.750000 1112.448486 0.000000 1241.086060
34675.750000 1112.448486 0.000000 1241.178955
34675.750000 1112.448486 0.000000 1241.288940
34675.750000 1112.448486 0.000000 1241.479980
34675.750000 1112.448486 0.000000 1241.588989
34675.750000 1112.448486 0.000000 1241.775024
34675.750000 1112.448486 0.000000 1241.879028
34675.750000 1112.448486 0.000000 1241.989014
34675.750000 1112.448486 0.000000 1242.093994
34675.750000 1112.448486 0.000000 1242.183960
34675.750000 1112.448486 0.000000 1242.284058
34675.750000 1112.448486 0.000000 1242.384033
34676.000000 1112.448486 0.000000 1242.489014
34676.000000 1112.448486 0.000000 1242.588989
34676.000000 1112.448486 0.000000 1242.693970
34676.000000 1112.448486 0.000000 1242.785034
34676.000000 1112.448486 0.000000 1242.884033
34676.000000 1112.448486 0.000000 1242.979004
34676.000000 1112.448486 0.000000 1243.090942
34676.000000 1112.448486 0.000000 1243.180054
34676.000000 1112.448486 0.000000 1243.279053
34676.000000 1112.448486 0.000000 1243.384033
34676.000000 1112.448486 0.000000 1243.488037
34676.000000 1112.448486 0.000000 1243.588013
34676.000000 1112.448486 0.000000 1243.682983
34676.000000 1112.448486 0.000000 1243.787964
34676.000000 1112.448486 0.000000 1243.883057
34676.000000 1112.448486 0.000000 1243.988037
34676.000000 1112.448486 0.000000 1244.078979
34676.000000 1112.448486 0.000000 1244.177002
34676.000000 1112.448486 0.000000 1244.291992
34676.000000 1112.448486 0.000000 1244.375000
34676.000000 1112.448486 0.000000 1244.478027
34676.000000 1112.448486 0.000000 1244.583984
34676.000000 1112.448486 0.000000 1244.683960
34676.000000 1112.448486 0.000000 1244.795044
34676.000000 1112.448486 0.000000 1244.892944
34676.000000 1112.448486 0.000000 1244.983032
34676.000000 1112.448486 0.000000 1245.079956
34676.000000 1112.448486 0.000000 1245.181030
34676.000000 1112.448486 0.000000 1245.280029
34676.000000 1112.448486 0.000000 1245.381958
34676.000000 1112.448486 0.000000 1245.485962
34676.000000 1112.448486 0.000000 1245.582031
34676.000000 1112.448486 0.000000 1245.677979
34676.000000 1112.448486 0.000000 1245.787964
34676.000000 1112.448486 0.000000 1245.880005
34676.000000 1112.448486 0.000000 1245.979004
34676.000000 1112.448486 0.000000 1246.087036
34676.000000 1112.448486 0.000000 1246.186035
34676.000000 1112.448486 0.000000 1246.274048
34676.000000 1112.448486 0.000000 1246.385010
34676.000000 1112.448486 0.000000 1246.479004
34676.000000 1112.448486 0.000000 1246.578979
34676.000000 1112.448486 0.000000 1246.683960
34676.000000 1112.448486 0.000000 1246.784058
34676.000000 1112.448486 0.000000 1246.890015
34676.000000 1112.448486 0.000000 1246.984009
34676.000000 1112.448486 0.000000 1247.088013
34676.000000 1112.448486 0.000000 1247.182983
34676.000000 1112.448486 0.000000 1247.282959
34676.000000 1112.448486 0.000000 1247.387939
34676.000000 1112.448486 0.000000 1247.483032
34676.000000 1112.448486 0.000000 1247.583984
34676.000000 1112.448486 0.000000 1247.678955
34676.000000 1112.448486 0.000000 1247.784058
34676.000000 1112.448486 0.000000 1247.880005
34676.000000 1112.448486 0.000000 1247.979004
34676.000000 1112.448486 0.000000 1248.073975
34676.000000 1112.448486 0.000000 1248.183960
34676.000000 1112.448486 0.000000 1248.285034
34676.000000 1112.448486 0.000000 1248.380005
34676.000000 1112.448486 0.000000 1248.479980
34676.000000 1112.448486 0.000000 1248.573975
34676.000000 1112.448486 0.000000 1248.687012
34676.000000 1112.448486 0.000000 1248.781982
34676.000000 1112.448486 0.000000 1248.884033
34676.000000 1112.448486 0.000000 1248.990967
34676.000000 1112.448486 0.000000 1249.078979
34676.000000 1112.448486 0.000000 1249.182983
34676.000000 1112.448486 0.000000 1249.287964
34676.000000 1112.448486 0.000000 1249.374023
34676.000000 1112.448486 0.000000 1249.484009
34676.000000 1112.448486 0.000000 1249.588989
34676.000000 1112.448486 0.000000 1249.678955
34676.000000 1112.448486 0.000000 1249.779053
34676.000000 1112.448486 0.000000 1249.876953
34676.000000 1112.448486 0.000000 1249.973999
34676.000000 1112.448486 0.000000 1250.073975
34676.000000 1112.448486 0.000000 1250.181030
34676.000000 1112.448486 0.000000 1250.296997
34676.000000 1112.448486 0.000000 1250.380981
34676.000000 1112.448486 0.000000 1250.485962
34676.000000 1112.448486 0.000000 1250.581055
34676.000000 1112.448486 0.000000 1250.686035
34676.000000 1112.448486 0.000000 1250.786011
34676.000000 1112.448486 0.000000 1250.885986
34676.000000 1112.448486 0.000000 1250.990967
34676.000000 1112.448486 0.000000 1251.090942
34676.000000 1112.448486 0.000000 1251.186035
34676.000000 1112.448486 0.000000 1251.282959
34676.000000 1112.448486 0.000000 1251.378052
34676.000000 1112.448486 0.000000 1251.485962
34676.000000 1112.448486 0.000000 1251.595947
34676.000000 1112.448486 0.000000 1251.686035
34676.000000 1112.448486 0.000000 1251.796021
34676.000000 1112.448486 0.000000 1251.895996
34676.000000 1112.448486 0.000000 1251.990967
34676.000000 1112.448486 0.000000 1252.087036
34676.000000 1112.448486 0.000000 1252.177002
34676.000000 1112.448486 0.000000 1252.282959
34676.000000 1112.448486 0.000000 1252.376953
34676.000000 1112.448486 0.000000 1252.478027
34676.000000 1112.448486 0.000000 1252.582031
34676.000000 1112.448486 0.000000 1252.677002
34676.000000 1112.448486 0.000000 1252.786987
34676.000000 1112.448486 0.000000 1252.876953
34676.000000 1112.448486 0.000000 1252.982056
34676.000000 1112.448486 0.000000 1253.082031
34676.000000 1112.448486 0.000000 1253.177002
34676.000000 1112.448486 0.000000 1253.291016
34676.000000 1112.448486 0.000000 1253.390991
34676.000000 1112.448486 0.000000 1253.483032
34676.000000 1112.448486 0.000000 1253.582031
34676.000000 1112.448486 0.000000 1253.677002
34676.000000 1112.448486 0.000000 1253.776978
34676.000000 1112.448486 0.000000 1253.881958
34676.000000 1112.448486 0.000000 1253.991943
34676.000000 1112.448486 0.000000 1254.077026
34676.000000 1112.448486 0.000000 1254.183960
34676.000000 1112.448486 0.000000 1254.276978
34676.000000 1112.448486 0.000000 1254.376953
34676.000000 1112.448486 0.000000 1254.482056
34676.000000 1112.448486 0.000000 1254.583984
34676.000000 1112.448486 0.000000 1254.678955
34676.000000 1112.448486 0.000000 1254.779053
34676.000000 1112.448486 0.000000 1254.884033
34676.000000 1112.448486 0.000000 1254.979004
34676.000000 1112.448486 0.000000 1255.083984
34676.000000 1112.448486 0.000000 1255.183960
34676.000000 1112.448486 0.000000 1255.284058
34676.000000 1112.448486 0.000000 1255.379028
34676.000000 1112.448486 0.000000 1255.484009
34676.000000 1112.448486 0.000000 1255.583984
34676.000000 1112.448486 0.000000 1255.678955
34676.000000 1112.448486 0.000000 1255.784058
34676.000000 1112.448486 0.000000 1255.885010
34676.000000 1112.448486 0.000000 1255.984009
34676.000000 1112.448486 0.000000 1256.078979
34676.000000 1112.448486 0.000000 1256.183960
34676.000000 1112.448486 0.000000 1256.290039
34676.000000 1112.448486 0.000000 1256.379028
34676.000000 1112.448486 0.000000 1256.485962
34676.000000 1112.448486 0.000000 1256.586060
34676.000000 1112.448486 0.000000 1256.678955
34676.000000 1112.448486 0.000000 1256.779053
34676.000000 1112.448486 0.000000 1256.874023
34676.000000 1112.448486 0.000000 1256.979004
34676.000000 1112.448486 0.000000 1257.078979
34676.000000 1112.448486 0.000000 1257.178955
34676.000000 1112.448486 0.000000 1257.286011
34676.000000 1112.448486 0.000000 1257.389038
34676.000000 1112.448486 0.000000 1257.479004
34676.000000 1112.448486 0.000000 1257.583984
34676.000000 1112.448486 0.000000 1257.678955
34676.000000 1112.448486 0.000000 1257.776978
34676.000000 1112.448486 0.000000 1257.885986
34676.000000 1112.448486 0.000000 1257.979004
34676.000000 1112.448486 0.000000 1258.084961
34676.000000 1112.448486 0.000000 1258.187012
34676.000000 1112.448486 0.000000 1258.287964
34676.000000 1112.448486 0.000000 1258.383057
34676.000000 1112.448486 0.000000 1258.483032
34676.000000 1112.448486 0.000000 1258.581055
34676.000000 1112.448486 0.000000 1258.680054
34676.000000 1112.448486 0.000000 1258.779053
34676.000000 1112.448486 0.000000 1258.879028
34676.000000 1112.448486 0.000000 1258.984009
34676.000000 1112.448486 0.000000 1259.083984
34676.000000 1112.448486 0.000000 1259.182007
34676.000000 1112.448486 0.000000 1259.281982
34676.000000 1112.448486 0.000000 1259.392944
34676.000000 1112.448486 0.000000 1259.477051
34676.000000 1112.448486 0.000000 1259.587036
34676.000000 1112.448486 0.000000 1259.683960
34676.000000 1112.448486 0.000000 1259.785034
34676.000000 1112.448486 0.000000 1259.885010
34676.000000 1112.448486 0.000000 1259.987061
34676.000000 1112.448486 0.000000 1260.084961
34676.000000 1112.448486 0.000000 1260.187012
34676.000000 1112.448486 0.000000 1260.286011
34676.000000 1112.448486 0.000000 1260.376953
34676.000000 1112.448486 0.000000 1260.487061
34676.000000 1112.448486 0.000000 1260.682983
34676.000000 1112.448486 0.000000 1260.792969
34676.000000 1112.448486 0.000000 1260.876953
34676.000000 1112.448486 0.000000 1260.977051
34676.000000 1112.448486 0.000000 1261.083008
34676.000000 1112.448486 0.000000 1261.177002
34676.000000 1112.448486 0.000000 1261.276978
34676.000000 1112.448486 0.000000 1261.376953
34676.000000 1112.448486 0.000000 1261.494019
34676.000000 1112.448486 0.000000 1261.592041
34676.000000 1112.448486 0.000000 1261.689941
34676.000000 1112.448486 0.000000 1261.780029
34676.000000 1112.448486 0.000000 1261.889038
34676.000000 1112.448486 0.000000 1261.979980
34676.000000 1112.448486 0.000000 1262.078979
34676.000000 1112.448486 0.000000 1262.173950
34676.000000 1112.448486 0.000000 1262.279053
34676.000000 1112.448486 0.000000 1262.384033
34676.000000 1112.448486 0.000000 1262.479980
34676.000000 1112.448486 0.000000 1262.578979
34676.000000 1112.448486 0.000000 1262.678955
34676.000000 1112.448486 0.000000 1262.779053
34676.000000 1112.448486 0.000000 1262.874023
34676.000000 1112.448486 0.000000 1262.993042
34676.000000 1112.448486 0.000000 1263.088013
34676.000000 1112.448486 0.000000 1263.187988
34676.000000 1112.448486 0.000000 1263.287964
34676.000000 1112.448486 0.000000 1263.387939
34676.000000 1112.448486 0.000000 1263.487061
34676.000000 1112.448486 0.000000 1263.579956
34676.000000 1112.448486 0.000000 1263.683960
34676.000000 1112.448486 0.000000 1263.786011
34676.000000 1112.448486 0.000000 1263.879028
34676.000000 1112.448486 0.000000 1263.995972
34676.000000 1112.448486 0.000000 1264.076050
34676.000000 1112.448486 0.000000 1264.181030
34676.000000 1112.448486 0.000000 1264.286011
34676.000000 1112.448486 0.000000 1264.375977
34676.000000 1112.448486 0.000000 1264.480957
34676.000000 1112.448486 0.000000 1264.583984
34676.000000 1112.448486 0.000000 1264.683960
34676.000000 1112.448486 0.000000 1264.788940
34676.000000 1112.448486 0.000000 1264.884033
34676.000000 1112.448486 0.000000 1264.989014
34676.000000 1112.448486 0.000000 1265.082031
34676.000000 1112.448486 0.000000 1265.186035
34676.000000 1112.448486 0.000000 1265.286011
34676.125000 1112.448486 0.000000 1265.379028
34676.125000 1112.448486 0.000000 1265.488037
34676.125000 1112.448486 0.000000 1265.587036
34676.125000 1112.448486 0.000000 1265.678955
34676.125000 1112.448486 0.000000 1265.784058
34676.125000 1112.448486 0.000000 1265.884033
34676.125000 1112.448486 0.000000 1265.979004
34676.125000 1112.448486 0.000000 1266.078979
34676.125000 1112.448486 0.000000 1266.178955
34676.125000 1112.448486 0.000000 1266.291016
34676.125000 1112.448486 0.000000 1266.379028
34676.125000 1112.448486 0.000000 1266.485962
34676.125000 1112.448486 0.000000 1266.583984
34676.125000 1112.448486 0.000000 1266.680054
34676.125000 1112.448486 0.000000 1266.788940
34676.125000 1112.448486 0.000000 1266.889038
34676.125000 1112.448486 0.000000 1266.994019
34676.125000 1112.448486 0.000000 1267.098999
34676.125000 1112.448486 0.000000 1267.187012
34676.125000 1112.448486 0.000000 1267.281982
34676.125000 1112.448486 0.000000 1267.381958
34676.125000 1112.448486 0.000000 1267.489990
34676.125000 1112.448486 0.000000 1267.582031
34676.125000 1112.448486 0.000000 1267.687012
34676.125000 1112.448486 0.000000 1267.781982
34676.125000 1112.448486 0.000000 1267.881958
34676.125000 1112.448486 0.000000 1267.989014
34676.125000 1112.448486 0.000000 1268.083008
34676.125000 1112.448486 0.000000 1268.187988
34676.125000 1112.448486 0.000000 1268.282959
34676.125000 1112.448486 0.000000 1268.383057
34676.125000 1112.448486 0.000000 1268.482056
34676.125000 1112.448486 0.000000 1268.578979
34676.125000 1112.448486 0.000000 1268.677002
34676.125000 1112.448486 0.000000 1268.781982
34676.125000 1112.448486 0.000000 1268.884033
34676.125000 1112.448486 0.000000 1268.989990
34676.125000 1112.448486 0.000000 1269.083984
34676.125000 1112.448486 0.000000 1269.183960
34676.125000 1112.448486 0.000000 1269.281982
34676.125000 1112.448486 0.000000 1269.381958
34676.125000 1112.448486 0.000000 1269.485962
34676.125000 1112.448486 0.000000 1269.581055
34676.125000 1112.448486 0.000000 1269.687012
34676.125000 1112.448486 0.000000 1269.786011
34676.125000 1112.448486 0.000000 1269.885986
34676.125000 1112.448486 0.000000 1269.985962
34676.125000 1112.448486 0.000000 1270.077026
34676.125000 1112.448486 0.000000 1270.182983
34676.125000 1112.448486 0.000000 1270.281982
34676.125000 1112.448486 0.000000 1270.381958
34676.125000 1112.448486 0.000000 1270.474976
34676.125000 1112.448486 0.000000 1270.587036
34676.125000 1112.448486 0.000000 1270.685059
34676.125000 1112.448486 0.000000 1270.781006
34676.125000 1112.448486 0.000000 1270.883057
34676.125000 1112.448486 0.000000 1270.996948
34676.125000 1112.448486 0.000000 1271.077026
34676.125000 1112.448486 0.000000 1271.192017
34676.125000 1112.448486 0.000000 1271.291016
34676.125000 1112.448486 0.000000 1271.385986
34676.125000 1112.448486 0.000000 1271.489014
34676.125000 1112.448486 0.000000 1271.578979
34676.125000 1112.448486 0.000000 1271.687988
34676.125000 1112.448486 0.000000 1271.788940
34676.125000 1112.448486 0.000000 1271.879028
34676.125000 1112.448486 0.000000 1271.985962
34676.125000 1112.448486 0.000000 1272.084961
34676.125000 1112.448486 0.000000 1272.182007
34676.125000 1112.448486 0.000000 1272.292969
34676.125000 1112.448486 0.000000 1272.380005
34676.125000 1112.448486 0.000000 1272.487061
34676.125000 1112.448486 0.000000 1272.579956
34676.125000 1112.448486 0.000000 1272.699951
34676.125000 1112.448486 0.000000 1272.886963
34676.125000 1112.448486 0.000000 1272.980957
34676.125000 1112.448486 0.000000 1273.081055
34676.125000 1112.448486 0.000000 1273.191040
34676.125000 1112.448486 0.000000 1273.280029
34676.125000 1112.448486 0.000000 1273.385986
34676.125000 1112.448486 0.000000 1273.488037
34676.125000 1112.448486 0.000000 1273.579956
34676.125000 1112.448486 0.000000 1273.686035
34676.125000 1112.448486 0.000000 1273.779053
34676.125000 1112.448486 0.000000 1273.878052
34676.125000 1112.448486 0.000000 1273.978027
34676.125000 1112.448486 0.000000 1274.083008
34676.125000 1112.448486 0.000000 1274.177979
34676.125000 1112.448486 0.000000 1274.279053
34676.125000 1112.448486 0.000000 1274.379028
34676.125000 1112.448486 0.000000 1274.478027
34676.125000 1112.448486 0.000000 1274.588013
34676.125000 1112.448486 0.000000 1274.681030
34676.125000 1112.448486 0.000000 1274.782959
34676.125000 1112.448486 0.000000 1274.889038
34676.125000 1112.448486 0.000000 1274.978027
34676.125000 1112.448486 0.000000 1275.078003
34676.125000 1112.448486 0.000000 1275.201050
34676.125000 1112.448486 0.000000 1275.284058
34676.125000 1112.448486 0.000000 1275.384033
34676.125000 1112.448486 0.000000 1275.485962
34676.125000 1112.448486 0.000000 1275.578979
34676.125000 1112.448486 0.000000 1275.683960
34676.125000 1112.448486 0.000000 1275.786987
34676.125000 1112.448486 0.000000 1275.879028
34676.125000 1112.448486 0.000000 1275.979980
34676.125000 1112.448486 0.000000 1276.078979
34676.125000 1112.448486 0.000000 1276.178955
34676.125000 1112.448486 0.000000 1276.286987
34676.125000 1112.448486 0.000000 1276.384033
34676.125000 1112.448486 0.000000 1276.479004
34676.125000 1112.448486 0.000000 1276.594971
34676.125000 1112.448486 0.000000 1276.689941
34676.125000 1112.448486 0.000000 1276.780029
34676.125000 1112.448486 0.000000 1276.879028
34676.125000 1112.448486 0.000000 1276.994019
34676.125000 1112.448486 0.000000 1277.078979
34676.125000 1112.448486 0.000000 1277.183960
34676.125000 1112.448486 0.000000 1277.291992
34676.125000 1112.448486 0.000000 1277.379028
34676.125000 1112.448486 0.000000 1277.484985
34676.125000 1112.448486 0.000000 1277.579956
34676.125000 1112.448486 0.000000 1277.675049
34676.125000 1112.448486 0.000000 1277.781006
34676.125000 1112.448486 0.000000 1277.881958
34676.125000 1112.448486 0.000000 1277.991943
34676.125000 1112.448486 0.000000 1278.087036
34676.125000 1112.448486 0.000000 1278.191040
34676.125000 1112.448486 0.000000 1278.276001
34676.125000 1112.448486 0.000000 1278.387939
34676.125000 1112.448486 0.000000 1278.485962
34676.125000 1112.448486 0.000000 1278.586060
34676.125000 1112.448486 0.000000 1278.686035
34676.125000 1112.448486 0.000000 1278.791016
34676.125000 1112.448486 0.000000 1278.890991
34676.125000 1112.448486 0.000000 1278.979980
34676.125000 1112.448486 0.000000 1279.084961
34676.125000 1112.448486 0.000000 1279.181030
34676.125000 1112.448486 0.000000 1279.296997
34676.125000 1112.448486 0.000000 1279.389038
34676.125000 1112.448486 0.000000 1279.489014
34676.125000 1112.448486 0.000000 1279.583984
34676.125000 1112.448486 0.000000 1279.683960
34676.125000 1112.448486 0.000000 1279.781982
34676.125000 1112.448486 0.000000 1279.881958
34676.125000 1112.448486 0.000000 1279.984009
34676.125000 1112.448486 0.000000 1280.079956
34676.125000 1112.448486 0.000000 1280.180054
34676.125000 1112.448486 0.000000 1280.287964
34676.125000 1112.448486 0.000000 1280.391968
34676.125000 1112.448486 0.000000 1280.491943
34676.125000 1112.448486 0.000000 1280.592041
34676.125000 1112.448486 0.000000 1280.681030
34676.125000 1112.448486 0.000000 1280.784058
34676.125000 1112.448486 0.000000 1280.889038
34676.125000 1112.448486 0.000000 1280.989014
34676.125000 1112.448486 0.000000 1281.088989
34676.125000 1112.448486 0.000000 1281.183960
34676.125000 1112.448486 0.000000 1281.288940
34676.125000 1112.448486 0.000000 1281.389038
34676.125000 1112.448486 0.000000 1281.480957
34676.125000 1112.448486 0.000000 1281.586060
34676.125000 1112.448486 0.000000 1281.683960
34676.125000 1112.448486 0.000000 1281.777954
34676.125000 1112.448486 0.000000 1281.889038
34676.125000 1112.448486 0.000000 1281.989014
34676.125000 1112.448486 0.000000 1282.093994
34676.125000 1112.448486 0.000000 1282.193970
34676.125000 1112.448486 0.000000 1282.291016
34676.125000 1112.448486 0.000000 1282.383057
34676.125000 1112.448486 0.000000 1282.500000
34676.125000 1112.448486 0.000000 1282.609985
34676.125000 1112.448486 0.000000 1282.704956
34676.125000 1112.448486 0.000000 1282.800049
34676.125000 1112.448486 0.000000 1282.901978
34676.125000 1112.448486 0.000000 1283.095947
34676.125000 1112.448486 0.000000 1283.298950
34676.125000 1112.448486 0.000000 1283.490967
34676.125000 1112.448486 0.000000 1283.597046
34676.125000 1112.448486 0.000000 1283.697021
34676.125000 1112.448486 0.000000 1283.796021
34676.125000 1112.448486 0.000000 1283.994995
34676.125000 1112.448486 0.000000 1284.107056
34676.125000 1112.448486 0.000000 1284.296021
34676.125000 1112.448486 0.000000 1284.395996
34676.125000 1112.448486 0.000000 1284.495972
34676.125000 1112.448486 0.000000 1284.597046
34676.125000 1112.448486 0.000000 1284.697998
34676.125000 1112.448486 0.000000 1284.793945
34676.125000 1112.448486 0.000000 1284.897949
34676.125000 1112.448486 0.000000 1284.990967
34676.125000 1112.448486 0.000000 1285.098022
34676.125000 1112.448486 0.000000 1285.191040
34676.125000 1112.448486 0.000000 1285.296021
34676.125000 1112.448486 0.000000 1285.390991
34676.125000 1112.448486 0.000000 1285.495972
34676.125000 1112.448486 0.000000 1285.595947
34676.125000 1112.448486 0.000000 1285.691040
34676.125000 1112.448486 0.000000 1285.796021
34676.125000 1112.448486 0.000000 1285.896973
34676.125000 1112.448486 0.000000 1285.991943
34676.125000 1112.448486 0.000000 1286.093018
34676.125000 1112.448486 0.000000 1286.198975
34676.125000 1112.448486 0.000000 1286.296021
34676.125000 1112.448486 0.000000 1286.396973
34676.125000 1112.448486 0.000000 1286.501953
34676.125000 1112.448486 0.000000 1286.595947
34676.125000 1112.448486 0.000000 1286.696045
34676.125000 1112.448486 0.000000 1286.791016
34676.125000 1112.448486 0.000000 1286.891968
34676.125000 1112.448486 0.000000 1286.991943
34676.125000 1112.448486 0.000000 1287.092041
34676.125000 1112.448486 0.000000 1287.197021
34676.125000 1112.448486 0.000000 1287.296997
34676.125000 1112.448486 0.000000 1287.395020
34676.125000 1112.448486 0.000000 1287.491943
34676.125000 1112.448486 0.000000 1287.604004
34676.125000 1112.448486 0.000000 1287.693970
34676.125000 1112.448486 0.000000 1287.788940
34676.125000 1112.448486 0.000000 1287.894043
34676.125000 1112.448486 0.000000 1287.990967
34676.125000 1112.448486 0.000000 1288.104004
34676.125000 1112.448486 0.000000 1288.194946
34676.125000 1112.448486 0.000000 1288.293945
34676.125000 1112.448486 0.000000 1288.396973
34676.125000 1112.448486 0.000000 1288.499023
34676.125000 1112.448486 0.000000 1288.593994
34676.125000 1112.448486 0.000000 1288.701050
34676.125000 1112.448486 0.000000 1288.796021
34676.125000 1112.448486 0.000000 1288.890991
34676.125000 1112.448486 0.000000 1288.998047
34676.125000 1112.448486 0.000000 1289.103027
34676.125000 1112.448486 0.000000 1289.191040
34676.125000 1112.448486 0.000000 1289.295044
34676.125000 1112.448486 0.000000 1289.395996
34676.125000 1112.448486 0.000000 1289.491943
34676.125000 1112.448486 0.000000 1289.589966
34676.125000 1112.448486 0.000000 1289.699951
34676.125000 1112.448486 0.000000 1289.796997
34676.125000 1112.448486 0.000000 1289.890015
34676.125000 1112.448486 0.000000 1289.990967
34676.125000 1112.448486 0.000000 1290.089966
34676.125000 1112.448486 0.000000 1290.191040
34676.125000 1112.448486 0.000000 1290.295044
34676.125000 1112.448486 0.000000 1290.395020
34676.125000 1112.448486 0.000000 1290.490967
34676.125000 1112.448486 0.000000 1290.590942
34676.125000 1112.448486 0.000000 1290.689941
34676.125000 1112.448486 0.000000 1290.791992
34676.125000 1112.448486 0.000000 1290.902954
34676.125000 1112.448486 0.000000 1290.998047
34676.125000 1112.448486 0.000000 1291.089966
34676.125000 1112.448486 0.000000 1291.199951
34676.125000 1112.448486 0.000000 1291.300049
34676.125000 1112.448486 0.000000 1291.395020
34676.125000 1112.448486 0.000000 1291.489990
34676.125000 1112.448486 0.000000 1291.599976
34676.125000 1112.448486 0.000000 1291.699951
34676.125000 1112.448486 0.000000 1291.805054
34676.125000 1112.448486 0.000000 1291.910034
34676.125000 1112.448486 0.000000 1292.000000
34676.125000 1112.448486 0.000000 1292.104980
34676.125000 1112.448486 0.000000 1292.199951
34676.125000 1112.448486 0.000000 1292.300049
34676.125000 1112.448486 0.000000 1292.390015
34676.125000 1112.448486 0.000000 1292.489990
34676.125000 1112.448486 0.000000 1292.589966
34676.125000 1112.448486 0.000000 1292.694946
34676.125000 1112.448486 0.000000 1292.795044
34676.125000 1112.448486 0.000000 1292.904053
34676.125000 1112.448486 0.000000 1293.004028
34676.125000 1112.448486 0.000000 1293.109009
34676.125000 1112.448486 0.000000 1293.209961
34676.125000 1112.448486 0.000000 1293.296021
34676.125000 1112.448486 0.000000 1293.401978
34676.125000 1112.448486 0.000000 1293.500977
34676.125000 1112.448486 0.000000 1293.600952
34676.125000 1112.448486 0.000000 1293.708008
34676.125000 1112.448486 0.000000 1293.796021
34676.125000 1112.448486 0.000000 1293.906006
34676.125000 1112.448486 0.000000 1294.102051
34676.125000 1112.448486 0.000000 1294.213013
34676.125000 1112.448486 0.000000 1294.404053
34676.125000 1112.448486 0.000000 1294.508057
34676.125000 1112.448486 0.000000 1294.604004
34676.125000 1112.448486 0.000000 1294.703979
34676.125000 1112.448486 0.000000 1294.813965
34676.125000 1112.448486 0.000000 1294.904053
34676.125000 1112.448486 0.000000 1295.104004
34676.125000 1112.448486 0.000000 1295.198975
34676.125000 1112.448486 0.000000 1295.296997
34676.125000 1112.448486 0.000000 1295.396973
34676.125000 1112.448486 0.000000 1295.508057
34676.125000 1112.448486 0.000000 1295.598022
34676.125000 1112.448486 0.000000 1295.707031
34676.125000 1112.448486 0.000000 1295.807983
34676.125000 1112.448486 0.000000 1295.902954
34676.125000 1112.448486 0.000000 1296.015015
34676.125000 1112.448486 0.000000 1296.104980
34676.125000 1112.448486 0.000000 1296.209961
34676.125000 1112.448486 0.000000 1296.302002
34676.125000 1112.448486 0.000000 1296.422974
34676.125000 1112.448486 0.000000 1296.602051
34676.125000 1112.448486 0.000000 1296.712036
34676.125000 1112.448486 0.000000 1296.817017
34676.125000 1112.448486 0.000000 1296.906982
34676.125000 1112.448486 0.000000 1297.011963
34676.125000 1112.448486 0.000000 1297.116943
34676.125000 1112.448486 0.000000 1297.212036
34676.125000 1112.448486 0.000000 1297.298950
34676.125000 1112.448486 0.000000 1297.417969
34676.125000 1112.448486 0.000000 1297.512939
34676.125000 1112.448486 0.000000 1297.608032
34676.125000 1112.448486 0.000000 1297.708008
34676.125000 1112.448486 0.000000 1297.798950
34676.125000 1112.448486 0.000000 1297.899048
34676.125000 1112.448486 0.000000 1297.999023
34676.125000 1112.448486 0.000000 1298.104004
34676.125000 1112.448486 0.000000 1298.211060
34676.125000 1112.448486 0.000000 1298.302979
34676.125000 1112.448486 0.000000 1298.399048
34676.125000 1112.448486 0.000000 1298.499023
34676.125000 1112.448486 0.000000 1298.608032
34676.125000 1112.448486 0.000000 1298.698975
34676.125000 1112.448486 0.000000 1298.803955
34676.125000 1112.448486 0.000000 1298.899048
34676.125000 1112.448486 0.000000 1299.004028
34676.125000 1112.448486 0.000000 1299.119019
34676.125000 1112.448486 0.000000 1299.208984
34676.125000 1112.448486 0.000000 1299.298950
34676.125000 1112.448486 0.000000 1299.399048
34676.125000 1112.448486 0.000000 1299.510986
34676.125000 1112.448486 0.000000 1299.605957
34676.125000 1112.448486 0.000000 1299.698975
34676.125000 1112.448486 0.000000 1299.808960
34676.125000 1112.448486 0.000000 1299.900024
34676.125000 1112.448486 0.000000 1300.004028
34676.125000 1112.448486 0.000000 1300.098999
34676.125000 1112.448486 0.000000 1300.207031
34676.125000 1112.448486 0.000000 1300.300049
34676.125000 1112.448486 0.000000 1300.409058
34676.125000 1112.448486 0.000000 1300.516968
34676.125000 1112.448486 0.000000 1300.604004
34676.125000 1112.448486 0.000000 1300.707031
34676.125000 1112.448486 0.000000 1300.802002
34676.125000 1112.448486 0.000000 1300.909058
34676.125000 1112.448486 0.000000 1301.012939
34676.125000 1112.448486 0.000000 1301.105957
34676.125000 1112.448486 0.000000 1301.206055
34676.125000 1112.448486 0.000000 1301.311035
34676.125000 1112.448486 0.000000 1301.402954
34676.125000 1112.448486 0.000000 1301.500977
34676.125000 1112.448486 0.000000 1301.602051
34676.125000 1112.448486 0.000000 1301.706055
34676.125000 1112.448486 0.000000 1301.801025
34676.125000 1112.448486 0.000000 1301.901001
34676.125000 1112.448486 0.000000 1302.001953
34676.125000 1112.448486 0.000000 1302.100952
34676.125000 1112.448486 0.000000 1302.208008
34676.125000 1112.448486 0.000000 1302.306030
34676.125000 1112.448486 0.000000 1302.415039
34676.125000 1112.448486 0.000000 1302.510010
34676.125000 1112.448486 0.000000 1302.609985
34676.125000 1112.448486 0.000000 1302.701050
34676.125000 1112.448486 0.000000 1302.808960
34676.125000 1112.448486 0.000000 1302.906982
34676.125000 1112.448486 0.000000 1303.011963
34676.125000 1112.448486 0.000000 1303.105957
34676.125000 1112.448486 0.000000 1303.201050
34676.125000 1112.448486 0.000000 1303.312988
34676.125000 1112.448486 0.000000 1303.401001
34676.125000 1112.448486 0.000000 1303.501953
34676.125000 1112.448486 0.000000 1303.603027
34676.125000 1112.448486 0.000000 1303.701050
34676.125000 1112.448486 0.000000 1303.801025
34676.125000 1112.448486 0.000000 1303.901978
34676.125000 1112.448486 0.000000 1304.008057
34676.125000 1112.448486 0.000000 1304.108032
34676.125000 1112.448486 0.000000 1304.208008
34676.125000 1112.448486 0.000000 1304.310059
34676.125000 1112.448486 0.000000 1304.412964
34676.125000 1112.448486 0.000000 1304.508057
34676.125000 1112.448486 0.000000 1304.612061
34676.125000 1112.448486 0.000000 1304.708984
34676.125000 1112.448486 0.000000 1304.816040
34676.125000 1112.448486 0.000000 1304.915039
34676.125000 1112.448486 0.000000 1305.015015
34676.125000 1112.448486 0.000000 1305.110962
34676.125000 1112.448486 0.000000 1305.212036
34676.125000 1112.448486 0.000000 1305.311035
34676.125000 1112.448486 0.000000 1305.411011
34676.125000 1112.448486 0.000000 1305.510986
34676.125000 1112.448486 0.000000 1305.605957
34676.125000 1112.448486 0.000000 1305.707031
34676.125000 1112.448486 0.000000 1305.811035
34676.125000 1112.448486 0.000000 1305.906006
34676.125000 1112.448486 0.000000 1306.005981
34676.125000 1112.448486 0.000000 1306.115967
34676.125000 1112.448486 0.000000 1306.206055
34676.125000 1112.448486 0.000000 1306.318970
34676.125000 1112.448486 0.000000 1306.413940
34676.125000 1112.448486 0.000000 1306.514038
34676.125000 1112.448486 0.000000 1306.619019
34676.125000 1112.448486 0.000000 1306.722046
34676.125000 1112.448486 0.000000 1306.816040
34676.125000 1112.448486 0.000000 1306.911011
34676.125000 1112.448486 0.000000 1307.006958
34676.125000 1112.448486 0.000000 1307.107056
34676.125000 1112.448486 0.000000 1307.212036
34676.125000 1112.448486 0.000000 1307.307007
34676.125000 1112.448486 0.000000 1307.406982
34676.125000 1112.448486 0.000000 1307.515015
34676.125000 1112.448486 0.000000 1307.604980
34676.125000 1112.448486 0.000000 1307.709961
34676.125000 1112.448486 0.000000 1307.814941
34676.125000 1112.448486 0.000000 1307.905029
34676.125000 1112.448486 0.000000 1308.019043
34676.125000 1112.448486 0.000000 1308.114990
34676.125000 1112.448486 0.000000 1308.204956
34676.125000 1112.448486 0.000000 1308.307007
34676.125000 1112.448486 0.000000 1308.405029
34676.125000 1112.448486 0.000000 1308.515015
34676.125000 1112.448486 0.000000 1308.609985
34676.125000 1112.448486 0.000000 1308.704956
34676.125000 1112.448486 0.000000 1308.805054
34676.125000 1112.448486 0.000000 1308.912964
34676.125000 1112.448486 0.000000 1309.012939
34676.125000 1112.448486 0.000000 1309.113037
34676.125000 1112.448486 0.000000 1309.213013
34676.125000 1112.448486 0.000000 1309.305054
34676.125000 1112.448486 0.000000 1309.405029
34676.125000 1112.448486 0.000000 1309.505005
34676.125000 1112.448486 0.000000 1309.619995
34676.125000 1112.448486 0.000000 1309.811035
34676.125000 1112.448486 0.000000 1309.910034
34676.125000 1112.448486 0.000000 1310.020020
34676.125000 1112.448486 0.000000 1310.109985
34676.125000 1112.448486 0.000000 1310.209961
34676.125000 1112.448486 0.000000 1310.307007
34676.125000 1112.448486 0.000000 1310.420044
34676.125000 1112.448486 0.000000 1310.612061
34676.125000 1112.448486 0.000000 1310.704956
34676.125000 1112.448486 0.000000 1310.805054
34676.125000 1112.448486 0.000000 1310.910034
34676.125000 1112.448486 0.000000 1311.020020
34676.125000 1112.448486 0.000000 1311.119995
34676.125000 1112.448486 0.000000 1311.214966
34676.125000 1112.448486 0.000000 1311.324951
34676.125000 1112.448486 0.000000 1311.420044
34676.125000 1112.448486 0.000000 1311.510010
34676.125000 1112.448486 0.000000 1311.609985
34676.125000 1112.448486 0.000000 1311.714966
34676.125000 1112.448486 0.000000 1311.808960
34676.125000 1112.448486 0.000000 1311.902954
34676.125000 1112.448486 0.000000 1312.014038
34676.125000 1112.448486 0.000000 1312.113037
34676.125000 1112.448486 0.000000 1312.213989
34676.125000 1112.448486 0.000000 1312.312988
34676.125000 1112.448486 0.000000 1312.416992
34676.125000 1112.448486 0.000000 1312.516968
34676.125000 1112.448486 0.000000 1312.616943
34676.125000 1112.448486 0.000000 1312.722046
34676.125000 1112.448486 0.000000 1312.813965
34676.125000 1112.448486 0.000000 1312.913940
34676.125000 1112.448486 0.000000 1313.019043
34676.125000 1112.448486 0.000000 1313.109009
34676.125000 1112.448486 0.000000 1313.218994
34676.125000 1112.448486 0.000000 1313.310059
34676.125000 1112.448486 0.000000 1313.432007
34676.125000 1112.448486 0.000000 1313.526978
34676.125000 1112.448486 0.000000 1313.619995
34676.125000 1112.448486 0.000000 1313.719971
34676.125000 1112.448486 0.000000 1313.813965
34676.125000 1112.448486 0.000000 1313.920044
34676.125000 1112.448486 0.000000 1314.014038
34676.125000 1112.448486 0.000000 1314.119995
34676.125000 1112.448486 0.000000 1314.213989
34676.125000 1112.448486 0.000000 1314.313965
34676.125000 1112.448486 0.000000 1314.418945
34676.125000 1112.448486 0.000000 1314.519043
34676.125000 1112.448486 0.000000 1314.619019
34676.125000 1112.448486 0.000000 1314.713989
34676.125000 1112.448486 0.000000 1314.824951
34676.125000 1112.448486 0.000000 1314.922974
34676.125000 1112.448486 0.000000 1315.020996
34676.125000 1112.448486 0.000000 1315.120972
34676.125000 1112.448486 0.000000 1315.220947
34676.125000 1112.448486 0.000000 1315.313965
34676.125000 1112.448486 0.000000 1315.416992
34676.125000 1112.448486 0.000000 1315.514038
34676.125000 1112.448486 0.000000 1315.619019
34676.125000 1112.448486 0.000000 1315.725952
34676.125000 1112.448486 0.000000 1315.818970
34676.125000 1112.448486 0.000000 1315.913940
34676.125000 1112.448486 0.000000 1316.026978
34676.125000 1112.448486 0.000000 1316.129028
34676.125000 1112.448486 0.000000 1316.223999
34676.125000 1112.448486 0.000000 1316.323975
34676.125000 1112.448486 0.000000 1316.428955
34676.125000 1112.448486 0.000000 1316.515015
34676.125000 1112.448486 0.000000 1316.614990
34676.125000 1112.448486 0.000000 1316.714966
34676.125000 1112.448486 0.000000 1316.814941
34676.125000 1112.448486 0.000000 1316.920044
34676.125000 1112.448486 0.000000 1317.020020
34676.125000 1112.448486 0.000000 1317.114990
34676.125000 1112.448486 0.000000 1317.214966
34676.125000 1112.448486 0.000000 1317.322021
34676.125000 1112.448486 0.000000 1317.415039
34676.125000 1112.448486 0.000000 1317.515015
34676.125000 1112.448486 0.000000 1317.615967
34676.125000 1112.448486 0.000000 1317.712036
34676.125000 1112.448486 0.000000 1317.811035
34676.125000 1112.448486 0.000000 1317.916016
34676.125000 1112.448486 0.000000 1318.016968
34676.125000 1112.448486 0.000000 1318.116943
34676.125000 1112.448486 0.000000 1318.215942
34676.125000 1112.448486 0.000000 1318.316040
34676.125000 1112.448486 0.000000 1318.416016
34676.125000 1112.448486 0.000000 1318.524048
34676.125000 1112.448486 0.000000 1318.624023
34676.125000 1112.448486 0.000000 1318.719971
34676.125000 1112.448486 0.000000 1318.812012
34676.125000 1112.448486 0.000000 1318.916016
34676.125000 1112.448486 0.000000 1319.016968
34676.125000 1112.448486 0.000000 1319.116943
34676.125000 1112.448486 0.000000 1319.220947
34676.125000 1112.448486 0.000000 1319.316040
34676.125000 1112.448486 0.000000 1319.416016
34676.125000 1112.448486 0.000000 1319.511963
34676.125000 1112.448486 0.000000 1319.615967
34676.125000 1112.448486 0.000000 1319.717041
34676.125000 1112.448486 0.000000 1319.817017
34676.125000 1112.448486 0.000000 1319.916992
34676.125000 1112.448486 0.000000 1320.016968
34676.125000 1112.448486 0.000000 1320.114014
34676.125000 1112.448486 0.000000 1320.222046
34676.125000 1112.448486 0.000000 1320.313965
34676.125000 1112.448486 0.000000 1320.415039
34676.125000 1112.448486 0.000000 1320.511963
34676.125000 1112.448486 0.000000 1320.626953
34676.125000 1112.448486 0.000000 1320.713013
34676.125000 1112.448486 0.000000 1320.822021
34676.125000 1112.448486 0.000000 1321.016968
34676.125000 1112.448486 0.000000 1321.114014
34676.125000 1112.448486 0.000000 1321.212036
34676.125000 1112.448486 0.000000 1321.337036
34676.125000 1112.448486 0.000000 1321.511963
34676.125000 1112.448486 0.000000 1321.612061
34676.125000 1112.448486 0.000000 1321.712036
34676.125000 1112.448486 0.000000 1321.817017
34676.125000 1112.448486 0.000000 1321.916992
34676.125000 1112.448486 0.000000 1322.026001
34676.125000 1112.448486 0.000000 1322.125977
34676.125000 1112.448486 0.000000 1322.229004
34676.125000 1112.448486 0.000000 1322.323975
34676.125000 1112.448486 0.000000 1322.427002
34676.125000 1112.448486 0.000000 1322.526978
34676.125000 1112.448486 0.000000 1322.614990
34676.125000 1112.448486 0.000000 1322.712036
34676.125000 1112.448486 0.000000 1322.812012
34676.125000 1112.448486 0.000000 1322.916992
34676.125000 1112.448486 0.000000 1323.016968
34676.125000 1112.448486 0.000000 1323.115967
34676.125000 1112.448486 0.000000 1323.215942
34676.125000 1112.448486 0.000000 1323.331055
34676.125000 1112.448486 0.000000 1323.444946
34676.125000 1112.448486 0.000000 1323.535034
34676.125000 1112.448486 0.000000 1323.645020
34676.125000 1112.448486 0.000000 1323.744995
34676.125000 1112.448486 0.000000 1323.844971
34676.125000 1112.448486 0.000000 1323.949951
34676.125000 1112.448486 0.000000 1324.040039
34676.125000 1112.448486 0.000000 1324.145020
34676.125000 1112.448486 0.000000 1324.245972
34676.125000 1112.448486 0.000000 1324.336060
34676.125000 1112.448486 0.000000 1324.431030
34676.125000 1112.448486 0.000000 1324.536987
34676.125000 1112.448486 0.000000 1324.630981
34676.125000 1112.448486 0.000000 1324.738037
34676.125000 1112.448486 0.000000 1324.836060
34676.125000 1112.448486 0.000000 1325.034058
34703.625000 1112.448486 0.000000 1325.135986
34703.625000 1112.448486 0.000000 1325.228027
34703.625000 1112.448486 0.000000 1325.337036
34703.625000 1112.448486 0.000000 1325.437988
34703.625000 1112.448486 0.000000 1325.527954
34703.625000 1112.448486 0.000000 1325.656006
34703.625000 1112.448486 0.000000 1325.735962
34703.625000 1112.448486 0.000000 1325.831055
34703.625000 1112.448486 0.000000 1325.931030
34703.625000 1112.448486 0.000000 1326.031006
34703.625000 1112.448486 0.000000 1326.130981
34703.625000 1112.448486 0.000000 1326.238037
34703.625000 1112.448486 0.000000 1326.348022
34703.625000 1112.448486 0.000000 1326.442993
34703.625000 1112.448486 0.000000 1326.536011
34703.625000 1112.448486 0.000000 1326.646973
34703.625000 1112.448486 0.000000 1326.730957
34703.625000 1112.448486 0.000000 1326.836060
34703.625000 1112.448486 0.000000 1326.941040
34703.625000 1112.448486 0.000000 1327.036011
34703.625000 1112.448486 0.000000 1327.141968
34703.625000 1112.448486 0.000000 1327.230957
34703.750000 1112.448486 0.000000 1327.336060
34703.750000 1112.448486 0.000000 1327.436035
34703.750000 1112.448486 0.000000 1327.536011
34703.750000 1112.448486 0.000000 1327.635986
34703.750000 1112.448486 0.000000 1327.750977
34703.750000 1112.448486 0.000000 1327.937988
34703.750000 1112.448486 0.000000 1328.031982
34703.750000 1112.448486 0.000000 1328.137939
34703.750000 1112.448486 0.000000 1328.239990
34703.750000 1112.448486 0.000000 1328.340942
34703.750000 1112.448486 0.000000 1328.435059
34703.750000 1112.448486 0.000000 1328.541016
34703.750000 1112.448486 0.000000 1328.631958
34703.750000 1112.448486 0.000000 1328.729980
34703.750000 1112.448486 0.000000 1328.829956
34703.750000 1112.448486 0.000000 1328.943970
34703.750000 1112.448486 0.000000 1329.043945
34703.750000 1112.448486 0.000000 1329.149048
34703.750000 1112.448486 0.000000 1329.239990
34703.750000 1112.448486 0.000000 1329.334961
34703.750000 1112.448486 0.000000 1329.453979
34703.750000 1112.448486 0.000000 1329.531982
34703.750000 1112.448486 0.000000 1329.633057
34703.750000 1112.448486 0.000000 1329.738037
34703.750000 1112.448486 0.000000 1329.836060
34703.750000 1112.448486 0.000000 1329.937012
34703.750000 1112.448486 0.000000 1330.045044
34703.750000 1112.448486 0.000000 1330.142944
34703.750000 1112.448486 0.000000 1330.244995
34703.750000 1112.448486 0.000000 1330.339966
34703.750000 1112.448486 0.000000 1330.435059
34703.750000 1112.448486 0.000000 1330.540039
34703.750000 1112.448486 0.000000 1330.734985
34703.750000 1112.448486 0.000000 1330.833008
34703.750000 1112.448486 0.000000 1330.946045
34703.750000 1112.448486 0.000000 1331.040039
34703.750000 1112.448486 0.000000 1331.150024
34703.750000 1112.448486 0.000000 1331.244995
34703.750000 1112.448486 0.000000 1331.343018
34703.750000 1112.448486 0.000000 1331.442993
34703.750000 1112.448486 0.000000 1331.532959
34703.750000 1112.448486 0.000000 1331.633057
34703.750000 1112.448486 0.000000 1331.738037
34703.750000 1112.448486 0.000000 1331.833008
34703.750000 1112.448486 0.000000 1331.937988
34703.750000 1112.448486 0.000000 1332.037964
34703.750000 1112.448486 0.000000 1332.135986
34703.750000 1112.448486 0.000000 1332.235962
34703.750000 1112.448486 0.000000 1332.331055
34703.750000 1112.448486 0.000000 1332.431030
34703.750000 1112.448486 0.000000 1332.541992
34703.750000 1112.448486 0.000000 1332.750977
34703.750000 1112.448486 0.000000 1332.845947
34703.750000 1112.448486 0.000000 1332.946045
34703.750000 1112.448486 0.000000 1333.056030
34703.750000 1112.448486 0.000000 1333.234985
34703.750000 1112.448486 0.000000 1333.338013
34703.750000 1112.448486 0.000000 1333.437988
34703.750000 1112.448486 0.000000 1333.532959
34703.750000 1112.448486 0.000000 1333.646973
34703.750000 1112.448486 0.000000 1333.733032
34703.750000 1112.448486 0.000000 1333.838013
34703.750000 1112.448486 0.000000 1334.032959
34703.750000 1112.448486 0.000000 1334.137939
34703.750000 1112.448486 0.000000 1334.238037
34703.750000 1112.448486 0.000000 1334.339966
34703.750000 1112.448486 0.000000 1334.437988
34703.750000 1112.448486 0.000000 1334.537964
34703.750000 1112.448486 0.000000 1334.637939
34703.750000 1112.448486 0.000000 1334.734985
34703.750000 1112.448486 0.000000 1334.838013
34703.750000 1112.448486 0.000000 1334.942993
34703.750000 1112.448486 0.000000 1335.040039
34703.750000 1112.448486 0.000000 1335.140991
34703.750000 1112.448486 0.000000 1335.234985
34703.750000 1112.448486 0.000000 1335.344971
34703.750000 1112.448486 0.000000 1335.435059
34703.750000 1112.448486 0.000000 1335.535034
34703.750000 1112.448486 0.000000 1335.644043
34703.750000 1112.448486 0.000000 1335.749023
34703.750000 1112.448486 0.000000 1335.848999
34703.750000 1112.448486 0.000000 1335.943970
34703.750000 1112.448486 0.000000 1336.043945
34703.750000 1112.448486 0.000000 1336.145996
34703.750000 1112.448486 0.000000 1336.234985
34703.750000 1112.448486 0.000000 1336.339966
34703.750000 1112.448486 0.000000 1336.441040
34703.750000 1112.448486 0.000000 1336.546997
34703.750000 1112.448486 0.000000 1336.636963
34703.750000 1112.448486 0.000000 1336.734985
34703.750000 1112.448486 0.000000 1336.844971
34703.750000 1112.448486 0.000000 1336.935059
34703.750000 1112.448486 0.000000 1337.035034
34703.750000 1112.448486 0.000000 1337.142944
34703.750000 1112.448486 0.000000 1337.244995
34703.750000 1112.448486 0.000000 1337.354980
34703.750000 1112.448486 0.000000 1337.454956
34703.750000 1112.448486 0.000000 1337.550049
34703.750000 1112.448486 0.000000 1337.650024
34703.750000 1112.448486 0.000000 1337.744995
34703.750000 1112.448486 0.000000 1337.844971
34703.750000 1112.448486 0.000000 1337.944946
34703.750000 1112.448486 0.000000 1338.037964
34703.750000 1112.448486 0.000000 1338.135986
34703.750000 1112.448486 0.000000 1338.250000
34703.750000 1112.448486 0.000000 1338.349976
34703.750000 1112.448486 0.000000 1338.442017
34703.750000 1112.448486 0.000000 1338.535034
34703.750000 1112.448486 0.000000 1338.645996
34703.750000 1112.448486 0.000000 1338.734985
34703.750000 1112.448486 0.000000 1338.844971
34703.750000 1112.448486 0.000000 1338.937988
34703.750000 1112.448486 0.000000 1339.046997
34703.750000 1112.448486 0.000000 1339.239990
34703.750000 1112.448486 0.000000 1339.338989
34703.750000 1112.448486 0.000000 1339.454956
34703.750000 1112.448486 0.000000 1339.640991
34703.750000 1112.448486 0.000000 1339.737061
34703.750000 1112.448486 0.000000 1339.842041
34703.750000 1112.448486 0.000000 1339.942017
34703.750000 1112.448486 0.000000 1340.041992
34703.750000 1112.448486 0.000000 1340.146973
34703.750000 1112.448486 0.000000 1340.239990
34703.750000 1112.448486 0.000000 1340.334961
34703.750000 1112.448486 0.000000 1340.437012
34703.750000 1112.448486 0.000000 1340.535034
34703.750000 1112.448486 0.000000 1340.640015
34703.750000 1112.448486 0.000000 1340.741943
34703.750000 1112.448486 0.000000 1340.839966
34703.750000 1112.448486 0.000000 1340.944946
34703.750000 1112.448486 0.000000 1341.035034
34703.750000 1112.448486 0.000000 1341.135010
34703.750000 1112.448486 0.000000 1341.234985
34703.750000 1112.448486 0.000000 1341.338013
34703.750000 1112.448486 0.000000 1341.444946
34703.750000 1112.448486 0.000000 1341.546997
34703.750000 1112.448486 0.000000 1341.635010
34703.750000 1112.448486 0.000000 1341.734985
34703.750000 1112.448486 0.000000 1341.834961
34703.750000 1112.448486 0.000000 1341.939941
34703.750000 1112.448486 0.000000 1342.040039
34703.750000 1112.448486 0.000000 1342.135010
34703.750000 1112.448486 0.000000 1342.239990
34703.750000 1112.448486 0.000000 1342.334961
34703.750000 1112.448486 0.000000 1342.439941
34703.750000 1112.448486 0.000000 1342.535034
34703.750000 1112.448486 0.000000 1342.640015
34703.750000 1112.448486 0.000000 1342.744019
34703.750000 1112.448486 0.000000 1342.839966
34703.750000 1112.448486 0.000000 1342.948975
34703.750000 1112.448486 0.000000 1343.043945
34703.750000 1112.448486 0.000000 1343.145996
34703.750000 1112.448486 0.000000 1343.245972
34703.750000 1112.448486 0.000000 1343.352051
34703.750000 1112.448486 0.000000 1343.446045
34703.750000 1112.448486 0.000000 1343.540039
34703.750000 1112.448486 0.000000 1343.743042
34703.750000 1112.448486 0.000000 1343.853027
34703.750000 1112.448486 0.000000 1344.046021
34703.750000 1112.448486 0.000000 1344.140991
34703.750000 1112.448486 0.000000 1344.240967
34703.750000 1112.448486 0.000000 1344.348022
34703.750000 1112.448486 0.000000 1344.441040
34703.750000 1112.448486 0.000000 1344.541016
34703.750000 1112.448486 0.000000 1344.640991
34703.750000 1112.448486 0.000000 1344.740967
34703.750000 1112.448486 0.000000 1344.847046
34703.750000 1112.448486 0.000000 1344.941040
34703.750000 1112.448486 0.000000 1345.046021
34703.750000 1112.448486 0.000000 1345.140991
34703.750000 1112.448486 0.000000 1345.246948
34703.750000 1112.448486 0.000000 1345.342041
34703.750000 1112.448486 0.000000 1345.447021
34703.750000 1112.448486 0.000000 1345.651978
34703.750000 1112.448486 0.000000 1345.751953
34703.750000 1112.448486 0.000000 1345.852051
34703.750000 1112.448486 0.000000 1345.953003
34703.750000 1112.448486 0.000000 1346.043945
34703.750000 1112.448486 0.000000 1346.141968
34703.750000 1112.448486 0.000000 1346.243042
34703.750000 1112.448486 0.000000 1346.342041
34703.750000 1112.448486 0.000000 1346.453979
34703.750000 1112.448486 0.000000 1346.548950
34703.750000 1112.448486 0.000000 1346.646973
34703.750000 1112.448486 0.000000 1346.849976
34703.750000 1112.448486 0.000000 1346.952026
34703.750000 1112.448486 0.000000 1347.055054
34703.750000 1112.448486 0.000000 1347.155029
34703.750000 1112.448486 0.000000 1347.250977
34703.750000 1112.448486 0.000000 1347.350952
34703.750000 1112.448486 0.000000 1347.447021
34703.750000 1112.448486 0.000000 1347.541992
34703.750000 1112.448486 0.000000 1347.657959
34703.750000 1112.448486 0.000000 1347.746948
34703.750000 1112.448486 0.000000 1347.847046
34703.750000 1112.448486 0.000000 1347.937988
34703.750000 1112.448486 0.000000 1348.046997
34703.750000 1112.448486 0.000000 1348.154053
34703.750000 1112.448486 0.000000 1348.253052
34703.750000 1112.448486 0.000000 1348.337036
34703.750000 1112.448486 0.000000 1348.442017
34703.750000 1112.448486 0.000000 1348.536987
34703.750000 1112.448486 0.000000 1348.641968
34703.750000 1112.448486 0.000000 1348.741943
34703.750000 1112.448486 0.000000 1348.847046
34703.750000 1112.448486 0.000000 1348.942017
34703.750000 1112.448486 0.000000 1349.041992
34703.750000 1112.448486 0.000000 1349.142944
34703.750000 1112.448486 0.000000 1349.237061
34703.750000 1112.448486 0.000000 1349.342041
34703.750000 1112.448486 0.000000 1349.451050
34703.750000 1112.448486 0.000000 1349.551025
34703.750000 1112.448486 0.000000 1349.650024
34703.750000 1112.448486 0.000000 1349.750000
34703.750000 1112.448486 0.000000 1349.848999
34703.750000 1112.448486 0.000000 1349.949951
34703.750000 1112.448486 0.000000 1350.041992
34703.750000 1112.448486 0.000000 1350.141968
34703.750000 1112.448486 0.000000 1350.255005
34703.750000 1112.448486 0.000000 1350.354980
34703.750000 1112.448486 0.000000 1350.444946
34703.750000 1112.448486 0.000000 1350.550049
34703.750000 1112.448486 0.000000 1350.646973
34703.750000 1112.448486 0.000000 1350.750000
34703.750000 1112.448486 0.000000 1350.842041
34703.750000 1112.448486 0.000000 1350.947021
34703.750000 1112.448486 0.000000 1351.041992
34703.750000 1112.448486 0.000000 1351.141968
34703.750000 1112.448486 0.000000 1351.246948
34703.750000 1112.448486 0.000000 1351.343994
34703.750000 1112.448486 0.000000 1351.442017
34703.750000 1112.448486 0.000000 1351.542969
34703.750000 1112.448486 0.000000 1351.642944
34703.750000 1112.448486 0.000000 1351.748047
34703.750000 1112.448486 0.000000 1351.853027
34703.750000 1112.448486 0.000000 1351.958008
34703.750000 1112.448486 0.000000 1352.047974
34703.750000 1112.448486 0.000000 1352.155029
34703.750000 1112.448486 0.000000 1352.238037
34703.750000 1112.448486 0.000000 1352.338013
34703.750000 1112.448486 0.000000 1352.447021
34703.750000 1112.448486 0.000000 1352.547974
34703.750000 1112.448486 0.000000 1352.641968
34703.750000 1112.448486 0.000000 1352.754028
34703.750000 1112.448486 0.000000 1352.842041
34703.750000 1112.448486 0.000000 1352.949951
34703.750000 1112.448486 0.000000 1353.050049
34703.750000 1112.448486 0.000000 1353.159058
34703.750000 1112.448486 0.000000 1353.250977
34703.750000 1112.448486 0.000000 1353.349976
34703.750000 1112.448486 0.000000 1353.449951
34703.750000 1112.448486 0.000000 1353.555054
34703.750000 1112.448486 0.000000 1353.650024
34703.750000 1112.448486 0.000000 1353.744995
34703.750000 1112.448486 0.000000 1353.839966
34703.750000 1112.448486 0.000000 1353.952026
34703.750000 1112.448486 0.000000 1354.050049
34703.750000 1112.448486 0.000000 1354.145020
34703.750000 1112.448486 0.000000 1354.248047
34703.750000 1112.448486 0.000000 1354.354004
34707.750000 1112.448486 0.000000 1354.468018
34707.750000 1112.448486 0.000000 1354.547974
34707.750000 1112.448486 0.000000 1354.646973
34707.750000 1112.448486 0.000000 1354.739990
34707.750000 1112.448486 0.000000 1354.843994
34707.750000 1112.448486 0.000000 1354.942017
34707.750000 1112.448486 0.000000 1355.041992
34707.750000 1112.448486 0.000000 1355.146973
34707.750000 1112.448486 0.000000 1355.249023
34707.750000 1112.448486 0.000000 1355.348022
34707.750000 1112.448486 0.000000 1355.447021
34707.750000 1112.448486 0.000000 1355.541992
34707.750000 1112.448486 0.000000 1355.641968
34707.750000 1112.448486 0.000000 1355.737061
34707.750000 1112.448486 0.000000 1355.847046
34707.750000 1112.448486 0.000000 1355.947021
34707.750000 1112.448486 0.000000 1356.046997
34707.750000 1112.448486 0.000000 1356.147949
34707.750000 1112.448486 0.000000 1356.251953
34707.750000 1112.448486 0.000000 1356.349976
34707.750000 1112.448486 0.000000 1356.442993
34707.750000 1112.448486 0.000000 1356.547974
34707.750000 1112.448486 0.000000 1356.641968
34707.750000 1112.448486 0.000000 1356.753052
34707.750000 1112.448486 0.000000 1356.848022
34707.750000 1112.448486 0.000000 1356.953003
34707.750000 1112.448486 0.000000 1357.042969
34707.750000 1112.448486 0.000000 1357.156006
34707.750000 1112.448486 0.000000 1357.250977
34707.750000 1112.448486 0.000000 1357.350952
34707.750000 1112.448486 0.000000 1357.451050
34707.750000 1112.448486 0.000000 1357.556030
34707.750000 1112.448486 0.000000 1357.656006
34707.750000 1112.448486 0.000000 1357.755981
34707.750000 1112.448486 0.000000 1357.855957
34707.750000 1112.448486 0.000000 1357.938965
34707.750000 1112.448486 0.000000 1358.042969
34707.750000 1112.448486 0.000000 1358.144043
34707.750000 1112.448486 0.000000 1358.246948
34707.750000 1112.448486 0.000000 1358.352051
34707.750000 1112.448486 0.000000 1358.448975
34707.750000 1112.448486 0.000000 1358.545044
34707.750000 1112.448486 0.000000 1358.640991
34707.750000 1112.448486 0.000000 1358.753052
34707.750000 1112.448486 0.000000 1358.844971
34707.750000 1112.448486 0.000000 1358.939941
34707.750000 1112.448486 0.000000 1359.045044
34707.750000 1112.448486 0.000000 1359.151978
34707.750000 1112.448486 0.000000 1359.248047
34707.750000 1112.448486 0.000000 1359.343994
34707.750000 1112.448486 0.000000 1359.438965
34707.750000 1112.448486 0.000000 1359.543945
34707.750000 1112.448486 0.000000 1359.644043
34707.750000 1112.448486 0.000000 1359.744019
34707.750000 1112.448486 0.000000 1359.839966
34707.750000 1112.448486 0.000000 1359.938965
34707.750000 1112.448486 0.000000 1360.046997
34707.750000 1112.448486 0.000000 1360.144043
34707.750000 1112.448486 0.000000 1360.239014
34707.750000 1112.448486 0.000000 1360.348999
34707.750000 1112.448486 0.000000 1360.443970
34707.750000 1112.448486 0.000000 1360.541016
34707.750000 1112.448486 0.000000 1360.646973
34707.750000 1112.448486 0.000000 1360.744995
34707.750000 1112.448486 0.000000 1360.840942
34707.750000 1112.448486 0.000000 1360.949951
34707.750000 1112.448486 0.000000 1361.050049
34707.750000 1112.448486 0.000000 1361.239990
34707.750000 1112.448486 0.000000 1361.349976
34707.750000 1112.448486 0.000000 1361.439941
34707.750000 1112.448486 0.000000 1361.546021
34707.750000 1112.448486 0.000000 1361.655029
34707.750000 1112.448486 0.000000 1361.839966
34707.750000 1112.448486 0.000000 1361.941040
34707.750000 1112.448486 0.000000 1362.047974
34707.750000 1112.448486 0.000000 1362.147949
34709.375000 1112.448486 0.000000 1362.255981
34709.375000 1112.448486 0.000000 1362.350952
34709.375000 1112.448486 0.000000 1362.451050
34709.375000 1112.448486 0.000000 1362.545044
34709.375000 1112.448486 0.000000 1362.645020
34709.375000 1112.448486 0.000000 1362.745972
34709.375000 1112.448486 0.000000 1362.842041
34709.375000 1112.448486 0.000000 1362.941040
34709.375000 1112.448486 0.000000 1363.052002
34709.375000 1112.448486 0.000000 1363.150024
34709.375000 1112.448486 0.000000 1363.244995
34709.375000 1112.448486 0.000000 1363.344971
34709.375000 1112.448486 0.000000 1363.442993
34709.375000 1112.448486 0.000000 1363.556030
34709.375000 1112.448486 0.000000 1363.645020
34709.375000 1112.448486 0.000000 1363.755005
34709.375000 1112.448486 0.000000 1363.844971
34709.375000 1112.448486 0.000000 1363.944946
34709.375000 1112.448486 0.000000 1364.063965
34709.375000 1112.448486 0.000000 1364.254028
34709.375000 1112.448486 0.000000 1364.359009
34709.375000 1112.448486 0.000000 1364.453979
34709.375000 1112.448486 0.000000 1364.552979
34709.375000 1112.448486 0.000000 1364.656006
34709.375000 1112.448486 0.000000 1364.755981
34709.375000 1112.448486 0.000000 1364.852051
34709.375000 1112.448486 0.000000 1364.958984
34709.375000 1112.448486 0.000000 1365.055054
34709.375000 1112.448486 0.000000 1365.151978
34709.375000 1112.448486 0.000000 1365.261963
34709.375000 1112.448486 0.000000 1365.447998
34709.375000 1112.448486 0.000000 1365.569946
34709.375000 1112.448486 0.000000 1365.666016
34709.375000 1112.448486 0.000000 1365.745972
34709.375000 1112.448486 0.000000 1365.850952
34709.375000 1112.448486 0.000000 1365.961060
34709.375000 1112.448486 0.000000 1366.046021
34709.375000 1112.448486 0.000000 1366.156006
34709.375000 1112.448486 0.000000 1366.246948
34709.375000 1112.448486 0.000000 1366.345947
34709.500000 1112.448486 0.000000 1366.447021
34709.500000 1112.448486 0.000000 1366.546021
34709.500000 1112.448486 0.000000 1366.651001
34709.500000 1112.448486 0.000000 1366.748047
34709.500000 1112.448486 0.000000 1366.848022
34709.500000 1112.448486 0.000000 1366.958008
34709.500000 1112.448486 0.000000 1367.052979
34709.500000 1112.448486 0.000000 1367.142944
34709.500000 1112.448486 0.000000 1367.251953
34709.500000 1112.448486 0.000000 1367.347046
34709.500000 1112.448486 0.000000 1367.446045
34709.500000 1112.448486 0.000000 1367.546021
34709.500000 1112.448486 0.000000 1367.645996
34709.500000 1112.448486 0.000000 1367.745972
34709.500000 1112.448486 0.000000 1367.855957
34709.500000 1112.448486 0.000000 1367.956055
34709.500000 1112.448486 0.000000 1368.046021
34709.500000 1112.448486 0.000000 1368.166016
34709.500000 1112.448486 0.000000 1368.245972
34709.500000 1112.448486 0.000000 1368.352051
34709.500000 1112.448486 0.000000 1368.451050
34709.500000 1112.448486 0.000000 1368.546021
34709.500000 1112.448486 0.000000 1368.661011
34709.500000 1112.448486 0.000000 1368.758057
34709.500000 1112.448486 0.000000 1368.847046
34709.500000 1112.448486 0.000000 1368.947021
34709.500000 1112.448486 0.000000 1369.062012
34709.500000 1112.448486 0.000000 1369.146973
34709.500000 1112.448486 0.000000 1369.255981
34709.500000 1112.448486 0.000000 1369.355957
34709.500000 1112.448486 0.000000 1369.442017
34709.500000 1112.448486 0.000000 1369.546997
34709.500000 1112.448486 0.000000 1369.646973
34709.500000 1112.448486 0.000000 1369.745972
34709.500000 1112.448486 0.000000 1369.844971
34709.500000 1112.448486 0.000000 1369.949951
34709.500000 1112.448486 0.000000 1370.051025
34709.500000 1112.448486 0.000000 1370.150024
34709.500000 1112.448486 0.000000 1370.244995
34709.500000 1112.448486 0.000000 1370.344971
34709.500000 1112.448486 0.000000 1370.449951
34709.500000 1112.448486 0.000000 1370.550049
34709.500000 1112.448486 0.000000 1370.655029
34709.500000 1112.448486 0.000000 1370.755005
34709.500000 1112.448486 0.000000 1370.849976
34709.500000 1112.448486 0.000000 1370.949951
34709.500000 1112.448486 0.000000 1371.046021
34709.500000 1112.448486 0.000000 1371.145020
34709.500000 1112.448486 0.000000 1371.250977
34709.500000 1112.448486 0.000000 1371.359985
34709.500000 1112.448486 0.000000 1371.459961
34709.500000 1112.448486 0.000000 1371.564941
34709.500000 1112.448486 0.000000 1371.655029
34709.500000 1112.448486 0.000000 1371.750000
34709.500000 1112.448486 0.000000 1371.844971
34709.500000 1112.448486 0.000000 1371.949951
34709.500000 1112.448486 0.000000 1372.052979
34709.500000 1112.448486 0.000000 1372.147949
34709.500000 1112.448486 0.000000 1372.256958
34709.500000 1112.448486 0.000000 1372.352051
34709.500000 1112.448486 0.000000 1372.447998
34709.500000 1112.448486 0.000000 1372.542969
34709.500000 1112.448486 0.000000 1372.652954
34709.500000 1112.448486 0.000000 1372.753052
34709.500000 1112.448486 0.000000 1372.858032
34709.500000 1112.448486 0.000000 1372.954956
34709.500000 1112.448486 0.000000 1373.047974
34709.500000 1112.448486 0.000000 1373.152954
34709.500000 1112.448486 0.000000 1373.248047
34709.500000 1112.448486 0.000000 1373.348022
34709.500000 1112.448486 0.000000 1373.453979
34709.500000 1112.448486 0.000000 1373.542969
34709.500000 1112.448486 0.000000 1373.647949
34709.500000 1112.448486 0.000000 1373.745972
34709.500000 1112.448486 0.000000 1373.854004
34709.500000 1112.448486 0.000000 1373.958984
34709.500000 1112.448486 0.000000 1374.053955
34709.500000 1112.448486 0.000000 1374.145996
34709.500000 1112.448486 0.000000 1374.250977
34709.500000 1112.448486 0.000000 1374.345947
34709.500000 1112.448486 0.000000 1374.452026
34709.500000 1112.448486 0.000000 1374.553955
34709.500000 1112.448486 0.000000 1374.640991
34709.500000 1112.448486 0.000000 1374.745972
34709.500000 1112.448486 0.000000 1374.853027
34709.500000 1112.448486 0.000000 1374.958008
34709.500000 1112.448486 0.000000 1375.051025
34709.500000 1112.448486 0.000000 1375.156006
34709.500000 1112.448486 0.000000 1375.250977
34709.500000 1112.448486 0.000000 1375.369995
34709.500000 1112.448486 0.000000 1375.459961
34709.500000 1112.448486 0.000000 1375.561035
34709.500000 1112.448486 0.000000 1375.651001
34709.500000 1112.448486 0.000000 1375.743042
34709.500000 1112.448486 0.000000 1375.848022
34709.500000 1112.448486 0.000000 1375.952026
34709.500000 1112.448486 0.000000 1376.052979
34709.500000 1112.448486 0.000000 1376.150024
34709.500000 1112.448486 0.000000 1376.248047
34709.500000 1112.448486 0.000000 1376.343018
34709.500000 1112.448486 0.000000 1376.446045
34709.500000 1112.448486 0.000000 1376.543945
34709.500000 1112.448486 0.000000 1376.647949
34709.500000 1112.448486 0.000000 1376.748047
34709.500000 1112.448486 0.000000 1376.854004
34709.500000 1112.448486 0.000000 1376.943970
34709.500000 1112.448486 0.000000 1377.053955
34709.500000 1112.448486 0.000000 1377.149048
34709.500000 1112.448486 0.000000 1377.254028
34709.500000 1112.448486 0.000000 1377.348999
34709.500000 1112.448486 0.000000 1377.458008
34709.500000 1112.448486 0.000000 1377.548950
34709.500000 1112.448486 0.000000 1377.644043
34709.500000 1112.448486 0.000000 1377.749023
34709.500000 1112.448486 0.000000 1377.848999
34709.500000 1112.448486 0.000000 1377.943970
34709.500000 1112.448486 0.000000 1378.046021
34709.500000 1112.448486 0.000000 1378.163940
34709.500000 1112.448486 0.000000 1378.259033
34709.500000 1112.448486 0.000000 1378.354004
34709.500000 1112.448486 0.000000 1378.451050
34709.500000 1112.448486 0.000000 1378.548950
34709.500000 1112.448486 0.000000 1378.654053
34709.500000 1112.448486 0.000000 1378.749023
34709.500000 1112.448486 0.000000 1378.848999
34709.500000 1112.448486 0.000000 1378.969971
34709.500000 1112.448486 0.000000 1379.043945
34709.500000 1112.448486 0.000000 1379.149048
34709.500000 1112.448486 0.000000 1379.251953
34709.500000 1112.448486 0.000000 1379.357056
34709.500000 1112.448486 0.000000 1379.467041
34709.500000 1112.448486 0.000000 1379.553955
34709.500000 1112.448486 0.000000 1379.656982
34709.500000 1112.448486 0.000000 1379.755005
34709.500000 1112.448486 0.000000 1379.858032
34709.500000 1112.448486 0.000000 1379.957031
34709.500000 1112.448486 0.000000 1380.046997
34709.500000 1112.448486 0.000000 1380.152954
34709.500000 1112.448486 0.000000 1380.251953
34709.500000 1112.448486 0.000000 1380.354004
34709.500000 1112.448486 0.000000 1380.454956
34709.500000 1112.448486 0.000000 1380.560059
34709.500000 1112.448486 0.000000 1380.655029
34709.500000 1112.448486 0.000000 1380.760010
34709.500000 1112.448486 0.000000 1380.854980
34709.500000 1112.448486 0.000000 1380.954956
34709.500000 1112.448486 0.000000 1381.062988
34709.500000 1112.448486 0.000000 1381.147949
34709.500000 1112.448486 0.000000 1381.248047
34709.500000 1112.448486 0.000000 1381.348022
34709.500000 1112.448486 0.000000 1381.447998
34709.500000 1112.448486 0.000000 1381.552002
34709.500000 1112.448486 0.000000 1381.650024
34709.500000 1112.448486 0.000000 1381.748047
34709.500000 1112.448486 0.000000 1381.843994
34709.500000 1112.448486 0.000000 1381.947998
34709.500000 1112.448486 0.000000 1382.056030
34709.500000 1112.448486 0.000000 1382.145020
34709.500000 1112.448486 0.000000 1382.258057
34709.500000 1112.448486 0.000000 1382.348022
34709.500000 1112.448486 0.000000 1382.453003
34709.500000 1112.448486 0.000000 1382.553955
34709.500000 1112.448486 0.000000 1382.657959
34709.500000 1112.448486 0.000000 1382.753052
34709.500000 1112.448486 0.000000 1382.848022
34709.500000 1112.448486 0.000000 1382.947998
34709.500000 1112.448486 0.000000 1383.047974
34709.500000 1112.448486 0.000000 1383.147949
34709.500000 1112.448486 0.000000 1383.248047
34709.500000 1112.448486 0.000000 1383.348022
34709.500000 1112.448486 0.000000 1383.442993
34709.500000 1112.448486 0.000000 1383.547974
34709.500000 1112.448486 0.000000 1383.642944
34709.500000 1112.448486 0.000000 1383.749023
34709.500000 1112.448486 0.000000 1383.848022
34709.500000 1112.448486 0.000000 1383.947998
34709.500000 1112.448486 0.000000 1384.048950
34709.500000 1112.448486 0.000000 1384.152954
34709.500000 1112.448486 0.000000 1384.253052
34709.500000 1112.448486 0.000000 1384.348999
34709.500000 1112.448486 0.000000 1384.453003
34709.500000 1112.448486 0.000000 1384.557007
34709.500000 1112.448486 0.000000 1384.652954
34709.500000 1112.448486 0.000000 1384.753052
34709.500000 1112.448486 0.000000 1384.853027
34709.500000 1112.448486 0.000000 1384.953003
34709.500000 1112.448486 0.000000 1385.055054
34709.500000 1112.448486 0.000000 1385.156982
34709.500000 1112.448486 0.000000 1385.253052
34709.500000 1112.448486 0.000000 1385.348022
34709.500000 1112.448486 0.000000 1385.448975
34709.500000 1112.448486 0.000000 1385.548950
34709.500000 1112.448486 0.000000 1385.644043
34709.500000 1112.448486 0.000000 1385.756958
34709.500000 1112.448486 0.000000 1385.854980
34709.500000 1112.448486 0.000000 1385.948975
34709.500000 1112.448486 0.000000 1386.046997
34709.500000 1112.448486 0.000000 1386.145020
34709.500000 1112.448486 0.000000 1386.249023
34709.500000 1112.448486 0.000000 1386.349976
34709.500000 1112.448486 0.000000 1386.454956
34709.500000 1112.448486 0.000000 1386.562988
34709.500000 1112.448486 0.000000 1386.652954
34709.500000 1112.448486 0.000000 1386.762939
34709.500000 1112.448486 0.000000 1386.843994
34709.500000 1112.448486 0.000000 1386.948975
34709.500000 1112.448486 0.000000 1387.053955
34709.500000 1112.448486 0.000000 1387.151978
34709.500000 1112.448486 0.000000 1387.253052
34709.500000 1112.448486 0.000000 1387.358032
34709.500000 1112.448486 0.000000 1387.458008
34709.500000 1112.448486 0.000000 1387.548950
34709.500000 1112.448486 0.000000 1387.644043
34709.500000 1112.448486 0.000000 1387.760010
34709.500000 1112.448486 0.000000 1387.845947
34709.500000 1112.448486 0.000000 1387.946045
34709.500000 1112.448486 0.000000 1388.051025
34709.500000 1112.448486 0.000000 1388.151001
34709.500000 1112.448486 0.000000 1388.250977
34709.500000 1112.448486 0.000000 1388.355957
34709.500000 1112.448486 0.000000 1388.451050
34709.500000 1112.448486 0.000000 1388.546021
34709.500000 1112.448486 0.000000 1388.651001
34709.500000 1112.448486 0.000000 1388.750977
34709.500000 1112.448486 0.000000 1388.854980
34709.500000 1112.448486 0.000000 1388.947021
34709.500000 1112.448486 0.000000 1389.046021
34709.500000 1112.448486 0.000000 1389.145996
34709.500000 1112.448486 0.000000 1389.245972
34709.500000 1112.448486 0.000000 1389.347046
34709.500000 1112.448486 0.000000 1389.447998
34709.500000 1112.448486 0.000000 1389.551025
34709.500000 1112.448486 0.000000 1389.647949
34709.500000 1112.448486 0.000000 1389.750977
34709.500000 1112.448486 0.000000 1389.850952
34709.500000 1112.448486 0.000000 1389.951050
34709.500000 1112.448486 0.000000 1390.047974
34709.500000 1112.448486 0.000000 1390.156982
34709.500000 1112.448486 0.000000 1390.259033
34709.500000 1112.448486 0.000000 1390.354980
34709.500000 1112.448486 0.000000 1390.448975
34709.500000 1112.448486 0.000000 1390.552979
34709.500000 1112.448486 0.000000 1390.651978
34709.500000 1112.448486 0.000000 1390.761963
34709.500000 1112.448486 0.000000 1390.847046
34709.500000 1112.448486 0.000000 1390.957031
34709.500000 1112.448486 0.000000 1391.062012
34709.500000 1112.448486 0.000000 1391.156982
34709.500000 1112.448486 0.000000 1391.261963
34709.500000 1112.448486 0.000000 1391.357056
34709.500000 1112.448486 0.000000 1391.458984
34709.500000 1112.448486 0.000000 1391.563965
34709.500000 1112.448486 0.000000 1391.646973
34709.500000 1112.448486 0.000000 1391.751953
34709.500000 1112.448486 0.000000 1391.853027
34709.500000 1112.448486 0.000000 1391.958008
34709.500000 1112.448486 0.000000 1392.052002
34709.500000 1112.448486 0.000000 1392.146973
34709.500000 1112.448486 0.000000 1392.251953
34709.500000 1112.448486 0.000000 1392.352051
34709.500000 1112.448486 0.000000 1392.458008
34709.500000 1112.448486 0.000000 1392.548950
34709.500000 1112.448486 0.000000 1392.654053
34709.500000 1112.448486 0.000000 1392.754028
34709.500000 1112.448486 0.000000 1392.847046
34709.500000 1112.448486 0.000000 1392.957031
34709.500000 1112.448486 0.000000 1393.062012
34709.500000 1112.448486 0.000000 1393.154053
34709.500000 1112.448486 0.000000 1393.249023
34709.500000 1112.448486 0.000000 1393.353027
34709.500000 1112.448486 0.000000 1393.453979
34709.500000 1112.448486 0.000000 1393.560059
34709.500000 1112.448486 0.000000 1393.655029
34709.500000 1112.448486 0.000000 1393.760010
34709.500000 1112.448486 0.000000 1393.854980
34709.500000 1112.448486 0.000000 1393.947998
34709.500000 1112.448486 0.000000 1394.046997
34709.500000 1112.448486 0.000000 1394.154053
34709.500000 1112.448486 0.000000 1394.253052
34709.500000 1112.448486 0.000000 1394.347046
34709.500000 1112.448486 0.000000 1394.447021
34709.500000 1112.448486 0.000000 1394.546997
34709.500000 1112.448486 0.000000 1394.661011
34709.500000 1112.448486 0.000000 1394.756958
34709.500000 1112.448486 0.000000 1394.858032
34709.500000 1112.448486 0.000000 1394.957031
34709.500000 1112.448486 0.000000 1395.057007
34709.500000 1112.448486 0.000000 1395.160034
34709.625000 1112.448486 0.000000 1395.260010
34709.625000 1112.448486 0.000000 1395.352051
34709.625000 1112.448486 0.000000 1395.465942
34709.625000 1112.448486 0.000000 1395.557007
34709.625000 1112.448486 0.000000 1395.676025
34709.625000 1112.448486 0.000000 1395.776001
34709.625000 1112.448486 0.000000 1395.875977
34709.625000 1112.448486 0.000000 1395.968018
34709.625000 1112.448486 0.000000 1396.062012
34709.625000 1112.448486 0.000000 1396.166992
34709.625000 1112.448486 0.000000 1396.261963
34709.625000 1112.448486 0.000000 1396.371948
34709.625000 1112.448486 0.000000 1396.467041
34709.625000 1112.448486 0.000000 1396.572021
34709.625000 1112.448486 0.000000 1396.666992
34709.625000 1112.448486 0.000000 1396.767944
34709.625000 1112.448486 0.000000 1396.878052
34709.625000 1112.448486 0.000000 1396.973022
34709.625000 1112.448486 0.000000 1397.077026
34709.625000 1112.448486 0.000000 1397.180054
34709.625000 1112.448486 0.000000 1397.270020
34709.625000 1112.448486 0.000000 1397.364990
34709.750000 1112.448486 0.000000 1397.470947
34709.750000 1112.448486 0.000000 1397.564941
34709.750000 1112.448486 0.000000 1397.682983
34709.750000 1112.448486 0.000000 1397.770020
34709.750000 1112.448486 0.000000 1397.875000
34709.750000 1112.448486 0.000000 1397.973022
34709.750000 1112.448486 0.000000 1398.078003
34709.750000 1112.448486 0.000000 1398.166016
34709.750000 1112.448486 0.000000 1398.275024
34709.750000 1112.448486 0.000000 1398.375977
34709.750000 1112.448486 0.000000 1398.480957
34709.750000 1112.448486 0.000000 1398.581055
34709.750000 1112.448486 0.000000 1398.686035
34709.750000 1112.448486 0.000000 1398.782959
34709.750000 1112.448486 0.000000 1398.883057
34709.750000 1112.448486 0.000000 1398.978027
34709.750000 1112.448486 0.000000 1399.078003
34709.750000 1112.448486 0.000000 1399.182983
34709.750000 1112.448486 0.000000 1399.269043
34709.750000 1112.448486 0.000000 1399.379028
34709.750000 1112.448486 0.000000 1399.479004
34709.750000 1112.448486 0.000000 1399.583984
34709.750000 1112.448486 0.000000 1399.671997
34709.750000 1112.448486 0.000000 1399.784058
34709.750000 1112.448486 0.000000 1399.879028
34709.750000 1112.448486 0.000000 1399.975952
34709.750000 1112.448486 0.000000 1400.066040
34709.750000 1112.448486 0.000000 1400.176025
34709.750000 1112.448486 0.000000 1400.270996
34709.750000 1112.448486 0.000000 1400.370972
34709.750000 1112.448486 0.000000 1400.470947
34709.750000 1112.448486 0.000000 1400.581055
34709.750000 1112.448486 0.000000 1400.671021
34709.750000 1112.448486 0.000000 1400.776001
34709.750000 1112.448486 0.000000 1400.873047
34709.750000 1112.448486 0.000000 1400.975952
34709.750000 1112.448486 0.000000 1401.071045
34709.750000 1112.448486 0.000000 1401.166016
34709.750000 1112.448486 0.000000 1401.265991
34709.750000 1112.448486 0.000000 1401.370972
34709.750000 1112.448486 0.000000 1401.465942
34709.750000 1112.448486 0.000000 1401.571045
34709.750000 1112.448486 0.000000 1401.666016
34709.750000 1112.448486 0.000000 1401.765991
34709.750000 1112.448486 0.000000 1401.875977
34709.750000 1112.448486 0.000000 1401.974976
34709.750000 1112.448486 0.000000 1402.074951
34709.750000 1112.448486 0.000000 1402.176025
34709.750000 1112.448486 0.000000 1402.271973
34709.750000 1112.448486 0.000000 1402.370972
34709.750000 1112.448486 0.000000 1402.470947
34709.750000 1112.448486 0.000000 1402.567993
34709.750000 1112.448486 0.000000 1402.676025
34709.750000 1112.448486 0.000000 1402.770020
34709.750000 1112.448486 0.000000 1402.874023
34709.750000 1112.448486 0.000000 1402.974976
34709.750000 1112.448486 0.000000 1403.072021
34709.750000 1112.448486 0.000000 1403.173950
34709.750000 1112.448486 0.000000 1403.279053
34709.750000 1112.448486 0.000000 1403.369995
34709.750000 1112.448486 0.000000 1403.469971
34709.750000 1112.448486 0.000000 1403.573975
34709.750000 1112.448486 0.000000 1403.668945
34709.750000 1112.448486 0.000000 1403.775024
34709.750000 1112.448486 0.000000 1403.874023
34709.750000 1112.448486 0.000000 1403.972046
34709.750000 1112.448486 0.000000 1404.068970
34709.750000 1112.448486 0.000000 1404.178955
34709.750000 1112.448486 0.000000 1404.269043
34709.750000 1112.448486 0.000000 1404.375000
34709.750000 1112.448486 0.000000 1404.480957
34709.750000 1112.448486 0.000000 1404.571045
34709.750000 1112.448486 0.000000 1404.676025
34709.750000 1112.448486 0.000000 1404.776001
34709.750000 1112.448486 0.000000 1404.873047
34709.750000 1112.448486 0.000000 1404.970947
34709.750000 1112.448486 0.000000 1405.071045
34709.750000 1112.448486 0.000000 1405.177002
34709.750000 1112.448486 0.000000 1405.272949
34709.750000 1112.448486 0.000000 1405.366943
34709.750000 1112.448486 0.000000 1405.473022
34709.750000 1112.448486 0.000000 1405.567017
34709.750000 1112.448486 0.000000 1405.666992
34709.750000 1112.448486 0.000000 1405.767944
34709.750000 1112.448486 0.000000 1405.871948
34709.750000 1112.448486 0.000000 1405.974976
34709.750000 1112.448486 0.000000 1406.069946
34709.750000 1112.448486 0.000000 1406.171021
34709.750000 1112.448486 0.000000 1406.277954
34709.750000 1112.448486 0.000000 1406.369995
34709.750000 1112.448486 0.000000 1406.465942
34709.750000 1112.448486 0.000000 1406.564941
34709.750000 1112.448486 0.000000 1406.675049
34709.750000 1112.448486 0.000000 1406.776001
34709.750000 1112.448486 0.000000 1406.869995
34709.750000 1112.448486 0.000000 1406.967041
34709.750000 1112.448486 0.000000 1407.072021
34709.750000 1112.448486 0.000000 1407.171997
34709.750000 1112.448486 0.000000 1407.271973
34709.750000 1112.448486 0.000000 1407.371948
34709.750000 1112.448486 0.000000 1407.478027
34709.750000 1112.448486 0.000000 1407.581055
34709.750000 1112.448486 0.000000 1407.681030
34709.750000 1112.448486 0.000000 1407.772949
34709.750000 1112.448486 0.000000 1407.879028
34709.750000 1112.448486 0.000000 1407.978027
34709.750000 1112.448486 0.000000 1408.078003
34709.750000 1112.448486 0.000000 1408.182983
34709.750000 1112.448486 0.000000 1408.277954
34709.750000 1112.448486 0.000000 1408.375977
34709.750000 1112.448486 0.000000 1408.485962
34709.750000 1112.448486 0.000000 1408.572998
34709.750000 1112.448486 0.000000 1408.672974
34709.750000 1112.448486 0.000000 1408.777954
34709.750000 1112.448486 0.000000 1408.868042
34709.750000 1112.448486 0.000000 1408.973022
34709.750000 1112.448486 0.000000 1409.073975
34709.750000 1112.448486 0.000000 1409.177979
34709.750000 1112.448486 0.000000 1409.272949
34709.750000 1112.448486 0.000000 1409.373047
34709.750000 1112.448486 0.000000 1409.473022
34709.750000 1112.448486 0.000000 1409.573975
34709.750000 1112.448486 0.000000 1409.672974
34709.750000 1112.448486 0.000000 1409.767944
34709.750000 1112.448486 0.000000 1409.868042
34709.750000 1112.448486 0.000000 1409.970947
34709.750000 1112.448486 0.000000 1410.074951
34709.750000 1112.448486 0.000000 1410.177002
34709.750000 1112.448486 0.000000 1410.276978
34709.750000 1112.448486 0.000000 1410.375000
34709.750000 1112.448486 0.000000 1410.469971
34709.750000 1112.448486 0.000000 1410.574951
34709.750000 1112.448486 0.000000 1410.671021
34709.750000 1112.448486 0.000000 1410.774048
34709.750000 1112.448486 0.000000 1410.869019
34709.750000 1112.448486 0.000000 1410.973999
34709.750000 1112.448486 0.000000 1411.073975
34709.750000 1112.448486 0.000000 1411.176025
34709.750000 1112.448486 0.000000 1411.270996
34709.750000 1112.448486 0.000000 1411.370972
34709.750000 1112.448486 0.000000 1411.470947
34709.750000 1112.448486 0.000000 1411.568970
34709.750000 1112.448486 0.000000 1411.668945
34709.750000 1112.448486 0.000000 1411.774048
34709.750000 1112.448486 0.000000 1411.873047
34709.750000 1112.448486 0.000000 1411.972046
34709.750000 1112.448486 0.000000 1412.071045
34709.750000 1112.448486 0.000000 1412.166992
34709.750000 1112.448486 0.000000 1412.270996
34709.750000 1112.448486 0.000000 1412.371948
34709.750000 1112.448486 0.000000 1412.467041
34709.750000 1112.448486 0.000000 1412.577026
34709.750000 1112.448486 0.000000 1412.677002
34709.750000 1112.448486 0.000000 1412.771973
34709.750000 1112.448486 0.000000 1412.869019
34709.750000 1112.448486 0.000000 1412.972046
34709.750000 1112.448486 0.000000 1413.067017
34709.750000 1112.448486 0.000000 1413.170044
34709.750000 1112.448486 0.000000 1413.277954
34709.750000 1112.448486 0.000000 1413.387939
34709.750000 1112.448486 0.000000 1413.474976
34709.750000 1112.448486 0.000000 1413.579956
34709.750000 1112.448486 0.000000 1413.675049
34709.750000 1112.448486 0.000000 1413.780029
34709.750000 1112.448486 0.000000 1413.883057
34709.750000 1112.448486 0.000000 1413.980957
34709.750000 1112.448486 0.000000 1414.074951
34709.750000 1112.448486 0.000000 1414.175049
34709.750000 1112.448486 0.000000 1414.280029
34709.750000 1112.448486 0.000000 1414.380981
34709.750000 1112.448486 0.000000 1414.489990
34709.750000 1112.448486 0.000000 1414.588989
34709.750000 1112.448486 0.000000 1414.697998
34709.750000 1112.448486 0.000000 1414.772949
34709.750000 1112.448486 0.000000 1414.874023
34709.750000 1112.448486 0.000000 1414.984009
34709.750000 1112.448486 0.000000 1415.084961
34709.750000 1112.448486 0.000000 1415.187012
34709.750000 1112.448486 0.000000 1415.281982
34709.750000 1112.448486 0.000000 1415.381958
34709.750000 1112.448486 0.000000 1415.479980
34709.750000 1112.448486 0.000000 1415.572998
34709.750000 1112.448486 0.000000 1415.677979
34709.750000 1112.448486 0.000000 1415.782959
34709.750000 1112.448486 0.000000 1415.883057
34709.750000 1112.448486 0.000000 1415.984009
34709.750000 1112.448486 0.000000 1416.072998
34709.750000 1112.448486 0.000000 1416.172974
34709.750000 1112.448486 0.000000 1416.282959
34709.750000 1112.448486 0.000000 1416.378052
34709.750000 1112.448486 0.000000 1416.483032
34709.750000 1112.448486 0.000000 1416.578003
34709.750000 1112.448486 0.000000 1416.685059
34709.750000 1112.448486 0.000000 1416.786987
34709.750000 1112.448486 0.000000 1416.873047
34709.750000 1112.448486 0.000000 1416.979004
34709.750000 1112.448486 0.000000 1417.072998
34709.750000 1112.448486 0.000000 1417.172974
34709.750000 1112.448486 0.000000 1417.281006
34709.750000 1112.448486 0.000000 1417.383057
34709.750000 1112.448486 0.000000 1417.473022
34709.750000 1112.448486 0.000000 1417.574951
34709.750000 1112.448486 0.000000 1417.672974
34709.750000 1112.448486 0.000000 1417.777954
34709.750000 1112.448486 0.000000 1417.873047
34709.750000 1112.448486 0.000000 1417.973022
34709.750000 1112.448486 0.000000 1418.072998
34709.750000 1112.448486 0.000000 1418.178955
34709.750000 1112.448486 0.000000 1418.272949
34709.750000 1112.448486 0.000000 1418.378052
34709.750000 1112.448486 0.000000 1418.478027
34709.750000 1112.448486 0.000000 1418.584961
34709.750000 1112.448486 0.000000 1418.677979
34709.750000 1112.448486 0.000000 1418.777954
34709.750000 1112.448486 0.000000 1418.873047
34709.750000 1112.448486 0.000000 1418.980957
34709.750000 1112.448486 0.000000 1419.078979
34709.750000 1112.448486 0.000000 1419.182983
34709.750000 1112.448486 0.000000 1419.274048
34709.750000 1112.448486 0.000000 1419.378052
34709.750000 1112.448486 0.000000 1419.473022
34709.750000 1112.448486 0.000000 1419.577026
34709.750000 1112.448486 0.000000 1419.678955
34709.750000 1112.448486 0.000000 1419.780029
34709.750000 1112.448486 0.000000 1419.878052
34709.750000 1112.448486 0.000000 1419.977051
34709.750000 1112.448486 0.000000 1420.086060
34709.750000 1112.448486 0.000000 1420.181030
34709.750000 1112.448486 0.000000 1420.286987
34709.750000 1112.448486 0.000000 1420.373047
34709.750000 1112.448486 0.000000 1420.477051
34709.750000 1112.448486 0.000000 1420.572021
34709.750000 1112.448486 0.000000 1420.672974
34709.750000 1112.448486 0.000000 1420.777954
34709.750000 1112.448486 0.000000 1420.871948
34709.750000 1112.448486 0.000000 1420.978027
34709.750000 1112.448486 0.000000 1421.074951
34709.750000 1112.448486 0.000000 1421.189941
34709.750000 1112.448486 0.000000 1421.280029
34709.750000 1112.448486 0.000000 1421.385986
34709.750000 1112.448486 0.000000 1421.485962
34709.750000 1112.448486 0.000000 1421.579956
34709.750000 1112.448486 0.000000 1421.685059
34709.750000 1112.448486 0.000000 1421.781006
34709.750000 1112.448486 0.000000 1421.881958
34709.750000 1112.448486 0.000000 1421.972046
34709.750000 1112.448486 0.000000 1422.077026
34709.750000 1112.448486 0.000000 1422.172974
34709.750000 1112.448486 0.000000 1422.272949
34709.750000 1112.448486 0.000000 1422.376953
34709.750000 1112.448486 0.000000 1422.478027
34709.750000 1112.448486 0.000000 1422.578003
34709.750000 1112.448486 0.000000 1422.682007
34709.750000 1112.448486 0.000000 1422.772949
34709.750000 1112.448486 0.000000 1422.879028
34709.750000 1112.448486 0.000000 1422.979980
34709.750000 1112.448486 0.000000 1423.078979
34709.750000 1112.448486 0.000000 1423.173950
34709.750000 1112.448486 0.000000 1423.275024
34709.750000 1112.448486 0.000000 1423.374023
34709.750000 1112.448486 0.000000 1423.479004
34709.750000 1112.448486 0.000000 1423.579956
34709.750000 1112.448486 0.000000 1423.673950
34709.750000 1112.448486 0.000000 1423.780029
34709.750000 1112.448486 0.000000 1423.874023
34709.750000 1112.448486 0.000000 1423.984009
34709.750000 1112.448486 0.000000 1424.089966
34709.750000 1112.448486 0.000000 1424.180054
34709.750000 1112.448486 0.000000 1424.284058
34709.750000 1112.448486 0.000000 1424.390015
34709.750000 1112.448486 0.000000 1424.484985
34709.750000 1112.448486 0.000000 1424.583008
34709.750000 1112.448486 0.000000 1424.682007
34709.750000 1112.448486 0.000000 1424.786987
34709.750000 1112.448486 0.000000 1424.891968
34709.750000 1112.448486 0.000000 1424.982056
34709.750000 1112.448486 0.000000 1425.082031
34709.750000 1112.448486 0.000000 1425.175049
34709.750000 1112.448486 0.000000 1425.280029
34709.750000 1112.448486 0.000000 1425.385010
34709.750000 1112.448486 0.000000 1425.479980
34709.750000 1112.448486 0.000000 1425.588013
34709.750000 1112.448486 0.000000 1425.681030
34709.750000 1112.448486 0.000000 1425.780029
34709.750000 1112.448486 0.000000 1425.880005
34709.750000 1112.448486 0.000000 1425.979980
34709.750000 1112.448486 0.000000 1426.079956
34709.750000 1112.448486 0.000000 1426.180054
34709.750000 1112.448486 0.000000 1426.296997
34709.750000 1112.448486 0.000000 1426.385010
34709.750000 1112.448486 0.000000 1426.484985
34709.750000 1112.448486 0.000000 1426.586060
34709.750000 1112.448486 0.000000 1426.680054
34709.750000 1112.448486 0.000000 1426.780029
34709.750000 1112.448486 0.000000 1426.885010
34709.750000 1112.448486 0.000000 1426.991943
34709.750000 1112.448486 0.000000 1427.084961
34709.750000 1112.448486 0.000000 1427.185059
34709.750000 1112.448486 0.000000 1427.291016
34709.750000 1112.448486 0.000000 1427.386963
34709.750000 1112.448486 0.000000 1427.484985
34709.750000 1112.448486 0.000000 1427.589966
34709.750000 1112.448486 0.000000 1427.682007
34709.750000 1112.448486 0.000000 1427.795044
34709.750000 1112.448486 0.000000 1427.891968
34709.750000 1112.448486 0.000000 1427.989990
34709.750000 1112.448486 0.000000 1428.084961
34709.750000 1112.448486 0.000000 1428.185059
34710.000000 1112.448486 0.000000 1428.300049
34710.000000 1112.448486 0.000000 1428.385010
34710.000000 1112.448486 0.000000 1428.479980
34710.000000 1112.448486 0.000000 1428.579956
34710.000000 1112.448486 0.000000 1428.685059
34710.000000 1112.448486 0.000000 1428.780029
34710.000000 1112.448486 0.000000 1428.883057
34710.000000 1112.448486 0.000000 1428.989990
34710.000000 1112.448486 0.000000 1429.081055
34710.000000 1112.448486 0.000000 1429.185059
34710.000000 1112.448486 0.000000 1429.280029
34710.000000 1112.448486 0.000000 1429.386963
34710.000000 1112.448486 0.000000 1429.487061
34710.000000 1112.448486 0.000000 1429.592041
34710.000000 1112.448486 0.000000 1429.693970
34710.000000 1112.448486 0.000000 1429.785034
34710.000000 1112.448486 0.000000 1429.890991
34710.000000 1112.448486 0.000000 1429.990967
34710.000000 1112.448486 0.000000 1430.090942
34710.000000 1112.448486 0.000000 1430.186035
34710.000000 1112.448486 0.000000 1430.292969
34710.000000 1112.448486 0.000000 1430.383057
34710.000000 1112.448486 0.000000 1430.491943
34710.000000 1112.448486 0.000000 1430.588013
34710.000000 1112.448486 0.000000 1430.686035
34710.000000 1112.448486 0.000000 1430.782959
34710.000000 1112.448486 0.000000 1430.883057
34710.000000 1112.448486 0.000000 1430.983032
34710.000000 1112.448486 0.000000 1431.083008
34710.000000 1112.448486 0.000000 1431.182983
34710.000000 1112.448486 0.000000 1431.287964
34710.000000 1112.448486 0.000000 1431.383057
34710.000000 1112.448486 0.000000 1431.496948
34710.000000 1112.448486 0.000000 1431.589966
34710.000000 1112.448486 0.000000 1431.689941
34710.000000 1112.448486 0.000000 1431.793945
34710.000000 1112.448486 0.000000 1431.881958
34710.000000 1112.448486 0.000000 1431.977051
34710.000000 1112.448486 0.000000 1432.103027
34710.000000 1112.448486 0.000000 1432.187012
34710.000000 1112.448486 0.000000 1432.286987
34710.000000 1112.448486 0.000000 1432.392944
34710.000000 1112.448486 0.000000 1432.487061
34710.000000 1112.448486 0.000000 1432.592041
34710.000000 1112.448486 0.000000 1432.692017
34710.000000 1112.448486 0.000000 1432.784058
34710.000000 1112.448486 0.000000 1432.894043
34710.000000 1112.448486 0.000000 1432.989014
34710.000000 1112.448486 0.000000 1433.078979
34710.000000 1112.448486 0.000000 1433.192993
34710.000000 1112.448486 0.000000 1433.292969
34710.000000 1112.448486 0.000000 1433.390015
34710.000000 1112.448486 0.000000 1433.498047
34710.000000 1112.448486 0.000000 1433.578979
34710.000000 1112.448486 0.000000 1433.688965
34710.000000 1112.448486 0.000000 1433.785034
34710.000000 1112.448486 0.000000 1433.895996
34710.000000 1112.448486 0.000000 1433.982056
34710.000000 1112.448486 0.000000 1434.083984
34710.000000 1112.448486 0.000000 1434.187988
34710.000000 1112.448486 0.000000 1434.287964
34710.000000 1112.448486 0.000000 1434.378052
34710.000000 1112.448486 0.000000 1434.483032
34710.000000 1112.448486 0.000000 1434.592041
34710.000000 1112.448486 0.000000 1434.685059
34710.000000 1112.448486 0.000000 1434.779053
34710.000000 1112.448486 0.000000 1434.892944
34710.000000 1112.448486 0.000000 1434.979980
34710.000000 1112.448486 0.000000 1435.079956
34710.000000 1112.448486 0.000000 1435.186035
34710.000000 1112.448486 0.000000 1435.281006
34710.000000 1112.448486 0.000000 1435.385010
34710.000000 1112.448486 0.000000 1435.479980
34710.000000 1112.448486 0.000000 1435.605957
34710.000000 1112.448486 0.000000 1435.682983
34710.000000 1112.448486 0.000000 1435.790039
34710.000000 1112.448486 0.000000 1435.880005
34710.000000 1112.448486 0.000000 1435.984985
34710.000000 1112.448486 0.000000 1436.084961
34710.000000 1112.448486 0.000000 1436.192993
34710.000000 1112.448486 0.000000 1436.287964
34710.000000 1112.448486 0.000000 1436.405029
34710.000000 1112.448486 0.000000 1436.489990
34710.000000 1112.448486 0.000000 1436.584961
34710.000000 1112.448486 0.000000 1436.680054
34710.000000 1112.448486 0.000000 1436.785034
34710.000000 1112.448486 0.000000 1436.885010
34710.000000 1112.448486 0.000000 1436.984985
34710.000000 1112.448486 0.000000 1437.084961
34710.000000 1112.448486 0.000000 1437.181030
34710.000000 1112.448486 0.000000 1437.296021
34710.000000 1112.448486 0.000000 1437.395020
34710.000000 1112.448486 0.000000 1437.494995
34710.000000 1112.448486 0.000000 1437.589966
34710.000000 1112.448486 0.000000 1437.699951
34710.000000 1112.448486 0.000000 1437.800049
34710.000000 1112.448486 0.000000 1437.895020
34710.125000 1112.448486 0.000000 1437.994995
34710.125000 1112.448486 0.000000 1438.089966
34710.125000 1112.448486 0.000000 1438.194946
34710.125000 1112.448486 0.000000 1438.290039
34710.125000 1112.448486 0.000000 1438.390015
34710.125000 1112.448486 0.000000 1438.500000
34710.125000 1112.448486 0.000000 1438.594971
34710.125000 1112.448486 0.000000 1438.704956
34710.125000 1112.448486 0.000000 1438.790039
34710.125000 1112.448486 0.000000 1438.889038
34710.125000 1112.448486 0.000000 1438.985962
34710.125000 1112.448486 0.000000 1439.079956
34710.125000 1112.448486 0.000000 1439.182007
34710.125000 1112.448486 0.000000 1439.284058
34710.125000 1112.448486 0.000000 1439.390015
34710.125000 1112.448486 0.000000 1439.484009
34710.125000 1112.448486 0.000000 1439.590942
34710.125000 1112.448486 0.000000 1439.697998
34710.125000 1112.448486 0.000000 1439.792969
34710.125000 1112.448486 0.000000 1439.883057
34710.125000 1112.448486 0.000000 1439.984009
34710.125000 1112.448486 0.000000 1440.086060
34710.125000 1112.448486 0.000000 1440.182007
34710.125000 1112.448486 0.000000 1440.279053
34710.125000 1112.448486 0.000000 1440.379028
34710.125000 1112.448486 0.000000 1440.490967
34710.125000 1112.448486 0.000000 1440.604980
34710.125000 1112.448486 0.000000 1440.681030
34710.125000 1112.448486 0.000000 1440.781006
34710.125000 1112.448486 0.000000 1440.890991
34710.125000 1112.448486 0.000000 1440.989990
34710.125000 1112.448486 0.000000 1441.086060
34710.125000 1112.448486 0.000000 1441.194946
34710.125000 1112.448486 0.000000 1441.280029
34710.125000 1112.448486 0.000000 1441.392944
34710.125000 1112.448486 0.000000 1441.498047
34710.125000 1112.448486 0.000000 1441.579956
34710.125000 1112.448486 0.000000 1441.680054
34710.125000 1112.448486 0.000000 1441.785034
34710.125000 1112.448486 0.000000 1441.890015
34710.125000 1112.448486 0.000000 1441.984985
34710.125000 1112.448486 0.000000 1442.084961
34710.125000 1112.448486 0.000000 1442.192993
34710.125000 1112.448486 0.000000 1442.287964
34710.125000 1112.448486 0.000000 1442.387939
34710.125000 1112.448486 0.000000 1442.488037
34710.125000 1112.448486 0.000000 1442.588013
34710.125000 1112.448486 0.000000 1442.680054
34710.125000 1112.448486 0.000000 1442.786011
34710.125000 1112.448486 0.000000 1442.887939
34710.125000 1112.448486 0.000000 1442.983032
34710.125000 1112.448486 0.000000 1443.083984
34710.125000 1112.448486 0.000000 1443.183960
34710.125000 1112.448486 0.000000 1443.279053
34710.125000 1112.448486 0.000000 1443.385986
34710.125000 1112.448486 0.000000 1443.479980
34710.125000 1112.448486 0.000000 1443.578979
34710.125000 1112.448486 0.000000 1443.683960
34710.125000 1112.448486 0.000000 1443.792969
34710.125000 1112.448486 0.000000 1443.889038
34710.125000 1112.448486 0.000000 1443.984009
34710.125000 1112.448486 0.000000 1444.081055
34710.125000 1112.448486 0.000000 1444.188965
34710.125000 1112.448486 0.000000 1444.290039
34710.125000 1112.448486 0.000000 1444.385010
34710.125000 1112.448486 0.000000 1444.484985
34710.125000 1112.448486 0.000000 1444.588013
34710.125000 1112.448486 0.000000 1444.689941
34710.125000 1112.448486 0.000000 1444.781006
34710.125000 1112.448486 0.000000 1444.889038
34710.125000 1112.448486 0.000000 1444.989014
34710.125000 1112.448486 0.000000 1445.088989
34710.125000 1112.448486 0.000000 1445.178955
34710.125000 1112.448486 0.000000 1445.288940
34710.125000 1112.448486 0.000000 1445.384033
34710.125000 1112.448486 0.000000 1445.484009
34710.125000 1112.448486 0.000000 1445.589966
34710.125000 1112.448486 0.000000 1445.683960
34710.125000 1112.448486 0.000000 1445.793945
34710.125000 1112.448486 0.000000 1445.899048
34710.125000 1112.448486 0.000000 1445.985962
34710.125000 1112.448486 0.000000 1446.078979
34710.125000 1112.448486 0.000000 1446.187988
34710.125000 1112.448486 0.000000 1446.282959
34710.125000 1112.448486 0.000000 1446.386963
34710.125000 1112.448486 0.000000 1446.482056
34710.125000 1112.448486 0.000000 1446.587036
34710.125000 1112.448486 0.000000 1446.682983
34710.125000 1112.448486 0.000000 1446.786987
34710.125000 1112.448486 0.000000 1446.890991
34710.125000 1112.448486 0.000000 1446.988037
34710.125000 1112.448486 0.000000 1447.081055
34710.125000 1112.448486 0.000000 1447.194946
34710.125000 1112.448486 0.000000 1447.286011
34710.125000 1112.448486 0.000000 1447.385010
34710.125000 1112.448486 0.000000 1447.479980
34710.125000 1112.448486 0.000000 1447.584961
34710.125000 1112.448486 0.000000 1447.680054
34710.125000 1112.448486 0.000000 1447.790039
34710.125000 1112.448486 0.000000 1447.889038
34710.125000 1112.448486 0.000000 1447.983032
34710.125000 1112.448486 0.000000 1448.089966
34710.125000 1112.448486 0.000000 1448.194946
34710.125000 1112.448486 0.000000 1448.295044
34710.125000 1112.448486 0.000000 1448.390015
34710.125000 1112.448486 0.000000 1448.479980
34710.125000 1112.448486 0.000000 1448.588013
34710.125000 1112.448486 0.000000 1448.687012
34710.125000 1112.448486 0.000000 1448.787964
34710.125000 1112.448486 0.000000 1448.891968
34710.125000 1112.448486 0.000000 1449.006958
34710.125000 1112.448486 0.000000 1449.082031
34710.125000 1112.448486 0.000000 1449.187988
34710.125000 1112.448486 0.000000 1449.288940
34710.125000 1112.448486 0.000000 1449.381958
34710.125000 1112.448486 0.000000 1449.487061
34710.125000 1112.448486 0.000000 1449.582031
34710.125000 1112.448486 0.000000 1449.697021
34710.125000 1112.448486 0.000000 1449.807007
34710.125000 1112.448486 0.000000 1449.891968
34710.125000 1112.448486 0.000000 1449.991943
34710.125000 1112.448486 0.000000 1450.097046
34710.125000 1112.448486 0.000000 1450.193970
34710.125000 1112.448486 0.000000 1450.290039
34710.125000 1112.448486 0.000000 1450.386963
34710.125000 1112.448486 0.000000 1450.482056
34710.125000 1112.448486 0.000000 1450.594971
34710.125000 1112.448486 0.000000 1450.693970
34710.125000 1112.448486 0.000000 1450.791992
34710.125000 1112.448486 0.000000 1450.895020
34710.125000 1112.448486 0.000000 1450.989990
34710.125000 1112.448486 0.000000 1451.092041
34710.125000 1112.448486 0.000000 1451.187012
34710.125000 1112.448486 0.000000 1451.290039
34710.125000 1112.448486 0.000000 1451.380005
34710.125000 1112.448486 0.000000 1451.490967
34710.125000 1112.448486 0.000000 1451.590942
34710.125000 1112.448486 0.000000 1451.694946
34710.125000 1112.448486 0.000000 1451.785034
34710.125000 1112.448486 0.000000 1451.890015
34710.125000 1112.448486 0.000000 1451.995972
34710.125000 1112.448486 0.000000 1452.103027
34710.125000 1112.448486 0.000000 1452.187988
34710.125000 1112.448486 0.000000 1452.284058
34710.125000 1112.448486 0.000000 1452.387939
34710.125000 1112.448486 0.000000 1452.488037
34710.125000 1112.448486 0.000000 1452.583008
34710.125000 1112.448486 0.000000 1452.692993
34710.125000 1112.448486 0.000000 1452.787964
34710.125000 1112.448486 0.000000 1452.887939
34710.125000 1112.448486 0.000000 1452.988037
34710.125000 1112.448486 0.000000 1453.093994
34710.125000 1112.448486 0.000000 1453.185059
34710.125000 1112.448486 0.000000 1453.290039
34710.125000 1112.448486 0.000000 1453.389038
34710.125000 1112.448486 0.000000 1453.490967
34710.125000 1112.448486 0.000000 1453.588989
34710.125000 1112.448486 0.000000 1453.683960
34710.125000 1112.448486 0.000000 1453.796997
34710.125000 1112.448486 0.000000 1453.890991
34710.125000 1112.448486 0.000000 1453.994019
34710.125000 1112.448486 0.000000 1454.098999
34710.125000 1112.448486 0.000000 1454.191040
34710.125000 1112.448486 0.000000 1454.290039
34710.125000 1112.448486 0.000000 1454.390015
34710.125000 1112.448486 0.000000 1454.489014
34710.125000 1112.448486 0.000000 1454.593994
34710.125000 1112.448486 0.000000 1454.688965
34710.125000 1112.448486 0.000000 1454.791016
34710.125000 1112.448486 0.000000 1454.897949
34710.125000 1112.448486 0.000000 1454.984985
34710.125000 1112.448486 0.000000 1455.089966
34710.125000 1112.448486 0.000000 1455.189941
34710.125000 1112.448486 0.000000 1455.285034
34710.125000 1112.448486 0.000000 1455.385010
34710.125000 1112.448486 0.000000 1455.494995
34710.125000 1112.448486 0.000000 1455.584961
34710.125000 1112.448486 0.000000 1455.689941
34710.125000 1112.448486 0.000000 1455.784058
34710.125000 1112.448486 0.000000 1455.890015
34710.125000 1112.448486 0.000000 1455.994019
34710.125000 1112.448486 0.000000 1456.083008
34710.125000 1112.448486 0.000000 1456.192993
34710.125000 1112.448486 0.000000 1456.295044
34710.125000 1112.448486 0.000000 1456.386963
34710.125000 1112.448486 0.000000 1456.488037
34710.125000 1112.448486 0.000000 1456.593994
34710.125000 1112.448486 0.000000 1456.686035
34710.125000 1112.448486 0.000000 1456.786011
34710.125000 1112.448486 0.000000 1456.891968
34710.125000 1112.448486 0.000000 1456.991943
34710.125000 1112.448486 0.000000 1457.088013
34710.125000 1112.448486 0.000000 1457.192017
34710.125000 1112.448486 0.000000 1457.292969
34710.125000 1112.448486 0.000000 1457.394043
34710.125000 1112.448486 0.000000 1457.498047
34710.125000 1112.448486 0.000000 1457.589966
34710.125000 1112.448486 0.000000 1457.699951
34710.125000 1112.448486 0.000000 1457.796997
34710.125000 1112.448486 0.000000 1457.896973
34710.125000 1112.448486 0.000000 1457.996948
34710.125000 1112.448486 0.000000 1458.092041
34710.125000 1112.448486 0.000000 1458.192993
34710.125000 1112.448486 0.000000 1458.292969
34710.125000 1112.448486 0.000000 1458.390991
34710.125000 1112.448486 0.000000 1458.490967
34710.125000 1112.448486 0.000000 1458.595947
34710.125000 1112.448486 0.000000 1458.686035
34710.125000 1112.448486 0.000000 1458.791016
34710.125000 1112.448486 0.000000 1458.891968
34710.125000 1112.448486 0.000000 1458.985962
34710.125000 1112.448486 0.000000 1459.086060
34710.125000 1112.448486 0.000000 1459.191040
34710.125000 1112.448486 0.000000 1459.296021
34710.125000 1112.448486 0.000000 1459.392944
34710.125000 1112.448486 0.000000 1459.490967
34710.125000 1112.448486 0.000000 1459.586060
34710.125000 1112.448486 0.000000 1459.686035
34710.125000 1112.448486 0.000000 1459.791016
34710.125000 1112.448486 0.000000 1459.885986
34710.125000 1112.448486 0.000000 1459.994019
34710.125000 1112.448486 0.000000 1460.090942
34710.125000 1112.448486 0.000000 1460.193970
34710.125000 1112.448486 0.000000 1460.293945
34710.125000 1112.448486 0.000000 1460.394043
34710.125000 1112.448486 0.000000 1460.494019
34710.125000 1112.448486 0.000000 1460.598999
34710.125000 1112.448486 0.000000 1460.691040
34710.125000 1112.448486 0.000000 1460.800049
34710.125000 1112.448486 0.000000 1460.896973
34710.125000 1112.448486 0.000000 1460.994019
34710.125000 1112.448486 0.000000 1461.086060
34710.125000 1112.448486 0.000000 1461.201050
34710.125000 1112.448486 0.000000 1461.293945
34710.125000 1112.448486 0.000000 1461.390015
34710.125000 1112.448486 0.000000 1461.484985
34710.125000 1112.448486 0.000000 1461.589966
34710.125000 1112.448486 0.000000 1461.689941
34710.125000 1112.448486 0.000000 1461.785034
34710.125000 1112.448486 0.000000 1461.885010
34710.125000 1112.448486 0.000000 1461.984985
34710.125000 1112.448486 0.000000 1462.089966
34710.125000 1112.448486 0.000000 1462.188965
34710.125000 1112.448486 0.000000 1462.290039
34710.125000 1112.448486 0.000000 1462.390991
34710.125000 1112.448486 0.000000 1462.491943
34710.125000 1112.448486 0.000000 1462.584961
34710.125000 1112.448486 0.000000 1462.685059
34710.125000 1112.448486 0.000000 1462.790039
34710.125000 1112.448486 0.000000 1462.895020
34710.125000 1112.448486 0.000000 1462.989014
34710.125000 1112.448486 0.000000 1463.084961
34710.125000 1112.448486 0.000000 1463.185059
34710.125000 1112.448486 0.000000 1463.296997
34710.125000 1112.448486 0.000000 1463.402954
34710.125000 1112.448486 0.000000 1463.495972
34710.125000 1112.448486 0.000000 1463.593018
34710.125000 1112.448486 0.000000 1463.689941
34710.125000 1112.448486 0.000000 1463.790039
34710.125000 1112.448486 0.000000 1463.885010
34710.125000 1112.448486 0.000000 1463.998047
34710.125000 1112.448486 0.000000 1464.084961
34710.125000 1112.448486 0.000000 1464.191040
34710.125000 1112.448486 0.000000 1464.296021
34710.125000 1112.448486 0.000000 1464.395020
34710.125000 1112.448486 0.000000 1464.490967
34710.125000 1112.448486 0.000000 1464.584961
34710.125000 1112.448486 0.000000 1464.698975
34710.125000 1112.448486 0.000000 1464.798950
34710.125000 1112.448486 0.000000 1464.899048
34710.125000 1112.448486 0.000000 1464.993042
34710.125000 1112.448486 0.000000 1465.093018
34710.125000 1112.448486 0.000000 1465.185059
34710.125000 1112.448486 0.000000 1465.310059
34710.125000 1112.448486 0.000000 1465.390991
34710.125000 1112.448486 0.000000 1465.498047
34710.125000 1112.448486 0.000000 1465.589966
34710.125000 1112.448486 0.000000 1465.701050
34710.125000 1112.448486 0.000000 1465.800049
34710.125000 1112.448486 0.000000 1465.900024
34710.125000 1112.448486 0.000000 1465.989990
34710.125000 1112.448486 0.000000 1466.103027
34710.125000 1112.448486 0.000000 1466.192993
34710.125000 1112.448486 0.000000 1466.295044
34710.125000 1112.448486 0.000000 1466.395020
34710.125000 1112.448486 0.000000 1466.496948
34710.125000 1112.448486 0.000000 1466.599976
34710.125000 1112.448486 0.000000 1466.694946
34710.125000 1112.448486 0.000000 1466.802002
34710.125000 1112.448486 0.000000 1466.901978
34710.125000 1112.448486 0.000000 1466.996948
34710.125000 1112.448486 0.000000 1467.102051
34710.125000 1112.448486 0.000000 1467.197021
34710.125000 1112.448486 0.000000 1467.295044
34710.125000 1112.448486 0.000000 1467.390015
34710.125000 1112.448486 0.000000 1467.494995
34710.125000 1112.448486 0.000000 1467.608032
34710.125000 1112.448486 0.000000 1467.702026
34710.125000 1112.448486 0.000000 1467.795044
34710.125000 1112.448486 0.000000 1467.890015
34710.125000 1112.448486 0.000000 1467.994995
34710.125000 1112.448486 0.000000 1468.094971
34710.125000 1112.448486 0.000000 1468.204956
34710.125000 1112.448486 0.000000 1468.297974
34710.125000 1112.448486 0.000000 1468.390991
34710.125000 1112.448486 0.000000 1468.494995
34710.125000 1112.448486 0.000000 1468.589966
34710.125000 1112.448486 0.000000 1468.697998
34710.125000 1112.448486 0.000000 1468.797974
34710.125000 1112.448486 0.000000 1468.887939
34710.125000 1112.448486 0.000000 1468.998047
34710.125000 1112.448486 0.000000 1469.098022
34710.125000 1112.448486 0.000000 1469.199951
34710.125000 1112.448486 0.000000 1469.302979
34710.125000 1112.448486 0.000000 1469.402954
34710.125000 1112.448486 0.000000 1469.493042
34710.125000 1112.448486 0.000000 1469.588989
34710.125000 1112.448486 0.000000 1469.702026
34710.125000 1112.448486 0.000000 1469.791016
34710.125000 1112.448486 0.000000 1469.890991
34710.125000 1112.448486 0.000000 1469.989990
34710.125000 1112.448486 0.000000 1470.089966
34710.125000 1112.448486 0.000000 1470.199951
34710.125000 1112.448486 0.000000 1470.302979
34710.125000 1112.448486 0.000000 1470.401001
34710.125000 1112.448486 0.000000 1470.495972
34710.125000 1112.448486 0.000000 1470.592041
34710.125000 1112.448486 0.000000 1470.691040
34710.125000 1112.448486 0.000000 1470.798950
34710.125000 1112.448486 0.000000 1470.899048
34710.125000 1112.448486 0.000000 1470.999023
34710.125000 1112.448486 0.000000 1471.100952
34710.125000 1112.448486 0.000000 1471.196045
34710.125000 1112.448486 0.000000 1471.291992
34710.125000 1112.448486 0.000000 1471.396973
34710.125000 1112.448486 0.000000 1471.505981
34710.125000 1112.448486 0.000000 1471.600952
34710.125000 1112.448486 0.000000 1471.701050
34710.125000 1112.448486 0.000000 1471.801025
34710.125000 1112.448486 0.000000 1471.906006
34710.125000 1112.448486 0.000000 1472.000977
34710.125000 1112.448486 0.000000 1472.100952
34710.125000 1112.448486 0.000000 1472.201050
34710.125000 1112.448486 0.000000 1472.291016
34710.125000 1112.448486 0.000000 1472.395996
34710.125000 1112.448486 0.000000 1472.495972
34710.125000 1112.448486 0.000000 1472.598022
34710.125000 1112.448486 0.000000 1472.691040
34710.125000 1112.448486 0.000000 1472.808960
34710.125000 1112.448486 0.000000 1472.904053
34710.125000 1112.448486 0.000000 1472.990967
34710.125000 1112.448486 0.000000 1473.098999
34710.125000 1112.448486 0.000000 1473.193970
34710.125000 1112.448486 0.000000 1473.291016
34710.125000 1112.448486 0.000000 1473.391968
34710.125000 1112.448486 0.000000 1473.490967
34710.125000 1112.448486 0.000000 1473.590942
34710.125000 1112.448486 0.000000 1473.696045
34710.125000 1112.448486 0.000000 1473.797974
34710.125000 1112.448486 0.000000 1473.890991
34710.125000 1112.448486 0.000000 1473.995972
34710.125000 1112.448486 0.000000 1474.092041
34710.125000 1112.448486 0.000000 1474.198975
34710.125000 1112.448486 0.000000 1474.297974
34710.125000 1112.448486 0.000000 1474.401978
34710.125000 1112.448486 0.000000 1474.510010
34710.125000 1112.448486 0.000000 1474.599976
34710.125000 1112.448486 0.000000 1474.699951
34710.125000 1112.448486 0.000000 1474.796021
34710.125000 1112.448486 0.000000 1474.902954
34710.125000 1112.448486 0.000000 1475.003052
34710.125000 1112.448486 0.000000 1475.097046
34710.125000 1112.448486 0.000000 1475.187988
34710.125000 1112.448486 0.000000 1475.292969
34710.125000 1112.448486 0.000000 1475.401001
34710.125000 1112.448486 0.000000 1475.505005
34710.125000 1112.448486 0.000000 1475.588013
34710.125000 1112.448486 0.000000 1475.688965
34710.125000 1112.448486 0.000000 1475.797974
34710.125000 1112.448486 0.000000 1475.892944
34710.125000 1112.448486 0.000000 1475.998047
34710.125000 1112.448486 0.000000 1476.093018
34710.125000 1112.448486 0.000000 1476.218994
34710.125000 1112.448486 0.000000 1476.297974
34710.125000 1112.448486 0.000000 1476.397949
34710.125000 1112.448486 0.000000 1476.501953
34710.125000 1112.448486 0.000000 1476.597046
34710.125000 1112.448486 0.000000 1476.702026
34710.125000 1112.448486 0.000000 1476.796997
34710.125000 1112.448486 0.000000 1476.901001
34710.125000 1112.448486 0.000000 1477.005981
34710.125000 1112.448486 0.000000 1477.100952
34710.125000 1112.448486 0.000000 1477.192017
34710.125000 1112.448486 0.000000 1477.290039
34710.125000 1112.448486 0.000000 1477.395020
34710.125000 1112.448486 0.000000 1477.494995
34710.125000 1112.448486 0.000000 1477.595947
34710.125000 1112.448486 0.000000 1477.697998
34710.125000 1112.448486 0.000000 1477.792969
34710.125000 1112.448486 0.000000 1477.897949
34710.125000 1112.448486 0.000000 1477.998047
34710.125000 1112.448486 0.000000 1478.113037
34710.125000 1112.448486 0.000000 1478.206055
34710.125000 1112.448486 0.000000 1478.301025
34710.125000 1112.448486 0.000000 1478.401001
34710.125000 1112.448486 0.000000 1478.505981
34710.125000 1112.448486 0.000000 1478.600952
34710.125000 1112.448486 0.000000 1478.706055
34710.125000 1112.448486 0.000000 1478.806030
34710.125000 1112.448486 0.000000 1478.901001
34710.125000 1112.448486 0.000000 1479.005981
34710.125000 1112.448486 0.000000 1479.100952
34710.125000 1112.448486 0.000000 1479.211060
34710.125000 1112.448486 0.000000 1479.296997
34710.125000 1112.448486 0.000000 1479.401978
34710.125000 1112.448486 0.000000 1479.498047
34710.125000 1112.448486 0.000000 1479.604004
34710.125000 1112.448486 0.000000 1479.697021
34710.125000 1112.448486 0.000000 1479.805054
34710.125000 1112.448486 0.000000 1479.915039
34710.125000 1112.448486 0.000000 1480.005981
34710.125000 1112.448486 0.000000 1480.110962
34710.125000 1112.448486 0.000000 1480.206055
34710.125000 1112.448486 0.000000 1480.311035
34710.125000 1112.448486 0.000000 1480.406006
34710.125000 1112.448486 0.000000 1480.505981
34710.125000 1112.448486 0.000000 1480.605957
34710.125000 1112.448486 0.000000 1480.706055
34710.125000 1112.448486 0.000000 1480.806030
34710.125000 1112.448486 0.000000 1480.906006
34710.125000 1112.448486 0.000000 1481.005981
34710.125000 1112.448486 0.000000 1481.105957
34710.125000 1112.448486 0.000000 1481.211060
34710.125000 1112.448486 0.000000 1481.301025
34710.125000 1112.448486 0.000000 1481.411011
34710.125000 1112.448486 0.000000 1481.510986
34710.125000 1112.448486 0.000000 1481.594971
34710.125000 1112.448486 0.000000 1481.703979
34710.125000 1112.448486 0.000000 1481.797974
34710.125000 1112.448486 0.000000 1481.901978
34710.125000 1112.448486 0.000000 1482.005005
34710.125000 1112.448486 0.000000 1482.107056
34710.125000 1112.448486 0.000000 1482.202026
34710.125000 1112.448486 0.000000 1482.296997
34710.125000 1112.448486 0.000000 1482.391968
34710.125000 1112.448486 0.000000 1482.498047
34710.125000 1112.448486 0.000000 1482.604004
34710.125000 1112.448486 0.000000 1482.694946
34710.125000 1112.448486 0.000000 1482.800049
34710.125000 1112.448486 0.000000 1482.895020
34710.125000 1112.448486 0.000000 1482.999023
34710.125000 1112.448486 0.000000 1483.104980
34710.125000 1112.448486 0.000000 1483.201050
34710.125000 1112.448486 0.000000 1483.295044
34710.125000 1112.448486 0.000000 1483.410034
34710.125000 1112.448486 0.000000 1483.494995
34710.125000 1112.448486 0.000000 1483.600952
34710.125000 1112.448486 0.000000 1483.694946
34710.125000 1112.448486 0.000000 1483.800049
34710.125000 1112.448486 0.000000 1483.902954
34710.125000 1112.448486 0.000000 1484.010010
34710.125000 1112.448486 0.000000 1484.104980
34710.125000 1112.448486 0.000000 1484.204956
34710.125000 1112.448486 0.000000 1484.311035
34710.125000 1112.448486 0.000000 1484.405029
34710.125000 1112.448486 0.000000 1484.505005
34710.125000 1112.448486 0.000000 1484.600952
34710.125000 1112.448486 0.000000 1484.704956
34710.125000 1112.448486 0.000000 1484.819946
34710.125000 1112.448486 0.000000 1484.905029
34710.125000 1112.448486 0.000000 1485.005005
34710.125000 1112.448486 0.000000 1485.104980
34710.125000 1112.448486 0.000000 1485.204956
34710.125000 1112.448486 0.000000 1485.305054
34710.125000 1112.448486 0.000000 1485.402954
34710.125000 1112.448486 0.000000 1485.510010
34710.125000 1112.448486 0.000000 1485.599976
34710.125000 1112.448486 0.000000 1485.704956
34710.125000 1112.448486 0.000000 1485.802002
34710.125000 1112.448486 0.000000 1485.910034
34710.125000 1112.448486 0.000000 1486.006958
34710.125000 1112.448486 0.000000 1486.107056
34710.125000 1112.448486 0.000000 1486.203979
34710.125000 1112.448486 0.000000 1486.302002
34710.125000 1112.448486 0.000000 1486.407959
34710.125000 1112.448486 0.000000 1486.505981
34710.125000 1112.448486 0.000000 1486.605957
34710.125000 1112.448486 0.000000 1486.701050
34710.125000 1112.448486 0.000000 1486.802002
34710.125000 1112.448486 0.000000 1486.901001
34710.125000 1112.448486 0.000000 1487.006958
34710.125000 1112.448486 0.000000 1487.112061
34710.125000 1112.448486 0.000000 1487.207031
34710.125000 1112.448486 0.000000 1487.306030
34710.125000 1112.448486 0.000000 1487.406006
34710.125000 1112.448486 0.000000 1487.504028
34710.125000 1112.448486 0.000000 1487.600952
34710.125000 1112.448486 0.000000 1487.712036
34710.125000 1112.448486 0.000000 1487.803955
34710.125000 1112.448486 0.000000 1487.901001
34710.125000 1112.448486 0.000000 1488.005981
34710.125000 1112.448486 0.000000 1488.107056
34710.125000 1112.448486 0.000000 1488.214966
34710.125000 1112.448486 0.000000 1488.306030
34710.125000 1112.448486 0.000000 1488.401001
34710.125000 1112.448486 0.000000 1488.500977
34710.125000 1112.448486 0.000000 1488.609985
34710.125000 1112.448486 0.000000 1488.703003
34710.125000 1112.448486 0.000000 1488.806030
34710.125000 1112.448486 0.000000 1488.907959
34710.250000 1112.448486 0.000000 1489.000977
34710.250000 1112.448486 0.000000 1489.100952
34710.250000 1112.448486 0.000000 1489.206055
34710.250000 1112.448486 0.000000 1489.301025
34710.250000 1112.448486 0.000000 1489.406006
34710.250000 1112.448486 0.000000 1489.500977
34710.250000 1112.448486 0.000000 1489.607056
34710.250000 1112.448486 0.000000 1489.701050
34710.250000 1112.448486 0.000000 1489.801025
34710.250000 1112.448486 0.000000 1489.901001
34710.250000 1112.448486 0.000000 1490.000977
34710.250000 1112.448486 0.000000 1490.105957
34710.250000 1112.448486 0.000000 1490.202026
34710.250000 1112.448486 0.000000 1490.301025
34710.250000 1112.448486 0.000000 1490.401001
34710.250000 1112.448486 0.000000 1490.505981
34710.250000 1112.448486 0.000000 1490.608032
34710.250000 1112.448486 0.000000 1490.708008
34710.250000 1112.448486 0.000000 1490.811035
34710.250000 1112.448486 0.000000 1490.906006
34710.250000 1112.448486 0.000000 1491.005981
34710.250000 1112.448486 0.000000 1491.100952
34710.250000 1112.448486 0.000000 1491.206055
34710.250000 1112.448486 0.000000 1491.307983
34710.250000 1112.448486 0.000000 1491.401001
34710.250000 1112.448486 0.000000 1491.510986
34710.250000 1112.448486 0.000000 1491.605957
34710.250000 1112.448486 0.000000 1491.701050
34710.250000 1112.448486 0.000000 1491.806030
34710.250000 1112.448486 0.000000 1491.921997
34710.250000 1112.448486 0.000000 1492.001953
34710.250000 1112.448486 0.000000 1492.109985
34710.250000 1112.448486 0.000000 1492.209961
34710.250000 1112.448486 0.000000 1492.310059
34710.250000 1112.448486 0.000000 1492.406982
34710.250000 1112.448486 0.000000 1492.503052
34710.250000 1112.448486 0.000000 1492.609985
34710.250000 1112.448486 0.000000 1492.708008
34710.250000 1112.448486 0.000000 1492.810059
34710.250000 1112.448486 0.000000 1492.907959
34710.250000 1112.448486 0.000000 1493.008057
34710.250000 1112.448486 0.000000 1493.103027
34710.250000 1112.448486 0.000000 1493.203003
34710.750000 1112.448486 0.000000 1493.317993
34710.750000 1112.448486 0.000000 1493.402954
34710.750000 1112.448486 0.000000 1493.503052
34710.750000 1112.448486 0.000000 1493.608032
34710.750000 1112.448486 0.000000 1493.708008
34710.750000 1112.448486 0.000000 1493.807983
34710.750000 1112.448486 0.000000 1493.922974
34710.750000 1112.448486 0.000000 1494.026001
34710.750000 1112.448486 0.000000 1494.118042
34710.750000 1112.448486 0.000000 1494.203003
34710.750000 1112.448486 0.000000 1494.313965
34710.750000 1112.448486 0.000000 1494.416016
34710.750000 1112.448486 0.000000 1494.521973
34710.750000 1112.448486 0.000000 1494.607056
34710.750000 1112.448486 0.000000 1494.702026
34710.750000 1112.448486 0.000000 1494.807007
34710.750000 1112.448486 0.000000 1494.901978
34710.750000 1112.448486 0.000000 1495.006958
34710.750000 1112.448486 0.000000 1495.107056
34710.750000 1112.448486 0.000000 1495.207031
34710.750000 1112.448486 0.000000 1495.307007
34710.750000 1112.448486 0.000000 1495.406982
34710.750000 1112.448486 0.000000 1495.511963
34710.750000 1112.448486 0.000000 1495.613037
34710.750000 1112.448486 0.000000 1495.702026
34710.750000 1112.448486 0.000000 1495.802002
34710.750000 1112.448486 0.000000 1495.906982
34710.750000 1112.448486 0.000000 1496.009033
34710.750000 1112.448486 0.000000 1496.114014
34710.750000 1112.448486 0.000000 1496.213989
34710.750000 1112.448486 0.000000 1496.322021
34710.750000 1112.448486 0.000000 1496.415039
34714.750000 1112.448486 0.000000 1496.514038
34714.750000 1112.448486 0.000000 1496.619019
34714.750000 1112.448486 0.000000 1496.707031
34714.750000 1112.448486 0.000000 1496.812988
34714.750000 1112.448486 0.000000 1496.912964
34714.750000 1112.448486 0.000000 1497.017944
34714.750000 1112.448486 0.000000 1497.104980
34714.750000 1112.448486 0.000000 1497.211060
34714.750000 1112.448486 0.000000 1497.310059
34714.750000 1112.448486 0.000000 1497.410034
34714.750000 1112.448486 0.000000 1497.519043
34714.750000 1112.448486 0.000000 1497.614014
34714.750000 1112.448486 0.000000 1497.713989
34714.750000 1112.448486 0.000000 1497.816040
34714.750000 1112.448486 0.000000 1497.905029
34714.750000 1112.448486 0.000000 1498.000000
34714.750000 1112.448486 0.000000 1498.104980
34714.750000 1112.448486 0.000000 1498.214966
34714.750000 1112.448486 0.000000 1498.312012
34714.750000 1112.448486 0.000000 1498.406982
34714.750000 1112.448486 0.000000 1498.506958
34714.750000 1112.448486 0.000000 1498.618042
34714.750000 1112.448486 0.000000 1498.713013
34714.750000 1112.448486 0.000000 1498.814941
34714.750000 1112.448486 0.000000 1498.916016
34714.750000 1112.448486 0.000000 1499.020996
34714.750000 1112.448486 0.000000 1499.110962
34714.750000 1112.448486 0.000000 1499.211060
34714.750000 1112.448486 0.000000 1499.307007
34714.750000 1112.448486 0.000000 1499.411011
34714.750000 1112.448486 0.000000 1499.520996
34714.750000 1112.448486 0.000000 1499.614990
34714.750000 1112.448486 0.000000 1499.704956
34714.750000 1112.448486 0.000000 1499.810059
34714.750000 1112.448486 0.000000 1499.905029
34714.750000 1112.448486 0.000000 1500.009033
34714.750000 1112.448486 0.000000 1500.110962
34714.750000 1112.448486 0.000000 1500.209961
34714.750000 1112.448486 0.000000 1500.303955
34714.750000 1112.448486 0.000000 1500.416016
34714.750000 1112.448486 0.000000 1500.509033
34714.750000 1112.448486 0.000000 1500.620972
34714.750000 1112.448486 0.000000 1500.723999
34714.750000 1112.448486 0.000000 1500.833984
34714.750000 1112.448486 0.000000 1500.918945
34714.750000 1112.448486 0.000000 1501.019043
34714.750000 1112.448486 0.000000 1501.124023
34714.750000 1112.448486 0.000000 1501.229004
34714.750000 1112.448486 0.000000 1501.323975
34714.750000 1112.448486 0.000000 1501.418945
34714.750000 1112.448486 0.000000 1501.534058
34714.750000 1112.448486 0.000000 1501.608032
34714.750000 1112.448486 0.000000 1501.713989
34714.750000 1112.448486 0.000000 1501.817993
34714.750000 1112.448486 0.000000 1501.912964
34714.750000 1112.448486 0.000000 1502.014038
34714.750000 1112.448486 0.000000 1502.113037
34714.750000 1112.448486 0.000000 1502.213013
34714.750000 1112.448486 0.000000 1502.307983
34714.750000 1112.448486 0.000000 1502.407959
34714.750000 1112.448486 0.000000 1502.524048
34714.750000 1112.448486 0.000000 1502.614014
34714.750000 1112.448486 0.000000 1502.715942
34714.750000 1112.448486 0.000000 1502.806030
34714.750000 1112.448486 0.000000 1502.911011
34714.750000 1112.448486 0.000000 1503.010986
34714.750000 1112.448486 0.000000 1503.105957
34714.750000 1112.448486 0.000000 1503.211060
34714.750000 1112.448486 0.000000 1503.316040
34714.750000 1112.448486 0.000000 1503.411011
34714.750000 1112.448486 0.000000 1503.520996
34714.750000 1112.448486 0.000000 1503.615967
34714.750000 1112.448486 0.000000 1503.708008
34714.750000 1112.448486 0.000000 1503.811035
34714.750000 1112.448486 0.000000 1503.906006
34714.750000 1112.448486 0.000000 1504.011963
34714.750000 1112.448486 0.000000 1504.110962
34714.750000 1112.448486 0.000000 1504.206055
34714.750000 1112.448486 0.000000 1504.312012
34714.750000 1112.448486 0.000000 1504.416016
34714.750000 1112.448486 0.000000 1504.505981
34714.750000 1112.448486 0.000000 1504.616943
34714.750000 1112.448486 0.000000 1504.711060
34714.750000 1112.448486 0.000000 1504.806030
34714.750000 1112.448486 0.000000 1504.911011
34714.750000 1112.448486 0.000000 1505.010986
34714.750000 1112.448486 0.000000 1505.115967
34714.750000 1112.448486 0.000000 1505.206055
34714.750000 1112.448486 0.000000 1505.311035
34714.750000 1112.448486 0.000000 1505.411011
34714.750000 1112.448486 0.000000 1505.512939
34714.750000 1112.448486 0.000000 1505.613037
34714.750000 1112.448486 0.000000 1505.718018
34714.750000 1112.448486 0.000000 1505.812988
34714.750000 1112.448486 0.000000 1505.912964
34714.750000 1112.448486 0.000000 1506.012939
34714.750000 1112.448486 0.000000 1506.123047
34714.750000 1112.448486 0.000000 1506.215942
34714.750000 1112.448486 0.000000 1506.311035
34714.750000 1112.448486 0.000000 1506.421021
34714.750000 1112.448486 0.000000 1506.520996
34714.750000 1112.448486 0.000000 1506.620972
34714.750000 1112.448486 0.000000 1506.709961
34714.750000 1112.448486 0.000000 1506.813965
34714.750000 1112.448486 0.000000 1506.917969
34714.750000 1112.448486 0.000000 1507.014038
34714.750000 1112.448486 0.000000 1507.108032
34714.750000 1112.448486 0.000000 1507.208008
34714.750000 1112.448486 0.000000 1507.322998
34714.750000 1112.448486 0.000000 1507.407959
34714.750000 1112.448486 0.000000 1507.515015
34714.750000 1112.448486 0.000000 1507.618042
34714.750000 1112.448486 0.000000 1507.713013
34714.750000 1112.448486 0.000000 1507.814941
34714.750000 1112.448486 0.000000 1507.907959
34714.750000 1112.448486 0.000000 1508.017944
34714.750000 1112.448486 0.000000 1508.108032
34714.750000 1112.448486 0.000000 1508.209961
34714.750000 1112.448486 0.000000 1508.312988
34714.750000 1112.448486 0.000000 1508.421997
34714.750000 1112.448486 0.000000 1508.516968
34714.750000 1112.448486 0.000000 1508.616943
34714.750000 1112.448486 0.000000 1508.708008
34714.750000 1112.448486 0.000000 1508.813965
34714.750000 1112.448486 0.000000 1508.907959
34714.750000 1112.448486 0.000000 1509.022949
34714.750000 1112.448486 0.000000 1509.113037
34714.750000 1112.448486 0.000000 1509.218018
34714.750000 1112.448486 0.000000 1509.318970
34714.750000 1112.448486 0.000000 1509.417969
34714.750000 1112.448486 0.000000 1509.512939
34714.750000 1112.448486 0.000000 1509.629028
34714.750000 1112.448486 0.000000 1509.722046
34714.750000 1112.448486 0.000000 1509.827026
34714.750000 1112.448486 0.000000 1509.912964
34714.750000 1112.448486 0.000000 1510.017944
34714.750000 1112.448486 0.000000 1510.118042
34714.750000 1112.448486 0.000000 1510.219971
34714.750000 1112.448486 0.000000 1510.312988
34714.750000 1112.448486 0.000000 1510.417969
34714.750000 1112.448486 0.000000 1510.522949
34714.750000 1112.448486 0.000000 1510.628052
34714.750000 1112.448486 0.000000 1510.728027
34714.750000 1112.448486 0.000000 1510.812988
34714.750000 1112.448486 0.000000 1510.912964
34714.750000 1112.448486 0.000000 1511.012939
34714.750000 1112.448486 0.000000 1511.113037
34714.750000 1112.448486 0.000000 1511.217041
34714.750000 1112.448486 0.000000 1511.337036
34714.750000 1112.448486 0.000000 1511.416992
34714.750000 1112.448486 0.000000 1511.516968
34714.750000 1112.448486 0.000000 1511.623047
34714.750000 1112.448486 0.000000 1511.728027
34714.750000 1112.448486 0.000000 1511.817993
34714.750000 1112.448486 0.000000 1511.922974
34714.750000 1112.448486 0.000000 1512.021973
34714.750000 1112.448486 0.000000 1512.116943
34714.750000 1112.448486 0.000000 1512.217041
34714.750000 1112.448486 0.000000 1512.324951
34714.750000 1112.448486 0.000000 1512.416992
34714.750000 1112.448486 0.000000 1512.516968
34714.750000 1112.448486 0.000000 1512.628052
34714.750000 1112.448486 0.000000 1512.728027
34714.750000 1112.448486 0.000000 1512.833984
34714.750000 1112.448486 0.000000 1512.928955
34714.750000 1112.448486 0.000000 1513.024048
34714.750000 1112.448486 0.000000 1513.128052
34714.750000 1112.448486 0.000000 1513.218994
34714.750000 1112.448486 0.000000 1513.323975
34714.750000 1112.448486 0.000000 1513.426025
34714.750000 1112.448486 0.000000 1513.520020
34714.750000 1112.448486 0.000000 1513.624023
34714.750000 1112.448486 0.000000 1513.719971
34714.750000 1112.448486 0.000000 1513.824951
34714.750000 1112.448486 0.000000 1513.932983
34714.750000 1112.448486 0.000000 1514.027954
34714.750000 1112.448486 0.000000 1514.128052
34714.750000 1112.448486 0.000000 1514.228027
34714.750000 1112.448486 0.000000 1514.327026
34714.750000 1112.448486 0.000000 1514.418945
34714.750000 1112.448486 0.000000 1514.519043
34714.750000 1112.448486 0.000000 1514.625000
34714.750000 1112.448486 0.000000 1514.723999
34714.750000 1112.448486 0.000000 1514.828003
34714.750000 1112.448486 0.000000 1514.932983
34714.750000 1112.448486 0.000000 1515.032959
34714.750000 1112.448486 0.000000 1515.137939
34714.750000 1112.448486 0.000000 1515.234009
34714.750000 1112.448486 0.000000 1515.326050
34714.750000 1112.448486 0.000000 1515.426025
34714.750000 1112.448486 0.000000 1515.525024
34714.750000 1112.448486 0.000000 1515.620972
34714.750000 1112.448486 0.000000 1515.729004
34714.750000 1112.448486 0.000000 1515.833984
34714.750000 1112.448486 0.000000 1515.926025
34714.750000 1112.448486 0.000000 1516.015991
34714.750000 1112.448486 0.000000 1516.116943
34714.750000 1112.448486 0.000000 1516.222046
34714.750000 1112.448486 0.000000 1516.327026
34714.750000 1112.448486 0.000000 1516.421997
34714.750000 1112.448486 0.000000 1516.521973
34714.750000 1112.448486 0.000000 1516.623047
34714.750000 1112.448486 0.000000 1516.717041
34714.750000 1112.448486 0.000000 1516.817017
34714.750000 1112.448486 0.000000 1516.921997
34714.750000 1112.448486 0.000000 1517.022949
34714.750000 1112.448486 0.000000 1517.125977
34714.750000 1112.448486 0.000000 1517.223999
34714.750000 1112.448486 0.000000 1517.323975
34714.750000 1112.448486 0.000000 1517.418945
34714.750000 1112.448486 0.000000 1517.517944
34714.750000 1112.448486 0.000000 1517.618042
34714.750000 1112.448486 0.000000 1517.729980
34714.750000 1112.448486 0.000000 1517.826050
34714.750000 1112.448486 0.000000 1517.931030
34714.750000 1112.448486 0.000000 1518.036011
34714.750000 1112.448486 0.000000 1518.125977
34714.750000 1112.448486 0.000000 1518.218018
34714.750000 1112.448486 0.000000 1518.329956
34714.750000 1112.448486 0.000000 1518.425049
34714.750000 1112.448486 0.000000 1518.525024
34714.750000 1112.448486 0.000000 1518.637939
34714.750000 1112.448486 0.000000 1518.728027
34714.750000 1112.448486 0.000000 1518.833008
34714.750000 1112.448486 0.000000 1518.926025
34714.750000 1112.448486 0.000000 1519.017944
34714.750000 1112.448486 0.000000 1519.118042
34714.750000 1112.448486 0.000000 1519.223022
34714.750000 1112.448486 0.000000 1519.317993
34714.750000 1112.448486 0.000000 1519.435059
34714.750000 1112.448486 0.000000 1519.522949
34714.750000 1112.448486 0.000000 1519.629028
34714.750000 1112.448486 0.000000 1519.727051
34714.750000 1112.448486 0.000000 1519.817017
34714.750000 1112.448486 0.000000 1519.922974
34714.750000 1112.448486 0.000000 1520.034058
34715.625000 1112.448486 0.000000 1520.141968
34715.625000 1112.448486 0.000000 1520.223999
34715.625000 1112.448486 0.000000 1520.324951
34715.625000 1112.448486 0.000000 1520.425049
34715.625000 1112.448486 0.000000 1520.525024
34715.625000 1112.448486 0.000000 1520.619995
34715.625000 1112.448486 0.000000 1520.724976
34715.625000 1112.448486 0.000000 1520.834961
34715.625000 1112.448486 0.000000 1520.925049
34715.625000 1112.448486 0.000000 1521.022949
34715.625000 1112.448486 0.000000 1521.123047
34715.625000 1112.448486 0.000000 1521.223022
34715.625000 1112.448486 0.000000 1521.328979
34715.625000 1112.448486 0.000000 1521.432983
34715.625000 1112.448486 0.000000 1521.526001
34715.625000 1112.448486 0.000000 1521.634033
34715.625000 1112.448486 0.000000 1521.734009
34715.625000 1112.448486 0.000000 1521.838989
34715.625000 1112.448486 0.000000 1521.933960
34715.625000 1112.448486 0.000000 1522.020996
34715.625000 1112.448486 0.000000 1522.126953
34715.625000 1112.448486 0.000000 1522.225952
34715.625000 1112.448486 0.000000 1522.327026
34715.625000 1112.448486 0.000000 1522.427002
34715.625000 1112.448486 0.000000 1522.524048
34715.625000 1112.448486 0.000000 1522.621948
34715.625000 1112.448486 0.000000 1522.732056
34715.625000 1112.448486 0.000000 1522.827026
34715.625000 1112.448486 0.000000 1522.927002
34715.625000 1112.448486 0.000000 1523.031982
34715.625000 1112.448486 0.000000 1523.141968
34715.625000 1112.448486 0.000000 1523.237061
34715.625000 1112.448486 0.000000 1523.342041
34715.625000 1112.448486 0.000000 1523.438965
34715.625000 1112.448486 0.000000 1523.526978
34715.625000 1112.448486 0.000000 1523.630005
34715.625000 1112.448486 0.000000 1523.729980
34715.625000 1112.448486 0.000000 1523.836060
34715.625000 1112.448486 0.000000 1523.939941
34715.625000 1112.448486 0.000000 1524.030029
34715.625000 1112.448486 0.000000 1524.125000
34715.625000 1112.448486 0.000000 1524.234985
34715.625000 1112.448486 0.000000 1524.329956
34715.625000 1112.448486 0.000000 1524.430054
34715.625000 1112.448486 0.000000 1524.535034
34715.625000 1112.448486 0.000000 1524.630981
34715.625000 1112.448486 0.000000 1524.729980
34715.625000 1112.448486 0.000000 1524.836060
34715.625000 1112.448486 0.000000 1524.939941
34715.625000 1112.448486 0.000000 1525.035034
34715.625000 1112.448486 0.000000 1525.130005
34715.625000 1112.448486 0.000000 1525.230957
34715.625000 1112.448486 0.000000 1525.344971
34715.625000 1112.448486 0.000000 1525.432983
34715.625000 1112.448486 0.000000 1525.545044
34715.625000 1112.448486 0.000000 1525.640015
34715.625000 1112.448486 0.000000 1525.738037
34715.625000 1112.448486 0.000000 1525.829956
34715.625000 1112.448486 0.000000 1525.930054
34715.625000 1112.448486 0.000000 1526.035034
34715.625000 1112.448486 0.000000 1526.142944
34715.625000 1112.448486 0.000000 1526.229004
34715.625000 1112.448486 0.000000 1526.328979
34715.625000 1112.448486 0.000000 1526.428955
34715.625000 1112.448486 0.000000 1526.538940
34715.625000 1112.448486 0.000000 1526.636963
34715.625000 1112.448486 0.000000 1526.746948
34715.625000 1112.448486 0.000000 1526.828979
34715.625000 1112.448486 0.000000 1526.933960
34715.625000 1112.448486 0.000000 1527.035034
34715.625000 1112.448486 0.000000 1527.140015
34715.625000 1112.448486 0.000000 1527.229004
34715.625000 1112.448486 0.000000 1527.328979
34715.625000 1112.448486 0.000000 1527.433960
34715.625000 1112.448486 0.000000 1527.534058
34715.625000 1112.448486 0.000000 1527.635010
34715.625000 1112.448486 0.000000 1527.737061
34715.625000 1112.448486 0.000000 1527.831055
34715.625000 1112.448486 0.000000 1527.927002
34715.625000 1112.448486 0.000000 1528.031006
34715.625000 1112.448486 0.000000 1528.131958
34715.625000 1112.448486 0.000000 1528.241943
34715.625000 1112.448486 0.000000 1528.345947
34715.625000 1112.448486 0.000000 1528.430054
34715.625000 1112.448486 0.000000 1528.538940
34715.625000 1112.448486 0.000000 1528.635986
34715.625000 1112.448486 0.000000 1528.739990
34715.625000 1112.448486 0.000000 1528.849976
34715.625000 1112.448486 0.000000 1528.939941
34715.625000 1112.448486 0.000000 1529.041016
34715.625000 1112.448486 0.000000 1529.131958
34715.625000 1112.448486 0.000000 1529.234985
34715.625000 1112.448486 0.000000 1529.344971
34715.625000 1112.448486 0.000000 1529.435059
34715.625000 1112.448486 0.000000 1529.530029
34715.625000 1112.448486 0.000000 1529.630005
34715.625000 1112.448486 0.000000 1529.733032
34715.625000 1112.448486 0.000000 1529.849976
34715.625000 1112.448486 0.000000 1529.930054
34715.625000 1112.448486 0.000000 1530.030029
34715.625000 1112.448486 0.000000 1530.140991
34715.625000 1112.448486 0.000000 1530.234985
34715.625000 1112.448486 0.000000 1530.338989
34715.625000 1112.448486 0.000000 1530.448975
34715.625000 1112.448486 0.000000 1530.531006
34715.625000 1112.448486 0.000000 1530.641968
34715.625000 1112.448486 0.000000 1530.730957
34715.625000 1112.448486 0.000000 1530.831055
34715.625000 1112.448486 0.000000 1530.936035
34715.625000 1112.448486 0.000000 1531.036987
34715.625000 1112.448486 0.000000 1531.131958
34715.625000 1112.448486 0.000000 1531.225952
34715.625000 1112.448486 0.000000 1531.338013
34715.625000 1112.448486 0.000000 1531.438965
34715.625000 1112.448486 0.000000 1531.531006
34715.625000 1112.448486 0.000000 1531.630981
34715.625000 1112.448486 0.000000 1531.730957
34715.625000 1112.448486 0.000000 1531.831055
34715.625000 1112.448486 0.000000 1531.933960
34715.625000 1112.448486 0.000000 1532.036987
34715.625000 1112.448486 0.000000 1532.131958
34715.625000 1112.448486 0.000000 1532.235962
34715.625000 1112.448486 0.000000 1532.336060
34715.625000 1112.448486 0.000000 1532.436035
34715.625000 1112.448486 0.000000 1532.531006
34715.625000 1112.448486 0.000000 1532.635986
34715.625000 1112.448486 0.000000 1532.740967
34715.625000 1112.448486 0.000000 1532.831055
34715.625000 1112.448486 0.000000 1532.931030
34715.625000 1112.448486 0.000000 1533.036011
34720.875000 1112.448486 0.000000 1533.145996
34720.875000 1112.448486 0.000000 1533.235962
34720.875000 1112.448486 0.000000 1533.338013
34720.875000 1112.448486 0.000000 1533.437988
34720.875000 1112.448486 0.000000 1533.540039
34720.875000 1112.448486 0.000000 1533.633057
34720.875000 1112.448486 0.000000 1533.733032
34720.875000 1112.448486 0.000000 1533.834961
34720.875000 1112.448486 0.000000 1533.937988
34720.875000 1112.448486 0.000000 1534.037964
34720.875000 1112.448486 0.000000 1534.137939
34720.875000 1112.448486 0.000000 1534.228027
34720.875000 1112.448486 0.000000 1534.340942
34720.875000 1112.448486 0.000000 1534.436035
34720.875000 1112.448486 0.000000 1534.538940
34720.875000 1112.448486 0.000000 1534.637939
34720.875000 1112.448486 0.000000 1534.728027
34720.875000 1112.448486 0.000000 1534.838989
34720.875000 1112.448486 0.000000 1534.932983
34720.875000 1112.448486 0.000000 1535.038940
34720.875000 1112.448486 0.000000 1535.133057
34720.875000 1112.448486 0.000000 1535.234985
34720.875000 1112.448486 0.000000 1535.328979
34720.875000 1112.448486 0.000000 1535.436035
34720.875000 1112.448486 0.000000 1535.531006
34720.875000 1112.448486 0.000000 1535.640991
34720.875000 1112.448486 0.000000 1535.741943
34720.875000 1112.448486 0.000000 1535.832031
34720.875000 1112.448486 0.000000 1535.930054
34720.875000 1112.448486 0.000000 1536.030029
34720.875000 1112.448486 0.000000 1536.135986
34720.875000 1112.448486 0.000000 1536.230957
34720.875000 1112.448486 0.000000 1536.343994
34720.875000 1112.448486 0.000000 1536.438965
34720.875000 1112.448486 0.000000 1536.541016
34720.875000 1112.448486 0.000000 1536.651001
34720.875000 1112.448486 0.000000 1536.741943
34720.875000 1112.448486 0.000000 1536.831055
34720.875000 1112.448486 0.000000 1536.931030
34720.875000 1112.448486 0.000000 1537.042969
34720.875000 1112.448486 0.000000 1537.136963
34720.875000 1112.448486 0.000000 1537.237061
34720.875000 1112.448486 0.000000 1537.331055
34720.875000 1112.448486 0.000000 1537.437988
34720.875000 1112.448486 0.000000 1537.527954
34720.875000 1112.448486 0.000000 1537.642944
34720.875000 1112.448486 0.000000 1537.733032
34720.875000 1112.448486 0.000000 1537.838013
34720.875000 1112.448486 0.000000 1537.932983
34720.875000 1112.448486 0.000000 1538.036011
34720.875000 1112.448486 0.000000 1538.151001
34720.875000 1112.448486 0.000000 1538.228027
34720.875000 1112.448486 0.000000 1538.338013
34720.875000 1112.448486 0.000000 1538.437988
34720.875000 1112.448486 0.000000 1538.534058
34720.875000 1112.448486 0.000000 1538.633057
34720.875000 1112.448486 0.000000 1538.733032
34720.875000 1112.448486 0.000000 1538.833008
34720.875000 1112.448486 0.000000 1538.932983
34720.875000 1112.448486 0.000000 1539.027954
34720.875000 1112.448486 0.000000 1539.133057
34720.875000 1112.448486 0.000000 1539.234985
34720.875000 1112.448486 0.000000 1539.333984
34720.875000 1112.448486 0.000000 1539.428955
34720.875000 1112.448486 0.000000 1539.534058
34720.875000 1112.448486 0.000000 1539.629028
34720.875000 1112.448486 0.000000 1539.734009
34720.875000 1112.448486 0.000000 1539.833984
34720.875000 1112.448486 0.000000 1539.947021
34720.875000 1112.448486 0.000000 1540.052979
34720.875000 1112.448486 0.000000 1540.142944
34720.875000 1112.448486 0.000000 1540.238037
34720.875000 1112.448486 0.000000 1540.348022
34720.875000 1112.448486 0.000000 1540.437988
34720.875000 1112.448486 0.000000 1540.534058
34720.875000 1112.448486 0.000000 1540.644043
34720.875000 1112.448486 0.000000 1540.754028
34720.875000 1112.448486 0.000000 1540.843994
34720.875000 1112.448486 0.000000 1540.943970
34720.875000 1112.448486 0.000000 1541.048950
34720.875000 1112.448486 0.000000 1541.129028
34720.875000 1112.448486 0.000000 1541.239014
34720.875000 1112.448486 0.000000 1541.331055
34720.875000 1112.448486 0.000000 1541.435059
34720.875000 1112.448486 0.000000 1541.529053
34720.875000 1112.448486 0.000000 1541.634033
34720.875000 1112.448486 0.000000 1541.734985
34720.875000 1112.448486 0.000000 1541.843018
34720.875000 1112.448486 0.000000 1541.937988
34720.875000 1112.448486 0.000000 1542.037964
34720.875000 1112.448486 0.000000 1542.137939
34720.875000 1112.448486 0.000000 1542.238037
34720.875000 1112.448486 0.000000 1542.343018
34720.875000 1112.448486 0.000000 1542.449951
34720.875000 1112.448486 0.000000 1542.529053
34720.875000 1112.448486 0.000000 1542.630005
34720.875000 1112.448486 0.000000 1542.734009
34720.875000 1112.448486 0.000000 1542.833984
34720.875000 1112.448486 0.000000 1542.933960
34720.875000 1112.448486 0.000000 1543.031982
34720.875000 1112.448486 0.000000 1543.129028
34720.875000 1112.448486 0.000000 1543.232056
34720.875000 1112.448486 0.000000 1543.337036
34720.875000 1112.448486 0.000000 1543.433960
34720.875000 1112.448486 0.000000 1543.535034
34720.875000 1112.448486 0.000000 1543.637939
34720.875000 1112.448486 0.000000 1543.739014
34720.875000 1112.448486 0.000000 1543.843018
34720.875000 1112.448486 0.000000 1543.933960
34720.875000 1112.448486 0.000000 1544.034058
34720.875000 1112.448486 0.000000 1544.140015
34721.000000 1112.448486 0.000000 1544.230957
34721.000000 1112.448486 0.000000 1544.333984
34721.000000 1112.448486 0.000000 1544.443970
34721.000000 1112.448486 0.000000 1544.534058
34721.000000 1112.448486 0.000000 1544.630981
34721.000000 1112.448486 0.000000 1544.734985
34721.000000 1112.448486 0.000000 1544.839966
34721.000000 1112.448486 0.000000 1544.930054
34721.000000 1112.448486 0.000000 1545.035034
34721.000000 1112.448486 0.000000 1545.135010
34721.000000 1112.448486 0.000000 1545.234985
34721.000000 1112.448486 0.000000 1545.329956
34721.000000 1112.448486 0.000000 1545.438965
34721.000000 1112.448486 0.000000 1545.548950
34721.000000 1112.448486 0.000000 1545.644043
34721.000000 1112.448486 0.000000 1545.739014
34721.000000 1112.448486 0.000000 1545.838989
34721.000000 1112.448486 0.000000 1545.941040
34721.000000 1112.448486 0.000000 1546.058960
34721.000000 1112.448486 0.000000 1546.154053
34721.000000 1112.448486 0.000000 1546.254028
34721.000000 1112.448486 0.000000 1546.348999
34721.000000 1112.448486 0.000000 1546.444946
34721.000000 1112.448486 0.000000 1546.540039
34721.000000 1112.448486 0.000000 1546.635010
34721.000000 1112.448486 0.000000 1546.744995
34721.000000 1112.448486 0.000000 1546.834961
34721.000000 1112.448486 0.000000 1546.946045
34721.000000 1112.448486 0.000000 1547.040039
34721.375000 1112.448486 0.000000 1547.140015
34721.375000 1112.448486 0.000000 1547.250000
34721.375000 1112.448486 0.000000 1547.344971
34721.375000 1112.448486 0.000000 1547.454956
34721.375000 1112.448486 0.000000 1547.545044
34721.375000 1112.448486 0.000000 1547.646973
34721.375000 1112.448486 0.000000 1547.746948
34721.375000 1112.448486 0.000000 1547.848022
34721.375000 1112.448486 0.000000 1547.947021
34721.375000 1112.448486 0.000000 1548.041016
34721.375000 1112.448486 0.000000 1548.145996
34721.375000 1112.448486 0.000000 1548.244019
34721.375000 1112.448486 0.000000 1548.343018
34721.375000 1112.448486 0.000000 1548.442993
34721.375000 1112.448486 0.000000 1548.552979
34721.375000 1112.448486 0.000000 1548.652954
34721.375000 1112.448486 0.000000 1548.748047
34721.375000 1112.448486 0.000000 1548.843994
34721.375000 1112.448486 0.000000 1548.942993
34721.375000 1112.448486 0.000000 1549.042969
34721.375000 1112.448486 0.000000 1549.142944
34721.375000 1112.448486 0.000000 1549.254028
34721.375000 1112.448486 0.000000 1549.343018
34721.375000 1112.448486 0.000000 1549.463989
34721.375000 1112.448486 0.000000 1549.546021
34721.375000 1112.448486 0.000000 1549.655029
34721.375000 1112.448486 0.000000 1549.739990
34721.375000 1112.448486 0.000000 1549.853027
34721.375000 1112.448486 0.000000 1549.942993
34721.375000 1112.448486 0.000000 1550.057007
34721.375000 1112.448486 0.000000 1550.144043
34721.375000 1112.448486 0.000000 1550.288940
34721.375000 1112.448486 0.000000 1550.354004
34721.375000 1112.448486 0.000000 1550.448975
34721.375000 1112.448486 0.000000 1550.548950
34721.375000 1112.448486 0.000000 1550.644043
34721.375000 1112.448486 0.000000 1550.749023
34721.375000 1112.448486 0.000000 1550.857056
34721.375000 1112.448486 0.000000 1550.943970
34721.375000 1112.448486 0.000000 1551.043945
34721.375000 1112.448486 0.000000 1551.144043
34721.375000 1112.448486 0.000000 1551.250000
34721.375000 1112.448486 0.000000 1551.348999
34721.375000 1112.448486 0.000000 1551.458984
34721.375000 1112.448486 0.000000 1551.568970
34721.375000 1112.448486 0.000000 1551.659058
34721.375000 1112.448486 0.000000 1551.745972
34721.375000 1112.448486 0.000000 1551.844971
34721.375000 1112.448486 0.000000 1551.948975
34721.375000 1112.448486 0.000000 1552.043945
34721.375000 1112.448486 0.000000 1552.150024
34721.375000 1112.448486 0.000000 1552.245972
34721.375000 1112.448486 0.000000 1552.344971
34721.375000 1112.448486 0.000000 1552.444946
34721.375000 1112.448486 0.000000 1552.545044
34721.375000 1112.448486 0.000000 1552.650024
34721.375000 1112.448486 0.000000 1552.754028
34721.375000 1112.448486 0.000000 1552.844971
34721.375000 1112.448486 0.000000 1552.948975
34721.375000 1112.448486 0.000000 1553.041992
34721.375000 1112.448486 0.000000 1553.141968
34721.375000 1112.448486 0.000000 1553.246948
34721.375000 1112.448486 0.000000 1553.353027
34721.375000 1112.448486 0.000000 1553.447021
34721.375000 1112.448486 0.000000 1553.547974
34721.375000 1112.448486 0.000000 1553.645020
34721.375000 1112.448486 0.000000 1553.741943
34721.375000 1112.448486 0.000000 1553.852051
34721.375000 1112.448486 0.000000 1553.954956
34721.375000 1112.448486 0.000000 1554.055054
34721.375000 1112.448486 0.000000 1554.155029
34721.375000 1112.448486 0.000000 1554.251953
34721.375000 1112.448486 0.000000 1554.359009
34721.375000 1112.448486 0.000000 1554.447021
34721.375000 1112.448486 0.000000 1554.552002
34721.375000 1112.448486 0.000000 1554.654053
34721.375000 1112.448486 0.000000 1554.751953
34721.375000 1112.448486 0.000000 1554.853027
34721.375000 1112.448486 0.000000 1554.952026
34721.375000 1112.448486 0.000000 1555.046997
34721.375000 1112.448486 0.000000 1555.155029
34721.375000 1112.448486 0.000000 1555.260010
34721.375000 1112.448486 0.000000 1555.363037
34721.375000 1112.448486 0.000000 1555.449951
34721.375000 1112.448486 0.000000 1555.552979
34721.375000 1112.448486 0.000000 1555.654053
34721.375000 1112.448486 0.000000 1555.755005
34721.375000 1112.448486 0.000000 1555.848022
34721.375000 1112.448486 0.000000 1555.953003
34721.375000 1112.448486 0.000000 1556.056030
34721.375000 1112.448486 0.000000 1556.152954
34721.375000 1112.448486 0.000000 1556.253052
34721.375000 1112.448486 0.000000 1556.348022
34721.375000 1112.448486 0.000000 1556.447998
34721.375000 1112.448486 0.000000 1556.552979
34721.375000 1112.448486 0.000000 1556.663940
34721.375000 1112.448486 0.000000 1556.748047
34721.375000 1112.448486 0.000000 1556.848022
34721.375000 1112.448486 0.000000 1556.953003
34721.375000 1112.448486 0.000000 1557.052979
34721.375000 1112.448486 0.000000 1557.147949
34721.375000 1112.448486 0.000000 1557.249023
34721.375000 1112.448486 0.000000 1557.353027
34721.375000 1112.448486 0.000000 1557.448975
34721.375000 1112.448486 0.000000 1557.556030
34721.375000 1112.448486 0.000000 1557.649048
34721.375000 1112.448486 0.000000 1557.749023
34721.375000 1112.448486 0.000000 1557.848999
34721.375000 1112.448486 0.000000 1557.948975
34721.375000 1112.448486 0.000000 1558.048950
34721.375000 1112.448486 0.000000 1558.149048
34721.375000 1112.448486 0.000000 1558.254028
34721.375000 1112.448486 0.000000 1558.362061
34721.375000 1112.448486 0.000000 1558.457031
34721.375000 1112.448486 0.000000 1558.548950
34721.375000 1112.448486 0.000000 1558.657959
34721.375000 1112.448486 0.000000 1558.754028
34721.375000 1112.448486 0.000000 1558.854004
34721.375000 1112.448486 0.000000 1558.948975
34721.375000 1112.448486 0.000000 1559.055054
34721.375000 1112.448486 0.000000 1559.151978
34721.375000 1112.448486 0.000000 1559.264038
34721.375000 1112.448486 0.000000 1559.354004
34721.375000 1112.448486 0.000000 1559.457031
34721.375000 1112.448486 0.000000 1559.548950
34721.375000 1112.448486 0.000000 1559.651001
34721.375000 1112.448486 0.000000 1559.749023
34721.375000 1112.448486 0.000000 1559.848999
34721.375000 1112.448486 0.000000 1559.948975
34721.500000 1112.448486 0.000000 1560.053955
34721.500000 1112.448486 0.000000 1560.154053
34721.500000 1112.448486 0.000000 1560.262939
34721.500000 1112.448486 0.000000 1560.354004
34721.500000 1112.448486 0.000000 1560.453979
34721.500000 1112.448486 0.000000 1560.548950
34721.500000 1112.448486 0.000000 1560.650024
34721.500000 1112.448486 0.000000 1560.751953
34721.500000 1112.448486 0.000000 1560.848999
34721.500000 1112.448486 0.000000 1560.948975
34721.500000 1112.448486 0.000000 1561.048950
34721.500000 1112.448486 0.000000 1561.149048
34721.500000 1112.448486 0.000000 1561.259033
34721.500000 1112.448486 0.000000 1561.359009
34721.500000 1112.448486 0.000000 1561.463989
34721.500000 1112.448486 0.000000 1561.563965
34721.500000 1112.448486 0.000000 1561.659058
34721.500000 1112.448486 0.000000 1561.761963
34721.500000 1112.448486 0.000000 1561.848999
34721.500000 1112.448486 0.000000 1561.948975
34721.500000 1112.448486 0.000000 1562.048950
34721.500000 1112.448486 0.000000 1562.154053
34721.500000 1112.448486 0.000000 1562.255005
34721.500000 1112.448486 0.000000 1562.354004
34721.500000 1112.448486 0.000000 1562.463013
34721.500000 1112.448486 0.000000 1562.557983
34721.500000 1112.448486 0.000000 1562.667969
34721.500000 1112.448486 0.000000 1562.758057
34721.500000 1112.448486 0.000000 1562.858032
34721.500000 1112.448486 0.000000 1562.968018
34721.500000 1112.448486 0.000000 1563.057983
34721.500000 1112.448486 0.000000 1563.151001
34721.500000 1112.448486 0.000000 1563.249023
34721.500000 1112.448486 0.000000 1563.348999
34721.500000 1112.448486 0.000000 1563.451050
34721.500000 1112.448486 0.000000 1563.557983
34721.500000 1112.448486 0.000000 1563.649048
34721.500000 1112.448486 0.000000 1563.754028
34721.500000 1112.448486 0.000000 1563.854004
34721.500000 1112.448486 0.000000 1563.953979
34721.500000 1112.448486 0.000000 1564.057983
34721.500000 1112.448486 0.000000 1564.160034
34721.500000 1112.448486 0.000000 1564.260010
34721.500000 1112.448486 0.000000 1564.364990
34721.500000 1112.448486 0.000000 1564.459961
34721.500000 1112.448486 0.000000 1564.560059
34721.500000 1112.448486 0.000000 1564.665039
34721.500000 1112.448486 0.000000 1564.760010
34721.500000 1112.448486 0.000000 1564.864014
34721.500000 1112.448486 0.000000 1564.964966
34721.500000 1112.448486 0.000000 1565.050049
34721.500000 1112.448486 0.000000 1565.167969
34721.500000 1112.448486 0.000000 1565.259033
34721.500000 1112.448486 0.000000 1565.348022
34721.500000 1112.448486 0.000000 1565.459961
34721.500000 1112.448486 0.000000 1565.562988
34721.500000 1112.448486 0.000000 1565.647949
34721.500000 1112.448486 0.000000 1565.753052
34721.500000 1112.448486 0.000000 1565.860962
34721.500000 1112.448486 0.000000 1565.954956
34721.500000 1112.448486 0.000000 1566.052979
34721.500000 1112.448486 0.000000 1566.152954
34721.500000 1112.448486 0.000000 1566.253052
34721.500000 1112.448486 0.000000 1566.362061
34721.500000 1112.448486 0.000000 1566.458984
34721.500000 1112.448486 0.000000 1566.555054
34721.500000 1112.448486 0.000000 1566.662964
34721.500000 1112.448486 0.000000 1566.758057
34721.500000 1112.448486 0.000000 1566.848022
34721.500000 1112.448486 0.000000 1566.961060
34721.500000 1112.448486 0.000000 1567.047974
34721.500000 1112.448486 0.000000 1567.163940
34721.500000 1112.448486 0.000000 1567.259033
34721.500000 1112.448486 0.000000 1567.353027
34721.500000 1112.448486 0.000000 1567.458008
34721.500000 1112.448486 0.000000 1567.557983
34721.500000 1112.448486 0.000000 1567.652954
34721.500000 1112.448486 0.000000 1567.770996
34721.500000 1112.448486 0.000000 1567.873047
34721.500000 1112.448486 0.000000 1568.067993
34721.500000 1112.448486 0.000000 1568.170044
34721.500000 1112.448486 0.000000 1568.267944
34721.500000 1112.448486 0.000000 1568.374023
34721.500000 1112.448486 0.000000 1568.477051
34721.500000 1112.448486 0.000000 1568.567017
34721.500000 1112.448486 0.000000 1568.673950
34721.500000 1112.448486 0.000000 1568.869019
34721.500000 1112.448486 0.000000 1568.968994
34721.500000 1112.448486 0.000000 1569.072021
34721.500000 1112.448486 0.000000 1569.163940
34721.500000 1112.448486 0.000000 1569.260010
34721.500000 1112.448486 0.000000 1569.369995
34721.500000 1112.448486 0.000000 1569.563965
34721.500000 1112.448486 0.000000 1569.665039
34721.500000 1112.448486 0.000000 1569.765015
34721.500000 1112.448486 0.000000 1569.869995
34721.500000 1112.448486 0.000000 1569.959961
34721.500000 1112.448486 0.000000 1570.064941
34721.500000 1112.448486 0.000000 1570.165039
34721.500000 1112.448486 0.000000 1570.265991
34721.500000 1112.448486 0.000000 1570.359985
34721.500000 1112.448486 0.000000 1570.477051
34721.500000 1112.448486 0.000000 1570.572021
34721.500000 1112.448486 0.000000 1570.666992
34721.500000 1112.448486 0.000000 1570.767944
34721.500000 1112.448486 0.000000 1570.859985
34721.500000 1112.448486 0.000000 1570.973999
34721.500000 1112.448486 0.000000 1571.064941
34721.500000 1112.448486 0.000000 1571.167969
34721.500000 1112.448486 0.000000 1571.260010
34721.500000 1112.448486 0.000000 1571.369995
34721.500000 1112.448486 0.000000 1571.461060
34721.500000 1112.448486 0.000000 1571.560059
34721.500000 1112.448486 0.000000 1571.671021
34721.500000 1112.448486 0.000000 1571.765015
34721.500000 1112.448486 0.000000 1571.873047
34721.500000 1112.448486 0.000000 1571.969971
34721.500000 1112.448486 0.000000 1572.072998
34721.500000 1112.448486 0.000000 1572.173950
34721.500000 1112.448486 0.000000 1572.375000
34721.500000 1112.448486 0.000000 1572.468018
34721.500000 1112.448486 0.000000 1572.578003
34721.500000 1112.448486 0.000000 1572.676025
34721.500000 1112.448486 0.000000 1572.782959
34721.500000 1112.448486 0.000000 1572.968018
34721.500000 1112.448486 0.000000 1573.072998
34721.500000 1112.448486 0.000000 1573.284058
34721.500000 1112.448486 0.000000 1573.478027
34721.500000 1112.448486 0.000000 1573.577026
34721.500000 1112.448486 0.000000 1573.682007
34721.500000 1112.448486 0.000000 1573.781982
34721.500000 1112.448486 0.000000 1573.876953
34721.500000 1112.448486 0.000000 1573.982056
34721.500000 1112.448486 0.000000 1574.082031
34721.500000 1112.448486 0.000000 1574.182007
34721.500000 1112.448486 0.000000 1574.281982
34721.500000 1112.448486 0.000000 1574.386963
34721.500000 1112.448486 0.000000 1574.487061
34721.500000 1112.448486 0.000000 1574.677979
34721.500000 1112.448486 0.000000 1574.873047
34721.500000 1112.448486 0.000000 1574.978027
34721.500000 1112.448486 0.000000 1575.072998
34721.500000 1112.448486 0.000000 1575.177979
34721.500000 1112.448486 0.000000 1575.277954
34721.500000 1112.448486 0.000000 1575.468018
34721.500000 1112.448486 0.000000 1575.568970
34721.500000 1112.448486 0.000000 1575.682983
34721.500000 1112.448486 0.000000 1575.782959
34721.500000 1112.448486 0.000000 1575.887939
34721.500000 1112.448486 0.000000 1575.988037
34721.500000 1112.448486 0.000000 1576.088013
34721.500000 1112.448486 0.000000 1576.177979
34721.500000 1112.448486 0.000000 1576.277954
34721.500000 1112.448486 0.000000 1576.387939
34721.500000 1112.448486 0.000000 1576.483032
34721.500000 1112.448486 0.000000 1576.576050
34721.500000 1112.448486 0.000000 1576.667969
34721.500000 1112.448486 0.000000 1576.784058
34721.500000 1112.448486 0.000000 1576.894043
34721.500000 1112.448486 0.000000 1576.973022
34721.500000 1112.448486 0.000000 1577.072998
34721.500000 1112.448486 0.000000 1577.172974
34721.500000 1112.448486 0.000000 1577.272949
34721.500000 1112.448486 0.000000 1577.378052
34721.500000 1112.448486 0.000000 1577.473022
34721.500000 1112.448486 0.000000 1577.572998
34721.500000 1112.448486 0.000000 1577.677979
34721.500000 1112.448486 0.000000 1577.802002
34721.500000 1112.448486 0.000000 1577.973999
34721.500000 1112.448486 0.000000 1578.079956
34721.500000 1112.448486 0.000000 1578.182983
34721.500000 1112.448486 0.000000 1578.274048
34721.500000 1112.448486 0.000000 1578.389038
34721.500000 1112.448486 0.000000 1578.483032
34721.500000 1112.448486 0.000000 1578.588013
34721.500000 1112.448486 0.000000 1578.673950
34721.500000 1112.448486 0.000000 1578.788940
34721.500000 1112.448486 0.000000 1578.889038
34721.500000 1112.448486 0.000000 1578.989014
34721.500000 1112.448486 0.000000 1579.083984
34721.500000 1112.448486 0.000000 1579.183960
34721.500000 1112.448486 0.000000 1579.284058
34721.500000 1112.448486 0.000000 1579.389038
34721.500000 1112.448486 0.000000 1579.473999
34721.500000 1112.448486 0.000000 1579.568970
34721.500000 1112.448486 0.000000 1579.668945
34721.500000 1112.448486 0.000000 1579.774048
34721.500000 1112.448486 0.000000 1579.874023
34721.500000 1112.448486 0.000000 1579.973999
34721.500000 1112.448486 0.000000 1580.078979
34721.500000 1112.448486 0.000000 1580.173950
34721.500000 1112.448486 0.000000 1580.281982
34721.500000 1112.448486 0.000000 1580.386963
34721.500000 1112.448486 0.000000 1580.479980
34721.500000 1112.448486 0.000000 1580.573975
34721.500000 1112.448486 0.000000 1580.673950
34721.500000 1112.448486 0.000000 1580.786987
34721.500000 1112.448486 0.000000 1580.881958
34721.500000 1112.448486 0.000000 1580.980957
34721.500000 1112.448486 0.000000 1581.078979
34721.500000 1112.448486 0.000000 1581.173950
34721.500000 1112.448486 0.000000 1581.279053
34721.500000 1112.448486 0.000000 1581.375000
34721.500000 1112.448486 0.000000 1581.487061
34721.500000 1112.448486 0.000000 1581.573975
34721.500000 1112.448486 0.000000 1581.673950
34721.500000 1112.448486 0.000000 1581.788940
34721.500000 1112.448486 0.000000 1581.879028
34721.500000 1112.448486 0.000000 1581.979004
34721.500000 1112.448486 0.000000 1582.086060
34721.500000 1112.448486 0.000000 1582.186035
34721.500000 1112.448486 0.000000 1582.287964
34721.500000 1112.448486 0.000000 1582.383057
34721.500000 1112.448486 0.000000 1582.483032
34721.500000 1112.448486 0.000000 1582.583008
34721.500000 1112.448486 0.000000 1582.682983
34721.500000 1112.448486 0.000000 1582.782959
34721.500000 1112.448486 0.000000 1582.885010
34721.500000 1112.448486 0.000000 1582.994019
34721.500000 1112.448486 0.000000 1583.073975
34721.500000 1112.448486 0.000000 1583.173950
34721.500000 1112.448486 0.000000 1583.286987
34721.500000 1112.448486 0.000000 1583.376953
34721.500000 1112.448486 0.000000 1583.479004
34721.500000 1112.448486 0.000000 1583.574951
34721.500000 1112.448486 0.000000 1583.681030
34721.500000 1112.448486 0.000000 1583.776978
34721.500000 1112.448486 0.000000 1583.870972
34721.500000 1112.448486 0.000000 1583.980957
34721.500000 1112.448486 0.000000 1584.071045
34721.500000 1112.448486 0.000000 1584.183960
34721.500000 1112.448486 0.000000 1584.281006
34721.500000 1112.448486 0.000000 1584.375977
34721.500000 1112.448486 0.000000 1584.475952
34721.500000 1112.448486 0.000000 1584.581055
34721.500000 1112.448486 0.000000 1584.676025
34721.500000 1112.448486 0.000000 1584.776001
34721.500000 1112.448486 0.000000 1584.876953
34721.500000 1112.448486 0.000000 1584.975952
34721.500000 1112.448486 0.000000 1585.086060
34721.500000 1112.448486 0.000000 1585.180054
34721.500000 1112.448486 0.000000 1585.272949
34721.500000 1112.448486 0.000000 1585.385010
34721.500000 1112.448486 0.000000 1585.479980
34721.500000 1112.448486 0.000000 1585.604980
34721.500000 1112.448486 0.000000 1585.685059
34721.500000 1112.448486 0.000000 1585.796021
34721.500000 1112.448486 0.000000 1585.886963
34721.500000 1112.448486 0.000000 1585.980957
34721.500000 1112.448486 0.000000 1586.082031
34721.500000 1112.448486 0.000000 1586.191040
34721.500000 1112.448486 0.000000 1586.286011
34721.500000 1112.448486 0.000000 1586.385986
34721.500000 1112.448486 0.000000 1586.480957
34721.500000 1112.448486 0.000000 1586.578979
34721.500000 1112.448486 0.000000 1586.687988
34721.500000 1112.448486 0.000000 1586.787964
34721.500000 1112.448486 0.000000 1586.887939
34721.500000 1112.448486 0.000000 1586.998047
34721.500000 1112.448486 0.000000 1587.088013
34721.500000 1112.448486 0.000000 1587.187988
34721.500000 1112.448486 0.000000 1587.286987
34721.500000 1112.448486 0.000000 1587.389038
34721.500000 1112.448486 0.000000 1587.487061
34721.500000 1112.448486 0.000000 1587.587036
34721.500000 1112.448486 0.000000 1587.677002
34721.500000 1112.448486 0.000000 1587.782959
34721.500000 1112.448486 0.000000 1587.876953
34721.500000 1112.448486 0.000000 1587.991943
34721.500000 1112.448486 0.000000 1588.092041
34721.500000 1112.448486 0.000000 1588.197021
34721.500000 1112.448486 0.000000 1588.291992
34721.500000 1112.448486 0.000000 1588.396973
34721.500000 1112.448486 0.000000 1588.491943
34721.500000 1112.448486 0.000000 1588.592041
34721.500000 1112.448486 0.000000 1588.691040
34721.500000 1112.448486 0.000000 1588.784058
34721.500000 1112.448486 0.000000 1588.889038
34721.500000 1112.448486 0.000000 1588.984009
34721.500000 1112.448486 0.000000 1589.079956
34721.500000 1112.448486 0.000000 1589.182007
34721.500000 1112.448486 0.000000 1589.281982
34721.500000 1112.448486 0.000000 1589.376953
34721.500000 1112.448486 0.000000 1589.482056
34721.500000 1112.448486 0.000000 1589.586060
34721.500000 1112.448486 0.000000 1589.687012
34721.500000 1112.448486 0.000000 1589.781982
34721.500000 1112.448486 0.000000 1589.876953
34721.500000 1112.448486 0.000000 1589.988037
34721.500000 1112.448486 0.000000 1590.083008
34721.500000 1112.448486 0.000000 1590.182983
34721.500000 1112.448486 0.000000 1590.276978
34721.500000 1112.448486 0.000000 1590.384033
34721.500000 1112.448486 0.000000 1590.484009
34721.500000 1112.448486 0.000000 1590.583984
34721.500000 1112.448486 0.000000 1590.678955
34721.500000 1112.448486 0.000000 1590.785034
34721.500000 1112.448486 0.000000 1590.890015
34721.500000 1112.448486 0.000000 1590.990967
34721.500000 1112.448486 0.000000 1591.090942
34721.500000 1112.448486 0.000000 1591.187012
34721.500000 1112.448486 0.000000 1591.291992
34721.500000 1112.448486 0.000000 1591.391968
34721.500000 1112.448486 0.000000 1591.479004
34721.500000 1112.448486 0.000000 1591.587036
34721.500000 1112.448486 0.000000 1591.682007
34721.500000 1112.448486 0.000000 1591.795044
34721.500000 1112.448486 0.000000 1591.894043
34721.500000 1112.448486 0.000000 1591.984009
34721.500000 1112.448486 0.000000 1592.078979
34721.500000 1112.448486 0.000000 1592.191040
34721.500000 1112.448486 0.000000 1592.286011
34721.500000 1112.448486 0.000000 1592.379028
34721.500000 1112.448486 0.000000 1592.484009
34721.500000 1112.448486 0.000000 1592.583984
34721.500000 1112.448486 0.000000 1592.682007
34721.500000 1112.448486 0.000000 1592.786011
34721.500000 1112.448486 0.000000 1592.886963
34721.500000 1112.448486 0.000000 1592.987061
34721.500000 1112.448486 0.000000 1593.082031
34721.500000 1112.448486 0.000000 1593.183960
34721.500000 1112.448486 0.000000 1593.276978
34721.500000 1112.448486 0.000000 1593.386963
34721.500000 1112.448486 0.000000 1593.482056
34721.500000 1112.448486 0.000000 1593.577026
34721.500000 1112.448486 0.000000 1593.682983
34721.500000 1112.448486 0.000000 1593.786011
34721.500000 1112.448486 0.000000 1593.886963
34721.500000 1112.448486 0.000000 1593.977051
34721.500000 1112.448486 0.000000 1594.077026
34721.500000 1112.448486 0.000000 1594.182983
34721.500000 1112.448486 0.000000 1594.285034
34721.500000 1112.448486 0.000000 1594.385986
34721.500000 1112.448486 0.000000 1594.484009
34721.500000 1112.448486 0.000000 1594.584961
34721.500000 1112.448486 0.000000 1594.688965
34721.500000 1112.448486 0.000000 1594.793945
34721.500000 1112.448486 0.000000 1594.879028
34721.500000 1112.448486 0.000000 1594.991943
34721.500000 1112.448486 0.000000 1595.088989
34721.500000 1112.448486 0.000000 1595.177002
34721.500000 1112.448486 0.000000 1595.276978
34721.500000 1112.448486 0.000000 1595.396973
34721.500000 1112.448486 0.000000 1595.496948
34721.500000 1112.448486 0.000000 1595.592041
34721.500000 1112.448486 0.000000 1595.687012
34721.500000 1112.448486 0.000000 1595.791992
34721.500000 1112.448486 0.000000 1595.887939
34721.500000 1112.448486 0.000000 1595.989014
34721.500000 1112.448486 0.000000 1596.098999
34721.500000 1112.448486 0.000000 1596.187012
34721.500000 1112.448486 0.000000 1596.281982
34721.500000 1112.448486 0.000000 1596.378052
34721.500000 1112.448486 0.000000 1596.488037
34721.500000 1112.448486 0.000000 1596.588013
34721.500000 1112.448486 0.000000 1596.682983
34721.500000 1112.448486 0.000000 1596.788940
34721.500000 1112.448486 0.000000 1596.878052
34721.500000 1112.448486 0.000000 1596.993042
34721.500000 1112.448486 0.000000 1597.087036
34721.500000 1112.448486 0.000000 1597.182983
34721.500000 1112.448486 0.000000 1597.287964
34721.500000 1112.448486 0.000000 1597.384033
34721.500000 1112.448486 0.000000 1597.482056
34721.500000 1112.448486 0.000000 1597.578003
34721.500000 1112.448486 0.000000 1597.687988
34721.500000 1112.448486 0.000000 1597.787964
34721.500000 1112.448486 0.000000 1597.880981
34721.500000 1112.448486 0.000000 1597.989990
34721.500000 1112.448486 0.000000 1598.084961
34721.500000 1112.448486 0.000000 1598.191040
34721.500000 1112.448486 0.000000 1598.300049
34721.500000 1112.448486 0.000000 1598.380005
34721.500000 1112.448486 0.000000 1598.484009
34721.500000 1112.448486 0.000000 1598.594971
34721.500000 1112.448486 0.000000 1598.678955
34721.500000 1112.448486 0.000000 1598.792969
34721.500000 1112.448486 0.000000 1598.887939
34721.500000 1112.448486 0.000000 1598.984009
34721.500000 1112.448486 0.000000 1599.084961
34721.500000 1112.448486 0.000000 1599.178955
34721.500000 1112.448486 0.000000 1599.279053
34721.500000 1112.448486 0.000000 1599.379028
34721.500000 1112.448486 0.000000 1599.500977
34721.500000 1112.448486 0.000000 1599.692017
34721.500000 1112.448486 0.000000 1599.786011
34721.500000 1112.448486 0.000000 1599.883057
34721.500000 1112.448486 0.000000 1599.984009
34721.500000 1112.448486 0.000000 1600.090942
34721.500000 1112.448486 0.000000 1600.191040
34721.500000 1112.448486 0.000000 1600.284058
34721.500000 1112.448486 0.000000 1600.380005
34721.500000 1112.448486 0.000000 1600.491943
34722.875000 1112.448486 0.000000 1600.593018
34722.875000 1112.448486 0.000000 1600.687988
34722.875000 1112.448486 0.000000 1600.795044
34722.875000 1112.448486 0.000000 1600.887939
34722.875000 1112.448486 0.000000 1600.993042
34722.875000 1112.448486 0.000000 1601.084961
34722.875000 1112.448486 0.000000 1601.186035
34722.875000 1112.448486 0.000000 1601.290039
34722.875000 1112.448486 0.000000 1601.385010
34722.875000 1112.448486 0.000000 1601.489990
34722.875000 1112.448486 0.000000 1601.598022
34722.875000 1112.448486 0.000000 1601.682983
34722.875000 1112.448486 0.000000 1601.788940
34722.875000 1112.448486 0.000000 1601.883057
34722.875000 1112.448486 0.000000 1601.983032
34722.875000 1112.448486 0.000000 1602.089966
34722.875000 1112.448486 0.000000 1602.188965
34722.875000 1112.448486 0.000000 1602.282959
34722.875000 1112.448486 0.000000 1602.387939
34722.875000 1112.448486 0.000000 1602.483032
34722.875000 1112.448486 0.000000 1602.593018
34722.875000 1112.448486 0.000000 1602.682983
34722.875000 1112.448486 0.000000 1602.782959
34722.875000 1112.448486 0.000000 1602.885010
34722.875000 1112.448486 0.000000 1602.989990
34722.875000 1112.448486 0.000000 1603.100952
34722.875000 1112.448486 0.000000 1603.181030
34722.875000 1112.448486 0.000000 1603.291992
34722.875000 1112.448486 0.000000 1603.391968
34722.875000 1112.448486 0.000000 1603.491943
34722.875000 1112.448486 0.000000 1603.592041
34722.875000 1112.448486 0.000000 1603.692017
34722.875000 1112.448486 0.000000 1603.791992
34722.875000 1112.448486 0.000000 1603.891968
34722.875000 1112.448486 0.000000 1603.982056
34722.875000 1112.448486 0.000000 1604.087036
34722.875000 1112.448486 0.000000 1604.180054
34722.875000 1112.448486 0.000000 1604.280029
34722.875000 1112.448486 0.000000 1604.380005
34722.875000 1112.448486 0.000000 1604.484985
34722.875000 1112.448486 0.000000 1604.594971
34722.875000 1112.448486 0.000000 1604.689941
34722.875000 1112.448486 0.000000 1604.790039
34722.875000 1112.448486 0.000000 1604.890015
34722.875000 1112.448486 0.000000 1604.989990
34722.875000 1112.448486 0.000000 1605.094971
34722.875000 1112.448486 0.000000 1605.194946
34722.875000 1112.448486 0.000000 1605.295044
34722.875000 1112.448486 0.000000 1605.395020
34722.875000 1112.448486 0.000000 1605.489990
34722.875000 1112.448486 0.000000 1605.582031
34722.875000 1112.448486 0.000000 1605.680054
34722.875000 1112.448486 0.000000 1605.791992
34722.875000 1112.448486 0.000000 1605.885986
34722.875000 1112.448486 0.000000 1605.990967
34722.875000 1112.448486 0.000000 1606.088013
34722.875000 1112.448486 0.000000 1606.187012
34722.875000 1112.448486 0.000000 1606.276978
34722.875000 1112.448486 0.000000 1606.386963
34722.875000 1112.448486 0.000000 1606.482056
34722.875000 1112.448486 0.000000 1606.582031
34722.875000 1112.448486 0.000000 1606.687012
34722.875000 1112.448486 0.000000 1606.777954
34722.875000 1112.448486 0.000000 1606.886963
34722.875000 1112.448486 0.000000 1606.996948
34722.875000 1112.448486 0.000000 1607.082031
34722.875000 1112.448486 0.000000 1607.182007
34722.875000 1112.448486 0.000000 1607.276978
34722.875000 1112.448486 0.000000 1607.376953
34722.875000 1112.448486 0.000000 1607.485962
34722.875000 1112.448486 0.000000 1607.581055
34722.875000 1112.448486 0.000000 1607.681030
34722.875000 1112.448486 0.000000 1607.790039
34722.875000 1112.448486 0.000000 1607.895020
34722.875000 1112.448486 0.000000 1607.989014
34722.875000 1112.448486 0.000000 1608.089966
34722.875000 1112.448486 0.000000 1608.186035
34722.875000 1112.448486 0.000000 1608.282959
34722.875000 1112.448486 0.000000 1608.385986
34722.875000 1112.448486 0.000000 1608.489990
34722.875000 1112.448486 0.000000 1608.586060
34722.875000 1112.448486 0.000000 1608.687988
34722.875000 1112.448486 0.000000 1608.781006
34722.875000 1112.448486 0.000000 1608.885986
34722.875000 1112.448486 0.000000 1608.985962
34722.875000 1112.448486 0.000000 1609.097046
34722.875000 1112.448486 0.000000 1609.180054
34722.875000 1112.448486 0.000000 1609.281982
34722.875000 1112.448486 0.000000 1609.380005
34722.875000 1112.448486 0.000000 1609.484985
34722.875000 1112.448486 0.000000 1609.579956
34722.875000 1112.448486 0.000000 1609.685059
34722.875000 1112.448486 0.000000 1609.785034
34722.875000 1112.448486 0.000000 1609.885010
34722.875000 1112.448486 0.000000 1609.985962
34722.875000 1112.448486 0.000000 1610.090942
34722.875000 1112.448486 0.000000 1610.187988
34722.875000 1112.448486 0.000000 1610.286011
34722.875000 1112.448486 0.000000 1610.380005
34722.875000 1112.448486 0.000000 1610.493042
34722.875000 1112.448486 0.000000 1610.593018
34722.875000 1112.448486 0.000000 1610.687012
34722.875000 1112.448486 0.000000 1610.781982
34722.875000 1112.448486 0.000000 1610.881958
34722.875000 1112.448486 0.000000 1610.990967
34722.875000 1112.448486 0.000000 1611.082031
34722.875000 1112.448486 0.000000 1611.181030
34722.875000 1112.448486 0.000000 1611.286987
34722.875000 1112.448486 0.000000 1611.389038
34722.875000 1112.448486 0.000000 1611.484009
34722.875000 1112.448486 0.000000 1611.598022
34722.875000 1112.448486 0.000000 1611.692993
34722.875000 1112.448486 0.000000 1611.784058
34722.875000 1112.448486 0.000000 1611.897949
34722.875000 1112.448486 0.000000 1612.000000
34722.875000 1112.448486 0.000000 1612.088989
34722.875000 1112.448486 0.000000 1612.197998
34722.875000 1112.448486 0.000000 1612.286011
34722.875000 1112.448486 0.000000 1612.396973
34722.875000 1112.448486 0.000000 1612.480957
34722.875000 1112.448486 0.000000 1612.586060
34722.875000 1112.448486 0.000000 1612.697998
34722.875000 1112.448486 0.000000 1612.793945
34722.875000 1112.448486 0.000000 1612.887939
34722.875000 1112.448486 0.000000 1612.987061
34722.875000 1112.448486 0.000000 1613.098022
34722.875000 1112.448486 0.000000 1613.192993
34723.000000 1112.448486 0.000000 1613.291016
34723.000000 1112.448486 0.000000 1613.400024
34723.000000 1112.448486 0.000000 1613.525024
34723.000000 1112.448486 0.000000 1613.689941
34723.000000 1112.448486 0.000000 1613.785034
34723.000000 1112.448486 0.000000 1613.890991
34723.000000 1112.448486 0.000000 1613.995972
34723.000000 1112.448486 0.000000 1614.084961
34723.000000 1112.448486 0.000000 1614.187012
34723.000000 1112.448486 0.000000 1614.291016
34723.000000 1112.448486 0.000000 1614.385010
34723.000000 1112.448486 0.000000 1614.490967
34723.000000 1112.448486 0.000000 1614.589966
34723.000000 1112.448486 0.000000 1614.689941
34723.000000 1112.448486 0.000000 1614.795044
34723.000000 1112.448486 0.000000 1614.890015
34723.000000 1112.448486 0.000000 1614.991943
34723.000000 1112.448486 0.000000 1615.095947
34723.000000 1112.448486 0.000000 1615.186035
34723.000000 1112.448486 0.000000 1615.293945
34723.000000 1112.448486 0.000000 1615.394043
34723.000000 1112.448486 0.000000 1615.499023
34723.000000 1112.448486 0.000000 1615.586060
34723.000000 1112.448486 0.000000 1615.687012
34723.000000 1112.448486 0.000000 1615.797974
34723.000000 1112.448486 0.000000 1615.886963
34723.000000 1112.448486 0.000000 1615.991943
34723.000000 1112.448486 0.000000 1616.093018
34723.000000 1112.448486 0.000000 1616.191040
34723.000000 1112.448486 0.000000 1616.293945
34723.000000 1112.448486 0.000000 1616.394043
34723.000000 1112.448486 0.000000 1616.490967
34723.000000 1112.448486 0.000000 1616.586060
34723.000000 1112.448486 0.000000 1616.686035
34723.000000 1112.448486 0.000000 1616.791016
34723.000000 1112.448486 0.000000 1616.895996
34723.000000 1112.448486 0.000000 1616.987061
34723.000000 1112.448486 0.000000 1617.088013
34723.000000 1112.448486 0.000000 1617.187012
34723.000000 1112.448486 0.000000 1617.286987
34723.000000 1112.448486 0.000000 1617.391968
34723.000000 1112.448486 0.000000 1617.488037
34723.000000 1112.448486 0.000000 1617.587036
34723.000000 1112.448486 0.000000 1617.687012
34723.000000 1112.448486 0.000000 1617.797974
34723.000000 1112.448486 0.000000 1617.891968
34723.000000 1112.448486 0.000000 1617.988037
34723.000000 1112.448486 0.000000 1618.088989
34723.000000 1112.448486 0.000000 1618.182007
34723.000000 1112.448486 0.000000 1618.286987
34723.000000 1112.448486 0.000000 1618.392944
34723.000000 1112.448486 0.000000 1618.494019
34723.000000 1112.448486 0.000000 1618.599976
34723.000000 1112.448486 0.000000 1618.682007
34723.000000 1112.448486 0.000000 1618.785034
34723.000000 1112.448486 0.000000 1618.889038
34723.000000 1112.448486 0.000000 1618.989990
34723.000000 1112.448486 0.000000 1619.089966
34723.000000 1112.448486 0.000000 1619.183960
34723.000000 1112.448486 0.000000 1619.284058
34723.000000 1112.448486 0.000000 1619.389038
34723.000000 1112.448486 0.000000 1619.489014
34723.000000 1112.448486 0.000000 1619.587036
34723.000000 1112.448486 0.000000 1619.687012
34723.000000 1112.448486 0.000000 1619.786987
34723.000000 1112.448486 0.000000 1619.886963
34723.000000 1112.448486 0.000000 1619.991943
34723.000000 1112.448486 0.000000 1620.095947
34723.000000 1112.448486 0.000000 1620.191040
34723.000000 1112.448486 0.000000 1620.291016
34723.000000 1112.448486 0.000000 1620.385986
34723.000000 1112.448486 0.000000 1620.485962
34723.000000 1112.448486 0.000000 1620.592041
34723.000000 1112.448486 0.000000 1620.694946
34723.000000 1112.448486 0.000000 1620.800049
34723.000000 1112.448486 0.000000 1620.895020
34723.000000 1112.448486 0.000000 1621.000000
34723.000000 1112.448486 0.000000 1621.086060
34723.000000 1112.448486 0.000000 1621.188965
34723.000000 1112.448486 0.000000 1621.293945
34723.000000 1112.448486 0.000000 1621.385986
34723.000000 1112.448486 0.000000 1621.491943
34723.000000 1112.448486 0.000000 1621.593018
34723.000000 1112.448486 0.000000 1621.691040
34723.000000 1112.448486 0.000000 1621.792969
34723.000000 1112.448486 0.000000 1621.890991
34723.000000 1112.448486 0.000000 1621.985962
34723.000000 1112.448486 0.000000 1622.095947
34723.000000 1112.448486 0.000000 1622.187012
34723.000000 1112.448486 0.000000 1622.286011
34723.000000 1112.448486 0.000000 1622.385986
34723.000000 1112.448486 0.000000 1622.494995
34723.000000 1112.448486 0.000000 1622.600952
34723.000000 1112.448486 0.000000 1622.696045
34723.000000 1112.448486 0.000000 1622.796021
34723.000000 1112.448486 0.000000 1622.891968
34723.000000 1112.448486 0.000000 1622.996948
34723.000000 1112.448486 0.000000 1623.086060
34723.000000 1112.448486 0.000000 1623.187988
34723.000000 1112.448486 0.000000 1623.292969
34723.000000 1112.448486 0.000000 1623.397949
34723.000000 1112.448486 0.000000 1623.495972
34723.000000 1112.448486 0.000000 1623.587036
34723.000000 1112.448486 0.000000 1623.686035
34723.000000 1112.448486 0.000000 1623.786011
34723.000000 1112.448486 0.000000 1623.892944
34723.000000 1112.448486 0.000000 1623.990967
34723.000000 1112.448486 0.000000 1624.086060
34723.000000 1112.448486 0.000000 1624.186035
34723.000000 1112.448486 0.000000 1624.292969
34723.000000 1112.448486 0.000000 1624.392944
34723.000000 1112.448486 0.000000 1624.490967
34723.000000 1112.448486 0.000000 1624.586060
34723.000000 1112.448486 0.000000 1624.691040
34723.000000 1112.448486 0.000000 1624.797974
34723.000000 1112.448486 0.000000 1624.892944
34723.000000 1112.448486 0.000000 1624.993042
34723.000000 1112.448486 0.000000 1625.116943
34723.000000 1112.448486 0.000000 1625.187012
34723.000000 1112.448486 0.000000 1625.281006
34723.000000 1112.448486 0.000000 1625.385986
34723.000000 1112.448486 0.000000 1625.491943
34723.000000 1112.448486 0.000000 1625.586060
34723.000000 1112.448486 0.000000 1625.686035
34723.000000 1112.448486 0.000000 1625.786011
34723.000000 1112.448486 0.000000 1625.885986
34723.000000 1112.448486 0.000000 1626.001953
34723.000000 1112.448486 0.000000 1626.086060
34723.000000 1112.448486 0.000000 1626.187988
34723.000000 1112.448486 0.000000 1626.297974
34723.000000 1112.448486 0.000000 1626.394043
34723.000000 1112.448486 0.000000 1626.484009
34723.000000 1112.448486 0.000000 1626.584961
34723.000000 1112.448486 0.000000 1626.696045
34723.000000 1112.448486 0.000000 1626.786011
34723.000000 1112.448486 0.000000 1626.884033
34723.000000 1112.448486 0.000000 1626.984009
34723.000000 1112.448486 0.000000 1627.083984
34723.000000 1112.448486 0.000000 1627.183960
34723.000000 1112.448486 0.000000 1627.288940
34723.000000 1112.448486 0.000000 1627.389038
34723.000000 1112.448486 0.000000 1627.494019
34723.000000 1112.448486 0.000000 1627.583984
34723.000000 1112.448486 0.000000 1627.693970
34723.000000 1112.448486 0.000000 1627.784058
34723.000000 1112.448486 0.000000 1627.897949
34723.000000 1112.448486 0.000000 1627.984009
34723.000000 1112.448486 0.000000 1628.083984
34723.000000 1112.448486 0.000000 1628.188965
34723.000000 1112.448486 0.000000 1628.290039
34723.000000 1112.448486 0.000000 1628.389038
34723.000000 1112.448486 0.000000 1628.483032
34723.000000 1112.448486 0.000000 1628.582031
34723.000000 1112.448486 0.000000 1628.687012
34723.000000 1112.448486 0.000000 1628.791992
34723.000000 1112.448486 0.000000 1628.886963
34723.000000 1112.448486 0.000000 1628.994995
34723.000000 1112.448486 0.000000 1629.087036
34723.000000 1112.448486 0.000000 1629.187012
34723.000000 1112.448486 0.000000 1629.287964
34723.000000 1112.448486 0.000000 1629.389038
34723.000000 1112.448486 0.000000 1629.488037
34723.000000 1112.448486 0.000000 1629.592041
34723.000000 1112.448486 0.000000 1629.682983
34723.000000 1112.448486 0.000000 1629.782959
34723.000000 1112.448486 0.000000 1629.890991
34723.000000 1112.448486 0.000000 1629.988037
34723.000000 1112.448486 0.000000 1630.088013
34723.000000 1112.448486 0.000000 1630.187988
34723.000000 1112.448486 0.000000 1630.282959
34723.000000 1112.448486 0.000000 1630.390991
34723.000000 1112.448486 0.000000 1630.489990
34723.000000 1112.448486 0.000000 1630.588989
34723.000000 1112.448486 0.000000 1630.692993
34723.000000 1112.448486 0.000000 1630.795044
34723.000000 1112.448486 0.000000 1630.894043
34723.000000 1112.448486 0.000000 1630.994019
34723.000000 1112.448486 0.000000 1631.093994
34723.000000 1112.448486 0.000000 1631.198975
34723.000000 1112.448486 0.000000 1631.295044
34723.000000 1112.448486 0.000000 1631.394043
34723.000000 1112.448486 0.000000 1631.488037
34723.000000 1112.448486 0.000000 1631.588013
34723.000000 1112.448486 0.000000 1631.697998
34723.000000 1112.448486 0.000000 1631.806030
34723.000000 1112.448486 0.000000 1631.892944
34723.000000 1112.448486 0.000000 1631.994019
34723.000000 1112.448486 0.000000 1632.088013
34723.000000 1112.448486 0.000000 1632.192993
34723.000000 1112.448486 0.000000 1632.293945
34723.000000 1112.448486 0.000000 1632.387939
34723.000000 1112.448486 0.000000 1632.493042
34723.000000 1112.448486 0.000000 1632.603027
34723.000000 1112.448486 0.000000 1632.687988
34723.000000 1112.448486 0.000000 1632.787964
34723.000000 1112.448486 0.000000 1632.892944
34723.000000 1112.448486 0.000000 1632.993042
34723.000000 1112.448486 0.000000 1633.093994
34723.000000 1112.448486 0.000000 1633.197021
34723.000000 1112.448486 0.000000 1633.307007
34723.000000 1112.448486 0.000000 1633.401978
34723.000000 1112.448486 0.000000 1633.496948
34723.000000 1112.448486 0.000000 1633.597046
34723.000000 1112.448486 0.000000 1633.707031
34723.000000 1112.448486 0.000000 1633.792969
34723.000000 1112.448486 0.000000 1633.887939
34723.000000 1112.448486 0.000000 1634.003052
34723.000000 1112.448486 0.000000 1634.100952
34723.000000 1112.448486 0.000000 1634.201050
34723.000000 1112.448486 0.000000 1634.296021
34723.000000 1112.448486 0.000000 1634.401001
34723.000000 1112.448486 0.000000 1634.505981
34723.000000 1112.448486 0.000000 1634.605957
34723.000000 1112.448486 0.000000 1634.701050
34723.000000 1112.448486 0.000000 1634.806030
34723.000000 1112.448486 0.000000 1634.892944
34723.000000 1112.448486 0.000000 1634.994019
34723.000000 1112.448486 0.000000 1635.093018
34723.000000 1112.448486 0.000000 1635.199951
34723.000000 1112.448486 0.000000 1635.297974
34723.000000 1112.448486 0.000000 1635.390991
34723.000000 1112.448486 0.000000 1635.498047
34723.000000 1112.448486 0.000000 1635.593018
34723.000000 1112.448486 0.000000 1635.692993
34723.000000 1112.448486 0.000000 1635.800049
34723.000000 1112.448486 0.000000 1635.892944
34723.000000 1112.448486 0.000000 1635.990967
34723.000000 1112.448486 0.000000 1636.094971
34723.000000 1112.448486 0.000000 1636.197021
34723.000000 1112.448486 0.000000 1636.296997
34723.000000 1112.448486 0.000000 1636.397949
34723.000000 1112.448486 0.000000 1636.500000
34723.000000 1112.448486 0.000000 1636.599976
34723.000000 1112.448486 0.000000 1636.704956
34723.000000 1112.448486 0.000000 1636.796997
34723.000000 1112.448486 0.000000 1636.891968
34723.000000 1112.448486 0.000000 1636.991943
34723.000000 1112.448486 0.000000 1637.100952
34723.000000 1112.448486 0.000000 1637.196045
34723.000000 1112.448486 0.000000 1637.307983
34723.000000 1112.448486 0.000000 1637.399048
34723.000000 1112.448486 0.000000 1637.503052
34723.000000 1112.448486 0.000000 1637.590942
34723.000000 1112.448486 0.000000 1637.689941
34723.000000 1112.448486 0.000000 1637.793945
34723.000000 1112.448486 0.000000 1637.894043
34723.000000 1112.448486 0.000000 1638.000000
34723.000000 1112.448486 0.000000 1638.098022
34723.000000 1112.448486 0.000000 1638.193970
34723.000000 1112.448486 0.000000 1638.290039
34723.000000 1112.448486 0.000000 1638.395020
34723.000000 1112.448486 0.000000 1638.501953
34723.000000 1112.448486 0.000000 1638.593994
34723.000000 1112.448486 0.000000 1638.708008
34723.000000 1112.448486 0.000000 1638.787964
34723.000000 1112.448486 0.000000 1638.887939
34723.000000 1112.448486 0.000000 1638.998047
34723.000000 1112.448486 0.000000 1639.092041
34723.000000 1112.448486 0.000000 1639.192017
34723.000000 1112.448486 0.000000 1639.292969
34723.000000 1112.448486 0.000000 1639.391968
34723.000000 1112.448486 0.000000 1639.491943
34723.000000 1112.448486 0.000000 1639.599976
34723.000000 1112.448486 0.000000 1639.689941
34723.000000 1112.448486 0.000000 1639.790039
34723.000000 1112.448486 0.000000 1639.899048
34723.000000 1112.448486 0.000000 1639.989014
34723.000000 1112.448486 0.000000 1640.104004
34723.000000 1112.448486 0.000000 1640.199951
34723.000000 1112.448486 0.000000 1640.297974
34723.000000 1112.448486 0.000000 1640.389038
34723.000000 1112.448486 0.000000 1640.500000
34723.000000 1112.448486 0.000000 1640.593994
34723.000000 1112.448486 0.000000 1640.693970
34723.000000 1112.448486 0.000000 1640.791992
34723.000000 1112.448486 0.000000 1640.906006
34723.000000 1112.448486 0.000000 1640.990967
34723.000000 1112.448486 0.000000 1641.090942
34723.000000 1112.448486 0.000000 1641.191040
34723.000000 1112.448486 0.000000 1641.291016
34723.000000 1112.448486 0.000000 1641.390991
34723.000000 1112.448486 0.000000 1641.499023
34723.000000 1112.448486 0.000000 1641.599976
34723.000000 1112.448486 0.000000 1641.698975
34723.000000 1112.448486 0.000000 1641.798950
34723.000000 1112.448486 0.000000 1641.899048
34723.000000 1112.448486 0.000000 1642.004028
34723.000000 1112.448486 0.000000 1642.100952
34723.000000 1112.448486 0.000000 1642.206055
34723.000000 1112.448486 0.000000 1642.306030
34723.000000 1112.448486 0.000000 1642.406006
34723.000000 1112.448486 0.000000 1642.500977
34723.000000 1112.448486 0.000000 1642.597046
34723.000000 1112.448486 0.000000 1642.691040
34723.000000 1112.448486 0.000000 1642.802002
34723.000000 1112.448486 0.000000 1642.890991
34723.000000 1112.448486 0.000000 1642.995972
34723.000000 1112.448486 0.000000 1643.100952
34723.000000 1112.448486 0.000000 1643.201050
34723.000000 1112.448486 0.000000 1643.306030
34723.000000 1112.448486 0.000000 1643.402954
34723.000000 1112.448486 0.000000 1643.495972
34723.000000 1112.448486 0.000000 1643.593994
34723.000000 1112.448486 0.000000 1643.692993
34723.000000 1112.448486 0.000000 1643.796021
34723.000000 1112.448486 0.000000 1643.895996
34723.000000 1112.448486 0.000000 1643.995972
34723.000000 1112.448486 0.000000 1644.098999
34723.000000 1112.448486 0.000000 1644.196045
34723.000000 1112.448486 0.000000 1644.291016
34723.000000 1112.448486 0.000000 1644.395996
34723.000000 1112.448486 0.000000 1644.495972
34723.000000 1112.448486 0.000000 1644.590942
34723.000000 1112.448486 0.000000 1644.691040
34723.000000 1112.448486 0.000000 1644.805054
34723.125000 1112.448486 0.000000 1644.892944
34723.125000 1112.448486 0.000000 1644.998047
34723.125000 1112.448486 0.000000 1645.099976
34723.125000 1112.448486 0.000000 1645.192993
34723.125000 1112.448486 0.000000 1645.296997
34723.125000 1112.448486 0.000000 1645.392944
34723.125000 1112.448486 0.000000 1645.500000
34723.125000 1112.448486 0.000000 1645.604004
34723.125000 1112.448486 0.000000 1645.703979
34723.125000 1112.448486 0.000000 1645.795044
34723.125000 1112.448486 0.000000 1645.890991
34723.125000 1112.448486 0.000000 1645.994995
34723.125000 1112.448486 0.000000 1646.099976
34723.125000 1112.448486 0.000000 1646.204956
34723.125000 1112.448486 0.000000 1646.295044
34723.125000 1112.448486 0.000000 1646.395020
34723.125000 1112.448486 0.000000 1646.500977
34723.125000 1112.448486 0.000000 1646.595947
34723.125000 1112.448486 0.000000 1646.701050
34723.125000 1112.448486 0.000000 1646.790039
34723.125000 1112.448486 0.000000 1646.895996
34723.125000 1112.448486 0.000000 1646.989990
34723.125000 1112.448486 0.000000 1647.099976
34723.125000 1112.448486 0.000000 1647.202026
34723.125000 1112.448486 0.000000 1647.291992
34723.125000 1112.448486 0.000000 1647.395020
34723.125000 1112.448486 0.000000 1647.489990
34723.125000 1112.448486 0.000000 1647.594971
34723.125000 1112.448486 0.000000 1647.694946
34723.125000 1112.448486 0.000000 1647.795044
34723.125000 1112.448486 0.000000 1647.895020
34723.125000 1112.448486 0.000000 1647.989990
34723.125000 1112.448486 0.000000 1648.090942
34723.125000 1112.448486 0.000000 1648.194946
34723.125000 1112.448486 0.000000 1648.302979
34723.125000 1112.448486 0.000000 1648.399048
34723.125000 1112.448486 0.000000 1648.499023
34723.125000 1112.448486 0.000000 1648.595947
34723.125000 1112.448486 0.000000 1648.699951
34723.125000 1112.448486 0.000000 1648.795044
34723.125000 1112.448486 0.000000 1648.895020
34723.125000 1112.448486 0.000000 1649.003052
34723.125000 1112.448486 0.000000 1649.097046
34723.125000 1112.448486 0.000000 1649.192017
34723.125000 1112.448486 0.000000 1649.290039
34723.125000 1112.448486 0.000000 1649.395020
34723.125000 1112.448486 0.000000 1649.494995
34723.125000 1112.448486 0.000000 1649.598999
34723.125000 1112.448486 0.000000 1649.697021
34723.125000 1112.448486 0.000000 1649.805054
34723.125000 1112.448486 0.000000 1649.897949
34723.125000 1112.448486 0.000000 1650.000000
34723.125000 1112.448486 0.000000 1650.099976
34723.125000 1112.448486 0.000000 1650.191040
34723.125000 1112.448486 0.000000 1650.305054
34723.125000 1112.448486 0.000000 1650.400024
34723.125000 1112.448486 0.000000 1650.494995
34723.125000 1112.448486 0.000000 1650.599976
34723.125000 1112.448486 0.000000 1650.694946
34723.125000 1112.448486 0.000000 1650.795044
34723.125000 1112.448486 0.000000 1650.890015
34723.125000 1112.448486 0.000000 1651.001953
34723.125000 1112.448486 0.000000 1651.116943
34723.125000 1112.448486 0.000000 1651.192017
34723.125000 1112.448486 0.000000 1651.291016
34723.125000 1112.448486 0.000000 1651.390991
34723.125000 1112.448486 0.000000 1651.495972
34723.125000 1112.448486 0.000000 1651.607056
34723.125000 1112.448486 0.000000 1651.699951
34723.125000 1112.448486 0.000000 1651.796021
34723.125000 1112.448486 0.000000 1651.901978
34723.125000 1112.448486 0.000000 1651.994995
34723.250000 1112.448486 0.000000 1652.089966
34723.250000 1112.448486 0.000000 1652.209961
34723.250000 1112.448486 0.000000 1652.290039
34723.250000 1112.448486 0.000000 1652.407959
34723.250000 1112.448486 0.000000 1652.499023
34723.250000 1112.448486 0.000000 1652.594971
34723.250000 1112.448486 0.000000 1652.689941
34723.250000 1112.448486 0.000000 1652.791992
34723.250000 1112.448486 0.000000 1652.900024
34723.250000 1112.448486 0.000000 1652.996948
34723.250000 1112.448486 0.000000 1653.092041
34723.250000 1112.448486 0.000000 1653.197021
34723.250000 1112.448486 0.000000 1653.287964
34723.250000 1112.448486 0.000000 1653.392944
34723.250000 1112.448486 0.000000 1653.493042
34723.250000 1112.448486 0.000000 1653.593994
34723.250000 1112.448486 0.000000 1653.693970
34723.250000 1112.448486 0.000000 1653.792969
34723.250000 1112.448486 0.000000 1653.912964
34723.250000 1112.448486 0.000000 1653.991943
34723.250000 1112.448486 0.000000 1654.097046
34723.250000 1112.448486 0.000000 1654.192017
34723.250000 1112.448486 0.000000 1654.291992
34723.250000 1112.448486 0.000000 1654.401001
34723.250000 1112.448486 0.000000 1654.501953
34723.250000 1112.448486 0.000000 1654.592041
34723.250000 1112.448486 0.000000 1654.703003
34723.250000 1112.448486 0.000000 1654.805054
34723.250000 1112.448486 0.000000 1654.900024
34723.250000 1112.448486 0.000000 1655.005981
34723.250000 1112.448486 0.000000 1655.098999
34723.250000 1112.448486 0.000000 1655.203979
34723.250000 1112.448486 0.000000 1655.303955
34723.250000 1112.448486 0.000000 1655.395020
34723.250000 1112.448486 0.000000 1655.494995
34723.250000 1112.448486 0.000000 1655.594971
34723.250000 1112.448486 0.000000 1655.696045
34723.250000 1112.448486 0.000000 1655.801025
34723.250000 1112.448486 0.000000 1655.890015
34723.250000 1112.448486 0.000000 1655.994995
34723.250000 1112.448486 0.000000 1656.090942
34723.250000 1112.448486 0.000000 1656.192993
34723.250000 1112.448486 0.000000 1656.298950
34723.250000 1112.448486 0.000000 1656.404053
34723.250000 1112.448486 0.000000 1656.501953
34723.250000 1112.448486 0.000000 1656.602051
34723.250000 1112.448486 0.000000 1656.691040
34723.250000 1112.448486 0.000000 1656.802002
34723.250000 1112.448486 0.000000 1656.892944
34723.250000 1112.448486 0.000000 1656.995972
34723.250000 1112.448486 0.000000 1657.103027
34723.250000 1112.448486 0.000000 1657.201050
34723.250000 1112.448486 0.000000 1657.291016
34723.250000 1112.448486 0.000000 1657.413940
34723.250000 1112.448486 0.000000 1657.504028
34723.250000 1112.448486 0.000000 1657.604004
34723.250000 1112.448486 0.000000 1657.703979
34723.250000 1112.448486 0.000000 1657.803955
34723.250000 1112.448486 0.000000 1657.895996
34723.250000 1112.448486 0.000000 1657.999023
34723.250000 1112.448486 0.000000 1658.102051
34723.250000 1112.448486 0.000000 1658.192017
34723.250000 1112.448486 0.000000 1658.291992
34723.250000 1112.448486 0.000000 1658.391968
34723.250000 1112.448486 0.000000 1658.493042
34723.250000 1112.448486 0.000000 1658.592041
34723.250000 1112.448486 0.000000 1658.699951
34723.250000 1112.448486 0.000000 1658.796997
34723.250000 1112.448486 0.000000 1658.901978
34723.250000 1112.448486 0.000000 1658.996948
34723.250000 1112.448486 0.000000 1659.112061
34723.250000 1112.448486 0.000000 1659.212036
34723.250000 1112.448486 0.000000 1659.297974
34723.250000 1112.448486 0.000000 1659.401978
34723.250000 1112.448486 0.000000 1659.499023
34723.250000 1112.448486 0.000000 1659.593994
34723.250000 1112.448486 0.000000 1659.696045
34723.250000 1112.448486 0.000000 1659.796021
34723.250000 1112.448486 0.000000 1659.901978
34723.250000 1112.448486 0.000000 1659.999023
34723.250000 1112.448486 0.000000 1660.097046
34723.250000 1112.448486 0.000000 1660.202026
34723.250000 1112.448486 0.000000 1660.292969
34723.250000 1112.448486 0.000000 1660.399048
34723.250000 1112.448486 0.000000 1660.509033
34723.250000 1112.448486 0.000000 1660.604004
34723.250000 1112.448486 0.000000 1660.708984
34723.250000 1112.448486 0.000000 1660.808960
34723.250000 1112.448486 0.000000 1660.909058
34723.250000 1112.448486 0.000000 1660.994019
34723.250000 1112.448486 0.000000 1661.100952
34723.250000 1112.448486 0.000000 1661.203979
34723.250000 1112.448486 0.000000 1661.300049
34723.250000 1112.448486 0.000000 1661.401001
34723.250000 1112.448486 0.000000 1661.499023
34723.250000 1112.448486 0.000000 1661.594971
34723.250000 1112.448486 0.000000 1661.693970
34723.250000 1112.448486 0.000000 1661.793945
34723.250000 1112.448486 0.000000 1661.891968
34723.250000 1112.448486 0.000000 1661.989990
34723.250000 1112.448486 0.000000 1662.094971
34723.250000 1112.448486 0.000000 1662.196045
34723.250000 1112.448486 0.000000 1662.295044
34723.250000 1112.448486 0.000000 1662.395020
34723.250000 1112.448486 0.000000 1662.494995
34723.250000 1112.448486 0.000000 1662.589966
34723.250000 1112.448486 0.000000 1662.697998
34723.250000 1112.448486 0.000000 1662.803955
34723.250000 1112.448486 0.000000 1662.890991
34723.250000 1112.448486 0.000000 1663.003052
34723.250000 1112.448486 0.000000 1663.098022
34723.250000 1112.448486 0.000000 1663.192993
34723.250000 1112.448486 0.000000 1663.310059
34723.250000 1112.448486 0.000000 1663.495972
34723.250000 1112.448486 0.000000 1663.597046
34723.250000 1112.448486 0.000000 1663.697021
34723.250000 1112.448486 0.000000 1663.796021
34723.250000 1112.448486 0.000000 1663.901001
34723.250000 1112.448486 0.000000 1664.010010
34723.250000 1112.448486 0.000000 1664.100952
34723.250000 1112.448486 0.000000 1664.204956
34723.250000 1112.448486 0.000000 1664.307983
34723.250000 1112.448486 0.000000 1664.401978
34723.250000 1112.448486 0.000000 1664.511963
34723.250000 1112.448486 0.000000 1664.605957
34723.250000 1112.448486 0.000000 1664.696045
34723.250000 1112.448486 0.000000 1664.807007
34723.250000 1112.448486 0.000000 1664.906982
34723.250000 1112.448486 0.000000 1665.015991
34723.250000 1112.448486 0.000000 1665.211060
34723.250000 1112.448486 0.000000 1665.409058
34723.250000 1112.448486 0.000000 1665.500977
34723.250000 1112.448486 0.000000 1665.600952
34723.250000 1112.448486 0.000000 1665.696045
34723.250000 1112.448486 0.000000 1665.796021
34723.250000 1112.448486 0.000000 1665.910034
34723.250000 1112.448486 0.000000 1666.010010
34723.250000 1112.448486 0.000000 1666.104980
34723.250000 1112.448486 0.000000 1666.209961
34723.250000 1112.448486 0.000000 1666.310059
34723.250000 1112.448486 0.000000 1666.406006
34723.250000 1112.448486 0.000000 1666.500977
34723.250000 1112.448486 0.000000 1666.600952
34723.250000 1112.448486 0.000000 1666.701050
34723.250000 1112.448486 0.000000 1666.797974
34723.250000 1112.448486 0.000000 1666.904053
34723.250000 1112.448486 0.000000 1666.998047
34723.250000 1112.448486 0.000000 1667.098022
34723.250000 1112.448486 0.000000 1667.198975
34723.250000 1112.448486 0.000000 1667.300049
34723.250000 1112.448486 0.000000 1667.404053
34723.250000 1112.448486 0.000000 1667.512939
34723.250000 1112.448486 0.000000 1667.613037
34723.250000 1112.448486 0.000000 1667.708008
34723.250000 1112.448486 0.000000 1667.812988
34723.250000 1112.448486 0.000000 1667.907959
34723.250000 1112.448486 0.000000 1668.008057
34723.250000 1112.448486 0.000000 1668.113037
34723.250000 1112.448486 0.000000 1668.218018
34723.250000 1112.448486 0.000000 1668.312988
34723.250000 1112.448486 0.000000 1668.404053
34723.250000 1112.448486 0.000000 1668.503052
34723.250000 1112.448486 0.000000 1668.599976
34723.250000 1112.448486 0.000000 1668.699951
34723.250000 1112.448486 0.000000 1668.805054
34723.250000 1112.448486 0.000000 1668.907959
34723.250000 1112.448486 0.000000 1668.996948
34723.250000 1112.448486 0.000000 1669.097046
34723.250000 1112.448486 0.000000 1669.212036
34723.250000 1112.448486 0.000000 1669.298950
34723.250000 1112.448486 0.000000 1669.396973
34723.250000 1112.448486 0.000000 1669.505981
34723.250000 1112.448486 0.000000 1669.602051
34723.250000 1112.448486 0.000000 1669.697021
34723.250000 1112.448486 0.000000 1669.802002
34723.250000 1112.448486 0.000000 1669.900024
34723.250000 1112.448486 0.000000 1670.005005
34723.250000 1112.448486 0.000000 1670.099976
34723.250000 1112.448486 0.000000 1670.199951
34723.250000 1112.448486 0.000000 1670.306030
34723.250000 1112.448486 0.000000 1670.400024
34723.250000 1112.448486 0.000000 1670.505005
34723.250000 1112.448486 0.000000 1670.599976
34723.250000 1112.448486 0.000000 1670.699951
34723.250000 1112.448486 0.000000 1670.805054
34723.250000 1112.448486 0.000000 1670.901001
34723.250000 1112.448486 0.000000 1671.004028
34723.250000 1112.448486 0.000000 1671.099976
34723.250000 1112.448486 0.000000 1671.199951
34723.250000 1112.448486 0.000000 1671.300049
34723.250000 1112.448486 0.000000 1671.396973
34723.250000 1112.448486 0.000000 1671.499023
34723.250000 1112.448486 0.000000 1671.598999
34723.250000 1112.448486 0.000000 1671.699951
34723.250000 1112.448486 0.000000 1671.812012
34723.250000 1112.448486 0.000000 1671.911987
34723.250000 1112.448486 0.000000 1672.011963
34723.250000 1112.448486 0.000000 1672.110962
34723.250000 1112.448486 0.000000 1672.206055
34723.250000 1112.448486 0.000000 1672.298950
34723.250000 1112.448486 0.000000 1672.399048
34723.250000 1112.448486 0.000000 1672.504028
34723.250000 1112.448486 0.000000 1672.607056
34723.250000 1112.448486 0.000000 1672.703979
34723.250000 1112.448486 0.000000 1672.798950
34723.250000 1112.448486 0.000000 1672.909058
34723.250000 1112.448486 0.000000 1673.004028
34723.250000 1112.448486 0.000000 1673.114990
34723.250000 1112.448486 0.000000 1673.198975
34723.250000 1112.448486 0.000000 1673.307983
34723.250000 1112.448486 0.000000 1673.406982
34723.250000 1112.448486 0.000000 1673.498047
34723.250000 1112.448486 0.000000 1673.602051
34723.250000 1112.448486 0.000000 1673.697998
34723.250000 1112.448486 0.000000 1673.802979
34723.250000 1112.448486 0.000000 1673.904053
34723.250000 1112.448486 0.000000 1674.005981
34723.250000 1112.448486 0.000000 1674.110962
34723.250000 1112.448486 0.000000 1674.197998
34723.250000 1112.448486 0.000000 1674.297974
34723.250000 1112.448486 0.000000 1674.400024
34723.250000 1112.448486 0.000000 1674.510986
34723.250000 1112.448486 0.000000 1674.605957
34723.250000 1112.448486 0.000000 1674.706055
34723.250000 1112.448486 0.000000 1674.811035
34723.250000 1112.448486 0.000000 1674.901978
34723.250000 1112.448486 0.000000 1675.017944
34723.250000 1112.448486 0.000000 1675.108032
34723.250000 1112.448486 0.000000 1675.208008
34723.250000 1112.448486 0.000000 1675.310059
34723.250000 1112.448486 0.000000 1675.411987
34723.250000 1112.448486 0.000000 1675.510010
34723.250000 1112.448486 0.000000 1675.605957
34723.250000 1112.448486 0.000000 1675.711060
34723.250000 1112.448486 0.000000 1675.808960
34723.250000 1112.448486 0.000000 1675.910034
34723.250000 1112.448486 0.000000 1676.011963
34723.250000 1112.448486 0.000000 1676.110962
34723.250000 1112.448486 0.000000 1676.218994
34723.250000 1112.448486 0.000000 1676.306030
34723.250000 1112.448486 0.000000 1676.411987
34723.250000 1112.448486 0.000000 1676.505005
34723.250000 1112.448486 0.000000 1676.609009
34723.250000 1112.448486 0.000000 1676.703979
34723.250000 1112.448486 0.000000 1676.808960
34723.250000 1112.448486 0.000000 1676.904053
34723.250000 1112.448486 0.000000 1677.005005
34723.250000 1112.448486 0.000000 1677.114014
34723.250000 1112.448486 0.000000 1677.218994
34723.250000 1112.448486 0.000000 1677.311035
34723.250000 1112.448486 0.000000 1677.407959
34723.250000 1112.448486 0.000000 1677.505005
34723.250000 1112.448486 0.000000 1677.610962
34723.250000 1112.448486 0.000000 1677.706055
34723.250000 1112.448486 0.000000 1677.807007
34723.250000 1112.448486 0.000000 1677.906006
34723.250000 1112.448486 0.000000 1678.006958
34723.250000 1112.448486 0.000000 1678.105957
34723.250000 1112.448486 0.000000 1678.214966
34723.250000 1112.448486 0.000000 1678.306030
34723.250000 1112.448486 0.000000 1678.406006
34723.250000 1112.448486 0.000000 1678.505981
34723.250000 1112.448486 0.000000 1678.605957
34723.250000 1112.448486 0.000000 1678.706055
34723.250000 1112.448486 0.000000 1678.806030
34723.250000 1112.448486 0.000000 1678.906006
34723.250000 1112.448486 0.000000 1679.005981
34723.250000 1112.448486 0.000000 1679.105957
34723.250000 1112.448486 0.000000 1679.218018
34723.250000 1112.448486 0.000000 1679.311035
34723.250000 1112.448486 0.000000 1679.406006
34723.250000 1112.448486 0.000000 1679.505981
34723.250000 1112.448486 0.000000 1679.607056
34723.250000 1112.448486 0.000000 1679.708984
34723.250000 1112.448486 0.000000 1679.803955
34723.250000 1112.448486 0.000000 1679.909058
34723.250000 1112.448486 0.000000 1680.009033
34723.250000 1112.448486 0.000000 1680.104004
34723.250000 1112.448486 0.000000 1680.208984
34723.250000 1112.448486 0.000000 1680.303955
34723.250000 1112.448486 0.000000 1680.411011
34723.250000 1112.448486 0.000000 1680.508057
34723.250000 1112.448486 0.000000 1680.604004
34723.250000 1112.448486 0.000000 1680.704956
34723.250000 1112.448486 0.000000 1680.803955
34723.250000 1112.448486 0.000000 1680.904053
34723.250000 1112.448486 0.000000 1681.004028
34723.250000 1112.448486 0.000000 1681.121948
34723.250000 1112.448486 0.000000 1681.213989
34723.250000 1112.448486 0.000000 1681.313965
34723.250000 1112.448486 0.000000 1681.418945
34723.250000 1112.448486 0.000000 1681.509033
34723.250000 1112.448486 0.000000 1681.609985
34723.250000 1112.448486 0.000000 1681.724976
34723.250000 1112.448486 0.000000 1681.810059
34723.250000 1112.448486 0.000000 1681.915039
34723.250000 1112.448486 0.000000 1682.010986
34723.250000 1112.448486 0.000000 1682.115967
34723.250000 1112.448486 0.000000 1682.203979
34723.250000 1112.448486 0.000000 1682.319946
34723.250000 1112.448486 0.000000 1682.410034
34723.250000 1112.448486 0.000000 1682.515991
34723.250000 1112.448486 0.000000 1682.614014
34723.250000 1112.448486 0.000000 1682.713989
34723.250000 1112.448486 0.000000 1682.818970
34723.250000 1112.448486 0.000000 1682.913940
34723.250000 1112.448486 0.000000 1683.029053
34723.250000 1112.448486 0.000000 1683.114014
34723.250000 1112.448486 0.000000 1683.223999
34723.250000 1112.448486 0.000000 1683.318970
34723.250000 1112.448486 0.000000 1683.420044
34723.250000 1112.448486 0.000000 1683.530029
34723.250000 1112.448486 0.000000 1683.630005
34723.250000 1112.448486 0.000000 1683.724976
34723.250000 1112.448486 0.000000 1683.810059
34723.250000 1112.448486 0.000000 1683.912964
34723.250000 1112.448486 0.000000 1684.022949
34723.250000 1112.448486 0.000000 1684.118042
34723.250000 1112.448486 0.000000 1684.225952
34723.250000 1112.448486 0.000000 1684.417969
34723.250000 1112.448486 0.000000 1684.515991
34723.250000 1112.448486 0.000000 1684.612061
34723.250000 1112.448486 0.000000 1684.715942
34723.250000 1112.448486 0.000000 1684.819946
34723.250000 1112.448486 0.000000 1684.911011
34723.250000 1112.448486 0.000000 1685.020996
34723.250000 1112.448486 0.000000 1685.123047
34723.250000 1112.448486 0.000000 1685.211060
34723.250000 1112.448486 0.000000 1685.312012
34723.250000 1112.448486 0.000000 1685.416992
34723.250000 1112.448486 0.000000 1685.515015
34723.250000 1112.448486 0.000000 1685.619995
34723.250000 1112.448486 0.000000 1685.709961
34723.250000 1112.448486 0.000000 1685.823975
34723.250000 1112.448486 0.000000 1685.918945
34723.250000 1112.448486 0.000000 1686.019043
34723.250000 1112.448486 0.000000 1686.129028
34723.250000 1112.448486 0.000000 1686.218994
34723.250000 1112.448486 0.000000 1686.323975
34723.250000 1112.448486 0.000000 1686.423950
34723.250000 1112.448486 0.000000 1686.519043
34723.250000 1112.448486 0.000000 1686.619019
34723.250000 1112.448486 0.000000 1686.723999
34723.250000 1112.448486 0.000000 1686.817993
34723.250000 1112.448486 0.000000 1686.922974
34723.250000 1112.448486 0.000000 1687.022949
34723.250000 1112.448486 0.000000 1687.123047
34723.250000 1112.448486 0.000000 1687.218018
34723.250000 1112.448486 0.000000 1687.322998
34723.250000 1112.448486 0.000000 1687.427979
34723.250000 1112.448486 0.000000 1687.515015
34723.250000 1112.448486 0.000000 1687.614990
34723.250000 1112.448486 0.000000 1687.709961
34723.250000 1112.448486 0.000000 1687.817017
34723.250000 1112.448486 0.000000 1687.911987
34723.250000 1112.448486 0.000000 1688.011963
34723.250000 1112.448486 0.000000 1688.121948
34723.250000 1112.448486 0.000000 1688.218018
34723.250000 1112.448486 0.000000 1688.322998
34723.250000 1112.448486 0.000000 1688.416992
34723.250000 1112.448486 0.000000 1688.511963
34723.250000 1112.448486 0.000000 1688.612061
34723.250000 1112.448486 0.000000 1688.712036
34723.250000 1112.448486 0.000000 1688.812012
34723.250000 1112.448486 0.000000 1688.915039
34723.250000 1112.448486 0.000000 1689.021973
34723.250000 1112.448486 0.000000 1689.119995
34723.250000 1112.448486 0.000000 1689.219971
34723.250000 1112.448486 0.000000 1689.319946
34723.250000 1112.448486 0.000000 1689.421997
34723.250000 1112.448486 0.000000 1689.511963
34723.250000 1112.448486 0.000000 1689.612061
34723.250000 1112.448486 0.000000 1689.713989
34723.250000 1112.448486 0.000000 1689.812988
34723.250000 1112.448486 0.000000 1689.925049
34723.250000 1112.448486 0.000000 1690.020996
34723.250000 1112.448486 0.000000 1690.114014
34723.250000 1112.448486 0.000000 1690.218018
34723.250000 1112.448486 0.000000 1690.310059
34723.250000 1112.448486 0.000000 1690.412964
34723.250000 1112.448486 0.000000 1690.522949
34723.250000 1112.448486 0.000000 1690.619995
34723.250000 1112.448486 0.000000 1690.713013
34723.250000 1112.448486 0.000000 1690.812988
34723.250000 1112.448486 0.000000 1690.917969
34723.250000 1112.448486 0.000000 1691.012939
34723.250000 1112.448486 0.000000 1691.113037
34723.250000 1112.448486 0.000000 1691.213013
34723.250000 1112.448486 0.000000 1691.313965
34723.250000 1112.448486 0.000000 1691.412964
34723.250000 1112.448486 0.000000 1691.520020
34723.250000 1112.448486 0.000000 1691.613037
34723.250000 1112.448486 0.000000 1691.718994
34723.250000 1112.448486 0.000000 1691.811035
34723.250000 1112.448486 0.000000 1691.910034
34723.250000 1112.448486 0.000000 1692.015015
34723.250000 1112.448486 0.000000 1692.115967
34723.250000 1112.448486 0.000000 1692.209961
34723.250000 1112.448486 0.000000 1692.311035
34723.250000 1112.448486 0.000000 1692.417969
34723.250000 1112.448486 0.000000 1692.517944
34723.250000 1112.448486 0.000000 1692.620972
34723.250000 1112.448486 0.000000 1692.714966
34723.250000 1112.448486 0.000000 1692.819946
34723.250000 1112.448486 0.000000 1692.915039
34723.250000 1112.448486 0.000000 1693.015015
34723.250000 1112.448486 0.000000 1693.119995
34723.250000 1112.448486 0.000000 1693.215942
34723.250000 1112.448486 0.000000 1693.317017
34723.250000 1112.448486 0.000000 1693.410034
34723.250000 1112.448486 0.000000 1693.510986
34723.250000 1112.448486 0.000000 1693.609985
34723.250000 1112.448486 0.000000 1693.719971
34723.250000 1112.448486 0.000000 1693.810059
34723.250000 1112.448486 0.000000 1693.925049
34723.250000 1112.448486 0.000000 1694.025024
34723.250000 1112.448486 0.000000 1694.115967
34723.250000 1112.448486 0.000000 1694.215942
34723.250000 1112.448486 0.000000 1694.322998
34723.250000 1112.448486 0.000000 1694.420044
34723.250000 1112.448486 0.000000 1694.510010
34723.250000 1112.448486 0.000000 1694.612061
34723.250000 1112.448486 0.000000 1694.709961
34723.250000 1112.448486 0.000000 1694.814941
34723.250000 1112.448486 0.000000 1694.922974
34723.250000 1112.448486 0.000000 1695.022949
34723.250000 1112.448486 0.000000 1695.123047
34723.250000 1112.448486 0.000000 1695.215942
34723.250000 1112.448486 0.000000 1695.314941
34723.250000 1112.448486 0.000000 1695.422974
34723.250000 1112.448486 0.000000 1695.515015
34723.250000 1112.448486 0.000000 1695.610962
34723.250000 1112.448486 0.000000 1695.723022
34723.250000 1112.448486 0.000000 1695.814941
34723.250000 1112.448486 0.000000 1695.910034
34723.250000 1112.448486 0.000000 1696.010010
34723.250000 1112.448486 0.000000 1696.110962
34723.250000 1112.448486 0.000000 1696.215942
34723.250000 1112.448486 0.000000 1696.310059
34723.250000 1112.448486 0.000000 1696.413940
34723.250000 1112.448486 0.000000 1696.514038
34723.250000 1112.448486 0.000000 1696.614990
34723.250000 1112.448486 0.000000 1696.713989
34723.250000 1112.448486 0.000000 1696.811035
34723.250000 1112.448486 0.000000 1696.911987
34723.250000 1112.448486 0.000000 1697.015991
34723.250000 1112.448486 0.000000 1697.112061
34723.250000 1112.448486 0.000000 1697.217041
34723.250000 1112.448486 0.000000 1697.312012
34723.250000 1112.448486 0.000000 1697.417969
34723.250000 1112.448486 0.000000 1697.511963
34723.250000 1112.448486 0.000000 1697.612061
34723.250000 1112.448486 0.000000 1697.722046
34723.250000 1112.448486 0.000000 1697.813965
34723.250000 1112.448486 0.000000 1697.911987
34723.250000 1112.448486 0.000000 1698.020996
34723.250000 1112.448486 0.000000 1698.120972
34723.250000 1112.448486 0.000000 1698.230957
34723.250000 1112.448486 0.000000 1698.327026
34723.250000 1112.448486 0.000000 1698.432007
34723.250000 1112.448486 0.000000 1698.526978
34723.250000 1112.448486 0.000000 1698.624023
34723.250000 1112.448486 0.000000 1698.722046
34723.250000 1112.448486 0.000000 1698.822021
34723.250000 1112.448486 0.000000 1698.916992
34723.250000 1112.448486 0.000000 1699.025024
34723.250000 1112.448486 0.000000 1699.116943
34723.250000 1112.448486 0.000000 1699.217041
34723.250000 1112.448486 0.000000 1699.317017
34723.250000 1112.448486 0.000000 1699.416992
34723.250000 1112.448486 0.000000 1699.521973
34723.250000 1112.448486 0.000000 1699.626953
34723.250000 1112.448486 0.000000 1699.724976
34723.250000 1112.448486 0.000000 1699.827026
34723.250000 1112.448486 0.000000 1699.935059
34723.250000 1112.448486 0.000000 1700.026978
34723.250000 1112.448486 0.000000 1700.124023
34723.250000 1112.448486 0.000000 1700.222046
34723.250000 1112.448486 0.000000 1700.327026
34723.250000 1112.448486 0.000000 1700.432007
34723.250000 1112.448486 0.000000 1700.526978
34723.250000 1112.448486 0.000000 1700.626953
34723.250000 1112.448486 0.000000 1700.728027
34723.250000 1112.448486 0.000000 1700.822998
34723.250000 1112.448486 0.000000 1700.922974
34723.250000 1112.448486 0.000000 1701.016968
34723.250000 1112.448486 0.000000 1701.116943
34723.250000 1112.448486 0.000000 1701.217041
34723.250000 1112.448486 0.000000 1701.322021
34723.250000 1112.448486 0.000000 1701.421997
34723.250000 1112.448486 0.000000 1701.522949
34723.250000 1112.448486 0.000000 1701.630981
34723.250000 1112.448486 0.000000 1701.725952
34723.250000 1112.448486 0.000000 1701.817017
34723.250000 1112.448486 0.000000 1701.916992
34723.250000 1112.448486 0.000000 1702.017944
34723.250000 1112.448486 0.000000 1702.123047
34723.250000 1112.448486 0.000000 1702.217041
34723.250000 1112.448486 0.000000 1702.322021
34723.250000 1112.448486 0.000000 1702.442993
34723.250000 1112.448486 0.000000 1702.616943
34723.250000 1112.448486 0.000000 1702.722046
34723.250000 1112.448486 0.000000 1702.822021
34723.250000 1112.448486 0.000000 1702.921997
34723.250000 1112.448486 0.000000 1703.020020
34723.250000 1112.448486 0.000000 1703.121948
34723.250000 1112.448486 0.000000 1703.223022
34723.250000 1112.448486 0.000000 1703.322021
34723.250000 1112.448486 0.000000 1703.427002
34723.250000 1112.448486 0.000000 1703.526001
34723.250000 1112.448486 0.000000 1703.625000
34723.250000 1112.448486 0.000000 1703.727051
34723.250000 1112.448486 0.000000 1703.822021
34723.250000 1112.448486 0.000000 1703.922974
34723.250000 1112.448486 0.000000 1704.031006
34723.250000 1112.448486 0.000000 1704.130981
34723.250000 1112.448486 0.000000 1704.225952
34723.250000 1112.448486 0.000000 1704.331055
34723.250000 1112.448486 0.000000 1704.426025
34723.250000 1112.448486 0.000000 1704.526001
34723.250000 1112.448486 0.000000 1704.625977
34723.250000 1112.448486 0.000000 1704.730957
34723.250000 1112.448486 0.000000 1704.823975
34723.250000 1112.448486 0.000000 1704.927979
34723.250000 1112.448486 0.000000 1705.027954
34723.250000 1112.448486 0.000000 1705.129028
34723.250000 1112.448486 0.000000 1705.227051
34723.250000 1112.448486 0.000000 1705.317017
34723.250000 1112.448486 0.000000 1705.416992
34723.250000 1112.448486 0.000000 1705.527954
34723.250000 1112.448486 0.000000 1705.619995
34723.250000 1112.448486 0.000000 1705.722046
34723.250000 1112.448486 0.000000 1705.822021
34723.250000 1112.448486 0.000000 1705.925049
34723.250000 1112.448486 0.000000 1706.027954
34723.250000 1112.448486 0.000000 1706.116943
34723.250000 1112.448486 0.000000 1706.225952
34723.250000 1112.448486 0.000000 1706.327026
34723.250000 1112.448486 0.000000 1706.432007
34723.250000 1112.448486 0.000000 1706.531982
34723.250000 1112.448486 0.000000 1706.636963
34723.250000 1112.448486 0.000000 1706.737061
34723.250000 1112.448486 0.000000 1706.837036
34723.250000 1112.448486 0.000000 1706.928955
34723.250000 1112.448486 0.000000 1707.016968
34723.250000 1112.448486 0.000000 1707.123047
34723.250000 1112.448486 0.000000 1707.217041
34723.250000 1112.448486 0.000000 1707.317017
34723.250000 1112.448486 0.000000 1707.421997
34723.250000 1112.448486 0.000000 1707.516968
34723.250000 1112.448486 0.000000 1707.616943
34723.250000 1112.448486 0.000000 1707.717041
34723.250000 1112.448486 0.000000 1707.828979
34723.250000 1112.448486 0.000000 1707.927002
34723.250000 1112.448486 0.000000 1708.031006
34723.250000 1112.448486 0.000000 1708.130981
34723.250000 1112.448486 0.000000 1708.230957
34723.250000 1112.448486 0.000000 1708.328979
34723.250000 1112.448486 0.000000 1708.428955
34723.250000 1112.448486 0.000000 1708.516968
34723.250000 1112.448486 0.000000 1708.629028
34723.250000 1112.448486 0.000000 1708.722046
34723.250000 1112.448486 0.000000 1708.822021
34723.250000 1112.448486 0.000000 1708.935059
34723.250000 1112.448486 0.000000 1709.030029
34723.250000 1112.448486 0.000000 1709.135010
34723.250000 1112.448486 0.000000 1709.222046
34723.250000 1112.448486 0.000000 1709.317017
34723.250000 1112.448486 0.000000 1709.431030
34723.250000 1112.448486 0.000000 1709.519043
34723.250000 1112.448486 0.000000 1709.624023
34723.250000 1112.448486 0.000000 1709.723999
34723.250000 1112.448486 0.000000 1709.824951
34723.250000 1112.448486 0.000000 1709.927979
34723.250000 1112.448486 0.000000 1710.017944
34723.250000 1112.448486 0.000000 1710.118042
34723.250000 1112.448486 0.000000 1710.223022
34723.250000 1112.448486 0.000000 1710.322998
34723.250000 1112.448486 0.000000 1710.426025
34723.250000 1112.448486 0.000000 1710.536011
34723.250000 1112.448486 0.000000 1710.625977
34723.250000 1112.448486 0.000000 1710.730957
34723.250000 1112.448486 0.000000 1710.817993
34723.250000 1112.448486 0.000000 1710.922974
34723.250000 1112.448486 0.000000 1711.022949
34723.625000 1112.448486 0.000000 1711.135986
34723.625000 1112.448486 0.000000 1711.225952
34723.625000 1112.448486 0.000000 1711.331055
34723.750000 1112.448486 0.000000 1711.426025
34723.750000 1112.448486 0.000000 1711.522949
34723.750000 1112.448486 0.000000 1711.628052
34723.750000 1112.448486 0.000000 1711.723022
34723.750000 1112.448486 0.000000 1711.826050
34723.750000 1112.448486 0.000000 1711.931030
34723.750000 1112.448486 0.000000 1712.026001
34723.750000 1112.448486 0.000000 1712.123047
34723.750000 1112.448486 0.000000 1712.218018
34723.750000 1112.448486 0.000000 1712.317993
34723.750000 1112.448486 0.000000 1712.422974
34723.750000 1112.448486 0.000000 1712.517944
34723.750000 1112.448486 0.000000 1712.618042
34723.750000 1112.448486 0.000000 1712.723022
34723.750000 1112.448486 0.000000 1712.828003
34723.750000 1112.448486 0.000000 1712.917969
34723.750000 1112.448486 0.000000 1713.017944
34723.750000 1112.448486 0.000000 1713.134033
34723.750000 1112.448486 0.000000 1713.218994
34723.750000 1112.448486 0.000000 1713.317993
34723.750000 1112.448486 0.000000 1713.430054
34723.750000 1112.448486 0.000000 1713.525024
34723.750000 1112.448486 0.000000 1713.618042
34723.750000 1112.448486 0.000000 1713.729980
34723.750000 1112.448486 0.000000 1713.822998
34723.750000 1112.448486 0.000000 1713.922974
34723.750000 1112.448486 0.000000 1714.017944
34723.750000 1112.448486 0.000000 1714.118042
34723.750000 1112.448486 0.000000 1714.223022
34723.750000 1112.448486 0.000000 1714.323975
34723.750000 1112.448486 0.000000 1714.417969
34723.750000 1112.448486 0.000000 1714.517944
34723.750000 1112.448486 0.000000 1714.618042
34723.750000 1112.448486 0.000000 1714.720947
34723.750000 1112.448486 0.000000 1714.819946
34723.750000 1112.448486 0.000000 1714.921021
34723.750000 1112.448486 0.000000 1715.036011
34723.750000 1112.448486 0.000000 1715.134033
34723.750000 1112.448486 0.000000 1715.239014
34723.750000 1112.448486 0.000000 1715.326050
34723.750000 1112.448486 0.000000 1715.436035
34723.750000 1112.448486 0.000000 1715.532959
34723.750000 1112.448486 0.000000 1715.626953
34723.750000 1112.448486 0.000000 1715.739990
34723.750000 1112.448486 0.000000 1715.822021
34723.750000 1112.448486 0.000000 1715.927002
34723.750000 1112.448486 0.000000 1716.031982
34723.750000 1112.448486 0.000000 1716.126953
34723.750000 1112.448486 0.000000 1716.232056
34723.750000 1112.448486 0.000000 1716.332031
34723.750000 1112.448486 0.000000 1716.433960
34723.750000 1112.448486 0.000000 1716.535034
34723.750000 1112.448486 0.000000 1716.626953
34723.750000 1112.448486 0.000000 1716.727051
34723.750000 1112.448486 0.000000 1716.829956
34723.750000 1112.448486 0.000000 1716.933960
34723.750000 1112.448486 0.000000 1717.021973
34723.750000 1112.448486 0.000000 1717.126953
34723.750000 1112.448486 0.000000 1717.227051
34723.750000 1112.448486 0.000000 1717.322021
34723.750000 1112.448486 0.000000 1717.427002
34723.750000 1112.448486 0.000000 1717.526978
34723.750000 1112.448486 0.000000 1717.626953
34723.750000 1112.448486 0.000000 1717.732056
34723.750000 1112.448486 0.000000 1717.828979
34723.750000 1112.448486 0.000000 1717.927002
34723.750000 1112.448486 0.000000 1718.026978
34723.750000 1112.448486 0.000000 1718.125977
34723.750000 1112.448486 0.000000 1718.225952
34723.750000 1112.448486 0.000000 1718.322998
34723.750000 1112.448486 0.000000 1718.428955
34723.750000 1112.448486 0.000000 1718.527954
34723.750000 1112.448486 0.000000 1718.628052
34723.750000 1112.448486 0.000000 1718.737061
34723.750000 1112.448486 0.000000 1718.832031
34723.750000 1112.448486 0.000000 1718.937988
34723.750000 1112.448486 0.000000 1719.027954
34723.750000 1112.448486 0.000000 1719.128052
34723.750000 1112.448486 0.000000 1719.223022
34723.750000 1112.448486 0.000000 1719.322998
34723.750000 1112.448486 0.000000 1719.422974
34723.750000 1112.448486 0.000000 1719.527954
34723.750000 1112.448486 0.000000 1719.630981
34723.750000 1112.448486 0.000000 1719.735962
34723.750000 1112.448486 0.000000 1719.831055
34723.750000 1112.448486 0.000000 1719.927979
34723.750000 1112.448486 0.000000 1720.036011
34723.750000 1112.448486 0.000000 1720.140991
34723.750000 1112.448486 0.000000 1720.235962
34723.750000 1112.448486 0.000000 1720.336060
34723.750000 1112.448486 0.000000 1720.427979
34723.750000 1112.448486 0.000000 1720.529053
34723.750000 1112.448486 0.000000 1720.641968
34723.750000 1112.448486 0.000000 1720.735962
34723.750000 1112.448486 0.000000 1720.840942
34723.750000 1112.448486 0.000000 1720.946045
34723.750000 1112.448486 0.000000 1721.027954
34723.750000 1112.448486 0.000000 1721.140015
34723.750000 1112.448486 0.000000 1721.233032
34723.750000 1112.448486 0.000000 1721.338013
34723.750000 1112.448486 0.000000 1721.437988
34723.750000 1112.448486 0.000000 1721.527954
34723.750000 1112.448486 0.000000 1721.635010
34723.750000 1112.448486 0.000000 1721.728027
34723.750000 1112.448486 0.000000 1721.828003
34723.750000 1112.448486 0.000000 1721.928955
34723.750000 1112.448486 0.000000 1722.032959
34723.750000 1112.448486 0.000000 1722.128052
34723.750000 1112.448486 0.000000 1722.233032
34723.750000 1112.448486 0.000000 1722.333008
34723.750000 1112.448486 0.000000 1722.432983
34723.750000 1112.448486 0.000000 1722.532959
34723.750000 1112.448486 0.000000 1722.634033
34723.750000 1112.448486 0.000000 1722.733032
34723.750000 1112.448486 0.000000 1722.845947
34723.750000 1112.448486 0.000000 1722.941040
34723.750000 1112.448486 0.000000 1723.041016
34723.750000 1112.448486 0.000000 1723.140991
34723.750000 1112.448486 0.000000 1723.240967
34723.750000 1112.448486 0.000000 1723.333008
34723.750000 1112.448486 0.000000 1723.432983
34723.750000 1112.448486 0.000000 1723.542969
34723.750000 1112.448486 0.000000 1723.633057
34723.750000 1112.448486 0.000000 1723.738037
34723.750000 1112.448486 0.000000 1723.837036
34723.750000 1112.448486 0.000000 1723.942017
34723.750000 1112.448486 0.000000 1724.057983
34723.750000 1112.448486 0.000000 1724.248047
34723.750000 1112.448486 0.000000 1724.437988
34723.750000 1112.448486 0.000000 1724.542969
34723.750000 1112.448486 0.000000 1724.642944
34723.750000 1112.448486 0.000000 1724.738037
34723.750000 1112.448486 0.000000 1724.838013
34723.750000 1112.448486 0.000000 1724.942993
34723.750000 1112.448486 0.000000 1725.048950
34723.750000 1112.448486 0.000000 1725.137939
34723.750000 1112.448486 0.000000 1725.238037
34723.750000 1112.448486 0.000000 1725.338989
34723.750000 1112.448486 0.000000 1725.442993
34723.750000 1112.448486 0.000000 1725.537964
34723.750000 1112.448486 0.000000 1725.637939
34723.750000 1112.448486 0.000000 1725.738037
34723.750000 1112.448486 0.000000 1725.937012
34723.750000 1112.448486 0.000000 1726.036987
34723.750000 1112.448486 0.000000 1726.136963
34723.750000 1112.448486 0.000000 1726.342041
34723.750000 1112.448486 0.000000 1726.536987
34723.750000 1112.448486 0.000000 1726.641968
34723.750000 1112.448486 0.000000 1726.740967
34723.750000 1112.448486 0.000000 1726.842041
34723.750000 1112.448486 0.000000 1726.937012
34723.750000 1112.448486 0.000000 1727.062012
34723.750000 1112.448486 0.000000 1727.237061
34723.750000 1112.448486 0.000000 1727.342041
34723.750000 1112.448486 0.000000 1727.443970
34723.750000 1112.448486 0.000000 1727.553955
34723.750000 1112.448486 0.000000 1727.649048
34723.750000 1112.448486 0.000000 1727.735962
34723.750000 1112.448486 0.000000 1727.845947
34723.750000 1112.448486 0.000000 1727.936035
34723.750000 1112.448486 0.000000 1728.041992
34723.750000 1112.448486 0.000000 1728.135986
34723.750000 1112.448486 0.000000 1728.239014
34723.750000 1112.448486 0.000000 1728.337036
34723.750000 1112.448486 0.000000 1728.437012
34723.750000 1112.448486 0.000000 1728.546021
34723.750000 1112.448486 0.000000 1728.640991
34723.750000 1112.448486 0.000000 1728.745972
34723.750000 1112.448486 0.000000 1728.848022
34723.750000 1112.448486 0.000000 1728.947021
34723.750000 1112.448486 0.000000 1729.038940
34723.750000 1112.448486 0.000000 1729.145996
34723.750000 1112.448486 0.000000 1729.254028
34723.750000 1112.448486 0.000000 1729.348022
34723.750000 1112.448486 0.000000 1729.439941
34723.750000 1112.448486 0.000000 1729.540039
34723.750000 1112.448486 0.000000 1729.640015
34723.750000 1112.448486 0.000000 1729.738037
34723.750000 1112.448486 0.000000 1729.839966
34723.750000 1112.448486 0.000000 1729.939941
34723.750000 1112.448486 0.000000 1730.036011
34723.750000 1112.448486 0.000000 1730.135986
34723.750000 1112.448486 0.000000 1730.244995
34723.750000 1112.448486 0.000000 1730.339966
34723.750000 1112.448486 0.000000 1730.446045
34723.750000 1112.448486 0.000000 1730.546021
34723.750000 1112.448486 0.000000 1730.646973
34723.750000 1112.448486 0.000000 1730.734985
34723.750000 1112.448486 0.000000 1730.839966
34723.750000 1112.448486 0.000000 1730.939941
34723.750000 1112.448486 0.000000 1731.045044
34723.750000 1112.448486 0.000000 1731.135986
34723.750000 1112.448486 0.000000 1731.244019
34723.750000 1112.448486 0.000000 1731.337036
34723.750000 1112.448486 0.000000 1731.444946
34723.750000 1112.448486 0.000000 1731.535034
34723.750000 1112.448486 0.000000 1731.640015
34723.750000 1112.448486 0.000000 1731.739990
34723.750000 1112.448486 0.000000 1731.844971
34723.750000 1112.448486 0.000000 1731.937988
34723.750000 1112.448486 0.000000 1732.037964
34723.750000 1112.448486 0.000000 1732.137939
34723.750000 1112.448486 0.000000 1732.245972
34723.750000 1112.448486 0.000000 1732.339966
34723.750000 1112.448486 0.000000 1732.439941
34723.750000 1112.448486 0.000000 1732.540039
34723.750000 1112.448486 0.000000 1732.644043
34723.750000 1112.448486 0.000000 1732.744019
34723.750000 1112.448486 0.000000 1732.848999
34723.750000 1112.448486 0.000000 1732.947021
34723.750000 1112.448486 0.000000 1733.041992
34723.750000 1112.448486 0.000000 1733.146973
34723.750000 1112.448486 0.000000 1733.245972
34723.750000 1112.448486 0.000000 1733.339966
34723.750000 1112.448486 0.000000 1733.439941
34723.750000 1112.448486 0.000000 1733.542969
34723.750000 1112.448486 0.000000 1733.647949
34723.750000 1112.448486 0.000000 1733.749023
34723.750000 1112.448486 0.000000 1733.854004
34723.750000 1112.448486 0.000000 1733.948975
34723.750000 1112.448486 0.000000 1734.052979
34723.750000 1112.448486 0.000000 1734.142944
34723.750000 1112.448486 0.000000 1734.243042
34723.750000 1112.448486 0.000000 1734.334961
34723.750000 1112.448486 0.000000 1734.438965
34723.750000 1112.448486 0.000000 1734.540039
34723.750000 1112.448486 0.000000 1734.645020
34723.875000 1112.448486 0.000000 1734.739014
34723.875000 1112.448486 0.000000 1734.837036
34723.875000 1112.448486 0.000000 1734.947021
34723.875000 1112.448486 0.000000 1735.046997
34723.875000 1112.448486 0.000000 1735.142944
34723.875000 1112.448486 0.000000 1735.238037
34723.875000 1112.448486 0.000000 1735.338989
34723.875000 1112.448486 0.000000 1735.443970
34723.875000 1112.448486 0.000000 1735.538940
34723.875000 1112.448486 0.000000 1735.644043
34723.875000 1112.448486 0.000000 1735.744019
34723.875000 1112.448486 0.000000 1735.843994
34723.875000 1112.448486 0.000000 1735.938965
34723.875000 1112.448486 0.000000 1736.038940
34723.875000 1112.448486 0.000000 1736.145020
34723.875000 1112.448486 0.000000 1736.239014
34723.875000 1112.448486 0.000000 1736.338989
34723.875000 1112.448486 0.000000 1736.438965
34723.875000 1112.448486 0.000000 1736.541016
34723.875000 1112.448486 0.000000 1736.639038
34723.875000 1112.448486 0.000000 1736.739014
34723.875000 1112.448486 0.000000 1736.839966
34723.875000 1112.448486 0.000000 1736.938965
34723.875000 1112.448486 0.000000 1737.043945
34723.875000 1112.448486 0.000000 1737.144043
34723.875000 1112.448486 0.000000 1737.244019
34723.875000 1112.448486 0.000000 1737.338989
34723.875000 1112.448486 0.000000 1737.438965
34723.875000 1112.448486 0.000000 1737.538940
34723.875000 1112.448486 0.000000 1737.639038
34723.875000 1112.448486 0.000000 1737.739014
34723.875000 1112.448486 0.000000 1737.858032
34723.875000 1112.448486 0.000000 1737.942993
34723.875000 1112.448486 0.000000 1738.042969
34723.875000 1112.448486 0.000000 1738.137939
34723.875000 1112.448486 0.000000 1738.238037
34723.875000 1112.448486 0.000000 1738.343994
34723.875000 1112.448486 0.000000 1738.438965
34723.875000 1112.448486 0.000000 1738.537964
34723.875000 1112.448486 0.000000 1738.642944
34723.875000 1112.448486 0.000000 1738.744019
34723.875000 1112.448486 0.000000 1738.843994
34723.875000 1112.448486 0.000000 1738.942993
34723.875000 1112.448486 0.000000 1739.037964
34723.875000 1112.448486 0.000000 1739.147949
34723.875000 1112.448486 0.000000 1739.243042
34723.875000 1112.448486 0.000000 1739.348022
34723.875000 1112.448486 0.000000 1739.443970
34723.875000 1112.448486 0.000000 1739.536011
34723.875000 1112.448486 0.000000 1739.645996
34723.875000 1112.448486 0.000000 1739.737061
34723.875000 1112.448486 0.000000 1739.840942
34723.875000 1112.448486 0.000000 1739.936035
34723.875000 1112.448486 0.000000 1740.041992
34723.875000 1112.448486 0.000000 1740.135986
34723.875000 1112.448486 0.000000 1740.237061
34723.875000 1112.448486 0.000000 1740.343018
34723.875000 1112.448486 0.000000 1740.437012
34723.875000 1112.448486 0.000000 1740.536987
34723.875000 1112.448486 0.000000 1740.636963
34723.875000 1112.448486 0.000000 1740.741943
34723.875000 1112.448486 0.000000 1740.837036
34723.875000 1112.448486 0.000000 1740.942017
34723.875000 1112.448486 0.000000 1741.036987
34723.875000 1112.448486 0.000000 1741.137939
34723.875000 1112.448486 0.000000 1741.237061
34723.875000 1112.448486 0.000000 1741.337036
34723.875000 1112.448486 0.000000 1741.438965
34723.875000 1112.448486 0.000000 1741.536987
34723.875000 1112.448486 0.000000 1741.652954
34723.875000 1112.448486 0.000000 1741.743042
34723.875000 1112.448486 0.000000 1741.853027
34723.875000 1112.448486 0.000000 1741.953979
34723.875000 1112.448486 0.000000 1742.043945
34723.875000 1112.448486 0.000000 1742.136963
34723.875000 1112.448486 0.000000 1742.251953
34723.875000 1112.448486 0.000000 1742.338013
34723.875000 1112.448486 0.000000 1742.444946
34723.875000 1112.448486 0.000000 1742.543945
34723.875000 1112.448486 0.000000 1742.636963
34723.875000 1112.448486 0.000000 1742.737061
34723.875000 1112.448486 0.000000 1742.837036
34723.875000 1112.448486 0.000000 1742.937012
34723.875000 1112.448486 0.000000 1743.042969
34723.875000 1112.448486 0.000000 1743.137939
34723.875000 1112.448486 0.000000 1743.241943
34723.875000 1112.448486 0.000000 1743.354004
34723.875000 1112.448486 0.000000 1743.447021
34723.875000 1112.448486 0.000000 1743.536987
34723.875000 1112.448486 0.000000 1743.651001
34723.875000 1112.448486 0.000000 1743.745972
34723.875000 1112.448486 0.000000 1743.840942
34723.875000 1112.448486 0.000000 1743.936035
34723.875000 1112.448486 0.000000 1744.036011
34723.875000 1112.448486 0.000000 1744.135986
34723.875000 1112.448486 0.000000 1744.248047
34723.875000 1112.448486 0.000000 1744.352051
34723.875000 1112.448486 0.000000 1744.453979
34723.875000 1112.448486 0.000000 1744.548950
34723.875000 1112.448486 0.000000 1744.636963
34723.875000 1112.448486 0.000000 1744.737061
34723.875000 1112.448486 0.000000 1744.847046
34723.875000 1112.448486 0.000000 1744.939941
34723.875000 1112.448486 0.000000 1745.036987
34723.875000 1112.448486 0.000000 1745.136963
34723.875000 1112.448486 0.000000 1745.241943
34723.875000 1112.448486 0.000000 1745.342041
34723.875000 1112.448486 0.000000 1745.437988
34723.875000 1112.448486 0.000000 1745.536987
34723.875000 1112.448486 0.000000 1745.642944
34723.875000 1112.448486 0.000000 1745.744019
34723.875000 1112.448486 0.000000 1745.854980
34723.875000 1112.448486 0.000000 1745.949951
34723.875000 1112.448486 0.000000 1746.041992
34723.875000 1112.448486 0.000000 1746.136963
34723.875000 1112.448486 0.000000 1746.250977
34723.875000 1112.448486 0.000000 1746.345947
34723.875000 1112.448486 0.000000 1746.446045
34723.875000 1112.448486 0.000000 1746.551025
34723.875000 1112.448486 0.000000 1746.656006
34723.875000 1112.448486 0.000000 1746.760986
34723.875000 1112.448486 0.000000 1746.850952
34723.875000 1112.448486 0.000000 1746.951050
34723.875000 1112.448486 0.000000 1747.051025
34723.875000 1112.448486 0.000000 1747.145996
34723.875000 1112.448486 0.000000 1747.245972
34723.875000 1112.448486 0.000000 1747.339966
34723.875000 1112.448486 0.000000 1747.447998
34723.875000 1112.448486 0.000000 1747.542969
34723.875000 1112.448486 0.000000 1747.641968
34723.875000 1112.448486 0.000000 1747.743042
34723.875000 1112.448486 0.000000 1747.842041
34723.875000 1112.448486 0.000000 1747.942017
34723.875000 1112.448486 0.000000 1748.041992
34723.875000 1112.448486 0.000000 1748.141968
34723.875000 1112.448486 0.000000 1748.237061
34723.875000 1112.448486 0.000000 1748.352051
34723.875000 1112.448486 0.000000 1748.447021
34723.875000 1112.448486 0.000000 1748.541992
34723.875000 1112.448486 0.000000 1748.651978
34723.875000 1112.448486 0.000000 1748.741943
34723.875000 1112.448486 0.000000 1748.847046
34723.875000 1112.448486 0.000000 1748.943970
34723.875000 1112.448486 0.000000 1749.040039
34723.875000 1112.448486 0.000000 1749.145020
34723.875000 1112.448486 0.000000 1749.246948
34723.875000 1112.448486 0.000000 1749.348999
34723.875000 1112.448486 0.000000 1749.458984
34723.875000 1112.448486 0.000000 1749.547974
34723.875000 1112.448486 0.000000 1749.647949
34723.875000 1112.448486 0.000000 1749.748047
34723.875000 1112.448486 0.000000 1749.848022
34723.875000 1112.448486 0.000000 1749.943970
34723.875000 1112.448486 0.000000 1750.038940
34723.875000 1112.448486 0.000000 1750.139038
34723.875000 1112.448486 0.000000 1750.239014
34723.875000 1112.448486 0.000000 1750.338989
34723.875000 1112.448486 0.000000 1750.438965
34723.875000 1112.448486 0.000000 1750.543945
34723.875000 1112.448486 0.000000 1750.639038
34723.875000 1112.448486 0.000000 1750.739014
34723.875000 1112.448486 0.000000 1750.838989
34723.875000 1112.448486 0.000000 1750.938965
34723.875000 1112.448486 0.000000 1751.038940
34723.875000 1112.448486 0.000000 1751.147949
34723.875000 1112.448486 0.000000 1751.248047
34723.875000 1112.448486 0.000000 1751.348022
34723.875000 1112.448486 0.000000 1751.451050
34723.875000 1112.448486 0.000000 1751.538940
34723.875000 1112.448486 0.000000 1751.656982
34723.875000 1112.448486 0.000000 1751.745972
34723.875000 1112.448486 0.000000 1751.840942
34723.875000 1112.448486 0.000000 1751.951050
34723.875000 1112.448486 0.000000 1752.051025
34723.875000 1112.448486 0.000000 1752.151001
34723.875000 1112.448486 0.000000 1752.255981
34723.875000 1112.448486 0.000000 1752.355957
34723.875000 1112.448486 0.000000 1752.451050
34723.875000 1112.448486 0.000000 1752.556030
34723.875000 1112.448486 0.000000 1752.651001
34723.875000 1112.448486 0.000000 1752.750977
34723.875000 1112.448486 0.000000 1752.860962
34723.875000 1112.448486 0.000000 1752.951050
34723.875000 1112.448486 0.000000 1753.051025
34723.875000 1112.448486 0.000000 1753.151001
34723.875000 1112.448486 0.000000 1753.250977
34723.875000 1112.448486 0.000000 1753.347046
34723.875000 1112.448486 0.000000 1753.437988
34723.875000 1112.448486 0.000000 1753.537964
34723.875000 1112.448486 0.000000 1753.637939
34723.875000 1112.448486 0.000000 1753.739014
34723.875000 1112.448486 0.000000 1753.848022
34723.875000 1112.448486 0.000000 1753.947998
34723.875000 1112.448486 0.000000 1754.048950
34723.875000 1112.448486 0.000000 1754.137939
34723.875000 1112.448486 0.000000 1754.238037
34723.875000 1112.448486 0.000000 1754.343018
34723.875000 1112.448486 0.000000 1754.437988
34723.875000 1112.448486 0.000000 1754.537964
34723.875000 1112.448486 0.000000 1754.646973
34723.875000 1112.448486 0.000000 1754.755005
34723.875000 1112.448486 0.000000 1754.844971
34723.875000 1112.448486 0.000000 1754.939941
34723.875000 1112.448486 0.000000 1755.040039
34723.875000 1112.448486 0.000000 1755.145020
34723.875000 1112.448486 0.000000 1755.254028
34723.875000 1112.448486 0.000000 1755.338989
34723.875000 1112.448486 0.000000 1755.443970
34723.875000 1112.448486 0.000000 1755.541016
34723.875000 1112.448486 0.000000 1755.639038
34723.875000 1112.448486 0.000000 1755.737061
34723.875000 1112.448486 0.000000 1755.837036
34723.875000 1112.448486 0.000000 1755.958008
34723.875000 1112.448486 0.000000 1756.048950
34723.875000 1112.448486 0.000000 1756.144043
34723.875000 1112.448486 0.000000 1756.238037
34723.875000 1112.448486 0.000000 1756.353027
34723.875000 1112.448486 0.000000 1756.442993
34723.875000 1112.448486 0.000000 1756.542969
34723.875000 1112.448486 0.000000 1756.639038
34723.875000 1112.448486 0.000000 1756.743042
34723.875000 1112.448486 0.000000 1756.838013
34723.875000 1112.448486 0.000000 1756.942993
34723.875000 1112.448486 0.000000 1757.037964
34723.875000 1112.448486 0.000000 1757.137939
34723.875000 1112.448486 0.000000 1757.238037
34723.875000 1112.448486 0.000000 1757.345947
34723.875000 1112.448486 0.000000 1757.446045
34723.875000 1112.448486 0.000000 1757.537964
34723.875000 1112.448486 0.000000 1757.645020
34723.875000 1112.448486 0.000000 1757.744019
34723.875000 1112.448486 0.000000 1757.844971
34723.875000 1112.448486 0.000000 1757.938965
34723.875000 1112.448486 0.000000 1758.040039
34723.875000 1112.448486 0.000000 1758.139038
34723.875000 1112.448486 0.000000 1758.239990
34723.875000 1112.448486 0.000000 1758.338989
34723.875000 1112.448486 0.000000 1758.443970
34723.875000 1112.448486 0.000000 1758.548950
34723.875000 1112.448486 0.000000 1758.659058
34723.875000 1112.448486 0.000000 1758.739014
34723.875000 1112.448486 0.000000 1758.838989
34723.875000 1112.448486 0.000000 1758.941040
34723.875000 1112.448486 0.000000 1759.046021
34723.875000 1112.448486 0.000000 1759.142944
34723.875000 1112.448486 0.000000 1759.239014
34723.875000 1112.448486 0.000000 1759.338989
34723.875000 1112.448486 0.000000 1759.438965
34723.875000 1112.448486 0.000000 1759.543945
34723.875000 1112.448486 0.000000 1759.639038
34723.875000 1112.448486 0.000000 1759.739990
34723.875000 1112.448486 0.000000 1759.843994
34723.875000 1112.448486 0.000000 1759.938965
34723.875000 1112.448486 0.000000 1760.038940
34723.875000 1112.448486 0.000000 1760.139038
34723.875000 1112.448486 0.000000 1760.250000
34723.875000 1112.448486 0.000000 1760.338989
34723.875000 1112.448486 0.000000 1760.443970
34723.875000 1112.448486 0.000000 1760.538940
34723.875000 1112.448486 0.000000 1760.639038
34723.875000 1112.448486 0.000000 1760.745972
34723.875000 1112.448486 0.000000 1760.842041
34723.875000 1112.448486 0.000000 1760.936035
34723.875000 1112.448486 0.000000 1761.038940
34723.875000 1112.448486 0.000000 1761.145996
34723.875000 1112.448486 0.000000 1761.249023
34723.875000 1112.448486 0.000000 1761.348999
34723.875000 1112.448486 0.000000 1761.454956
34723.875000 1112.448486 0.000000 1761.546021
34723.875000 1112.448486 0.000000 1761.651001
34723.875000 1112.448486 0.000000 1761.750000
34723.875000 1112.448486 0.000000 1761.839966
34723.875000 1112.448486 0.000000 1761.944946
34723.875000 1112.448486 0.000000 1762.040039
34723.875000 1112.448486 0.000000 1762.140991
34723.875000 1112.448486 0.000000 1762.250000
34723.875000 1112.448486 0.000000 1762.347046
34723.875000 1112.448486 0.000000 1762.444946
34723.875000 1112.448486 0.000000 1762.541992
34723.875000 1112.448486 0.000000 1762.640015
34723.875000 1112.448486 0.000000 1762.745972
34723.875000 1112.448486 0.000000 1762.839966
34723.875000 1112.448486 0.000000 1762.949951
34723.875000 1112.448486 0.000000 1763.055054
34723.875000 1112.448486 0.000000 1763.140015
34723.875000 1112.448486 0.000000 1763.246948
34723.875000 1112.448486 0.000000 1763.342041
34723.875000 1112.448486 0.000000 1763.447998
34723.875000 1112.448486 0.000000 1763.541992
34723.875000 1112.448486 0.000000 1763.651978
34723.875000 1112.448486 0.000000 1763.756958
34723.875000 1112.448486 0.000000 1763.848022
34723.875000 1112.448486 0.000000 1763.942993
34723.875000 1112.448486 0.000000 1764.042969
34723.875000 1112.448486 0.000000 1764.156006
34723.875000 1112.448486 0.000000 1764.243042
34723.875000 1112.448486 0.000000 1764.348022
34723.875000 1112.448486 0.000000 1764.449951
34723.875000 1112.448486 0.000000 1764.542969
34723.875000 1112.448486 0.000000 1764.645020
34723.875000 1112.448486 0.000000 1764.741943
34723.875000 1112.448486 0.000000 1764.842041
34723.875000 1112.448486 0.000000 1764.948975
34723.875000 1112.448486 0.000000 1765.041992
34723.875000 1112.448486 0.000000 1765.152954
34723.875000 1112.448486 0.000000 1765.243042
34723.875000 1112.448486 0.000000 1765.348022
34723.875000 1112.448486 0.000000 1765.447998
34723.875000 1112.448486 0.000000 1765.543945
34723.875000 1112.448486 0.000000 1765.645996
34723.875000 1112.448486 0.000000 1765.740967
34723.875000 1112.448486 0.000000 1765.843994
34723.875000 1112.448486 0.000000 1765.938965
34723.875000 1112.448486 0.000000 1766.045044
34723.875000 1112.448486 0.000000 1766.144043
34723.875000 1112.448486 0.000000 1766.244019
34723.875000 1112.448486 0.000000 1766.344971
34723.875000 1112.448486 0.000000 1766.443970
34723.875000 1112.448486 0.000000 1766.550049
34723.875000 1112.448486 0.000000 1766.644043
34723.875000 1112.448486 0.000000 1766.739014
34723.875000 1112.448486 0.000000 1766.843994
34723.875000 1112.448486 0.000000 1766.953979
34723.875000 1112.448486 0.000000 1767.053955
34723.875000 1112.448486 0.000000 1767.141968
34723.875000 1112.448486 0.000000 1767.239014
34723.875000 1112.448486 0.000000 1767.347046
34723.875000 1112.448486 0.000000 1767.438965
34723.875000 1112.448486 0.000000 1767.545044
34723.875000 1112.448486 0.000000 1767.650024
34723.875000 1112.448486 0.000000 1767.739990
34723.875000 1112.448486 0.000000 1767.852051
34723.875000 1112.448486 0.000000 1767.944946
34723.875000 1112.448486 0.000000 1768.040039
34723.875000 1112.448486 0.000000 1768.150024
34723.875000 1112.448486 0.000000 1768.239990
34723.875000 1112.448486 0.000000 1768.339966
34723.875000 1112.448486 0.000000 1768.444946
34723.875000 1112.448486 0.000000 1768.550049
34723.875000 1112.448486 0.000000 1768.651001
34723.875000 1112.448486 0.000000 1768.739990
34723.875000 1112.448486 0.000000 1768.839966
34723.875000 1112.448486 0.000000 1768.939941
34723.875000 1112.448486 0.000000 1769.040039
34723.875000 1112.448486 0.000000 1769.149048
34723.875000 1112.448486 0.000000 1769.240967
34723.875000 1112.448486 0.000000 1769.339966
34723.875000 1112.448486 0.000000 1769.439941
34723.875000 1112.448486 0.000000 1769.540039
34723.875000 1112.448486 0.000000 1769.650024
34723.875000 1112.448486 0.000000 1769.750977
34723.875000 1112.448486 0.000000 1769.848999
34723.875000 1112.448486 0.000000 1769.947021
34723.875000 1112.448486 0.000000 1770.045044
34723.875000 1112.448486 0.000000 1770.145020
34723.875000 1112.448486 0.000000 1770.244995
34723.875000 1112.448486 0.000000 1770.344971
34723.875000 1112.448486 0.000000 1770.452026
34723.875000 1112.448486 0.000000 1770.552002
34723.875000 1112.448486 0.000000 1770.656982
34723.875000 1112.448486 0.000000 1770.750000
34723.875000 1112.448486 0.000000 1770.854980
34723.875000 1112.448486 0.000000 1770.949951
34723.875000 1112.448486 0.000000 1771.046997
34723.875000 1112.448486 0.000000 1771.146973
34723.875000 1112.448486 0.000000 1771.251953
34723.875000 1112.448486 0.000000 1771.364990
34723.875000 1112.448486 0.000000 1771.542969
34723.875000 1112.448486 0.000000 1771.642944
34723.875000 1112.448486 0.000000 1771.750000
34723.875000 1112.448486 0.000000 1771.848022
34723.875000 1112.448486 0.000000 1771.953003
34723.875000 1112.448486 0.000000 1772.042969
34723.875000 1112.448486 0.000000 1772.152954
34723.875000 1112.448486 0.000000 1772.253052
34723.875000 1112.448486 0.000000 1772.343018
34723.875000 1112.448486 0.000000 1772.456055
34723.875000 1112.448486 0.000000 1772.551025
34723.875000 1112.448486 0.000000 1772.650024
34723.875000 1112.448486 0.000000 1772.748047
34723.875000 1112.448486 0.000000 1772.854980
34723.875000 1112.448486 0.000000 1772.954956
34723.875000 1112.448486 0.000000 1773.052979
34723.875000 1112.448486 0.000000 1773.151978
34723.875000 1112.448486 0.000000 1773.260010
34723.875000 1112.448486 0.000000 1773.350952
34723.875000 1112.448486 0.000000 1773.451050
34723.875000 1112.448486 0.000000 1773.550049
34723.875000 1112.448486 0.000000 1773.647949
34723.875000 1112.448486 0.000000 1773.748047
34723.875000 1112.448486 0.000000 1773.848999
34723.875000 1112.448486 0.000000 1773.947998
34723.875000 1112.448486 0.000000 1774.052979
34723.875000 1112.448486 0.000000 1774.156982
34723.875000 1112.448486 0.000000 1774.256958
34723.875000 1112.448486 0.000000 1774.358032
34723.875000 1112.448486 0.000000 1774.448975
34723.875000 1112.448486 0.000000 1774.562012
34723.875000 1112.448486 0.000000 1774.656982
34723.875000 1112.448486 0.000000 1774.758057
34723.875000 1112.448486 0.000000 1774.852051
34723.875000 1112.448486 0.000000 1774.954956
34723.875000 1112.448486 0.000000 1775.053955
34723.875000 1112.448486 0.000000 1775.155029
34723.875000 1112.448486 0.000000 1775.254028
34723.875000 1112.448486 0.000000 1775.358032
34723.875000 1112.448486 0.000000 1775.453003
34723.875000 1112.448486 0.000000 1775.552979
34723.875000 1112.448486 0.000000 1775.649048
34723.875000 1112.448486 0.000000 1775.753052
34723.875000 1112.448486 0.000000 1775.848022
34723.875000 1112.448486 0.000000 1775.958008
34723.875000 1112.448486 0.000000 1776.047974
34723.875000 1112.448486 0.000000 1776.157959
34723.875000 1112.448486 0.000000 1776.248047
34723.875000 1112.448486 0.000000 1776.358032
34723.875000 1112.448486 0.000000 1776.453979
34723.875000 1112.448486 0.000000 1776.551025
34723.875000 1112.448486 0.000000 1776.662964
34723.875000 1112.448486 0.000000 1776.755005
34723.875000 1112.448486 0.000000 1776.849976
34723.875000 1112.448486 0.000000 1776.949951
34723.875000 1112.448486 0.000000 1777.055054
34723.875000 1112.448486 0.000000 1777.155029
34723.875000 1112.448486 0.000000 1777.250000
34723.875000 1112.448486 0.000000 1777.350952
34723.875000 1112.448486 0.000000 1777.449951
34723.875000 1112.448486 0.000000 1777.562012
34723.875000 1112.448486 0.000000 1777.651978
34723.875000 1112.448486 0.000000 1777.745972
34723.875000 1112.448486 0.000000 1777.862061
34723.875000 1112.448486 0.000000 1777.965942
34723.875000 1112.448486 0.000000 1778.061035
34723.875000 1112.448486 0.000000 1778.166016
34723.875000 1112.448486 0.000000 1778.264038
34723.875000 1112.448486 0.000000 1778.359985
34723.875000 1112.448486 0.000000 1778.451050
34723.875000 1112.448486 0.000000 1778.551025
34723.875000 1112.448486 0.000000 1778.656006
34723.875000 1112.448486 0.000000 1778.750977
34723.875000 1112.448486 0.000000 1778.850952
34723.875000 1112.448486 0.000000 1778.951050
34723.875000 1112.448486 0.000000 1779.051025
34723.875000 1112.448486 0.000000 1779.151001
34723.875000 1112.448486 0.000000 1779.259033
34723.875000 1112.448486 0.000000 1779.352051
34723.875000 1112.448486 0.000000 1779.452026
34723.875000 1112.448486 0.000000 1779.552002
34723.875000 1112.448486 0.000000 1779.651978
34723.875000 1112.448486 0.000000 1779.753052
34723.875000 1112.448486 0.000000 1779.853027
34723.875000 1112.448486 0.000000 1779.954956
34723.875000 1112.448486 0.000000 1780.052002
34723.875000 1112.448486 0.000000 1780.151978
34723.875000 1112.448486 0.000000 1780.264038
34723.875000 1112.448486 0.000000 1780.362061
34723.875000 1112.448486 0.000000 1780.458008
34723.875000 1112.448486 0.000000 1780.552002
34723.875000 1112.448486 0.000000 1780.646973
34723.875000 1112.448486 0.000000 1780.751953
34723.875000 1112.448486 0.000000 1780.858032
34723.875000 1112.448486 0.000000 1780.962036
34723.875000 1112.448486 0.000000 1781.052002
34723.875000 1112.448486 0.000000 1781.166992
34723.875000 1112.448486 0.000000 1781.256958
34723.875000 1112.448486 0.000000 1781.353027
34723.875000 1112.448486 0.000000 1781.464966
34723.875000 1112.448486 0.000000 1781.552002
34723.875000 1112.448486 0.000000 1781.651978
34723.875000 1112.448486 0.000000 1781.760986
34723.875000 1112.448486 0.000000 1781.852051
34723.875000 1112.448486 0.000000 1781.968018
34723.875000 1112.448486 0.000000 1782.052979
34723.875000 1112.448486 0.000000 1782.157959
34723.875000 1112.448486 0.000000 1782.255005
34723.875000 1112.448486 0.000000 1782.358032
34723.875000 1112.448486 0.000000 1782.458008
34723.875000 1112.448486 0.000000 1782.553955
34723.875000 1112.448486 0.000000 1782.652954
34723.875000 1112.448486 0.000000 1782.758057
34723.875000 1112.448486 0.000000 1782.863037
34723.875000 1112.448486 0.000000 1782.963013
34723.875000 1112.448486 0.000000 1783.069946
34723.875000 1112.448486 0.000000 1783.161987
34723.875000 1112.448486 0.000000 1783.259033
34723.875000 1112.448486 0.000000 1783.358032
34723.875000 1112.448486 0.000000 1783.458008
34723.875000 1112.448486 0.000000 1783.557983
34723.875000 1112.448486 0.000000 1783.657959
34723.875000 1112.448486 0.000000 1783.764038
34723.875000 1112.448486 0.000000 1783.854004
34723.875000 1112.448486 0.000000 1783.963013
34723.875000 1112.448486 0.000000 1784.062988
34723.875000 1112.448486 0.000000 1784.167969
34723.875000 1112.448486 0.000000 1784.262939
34723.875000 1112.448486 0.000000 1784.354004
34723.875000 1112.448486 0.000000 1784.463013
34723.875000 1112.448486 0.000000 1784.562988
34723.875000 1112.448486 0.000000 1784.661011
34723.875000 1112.448486 0.000000 1784.754028
34723.875000 1112.448486 0.000000 1784.854004
34723.875000 1112.448486 0.000000 1784.963013
34723.875000 1112.448486 0.000000 1785.061035
34723.875000 1112.448486 0.000000 1785.161987
34723.875000 1112.448486 0.000000 1785.259033
34723.875000 1112.448486 0.000000 1785.354004
34723.875000 1112.448486 0.000000 1785.467041
34723.875000 1112.448486 0.000000 1785.562012
34723.875000 1112.448486 0.000000 1785.661987
34723.875000 1112.448486 0.000000 1785.766968
34723.875000 1112.448486 0.000000 1785.854004
34723.875000 1112.448486 0.000000 1785.953979
34723.875000 1112.448486 0.000000 1786.064941
34723.875000 1112.448486 0.000000 1786.155029
34723.875000 1112.448486 0.000000 1786.255005
34723.875000 1112.448486 0.000000 1786.360962
34723.875000 1112.448486 0.000000 1786.461060
34723.875000 1112.448486 0.000000 1786.555054
34723.875000 1112.448486 0.000000 1786.665039
34723.875000 1112.448486 0.000000 1786.755005
34723.875000 1112.448486 0.000000 1786.854980
34723.875000 1112.448486 0.000000 1786.954956
34723.875000 1112.448486 0.000000 1787.055054
34723.875000 1112.448486 0.000000 1787.160034
34723.875000 1112.448486 0.000000 1787.261963
34723.875000 1112.448486 0.000000 1787.354980
34723.875000 1112.448486 0.000000 1787.454956
34723.875000 1112.448486 0.000000 1787.552979
34723.875000 1112.448486 0.000000 1787.656982
34723.875000 1112.448486 0.000000 1787.756958
34723.875000 1112.448486 0.000000 1787.855957
34723.875000 1112.448486 0.000000 1787.956055
34723.875000 1112.448486 0.000000 1788.061035
34723.875000 1112.448486 0.000000 1788.156982
34723.875000 1112.448486 0.000000 1788.255981
34723.875000 1112.448486 0.000000 1788.364014
34723.875000 1112.448486 0.000000 1788.456055
34723.875000 1112.448486 0.000000 1788.562012
34723.875000 1112.448486 0.000000 1788.656982
34723.875000 1112.448486 0.000000 1788.762939
34723.875000 1112.448486 0.000000 1788.860962
34723.875000 1112.448486 0.000000 1788.956055
34723.875000 1112.448486 0.000000 1789.063965
34723.875000 1112.448486 0.000000 1789.161011
34723.875000 1112.448486 0.000000 1789.255981
34723.875000 1112.448486 0.000000 1789.355957
34723.875000 1112.448486 0.000000 1789.456055
34723.875000 1112.448486 0.000000 1789.556030
34723.875000 1112.448486 0.000000 1789.651001
34723.875000 1112.448486 0.000000 1789.750977
34723.875000 1112.448486 0.000000 1789.850952
34723.875000 1112.448486 0.000000 1789.977051
34723.875000 1112.448486 0.000000 1790.156982
34723.875000 1112.448486 0.000000 1790.256958
34723.875000 1112.448486 0.000000 1790.357056
34723.875000 1112.448486 0.000000 1790.467041
34723.875000 1112.448486 0.000000 1790.562012
34723.875000 1112.448486 0.000000 1790.676025
34723.875000 1112.448486 0.000000 1790.870972
34723.875000 1112.448486 0.000000 1790.962036
34723.875000 1112.448486 0.000000 1791.057007
34723.875000 1112.448486 0.000000 1791.156982
34723.875000 1112.448486 0.000000 1791.259033
34723.875000 1112.448486 0.000000 1791.357056
34723.875000 1112.448486 0.000000 1791.465942
34723.875000 1112.448486 0.000000 1791.562012
34723.875000 1112.448486 0.000000 1791.661987
34723.875000 1112.448486 0.000000 1791.758057
34723.875000 1112.448486 0.000000 1791.862061
34723.875000 1112.448486 0.000000 1791.958984
34723.875000 1112.448486 0.000000 1792.062012
34723.875000 1112.448486 0.000000 1792.161987
34723.875000 1112.448486 0.000000 1792.265991
34723.875000 1112.448486 0.000000 1792.368042
34723.875000 1112.448486 0.000000 1792.467041
34723.875000 1112.448486 0.000000 1792.671997
34723.875000 1112.448486 0.000000 1792.771973
34723.875000 1112.448486 0.000000 1792.965942
34723.875000 1112.448486 0.000000 1793.161011
34723.875000 1112.448486 0.000000 1793.265015
34723.875000 1112.448486 0.000000 1793.369995
34723.875000 1112.448486 0.000000 1793.588989
34723.875000 1112.448486 0.000000 1793.784058
34723.875000 1112.448486 0.000000 1793.884033
34723.875000 1112.448486 0.000000 1794.086060
34723.875000 1112.448486 0.000000 1794.270996
34723.875000 1112.448486 0.000000 1794.374023
34723.875000 1112.448486 0.000000 1794.473999
34723.875000 1112.448486 0.000000 1794.680054
34723.875000 1112.448486 0.000000 1794.784058
34723.875000 1112.448486 0.000000 1794.984009
34723.875000 1112.448486 0.000000 1795.082031
34723.875000 1112.448486 0.000000 1795.182007
34723.875000 1112.448486 0.000000 1795.286987
34723.875000 1112.448486 0.000000 1795.487061
34723.875000 1112.448486 0.000000 1795.680054
34723.875000 1112.448486 0.000000 1795.780029
34723.875000 1112.448486 0.000000 1795.880005
34723.875000 1112.448486 0.000000 1795.974976
34723.875000 1112.448486 0.000000 1796.069946
34723.875000 1112.448486 0.000000 1796.187012
34723.875000 1112.448486 0.000000 1796.281982
34723.875000 1112.448486 0.000000 1796.386963
34723.875000 1112.448486 0.000000 1796.482056
34723.875000 1112.448486 0.000000 1796.582031
34723.875000 1112.448486 0.000000 1796.677002
34723.875000 1112.448486 0.000000 1796.780029
34723.875000 1112.448486 0.000000 1796.969971
34723.875000 1112.448486 0.000000 1797.074951
34723.875000 1112.448486 0.000000 1797.180054
34723.875000 1112.448486 0.000000 1797.281006
34723.875000 1112.448486 0.000000 1797.375977
34723.875000 1112.448486 0.000000 1797.474976
34723.875000 1112.448486 0.000000 1797.579956
34723.875000 1112.448486 0.000000 1797.675049
34723.875000 1112.448486 0.000000 1797.775024
34723.875000 1112.448486 0.000000 1797.881958
34723.875000 1112.448486 0.000000 1797.982056
34723.875000 1112.448486 0.000000 1798.079956
34723.875000 1112.448486 0.000000 1798.175049
34723.875000 1112.448486 0.000000 1798.280029
34723.875000 1112.448486 0.000000 1798.375000
34723.875000 1112.448486 0.000000 1798.482056
34723.875000 1112.448486 0.000000 1798.569946
34723.875000 1112.448486 0.000000 1798.675049
34723.875000 1112.448486 0.000000 1798.780029
34723.875000 1112.448486 0.000000 1798.880005
34723.875000 1112.448486 0.000000 1798.974976
34723.875000 1112.448486 0.000000 1799.074951
34723.875000 1112.448486 0.000000 1799.187012
34723.875000 1112.448486 0.000000 1799.285034
34723.875000 1112.448486 0.000000 1799.385010
34723.875000 1112.448486 0.000000 1799.484985
34723.875000 1112.448486 0.000000 1799.590942
34723.875000 1112.448486 0.000000 1799.676025
34723.875000 1112.448486 0.000000 1799.776001
34723.875000 1112.448486 0.000000 1799.870972
34723.875000 1112.448486 0.000000 1799.979980
34723.875000 1112.448486 0.000000 1800.084961
34723.875000 1112.448486 0.000000 1800.185059
34723.875000 1112.448486 0.000000 1800.276978
34723.875000 1112.448486 0.000000 1800.389038
34723.875000 1112.448486 0.000000 1800.482056
34723.875000 1112.448486 0.000000 1800.571045
34723.875000 1112.448486 0.000000 1800.677002
34723.875000 1112.448486 0.000000 1800.776978
34723.875000 1112.448486 0.000000 1800.881958
34723.875000 1112.448486 0.000000 1800.977051
34723.875000 1112.448486 0.000000 1801.077026
34723.875000 1112.448486 0.000000 1801.186035
34723.875000 1112.448486 0.000000 1801.277954
34723.875000 1112.448486 0.000000 1801.375000
34723.875000 1112.448486 0.000000 1801.473022
34723.875000 1112.448486 0.000000 1801.583008
34723.875000 1112.448486 0.000000 1801.671997
34723.875000 1112.448486 0.000000 1801.770996
34723.875000 1112.448486 0.000000 1801.875977
34723.875000 1112.448486 0.000000 1801.984009
34723.875000 1112.448486 0.000000 1802.078979
34723.875000 1112.448486 0.000000 1802.183960
34723.875000 1112.448486 0.000000 1802.384033
34723.875000 1112.448486 0.000000 1802.483032
34723.875000 1112.448486 0.000000 1802.588013
34723.875000 1112.448486 0.000000 1802.681030
34723.875000 1112.448486 0.000000 1802.781006
34723.875000 1112.448486 0.000000 1802.870972
34723.875000 1112.448486 0.000000 1802.984009
34723.875000 1112.448486 0.000000 1803.072021
34723.875000 1112.448486 0.000000 1803.173950
34723.875000 1112.448486 0.000000 1803.274048
34723.875000 1112.448486 0.000000 1803.375977
34723.875000 1112.448486 0.000000 1803.473999
34723.875000 1112.448486 0.000000 1803.576050
34723.875000 1112.448486 0.000000 1803.673950
34723.875000 1112.448486 0.000000 1803.774048
34723.875000 1112.448486 0.000000 1803.875000
34723.875000 1112.448486 0.000000 1803.973999
34723.875000 1112.448486 0.000000 1804.073975
34723.875000 1112.448486 0.000000 1804.176025
34723.875000 1112.448486 0.000000 1804.272949
34723.875000 1112.448486 0.000000 1804.373047
34723.875000 1112.448486 0.000000 1804.475952
34723.875000 1112.448486 0.000000 1804.571045
34723.875000 1112.448486 0.000000 1804.671997
34723.875000 1112.448486 0.000000 1804.781006
34723.875000 1112.448486 0.000000 1804.973999
34723.875000 1112.448486 0.000000 1805.076050
34723.875000 1112.448486 0.000000 1805.183960
34723.875000 1112.448486 0.000000 1805.280029
34723.875000 1112.448486 0.000000 1805.373047
34723.875000 1112.448486 0.000000 1805.473022
34723.875000 1112.448486 0.000000 1805.582031
34723.875000 1112.448486 0.000000 1805.677979
34723.875000 1112.448486 0.000000 1805.772949
34723.875000 1112.448486 0.000000 1805.873047
34723.875000 1112.448486 0.000000 1805.974976
34723.875000 1112.448486 0.000000 1806.078979
34723.875000 1112.448486 0.000000 1806.172974
34723.875000 1112.448486 0.000000 1806.281982
34723.875000 1112.448486 0.000000 1806.378052
34723.875000 1112.448486 0.000000 1806.478027
34723.875000 1112.448486 0.000000 1806.582031
34723.875000 1112.448486 0.000000 1806.680054
34723.875000 1112.448486 0.000000 1806.779053
34723.875000 1112.448486 0.000000 1806.874023
34723.875000 1112.448486 0.000000 1806.975952
34723.875000 1112.448486 0.000000 1807.078979
34723.875000 1112.448486 0.000000 1807.178955
34723.875000 1112.448486 0.000000 1807.281006
34723.875000 1112.448486 0.000000 1807.380005
34723.875000 1112.448486 0.000000 1807.489014
34723.875000 1112.448486 0.000000 1807.583984
34723.875000 1112.448486 0.000000 1807.688965
34723.875000 1112.448486 0.000000 1807.781006
34723.875000 1112.448486 0.000000 1807.885986
34723.875000 1112.448486 0.000000 1807.974976
34723.875000 1112.448486 0.000000 1808.090942
34723.875000 1112.448486 0.000000 1808.181030
34723.875000 1112.448486 0.000000 1808.270996
34723.875000 1112.448486 0.000000 1808.375977
34723.875000 1112.448486 0.000000 1808.477051
34723.875000 1112.448486 0.000000 1808.582031
34723.875000 1112.448486 0.000000 1808.672974
34723.875000 1112.448486 0.000000 1808.771973
34723.875000 1112.448486 0.000000 1808.875977
34725.375000 1112.448486 0.000000 1808.977051
34725.375000 1112.448486 0.000000 1809.074951
34725.375000 1112.448486 0.000000 1809.178955
34725.375000 1112.448486 0.000000 1809.271973
34725.375000 1112.448486 0.000000 1809.376953
34725.375000 1112.448486 0.000000 1809.479004
34725.375000 1112.448486 0.000000 1809.583984
34725.375000 1112.448486 0.000000 1809.680054
34725.375000 1112.448486 0.000000 1809.786987
34725.375000 1112.448486 0.000000 1809.881958
34725.375000 1112.448486 0.000000 1809.991943
34725.375000 1112.448486 0.000000 1810.082031
34725.375000 1112.448486 0.000000 1810.182007
34725.375000 1112.448486 0.000000 1810.282959
34725.375000 1112.448486 0.000000 1810.375000
34725.375000 1112.448486 0.000000 1810.478027
34725.375000 1112.448486 0.000000 1810.577026
34725.375000 1112.448486 0.000000 1810.671997
34725.375000 1112.448486 0.000000 1810.772949
34725.375000 1112.448486 0.000000 1810.871948
34725.375000 1112.448486 0.000000 1810.972046
34725.375000 1112.448486 0.000000 1811.084961
34725.375000 1112.448486 0.000000 1811.182983
34725.375000 1112.448486 0.000000 1811.276978
34725.375000 1112.448486 0.000000 1811.376953
34725.375000 1112.448486 0.000000 1811.479004
34725.375000 1112.448486 0.000000 1811.584961
34725.375000 1112.448486 0.000000 1811.682007
34725.375000 1112.448486 0.000000 1811.780029
34725.375000 1112.448486 0.000000 1811.886963
34725.375000 1112.448486 0.000000 1811.982056
34725.375000 1112.448486 0.000000 1812.087036
34725.375000 1112.448486 0.000000 1812.187012
34725.375000 1112.448486 0.000000 1812.281982
34725.375000 1112.448486 0.000000 1812.381958
34725.375000 1112.448486 0.000000 1812.480957
34725.375000 1112.448486 0.000000 1812.590942
34725.375000 1112.448486 0.000000 1812.686035
34725.375000 1112.448486 0.000000 1812.779053
34725.375000 1112.448486 0.000000 1812.879028
34725.375000 1112.448486 0.000000 1812.972046
34725.375000 1112.448486 0.000000 1813.084961
34725.375000 1112.448486 0.000000 1813.177002
34725.375000 1112.448486 0.000000 1813.271973
34725.375000 1112.448486 0.000000 1813.371948
34725.375000 1112.448486 0.000000 1813.483032
34725.375000 1112.448486 0.000000 1813.582031
34725.375000 1112.448486 0.000000 1813.671997
34725.375000 1112.448486 0.000000 1813.776978
34725.375000 1112.448486 0.000000 1813.873047
34725.375000 1112.448486 0.000000 1813.972046
34725.375000 1112.448486 0.000000 1814.078003
34725.375000 1112.448486 0.000000 1814.173950
34725.375000 1112.448486 0.000000 1814.276978
34725.375000 1112.448486 0.000000 1814.380005
34725.375000 1112.448486 0.000000 1814.472046
34725.375000 1112.448486 0.000000 1814.577026
34725.375000 1112.448486 0.000000 1814.685059
34725.375000 1112.448486 0.000000 1814.782959
34725.375000 1112.448486 0.000000 1814.871948
34725.375000 1112.448486 0.000000 1814.979980
34725.375000 1112.448486 0.000000 1815.079956
34725.375000 1112.448486 0.000000 1815.187988
34725.375000 1112.448486 0.000000 1815.271973
34725.375000 1112.448486 0.000000 1815.371948
34725.375000 1112.448486 0.000000 1815.479004
34725.375000 1112.448486 0.000000 1815.578979
34725.375000 1112.448486 0.000000 1815.671997
34725.375000 1112.448486 0.000000 1815.776001
34725.375000 1112.448486 0.000000 1815.875977
34725.375000 1112.448486 0.000000 1815.979004
34725.375000 1112.448486 0.000000 1816.083984
34725.375000 1112.448486 0.000000 1816.177979
34725.375000 1112.448486 0.000000 1816.272949
34725.375000 1112.448486 0.000000 1816.373047
34725.375000 1112.448486 0.000000 1816.475952
34725.375000 1112.448486 0.000000 1816.572998
34725.375000 1112.448486 0.000000 1816.672974
34725.375000 1112.448486 0.000000 1816.774048
34725.375000 1112.448486 0.000000 1816.887939
34725.375000 1112.448486 0.000000 1816.982056
34725.375000 1112.448486 0.000000 1817.084961
34725.375000 1112.448486 0.000000 1817.180054
34725.375000 1112.448486 0.000000 1817.272949
34725.375000 1112.448486 0.000000 1817.373047
34725.375000 1112.448486 0.000000 1817.479004
34725.375000 1112.448486 0.000000 1817.572998
34725.375000 1112.448486 0.000000 1817.681030
34725.375000 1112.448486 0.000000 1817.772949
34725.375000 1112.448486 0.000000 1817.880981
34725.375000 1112.448486 0.000000 1817.980957
34725.375000 1112.448486 0.000000 1818.081055
34725.375000 1112.448486 0.000000 1818.180054
34725.375000 1112.448486 0.000000 1818.277954
34725.375000 1112.448486 0.000000 1818.373047
34725.375000 1112.448486 0.000000 1818.473022
34725.375000 1112.448486 0.000000 1818.578003
34725.375000 1112.448486 0.000000 1818.677979
34725.375000 1112.448486 0.000000 1818.774048
34725.375000 1112.448486 0.000000 1818.874023
34725.375000 1112.448486 0.000000 1818.973022
34725.375000 1112.448486 0.000000 1819.072998
34725.375000 1112.448486 0.000000 1819.182983
34725.375000 1112.448486 0.000000 1819.282959
34725.375000 1112.448486 0.000000 1819.483032
34725.375000 1112.448486 0.000000 1819.583008
34725.375000 1112.448486 0.000000 1819.682983
34725.375000 1112.448486 0.000000 1819.886963
34725.375000 1112.448486 0.000000 1819.982056
34725.375000 1112.448486 0.000000 1820.082031
34725.375000 1112.448486 0.000000 1820.281982
34725.375000 1112.448486 0.000000 1820.381958
34725.375000 1112.448486 0.000000 1820.597046
34725.375000 1112.448486 0.000000 1820.692017
34725.375000 1112.448486 0.000000 1820.891968
34725.375000 1112.448486 0.000000 1820.983032
34725.375000 1112.448486 0.000000 1821.182983
34725.375000 1112.448486 0.000000 1821.282959
34725.375000 1112.448486 0.000000 1821.483032
34725.375000 1112.448486 0.000000 1821.589966
34725.375000 1112.448486 0.000000 1821.786011
34725.375000 1112.448486 0.000000 1821.890015
34725.375000 1112.448486 0.000000 1822.000000
34725.375000 1112.448486 0.000000 1822.089966
34725.375000 1112.448486 0.000000 1822.189941
34725.375000 1112.448486 0.000000 1822.286011
34725.375000 1112.448486 0.000000 1822.380981
34725.375000 1112.448486 0.000000 1822.489990
34725.375000 1112.448486 0.000000 1822.588989
34725.375000 1112.448486 0.000000 1822.696045
34725.375000 1112.448486 0.000000 1822.781006
34725.375000 1112.448486 0.000000 1822.880981
34725.375000 1112.448486 0.000000 1822.980957
34725.375000 1112.448486 0.000000 1823.082031
34725.375000 1112.448486 0.000000 1823.181030
34725.375000 1112.448486 0.000000 1823.286987
34725.375000 1112.448486 0.000000 1823.380981
34725.375000 1112.448486 0.000000 1823.485962
34725.375000 1112.448486 0.000000 1823.592041
34725.375000 1112.448486 0.000000 1823.683960
34725.375000 1112.448486 0.000000 1823.885986
34725.375000 1112.448486 0.000000 1824.081055
34725.375000 1112.448486 0.000000 1824.181030
34725.375000 1112.448486 0.000000 1824.281006
34725.375000 1112.448486 0.000000 1824.385986
34725.375000 1112.448486 0.000000 1824.490967
34725.375000 1112.448486 0.000000 1824.686035
34725.375000 1112.448486 0.000000 1824.786987
34725.375000 1112.448486 0.000000 1824.987061
34725.375000 1112.448486 0.000000 1825.088013
34725.375000 1112.448486 0.000000 1825.181030
34725.375000 1112.448486 0.000000 1825.286011
34725.375000 1112.448486 0.000000 1825.385986
34725.375000 1112.448486 0.000000 1825.491943
34725.375000 1112.448486 0.000000 1825.581055
34725.375000 1112.448486 0.000000 1825.681030
34725.375000 1112.448486 0.000000 1825.786011
34725.375000 1112.448486 0.000000 1825.890015
34725.375000 1112.448486 0.000000 1825.980957
34725.375000 1112.448486 0.000000 1826.081055
34725.375000 1112.448486 0.000000 1826.181030
34725.375000 1112.448486 0.000000 1826.281006
34725.375000 1112.448486 0.000000 1826.380981
34725.375000 1112.448486 0.000000 1826.484985
34725.375000 1112.448486 0.000000 1826.584961
34725.375000 1112.448486 0.000000 1826.691040
34725.375000 1112.448486 0.000000 1826.891968
34725.375000 1112.448486 0.000000 1826.990967
34725.375000 1112.448486 0.000000 1827.079956
34725.375000 1112.448486 0.000000 1827.180054
34725.375000 1112.448486 0.000000 1827.280029
34725.375000 1112.448486 0.000000 1827.385010
34725.375000 1112.448486 0.000000 1827.479980
34725.375000 1112.448486 0.000000 1827.586060
34725.375000 1112.448486 0.000000 1827.681030
34725.375000 1112.448486 0.000000 1827.779053
34725.375000 1112.448486 0.000000 1827.884033
34725.375000 1112.448486 0.000000 1827.984009
34725.375000 1112.448486 0.000000 1828.083984
34725.375000 1112.448486 0.000000 1828.188965
34725.375000 1112.448486 0.000000 1828.284058
34725.375000 1112.448486 0.000000 1828.390991
34725.375000 1112.448486 0.000000 1828.489990
34725.375000 1112.448486 0.000000 1828.583984
34725.375000 1112.448486 0.000000 1828.688965
34725.375000 1112.448486 0.000000 1828.793945
34725.375000 1112.448486 0.000000 1828.889038
34725.375000 1112.448486 0.000000 1828.999023
34725.375000 1112.448486 0.000000 1829.098999
34725.375000 1112.448486 0.000000 1829.188965
34725.375000 1112.448486 0.000000 1829.293945
34725.375000 1112.448486 0.000000 1829.394043
34725.375000 1112.448486 0.000000 1829.488037
34725.375000 1112.448486 0.000000 1829.583984
34725.375000 1112.448486 0.000000 1829.683960
34725.375000 1112.448486 0.000000 1829.780029
34725.375000 1112.448486 0.000000 1829.884033
34725.375000 1112.448486 0.000000 1829.984009
34725.375000 1112.448486 0.000000 1830.084961
34725.375000 1112.448486 0.000000 1830.189941
34725.375000 1112.448486 0.000000 1830.290039
34725.375000 1112.448486 0.000000 1830.379028
34725.375000 1112.448486 0.000000 1830.484985
34725.375000 1112.448486 0.000000 1830.584961
34725.375000 1112.448486 0.000000 1830.687988
34725.375000 1112.448486 0.000000 1830.802979
34725.375000 1112.448486 0.000000 1830.892944
34725.375000 1112.448486 0.000000 1830.988037
34725.375000 1112.448486 0.000000 1831.089966
34725.375000 1112.448486 0.000000 1831.181030
34725.375000 1112.448486 0.000000 1831.281006
34725.375000 1112.448486 0.000000 1831.381958
34725.375000 1112.448486 0.000000 1831.495972
34725.375000 1112.448486 0.000000 1831.590942
34725.375000 1112.448486 0.000000 1831.691040
34725.375000 1112.448486 0.000000 1831.796021
34725.375000 1112.448486 0.000000 1831.881958
34725.375000 1112.448486 0.000000 1831.982056
34725.375000 1112.448486 0.000000 1832.083008
34725.375000 1112.448486 0.000000 1832.186035
34725.375000 1112.448486 0.000000 1832.288940
34725.375000 1112.448486 0.000000 1832.394043
34725.375000 1112.448486 0.000000 1832.489014
34725.375000 1112.448486 0.000000 1832.582031
34725.375000 1112.448486 0.000000 1832.687012
34725.375000 1112.448486 0.000000 1832.781982
34725.375000 1112.448486 0.000000 1832.881958
34725.375000 1112.448486 0.000000 1832.987061
34725.375000 1112.448486 0.000000 1833.087036
34725.375000 1112.448486 0.000000 1833.187012
34725.375000 1112.448486 0.000000 1833.286987
34725.375000 1112.448486 0.000000 1833.381958
34725.375000 1112.448486 0.000000 1833.491943
34725.375000 1112.448486 0.000000 1833.682007
34725.375000 1112.448486 0.000000 1833.795044
34725.375000 1112.448486 0.000000 1833.895020
34725.375000 1112.448486 0.000000 1833.994019
34725.375000 1112.448486 0.000000 1834.088989
34725.375000 1112.448486 0.000000 1834.187988
34725.375000 1112.448486 0.000000 1834.281982
34725.375000 1112.448486 0.000000 1834.381958
34725.375000 1112.448486 0.000000 1834.482056
34725.375000 1112.448486 0.000000 1834.582031
34725.375000 1112.448486 0.000000 1834.688965
34725.375000 1112.448486 0.000000 1834.788940
34725.375000 1112.448486 0.000000 1834.886963
34725.375000 1112.448486 0.000000 1834.987061
34725.375000 1112.448486 0.000000 1835.082031
34725.375000 1112.448486 0.000000 1835.183960
34725.375000 1112.448486 0.000000 1835.293945
34725.375000 1112.448486 0.000000 1835.381958
34725.375000 1112.448486 0.000000 1835.483032
34725.375000 1112.448486 0.000000 1835.582031
34725.375000 1112.448486 0.000000 1835.682007
34725.375000 1112.448486 0.000000 1835.781982
34725.375000 1112.448486 0.000000 1835.890991
34725.375000 1112.448486 0.000000 1835.982056
34725.375000 1112.448486 0.000000 1836.094971
34725.375000 1112.448486 0.000000 1836.197998
34725.375000 1112.448486 0.000000 1836.296997
34725.375000 1112.448486 0.000000 1836.401978
34725.375000 1112.448486 0.000000 1836.491943
34725.375000 1112.448486 0.000000 1836.592041
34725.375000 1112.448486 0.000000 1836.692017
34725.375000 1112.448486 0.000000 1836.796997
34725.375000 1112.448486 0.000000 1836.891968
34725.375000 1112.448486 0.000000 1836.982056
34725.375000 1112.448486 0.000000 1837.087036
34725.375000 1112.448486 0.000000 1837.182007
34725.375000 1112.448486 0.000000 1837.297974
34725.375000 1112.448486 0.000000 1837.390991
34725.375000 1112.448486 0.000000 1837.487061
34725.375000 1112.448486 0.000000 1837.588013
34725.375000 1112.448486 0.000000 1837.682983
34725.375000 1112.448486 0.000000 1837.781982
34725.375000 1112.448486 0.000000 1837.881958
34725.375000 1112.448486 0.000000 1837.979980
34725.375000 1112.448486 0.000000 1838.084961
34725.375000 1112.448486 0.000000 1838.182983
34725.375000 1112.448486 0.000000 1838.285034
34725.375000 1112.448486 0.000000 1838.392944
34725.375000 1112.448486 0.000000 1838.479980
34725.375000 1112.448486 0.000000 1838.579956
34725.375000 1112.448486 0.000000 1838.689941
34725.375000 1112.448486 0.000000 1838.785034
34725.375000 1112.448486 0.000000 1838.885010
34725.375000 1112.448486 0.000000 1838.993042
34725.375000 1112.448486 0.000000 1839.084961
34725.375000 1112.448486 0.000000 1839.189941
34725.375000 1112.448486 0.000000 1839.290039
34725.375000 1112.448486 0.000000 1839.390015
34725.375000 1112.448486 0.000000 1839.586060
34725.375000 1112.448486 0.000000 1839.686035
34725.375000 1112.448486 0.000000 1839.795044
34725.375000 1112.448486 0.000000 1839.900024
34725.375000 1112.448486 0.000000 1839.991943
34725.375000 1112.448486 0.000000 1840.192993
34725.375000 1112.448486 0.000000 1840.381958
34725.375000 1112.448486 0.000000 1840.487061
34768.750000 1112.448486 0.000000 1840.594971
34768.750000 1112.448486 0.000000 1840.793945
34768.750000 1112.448486 0.000000 1840.994019
34768.750000 1112.448486 0.000000 1841.093994
34768.750000 1112.448486 0.000000 1841.188965
34768.750000 1112.448486 0.000000 1841.288940
34768.750000 1112.448486 0.000000 1841.489014
34768.750000 1112.448486 0.000000 1841.691040
34768.750000 1112.448486 0.000000 1841.788940
34768.750000 1112.448486 0.000000 1841.889038
34768.750000 1112.448486 0.000000 1841.990967
34768.750000 1112.448486 0.000000 1842.083008
34768.750000 1112.448486 0.000000 1842.203979
34768.750000 1112.448486 0.000000 1842.284058
34768.750000 1112.448486 0.000000 1842.396973
34768.750000 1112.448486 0.000000 1842.489014
34768.750000 1112.448486 0.000000 1842.583984
34768.750000 1112.448486 0.000000 1842.693970
34768.750000 1112.448486 0.000000 1842.784058
34768.750000 1112.448486 0.000000 1842.889038
34768.750000 1112.448486 0.000000 1843.088989
34768.750000 1112.448486 0.000000 1843.201050
34768.750000 1112.448486 0.000000 1843.284058
34768.750000 1112.448486 0.000000 1843.395020
34768.750000 1112.448486 0.000000 1843.495972
34768.750000 1112.448486 0.000000 1843.586060
34768.750000 1112.448486 0.000000 1843.701050
34768.750000 1112.448486 0.000000 1843.796021
34768.750000 1112.448486 0.000000 1843.894043
34768.750000 1112.448486 0.000000 1844.001953
34768.750000 1112.448486 0.000000 1844.092041
34768.750000 1112.448486 0.000000 1844.186035
34768.750000 1112.448486 0.000000 1844.286011
34768.750000 1112.448486 0.000000 1844.387939
34768.750000 1112.448486 0.000000 1844.495972
34768.750000 1112.448486 0.000000 1844.600952
34768.750000 1112.448486 0.000000 1844.686035
34768.750000 1112.448486 0.000000 1844.791992
34768.750000 1112.448486 0.000000 1844.885986
34768.750000 1112.448486 0.000000 1844.990967
34768.750000 1112.448486 0.000000 1845.086060
34768.750000 1112.448486 0.000000 1845.194946
34768.750000 1112.448486 0.000000 1845.295044
34768.750000 1112.448486 0.000000 1845.397949
34768.750000 1112.448486 0.000000 1845.485962
34768.750000 1112.448486 0.000000 1845.586060
34768.750000 1112.448486 0.000000 1845.692993
34768.750000 1112.448486 0.000000 1845.786011
34768.750000 1112.448486 0.000000 1845.897949
34768.750000 1112.448486 0.000000 1845.993042
34768.750000 1112.448486 0.000000 1846.090942
34768.750000 1112.448486 0.000000 1846.191040
34768.750000 1112.448486 0.000000 1846.286987
34768.750000 1112.448486 0.000000 1846.385986
34768.750000 1112.448486 0.000000 1846.494019
34768.750000 1112.448486 0.000000 1846.588013
34768.750000 1112.448486 0.000000 1846.687012
34768.750000 1112.448486 0.000000 1846.792969
34768.750000 1112.448486 0.000000 1846.890991
34768.750000 1112.448486 0.000000 1846.990967
34768.750000 1112.448486 0.000000 1847.092041
34768.750000 1112.448486 0.000000 1847.187012
34768.750000 1112.448486 0.000000 1847.287964
34768.750000 1112.448486 0.000000 1847.387939
34768.750000 1112.448486 0.000000 1847.487061
34768.750000 1112.448486 0.000000 1847.587036
34768.750000 1112.448486 0.000000 1847.687012
34768.750000 1112.448486 0.000000 1847.787964
34768.750000 1112.448486 0.000000 1847.891968
34768.750000 1112.448486 0.000000 1847.991943
34768.750000 1112.448486 0.000000 1848.087036
34768.750000 1112.448486 0.000000 1848.187012
34768.750000 1112.448486 0.000000 1848.296997
34768.750000 1112.448486 0.000000 1848.386963
34768.750000 1112.448486 0.000000 1848.491943
34768.750000 1112.448486 0.000000 1848.593018
34768.750000 1112.448486 0.000000 1848.692993
34768.750000 1112.448486 0.000000 1848.791992
34768.750000 1112.448486 0.000000 1848.886963
34768.750000 1112.448486 0.000000 1848.996948
34768.750000 1112.448486 0.000000 1849.102051
34768.750000 1112.448486 0.000000 1849.187012
34768.750000 1112.448486 0.000000 1849.286987
34768.750000 1112.448486 0.000000 1849.392944
34768.750000 1112.448486 0.000000 1849.491943
34768.750000 1112.448486 0.000000 1849.592041
34768.750000 1112.448486 0.000000 1849.692993
34768.750000 1112.448486 0.000000 1849.781982
34768.750000 1112.448486 0.000000 1849.892944
34768.750000 1112.448486 0.000000 1849.996948
34768.750000 1112.448486 0.000000 1850.097046
34768.750000 1112.448486 0.000000 1850.197021
34768.750000 1112.448486 0.000000 1850.300049
34768.750000 1112.448486 0.000000 1850.500000
34768.750000 1112.448486 0.000000 1850.599976
34768.750000 1112.448486 0.000000 1850.692017
34768.750000 1112.448486 0.000000 1850.786987
34768.750000 1112.448486 0.000000 1850.886963
34768.750000 1112.448486 0.000000 1850.991943
34768.750000 1112.448486 0.000000 1851.092041
34768.750000 1112.448486 0.000000 1851.192017
34768.750000 1112.448486 0.000000 1851.300049
34768.750000 1112.448486 0.000000 1851.390991
34768.750000 1112.448486 0.000000 1851.491943
34768.750000 1112.448486 0.000000 1851.587036
34768.750000 1112.448486 0.000000 1851.702026
34768.750000 1112.448486 0.000000 1851.906982
34768.750000 1112.448486 0.000000 1851.996948
34768.750000 1112.448486 0.000000 1852.095947
34768.750000 1112.448486 0.000000 1852.193970
34768.750000 1112.448486 0.000000 1852.295044
34768.750000 1112.448486 0.000000 1852.395996
34768.750000 1112.448486 0.000000 1852.494995
34768.750000 1112.448486 0.000000 1852.598999
34768.750000 1112.448486 0.000000 1852.688965
34768.750000 1112.448486 0.000000 1852.788940
34768.750000 1112.448486 0.000000 1852.890991
34768.750000 1112.448486 0.000000 1852.989014
34768.750000 1112.448486 0.000000 1853.088989
34768.750000 1112.448486 0.000000 1853.188965
34768.750000 1112.448486 0.000000 1853.288940
34768.750000 1112.448486 0.000000 1853.396973
34768.750000 1112.448486 0.000000 1853.489014
34768.750000 1112.448486 0.000000 1853.696045
34768.750000 1112.448486 0.000000 1853.784058
34768.750000 1112.448486 0.000000 1853.889038
34768.750000 1112.448486 0.000000 1853.994019
34768.750000 1112.448486 0.000000 1854.103027
34768.750000 1112.448486 0.000000 1854.287964
34768.750000 1112.448486 0.000000 1854.392944
34768.750000 1112.448486 0.000000 1854.503052
34768.750000 1112.448486 0.000000 1854.593018
34768.750000 1112.448486 0.000000 1854.692993
34768.750000 1112.448486 0.000000 1854.793945
34768.750000 1112.448486 0.000000 1854.891968
34768.750000 1112.448486 0.000000 1854.991943
34768.750000 1112.448486 0.000000 1855.093018
34768.750000 1112.448486 0.000000 1855.199951
34768.750000 1112.448486 0.000000 1855.296997
34768.750000 1112.448486 0.000000 1855.400024
34768.750000 1112.448486 0.000000 1855.500000
34768.750000 1112.448486 0.000000 1855.594971
34768.750000 1112.448486 0.000000 1855.691040
34768.750000 1112.448486 0.000000 1855.791016
34768.750000 1112.448486 0.000000 1855.899048
34768.750000 1112.448486 0.000000 1855.999023
34768.750000 1112.448486 0.000000 1856.104004
34768.750000 1112.448486 0.000000 1856.191040
34768.750000 1112.448486 0.000000 1856.291992
34768.750000 1112.448486 0.000000 1856.390991
34768.750000 1112.448486 0.000000 1856.505981
34768.750000 1112.448486 0.000000 1856.590942
34768.750000 1112.448486 0.000000 1856.691040
34768.750000 1112.448486 0.000000 1856.791016
34768.750000 1112.448486 0.000000 1856.890991
34768.750000 1112.448486 0.000000 1856.995972
34768.750000 1112.448486 0.000000 1857.090942
34768.750000 1112.448486 0.000000 1857.191040
34768.750000 1112.448486 0.000000 1857.291016
34768.750000 1112.448486 0.000000 1857.396973
34768.750000 1112.448486 0.000000 1857.495972
34768.750000 1112.448486 0.000000 1857.599976
34768.750000 1112.448486 0.000000 1857.703003
34768.750000 1112.448486 0.000000 1857.802002
34768.750000 1112.448486 0.000000 1857.901978
34768.750000 1112.448486 0.000000 1857.990967
34768.750000 1112.448486 0.000000 1858.090942
34768.750000 1112.448486 0.000000 1858.191040
34768.750000 1112.448486 0.000000 1858.291016
34768.750000 1112.448486 0.000000 1858.390991
34768.750000 1112.448486 0.000000 1858.491943
34768.750000 1112.448486 0.000000 1858.595947
34768.750000 1112.448486 0.000000 1858.707031
34768.750000 1112.448486 0.000000 1858.796021
34768.750000 1112.448486 0.000000 1858.891968
34768.750000 1112.448486 0.000000 1858.994995
34768.750000 1112.448486 0.000000 1859.090942
34768.750000 1112.448486 0.000000 1859.196045
34768.750000 1112.448486 0.000000 1859.291016
34768.750000 1112.448486 0.000000 1859.390991
34768.750000 1112.448486 0.000000 1859.485962
34768.750000 1112.448486 0.000000 1859.590942
34768.750000 1112.448486 0.000000 1859.703979
34768.750000 1112.448486 0.000000 1859.798950
34768.750000 1112.448486 0.000000 1859.901001
34768.750000 1112.448486 0.000000 1860.000977
34768.750000 1112.448486 0.000000 1860.098999
34768.750000 1112.448486 0.000000 1860.203979
34768.750000 1112.448486 0.000000 1860.298950
34768.750000 1112.448486 0.000000 1860.390991
34768.750000 1112.448486 0.000000 1860.494019
34768.750000 1112.448486 0.000000 1860.595947
34768.750000 1112.448486 0.000000 1860.704956
34768.750000 1112.448486 0.000000 1860.796021
34768.750000 1112.448486 0.000000 1860.890991
34768.750000 1112.448486 0.000000 1860.994995
34768.750000 1112.448486 0.000000 1861.090942
34768.750000 1112.448486 0.000000 1861.202026
34768.750000 1112.448486 0.000000 1861.296997
34768.750000 1112.448486 0.000000 1861.402954
34768.750000 1112.448486 0.000000 1861.501953
34768.750000 1112.448486 0.000000 1861.597046
34768.750000 1112.448486 0.000000 1861.691040
34768.750000 1112.448486 0.000000 1861.798950
34768.750000 1112.448486 0.000000 1861.896973
34768.750000 1112.448486 0.000000 1861.996948
34768.750000 1112.448486 0.000000 1862.098022
34768.750000 1112.448486 0.000000 1862.203003
34768.750000 1112.448486 0.000000 1862.297974
34768.750000 1112.448486 0.000000 1862.390991
34768.750000 1112.448486 0.000000 1862.490967
34768.750000 1112.448486 0.000000 1862.604980
34768.750000 1112.448486 0.000000 1862.701050
34768.750000 1112.448486 0.000000 1862.806030
34768.750000 1112.448486 0.000000 1862.901001
34768.750000 1112.448486 0.000000 1863.000977
34768.750000 1112.448486 0.000000 1863.105957
34768.750000 1112.448486 0.000000 1863.201050
34768.750000 1112.448486 0.000000 1863.301025
34768.750000 1112.448486 0.000000 1863.406006
34768.750000 1112.448486 0.000000 1863.500977
34768.750000 1112.448486 0.000000 1863.605957
34768.750000 1112.448486 0.000000 1863.703979
34768.750000 1112.448486 0.000000 1863.801025
34768.750000 1112.448486 0.000000 1863.896973
34768.750000 1112.448486 0.000000 1864.006958
34768.750000 1112.448486 0.000000 1864.100952
34768.750000 1112.448486 0.000000 1864.201050
34768.750000 1112.448486 0.000000 1864.401001
34768.750000 1112.448486 0.000000 1864.501953
34768.750000 1112.448486 0.000000 1864.696045
34768.750000 1112.448486 0.000000 1864.796021
34768.750000 1112.448486 0.000000 1864.895996
34768.750000 1112.448486 0.000000 1865.005005
34768.750000 1112.448486 0.000000 1865.203979
34768.750000 1112.448486 0.000000 1865.296997
34768.750000 1112.448486 0.000000 1865.395996
34768.750000 1112.448486 0.000000 1865.501953
34768.750000 1112.448486 0.000000 1865.701050
34768.750000 1112.448486 0.000000 1865.802002
34768.750000 1112.448486 0.000000 1865.895996
34768.750000 1112.448486 0.000000 1865.996948
34768.750000 1112.448486 0.000000 1866.102051
34768.750000 1112.448486 0.000000 1866.201050
34768.750000 1112.448486 0.000000 1866.302002
34768.750000 1112.448486 0.000000 1866.395996
34768.750000 1112.448486 0.000000 1866.509033
34768.750000 1112.448486 0.000000 1866.604004
34768.750000 1112.448486 0.000000 1866.703979
34768.750000 1112.448486 0.000000 1866.801025
34768.750000 1112.448486 0.000000 1866.897949
34768.750000 1112.448486 0.000000 1867.000977
34768.750000 1112.448486 0.000000 1867.099976
34768.750000 1112.448486 0.000000 1867.208008
34768.750000 1112.448486 0.000000 1867.308960
34768.750000 1112.448486 0.000000 1867.505005
34768.750000 1112.448486 0.000000 1867.604980
34768.750000 1112.448486 0.000000 1867.701050
34768.750000 1112.448486 0.000000 1867.797974
34768.750000 1112.448486 0.000000 1867.897949
34768.750000 1112.448486 0.000000 1867.998047
34768.750000 1112.448486 0.000000 1868.104004
34768.750000 1112.448486 0.000000 1868.197998
34768.750000 1112.448486 0.000000 1868.307983
34768.750000 1112.448486 0.000000 1868.503052
34768.750000 1112.448486 0.000000 1868.604004
34768.750000 1112.448486 0.000000 1868.703003
34768.750000 1112.448486 0.000000 1868.805054
34768.750000 1112.448486 0.000000 1868.905029
34768.750000 1112.448486 0.000000 1869.003052
34768.750000 1112.448486 0.000000 1869.093018
34768.750000 1112.448486 0.000000 1869.197998
34768.750000 1112.448486 0.000000 1869.297974
34768.750000 1112.448486 0.000000 1869.407959
34768.750000 1112.448486 0.000000 1869.511963
34768.750000 1112.448486 0.000000 1869.608032
34768.750000 1112.448486 0.000000 1869.706055
34768.750000 1112.448486 0.000000 1869.802979
34768.750000 1112.448486 0.000000 1869.907959
34768.750000 1112.448486 0.000000 1870.008057
34768.750000 1112.448486 0.000000 1870.104980
34768.750000 1112.448486 0.000000 1870.211060
34768.750000 1112.448486 0.000000 1870.296021
34768.750000 1112.448486 0.000000 1870.395996
34768.750000 1112.448486 0.000000 1870.495972
34768.750000 1112.448486 0.000000 1870.595947
34768.750000 1112.448486 0.000000 1870.702026
34768.750000 1112.448486 0.000000 1870.803955
34768.750000 1112.448486 0.000000 1870.905029
34768.750000 1112.448486 0.000000 1870.996948
34768.750000 1112.448486 0.000000 1871.110962
34768.750000 1112.448486 0.000000 1871.211060
34768.750000 1112.448486 0.000000 1871.302979
34768.750000 1112.448486 0.000000 1871.402954
34768.750000 1112.448486 0.000000 1871.505981
34768.750000 1112.448486 0.000000 1871.597046
34768.750000 1112.448486 0.000000 1871.702026
34768.750000 1112.448486 0.000000 1871.805054
34768.750000 1112.448486 0.000000 1871.896973
34768.750000 1112.448486 0.000000 1872.014038
34768.750000 1112.448486 0.000000 1872.104004
34768.750000 1112.448486 0.000000 1872.208008
34768.750000 1112.448486 0.000000 1872.302002
34768.750000 1112.448486 0.000000 1872.396973
34768.750000 1112.448486 0.000000 1872.496948
34768.750000 1112.448486 0.000000 1872.598999
34768.750000 1112.448486 0.000000 1872.724976
34768.750000 1112.448486 0.000000 1872.795044
34768.750000 1112.448486 0.000000 1872.895020
34768.750000 1112.448486 0.000000 1872.994995
34768.750000 1112.448486 0.000000 1873.107056
34768.750000 1112.448486 0.000000 1873.202026
34768.750000 1112.448486 0.000000 1873.308960
34768.750000 1112.448486 0.000000 1873.404053
34768.750000 1112.448486 0.000000 1873.501953
34768.750000 1112.448486 0.000000 1873.605957
34768.750000 1112.448486 0.000000 1873.706055
34768.750000 1112.448486 0.000000 1873.811035
34768.750000 1112.448486 0.000000 1873.911011
34768.750000 1112.448486 0.000000 1874.005005
34768.750000 1112.448486 0.000000 1874.109985
34768.750000 1112.448486 0.000000 1874.197021
34768.750000 1112.448486 0.000000 1874.296997
34768.750000 1112.448486 0.000000 1874.405029
34768.750000 1112.448486 0.000000 1874.510010
34768.750000 1112.448486 0.000000 1874.602051
34768.750000 1112.448486 0.000000 1874.699951
34768.750000 1112.448486 0.000000 1874.807983
34768.750000 1112.448486 0.000000 1874.905029
34768.750000 1112.448486 0.000000 1875.005981
34768.750000 1112.448486 0.000000 1875.108032
34768.750000 1112.448486 0.000000 1875.201050
34768.750000 1112.448486 0.000000 1875.312012
34768.750000 1112.448486 0.000000 1875.404053
34768.750000 1112.448486 0.000000 1875.498047
34768.750000 1112.448486 0.000000 1875.598022
34768.750000 1112.448486 0.000000 1875.697998
34768.750000 1112.448486 0.000000 1875.802979
34768.750000 1112.448486 0.000000 1875.909058
34768.750000 1112.448486 0.000000 1876.005005
34768.750000 1112.448486 0.000000 1876.098022
34768.750000 1112.448486 0.000000 1876.203003
34768.750000 1112.448486 0.000000 1876.297974
34768.750000 1112.448486 0.000000 1876.397949
34768.750000 1112.448486 0.000000 1876.498047
34768.750000 1112.448486 0.000000 1876.598022
34768.750000 1112.448486 0.000000 1876.703003
34768.750000 1112.448486 0.000000 1876.797974
34768.750000 1112.448486 0.000000 1876.895020
34768.750000 1112.448486 0.000000 1877.000000
34768.750000 1112.448486 0.000000 1877.105957
34768.750000 1112.448486 0.000000 1877.199951
34768.750000 1112.448486 0.000000 1877.295044
34768.750000 1112.448486 0.000000 1877.400024
34768.750000 1112.448486 0.000000 1877.498047
34768.750000 1112.448486 0.000000 1877.599976
34768.750000 1112.448486 0.000000 1877.711060
34768.750000 1112.448486 0.000000 1877.806030
34768.750000 1112.448486 0.000000 1877.906006
34768.750000 1112.448486 0.000000 1877.999023
34768.750000 1112.448486 0.000000 1878.098999
34768.750000 1112.448486 0.000000 1878.197998
34768.750000 1112.448486 0.000000 1878.302979
34768.750000 1112.448486 0.000000 1878.411011
34768.750000 1112.448486 0.000000 1878.505981
34768.750000 1112.448486 0.000000 1878.603027
34768.750000 1112.448486 0.000000 1878.701050
34768.750000 1112.448486 0.000000 1878.797974
34768.750000 1112.448486 0.000000 1878.904053
34768.750000 1112.448486 0.000000 1879.005981
34768.750000 1112.448486 0.000000 1879.098022
34768.750000 1112.448486 0.000000 1879.203003
34768.750000 1112.448486 0.000000 1879.305054
34768.750000 1112.448486 0.000000 1879.397949
34768.750000 1112.448486 0.000000 1879.500000
34768.750000 1112.448486 0.000000 1879.603027
34768.750000 1112.448486 0.000000 1879.703979
34768.750000 1112.448486 0.000000 1879.798950
34768.750000 1112.448486 0.000000 1879.897949
34768.750000 1112.448486 0.000000 1880.003052
34768.750000 1112.448486 0.000000 1880.098022
34768.750000 1112.448486 0.000000 1880.198975
34768.750000 1112.448486 0.000000 1880.302979
34768.750000 1112.448486 0.000000 1880.407959
34768.750000 1112.448486 0.000000 1880.509033
34768.750000 1112.448486 0.000000 1880.603027
34768.750000 1112.448486 0.000000 1880.704956
34768.750000 1112.448486 0.000000 1880.802979
34768.750000 1112.448486 0.000000 1880.900024
34768.750000 1112.448486 0.000000 1881.008057
34768.750000 1112.448486 0.000000 1881.104980
34769.250000 1112.448486 0.000000 1881.219971
34769.250000 1112.448486 0.000000 1881.307007
34769.250000 1112.448486 0.000000 1881.400024
34769.250000 1112.448486 0.000000 1881.500000
34769.250000 1112.448486 0.000000 1881.599976
34769.250000 1112.448486 0.000000 1881.706055
34769.250000 1112.448486 0.000000 1881.813965
34769.250000 1112.448486 0.000000 1881.900024
34769.250000 1112.448486 0.000000 1882.000000
34769.250000 1112.448486 0.000000 1882.109009
34769.250000 1112.448486 0.000000 1882.211060
34769.250000 1112.448486 0.000000 1882.300049
34769.250000 1112.448486 0.000000 1882.401001
34769.250000 1112.448486 0.000000 1882.505005
34769.250000 1112.448486 0.000000 1882.603027
34769.250000 1112.448486 0.000000 1882.699951
34769.250000 1112.448486 0.000000 1882.812988
34769.250000 1112.448486 0.000000 1882.902954
34769.250000 1112.448486 0.000000 1883.003052
34769.250000 1112.448486 0.000000 1883.104004
34769.250000 1112.448486 0.000000 1883.208008
34769.250000 1112.448486 0.000000 1883.317993
34769.250000 1112.448486 0.000000 1883.413940
34769.250000 1112.448486 0.000000 1883.500000
34769.250000 1112.448486 0.000000 1883.600952
34769.250000 1112.448486 0.000000 1883.707031
34769.250000 1112.448486 0.000000 1883.802979
34769.250000 1112.448486 0.000000 1883.901978
34769.250000 1112.448486 0.000000 1884.006958
34769.250000 1112.448486 0.000000 1884.109009
34769.250000 1112.448486 0.000000 1884.203979
34769.250000 1112.448486 0.000000 1884.303955
34769.250000 1112.448486 0.000000 1884.409058
34769.250000 1112.448486 0.000000 1884.504028
34769.250000 1112.448486 0.000000 1884.598999
34769.250000 1112.448486 0.000000 1884.708984
34769.250000 1112.448486 0.000000 1884.803955
34769.250000 1112.448486 0.000000 1884.899048
34769.250000 1112.448486 0.000000 1885.004028
34769.250000 1112.448486 0.000000 1885.104004
34769.250000 1112.448486 0.000000 1885.209961
34769.250000 1112.448486 0.000000 1885.399048
34769.250000 1112.448486 0.000000 1885.509033
34769.250000 1112.448486 0.000000 1885.607056
34769.250000 1112.448486 0.000000 1885.698975
34769.250000 1112.448486 0.000000 1885.803955
34769.250000 1112.448486 0.000000 1885.913940
34769.250000 1112.448486 0.000000 1886.009033
34769.250000 1112.448486 0.000000 1886.119019
34769.250000 1112.448486 0.000000 1886.208984
34769.250000 1112.448486 0.000000 1886.308960
34769.250000 1112.448486 0.000000 1886.409058
34769.250000 1112.448486 0.000000 1886.508057
34769.250000 1112.448486 0.000000 1886.610962
34769.250000 1112.448486 0.000000 1886.703979
34769.250000 1112.448486 0.000000 1886.798950
34769.250000 1112.448486 0.000000 1886.899048
34769.250000 1112.448486 0.000000 1886.999023
34769.250000 1112.448486 0.000000 1887.104004
34769.250000 1112.448486 0.000000 1887.211060
34769.250000 1112.448486 0.000000 1887.303955
34769.250000 1112.448486 0.000000 1887.404053
34769.250000 1112.448486 0.000000 1887.500977
34769.250000 1112.448486 0.000000 1887.607056
34769.250000 1112.448486 0.000000 1887.702026
34769.250000 1112.448486 0.000000 1887.811035
34769.250000 1112.448486 0.000000 1887.912964
34769.250000 1112.448486 0.000000 1888.006958
34769.250000 1112.448486 0.000000 1888.103027
34769.250000 1112.448486 0.000000 1888.203003
34769.250000 1112.448486 0.000000 1888.317993
34769.250000 1112.448486 0.000000 1888.417969
34769.250000 1112.448486 0.000000 1888.515015
34769.250000 1112.448486 0.000000 1888.603027
34769.250000 1112.448486 0.000000 1888.703003
34769.250000 1112.448486 0.000000 1888.808960
34769.250000 1112.448486 0.000000 1888.902954
34769.250000 1112.448486 0.000000 1889.003052
34769.250000 1112.448486 0.000000 1889.115967
34769.250000 1112.448486 0.000000 1889.211060
34769.250000 1112.448486 0.000000 1889.305054
34769.250000 1112.448486 0.000000 1889.402954
34769.250000 1112.448486 0.000000 1889.514038
34769.250000 1112.448486 0.000000 1889.603027
34769.250000 1112.448486 0.000000 1889.712036
34769.250000 1112.448486 0.000000 1889.810059
34769.250000 1112.448486 0.000000 1889.912964
34769.250000 1112.448486 0.000000 1889.999023
34769.250000 1112.448486 0.000000 1890.098999
34769.250000 1112.448486 0.000000 1890.203979
34769.250000 1112.448486 0.000000 1890.298950
34769.250000 1112.448486 0.000000 1890.404053
34769.250000 1112.448486 0.000000 1890.504028
34769.250000 1112.448486 0.000000 1890.609009
34769.250000 1112.448486 0.000000 1890.703979
34769.250000 1112.448486 0.000000 1890.798950
34769.250000 1112.448486 0.000000 1890.911011
34769.250000 1112.448486 0.000000 1891.005005
34769.250000 1112.448486 0.000000 1891.107056
34769.250000 1112.448486 0.000000 1891.207031
34769.250000 1112.448486 0.000000 1891.307007
34769.250000 1112.448486 0.000000 1891.404053
34769.250000 1112.448486 0.000000 1891.504028
34769.250000 1112.448486 0.000000 1891.604004
34769.250000 1112.448486 0.000000 1891.703979
34769.250000 1112.448486 0.000000 1891.810059
34769.250000 1112.448486 0.000000 1891.905029
34769.250000 1112.448486 0.000000 1892.000000
34769.250000 1112.448486 0.000000 1892.105957
34769.250000 1112.448486 0.000000 1892.199951
34769.250000 1112.448486 0.000000 1892.300049
34769.250000 1112.448486 0.000000 1892.410034
34769.250000 1112.448486 0.000000 1892.505005
34769.250000 1112.448486 0.000000 1892.604980
34769.250000 1112.448486 0.000000 1892.707031
34769.250000 1112.448486 0.000000 1892.805054
34769.250000 1112.448486 0.000000 1892.906006
34769.250000 1112.448486 0.000000 1893.000977
34769.250000 1112.448486 0.000000 1893.108032
34769.250000 1112.448486 0.000000 1893.201050
34769.250000 1112.448486 0.000000 1893.312988
34769.250000 1112.448486 0.000000 1893.407959
34769.250000 1112.448486 0.000000 1893.505981
34769.250000 1112.448486 0.000000 1893.605957
34769.250000 1112.448486 0.000000 1893.701050
34769.250000 1112.448486 0.000000 1893.823975
34769.250000 1112.448486 0.000000 1893.911011
34769.250000 1112.448486 0.000000 1894.014038
34769.250000 1112.448486 0.000000 1894.104004
34769.250000 1112.448486 0.000000 1894.211060
34769.250000 1112.448486 0.000000 1894.298950
34769.250000 1112.448486 0.000000 1894.409058
34769.250000 1112.448486 0.000000 1894.499023
34769.250000 1112.448486 0.000000 1894.605957
34769.250000 1112.448486 0.000000 1894.706055
34769.250000 1112.448486 0.000000 1894.806030
34769.250000 1112.448486 0.000000 1894.899048
34769.250000 1112.448486 0.000000 1895.010986
34769.250000 1112.448486 0.000000 1895.109009
34769.250000 1112.448486 0.000000 1895.203979
34769.250000 1112.448486 0.000000 1895.307983
34769.250000 1112.448486 0.000000 1895.404053
34769.250000 1112.448486 0.000000 1895.508057
34769.250000 1112.448486 0.000000 1895.603027
34769.250000 1112.448486 0.000000 1895.708984
34769.250000 1112.448486 0.000000 1895.807983
34769.250000 1112.448486 0.000000 1895.913940
34769.250000 1112.448486 0.000000 1896.003052
34769.250000 1112.448486 0.000000 1896.103027
34769.250000 1112.448486 0.000000 1896.203003
34769.250000 1112.448486 0.000000 1896.302979
34769.250000 1112.448486 0.000000 1896.402954
34769.250000 1112.448486 0.000000 1896.516968
34769.250000 1112.448486 0.000000 1896.608032
34769.250000 1112.448486 0.000000 1896.702026
34769.250000 1112.448486 0.000000 1896.802002
34769.250000 1112.448486 0.000000 1896.901978
34769.250000 1112.448486 0.000000 1897.003052
34769.250000 1112.448486 0.000000 1897.108032
34769.250000 1112.448486 0.000000 1897.217041
34769.250000 1112.448486 0.000000 1897.322021
34769.250000 1112.448486 0.000000 1897.409058
34769.250000 1112.448486 0.000000 1897.509033
34769.250000 1112.448486 0.000000 1897.609985
34769.250000 1112.448486 0.000000 1897.708008
34769.250000 1112.448486 0.000000 1897.802979
34769.250000 1112.448486 0.000000 1897.897949
34769.250000 1112.448486 0.000000 1897.999023
34769.250000 1112.448486 0.000000 1898.102051
34769.250000 1112.448486 0.000000 1898.203979
34769.250000 1112.448486 0.000000 1898.317993
34769.250000 1112.448486 0.000000 1898.411011
34769.250000 1112.448486 0.000000 1898.510986
34769.250000 1112.448486 0.000000 1898.609985
34769.250000 1112.448486 0.000000 1898.704956
34769.250000 1112.448486 0.000000 1898.806030
34769.250000 1112.448486 0.000000 1898.906006
34769.250000 1112.448486 0.000000 1899.005981
34772.750000 1112.448486 0.000000 1899.114014
34772.750000 1112.448486 0.000000 1899.203979
34772.750000 1112.448486 0.000000 1899.312012
34772.750000 1112.448486 0.000000 1899.399048
34772.750000 1112.448486 0.000000 1899.500000
34772.750000 1112.448486 0.000000 1899.604980
34772.750000 1112.448486 0.000000 1899.706055
34772.750000 1112.448486 0.000000 1899.800049
34772.750000 1112.448486 0.000000 1899.900024
34772.750000 1112.448486 0.000000 1900.010010
34772.750000 1112.448486 0.000000 1900.104980
34772.750000 1112.448486 0.000000 1900.204956
34772.750000 1112.448486 0.000000 1900.307007
34772.750000 1112.448486 0.000000 1900.401001
34772.750000 1112.448486 0.000000 1900.505005
34772.750000 1112.448486 0.000000 1900.604980
34772.750000 1112.448486 0.000000 1900.709961
34772.750000 1112.448486 0.000000 1900.806030
34772.750000 1112.448486 0.000000 1900.905029
34772.750000 1112.448486 0.000000 1901.005005
34772.750000 1112.448486 0.000000 1901.109985
34772.750000 1112.448486 0.000000 1901.207031
34772.750000 1112.448486 0.000000 1901.416016
34772.750000 1112.448486 0.000000 1901.505981
34772.750000 1112.448486 0.000000 1901.614990
34772.750000 1112.448486 0.000000 1901.707031
34772.750000 1112.448486 0.000000 1901.816040
34772.750000 1112.448486 0.000000 1902.011963
34772.750000 1112.448486 0.000000 1902.115967
34772.750000 1112.448486 0.000000 1902.306030
34772.750000 1112.448486 0.000000 1902.411011
34772.750000 1112.448486 0.000000 1902.510986
34772.750000 1112.448486 0.000000 1902.605957
34772.750000 1112.448486 0.000000 1902.711060
34772.750000 1112.448486 0.000000 1902.811035
34772.750000 1112.448486 0.000000 1902.911011
34772.750000 1112.448486 0.000000 1903.005981
34772.750000 1112.448486 0.000000 1903.112061
34772.750000 1112.448486 0.000000 1903.206055
34772.750000 1112.448486 0.000000 1903.316040
34772.750000 1112.448486 0.000000 1903.510986
34772.750000 1112.448486 0.000000 1903.612061
34772.750000 1112.448486 0.000000 1903.724976
34772.750000 1112.448486 0.000000 1903.810059
34772.750000 1112.448486 0.000000 1903.916992
34772.750000 1112.448486 0.000000 1904.010010
34772.750000 1112.448486 0.000000 1904.109985
34772.750000 1112.448486 0.000000 1904.209961
34772.750000 1112.448486 0.000000 1904.323975
34772.750000 1112.448486 0.000000 1904.510010
34772.750000 1112.448486 0.000000 1904.709961
34772.750000 1112.448486 0.000000 1904.817993
34772.750000 1112.448486 0.000000 1904.911987
34772.750000 1112.448486 0.000000 1905.016968
34772.750000 1112.448486 0.000000 1905.112061
34772.750000 1112.448486 0.000000 1905.212036
34772.750000 1112.448486 0.000000 1905.312012
34772.750000 1112.448486 0.000000 1905.421021
34772.750000 1112.448486 0.000000 1905.526001
34772.750000 1112.448486 0.000000 1905.620972
34772.750000 1112.448486 0.000000 1905.722046
34772.750000 1112.448486 0.000000 1905.812988
34772.750000 1112.448486 0.000000 1905.927002
34772.750000 1112.448486 0.000000 1906.010986
34772.750000 1112.448486 0.000000 1906.112061
34772.750000 1112.448486 0.000000 1906.217041
34772.750000 1112.448486 0.000000 1906.311035
34772.750000 1112.448486 0.000000 1906.418945
34772.750000 1112.448486 0.000000 1906.517944
34772.750000 1112.448486 0.000000 1906.623047
34772.750000 1112.448486 0.000000 1906.822998
34772.750000 1112.448486 0.000000 1906.912964
34772.750000 1112.448486 0.000000 1907.025024
34772.750000 1112.448486 0.000000 1907.223022
34772.750000 1112.448486 0.000000 1907.311035
34772.750000 1112.448486 0.000000 1907.411011
34772.750000 1112.448486 0.000000 1907.512939
34772.750000 1112.448486 0.000000 1907.616943
34772.750000 1112.448486 0.000000 1907.713013
34772.750000 1112.448486 0.000000 1907.812988
34772.750000 1112.448486 0.000000 1907.912964
34772.750000 1112.448486 0.000000 1908.008057
34772.750000 1112.448486 0.000000 1908.130005
34772.750000 1112.448486 0.000000 1908.312988
34772.750000 1112.448486 0.000000 1908.417969
34772.750000 1112.448486 0.000000 1908.512939
34772.750000 1112.448486 0.000000 1908.613037
34772.750000 1112.448486 0.000000 1908.718994
34772.750000 1112.448486 0.000000 1908.812988
34772.750000 1112.448486 0.000000 1908.912964
34772.750000 1112.448486 0.000000 1909.017944
34772.750000 1112.448486 0.000000 1909.113037
34772.750000 1112.448486 0.000000 1909.213013
34772.750000 1112.448486 0.000000 1909.314941
34772.750000 1112.448486 0.000000 1909.412964
34772.750000 1112.448486 0.000000 1909.512939
34772.750000 1112.448486 0.000000 1909.613037
34772.750000 1112.448486 0.000000 1909.713013
34772.750000 1112.448486 0.000000 1909.814941
34772.750000 1112.448486 0.000000 1909.927979
34772.750000 1112.448486 0.000000 1910.022949
34772.750000 1112.448486 0.000000 1910.128052
34772.750000 1112.448486 0.000000 1910.223022
34772.750000 1112.448486 0.000000 1910.322998
34772.750000 1112.448486 0.000000 1910.427979
34772.750000 1112.448486 0.000000 1910.522949
34772.750000 1112.448486 0.000000 1910.623047
34772.750000 1112.448486 0.000000 1910.723022
34772.750000 1112.448486 0.000000 1910.822998
34772.750000 1112.448486 0.000000 1910.913940
34772.750000 1112.448486 0.000000 1911.014038
34772.750000 1112.448486 0.000000 1911.114014
34772.750000 1112.448486 0.000000 1911.218994
34772.750000 1112.448486 0.000000 1911.313965
34772.750000 1112.448486 0.000000 1911.413940
34772.750000 1112.448486 0.000000 1911.515015
34772.750000 1112.448486 0.000000 1911.614014
34772.750000 1112.448486 0.000000 1911.723999
34772.750000 1112.448486 0.000000 1911.814941
34772.750000 1112.448486 0.000000 1911.911011
34772.750000 1112.448486 0.000000 1912.015991
34772.750000 1112.448486 0.000000 1912.115967
34772.750000 1112.448486 0.000000 1912.225952
34772.750000 1112.448486 0.000000 1912.311035
34772.750000 1112.448486 0.000000 1912.420044
34772.750000 1112.448486 0.000000 1912.520996
34772.750000 1112.448486 0.000000 1912.724976
34772.750000 1112.448486 0.000000 1912.819946
34772.750000 1112.448486 0.000000 1912.925049
34772.750000 1112.448486 0.000000 1913.016968
34772.750000 1112.448486 0.000000 1913.115967
34772.750000 1112.448486 0.000000 1913.223999
34772.750000 1112.448486 0.000000 1913.311035
34772.750000 1112.448486 0.000000 1913.416992
34772.750000 1112.448486 0.000000 1913.510986
34772.750000 1112.448486 0.000000 1913.620972
34772.750000 1112.448486 0.000000 1913.715942
34772.750000 1112.448486 0.000000 1913.818970
34772.750000 1112.448486 0.000000 1913.927002
34772.750000 1112.448486 0.000000 1914.014038
34772.750000 1112.448486 0.000000 1914.115967
34772.750000 1112.448486 0.000000 1914.225952
34772.750000 1112.448486 0.000000 1914.311035
34772.750000 1112.448486 0.000000 1914.411011
34772.750000 1112.448486 0.000000 1914.510986
34772.750000 1112.448486 0.000000 1914.610962
34772.750000 1112.448486 0.000000 1914.723022
34772.750000 1112.448486 0.000000 1914.816040
34772.750000 1112.448486 0.000000 1914.921021
34772.750000 1112.448486 0.000000 1915.015991
34772.750000 1112.448486 0.000000 1915.124023
34772.750000 1112.448486 0.000000 1915.215942
34772.750000 1112.448486 0.000000 1915.322021
34772.750000 1112.448486 0.000000 1915.421021
34772.750000 1112.448486 0.000000 1915.527954
34772.750000 1112.448486 0.000000 1915.621948
34772.750000 1112.448486 0.000000 1915.715942
34772.750000 1112.448486 0.000000 1915.816040
34772.750000 1112.448486 0.000000 1915.921021
34772.750000 1112.448486 0.000000 1916.016968
34772.750000 1112.448486 0.000000 1916.116943
34772.750000 1112.448486 0.000000 1916.218018
34772.750000 1112.448486 0.000000 1916.316040
34772.750000 1112.448486 0.000000 1916.411011
34772.750000 1112.448486 0.000000 1916.510986
34772.750000 1112.448486 0.000000 1916.614014
34772.750000 1112.448486 0.000000 1916.713989
34772.750000 1112.448486 0.000000 1916.821045
34772.750000 1112.448486 0.000000 1916.913940
34772.750000 1112.448486 0.000000 1917.022949
34772.750000 1112.448486 0.000000 1917.114014
34772.750000 1112.448486 0.000000 1917.220947
34772.750000 1112.448486 0.000000 1917.313965
34772.750000 1112.448486 0.000000 1917.416992
34772.750000 1112.448486 0.000000 1917.514038
34772.750000 1112.448486 0.000000 1917.625000
34772.750000 1112.448486 0.000000 1917.713989
34772.750000 1112.448486 0.000000 1917.818970
34772.750000 1112.448486 0.000000 1917.913940
34772.750000 1112.448486 0.000000 1918.015015
34772.750000 1112.448486 0.000000 1918.114014
34772.750000 1112.448486 0.000000 1918.213989
34772.750000 1112.448486 0.000000 1918.316040
34772.750000 1112.448486 0.000000 1918.418945
34772.750000 1112.448486 0.000000 1918.514038
34772.750000 1112.448486 0.000000 1918.614990
34772.750000 1112.448486 0.000000 1918.718994
34772.750000 1112.448486 0.000000 1918.818970
34772.750000 1112.448486 0.000000 1918.913940
34772.750000 1112.448486 0.000000 1919.020996
34772.750000 1112.448486 0.000000 1919.120972
34772.750000 1112.448486 0.000000 1919.209961
34772.750000 1112.448486 0.000000 1919.313965
34772.750000 1112.448486 0.000000 1919.421997
34772.750000 1112.448486 0.000000 1919.521973
34772.750000 1112.448486 0.000000 1919.614014
34772.750000 1112.448486 0.000000 1919.713989
34772.750000 1112.448486 0.000000 1919.810059
34772.750000 1112.448486 0.000000 1919.920044
34772.750000 1112.448486 0.000000 1920.020020
34772.750000 1112.448486 0.000000 1920.114990
34772.750000 1112.448486 0.000000 1920.218018
34772.750000 1112.448486 0.000000 1920.319946
34772.750000 1112.448486 0.000000 1920.420044
34772.750000 1112.448486 0.000000 1920.520020
34772.750000 1112.448486 0.000000 1920.613037
34772.750000 1112.448486 0.000000 1920.712036
34772.750000 1112.448486 0.000000 1920.814941
34772.750000 1112.448486 0.000000 1920.910034
34772.750000 1112.448486 0.000000 1921.010010
34772.750000 1112.448486 0.000000 1921.114990
34772.750000 1112.448486 0.000000 1921.223022
34772.750000 1112.448486 0.000000 1921.310059
34772.750000 1112.448486 0.000000 1921.415039
34772.750000 1112.448486 0.000000 1921.510010
34772.750000 1112.448486 0.000000 1921.621948
34772.750000 1112.448486 0.000000 1921.714966
34772.750000 1112.448486 0.000000 1921.814941
34772.750000 1112.448486 0.000000 1921.932983
34772.750000 1112.448486 0.000000 1922.022949
34772.750000 1112.448486 0.000000 1922.125000
34772.750000 1112.448486 0.000000 1922.224976
34772.750000 1112.448486 0.000000 1922.319946
34772.750000 1112.448486 0.000000 1922.430054
34772.750000 1112.448486 0.000000 1922.530029
34772.750000 1112.448486 0.000000 1922.625000
34772.750000 1112.448486 0.000000 1922.709961
34772.750000 1112.448486 0.000000 1922.810059
34772.750000 1112.448486 0.000000 1922.920044
34772.750000 1112.448486 0.000000 1923.026001
34772.750000 1112.448486 0.000000 1923.114990
34772.750000 1112.448486 0.000000 1923.214966
34772.750000 1112.448486 0.000000 1923.314941
34772.750000 1112.448486 0.000000 1923.420044
34772.750000 1112.448486 0.000000 1923.525024
34772.750000 1112.448486 0.000000 1923.610962
34772.750000 1112.448486 0.000000 1923.711060
34772.750000 1112.448486 0.000000 1923.811035
34772.750000 1112.448486 0.000000 1923.916992
34772.750000 1112.448486 0.000000 1924.016968
34772.750000 1112.448486 0.000000 1924.115967
34772.750000 1112.448486 0.000000 1924.215942
34772.750000 1112.448486 0.000000 1924.316040
34772.750000 1112.448486 0.000000 1924.422974
34772.750000 1112.448486 0.000000 1924.515991
34772.750000 1112.448486 0.000000 1924.621948
34772.750000 1112.448486 0.000000 1924.723999
34772.750000 1112.448486 0.000000 1924.821045
34772.750000 1112.448486 0.000000 1925.015991
34772.750000 1112.448486 0.000000 1925.124023
34772.750000 1112.448486 0.000000 1925.220947
34772.750000 1112.448486 0.000000 1925.323975
34772.750000 1112.448486 0.000000 1925.418945
34772.750000 1112.448486 0.000000 1925.522949
34772.750000 1112.448486 0.000000 1925.628052
34772.750000 1112.448486 0.000000 1925.728027
34772.750000 1112.448486 0.000000 1925.822998
34772.750000 1112.448486 0.000000 1925.920044
34772.750000 1112.448486 0.000000 1926.027954
34772.750000 1112.448486 0.000000 1926.128052
34772.750000 1112.448486 0.000000 1926.228027
34772.750000 1112.448486 0.000000 1926.322998
34772.750000 1112.448486 0.000000 1926.422974
34772.750000 1112.448486 0.000000 1926.514038
34772.750000 1112.448486 0.000000 1926.614014
34772.750000 1112.448486 0.000000 1926.718994
34772.750000 1112.448486 0.000000 1926.813965
34772.750000 1112.448486 0.000000 1926.913940
34772.750000 1112.448486 0.000000 1927.025024
34772.750000 1112.448486 0.000000 1927.125000
34772.750000 1112.448486 0.000000 1927.213989
34772.750000 1112.448486 0.000000 1927.323975
34772.750000 1112.448486 0.000000 1927.413940
34772.750000 1112.448486 0.000000 1927.525024
34772.750000 1112.448486 0.000000 1927.619995
34772.750000 1112.448486 0.000000 1927.729004
34772.750000 1112.448486 0.000000 1927.818970
34772.750000 1112.448486 0.000000 1927.922974
34772.750000 1112.448486 0.000000 1928.019043
34772.750000 1112.448486 0.000000 1928.119019
34772.750000 1112.448486 0.000000 1928.215942
34772.750000 1112.448486 0.000000 1928.321045
34772.750000 1112.448486 0.000000 1928.426025
34772.750000 1112.448486 0.000000 1928.516968
34772.750000 1112.448486 0.000000 1928.616943
34772.750000 1112.448486 0.000000 1928.732056
34772.750000 1112.448486 0.000000 1928.827026
34772.750000 1112.448486 0.000000 1929.035034
34772.750000 1112.448486 0.000000 1929.131958
34772.750000 1112.448486 0.000000 1929.233032
34772.750000 1112.448486 0.000000 1929.432007
34772.750000 1112.448486 0.000000 1929.631958
34772.750000 1112.448486 0.000000 1929.832031
34772.750000 1112.448486 0.000000 1929.932007
34772.750000 1112.448486 0.000000 1930.031982
34772.750000 1112.448486 0.000000 1930.232056
34772.750000 1112.448486 0.000000 1930.332031
34772.750000 1112.448486 0.000000 1930.427002
34772.750000 1112.448486 0.000000 1930.531982
34772.750000 1112.448486 0.000000 1930.631958
34772.750000 1112.448486 0.000000 1930.733032
34772.750000 1112.448486 0.000000 1930.831055
34772.750000 1112.448486 0.000000 1931.031982
34772.750000 1112.448486 0.000000 1931.136963
34772.750000 1112.448486 0.000000 1931.230957
34772.750000 1112.448486 0.000000 1931.336060
34772.750000 1112.448486 0.000000 1931.436035
34772.750000 1112.448486 0.000000 1931.537964
34772.750000 1112.448486 0.000000 1931.637939
34772.750000 1112.448486 0.000000 1931.730957
34772.750000 1112.448486 0.000000 1931.833008
34772.750000 1112.448486 0.000000 1931.939941
34772.750000 1112.448486 0.000000 1932.131958
34772.750000 1112.448486 0.000000 1932.230957
34772.750000 1112.448486 0.000000 1932.332031
34772.750000 1112.448486 0.000000 1932.432007
34772.750000 1112.448486 0.000000 1932.537964
34772.750000 1112.448486 0.000000 1932.640991
34772.750000 1112.448486 0.000000 1932.740967
34772.750000 1112.448486 0.000000 1932.845947
34772.750000 1112.448486 0.000000 1932.941040
34772.750000 1112.448486 0.000000 1933.041016
34772.750000 1112.448486 0.000000 1933.145996
34772.750000 1112.448486 0.000000 1933.235962
34772.750000 1112.448486 0.000000 1933.340942
34772.750000 1112.448486 0.000000 1933.531006
34772.750000 1112.448486 0.000000 1933.631958
34772.750000 1112.448486 0.000000 1933.734985
34772.750000 1112.448486 0.000000 1933.838013
34772.750000 1112.448486 0.000000 1933.928955
34772.750000 1112.448486 0.000000 1934.034058
34772.750000 1112.448486 0.000000 1934.137939
34772.750000 1112.448486 0.000000 1934.243042
34772.750000 1112.448486 0.000000 1934.337036
34772.750000 1112.448486 0.000000 1934.437012
34772.750000 1112.448486 0.000000 1934.529053
34772.750000 1112.448486 0.000000 1934.629028
34772.750000 1112.448486 0.000000 1934.828979
34772.750000 1112.448486 0.000000 1934.936035
34772.750000 1112.448486 0.000000 1935.032959
34772.750000 1112.448486 0.000000 1935.139038
34772.750000 1112.448486 0.000000 1935.342041
34772.750000 1112.448486 0.000000 1935.433960
34772.750000 1112.448486 0.000000 1935.534058
34772.750000 1112.448486 0.000000 1935.634033
34772.750000 1112.448486 0.000000 1935.734009
34772.750000 1112.448486 0.000000 1935.833984
34772.750000 1112.448486 0.000000 1935.936035
34772.750000 1112.448486 0.000000 1936.043945
34772.750000 1112.448486 0.000000 1936.129028
34772.750000 1112.448486 0.000000 1936.234009
34772.750000 1112.448486 0.000000 1936.336060
34772.750000 1112.448486 0.000000 1936.438965
34772.750000 1112.448486 0.000000 1936.534058
34772.750000 1112.448486 0.000000 1936.634033
34772.750000 1112.448486 0.000000 1936.734009
34772.750000 1112.448486 0.000000 1936.938965
34772.750000 1112.448486 0.000000 1937.140015
34772.750000 1112.448486 0.000000 1937.240967
34772.750000 1112.448486 0.000000 1937.446045
34772.750000 1112.448486 0.000000 1937.551025
34772.750000 1112.448486 0.000000 1937.645996
34772.750000 1112.448486 0.000000 1937.750977
34772.750000 1112.448486 0.000000 1937.837036
34772.750000 1112.448486 0.000000 1937.935059
34772.750000 1112.448486 0.000000 1938.040039
34772.750000 1112.448486 0.000000 1938.135010
34772.750000 1112.448486 0.000000 1938.240967
34772.750000 1112.448486 0.000000 1938.344971
34772.750000 1112.448486 0.000000 1938.542969
34772.750000 1112.448486 0.000000 1938.640991
34772.750000 1112.448486 0.000000 1938.739990
34772.750000 1112.448486 0.000000 1938.844971
34772.750000 1112.448486 0.000000 1939.050049
34772.750000 1112.448486 0.000000 1939.135010
34772.750000 1112.448486 0.000000 1939.234985
34772.750000 1112.448486 0.000000 1939.339966
34772.750000 1112.448486 0.000000 1939.435059
34772.750000 1112.448486 0.000000 1939.540039
34772.750000 1112.448486 0.000000 1939.630005
34772.750000 1112.448486 0.000000 1939.734985
34772.750000 1112.448486 0.000000 1939.839966
34772.750000 1112.448486 0.000000 1940.041016
34772.750000 1112.448486 0.000000 1940.136963
34772.750000 1112.448486 0.000000 1940.239990
34772.750000 1112.448486 0.000000 1940.342041
34772.750000 1112.448486 0.000000 1940.444946
34772.750000 1112.448486 0.000000 1940.550049
34772.750000 1112.448486 0.000000 1940.744995
34772.750000 1112.448486 0.000000 1940.844971
34772.750000 1112.448486 0.000000 1940.952026
34772.750000 1112.448486 0.000000 1941.053955
34772.750000 1112.448486 0.000000 1941.151978
34772.750000 1112.448486 0.000000 1941.350952
34772.750000 1112.448486 0.000000 1941.446045
34772.750000 1112.448486 0.000000 1941.551025
34772.750000 1112.448486 0.000000 1941.745972
34772.750000 1112.448486 0.000000 1941.845947
34772.750000 1112.448486 0.000000 1942.057007
34772.750000 1112.448486 0.000000 1942.245972
34772.750000 1112.448486 0.000000 1942.350952
34772.750000 1112.448486 0.000000 1942.463989
34772.750000 1112.448486 0.000000 1942.654053
34772.750000 1112.448486 0.000000 1942.750977
34772.750000 1112.448486 0.000000 1942.844971
34772.750000 1112.448486 0.000000 1942.954956
34772.750000 1112.448486 0.000000 1943.051025
34772.750000 1112.448486 0.000000 1943.156006
34772.750000 1112.448486 0.000000 1943.244995
34772.750000 1112.448486 0.000000 1943.344971
34772.750000 1112.448486 0.000000 1943.453979
34772.750000 1112.448486 0.000000 1943.550049
34772.750000 1112.448486 0.000000 1943.645020
34772.750000 1112.448486 0.000000 1943.750977
34772.750000 1112.448486 0.000000 1943.854980
34772.750000 1112.448486 0.000000 1943.944946
34772.750000 1112.448486 0.000000 1944.055054
34772.750000 1112.448486 0.000000 1944.151001
34772.750000 1112.448486 0.000000 1944.244995
34772.750000 1112.448486 0.000000 1944.348022
34772.750000 1112.448486 0.000000 1944.452026
34772.750000 1112.448486 0.000000 1944.560059
34772.750000 1112.448486 0.000000 1944.645020
34772.750000 1112.448486 0.000000 1944.744995
34772.750000 1112.448486 0.000000 1944.853027
34772.750000 1112.448486 0.000000 1944.947021
34772.750000 1112.448486 0.000000 1945.046021
34772.750000 1112.448486 0.000000 1945.145020
34772.750000 1112.448486 0.000000 1945.245972
34772.750000 1112.448486 0.000000 1945.349976
34772.750000 1112.448486 0.000000 1945.449951
34772.750000 1112.448486 0.000000 1945.546021
34772.750000 1112.448486 0.000000 1945.660034
34772.750000 1112.448486 0.000000 1945.760010
34772.750000 1112.448486 0.000000 1945.864990
34772.750000 1112.448486 0.000000 1945.954956
34772.750000 1112.448486 0.000000 1946.045044
34772.750000 1112.448486 0.000000 1946.152954
34772.750000 1112.448486 0.000000 1946.250977
34772.750000 1112.448486 0.000000 1946.350952
34772.750000 1112.448486 0.000000 1946.451050
34772.750000 1112.448486 0.000000 1946.545044
34772.750000 1112.448486 0.000000 1946.650024
34772.750000 1112.448486 0.000000 1946.756958
34772.750000 1112.448486 0.000000 1946.957031
34772.750000 1112.448486 0.000000 1947.051025
34772.750000 1112.448486 0.000000 1947.150024
34772.750000 1112.448486 0.000000 1947.352051
34772.750000 1112.448486 0.000000 1947.564941
34772.750000 1112.448486 0.000000 1947.760010
34772.750000 1112.448486 0.000000 1947.864990
34772.750000 1112.448486 0.000000 1947.959961
34772.750000 1112.448486 0.000000 1948.056030
34772.750000 1112.448486 0.000000 1948.156982
34772.750000 1112.448486 0.000000 1948.255005
34772.750000 1112.448486 0.000000 1948.354980
34772.750000 1112.448486 0.000000 1948.550049
34772.750000 1112.448486 0.000000 1948.650024
34772.750000 1112.448486 0.000000 1948.758057
34772.750000 1112.448486 0.000000 1948.868042
34772.750000 1112.448486 0.000000 1949.062988
34772.750000 1112.448486 0.000000 1949.156006
34772.750000 1112.448486 0.000000 1949.255005
34772.750000 1112.448486 0.000000 1949.349976
34772.750000 1112.448486 0.000000 1949.463989
34772.750000 1112.448486 0.000000 1949.560059
34772.750000 1112.448486 0.000000 1949.656006
34772.750000 1112.448486 0.000000 1949.756958
34772.750000 1112.448486 0.000000 1949.951050
34772.750000 1112.448486 0.000000 1950.052002
34772.750000 1112.448486 0.000000 1950.151001
34772.750000 1112.448486 0.000000 1950.256958
34772.750000 1112.448486 0.000000 1950.362061
34772.750000 1112.448486 0.000000 1950.451050
34772.750000 1112.448486 0.000000 1950.551025
34772.750000 1112.448486 0.000000 1950.656982
34772.750000 1112.448486 0.000000 1950.755981
34772.750000 1112.448486 0.000000 1950.852051
34772.750000 1112.448486 0.000000 1950.952026
34772.750000 1112.448486 0.000000 1951.052002
34772.750000 1112.448486 0.000000 1951.151978
34772.750000 1112.448486 0.000000 1951.251953
34772.750000 1112.448486 0.000000 1951.352051
34772.750000 1112.448486 0.000000 1951.453003
34772.750000 1112.448486 0.000000 1951.552002
34772.750000 1112.448486 0.000000 1951.656982
34772.750000 1112.448486 0.000000 1951.765015
34772.750000 1112.448486 0.000000 1951.852051
34772.750000 1112.448486 0.000000 1951.947021
34772.750000 1112.448486 0.000000 1952.050049
34772.750000 1112.448486 0.000000 1952.160034
34772.750000 1112.448486 0.000000 1952.250977
34772.750000 1112.448486 0.000000 1952.348999
34772.750000 1112.448486 0.000000 1952.449951
34772.750000 1112.448486 0.000000 1952.557007
34772.750000 1112.448486 0.000000 1952.656982
34772.750000 1112.448486 0.000000 1952.771973
34772.750000 1112.448486 0.000000 1952.855957
34772.750000 1112.448486 0.000000 1952.948975
34772.750000 1112.448486 0.000000 1953.055054
34772.750000 1112.448486 0.000000 1953.149048
34772.750000 1112.448486 0.000000 1953.258057
34772.750000 1112.448486 0.000000 1953.358032
34772.750000 1112.448486 0.000000 1953.458008
34772.750000 1112.448486 0.000000 1953.562988
34772.750000 1112.448486 0.000000 1953.657959
34772.750000 1112.448486 0.000000 1953.759033
34772.750000 1112.448486 0.000000 1953.866943
34772.750000 1112.448486 0.000000 1953.967041
34772.750000 1112.448486 0.000000 1954.166992
34772.750000 1112.448486 0.000000 1954.250000
34772.750000 1112.448486 0.000000 1954.354004
34772.750000 1112.448486 0.000000 1954.453979
34772.750000 1112.448486 0.000000 1954.564941
34772.750000 1112.448486 0.000000 1954.754028
34772.750000 1112.448486 0.000000 1954.854004
34772.750000 1112.448486 0.000000 1954.959961
34772.750000 1112.448486 0.000000 1955.053955
34772.750000 1112.448486 0.000000 1955.149048
34772.750000 1112.448486 0.000000 1955.259033
34772.750000 1112.448486 0.000000 1955.354004
34772.750000 1112.448486 0.000000 1955.458984
34772.750000 1112.448486 0.000000 1955.550049
34772.750000 1112.448486 0.000000 1955.649048
34772.750000 1112.448486 0.000000 1955.754028
34772.750000 1112.448486 0.000000 1955.860962
34772.750000 1112.448486 0.000000 1955.959961
34772.750000 1112.448486 0.000000 1956.058960
34772.750000 1112.448486 0.000000 1956.154053
34772.750000 1112.448486 0.000000 1956.259033
34772.750000 1112.448486 0.000000 1956.354004
34772.750000 1112.448486 0.000000 1956.448975
34772.750000 1112.448486 0.000000 1956.553955
34772.750000 1112.448486 0.000000 1956.654053
34772.750000 1112.448486 0.000000 1956.754028
34772.750000 1112.448486 0.000000 1956.854004
34772.750000 1112.448486 0.000000 1956.968994
34772.750000 1112.448486 0.000000 1957.060059
34772.750000 1112.448486 0.000000 1957.149048
34772.750000 1112.448486 0.000000 1957.251953
34772.750000 1112.448486 0.000000 1957.354004
34772.750000 1112.448486 0.000000 1957.458984
34772.750000 1112.448486 0.000000 1957.551025
34772.750000 1112.448486 0.000000 1957.649048
34772.750000 1112.448486 0.000000 1957.762939
34772.750000 1112.448486 0.000000 1957.865967
34772.750000 1112.448486 0.000000 1957.961060
34772.750000 1112.448486 0.000000 1958.055054
34772.750000 1112.448486 0.000000 1958.160034
34772.750000 1112.448486 0.000000 1958.254028
34772.750000 1112.448486 0.000000 1958.355957
34772.750000 1112.448486 0.000000 1958.456055
34772.750000 1112.448486 0.000000 1958.665039
34772.750000 1112.448486 0.000000 1958.751953
34772.750000 1112.448486 0.000000 1958.850952
34772.750000 1112.448486 0.000000 1958.951050
34772.750000 1112.448486 0.000000 1959.056030
34772.750000 1112.448486 0.000000 1959.151001
34772.750000 1112.448486 0.000000 1959.259033
34772.750000 1112.448486 0.000000 1959.366943
34772.750000 1112.448486 0.000000 1959.456055
34772.750000 1112.448486 0.000000 1959.557007
34772.750000 1112.448486 0.000000 1959.662964
34772.750000 1112.448486 0.000000 1959.771973
34772.750000 1112.448486 0.000000 1959.862061
34772.750000 1112.448486 0.000000 1959.963989
34772.750000 1112.448486 0.000000 1960.051025
34772.750000 1112.448486 0.000000 1960.156006
34772.750000 1112.448486 0.000000 1960.260010
34772.750000 1112.448486 0.000000 1960.352051
34772.750000 1112.448486 0.000000 1960.451050
34772.750000 1112.448486 0.000000 1960.567017
34772.750000 1112.448486 0.000000 1960.755981
34772.750000 1112.448486 0.000000 1960.850952
34772.750000 1112.448486 0.000000 1960.957031
34772.750000 1112.448486 0.000000 1961.051025
34772.750000 1112.448486 0.000000 1961.151001
34772.750000 1112.448486 0.000000 1961.255981
34772.750000 1112.448486 0.000000 1961.458984
34772.750000 1112.448486 0.000000 1961.552002
34772.750000 1112.448486 0.000000 1961.657959
34772.750000 1112.448486 0.000000 1961.751953
34772.750000 1112.448486 0.000000 1961.852051
34772.750000 1112.448486 0.000000 1961.952026
34772.750000 1112.448486 0.000000 1962.052002
34772.750000 1112.448486 0.000000 1962.166992
34772.750000 1112.448486 0.000000 1962.261963
34772.750000 1112.448486 0.000000 1962.354980
34772.750000 1112.448486 0.000000 1962.462036
34772.750000 1112.448486 0.000000 1962.651978
34772.750000 1112.448486 0.000000 1962.762939
34772.750000 1112.448486 0.000000 1962.852051
34772.750000 1112.448486 0.000000 1962.957031
34772.750000 1112.448486 0.000000 1963.057007
34772.750000 1112.448486 0.000000 1963.151978
34772.750000 1112.448486 0.000000 1963.256958
34772.750000 1112.448486 0.000000 1963.357056
34772.750000 1112.448486 0.000000 1963.457031
34772.750000 1112.448486 0.000000 1963.563965
34772.750000 1112.448486 0.000000 1963.656006
34772.750000 1112.448486 0.000000 1963.764038
34772.750000 1112.448486 0.000000 1963.855957
34772.750000 1112.448486 0.000000 1963.962036
34772.750000 1112.448486 0.000000 1964.058960
34772.750000 1112.448486 0.000000 1964.172974
34772.750000 1112.448486 0.000000 1964.262939
34772.750000 1112.448486 0.000000 1964.363037
34772.750000 1112.448486 0.000000 1964.468018
34772.750000 1112.448486 0.000000 1964.562988
34772.750000 1112.448486 0.000000 1964.662964
34772.750000 1112.448486 0.000000 1964.762939
34772.750000 1112.448486 0.000000 1964.868042
34772.750000 1112.448486 0.000000 1964.963989
34772.750000 1112.448486 0.000000 1965.068970
34772.750000 1112.448486 0.000000 1965.163940
34772.750000 1112.448486 0.000000 1965.266968
34772.750000 1112.448486 0.000000 1965.354980
34772.750000 1112.448486 0.000000 1965.458008
34772.750000 1112.448486 0.000000 1965.560059
34772.750000 1112.448486 0.000000 1965.655029
34772.750000 1112.448486 0.000000 1965.766968
34772.750000 1112.448486 0.000000 1965.870972
34772.750000 1112.448486 0.000000 1965.961060
34772.750000 1112.448486 0.000000 1966.064941
34772.750000 1112.448486 0.000000 1966.155029
34772.750000 1112.448486 0.000000 1966.255005
34772.750000 1112.448486 0.000000 1966.362061
34772.750000 1112.448486 0.000000 1966.456055
34772.750000 1112.448486 0.000000 1966.556030
34772.750000 1112.448486 0.000000 1966.655029
34772.750000 1112.448486 0.000000 1966.760010
34772.750000 1112.448486 0.000000 1966.854980
34772.750000 1112.448486 0.000000 1966.954956
34772.750000 1112.448486 0.000000 1967.060059
34772.750000 1112.448486 0.000000 1967.161987
34772.750000 1112.448486 0.000000 1967.255005
34772.750000 1112.448486 0.000000 1967.359985
34772.750000 1112.448486 0.000000 1967.454956
34772.750000 1112.448486 0.000000 1967.560059
34772.750000 1112.448486 0.000000 1967.661011
34772.750000 1112.448486 0.000000 1967.755005
34772.750000 1112.448486 0.000000 1967.854980
34772.750000 1112.448486 0.000000 1967.954956
34772.750000 1112.448486 0.000000 1968.055054
34772.750000 1112.448486 0.000000 1968.161987
34772.750000 1112.448486 0.000000 1968.260010
34772.750000 1112.448486 0.000000 1968.360962
34772.750000 1112.448486 0.000000 1968.463013
34772.750000 1112.448486 0.000000 1968.555054
34772.750000 1112.448486 0.000000 1968.657959
34772.750000 1112.448486 0.000000 1968.758057
34772.750000 1112.448486 0.000000 1968.858032
34772.750000 1112.448486 0.000000 1968.958984
34772.750000 1112.448486 0.000000 1969.057983
34772.750000 1112.448486 0.000000 1969.152954
34772.750000 1112.448486 0.000000 1969.258057
34772.750000 1112.448486 0.000000 1969.358032
34772.750000 1112.448486 0.000000 1969.453003
34772.750000 1112.448486 0.000000 1969.552979
34772.750000 1112.448486 0.000000 1969.657959
34772.750000 1112.448486 0.000000 1969.753052
34772.750000 1112.448486 0.000000 1969.859985
34772.750000 1112.448486 0.000000 1969.959961
34772.750000 1112.448486 0.000000 1970.060059
34772.750000 1112.448486 0.000000 1970.160034
34772.750000 1112.448486 0.000000 1970.255005
34772.750000 1112.448486 0.000000 1970.355957
34772.750000 1112.448486 0.000000 1970.454956
34772.750000 1112.448486 0.000000 1970.555054
34772.750000 1112.448486 0.000000 1970.661011
34772.750000 1112.448486 0.000000 1970.755005
34772.750000 1112.448486 0.000000 1970.862061
34772.750000 1112.448486 0.000000 1970.965942
34772.750000 1112.448486 0.000000 1971.063965
34772.750000 1112.448486 0.000000 1971.163940
34772.750000 1112.448486 0.000000 1971.260986
34772.750000 1112.448486 0.000000 1971.355957
34772.750000 1112.448486 0.000000 1971.474976
34772.750000 1112.448486 0.000000 1971.564941
34772.750000 1112.448486 0.000000 1971.675049
34772.750000 1112.448486 0.000000 1971.765015
34772.750000 1112.448486 0.000000 1971.873047
34772.750000 1112.448486 0.000000 1972.078003
34772.750000 1112.448486 0.000000 1972.171021
34772.750000 1112.448486 0.000000 1972.270996
34772.750000 1112.448486 0.000000 1972.375977
34772.750000 1112.448486 0.000000 1972.470947
34772.750000 1112.448486 0.000000 1972.571045
34772.750000 1112.448486 0.000000 1972.676025
34772.750000 1112.448486 0.000000 1972.870972
34772.750000 1112.448486 0.000000 1972.979980
34772.750000 1112.448486 0.000000 1973.186035
34772.750000 1112.448486 0.000000 1973.280029
34772.750000 1112.448486 0.000000 1973.381958
34772.750000 1112.448486 0.000000 1973.480957
34772.750000 1112.448486 0.000000 1973.677002
34772.750000 1112.448486 0.000000 1973.775024
34772.750000 1112.448486 0.000000 1973.972046
34772.750000 1112.448486 0.000000 1974.076050
34772.750000 1112.448486 0.000000 1974.172974
34772.750000 1112.448486 0.000000 1974.281006
34772.750000 1112.448486 0.000000 1974.380981
34772.750000 1112.448486 0.000000 1974.480957
34772.750000 1112.448486 0.000000 1974.586060
34772.750000 1112.448486 0.000000 1974.681030
34772.750000 1112.448486 0.000000 1974.776001
34772.750000 1112.448486 0.000000 1974.880981
34772.750000 1112.448486 0.000000 1974.985962
34772.750000 1112.448486 0.000000 1975.175049
34772.750000 1112.448486 0.000000 1975.280029
34772.750000 1112.448486 0.000000 1975.376953
34772.750000 1112.448486 0.000000 1975.482056
34772.750000 1112.448486 0.000000 1975.686035
34772.750000 1112.448486 0.000000 1975.776001
34772.750000 1112.448486 0.000000 1975.875977
34772.750000 1112.448486 0.000000 1975.975952
34772.750000 1112.448486 0.000000 1976.076050
34772.750000 1112.448486 0.000000 1976.177979
34772.750000 1112.448486 0.000000 1976.270996
34772.750000 1112.448486 0.000000 1976.375977
34772.750000 1112.448486 0.000000 1976.479004
34772.750000 1112.448486 0.000000 1976.588013
34772.750000 1112.448486 0.000000 1976.676025
34772.750000 1112.448486 0.000000 1976.776001
34772.750000 1112.448486 0.000000 1976.878052
34772.750000 1112.448486 0.000000 1976.984985
34772.750000 1112.448486 0.000000 1977.082031
34772.750000 1112.448486 0.000000 1977.183960
34772.750000 1112.448486 0.000000 1977.276001
34772.750000 1112.448486 0.000000 1977.477051
34772.750000 1112.448486 0.000000 1977.583008
34772.750000 1112.448486 0.000000 1977.790039
34772.750000 1112.448486 0.000000 1977.974976
34772.750000 1112.448486 0.000000 1978.079956
34772.750000 1112.448486 0.000000 1978.182983
34772.750000 1112.448486 0.000000 1978.275024
34772.750000 1112.448486 0.000000 1978.375000
34772.750000 1112.448486 0.000000 1978.475952
34772.750000 1112.448486 0.000000 1978.574951
34772.750000 1112.448486 0.000000 1978.686035
34772.750000 1112.448486 0.000000 1978.775024
34772.750000 1112.448486 0.000000 1978.880005
34772.750000 1112.448486 0.000000 1978.979980
34772.750000 1112.448486 0.000000 1979.074951
34772.750000 1112.448486 0.000000 1979.182983
34772.750000 1112.448486 0.000000 1979.282959
34772.750000 1112.448486 0.000000 1979.387939
34772.750000 1112.448486 0.000000 1979.488037
34772.750000 1112.448486 0.000000 1979.587036
34772.750000 1112.448486 0.000000 1979.691040
34772.750000 1112.448486 0.000000 1979.781006
34772.750000 1112.448486 0.000000 1979.885010
34772.750000 1112.448486 0.000000 1979.985962
34772.750000 1112.448486 0.000000 1980.088013
34772.750000 1112.448486 0.000000 1980.175049
34772.750000 1112.448486 0.000000 1980.280029
34772.750000 1112.448486 0.000000 1980.375000
34772.750000 1112.448486 0.000000 1980.475952
34772.750000 1112.448486 0.000000 1980.579956
34772.750000 1112.448486 0.000000 1980.680054
34772.750000 1112.448486 0.000000 1980.776001
34772.750000 1112.448486 0.000000 1980.875977
34772.750000 1112.448486 0.000000 1980.995972
34772.750000 1112.448486 0.000000 1981.181030
34772.750000 1112.448486 0.000000 1981.281006
34772.750000 1112.448486 0.000000 1981.380005
34772.750000 1112.448486 0.000000 1981.478027
34772.750000 1112.448486 0.000000 1981.586060
34772.750000 1112.448486 0.000000 1981.676025
34772.750000 1112.448486 0.000000 1981.776001
34772.750000 1112.448486 0.000000 1981.885986
34772.750000 1112.448486 0.000000 1981.975952
34772.750000 1112.448486 0.000000 1982.076050
34772.750000 1112.448486 0.000000 1982.176025
34772.750000 1112.448486 0.000000 1982.281006
34772.750000 1112.448486 0.000000 1982.376953
34772.750000 1112.448486 0.000000 1982.489990
34772.750000 1112.448486 0.000000 1982.594971
34772.750000 1112.448486 0.000000 1982.685059
34772.750000 1112.448486 0.000000 1982.782959
34772.750000 1112.448486 0.000000 1982.883057
34772.750000 1112.448486 0.000000 1982.979980
34772.750000 1112.448486 0.000000 1983.076050
34772.750000 1112.448486 0.000000 1983.176025
34772.750000 1112.448486 0.000000 1983.276001
34772.750000 1112.448486 0.000000 1983.385986
34772.750000 1112.448486 0.000000 1983.475952
34772.750000 1112.448486 0.000000 1983.576050
34772.750000 1112.448486 0.000000 1983.676025
34772.750000 1112.448486 0.000000 1983.776978
34772.750000 1112.448486 0.000000 1983.881958
34772.750000 1112.448486 0.000000 1983.982056
34772.750000 1112.448486 0.000000 1984.081055
34772.750000 1112.448486 0.000000 1984.177979
34772.750000 1112.448486 0.000000 1984.287964
34772.750000 1112.448486 0.000000 1984.387939
34772.750000 1112.448486 0.000000 1984.475952
34772.750000 1112.448486 0.000000 1984.576050
34772.750000 1112.448486 0.000000 1984.681030
34772.750000 1112.448486 0.000000 1984.782959
34772.750000 1112.448486 0.000000 1984.883057
34772.750000 1112.448486 0.000000 1984.985962
34772.750000 1112.448486 0.000000 1985.083008
34772.750000 1112.448486 0.000000 1985.181030
34772.750000 1112.448486 0.000000 1985.276001
34772.750000 1112.448486 0.000000 1985.380981
34772.750000 1112.448486 0.000000 1985.485962
34772.750000 1112.448486 0.000000 1985.687012
34772.750000 1112.448486 0.000000 1985.786987
34772.750000 1112.448486 0.000000 1985.880981
34772.750000 1112.448486 0.000000 1985.984009
34772.750000 1112.448486 0.000000 1986.088989
34772.750000 1112.448486 0.000000 1986.276001
34772.750000 1112.448486 0.000000 1986.375977
34772.750000 1112.448486 0.000000 1986.487061
34772.750000 1112.448486 0.000000 1986.587036
34772.750000 1112.448486 0.000000 1986.676025
34772.750000 1112.448486 0.000000 1986.781982
34772.750000 1112.448486 0.000000 1986.875977
34772.750000 1112.448486 0.000000 1986.975952
34772.750000 1112.448486 0.000000 1987.077026
34772.750000 1112.448486 0.000000 1987.182007
34772.750000 1112.448486 0.000000 1987.281006
34772.750000 1112.448486 0.000000 1987.375977
34772.750000 1112.448486 0.000000 1987.475952
34772.750000 1112.448486 0.000000 1987.577026
34772.750000 1112.448486 0.000000 1987.676025
34772.750000 1112.448486 0.000000 1987.791016
34772.750000 1112.448486 0.000000 1987.885986
34772.750000 1112.448486 0.000000 1987.975952
34772.750000 1112.448486 0.000000 1988.087036
34772.750000 1112.448486 0.000000 1988.188965
34772.750000 1112.448486 0.000000 1988.276001
34772.750000 1112.448486 0.000000 1988.385986
34772.750000 1112.448486 0.000000 1988.485962
34772.750000 1112.448486 0.000000 1988.590942
34772.750000 1112.448486 0.000000 1988.686035
34772.750000 1112.448486 0.000000 1988.786011
34772.750000 1112.448486 0.000000 1988.890991
34772.750000 1112.448486 0.000000 1989.090942
34772.750000 1112.448486 0.000000 1989.196045
34772.750000 1112.448486 0.000000 1989.291016
34772.750000 1112.448486 0.000000 1989.390991
34772.750000 1112.448486 0.000000 1989.485962
34772.750000 1112.448486 0.000000 1989.586060
34772.750000 1112.448486 0.000000 1989.686035
34772.750000 1112.448486 0.000000 1989.786011
34772.750000 1112.448486 0.000000 1989.890991
34772.750000 1112.448486 0.000000 1989.994019
34772.750000 1112.448486 0.000000 1990.088989
34772.750000 1112.448486 0.000000 1990.193970
34772.750000 1112.448486 0.000000 1990.288940
34772.750000 1112.448486 0.000000 1990.389038
34772.875000 1112.448486 0.000000 1990.482056
34772.875000 1112.448486 0.000000 1990.583008
34772.875000 1112.448486 0.000000 1990.680054
34772.875000 1112.448486 0.000000 1990.780029
34772.875000 1112.448486 0.000000 1990.880005
34772.875000 1112.448486 0.000000 1990.979980
34772.875000 1112.448486 0.000000 1991.086060
34772.875000 1112.448486 0.000000 1991.180054
34772.875000 1112.448486 0.000000 1991.280029
34772.875000 1112.448486 0.000000 1991.390015
34772.875000 1112.448486 0.000000 1991.586060
34772.875000 1112.448486 0.000000 1991.691040
34772.875000 1112.448486 0.000000 1991.780029
34772.875000 1112.448486 0.000000 1991.890991
34772.875000 1112.448486 0.000000 1991.985962
34772.875000 1112.448486 0.000000 1992.086060
34772.875000 1112.448486 0.000000 1992.185059
34772.875000 1112.448486 0.000000 1992.286011
34772.875000 1112.448486 0.000000 1992.380005
34772.875000 1112.448486 0.000000 1992.491943
34772.875000 1112.448486 0.000000 1992.584961
34772.875000 1112.448486 0.000000 1992.790039
34772.875000 1112.448486 0.000000 1992.892944
34772.875000 1112.448486 0.000000 1992.987061
34772.875000 1112.448486 0.000000 1993.088013
34772.875000 1112.448486 0.000000 1993.187988
34772.875000 1112.448486 0.000000 1993.290039
34772.875000 1112.448486 0.000000 1993.390015
34772.875000 1112.448486 0.000000 1993.491943
34772.875000 1112.448486 0.000000 1993.583008
34772.875000 1112.448486 0.000000 1993.685059
34772.875000 1112.448486 0.000000 1993.780029
34772.875000 1112.448486 0.000000 1993.890015
34772.875000 1112.448486 0.000000 1994.090942
34772.875000 1112.448486 0.000000 1994.189941
34772.875000 1112.448486 0.000000 1994.295044
34772.875000 1112.448486 0.000000 1994.390015
34772.875000 1112.448486 0.000000 1994.494995
34772.875000 1112.448486 0.000000 1994.592041
34772.875000 1112.448486 0.000000 1994.685059
34772.875000 1112.448486 0.000000 1994.780029
34772.875000 1112.448486 0.000000 1994.880005
34772.875000 1112.448486 0.000000 1994.984985
34772.875000 1112.448486 0.000000 1995.079956
34772.875000 1112.448486 0.000000 1995.197998
34772.875000 1112.448486 0.000000 1995.381958
34772.875000 1112.448486 0.000000 1995.491943
34772.875000 1112.448486 0.000000 1995.582031
34772.875000 1112.448486 0.000000 1995.682007
34772.875000 1112.448486 0.000000 1995.781982
34772.875000 1112.448486 0.000000 1995.881958
34772.875000 1112.448486 0.000000 1995.982056
34772.875000 1112.448486 0.000000 1996.082031
34772.875000 1112.448486 0.000000 1996.188965
34772.875000 1112.448486 0.000000 1996.284058
34772.875000 1112.448486 0.000000 1996.379028
34772.875000 1112.448486 0.000000 1996.484009
34772.875000 1112.448486 0.000000 1996.579956
34772.875000 1112.448486 0.000000 1996.683960
34773.125000 1112.448486 0.000000 1996.785034
34773.125000 1112.448486 0.000000 1996.884033
34773.125000 1112.448486 0.000000 1996.984009
34773.125000 1112.448486 0.000000 1997.083984
34773.125000 1112.448486 0.000000 1997.185059
34773.125000 1112.448486 0.000000 1997.290039
34773.125000 1112.448486 0.000000 1997.389038
34773.125000 1112.448486 0.000000 1997.484009
34773.125000 1112.448486 0.000000 1997.588989
34773.125000 1112.448486 0.000000 1997.689941
34773.125000 1112.448486 0.000000 1997.782959
34773.125000 1112.448486 0.000000 1997.890015
34773.125000 1112.448486 0.000000 1997.990967
34773.125000 1112.448486 0.000000 1998.088989
34773.125000 1112.448486 0.000000 1998.183960
34773.125000 1112.448486 0.000000 1998.292969
34773.125000 1112.448486 0.000000 1998.387939
34773.125000 1112.448486 0.000000 1998.493042
34773.125000 1112.448486 0.000000 1998.598022
34773.125000 1112.448486 0.000000 1998.688965
34773.125000 1112.448486 0.000000 1998.785034
34773.125000 1112.448486 0.000000 1998.899048
34773.125000 1112.448486 0.000000 1998.994019
34773.125000 1112.448486 0.000000 1999.093994
34773.125000 1112.448486 0.000000 1999.188965
34773.125000 1112.448486 0.000000 1999.281982
34773.125000 1112.448486 0.000000 1999.395996
34773.125000 1112.448486 0.000000 1999.500000
34773.125000 1112.448486 0.000000 1999.594971
34773.125000 1112.448486 0.000000 1999.687012
34773.125000 1112.448486 0.000000 1999.781006
34773.125000 1112.448486 0.000000 1999.880981
34773.125000 1112.448486 0.000000 1999.980957
34773.125000 1112.448486 0.000000 2000.087036
34773.125000 1112.448486 0.000000 2000.186035
34773.125000 1112.448486 0.000000 2000.286011
34773.125000 1112.448486 0.000000 2000.390015
34773.125000 1112.448486 0.000000 2000.480957
34773.125000 1112.448486 0.000000 2000.586060
34773.125000 1112.448486 0.000000 2000.686035
34773.125000 1112.448486 0.000000 2000.781006
34773.125000 1112.448486 0.000000 2000.890991
34773.125000 1112.448486 0.000000 2000.990967
34773.125000 1112.448486 0.000000 2001.081055
34773.125000 1112.448486 0.000000 2001.186035
34773.125000 1112.448486 0.000000 2001.290039
34773.125000 1112.448486 0.000000 2001.390015
34773.125000 1112.448486 0.000000 2001.489990
34773.125000 1112.448486 0.000000 2001.589966
34773.125000 1112.448486 0.000000 2001.686035
34773.125000 1112.448486 0.000000 2001.791016
34773.125000 1112.448486 0.000000 2001.895996
34773.125000 1112.448486 0.000000 2001.994019
34773.125000 1112.448486 0.000000 2002.088989
34773.125000 1112.448486 0.000000 2002.193970
34773.125000 1112.448486 0.000000 2002.288940
34773.125000 1112.448486 0.000000 2002.394043
34773.125000 1112.448486 0.000000 2002.489014
34773.125000 1112.448486 0.000000 2002.598022
34773.125000 1112.448486 0.000000 2002.693970
34773.125000 1112.448486 0.000000 2002.793945
34773.125000 1112.448486 0.000000 2002.895020
34773.125000 1112.448486 0.000000 2002.994019
34773.125000 1112.448486 0.000000 2003.098022
34773.125000 1112.448486 0.000000 2003.197998
34773.125000 1112.448486 0.000000 2003.286011
34773.125000 1112.448486 0.000000 2003.386963
34773.125000 1112.448486 0.000000 2003.485962
34773.125000 1112.448486 0.000000 2003.604004
34773.125000 1112.448486 0.000000 2003.693970
34773.125000 1112.448486 0.000000 2003.798950
34773.125000 1112.448486 0.000000 2003.886963
34773.125000 1112.448486 0.000000 2003.987061
34773.125000 1112.448486 0.000000 2004.093018
34773.125000 1112.448486 0.000000 2004.194946
34773.125000 1112.448486 0.000000 2004.300049
34773.125000 1112.448486 0.000000 2004.390991
34773.125000 1112.448486 0.000000 2004.485962
34773.125000 1112.448486 0.000000 2004.590942
34773.125000 1112.448486 0.000000 2004.691040
34773.125000 1112.448486 0.000000 2004.808960
34773.125000 1112.448486 0.000000 2004.899048
34773.125000 1112.448486 0.000000 2004.994019
34773.125000 1112.448486 0.000000 2005.086060
34773.125000 1112.448486 0.000000 2005.186035
34773.125000 1112.448486 0.000000 2005.286011
34773.125000 1112.448486 0.000000 2005.399048
34773.125000 1112.448486 0.000000 2005.487061
34773.125000 1112.448486 0.000000 2005.590942
34773.125000 1112.448486 0.000000 2005.693970
34773.125000 1112.448486 0.000000 2005.798950
34773.125000 1112.448486 0.000000 2005.895020
34773.125000 1112.448486 0.000000 2005.984985
34773.125000 1112.448486 0.000000 2006.090942
34773.125000 1112.448486 0.000000 2006.189941
34773.125000 1112.448486 0.000000 2006.291016
34773.125000 1112.448486 0.000000 2006.385010
34773.125000 1112.448486 0.000000 2006.487061
34773.125000 1112.448486 0.000000 2006.589966
34773.125000 1112.448486 0.000000 2006.694946
34773.125000 1112.448486 0.000000 2006.788940
34773.125000 1112.448486 0.000000 2006.889038
34773.125000 1112.448486 0.000000 2006.989014
34773.125000 1112.448486 0.000000 2007.090942
34773.125000 1112.448486 0.000000 2007.198975
34773.125000 1112.448486 0.000000 2007.288940
34773.125000 1112.448486 0.000000 2007.389038
34773.125000 1112.448486 0.000000 2007.508057
34773.125000 1112.448486 0.000000 2007.598022
34773.125000 1112.448486 0.000000 2007.697998
34773.125000 1112.448486 0.000000 2007.802979
34773.125000 1112.448486 0.000000 2007.897949
34773.125000 1112.448486 0.000000 2007.998047
34773.125000 1112.448486 0.000000 2008.098022
34773.125000 1112.448486 0.000000 2008.203003
34773.125000 1112.448486 0.000000 2008.297974
34773.125000 1112.448486 0.000000 2008.402954
34773.125000 1112.448486 0.000000 2008.498047
34773.125000 1112.448486 0.000000 2008.598022
34773.125000 1112.448486 0.000000 2008.703003
34773.125000 1112.448486 0.000000 2008.793945
34773.125000 1112.448486 0.000000 2008.894043
34773.125000 1112.448486 0.000000 2008.989014
34773.125000 1112.448486 0.000000 2009.088989
34773.125000 1112.448486 0.000000 2009.193970
34773.125000 1112.448486 0.000000 2009.288940
34773.125000 1112.448486 0.000000 2009.384033
34773.125000 1112.448486 0.000000 2009.500000
34773.125000 1112.448486 0.000000 2009.597046
34773.125000 1112.448486 0.000000 2009.693970
34773.125000 1112.448486 0.000000 2009.788940
34773.125000 1112.448486 0.000000 2009.889038
34773.125000 1112.448486 0.000000 2009.990967
34773.125000 1112.448486 0.000000 2010.086060
34773.125000 1112.448486 0.000000 2010.186035
34773.125000 1112.448486 0.000000 2010.286011
34773.125000 1112.448486 0.000000 2010.395996
34773.125000 1112.448486 0.000000 2010.495972
34773.125000 1112.448486 0.000000 2010.600952
34773.125000 1112.448486 0.000000 2010.696045
34773.125000 1112.448486 0.000000 2010.796021
34773.125000 1112.448486 0.000000 2010.901001
34773.125000 1112.448486 0.000000 2010.995972
34773.125000 1112.448486 0.000000 2011.095947
34773.125000 1112.448486 0.000000 2011.196045
34773.125000 1112.448486 0.000000 2011.292969
34773.125000 1112.448486 0.000000 2011.395020
34773.125000 1112.448486 0.000000 2011.491943
34773.125000 1112.448486 0.000000 2011.592041
34773.125000 1112.448486 0.000000 2011.701050
34773.125000 1112.448486 0.000000 2011.796021
34773.125000 1112.448486 0.000000 2011.895020
34773.125000 1112.448486 0.000000 2011.995972
34773.125000 1112.448486 0.000000 2012.093994
34773.125000 1112.448486 0.000000 2012.187988
34773.125000 1112.448486 0.000000 2012.293945
34773.125000 1112.448486 0.000000 2012.387939
34773.125000 1112.448486 0.000000 2012.488037
34773.125000 1112.448486 0.000000 2012.595947
34773.125000 1112.448486 0.000000 2012.697998
34773.125000 1112.448486 0.000000 2012.802979
34773.125000 1112.448486 0.000000 2012.897949
34773.125000 1112.448486 0.000000 2013.003052
34773.125000 1112.448486 0.000000 2013.098022
34773.125000 1112.448486 0.000000 2013.203003
34773.125000 1112.448486 0.000000 2013.302979
34773.125000 1112.448486 0.000000 2013.397949
34773.125000 1112.448486 0.000000 2013.498047
34773.125000 1112.448486 0.000000 2013.598022
34773.125000 1112.448486 0.000000 2013.703003
34773.125000 1112.448486 0.000000 2013.797974
34773.125000 1112.448486 0.000000 2013.897949
34773.125000 1112.448486 0.000000 2013.989014
34773.125000 1112.448486 0.000000 2014.088989
34773.125000 1112.448486 0.000000 2014.196045
34773.125000 1112.448486 0.000000 2014.302002
34773.125000 1112.448486 0.000000 2014.386963
34773.125000 1112.448486 0.000000 2014.484009
34773.125000 1112.448486 0.000000 2014.595947
34773.125000 1112.448486 0.000000 2014.688965
34773.125000 1112.448486 0.000000 2014.793945
34773.125000 1112.448486 0.000000 2014.991943
34773.125000 1112.448486 0.000000 2015.087036
34773.125000 1112.448486 0.000000 2015.187988
34773.125000 1112.448486 0.000000 2015.296997
34773.125000 1112.448486 0.000000 2015.386963
34773.125000 1112.448486 0.000000 2015.491943
34773.125000 1112.448486 0.000000 2015.587036
34773.125000 1112.448486 0.000000 2015.687988
34773.125000 1112.448486 0.000000 2015.792969
34773.125000 1112.448486 0.000000 2015.891968
34773.125000 1112.448486 0.000000 2015.996948
34773.125000 1112.448486 0.000000 2016.097046
34773.125000 1112.448486 0.000000 2016.207031
34773.125000 1112.448486 0.000000 2016.302002
34773.125000 1112.448486 0.000000 2016.400024
34773.125000 1112.448486 0.000000 2016.494995
34773.125000 1112.448486 0.000000 2016.592041
34773.125000 1112.448486 0.000000 2016.697021
34773.125000 1112.448486 0.000000 2016.796997
34773.125000 1112.448486 0.000000 2016.897949
34773.125000 1112.448486 0.000000 2016.991943
34773.125000 1112.448486 0.000000 2017.099976
34773.125000 1112.448486 0.000000 2017.187012
34773.125000 1112.448486 0.000000 2017.288940
34773.125000 1112.448486 0.000000 2017.396973
34773.125000 1112.448486 0.000000 2017.489990
34773.125000 1112.448486 0.000000 2017.597046
34773.125000 1112.448486 0.000000 2017.696045
34773.125000 1112.448486 0.000000 2017.791992
34773.125000 1112.448486 0.000000 2017.889038
34773.125000 1112.448486 0.000000 2017.987061
34773.125000 1112.448486 0.000000 2018.098999
34773.125000 1112.448486 0.000000 2018.197021
34773.125000 1112.448486 0.000000 2018.296997
34773.125000 1112.448486 0.000000 2018.391968
34773.125000 1112.448486 0.000000 2018.491943
34773.125000 1112.448486 0.000000 2018.593018
34773.125000 1112.448486 0.000000 2018.692017
34773.125000 1112.448486 0.000000 2018.786987
34773.125000 1112.448486 0.000000 2018.891968
34773.125000 1112.448486 0.000000 2018.996948
34773.125000 1112.448486 0.000000 2019.087036
34773.125000 1112.448486 0.000000 2019.187012
34773.125000 1112.448486 0.000000 2019.291992
34773.125000 1112.448486 0.000000 2019.389038
34773.125000 1112.448486 0.000000 2019.494019
34773.125000 1112.448486 0.000000 2019.595947
34773.125000 1112.448486 0.000000 2019.692017
34773.125000 1112.448486 0.000000 2019.791992
34773.125000 1112.448486 0.000000 2019.892944
34773.125000 1112.448486 0.000000 2019.999023
34773.125000 1112.448486 0.000000 2020.092041
34773.125000 1112.448486 0.000000 2020.198975
34773.125000 1112.448486 0.000000 2020.295044
34773.125000 1112.448486 0.000000 2020.397949
34773.125000 1112.448486 0.000000 2020.496948
34773.125000 1112.448486 0.000000 2020.592041
34773.125000 1112.448486 0.000000 2020.692017
34773.125000 1112.448486 0.000000 2020.791992
34773.125000 1112.448486 0.000000 2020.891968
34773.125000 1112.448486 0.000000 2020.996948
34773.125000 1112.448486 0.000000 2021.092041
34773.125000 1112.448486 0.000000 2021.192017
34773.125000 1112.448486 0.000000 2021.291992
34773.125000 1112.448486 0.000000 2021.396973
34773.125000 1112.448486 0.000000 2021.594971
34773.125000 1112.448486 0.000000 2021.692017
34773.125000 1112.448486 0.000000 2021.791992
34773.125000 1112.448486 0.000000 2021.902954
34773.125000 1112.448486 0.000000 2022.005981
34773.125000 1112.448486 0.000000 2022.105957
34773.125000 1112.448486 0.000000 2022.201050
34773.125000 1112.448486 0.000000 2022.292969
34773.125000 1112.448486 0.000000 2022.400024
34773.125000 1112.448486 0.000000 2022.491943
34773.125000 1112.448486 0.000000 2022.597046
34773.125000 1112.448486 0.000000 2022.699951
34773.125000 1112.448486 0.000000 2022.797974
34773.125000 1112.448486 0.000000 2022.896973
34773.125000 1112.448486 0.000000 2023.000977
34773.125000 1112.448486 0.000000 2023.099976
34773.125000 1112.448486 0.000000 2023.199951
34773.125000 1112.448486 0.000000 2023.300049
34773.125000 1112.448486 0.000000 2023.402954
34773.125000 1112.448486 0.000000 2023.494019
34773.125000 1112.448486 0.000000 2023.592041
34773.125000 1112.448486 0.000000 2023.692017
34773.125000 1112.448486 0.000000 2023.796997
34773.125000 1112.448486 0.000000 2023.897949
34773.125000 1112.448486 0.000000 2023.991943
34773.125000 1112.448486 0.000000 2024.097046
34773.125000 1112.448486 0.000000 2024.192017
34773.125000 1112.448486 0.000000 2024.302002
34773.125000 1112.448486 0.000000 2024.396973
34773.125000 1112.448486 0.000000 2024.491943
34773.125000 1112.448486 0.000000 2024.599976
34773.125000 1112.448486 0.000000 2024.704956
34773.125000 1112.448486 0.000000 2024.802002
34773.125000 1112.448486 0.000000 2024.896973
34773.125000 1112.448486 0.000000 2024.996948
34773.125000 1112.448486 0.000000 2025.097046
34773.125000 1112.448486 0.000000 2025.305054
34773.125000 1112.448486 0.000000 2025.406006
34773.125000 1112.448486 0.000000 2025.501953
34773.125000 1112.448486 0.000000 2025.597046
34773.125000 1112.448486 0.000000 2025.697021
34773.125000 1112.448486 0.000000 2025.798950
34773.125000 1112.448486 0.000000 2025.901978
34773.125000 1112.448486 0.000000 2026.025024
34773.125000 1112.448486 0.000000 2026.099976
34773.125000 1112.448486 0.000000 2026.199951
34773.125000 1112.448486 0.000000 2026.295044
34773.125000 1112.448486 0.000000 2026.395020
34773.125000 1112.448486 0.000000 2026.494995
34773.125000 1112.448486 0.000000 2026.599976
34773.125000 1112.448486 0.000000 2026.694946
34773.125000 1112.448486 0.000000 2026.796021
34773.125000 1112.448486 0.000000 2026.895020
34773.125000 1112.448486 0.000000 2027.005981
34773.125000 1112.448486 0.000000 2027.114990
34773.125000 1112.448486 0.000000 2027.194946
34773.125000 1112.448486 0.000000 2027.296021
34773.125000 1112.448486 0.000000 2027.406006
34773.125000 1112.448486 0.000000 2027.510010
34773.125000 1112.448486 0.000000 2027.616943
34773.125000 1112.448486 0.000000 2027.712036
34773.125000 1112.448486 0.000000 2027.905029
34773.125000 1112.448486 0.000000 2028.005005
34773.125000 1112.448486 0.000000 2028.104980
34773.125000 1112.448486 0.000000 2028.204956
34773.125000 1112.448486 0.000000 2028.305054
34773.125000 1112.448486 0.000000 2028.514038
34773.125000 1112.448486 0.000000 2028.718018
34773.125000 1112.448486 0.000000 2028.912964
34773.125000 1112.448486 0.000000 2029.012939
34773.125000 1112.448486 0.000000 2029.118042
34773.125000 1112.448486 0.000000 2029.213013
34773.125000 1112.448486 0.000000 2029.405029
34773.125000 1112.448486 0.000000 2029.506958
34773.125000 1112.448486 0.000000 2029.604980
34773.125000 1112.448486 0.000000 2029.704956
34773.125000 1112.448486 0.000000 2029.805054
34773.125000 1112.448486 0.000000 2029.916992
34773.125000 1112.448486 0.000000 2030.104980
34773.125000 1112.448486 0.000000 2030.208984
34773.125000 1112.448486 0.000000 2030.305054
34773.125000 1112.448486 0.000000 2030.409058
34773.125000 1112.448486 0.000000 2030.604980
34773.125000 1112.448486 0.000000 2030.709961
34773.125000 1112.448486 0.000000 2030.916992
34773.125000 1112.448486 0.000000 2031.011963
34773.125000 1112.448486 0.000000 2031.199951
34773.125000 1112.448486 0.000000 2031.305054
34773.125000 1112.448486 0.000000 2031.411987
34773.125000 1112.448486 0.000000 2031.511963
34773.125000 1112.448486 0.000000 2031.604980
34773.125000 1112.448486 0.000000 2031.800049
34773.125000 1112.448486 0.000000 2031.915039
34773.125000 1112.448486 0.000000 2032.001953
34773.125000 1112.448486 0.000000 2032.104980
34773.125000 1112.448486 0.000000 2032.204956
34773.125000 1112.448486 0.000000 2032.305054
34773.125000 1112.448486 0.000000 2032.411011
34773.125000 1112.448486 0.000000 2032.509033
34773.125000 1112.448486 0.000000 2032.605957
34773.125000 1112.448486 0.000000 2032.704956
34773.125000 1112.448486 0.000000 2032.800049
34773.125000 1112.448486 0.000000 2032.906982
34773.125000 1112.448486 0.000000 2033.005981
34773.125000 1112.448486 0.000000 2033.203003
34773.125000 1112.448486 0.000000 2033.310059
34773.125000 1112.448486 0.000000 2033.402954
34773.125000 1112.448486 0.000000 2033.501953
34773.125000 1112.448486 0.000000 2033.607056
34773.125000 1112.448486 0.000000 2033.707031
34773.125000 1112.448486 0.000000 2033.802979
34773.125000 1112.448486 0.000000 2033.904053
34773.125000 1112.448486 0.000000 2034.006958
34773.125000 1112.448486 0.000000 2034.112061
34773.125000 1112.448486 0.000000 2034.213013
34773.125000 1112.448486 0.000000 2034.310059
34773.125000 1112.448486 0.000000 2034.406982
34773.125000 1112.448486 0.000000 2034.501953
34773.125000 1112.448486 0.000000 2034.603027
34773.125000 1112.448486 0.000000 2034.708984
34773.125000 1112.448486 0.000000 2034.806030
34773.125000 1112.448486 0.000000 2034.911987
34773.125000 1112.448486 0.000000 2035.107056
34773.125000 1112.448486 0.000000 2035.203003
34773.125000 1112.448486 0.000000 2035.303955
34773.125000 1112.448486 0.000000 2035.401978
34773.125000 1112.448486 0.000000 2035.508057
34773.125000 1112.448486 0.000000 2035.602051
34773.125000 1112.448486 0.000000 2035.708984
34773.125000 1112.448486 0.000000 2035.802002
34773.125000 1112.448486 0.000000 2035.902954
34773.125000 1112.448486 0.000000 2036.006958
34773.125000 1112.448486 0.000000 2036.102051
34773.125000 1112.448486 0.000000 2036.203003
34773.125000 1112.448486 0.000000 2036.302002
34773.125000 1112.448486 0.000000 2036.401978
34773.125000 1112.448486 0.000000 2036.510010
34773.125000 1112.448486 0.000000 2036.602051
34773.125000 1112.448486 0.000000 2036.715942
34773.125000 1112.448486 0.000000 2036.802979
34773.125000 1112.448486 0.000000 2036.920044
34773.125000 1112.448486 0.000000 2037.014038
34773.125000 1112.448486 0.000000 2037.102051
34773.125000 1112.448486 0.000000 2037.208984
34773.125000 1112.448486 0.000000 2037.317017
34773.125000 1112.448486 0.000000 2037.411987
34773.125000 1112.448486 0.000000 2037.607056
34773.125000 1112.448486 0.000000 2037.712036
34773.125000 1112.448486 0.000000 2037.906982
34773.125000 1112.448486 0.000000 2038.012939
34773.125000 1112.448486 0.000000 2038.107056
34773.125000 1112.448486 0.000000 2038.208008
34773.125000 1112.448486 0.000000 2038.307983
34773.125000 1112.448486 0.000000 2038.413940
34773.125000 1112.448486 0.000000 2038.501953
34773.125000 1112.448486 0.000000 2038.607056
34773.125000 1112.448486 0.000000 2038.707031
34773.125000 1112.448486 0.000000 2038.802002
34773.125000 1112.448486 0.000000 2038.901978
34773.125000 1112.448486 0.000000 2039.011963
34773.125000 1112.448486 0.000000 2039.109985
34773.125000 1112.448486 0.000000 2039.202026
34773.125000 1112.448486 0.000000 2039.314941
34773.125000 1112.448486 0.000000 2039.411011
34773.125000 1112.448486 0.000000 2039.515015
34773.125000 1112.448486 0.000000 2039.712036
34773.125000 1112.448486 0.000000 2039.807007
34773.125000 1112.448486 0.000000 2039.916992
34773.125000 1112.448486 0.000000 2040.102051
34773.125000 1112.448486 0.000000 2040.211060
34773.125000 1112.448486 0.000000 2040.302979
34773.125000 1112.448486 0.000000 2040.404053
34773.125000 1112.448486 0.000000 2040.503052
34773.125000 1112.448486 0.000000 2040.603027
34773.125000 1112.448486 0.000000 2040.706055
34773.125000 1112.448486 0.000000 2040.810059
34773.125000 1112.448486 0.000000 2040.905029
34773.125000 1112.448486 0.000000 2041.009033
34773.125000 1112.448486 0.000000 2041.104980
34773.125000 1112.448486 0.000000 2041.206055
34773.125000 1112.448486 0.000000 2041.306030
34773.125000 1112.448486 0.000000 2041.405029
34773.125000 1112.448486 0.000000 2041.510986
34773.125000 1112.448486 0.000000 2041.603027
34773.125000 1112.448486 0.000000 2041.703979
34773.125000 1112.448486 0.000000 2041.802979
34773.125000 1112.448486 0.000000 2041.904053
34773.125000 1112.448486 0.000000 2042.008057
34773.125000 1112.448486 0.000000 2042.103027
34773.125000 1112.448486 0.000000 2042.208008
34773.125000 1112.448486 0.000000 2042.307983
34773.125000 1112.448486 0.000000 2042.409058
34773.125000 1112.448486 0.000000 2042.508057
34773.125000 1112.448486 0.000000 2042.608032
34773.125000 1112.448486 0.000000 2042.708008
34773.125000 1112.448486 0.000000 2042.808960
34773.125000 1112.448486 0.000000 2042.902954
34773.125000 1112.448486 0.000000 2043.003052
34773.125000 1112.448486 0.000000 2043.110962
34773.125000 1112.448486 0.000000 2043.203979
34773.125000 1112.448486 0.000000 2043.302979
34773.125000 1112.448486 0.000000 2043.407959
34773.125000 1112.448486 0.000000 2043.514038
34773.125000 1112.448486 0.000000 2043.610962
34773.125000 1112.448486 0.000000 2043.708008
34773.125000 1112.448486 0.000000 2043.812988
34773.125000 1112.448486 0.000000 2043.912964
34773.125000 1112.448486 0.000000 2044.125000
34773.125000 1112.448486 0.000000 2044.233032
34773.125000 1112.448486 0.000000 2044.327026
34775.125000 1112.448486 0.000000 2044.541016
34775.125000 1112.448486 0.000000 2044.625977
34775.125000 1112.448486 0.000000 2044.821045
34775.125000 1112.448486 0.000000 2045.020996
34775.125000 1112.448486 0.000000 2045.130005
34775.125000 1112.448486 0.000000 2045.220947
34775.125000 1112.448486 0.000000 2045.316040
34775.125000 1112.448486 0.000000 2045.416016
34775.125000 1112.448486 0.000000 2045.520996
34775.125000 1112.448486 0.000000 2045.625977
34775.125000 1112.448486 0.000000 2045.816040
34775.125000 1112.448486 0.000000 2045.916016
34775.125000 1112.448486 0.000000 2046.017944
34775.125000 1112.448486 0.000000 2046.113037
34775.125000 1112.448486 0.000000 2046.223022
34775.125000 1112.448486 0.000000 2046.324951
34775.125000 1112.448486 0.000000 2046.425049
34775.125000 1112.448486 0.000000 2046.522949
34775.125000 1112.448486 0.000000 2046.628052
34775.125000 1112.448486 0.000000 2046.718018
34775.125000 1112.448486 0.000000 2046.824951
34775.125000 1112.448486 0.000000 2046.927002
34775.125000 1112.448486 0.000000 2047.027954
34775.125000 1112.448486 0.000000 2047.118042
34775.125000 1112.448486 0.000000 2047.222046
34775.125000 1112.448486 0.000000 2047.317017
34775.125000 1112.448486 0.000000 2047.416992
34775.125000 1112.448486 0.000000 2047.512939
34775.125000 1112.448486 0.000000 2047.616943
34775.125000 1112.448486 0.000000 2047.723999
34775.125000 1112.448486 0.000000 2047.822021
34775.125000 1112.448486 0.000000 2048.023926
34775.125000 1112.448486 0.000000 2048.127930
34775.125000 1112.448486 0.000000 2048.231934
34775.125000 1112.448486 0.000000 2048.424072
34775.125000 1112.448486 0.000000 2048.523926
34775.125000 1112.448486 0.000000 2048.635986
34775.125000 1112.448486 0.000000 2048.726074
34775.125000 1112.448486 0.000000 2048.822021
34775.125000 1112.448486 0.000000 2048.922119
34775.125000 1112.448486 0.000000 2049.027100
34775.125000 1112.448486 0.000000 2049.221924
34775.125000 1112.448486 0.000000 2049.322021
34775.125000 1112.448486 0.000000 2049.416992
34775.125000 1112.448486 0.000000 2049.517090
34775.125000 1112.448486 0.000000 2049.616943
34775.125000 1112.448486 0.000000 2049.717041
34775.125000 1112.448486 0.000000 2049.816895
34775.125000 1112.448486 0.000000 2049.922119
34775.125000 1112.448486 0.000000 2050.023926
34775.125000 1112.448486 0.000000 2050.133057
34775.125000 1112.448486 0.000000 2050.217041
34775.125000 1112.448486 0.000000 2050.322021
34775.125000 1112.448486 0.000000 2050.416992
34775.125000 1112.448486 0.000000 2050.527100
34775.125000 1112.448486 0.000000 2050.631104
34775.125000 1112.448486 0.000000 2050.730957
34775.125000 1112.448486 0.000000 2050.832031
34775.125000 1112.448486 0.000000 2050.916992
34775.125000 1112.448486 0.000000 2051.020996
34775.125000 1112.448486 0.000000 2051.123047
34775.125000 1112.448486 0.000000 2051.222900
34775.125000 1112.448486 0.000000 2051.326904
34775.125000 1112.448486 0.000000 2051.427002
34775.125000 1112.448486 0.000000 2051.616943
34775.125000 1112.448486 0.000000 2051.717041
34775.125000 1112.448486 0.000000 2051.821045
34775.125000 1112.448486 0.000000 2051.936035
34775.125000 1112.448486 0.000000 2052.035889
34775.125000 1112.448486 0.000000 2052.122070
34775.125000 1112.448486 0.000000 2052.216064
34775.125000 1112.448486 0.000000 2052.323975
34775.125000 1112.448486 0.000000 2052.418945
34775.125000 1112.448486 0.000000 2052.513916
34775.125000 1112.448486 0.000000 2052.618896
34775.125000 1112.448486 0.000000 2052.728027
34775.125000 1112.448486 0.000000 2052.823975
34775.125000 1112.448486 0.000000 2053.013916
34775.125000 1112.448486 0.000000 2053.124023
34775.125000 1112.448486 0.000000 2053.225098
34775.125000 1112.448486 0.000000 2053.324951
34775.125000 1112.448486 0.000000 2053.418945
34775.125000 1112.448486 0.000000 2053.523926
34775.125000 1112.448486 0.000000 2053.614014
34775.125000 1112.448486 0.000000 2053.718018
34775.125000 1112.448486 0.000000 2053.820068
34775.125000 1112.448486 0.000000 2053.916992
34775.125000 1112.448486 0.000000 2054.024902
34775.125000 1112.448486 0.000000 2054.122070
34775.125000 1112.448486 0.000000 2054.221924
34775.125000 1112.448486 0.000000 2054.316895
34775.125000 1112.448486 0.000000 2054.417969
34775.125000 1112.448486 0.000000 2054.532959
34775.125000 1112.448486 0.000000 2054.627930
34775.125000 1112.448486 0.000000 2054.711914
34775.125000 1112.448486 0.000000 2054.816895
34775.125000 1112.448486 0.000000 2054.922119
34775.125000 1112.448486 0.000000 2055.022949
34775.125000 1112.448486 0.000000 2055.123047
34775.125000 1112.448486 0.000000 2055.222900
34775.125000 1112.448486 0.000000 2055.324951
34775.125000 1112.448486 0.000000 2055.419922
34775.125000 1112.448486 0.000000 2055.523926
34775.125000 1112.448486 0.000000 2055.622070
34775.125000 1112.448486 0.000000 2055.721924
34775.125000 1112.448486 0.000000 2055.826904
34775.125000 1112.448486 0.000000 2055.922119
34775.125000 1112.448486 0.000000 2056.017090
34775.125000 1112.448486 0.000000 2056.122070
34775.125000 1112.448486 0.000000 2056.217041
34775.125000 1112.448486 0.000000 2056.322998
34775.125000 1112.448486 0.000000 2056.423096
34775.125000 1112.448486 0.000000 2056.627930
34775.125000 1112.448486 0.000000 2056.718018
34775.125000 1112.448486 0.000000 2056.832031
34775.125000 1112.448486 0.000000 2056.937012
34775.125000 1112.448486 0.000000 2057.132080
34775.125000 1112.448486 0.000000 2057.238037
34775.125000 1112.448486 0.000000 2057.327881
34775.125000 1112.448486 0.000000 2057.433105
34775.125000 1112.448486 0.000000 2057.552979
34775.125000 1112.448486 0.000000 2057.732910
34775.125000 1112.448486 0.000000 2057.833008
34775.125000 1112.448486 0.000000 2057.924072
34775.125000 1112.448486 0.000000 2058.023926
34775.125000 1112.448486 0.000000 2058.123047
34775.125000 1112.448486 0.000000 2058.218994
34775.125000 1112.448486 0.000000 2058.322998
34775.125000 1112.448486 0.000000 2058.427002
34775.125000 1112.448486 0.000000 2058.527100
34775.125000 1112.448486 0.000000 2058.622070
34775.125000 1112.448486 0.000000 2058.730957
34775.125000 1112.448486 0.000000 2058.825928
34775.125000 1112.448486 0.000000 2058.926025
34775.125000 1112.448486 0.000000 2059.027100
34775.125000 1112.448486 0.000000 2059.138916
34775.125000 1112.448486 0.000000 2059.226074
34775.125000 1112.448486 0.000000 2059.321045
34775.125000 1112.448486 0.000000 2059.420898
34775.125000 1112.448486 0.000000 2059.531006
34775.125000 1112.448486 0.000000 2059.625977
34775.125000 1112.448486 0.000000 2059.730957
34775.125000 1112.448486 0.000000 2059.825928
34775.125000 1112.448486 0.000000 2059.923096
34775.125000 1112.448486 0.000000 2060.032959
34775.125000 1112.448486 0.000000 2060.125977
34775.125000 1112.448486 0.000000 2060.239990
34775.125000 1112.448486 0.000000 2060.344971
34775.125000 1112.448486 0.000000 2060.435059
34775.125000 1112.448486 0.000000 2060.548096
34775.125000 1112.448486 0.000000 2060.629883
34775.125000 1112.448486 0.000000 2060.721924
34775.125000 1112.448486 0.000000 2060.839111
34775.125000 1112.448486 0.000000 2060.933105
34775.125000 1112.448486 0.000000 2061.031006
34775.125000 1112.448486 0.000000 2061.135986
34775.125000 1112.448486 0.000000 2061.228027
34775.125000 1112.448486 0.000000 2061.339111
34775.125000 1112.448486 0.000000 2061.438965
34775.125000 1112.448486 0.000000 2061.530029
34775.125000 1112.448486 0.000000 2061.628906
34775.125000 1112.448486 0.000000 2061.729980
34775.125000 1112.448486 0.000000 2061.825928
34775.125000 1112.448486 0.000000 2061.934082
34775.125000 1112.448486 0.000000 2062.031982
34775.125000 1112.448486 0.000000 2062.124023
34775.125000 1112.448486 0.000000 2062.235107
34775.125000 1112.448486 0.000000 2062.329102
34775.125000 1112.448486 0.000000 2062.436035
34775.125000 1112.448486 0.000000 2062.531006
34775.125000 1112.448486 0.000000 2062.636963
34775.125000 1112.448486 0.000000 2062.729004
34775.125000 1112.448486 0.000000 2062.825928
34775.125000 1112.448486 0.000000 2062.933105
34775.125000 1112.448486 0.000000 2063.027100
34775.125000 1112.448486 0.000000 2063.139893
34775.125000 1112.448486 0.000000 2063.228027
34775.125000 1112.448486 0.000000 2063.337891
34775.125000 1112.448486 0.000000 2063.426025
34775.125000 1112.448486 0.000000 2063.533936
34775.125000 1112.448486 0.000000 2063.638916
34775.125000 1112.448486 0.000000 2063.739014
34775.125000 1112.448486 0.000000 2063.841064
34775.125000 1112.448486 0.000000 2063.926025
34775.125000 1112.448486 0.000000 2064.034912
34775.125000 1112.448486 0.000000 2064.143066
34775.125000 1112.448486 0.000000 2064.232910
34775.125000 1112.448486 0.000000 2064.335938
34775.125000 1112.448486 0.000000 2064.426025
34775.125000 1112.448486 0.000000 2064.533936
34775.125000 1112.448486 0.000000 2064.634033
34775.125000 1112.448486 0.000000 2064.733887
34775.125000 1112.448486 0.000000 2064.834961
34775.125000 1112.448486 0.000000 2064.933105
34775.125000 1112.448486 0.000000 2065.040039
34775.125000 1112.448486 0.000000 2065.132080
34775.125000 1112.448486 0.000000 2065.226074
34775.125000 1112.448486 0.000000 2065.332031
34775.125000 1112.448486 0.000000 2065.443115
34775.125000 1112.448486 0.000000 2065.532959
34775.125000 1112.448486 0.000000 2065.626953
34775.125000 1112.448486 0.000000 2065.729980
34775.125000 1112.448486 0.000000 2065.834961
34775.125000 1112.448486 0.000000 2065.934082
34775.125000 1112.448486 0.000000 2066.025879
34775.125000 1112.448486 0.000000 2066.133057
34775.125000 1112.448486 0.000000 2066.226074
34775.125000 1112.448486 0.000000 2066.331055
34775.125000 1112.448486 0.000000 2066.430908
34775.125000 1112.448486 0.000000 2066.525879
34775.125000 1112.448486 0.000000 2066.635986
34775.125000 1112.448486 0.000000 2066.736084
34775.125000 1112.448486 0.000000 2066.825928
34775.125000 1112.448486 0.000000 2066.926025
34775.125000 1112.448486 0.000000 2067.031006
34775.125000 1112.448486 0.000000 2067.135010
34775.125000 1112.448486 0.000000 2067.235107
34775.125000 1112.448486 0.000000 2067.340088
34775.125000 1112.448486 0.000000 2067.435059
34775.125000 1112.448486 0.000000 2067.534912
34775.125000 1112.448486 0.000000 2067.638916
34775.125000 1112.448486 0.000000 2067.733887
34775.125000 1112.448486 0.000000 2067.825928
34775.125000 1112.448486 0.000000 2067.926025
34775.125000 1112.448486 0.000000 2068.031006
34775.125000 1112.448486 0.000000 2068.128906
34775.125000 1112.448486 0.000000 2068.236084
34775.125000 1112.448486 0.000000 2068.335938
34775.125000 1112.448486 0.000000 2068.436035
34775.125000 1112.448486 0.000000 2068.545898
34775.125000 1112.448486 0.000000 2068.635986
34775.125000 1112.448486 0.000000 2068.728027
34775.125000 1112.448486 0.000000 2068.829102
34775.125000 1112.448486 0.000000 2068.927979
34775.125000 1112.448486 0.000000 2069.041992
34775.125000 1112.448486 0.000000 2069.141113
34775.125000 1112.448486 0.000000 2069.228027
34775.125000 1112.448486 0.000000 2069.327881
34775.125000 1112.448486 0.000000 2069.434082
34775.125000 1112.448486 0.000000 2069.527100
34775.125000 1112.448486 0.000000 2069.628906
34775.125000 1112.448486 0.000000 2069.728027
34775.125000 1112.448486 0.000000 2069.833008
34775.125000 1112.448486 0.000000 2069.933105
34775.125000 1112.448486 0.000000 2070.028076
34775.125000 1112.448486 0.000000 2070.131104
34775.250000 1112.448486 0.000000 2070.226074
34775.250000 1112.448486 0.000000 2070.322998
34775.250000 1112.448486 0.000000 2070.423096
34775.250000 1112.448486 0.000000 2070.532959
34775.250000 1112.448486 0.000000 2070.633057
34775.250000 1112.448486 0.000000 2070.721924
34775.250000 1112.448486 0.000000 2070.826904
34775.250000 1112.448486 0.000000 2070.937012
34775.250000 1112.448486 0.000000 2071.027100
34775.250000 1112.448486 0.000000 2071.126953
34775.250000 1112.448486 0.000000 2071.231934
34775.250000 1112.448486 0.000000 2071.323975
34775.250000 1112.448486 0.000000 2071.428955
34775.250000 1112.448486 0.000000 2071.529053
34775.250000 1112.448486 0.000000 2071.625000
34775.250000 1112.448486 0.000000 2071.736084
34775.250000 1112.448486 0.000000 2071.831055
34775.250000 1112.448486 0.000000 2071.930908
34775.250000 1112.448486 0.000000 2072.023926
34775.250000 1112.448486 0.000000 2072.128906
34775.250000 1112.448486 0.000000 2072.231934
34775.250000 1112.448486 0.000000 2072.336914
34775.250000 1112.448486 0.000000 2072.425049
34775.250000 1112.448486 0.000000 2072.532959
34775.250000 1112.448486 0.000000 2072.625000
34775.250000 1112.448486 0.000000 2072.733887
34775.250000 1112.448486 0.000000 2072.831055
34775.250000 1112.448486 0.000000 2072.933105
34775.250000 1112.448486 0.000000 2073.031006
34775.250000 1112.448486 0.000000 2073.133057
34775.250000 1112.448486 0.000000 2073.226074
34775.250000 1112.448486 0.000000 2073.333008
34775.250000 1112.448486 0.000000 2073.431885
34775.250000 1112.448486 0.000000 2073.531006
34775.250000 1112.448486 0.000000 2073.635986
34775.250000 1112.448486 0.000000 2073.740967
34775.250000 1112.448486 0.000000 2073.845947
34775.250000 1112.448486 0.000000 2073.936035
34775.250000 1112.448486 0.000000 2074.032959
34775.250000 1112.448486 0.000000 2074.125977
34775.250000 1112.448486 0.000000 2074.226074
34775.250000 1112.448486 0.000000 2074.331055
34775.250000 1112.448486 0.000000 2074.427002
34775.250000 1112.448486 0.000000 2074.522949
34775.250000 1112.448486 0.000000 2074.635986
34775.250000 1112.448486 0.000000 2074.727051
34775.250000 1112.448486 0.000000 2074.832031
34775.250000 1112.448486 0.000000 2074.934082
34775.250000 1112.448486 0.000000 2075.032959
34775.250000 1112.448486 0.000000 2075.127930
34775.250000 1112.448486 0.000000 2075.227051
34775.250000 1112.448486 0.000000 2075.322021
34775.250000 1112.448486 0.000000 2075.424072
34775.250000 1112.448486 0.000000 2075.529053
34775.250000 1112.448486 0.000000 2075.633057
34775.250000 1112.448486 0.000000 2075.729004
34775.250000 1112.448486 0.000000 2075.825928
34775.250000 1112.448486 0.000000 2075.931885
34775.250000 1112.448486 0.000000 2076.024902
34775.250000 1112.448486 0.000000 2076.125000
34775.250000 1112.448486 0.000000 2076.229980
34775.250000 1112.448486 0.000000 2076.343018
34775.250000 1112.448486 0.000000 2076.425049
34775.250000 1112.448486 0.000000 2076.539062
34775.250000 1112.448486 0.000000 2076.635010
34775.250000 1112.448486 0.000000 2076.725098
34775.250000 1112.448486 0.000000 2076.824951
34775.250000 1112.448486 0.000000 2076.939941
34775.250000 1112.448486 0.000000 2077.034912
34775.250000 1112.448486 0.000000 2077.125977
34775.250000 1112.448486 0.000000 2077.227051
34775.250000 1112.448486 0.000000 2077.324951
34775.250000 1112.448486 0.000000 2077.424072
34775.250000 1112.448486 0.000000 2077.535889
34775.250000 1112.448486 0.000000 2077.635986
34775.250000 1112.448486 0.000000 2077.725098
34775.250000 1112.448486 0.000000 2077.825928
34775.250000 1112.448486 0.000000 2077.929932
34775.250000 1112.448486 0.000000 2078.028076
34775.250000 1112.448486 0.000000 2078.135010
34775.250000 1112.448486 0.000000 2078.225098
34775.250000 1112.448486 0.000000 2078.326904
34775.250000 1112.448486 0.000000 2078.429932
34775.250000 1112.448486 0.000000 2078.525879
34775.250000 1112.448486 0.000000 2078.629883
34775.250000 1112.448486 0.000000 2078.725098
34775.250000 1112.448486 0.000000 2078.830078
34775.250000 1112.448486 0.000000 2078.929932
34775.250000 1112.448486 0.000000 2079.024902
34775.250000 1112.448486 0.000000 2079.125000
34775.250000 1112.448486 0.000000 2079.229980
34775.250000 1112.448486 0.000000 2079.324951
34775.250000 1112.448486 0.000000 2079.435059
34775.250000 1112.448486 0.000000 2079.532959
34775.250000 1112.448486 0.000000 2079.631104
34775.250000 1112.448486 0.000000 2079.729980
34775.250000 1112.448486 0.000000 2079.824951
34775.250000 1112.448486 0.000000 2079.926025
34775.250000 1112.448486 0.000000 2080.044922
34775.250000 1112.448486 0.000000 2080.135010
34775.250000 1112.448486 0.000000 2080.235107
34775.250000 1112.448486 0.000000 2080.330078
34775.250000 1112.448486 0.000000 2080.433105
34775.250000 1112.448486 0.000000 2080.522949
34775.250000 1112.448486 0.000000 2080.627930
34775.250000 1112.448486 0.000000 2080.729004
34775.250000 1112.448486 0.000000 2080.834961
34775.250000 1112.448486 0.000000 2080.931885
34775.250000 1112.448486 0.000000 2081.031006
34775.250000 1112.448486 0.000000 2081.137939
34775.250000 1112.448486 0.000000 2081.238037
34775.250000 1112.448486 0.000000 2081.353027
34775.250000 1112.448486 0.000000 2081.525879
34775.250000 1112.448486 0.000000 2081.636963
34775.250000 1112.448486 0.000000 2081.730957
34775.250000 1112.448486 0.000000 2081.831055
34775.250000 1112.448486 0.000000 2081.926025
34775.250000 1112.448486 0.000000 2082.025879
34775.250000 1112.448486 0.000000 2082.125977
34775.250000 1112.448486 0.000000 2082.226074
34775.250000 1112.448486 0.000000 2082.334961
34775.250000 1112.448486 0.000000 2082.427979
34775.250000 1112.448486 0.000000 2082.525879
34775.250000 1112.448486 0.000000 2082.626953
34775.250000 1112.448486 0.000000 2082.721924
34775.250000 1112.448486 0.000000 2082.826904
34775.250000 1112.448486 0.000000 2082.922119
34775.250000 1112.448486 0.000000 2083.028076
34775.250000 1112.448486 0.000000 2083.134033
34775.250000 1112.448486 0.000000 2083.227051
34775.250000 1112.448486 0.000000 2083.326904
34775.250000 1112.448486 0.000000 2083.427002
34775.250000 1112.448486 0.000000 2083.521973
34775.250000 1112.448486 0.000000 2083.628906
34775.250000 1112.448486 0.000000 2083.722900
34775.250000 1112.448486 0.000000 2083.832031
34775.250000 1112.448486 0.000000 2083.927002
34775.250000 1112.448486 0.000000 2084.040039
34775.250000 1112.448486 0.000000 2084.136963
34775.250000 1112.448486 0.000000 2084.238037
34775.250000 1112.448486 0.000000 2084.352051
34775.250000 1112.448486 0.000000 2084.531982
34775.250000 1112.448486 0.000000 2084.632080
34775.250000 1112.448486 0.000000 2084.732910
34775.250000 1112.448486 0.000000 2084.833984
34775.250000 1112.448486 0.000000 2084.944092
34775.250000 1112.448486 0.000000 2085.041992
34775.250000 1112.448486 0.000000 2085.132080
34775.250000 1112.448486 0.000000 2085.239990
34775.250000 1112.448486 0.000000 2085.342041
34775.250000 1112.448486 0.000000 2085.437012
34775.250000 1112.448486 0.000000 2085.547119
34775.250000 1112.448486 0.000000 2085.631104
34775.250000 1112.448486 0.000000 2085.750977
34775.250000 1112.448486 0.000000 2085.845947
34775.250000 1112.448486 0.000000 2085.945068
34775.250000 1112.448486 0.000000 2086.035889
34775.250000 1112.448486 0.000000 2086.142090
34775.250000 1112.448486 0.000000 2086.241943
34775.250000 1112.448486 0.000000 2086.341064
34775.250000 1112.448486 0.000000 2086.436035
34775.250000 1112.448486 0.000000 2086.538086
34775.250000 1112.448486 0.000000 2086.635986
34775.250000 1112.448486 0.000000 2086.745117
34775.250000 1112.448486 0.000000 2086.853027
34775.250000 1112.448486 0.000000 2086.937988
34775.250000 1112.448486 0.000000 2087.042969
34775.250000 1112.448486 0.000000 2087.146973
34775.250000 1112.448486 0.000000 2087.246094
34775.250000 1112.448486 0.000000 2087.351074
34775.250000 1112.448486 0.000000 2087.443115
34775.250000 1112.448486 0.000000 2087.552002
34775.250000 1112.448486 0.000000 2087.652100
34775.250000 1112.448486 0.000000 2087.747070
34775.250000 1112.448486 0.000000 2087.834961
34775.250000 1112.448486 0.000000 2087.938965
34775.250000 1112.448486 0.000000 2088.039062
34775.250000 1112.448486 0.000000 2088.135986
34775.250000 1112.448486 0.000000 2088.233887
34775.250000 1112.448486 0.000000 2088.345947
34775.250000 1112.448486 0.000000 2088.438965
34775.250000 1112.448486 0.000000 2088.539062
34775.250000 1112.448486 0.000000 2088.639893
34775.250000 1112.448486 0.000000 2088.743896
34775.250000 1112.448486 0.000000 2088.841064
34775.250000 1112.448486 0.000000 2088.943115
34775.250000 1112.448486 0.000000 2089.035889
34775.250000 1112.448486 0.000000 2089.135986
34775.250000 1112.448486 0.000000 2089.250977
34775.250000 1112.448486 0.000000 2089.341064
34775.250000 1112.448486 0.000000 2089.436035
34775.250000 1112.448486 0.000000 2089.545898
34775.250000 1112.448486 0.000000 2089.645996
34775.250000 1112.448486 0.000000 2089.746094
34775.250000 1112.448486 0.000000 2089.845947
34775.250000 1112.448486 0.000000 2089.944092
34775.250000 1112.448486 0.000000 2090.043945
34775.250000 1112.448486 0.000000 2090.135986
34775.250000 1112.448486 0.000000 2090.240967
34775.250000 1112.448486 0.000000 2090.335938
34775.250000 1112.448486 0.000000 2090.451904
34775.250000 1112.448486 0.000000 2090.542969
34775.250000 1112.448486 0.000000 2090.641113
34775.250000 1112.448486 0.000000 2090.737061
34775.250000 1112.448486 0.000000 2090.841064
34775.250000 1112.448486 0.000000 2090.946045
34775.250000 1112.448486 0.000000 2091.048096
34775.250000 1112.448486 0.000000 2091.143066
34775.250000 1112.448486 0.000000 2091.242920
34775.250000 1112.448486 0.000000 2091.337891
34775.250000 1112.448486 0.000000 2091.447998
34775.250000 1112.448486 0.000000 2091.538086
34775.250000 1112.448486 0.000000 2091.637939
34775.250000 1112.448486 0.000000 2091.735107
34775.250000 1112.448486 0.000000 2091.837891
34775.250000 1112.448486 0.000000 2091.937988
34775.250000 1112.448486 0.000000 2092.043945
34775.250000 1112.448486 0.000000 2092.141113
34775.250000 1112.448486 0.000000 2092.239014
34775.250000 1112.448486 0.000000 2092.339111
34775.250000 1112.448486 0.000000 2092.438965
34775.250000 1112.448486 0.000000 2092.543945
34775.250000 1112.448486 0.000000 2092.645020
34775.250000 1112.448486 0.000000 2092.750000
34775.250000 1112.448486 0.000000 2092.844971
34775.250000 1112.448486 0.000000 2092.939941
34775.250000 1112.448486 0.000000 2093.033936
34775.250000 1112.448486 0.000000 2093.144043
34775.250000 1112.448486 0.000000 2093.239014
34775.250000 1112.448486 0.000000 2093.339111
34775.250000 1112.448486 0.000000 2093.438965
34775.250000 1112.448486 0.000000 2093.539062
34775.250000 1112.448486 0.000000 2093.638916
34775.250000 1112.448486 0.000000 2093.739014
34775.250000 1112.448486 0.000000 2093.833984
34775.250000 1112.448486 0.000000 2093.934082
34775.250000 1112.448486 0.000000 2094.039062
34775.250000 1112.448486 0.000000 2094.144043
34775.250000 1112.448486 0.000000 2094.239990
34775.250000 1112.448486 0.000000 2094.340088
34775.250000 1112.448486 0.000000 2094.438965
34775.250000 1112.448486 0.000000 2094.547119
34775.250000 1112.448486 0.000000 2094.652100
34775.250000 1112.448486 0.000000 2094.739014
34775.250000 1112.448486 0.000000 2094.843994
34775.250000 1112.448486 0.000000 2094.944092
34775.250000 1112.448486 0.000000 2095.039062
34775.250000 1112.448486 0.000000 2095.148926
34775.250000 1112.448486 0.000000 2095.250977
34775.250000 1112.448486 0.000000 2095.350098
34775.250000 1112.448486 0.000000 2095.451904
34775.250000 1112.448486 0.000000 2095.552002
34775.250000 1112.448486 0.000000 2095.644043
34775.250000 1112.448486 0.000000 2095.739014
34775.250000 1112.448486 0.000000 2095.851074
34775.250000 1112.448486 0.000000 2095.955078
34775.250000 1112.448486 0.000000 2096.052002
34775.250000 1112.448486 0.000000 2096.168945
34775.250000 1112.448486 0.000000 2096.354004
34775.250000 1112.448486 0.000000 2096.454102
34775.250000 1112.448486 0.000000 2096.553955
34775.250000 1112.448486 0.000000 2096.654053
34775.250000 1112.448486 0.000000 2096.758057
34775.250000 1112.448486 0.000000 2096.853027
34775.250000 1112.448486 0.000000 2096.944092
34775.250000 1112.448486 0.000000 2097.049072
34775.250000 1112.448486 0.000000 2097.148926
34775.250000 1112.448486 0.000000 2097.239990
34775.250000 1112.448486 0.000000 2097.360107
34775.250000 1112.448486 0.000000 2097.467041
34775.250000 1112.448486 0.000000 2097.665039
34775.250000 1112.448486 0.000000 2097.763916
34775.250000 1112.448486 0.000000 2097.871094
34775.250000 1112.448486 0.000000 2098.061035
34775.250000 1112.448486 0.000000 2098.156006
34775.250000 1112.448486 0.000000 2098.367920
34775.250000 1112.448486 0.000000 2098.555908
34775.250000 1112.448486 0.000000 2098.660889
34775.250000 1112.448486 0.000000 2098.766113
34775.250000 1112.448486 0.000000 2098.871094
34775.250000 1112.448486 0.000000 2099.071045
34775.250000 1112.448486 0.000000 2099.260986
34775.250000 1112.448486 0.000000 2099.365967
34775.250000 1112.448486 0.000000 2099.466064
34775.250000 1112.448486 0.000000 2099.565918
34775.250000 1112.448486 0.000000 2099.666016
34775.250000 1112.448486 0.000000 2099.766113
34775.250000 1112.448486 0.000000 2099.865967
34775.250000 1112.448486 0.000000 2099.966064
34775.250000 1112.448486 0.000000 2100.058105
34775.250000 1112.448486 0.000000 2100.150879
34775.250000 1112.448486 0.000000 2100.256104
34775.250000 1112.448486 0.000000 2100.366943
34775.250000 1112.448486 0.000000 2100.461914
34775.250000 1112.448486 0.000000 2100.561035
34775.250000 1112.448486 0.000000 2100.656006
34775.250000 1112.448486 0.000000 2100.762939
34775.250000 1112.448486 0.000000 2100.863037
34775.250000 1112.448486 0.000000 2100.959961
34775.250000 1112.448486 0.000000 2101.055908
34775.250000 1112.448486 0.000000 2101.156006
34775.375000 1112.448486 0.000000 2101.254883
34775.375000 1112.448486 0.000000 2101.468994
34775.375000 1112.448486 0.000000 2101.566895
34775.375000 1112.448486 0.000000 2101.659912
34775.375000 1112.448486 0.000000 2101.754883
34775.375000 1112.448486 0.000000 2101.856934
34775.375000 1112.448486 0.000000 2101.955078
34775.375000 1112.448486 0.000000 2102.054932
34775.375000 1112.448486 0.000000 2102.160889
34775.375000 1112.448486 0.000000 2102.260986
34775.375000 1112.448486 0.000000 2102.354980
34775.375000 1112.448486 0.000000 2102.460938
34775.375000 1112.448486 0.000000 2102.560059
34775.375000 1112.448486 0.000000 2102.666992
34775.375000 1112.448486 0.000000 2102.780029
34775.375000 1112.448486 0.000000 2102.968018
34775.375000 1112.448486 0.000000 2103.072998
34775.375000 1112.448486 0.000000 2103.166016
34775.375000 1112.448486 0.000000 2103.252930
34775.375000 1112.448486 0.000000 2103.364014
34775.375000 1112.448486 0.000000 2103.458984
34775.375000 1112.448486 0.000000 2103.552979
34775.375000 1112.448486 0.000000 2103.667969
34775.375000 1112.448486 0.000000 2103.763916
34775.375000 1112.448486 0.000000 2103.853027
34775.375000 1112.448486 0.000000 2103.971924
34775.375000 1112.448486 0.000000 2104.055908
34775.375000 1112.448486 0.000000 2104.156006
34775.375000 1112.448486 0.000000 2104.266113
34775.375000 1112.448486 0.000000 2104.361084
34775.375000 1112.448486 0.000000 2104.460938
34775.375000 1112.448486 0.000000 2104.555908
34775.375000 1112.448486 0.000000 2104.665039
34775.375000 1112.448486 0.000000 2104.766113
34775.375000 1112.448486 0.000000 2104.865967
34775.375000 1112.448486 0.000000 2104.958984
34775.375000 1112.448486 0.000000 2105.061035
34775.375000 1112.448486 0.000000 2105.160889
34775.375000 1112.448486 0.000000 2105.260986
34775.375000 1112.448486 0.000000 2105.362061
34775.375000 1112.448486 0.000000 2105.469971
34775.375000 1112.448486 0.000000 2105.565918
34775.375000 1112.448486 0.000000 2105.664062
34775.375000 1112.448486 0.000000 2105.766113
34775.375000 1112.448486 0.000000 2105.868896
34775.375000 1112.448486 0.000000 2105.968994
34775.375000 1112.448486 0.000000 2106.076904
34775.375000 1112.448486 0.000000 2106.178955
34775.375000 1112.448486 0.000000 2106.273926
34775.375000 1112.448486 0.000000 2106.368896
34775.375000 1112.448486 0.000000 2106.474121
34775.375000 1112.448486 0.000000 2106.579102
34775.375000 1112.448486 0.000000 2106.678955
34775.375000 1112.448486 0.000000 2106.779053
34775.375000 1112.448486 0.000000 2106.871094
34775.375000 1112.448486 0.000000 2106.964111
34775.375000 1112.448486 0.000000 2107.063965
34775.375000 1112.448486 0.000000 2107.162109
34775.375000 1112.448486 0.000000 2107.277100
34775.375000 1112.448486 0.000000 2107.382080
34775.375000 1112.448486 0.000000 2107.475098
34775.375000 1112.448486 0.000000 2107.574951
34775.375000 1112.448486 0.000000 2107.669922
34775.375000 1112.448486 0.000000 2107.767090
34775.375000 1112.448486 0.000000 2107.868896
34775.375000 1112.448486 0.000000 2107.972900
34775.375000 1112.448486 0.000000 2108.066895
34775.375000 1112.448486 0.000000 2108.166992
34775.375000 1112.448486 0.000000 2108.281982
34775.375000 1112.448486 0.000000 2108.371094
34775.375000 1112.448486 0.000000 2108.462891
34775.375000 1112.448486 0.000000 2108.571045
34775.375000 1112.448486 0.000000 2108.677979
34775.375000 1112.448486 0.000000 2108.788086
34775.375000 1112.448486 0.000000 2108.871094
34775.375000 1112.448486 0.000000 2108.976074
34775.375000 1112.448486 0.000000 2109.072021
34775.375000 1112.448486 0.000000 2109.170898
34775.375000 1112.448486 0.000000 2109.272949
34775.375000 1112.448486 0.000000 2109.371094
34775.375000 1112.448486 0.000000 2109.582031
34775.375000 1112.448486 0.000000 2109.676025
34775.375000 1112.448486 0.000000 2109.777100
34775.375000 1112.448486 0.000000 2109.871094
34775.375000 1112.448486 0.000000 2109.976074
34775.375000 1112.448486 0.000000 2110.075928
34775.375000 1112.448486 0.000000 2110.178955
34775.375000 1112.448486 0.000000 2110.281982
34775.375000 1112.448486 0.000000 2110.371094
34775.375000 1112.448486 0.000000 2110.470947
34775.375000 1112.448486 0.000000 2110.575928
34775.375000 1112.448486 0.000000 2110.676025
34775.375000 1112.448486 0.000000 2110.770996
34775.375000 1112.448486 0.000000 2110.874023
34775.375000 1112.448486 0.000000 2110.974121
34775.375000 1112.448486 0.000000 2111.072021
34775.375000 1112.448486 0.000000 2111.183105
34775.375000 1112.448486 0.000000 2111.287109
34775.375000 1112.448486 0.000000 2111.382080
34775.375000 1112.448486 0.000000 2111.487061
34775.375000 1112.448486 0.000000 2111.592041
34775.375000 1112.448486 0.000000 2111.787109
34775.375000 1112.448486 0.000000 2111.882080
34775.375000 1112.448486 0.000000 2111.968994
34775.375000 1112.448486 0.000000 2112.070068
34775.375000 1112.448486 0.000000 2112.174072
34775.375000 1112.448486 0.000000 2112.279053
34775.375000 1112.448486 0.000000 2112.371094
34775.375000 1112.448486 0.000000 2112.475098
34775.375000 1112.448486 0.000000 2112.573975
34775.375000 1112.448486 0.000000 2112.687012
34775.375000 1112.448486 0.000000 2112.785889
34775.375000 1112.448486 0.000000 2112.876953
34775.375000 1112.448486 0.000000 2112.980957
34775.375000 1112.448486 0.000000 2113.070068
34775.375000 1112.448486 0.000000 2113.176025
34775.375000 1112.448486 0.000000 2113.272949
34775.375000 1112.448486 0.000000 2113.379883
34775.375000 1112.448486 0.000000 2113.483887
34775.375000 1112.448486 0.000000 2113.572998
34775.375000 1112.448486 0.000000 2113.679932
34775.375000 1112.448486 0.000000 2113.779053
34775.375000 1112.448486 0.000000 2113.875000
34775.375000 1112.448486 0.000000 2113.978027
34775.375000 1112.448486 0.000000 2114.070068
34775.375000 1112.448486 0.000000 2114.175049
34775.375000 1112.448486 0.000000 2114.283936
34775.375000 1112.448486 0.000000 2114.378906
34775.375000 1112.448486 0.000000 2114.479004
34775.375000 1112.448486 0.000000 2114.580078
34775.375000 1112.448486 0.000000 2114.679932
34775.375000 1112.448486 0.000000 2114.787109
34775.375000 1112.448486 0.000000 2114.886963
34775.375000 1112.448486 0.000000 2114.969971
34775.375000 1112.448486 0.000000 2115.072021
34775.375000 1112.448486 0.000000 2115.172119
34775.375000 1112.448486 0.000000 2115.279053
34775.375000 1112.448486 0.000000 2115.372070
34775.375000 1112.448486 0.000000 2115.478027
34775.375000 1112.448486 0.000000 2115.573975
34775.375000 1112.448486 0.000000 2115.678955
34775.375000 1112.448486 0.000000 2115.783936
34775.375000 1112.448486 0.000000 2115.878906
34775.375000 1112.448486 0.000000 2115.981934
34775.375000 1112.448486 0.000000 2116.083008
34775.375000 1112.448486 0.000000 2116.183105
34775.375000 1112.448486 0.000000 2116.282959
34775.375000 1112.448486 0.000000 2116.383057
34775.375000 1112.448486 0.000000 2116.479004
34775.375000 1112.448486 0.000000 2116.574951
34775.375000 1112.448486 0.000000 2116.686035
34775.375000 1112.448486 0.000000 2116.783936
34775.375000 1112.448486 0.000000 2116.888916
34775.375000 1112.448486 0.000000 2116.979980
34775.375000 1112.448486 0.000000 2117.073975
34775.375000 1112.448486 0.000000 2117.178955
34775.375000 1112.448486 0.000000 2117.281006
34775.375000 1112.448486 0.000000 2117.378906
34775.375000 1112.448486 0.000000 2117.478027
34775.375000 1112.448486 0.000000 2117.572998
34775.375000 1112.448486 0.000000 2117.676025
34775.375000 1112.448486 0.000000 2117.782959
34775.375000 1112.448486 0.000000 2117.883057
34775.375000 1112.448486 0.000000 2117.982910
34775.375000 1112.448486 0.000000 2118.077881
34775.375000 1112.448486 0.000000 2118.177979
34775.375000 1112.448486 0.000000 2118.283936
34775.375000 1112.448486 0.000000 2118.388916
34775.375000 1112.448486 0.000000 2118.498047
34775.375000 1112.448486 0.000000 2118.593018
34775.375000 1112.448486 0.000000 2118.714111
34775.375000 1112.448486 0.000000 2118.809082
34775.375000 1112.448486 0.000000 2118.909912
34775.375000 1112.448486 0.000000 2118.993896
34775.375000 1112.448486 0.000000 2119.104004
34775.375000 1112.448486 0.000000 2119.198975
34775.375000 1112.448486 0.000000 2119.299072
34775.375000 1112.448486 0.000000 2119.414062
34775.375000 1112.448486 0.000000 2119.499023
34775.375000 1112.448486 0.000000 2119.604980
34775.375000 1112.448486 0.000000 2119.708984
34775.375000 1112.448486 0.000000 2119.809082
34775.375000 1112.448486 0.000000 2119.908936
34775.375000 1112.448486 0.000000 2120.014893
34775.375000 1112.448486 0.000000 2120.108887
34775.375000 1112.448486 0.000000 2120.208984
34775.375000 1112.448486 0.000000 2120.319092
34775.375000 1112.448486 0.000000 2120.430908
34775.375000 1112.448486 0.000000 2120.511963
34775.375000 1112.448486 0.000000 2120.620117
34775.375000 1112.448486 0.000000 2120.710938
34775.375000 1112.448486 0.000000 2120.816895
34775.375000 1112.448486 0.000000 2120.917969
34775.375000 1112.448486 0.000000 2121.017090
34775.375000 1112.448486 0.000000 2121.106934
34775.375000 1112.448486 0.000000 2121.207031
34775.375000 1112.448486 0.000000 2121.312988
34775.375000 1112.448486 0.000000 2121.406982
34775.375000 1112.448486 0.000000 2121.532959
34775.375000 1112.448486 0.000000 2121.614014
34775.375000 1112.448486 0.000000 2121.708008
34775.375000 1112.448486 0.000000 2121.812012
34775.375000 1112.448486 0.000000 2121.918945
34775.375000 1112.448486 0.000000 2122.009033
34775.375000 1112.448486 0.000000 2122.108887
34775.375000 1112.448486 0.000000 2122.208984
34775.375000 1112.448486 0.000000 2122.325928
34775.375000 1112.448486 0.000000 2122.408936
34775.375000 1112.448486 0.000000 2122.510010
34775.375000 1112.448486 0.000000 2122.618896
34775.375000 1112.448486 0.000000 2122.717041
34775.375000 1112.448486 0.000000 2122.811035
34775.375000 1112.448486 0.000000 2122.913086
34775.375000 1112.448486 0.000000 2123.006104
34775.375000 1112.448486 0.000000 2123.111084
34775.375000 1112.448486 0.000000 2123.206055
34775.375000 1112.448486 0.000000 2123.305908
34775.375000 1112.448486 0.000000 2123.410889
34775.375000 1112.448486 0.000000 2123.506104
34775.375000 1112.448486 0.000000 2123.621094
34775.375000 1112.448486 0.000000 2123.709961
34775.375000 1112.448486 0.000000 2123.821045
34775.375000 1112.448486 0.000000 2123.916992
34775.375000 1112.448486 0.000000 2124.010010
34775.375000 1112.448486 0.000000 2124.114014
34775.375000 1112.448486 0.000000 2124.216064
34775.375000 1112.448486 0.000000 2124.308105
34775.375000 1112.448486 0.000000 2124.413086
34775.375000 1112.448486 0.000000 2124.518066
34775.375000 1112.448486 0.000000 2124.616943
34775.375000 1112.448486 0.000000 2124.708008
34775.375000 1112.448486 0.000000 2124.816895
34775.375000 1112.448486 0.000000 2124.915039
34775.375000 1112.448486 0.000000 2125.004883
34775.375000 1112.448486 0.000000 2125.114990
34775.375000 1112.448486 0.000000 2125.214111
34775.375000 1112.448486 0.000000 2125.319092
34775.375000 1112.448486 0.000000 2125.409912
34775.375000 1112.448486 0.000000 2125.518066
34775.375000 1112.448486 0.000000 2125.607910
34775.375000 1112.448486 0.000000 2125.711914
34775.375000 1112.448486 0.000000 2125.811035
34775.375000 1112.448486 0.000000 2125.917969
34775.375000 1112.448486 0.000000 2126.018066
34775.375000 1112.448486 0.000000 2126.115967
34775.375000 1112.448486 0.000000 2126.215088
34775.375000 1112.448486 0.000000 2126.322998
34775.375000 1112.448486 0.000000 2126.417969
34775.375000 1112.448486 0.000000 2126.517090
34775.375000 1112.448486 0.000000 2126.620117
34775.375000 1112.448486 0.000000 2126.712891
34775.375000 1112.448486 0.000000 2126.814941
34775.375000 1112.448486 0.000000 2126.928955
34775.375000 1112.448486 0.000000 2127.020020
34775.375000 1112.448486 0.000000 2127.114014
34775.375000 1112.448486 0.000000 2127.212891
34775.375000 1112.448486 0.000000 2127.312988
34775.375000 1112.448486 0.000000 2127.413086
34775.375000 1112.448486 0.000000 2127.518066
