281.875000 0.000000 0.000000 1.415000
287.125000 0.000000 0.000000 1.515000
289.625000 0.000000 0.000000 1.615000
291.625000 0.000000 0.000000 1.715000
293.125000 0.000000 0.000000 1.815000
294.125000 0.000000 0.000000 1.915000
294.625000 0.000000 0.000000 2.015000
295.500000 0.000000 0.000000 2.115000
295.875000 0.000000 0.000000 2.215000
296.375000 0.000000 0.000000 2.315000
296.500000 0.000000 0.000000 2.415000
296.625000 0.000000 0.000000 2.515000
297.250000 0.000000 0.000000 2.605000
297.500000 0.000000 0.000000 2.715000
297.875000 0.000000 0.000000 2.815000
298.250000 0.000000 0.000000 2.915000
298.375000 0.000000 0.000000 3.015000
298.625000 0.000000 0.000000 3.115000
298.750000 0.000000 0.000000 3.215000
298.750000 0.000000 0.000000 3.315000
299.375000 0.000000 0.000000 3.400000
299.500000 0.000000 0.000000 3.515000
299.625000 0.000000 0.000000 3.615000
299.625000 0.000000 0.000000 3.715000
299.875000 0.000000 0.000000 3.815000
300.125000 0.000000 0.000000 3.915000
300.250000 0.000000 0.000000 4.015000
300.625000 0.000000 0.000000 4.115000
300.875000 0.000000 0.000000 4.215000
301.250000 0.000000 0.000000 4.315000
301.250000 0.000000 0.000000 4.415000
301.250000 0.000000 0.000000 4.515000
301.250000 0.000000 0.000000 4.615000
301.500000 0.000000 0.000000 4.715000
301.625000 0.000000 0.000000 4.815000
301.625000 0.000000 0.000000 4.915000
301.875000 0.000000 0.000000 5.015000
301.875000 0.000000 0.000000 5.115000
301.875000 0.000000 0.000000 5.215000
302.000000 0.000000 0.000000 5.315000
302.125000 0.000000 0.000000 5.415000
302.125000 0.000000 0.000000 5.515000
302.500000 0.000000 0.000000 5.615000
302.500000 0.000000 0.000000 5.715000
302.625000 0.000000 0.000000 5.815000
302.750000 0.000000 0.000000 5.915000
302.750000 0.000000 0.000000 6.016000
302.750000 0.000000 0.000000 6.115000
303.000000 0.000000 0.000000 6.215000
303.250000 0.000000 0.000000 6.315000
303.250000 0.000000 0.000000 6.415000
303.250000 0.000000 0.000000 6.515000
303.250000 0.000000 0.000000 6.615000
303.375000 0.000000 0.000000 6.715000
303.375000 0.000000 0.000000 6.815000
303.375000 0.000000 0.000000 6.915000
303.500000 0.000000 0.000000 7.015000
303.500000 0.000000 0.000000 7.115000
303.500000 0.000000 0.000000 7.215000
303.625000 0.000000 0.000000 7.315000
303.750000 0.000000 0.000000 7.415000
303.875000 0.000000 0.000000 7.515000
303.875000 0.000000 0.000000 7.615000
303.875000 0.000000 0.000000 7.715000
303.875000 0.000000 0.000000 7.815000
303.875000 0.000000 0.000000 7.915000
303.875000 0.000000 0.000000 8.015000
303.875000 0.000000 0.000000 8.115000
303.875000 0.000000 0.000000 8.216000
303.875000 0.000000 0.000000 8.315000
303.875000 0.000000 0.000000 8.415000
303.875000 0.000000 0.000000 8.515000
303.875000 0.000000 0.000000 8.615000
304.000000 0.000000 0.000000 8.715000
304.125000 0.000000 0.000000 8.815000
304.125000 0.000000 0.000000 8.915000
304.125000 0.000000 0.000000 9.015000
304.125000 0.000000 0.000000 9.115000
304.125000 0.000000 0.000000 9.215000
304.125000 0.000000 0.000000 9.315000
304.125000 0.000000 0.000000 9.415000
304.250000 0.000000 0.000000 9.505000
304.250000 0.000000 0.000000 9.615000
304.250000 0.000000 0.000000 9.715000
304.250000 0.000000 0.000000 9.815000
304.250000 0.000000 0.000000 9.915000
304.250000 0.000000 0.000000 10.015000
304.375000 0.000000 0.000000 10.115000
304.375000 0.000000 0.000000 10.215000
304.375000 0.000000 0.000000 10.315000
304.375000 0.000000 0.000000 10.415000
304.375000 0.000000 0.000000 10.515000
304.375000 0.000000 0.000000 10.610000
304.500000 0.000000 0.000000 10.715000
304.625000 0.000000 0.000000 10.815000
304.625000 0.000000 0.000000 10.915000
304.625000 0.000000 0.000000 11.015000
304.625000 0.000000 0.000000 11.115000
304.625000 0.000000 0.000000 11.215000
304.625000 0.000000 0.000000 11.305000
304.875000 0.000000 0.000000 11.405000
304.875000 0.000000 0.000000 11.515000
305.000000 0.000000 0.000000 11.605000
305.000000 0.000000 0.000000 11.705000
305.125000 0.000000 0.000000 11.810000
305.125000 0.000000 0.000000 11.905000
305.250000 0.000000 0.000000 12.015000
305.250000 0.000000 0.000000 12.115000
305.250000 0.000000 0.000000 12.215000
305.250000 0.000000 0.000000 12.300000
305.250000 0.000000 0.000000 12.410000
305.750000 0.000000 0.000000 12.521000
305.750000 0.000000 0.000000 12.616000
305.750000 0.000000 0.000000 12.722000
305.750000 0.000000 0.000000 12.817000
305.750000 0.000000 0.000000 12.917000
305.750000 0.000000 0.000000 13.017000
305.750000 0.000000 0.000000 13.117000
305.750000 0.000000 0.000000 13.217000
305.750000 0.000000 0.000000 13.317000
305.750000 0.000000 0.000000 13.417000
305.750000 0.000000 0.000000 13.517000
305.750000 0.000000 0.000000 13.619000
305.750000 0.000000 0.000000 13.718000
305.750000 0.000000 0.000000 13.817000
388.000000 0.000000 0.324000 13.917000
438.500000 0.000000 0.324000 14.017000
465.625000 0.000000 0.324000 14.117000
479.375000 0.000000 0.324000 14.217000
502.000000 0.000000 0.324000 14.317000
527.500000 0.204859 0.324000 14.417000
556.125000 0.204859 0.324000 14.517000
589.750000 0.427513 0.324000 14.617000
623.250000 0.629814 0.324000 14.717000
657.250000 0.839890 0.217000 14.817000
687.875000 1.049825 0.217000 14.917000
717.875000 1.250963 0.217000 15.017000
747.500000 1.452211 0.217000 15.117000
778.750000 1.653335 0.217000 15.217000
804.375000 1.854560 0.217000 15.317000
830.125000 2.055796 0.217000 15.417000
855.375000 2.267149 0.217000 15.522000
874.625000 2.468647 0.217000 15.617000
894.125000 2.669897 0.217000 15.717000
914.125000 2.871148 0.266000 15.819000
931.375000 3.081260 0.266000 15.918000
954.875000 3.282508 0.266000 16.017000
974.375000 3.483883 0.266000 16.117001
992.375000 3.685057 0.266000 16.216999
1010.250000 3.886308 0.266000 16.316999
1029.625000 4.087558 0.266000 16.417000
1047.750000 4.288934 0.266000 16.517000
1065.250000 4.490311 0.266000 16.617001
1083.875000 4.691521 0.266000 16.716999
1103.500000 4.892925 0.270000 16.816999
1119.000000 5.102792 0.270000 16.917000
1138.625000 5.303941 0.270000 17.018000
1153.750000 5.505190 0.270000 17.117001
1168.750000 5.706367 0.270000 17.216999
1182.625000 5.907369 0.270000 17.316999
1195.250000 6.108745 0.270000 17.417000
1208.000000 6.309978 0.270000 17.517000
1223.250000 6.511159 0.270000 17.617001
1238.125000 6.712510 0.270000 17.716999
1252.625000 6.915716 0.253000 17.816999
1269.375000 7.118461 0.253000 17.917000
1283.625000 7.118461 0.253000 18.017000
1295.875000 7.321394 0.253000 18.117001
1306.000000 7.523413 0.253000 18.216999
1314.625000 7.523413 0.253000 18.316999
1322.250000 7.740991 0.253000 18.417000
1334.125000 7.943339 0.253000 18.517000
1345.625000 7.943339 0.253000 18.617001
1357.250000 8.143416 0.253000 18.716999
1370.500000 8.352792 0.240000 18.816999
1380.625000 8.618134 0.240000 18.924000
1392.375000 8.819503 0.240000 19.024000
1404.750000 9.020733 0.240000 19.124001
1416.250000 9.232092 0.240000 19.216999
1428.375000 9.439594 0.240000 19.322001
1440.875000 9.640837 0.240000 19.417999
1455.625000 9.842002 0.240000 19.517000
1467.500000 10.043295 0.240000 19.617001
1481.500000 10.244512 0.240000 19.716999
1496.000000 10.445778 0.242000 19.816999
1508.875000 10.655454 0.242000 19.917000
1523.500000 10.876926 0.242000 20.017000
1537.750000 11.088298 0.242000 20.122000
1551.625000 11.289423 0.242000 20.218000
1565.500000 11.500638 0.242000 20.316999
1578.875000 11.701885 0.242000 20.417000
1596.000000 11.903149 0.242000 20.517000
1613.875000 12.104269 0.242000 20.622000
1628.750000 12.305491 0.242000 20.716999
1647.875000 12.506876 0.241000 20.816999
1664.000000 12.720787 0.241000 20.917000
1682.500000 12.928347 0.241000 21.017000
1701.125000 13.129597 0.241000 21.117001
1716.875000 13.330904 0.241000 21.216999
1734.500000 13.532191 0.241000 21.316999
1753.375000 13.733441 0.241000 21.417000
1772.375000 13.934688 0.241000 21.511999
1790.625000 14.136059 0.241000 21.617001
1810.375000 14.337268 0.241000 21.718000
1830.375000 14.538650 0.289000 21.816999
1849.625000 14.739995 0.289000 21.917000
1870.000000 14.941222 0.289000 22.017000
1891.500000 15.142475 0.289000 22.117001
1913.250000 15.343725 0.289000 22.216999
1934.625000 15.544979 0.289000 22.316999
1953.500000 15.746306 0.289000 22.407000
1972.125000 15.947558 0.289000 22.517000
1990.875000 16.148836 0.289000 22.617001
2009.875000 16.350088 0.289000 22.718000
2028.750000 16.551323 0.289000 22.816999
2046.375000 16.752598 0.310000 22.917000
2062.750000 16.953777 0.310000 23.017000
2079.625000 17.155022 0.310000 23.118999
2100.250000 17.356268 0.310000 23.216999
2119.250000 17.557512 0.310000 23.316999
2137.875000 17.758707 0.310000 23.417000
2153.750000 17.960026 0.310000 23.511999
2173.125000 18.161270 0.310000 23.617001
2190.625000 18.362516 0.310000 23.716999
2209.375000 18.565771 0.310000 23.819000
2240.375000 18.766062 0.319000 23.917000
2259.500000 18.766062 0.319000 24.018999
2276.000000 18.971308 0.319000 24.117001
2286.875000 19.177347 0.319000 24.216999
2301.250000 19.177347 0.319000 24.312000
2312.875000 19.404739 0.319000 24.417000
2324.625000 19.404739 0.319000 24.517000
2341.500000 19.609940 0.319000 24.597000
2353.875000 19.741526 0.319000 24.723000
2362.875000 19.741526 0.319000 24.816999
2375.875000 19.942350 0.320000 24.917000
2385.125000 19.942350 0.320000 25.017000
2394.375000 20.149536 0.320000 25.117001
2404.625000 20.149536 0.320000 25.218000
2413.875000 20.373652 0.320000 25.316999
2423.000000 20.596487 0.320000 25.417000
2432.750000 20.803028 0.320000 25.518000
2440.375000 21.004223 0.320000 25.618000
2450.375000 21.204760 0.320000 25.726000
2458.500000 21.407227 0.320000 25.820999
2473.875000 21.407227 0.311000 25.926001
2482.625000 21.612494 0.311000 26.025999
2491.750000 21.813990 0.311000 26.118999
2502.500000 22.017994 0.311000 26.218000
2513.000000 22.017994 0.311000 26.318001
2527.375000 22.220572 0.311000 26.417999
2540.000000 22.441198 0.311000 26.518000
2552.250000 22.601332 0.311000 26.618000
2561.125000 22.733013 0.311000 26.718000
2567.250000 22.825565 0.311000 26.819000
2573.375000 22.825565 0.287000 26.913000
2580.375000 22.885109 0.287000 27.018000
2585.250000 22.912970 0.287000 27.118000
2589.000000 22.913219 0.287000 27.212999
2591.625000 22.913219 0.287000 27.318001
2593.625000 22.913919 0.287000 27.417999
2594.000000 22.915094 0.287000 27.518000
2596.625000 22.915094 0.287000 27.618000
2597.500000 22.915094 0.287000 27.718000
2599.125000 22.931807 0.264000 27.818001
2602.000000 22.931807 0.264000 27.903000
2604.000000 22.931807 0.264000 28.018000
2606.625000 22.931807 0.264000 28.118000
2609.125000 23.134146 0.264000 28.218000
2612.875000 23.134146 0.264000 28.318001
2616.500000 23.337971 0.264000 28.417999
2621.875000 23.542721 0.264000 28.507999
2628.625000 23.748953 0.264000 28.618000
2634.750000 23.950205 0.264000 28.718000
2645.000000 24.151304 0.241000 28.818001
2654.750000 24.351902 0.241000 28.917999
2666.625000 24.553007 0.241000 29.018000
2679.625000 24.754307 0.241000 29.118000
2690.875000 24.955482 0.241000 29.218000
2700.500000 25.156683 0.241000 29.318001
2712.125000 25.357681 0.241000 29.417999
2725.500000 25.558929 0.241000 29.518000
2741.250000 25.760178 0.241000 29.618000
2754.250000 25.963301 0.241000 29.714001
2768.500000 25.963301 0.241000 29.813000
2786.250000 26.172449 0.285000 29.917999
2797.875000 26.416107 0.285000 30.024000
2808.625000 26.635572 0.285000 30.118000
2818.000000 26.635572 0.285000 30.218000
2827.500000 26.848576 0.285000 30.318001
2838.125000 27.052551 0.285000 30.417999
2847.750000 27.278749 0.285000 30.518000
2858.125000 27.499996 0.285000 30.618000
2872.500000 27.711248 0.285000 30.723000
2884.875000 27.912506 0.285000 30.818001
2899.750000 28.115688 0.306000 30.917999
2912.500000 28.115688 0.306000 31.018000
2926.625000 28.318115 0.306000 31.118000
2935.500000 28.532112 0.306000 31.218000
2942.875000 28.532112 0.306000 31.318001
2950.125000 28.724363 0.306000 31.417999
2956.625000 28.724363 0.306000 31.518000
2963.875000 28.927366 0.306000 31.618000
2972.625000 28.927366 0.306000 31.718000
2980.125000 29.129433 0.297000 31.818001
2991.625000 29.352018 0.297000 31.908001
3004.375000 29.558113 0.297000 32.018002
3014.625000 29.759348 0.297000 32.118000
3026.250000 29.960550 0.297000 32.217999
3036.375000 30.161652 0.297000 32.318001
3048.750000 30.362755 0.297000 32.417999
3057.500000 30.563980 0.297000 32.518002
3067.750000 30.765108 0.297000 32.618000
3076.875000 30.966370 0.297000 32.717999
3086.875000 31.167595 0.297000 32.823002
3097.125000 31.369026 0.306000 32.917999
3108.875000 31.570307 0.306000 33.018002
3118.875000 31.771431 0.306000 33.108002
3129.500000 31.972689 0.306000 33.217999
3138.375000 32.173962 0.306000 33.318001
3147.875000 32.375237 0.306000 33.417999
3159.625000 32.576355 0.306000 33.518002
3171.500000 32.777573 0.306000 33.618000
3182.625000 32.978695 0.306000 33.717999
3193.875000 33.179993 0.306000 33.818001
3209.000000 33.387608 0.306000 33.917999
3221.750000 33.594826 0.306000 34.018002
3230.625000 33.796062 0.306000 34.118000
3241.250000 33.997299 0.306000 34.217999
3252.750000 34.198433 0.306000 34.307999
3262.375000 34.399654 0.306000 34.417999
3271.875000 34.600773 0.306000 34.522999
3280.250000 34.801991 0.306000 34.618000
3289.750000 35.003246 0.306000 34.717999
3300.875000 35.206455 0.306000 34.819000
3312.250000 35.415672 0.303000 34.917999
3321.500000 35.616928 0.303000 35.018002
3329.375000 35.818165 0.303000 35.118000
3337.875000 36.019253 0.303000 35.213001
3347.875000 36.019253 0.303000 35.318001
3366.750000 36.227989 0.303000 35.417999
3375.250000 36.429558 0.303000 35.518002
3382.875000 36.633537 0.303000 35.618000
3389.875000 36.889542 0.303000 35.723000
3397.750000 37.090889 0.303000 35.807999
3409.375000 37.293983 0.287000 35.928001
3419.500000 37.499523 0.287000 36.026001
3427.625000 37.499523 0.287000 36.125999
3432.750000 37.722439 0.287000 36.216000
3438.625000 37.722439 0.287000 36.326000
3442.625000 37.924057 0.287000 36.425999
3446.625000 37.924057 0.287000 36.523998
3451.625000 37.924057 0.287000 36.609001
3455.250000 38.068829 0.287000 36.723999
3457.625000 38.068829 0.287000 36.813000
3461.875000 38.272491 0.271000 36.918999
3465.875000 38.272491 0.271000 37.018002
3470.500000 38.477943 0.271000 37.103001
3475.750000 38.706448 0.271000 37.217999
3481.250000 38.909920 0.271000 37.318001
3487.125000 39.111153 0.271000 37.417999
3492.500000 39.312401 0.271000 37.518002
3498.500000 39.513638 0.271000 37.608002
3504.375000 39.714867 0.271000 37.708000
3511.000000 39.915989 0.271000 37.818001
3525.000000 40.118130 0.276000 37.917999
3534.500000 40.118130 0.276000 38.018002
3542.750000 40.308372 0.276000 38.108002
3550.875000 40.489433 0.276000 38.217999
3556.125000 40.608017 0.276000 38.318001
3561.250000 40.696392 0.276000 38.412998
3566.875000 40.747353 0.276000 38.507999
3569.250000 40.747353 0.276000 38.618000
3570.000000 40.768055 0.276000 38.717999
3573.875000 40.768608 0.276000 38.818001
3575.375000 40.768608 0.310000 38.912998
3576.125000 40.768608 0.310000 39.018002
3577.875000 40.773720 0.310000 39.118000
3579.000000 40.773720 0.310000 39.217999
3581.625000 40.773720 0.310000 39.318001
3583.000000 40.842091 0.310000 39.417999
3585.125000 40.842091 0.310000 39.502998
3588.625000 41.046009 0.310000 39.618000
3592.375000 41.046009 0.310000 39.717999
3597.000000 41.246437 0.258000 39.818001
3602.125000 41.458508 0.258000 39.908001
3610.125000 41.662178 0.258000 40.013000
3615.375000 41.662178 0.258000 40.118000
3621.500000 41.864502 0.258000 40.202999
3627.375000 42.106361 0.258000 40.307999
3634.500000 42.309380 0.258000 40.417999
3642.875000 42.516926 0.258000 40.502998
3651.375000 42.725212 0.258000 40.623001
3657.375000 42.934437 0.258000 40.717999
3663.500000 43.135544 0.258000 40.818001
3672.000000 43.338779 0.276000 40.917999
3680.750000 43.548107 0.276000 41.018002
3689.375000 43.548107 0.276000 41.118000
3696.375000 43.788811 0.276000 41.202999
3704.500000 44.007542 0.276000 41.323002
3712.875000 44.214855 0.276000 41.417999
3720.625000 44.416103 0.276000 41.518002
3728.750000 44.617348 0.276000 41.603001
3737.875000 44.818539 0.276000 41.713001
3747.000000 45.019772 0.265000 41.818001
3754.000000 45.229259 0.265000 41.908001
3761.000000 45.485203 0.265000 42.018002
3769.125000 45.691406 0.265000 42.103001
3776.875000 45.892456 0.265000 42.217999
3784.125000 46.095787 0.265000 42.303001
3791.750000 46.298107 0.265000 42.412998
3800.250000 46.298107 0.265000 42.507999
3809.875000 46.705307 0.265000 42.624001
3818.125000 46.705307 0.265000 42.723000
3828.125000 46.912754 0.274000 42.823002
3836.250000 47.115799 0.274000 42.917999
3844.375000 47.330753 0.274000 43.013000
3853.375000 47.531864 0.274000 43.118000
3860.125000 47.773396 0.274000 43.217999
3868.750000 47.974709 0.274000 43.303001
3878.000000 48.175945 0.274000 43.417999
3885.000000 48.377151 0.274000 43.507999
3891.125000 48.578495 0.274000 43.618000
3898.000000 48.779778 0.274000 43.723000
3905.750000 48.980968 0.274000 43.813000
3916.250000 49.181763 0.283000 43.912998
3924.375000 49.387440 0.283000 44.018002
3931.375000 49.617031 0.283000 44.108002
3939.500000 49.828259 0.283000 44.213001
3948.375000 50.029381 0.283000 44.313000
3955.000000 50.230652 0.283000 44.417999
3960.250000 50.431923 0.283000 44.498001
3968.000000 50.633011 0.283000 44.612999
3975.500000 50.834217 0.283000 44.717999
3982.375000 51.035461 0.283000 44.807999
3988.250000 51.236725 0.296000 44.912998
3994.125000 51.437897 0.296000 45.013000
4001.125000 51.639271 0.296000 45.118000
4007.875000 51.840488 0.296000 45.202999
4014.250000 52.041733 0.296000 45.307999
4021.625000 52.242931 0.296000 45.417999
4027.625000 52.444000 0.296000 45.502998
4035.125000 52.645119 0.296000 45.612999
4041.875000 52.846367 0.296000 45.723000
4048.375000 53.047562 0.296000 45.807999
4079.125000 53.255127 0.277000 45.917999
4086.875000 53.462234 0.277000 46.013000
4093.375000 53.663460 0.277000 46.118000
4099.750000 53.864708 0.277000 46.213001
4107.875000 54.065937 0.277000 46.320000
4115.125000 54.267166 0.277000 46.417999
4123.125000 54.468418 0.277000 46.507999
4130.375000 54.669678 0.277000 46.623001
4138.250000 54.870934 0.277000 46.717999
4143.500000 55.072311 0.258000 46.818001
4150.625000 55.072311 0.258000 46.903000
4157.750000 55.474636 0.258000 47.013000
4164.875000 55.474636 0.258000 47.103001
4172.750000 55.877090 0.258000 47.217999
4180.375000 55.877090 0.258000 47.298000
4187.500000 56.279572 0.258000 47.423000
4193.250000 56.480843 0.258000 47.513000
4200.625000 56.682079 0.258000 47.608002
4207.250000 56.883343 0.258000 47.713001
4216.500000 57.084568 0.258000 47.823002
4223.875000 57.285816 0.244000 47.923000
4231.625000 57.487064 0.244000 48.007999
4240.375000 57.688187 0.244000 48.108002
4249.375000 57.889393 0.244000 48.223000
4259.750000 58.090595 0.244000 48.323002
4271.375000 58.291801 0.244000 48.408001
4283.875000 58.493031 0.244000 48.507999
4298.250000 58.694225 0.244000 48.623001
4313.125000 58.899456 0.244000 48.723000
4328.000000 59.106682 0.241000 48.823002
4342.625000 59.307907 0.241000 48.912998
4355.000000 59.509132 0.241000 49.022999
4366.875000 59.710381 0.241000 49.124001
4380.000000 59.911514 0.241000 49.223000
4391.625000 60.112659 0.241000 49.323002
4405.250000 60.315876 0.241000 49.423000
4414.750000 60.525204 0.241000 49.522999
4423.375000 60.726460 0.241000 49.623001
4431.375000 60.927715 0.241000 49.723000
4438.000000 61.128948 0.267000 49.818001
4444.625000 61.128948 0.267000 49.903000
4449.875000 61.330280 0.267000 50.013000
4454.375000 61.732700 0.267000 50.123001
4459.625000 61.933926 0.267000 50.223000
4464.250000 62.135151 0.267000 50.323002
4468.375000 62.135151 0.267000 50.408001
4473.250000 62.537727 0.267000 50.523998
4477.750000 62.739006 0.267000 50.623001
4481.625000 62.940224 0.267000 50.723000
4487.000000 63.141479 0.267000 50.818001
4492.000000 63.342735 0.264000 50.923000
4497.625000 63.544128 0.264000 51.022999
4502.750000 63.745441 0.264000 51.123001
4507.625000 63.948708 0.264000 51.223000
4512.375000 64.158195 0.264000 51.323002
4516.250000 64.359436 0.264000 51.423000
4521.625000 64.359436 0.264000 51.507999
4525.375000 64.761955 0.264000 51.623001
4531.000000 64.963074 0.264000 51.723000
4537.875000 65.164330 0.255000 51.823002
4547.250000 65.164330 0.255000 51.923000
4554.250000 65.387581 0.255000 52.007999
4558.875000 65.616028 0.255000 52.112999
4562.000000 65.616028 0.255000 52.223000
4566.250000 65.817856 0.255000 52.323002
4570.500000 65.817856 0.255000 52.423000
4573.875000 66.048904 0.255000 52.522999
4577.125000 66.255836 0.255000 52.624001
4581.250000 66.255836 0.255000 52.719002
4585.750000 66.489517 0.255000 52.824001
4596.250000 66.697487 0.246000 52.924000
4604.750000 66.937248 0.246000 53.008999
4610.500000 67.102951 0.246000 53.124001
4617.375000 67.238159 0.246000 53.220001
4621.500000 67.238159 0.246000 53.324001
4624.875000 67.345512 0.246000 53.424000
4628.125000 67.410797 0.246000 53.508999
4631.625000 67.446144 0.246000 53.624001
4632.875000 67.446892 0.246000 53.723999
4634.625000 67.446892 0.246000 53.824001
4635.500000 67.448395 0.257000 53.924000
4636.000000 67.448395 0.257000 54.019001
4637.500000 67.448395 0.257000 54.118999
4639.750000 67.448395 0.257000 54.219002
4642.500000 67.663292 0.257000 54.319000
4646.375000 67.867554 0.257000 54.424000
4649.625000 67.867554 0.257000 54.504002
4653.250000 68.095039 0.257000 54.624001
4657.875000 68.297256 0.257000 54.709000
4662.000000 68.498543 0.206000 54.813999
4667.625000 68.699776 0.206000 54.924000
4673.125000 68.900749 0.206000 55.023998
4677.875000 69.101974 0.206000 55.104000
4683.500000 69.303215 0.206000 55.223999
4689.625000 69.514587 0.206000 55.324001
4696.000000 69.735970 0.206000 55.424000
4702.000000 69.937233 0.206000 55.525002
4709.000000 70.178642 0.206000 55.609001
4714.500000 70.389877 0.206000 55.714001
4719.250000 70.591164 0.206000 55.808998
4725.875000 70.792351 0.244000 55.918999
4732.625000 71.013649 0.244000 56.025002
4737.125000 71.214920 0.244000 56.109001
4741.750000 71.416168 0.244000 56.223999
4747.875000 71.617546 0.244000 56.324001
4755.000000 71.818695 0.244000 56.409000
4760.875000 72.019951 0.244000 56.508999
4767.125000 72.221062 0.244000 56.624001
4773.875000 72.422310 0.244000 56.703999
4780.875000 72.623558 0.243000 56.813999
4787.625000 72.824799 0.243000 56.909000
4792.625000 73.026077 0.243000 57.023998
4800.000000 73.227310 0.243000 57.118999
4808.125000 73.428314 0.243000 57.219002
4813.625000 73.629562 0.243000 57.320000
4820.125000 73.830826 0.243000 57.424000
4824.750000 74.032219 0.243000 57.514000
4832.375000 74.233482 0.243000 57.624001
4840.500000 74.434875 0.243000 57.723999
4848.750000 74.636139 0.243000 57.808998
4860.375000 74.838341 0.254000 57.924000
4868.375000 74.838341 0.254000 58.014000
4874.500000 75.043633 0.254000 58.124001
4883.375000 75.249977 0.254000 58.223999
4890.750000 75.455475 0.254000 58.324001
4900.875000 75.661690 0.254000 58.424000
4913.375000 75.861794 0.254000 58.504002
4923.500000 76.063133 0.254000 58.613998
4932.875000 76.264351 0.254000 58.709000
4946.250000 76.465584 0.254000 58.824001
4960.500000 76.666763 0.254000 58.924000
4976.125000 76.869995 0.254000 59.023998
4992.375000 77.073189 0.254000 59.110001
5007.250000 77.280617 0.254000 59.223999
5026.000000 77.481995 0.254000 59.324001
5042.875000 77.685547 0.254000 59.430000
5056.625000 77.891769 0.254000 59.525002
5078.750000 78.092819 0.254000 59.630001
5094.625000 78.092819 0.254000 59.723999
5104.125000 78.301689 0.254000 59.819000
5119.000000 78.528473 0.266000 59.914001
5137.500000 78.731941 0.266000 60.008999
5156.125000 78.933151 0.266000 60.124001
5175.250000 79.134270 0.266000 60.219002
5195.500000 79.335495 0.266000 60.324001
5213.875000 79.536751 0.266000 60.424000
5234.125000 79.737976 0.266000 60.504002
5250.625000 79.939224 0.266000 60.609001
5264.625000 80.140602 0.266000 60.723999
5282.125000 80.341881 0.266000 60.819000
5300.625000 80.542992 0.268000 60.914001
5319.375000 80.744263 0.268000 61.023998
5335.750000 80.947563 0.268000 61.124001
5350.250000 81.156815 0.268000 61.223999
5367.000000 81.358116 0.268000 61.319000
5382.125000 81.559364 0.268000 61.424000
5397.375000 81.760612 0.268000 61.508999
5412.875000 81.961845 0.268000 61.624001
5427.500000 82.162926 0.268000 61.723999
5444.750000 82.364136 0.268000 61.824001
5461.625000 82.565361 0.284000 61.924000
5478.500000 82.766617 0.284000 62.023998
5500.500000 82.967972 0.284000 62.118999
5516.375000 83.169250 0.284000 62.223999
5533.875000 83.370529 0.284000 62.313999
5552.125000 83.571777 0.284000 62.418999
5569.125000 83.773033 0.284000 62.523998
5586.875000 83.974411 0.284000 62.624001
5603.375000 84.175644 0.284000 62.709000
5625.250000 84.376900 0.284000 62.824001
5659.250000 84.582176 0.294000 62.924000
5679.750000 84.787849 0.294000 63.033001
5697.125000 84.989090 0.294000 63.127998
5715.875000 85.190331 0.294000 63.223000
5734.250000 85.190331 0.294000 63.318001
5749.500000 85.592690 0.294000 63.432999
5766.750000 85.592690 0.294000 63.518002
5782.125000 85.793808 0.294000 63.618000
5797.250000 86.196289 0.294000 63.728001
5812.000000 86.397278 0.294000 63.833000
5826.000000 86.598518 0.351000 63.932999
5846.000000 86.808388 0.351000 64.032997
5861.250000 87.009644 0.351000 64.133003
5874.375000 87.009644 0.351000 64.212997
5889.375000 87.412140 0.351000 64.333000
5901.625000 87.412140 0.351000 64.422997
5914.500000 87.814766 0.351000 64.528000
5927.125000 87.814766 0.351000 64.612999
5942.500000 88.217369 0.351000 64.733002
5956.250000 88.217369 0.351000 64.823997
5979.500000 88.420616 0.337000 64.925003
5994.500000 88.662506 0.337000 65.014000
6011.500000 88.901840 0.337000 65.124001
6027.000000 89.103050 0.337000 65.189003
6044.000000 89.304298 0.337000 65.314003
6059.875000 89.535797 0.337000 65.403999
6074.625000 89.747162 0.337000 65.509003
6100.125000 89.978630 0.337000 65.624001
6116.250000 90.179718 0.337000 65.709999
6133.125000 90.380966 0.337000 65.823997
6171.750000 90.582329 0.337000 65.924004
6190.625000 90.782814 0.337000 66.025002
6207.125000 90.782814 0.337000 66.088997
6227.125000 91.187248 0.337000 66.223999
6244.625000 91.396477 0.337000 66.308998
6268.625000 91.597702 0.337000 66.424004
6284.625000 91.798981 0.337000 66.509003
6303.125000 92.000359 0.337000 66.624001
6319.875000 92.201614 0.337000 66.723999
6336.875000 92.402740 0.337000 66.814003
6354.250000 92.608002 0.337000 66.911003
6374.875000 92.815186 0.377000 67.024002
6394.375000 93.016411 0.377000 67.124001
6408.000000 93.217659 0.377000 67.223999
6424.750000 93.419083 0.377000 67.324997
6441.000000 93.620338 0.377000 67.424004
6462.875000 93.821594 0.377000 67.514000
6480.375000 94.022865 0.377000 67.624001
6499.375000 94.224220 0.377000 67.713997
6523.125000 94.224220 0.377000 67.808998
6539.750000 94.626671 0.377000 67.924004
6562.125000 94.626671 0.389000 68.003998
6588.000000 95.039429 0.389000 68.124001
6611.250000 95.039429 0.389000 68.217003
6633.625000 95.447517 0.389000 68.332001
6652.000000 95.447517 0.389000 68.412003
6673.500000 95.850105 0.389000 68.522003
6691.375000 96.055260 0.389000 68.624001
6712.500000 96.256622 0.389000 68.723999
6733.375000 96.457855 0.389000 68.829002
6754.625000 96.457855 0.389000 68.914001
6778.875000 96.860184 0.379000 69.024002
6803.250000 96.860184 0.379000 69.110001
6825.000000 97.262794 0.379000 69.223999
6844.250000 97.466072 0.379000 69.324997
6866.000000 97.466072 0.379000 69.424004
6889.875000 97.715683 0.379000 69.524002
6915.125000 97.947029 0.379000 69.624001
6936.625000 98.148247 0.379000 69.709000
6961.750000 98.349632 0.379000 69.823997
6986.875000 98.560860 0.379000 69.924004
7028.250000 98.769081 0.407000 70.024002
7048.250000 98.978455 0.407000 70.103996
7073.125000 99.207420 0.407000 70.223999
7097.250000 99.408623 0.407000 70.323997
7115.000000 99.609856 0.407000 70.415001
7135.625000 99.811333 0.407000 70.524002
7161.625000 100.012589 0.407000 70.609001
7183.500000 100.213860 0.407000 70.723999
7202.625000 100.415138 0.407000 70.823997
7226.625000 100.617233 0.407000 70.914001
7250.625000 100.821213 0.452000 71.018997
7270.500000 100.821213 0.452000 71.120003
7294.875000 101.021454 0.452000 71.219002
7317.250000 101.222633 0.452000 71.314003
7344.000000 101.423813 0.452000 71.414001
7366.875000 101.625046 0.452000 71.518997
7388.125000 101.826248 0.452000 71.613998
7408.375000 102.029518 0.452000 71.709000
7431.000000 102.238770 0.452000 71.814003
7454.250000 102.440193 0.452000 71.918999
7480.375000 102.641411 0.461000 72.018997
7512.000000 102.842064 0.461000 72.124001
7542.750000 103.043167 0.461000 72.223999
7567.375000 103.244423 0.461000 72.314003
7590.000000 103.445648 0.461000 72.408997
7613.500000 103.646904 0.461000 72.524002
7637.875000 103.868248 0.461000 72.609001
7661.875000 104.099510 0.461000 72.719002
7689.750000 104.320885 0.461000 72.820000
7716.250000 104.522118 0.461000 72.924004
7762.750000 104.733086 0.472000 73.024002
7792.625000 104.969475 0.472000 73.124001
7815.750000 105.180496 0.472000 73.213997
7844.375000 105.381775 0.472000 73.323997
7877.000000 105.593292 0.472000 73.420998
7900.375000 105.804619 0.472000 73.519997
7926.750000 106.005852 0.472000 73.619003
7951.625000 106.207077 0.472000 73.720001
7978.875000 106.408188 0.472000 73.823997
8010.500000 106.609482 0.472000 73.910004
8038.750000 106.810722 0.499000 74.024002
8075.875000 107.012924 0.499000 74.124001
8105.250000 107.012924 0.499000 74.223999
8133.000000 107.218315 0.499000 74.323997
8160.875000 107.445518 0.499000 74.425003
8187.625000 107.445518 0.499000 74.514000
8207.250000 107.646996 0.499000 74.619003
8236.000000 107.855087 0.499000 74.723999
8260.000000 108.078583 0.499000 74.814003
8293.750000 108.279839 0.499000 74.917000
8320.875000 108.491035 0.499000 75.024002
8359.500000 108.694145 0.517000 75.124001
8386.875000 108.896362 0.517000 75.223999
8407.625000 109.097198 0.517000 75.323997
8431.250000 109.298569 0.517000 75.424004
8451.500000 109.499817 0.517000 75.524002
8470.625000 109.701065 0.517000 75.613998
8495.750000 109.902512 0.517000 75.723999
8515.125000 110.103729 0.517000 75.823997
8536.125000 110.305153 0.517000 75.929001
8553.250000 110.506371 0.517000 76.018997
8572.625000 110.713470 0.535000 76.132004
8595.375000 110.918892 0.535000 76.223999
8609.000000 111.120148 0.535000 76.323997
8627.625000 111.321327 0.535000 76.418999
8647.375000 111.522484 0.535000 76.524002
8666.125000 111.723862 0.535000 76.624001
8685.000000 111.927139 0.535000 76.720001
8703.375000 112.138618 0.535000 76.824997
8721.875000 112.138618 0.535000 76.924004
8738.375000 112.347847 0.535000 77.024002
8752.750000 112.549370 0.612000 77.124001
8770.375000 112.754349 0.612000 77.223999
8785.625000 113.001137 0.612000 77.323997
8803.500000 113.203957 0.612000 77.424004
8818.875000 113.413933 0.612000 77.488998
8832.125000 113.635155 0.612000 77.624001
8847.875000 113.856682 0.612000 77.724998
8863.000000 114.057739 0.612000 77.823997
8883.250000 114.258858 0.612000 77.924004
8898.625000 114.462082 0.612000 78.024002
8928.750000 114.672508 0.612000 78.125000
8944.125000 114.874931 0.612000 78.223999
8958.750000 115.076355 0.612000 78.323997
8975.125000 115.277634 0.612000 78.424004
8990.375000 115.478912 0.612000 78.524002
9004.625000 115.680161 0.612000 78.624001
9019.875000 115.881439 0.612000 78.723999
9032.375000 115.881439 0.612000 78.793999
9046.625000 116.285759 0.612000 78.925003
9062.750000 116.495102 0.612000 79.018997
9095.500000 116.697678 0.618000 79.124001
9108.875000 116.905701 0.618000 79.223999
9125.000000 117.106972 0.618000 79.323997
9137.750000 117.308212 0.618000 79.424004
9151.625000 117.511497 0.618000 79.525002
9165.875000 117.511497 0.618000 79.624001
9181.000000 117.720764 0.618000 79.723999
9196.000000 117.942261 0.618000 79.823997
9208.250000 118.163628 0.618000 79.924004
9222.875000 118.404968 0.618000 80.024002
9246.875000 118.613213 0.619000 80.124001
9272.875000 118.813705 0.619000 80.223999
9283.375000 118.813705 0.619000 80.323997
9302.875000 119.019287 0.619000 80.424004
9316.375000 119.223930 0.619000 80.524002
9328.000000 119.223930 0.619000 80.624001
9338.500000 119.425102 0.619000 80.723999
9349.625000 119.665573 0.619000 80.808998
9365.125000 119.896309 0.619000 80.924004
9376.750000 120.109581 0.619000 81.029999
9404.000000 120.311691 0.596000 81.129997
9415.000000 120.311691 0.596000 81.213997
9436.000000 120.544624 0.596000 81.329002
9450.500000 120.544624 0.596000 81.414001
9463.125000 120.747124 0.596000 81.524002
9472.375000 120.747124 0.596000 81.624001
9478.875000 120.945679 0.596000 81.713997
9487.750000 120.945679 0.596000 81.804001
9496.375000 121.146622 0.596000 81.914001
9505.250000 121.146622 0.596000 82.014000
9516.625000 121.363945 0.602000 82.124001
9525.625000 121.564850 0.602000 82.223999
9534.625000 121.564850 0.602000 82.323997
9543.625000 121.564850 0.602000 82.414001
9550.500000 121.771240 0.602000 82.529999
9562.375000 121.771240 0.602000 82.625000
9569.625000 121.991226 0.602000 82.723999
9578.750000 121.991226 0.602000 82.824997
9589.875000 122.220215 0.602000 82.924004
9600.625000 122.423759 0.602000 83.030998
9624.500000 122.636063 0.593000 83.130997
9634.375000 122.636063 0.593000 83.209000
9662.625000 122.836487 0.593000 83.323997
9671.750000 123.045418 0.593000 83.418999
9680.125000 123.045418 0.593000 83.524002
9700.000000 123.257111 0.593000 83.613998
9709.125000 123.257111 0.593000 83.723999
9716.875000 123.257111 0.593000 83.823997
9722.500000 123.466011 0.593000 83.914001
9727.500000 123.466011 0.593000 84.026001
9736.000000 123.687927 0.614000 84.124001
9743.500000 123.687927 0.614000 84.223999
9751.750000 123.899368 0.614000 84.323997
9760.500000 124.101891 0.614000 84.424004
9771.125000 124.303101 0.614000 84.532997
9780.875000 124.514458 0.614000 84.633003
9789.125000 124.717834 0.614000 84.728996
9799.375000 124.919075 0.614000 84.824997
9809.750000 125.140305 0.614000 84.924004
9820.375000 125.341568 0.614000 85.024002
9831.500000 125.542969 0.590000 85.124001
9839.875000 125.744209 0.590000 85.223999
9849.875000 125.955544 0.590000 85.299004
9859.125000 126.176918 0.590000 85.424004
9869.500000 126.388168 0.590000 85.514000
9880.375000 126.609795 0.590000 85.624001
9890.750000 126.811012 0.590000 85.723999
9903.250000 127.012253 0.590000 85.823997
9914.500000 127.213707 0.590000 85.924004
9925.625000 127.414833 0.590000 86.024002
9936.250000 127.616196 0.590000 86.124001
9947.000000 127.817467 0.639000 86.223999
9957.375000 128.018753 0.639000 86.314003
9970.625000 128.220001 0.639000 86.424004
9983.625000 128.421234 0.639000 86.524002
9991.875000 128.421234 0.639000 86.594002
10005.000000 128.833710 0.639000 86.723999
10015.625000 129.034973 0.639000 86.819000
10025.625000 129.236221 0.639000 86.924004
10034.500000 129.437454 0.639000 87.018997
10045.750000 129.638687 0.622000 87.128998
10057.750000 129.839767 0.622000 87.209000
10067.250000 130.041000 0.622000 87.314003
10078.000000 130.242310 0.622000 87.414001
10091.375000 130.443558 0.622000 87.514000
10104.250000 130.644791 0.622000 87.619003
10115.625000 130.846146 0.622000 87.728996
10125.250000 131.049515 0.622000 87.814003
10137.000000 131.250656 0.622000 87.914001
10148.375000 131.459991 0.622000 88.014000
10161.375000 131.661224 0.622000 88.124001
10172.750000 131.661224 0.691000 88.199997
10186.750000 132.073364 0.691000 88.323997
10198.750000 132.073364 0.691000 88.414001
10210.500000 132.274628 0.691000 88.514000
10225.125000 132.677277 0.691000 88.624001
10236.875000 132.878418 0.691000 88.723999
10250.750000 132.878418 0.691000 88.819000
10264.250000 133.283020 0.691000 88.925003
10277.625000 133.283020 0.691000 89.024002
10292.875000 133.492264 0.691000 89.125999
10305.875000 133.693542 0.674000 89.221001
10318.375000 133.894592 0.674000 89.323997
10331.875000 134.099991 0.674000 89.424004
10344.125000 134.309479 0.674000 89.514000
10354.875000 134.532944 0.674000 89.624001
10370.375000 134.742432 0.674000 89.713997
10386.875000 134.943649 0.674000 89.814003
10400.000000 135.145050 0.674000 89.924004
10415.125000 135.346268 0.674000 90.024002
10429.000000 135.588043 0.674000 90.125000
10457.375000 135.831589 0.655000 90.223999
10482.000000 135.831589 0.655000 90.323997
10495.625000 136.038635 0.655000 90.424004
10514.875000 136.194443 0.655000 90.524002
10522.000000 136.356186 0.655000 90.624001
10528.500000 136.356186 0.655000 90.723999
10534.875000 136.452545 0.655000 90.823997
10547.375000 136.452545 0.655000 90.924004
10557.250000 136.544571 0.655000 91.024002
10563.875000 136.544571 0.655000 91.124001
10582.500000 136.544571 0.705000 91.223999
10584.625000 136.544571 0.705000 91.323997
10591.375000 136.747559 0.705000 91.424004
10596.000000 136.747559 0.705000 91.524002
10605.000000 136.747559 0.705000 91.613998
10610.250000 136.954208 0.705000 91.723999
10618.750000 137.154465 0.705000 91.823997
10626.875000 137.359955 0.705000 91.919998
10635.625000 137.566818 0.705000 92.024002
10645.750000 137.767822 0.705000 92.124001
10666.000000 137.977219 0.692000 92.228996
10675.125000 137.977219 0.692000 92.308998
10685.625000 138.177444 0.692000 92.414001
10696.250000 138.579926 0.692000 92.524002
10705.250000 138.579926 0.692000 92.609001
10715.000000 138.982330 0.692000 92.723999
10722.750000 139.183456 0.692000 92.823997
10729.500000 139.384583 0.692000 92.924004
10737.625000 139.585800 0.692000 93.024002
10746.250000 139.786926 0.692000 93.124001
10767.500000 139.786926 0.679000 93.223999
10778.500000 139.993042 0.679000 93.323997
10789.375000 140.207993 0.679000 93.429001
10797.875000 140.413223 0.679000 93.528999
10807.500000 140.614456 0.679000 93.620003
10816.625000 140.859680 0.679000 93.728996
10824.000000 141.090836 0.679000 93.835999
10833.500000 141.322189 0.679000 93.931000
10843.000000 141.529434 0.679000 94.024002
10849.750000 141.730606 0.679000 94.119003
10869.250000 141.938232 0.663000 94.223999
10878.125000 142.138840 0.663000 94.319000
10884.250000 142.343948 0.663000 94.431000
10892.000000 142.545181 0.663000 94.530998
10900.750000 142.752304 0.663000 94.624001
10907.250000 142.752304 0.663000 94.713997
10915.000000 142.953537 0.663000 94.814003
10923.250000 143.356201 0.663000 94.924004
10929.375000 143.557571 0.663000 95.024002
10936.375000 143.758820 0.663000 95.124001
10960.000000 143.962204 0.667000 95.223999
10970.000000 143.962204 0.667000 95.323997
10977.125000 144.163345 0.667000 95.424004
10985.875000 144.364502 0.667000 95.514000
10992.875000 144.565979 0.667000 95.624001
10999.750000 144.767166 0.667000 95.723999
11007.125000 145.010727 0.667000 95.823997
11014.250000 145.213837 0.667000 95.905998
11023.625000 145.415070 0.667000 96.015999
11031.500000 145.622238 0.667000 96.124001
11048.500000 145.832108 0.656000 96.223999
11054.750000 146.051224 0.656000 96.299004
11061.750000 146.260681 0.656000 96.430000
11070.250000 146.464066 0.656000 96.524002
11078.375000 146.681534 0.656000 96.624001
11085.875000 146.884796 0.656000 96.723999
11093.000000 147.106400 0.656000 96.823997
11102.125000 147.315842 0.656000 96.914001
11110.750000 147.517090 0.656000 97.025002
11117.000000 147.517090 0.656000 97.105003
11122.250000 147.718262 0.680000 97.209000
11138.000000 147.919205 0.680000 97.323997
11145.750000 148.107819 0.680000 97.424004
11155.875000 148.281265 0.680000 97.524002
11162.000000 148.397217 0.680000 97.625000
11174.000000 148.493912 0.680000 97.723999
11182.500000 148.542007 0.680000 97.824997
11192.625000 148.542007 0.680000 97.924004
11201.000000 148.557312 0.680000 98.024002
11204.375000 148.557312 0.586000 98.119003
11209.125000 148.557312 0.586000 98.223999
11210.875000 148.557312 0.586000 98.330002
11213.625000 148.557312 0.586000 98.430000
11216.250000 148.557312 0.586000 98.524002
11216.875000 148.557312 0.586000 98.624001
11218.625000 148.557312 0.586000 98.723999
11220.500000 148.557312 0.586000 98.823997
11223.500000 148.564606 0.586000 98.914001
11224.875000 148.564606 0.586000 99.024002
11227.500000 148.570755 0.532000 99.124001
11229.625000 148.570755 0.532000 99.223999
11230.250000 148.570755 0.532000 99.323997
11231.500000 148.645813 0.532000 99.424004
11233.750000 148.645813 0.532000 99.499001
11234.750000 148.846832 0.532000 99.624001
11235.750000 148.846832 0.532000 99.724998
11236.750000 149.051331 0.532000 99.823997
11238.500000 149.264587 0.532000 99.924004
11240.250000 149.483734 0.496000 100.024002
11243.000000 149.693207 0.496000 100.124001
11245.875000 149.894440 0.496000 100.223999
11248.875000 150.095612 0.496000 100.323997
11250.250000 150.296982 0.496000 100.418999
11253.375000 150.498230 0.496000 100.524002
11255.250000 150.699509 0.496000 100.624001
11257.250000 150.900757 0.496000 100.719002
11259.625000 151.102127 0.496000 100.829002
11261.625000 151.303375 0.496000 100.929001
11263.500000 151.504608 0.496000 101.024002
11265.375000 151.705902 0.594000 101.128998
11267.875000 151.907043 0.594000 101.219002
11271.125000 152.108292 0.594000 101.323997
11273.000000 152.309540 0.594000 101.424004
11275.000000 152.510910 0.594000 101.528999
11278.125000 152.712143 0.594000 101.625000
11282.000000 152.913528 0.594000 101.719002
11286.250000 153.114639 0.594000 101.824997
11289.500000 153.315857 0.594000 101.919998
11293.000000 153.517090 0.594000 102.028999
11297.375000 153.718445 0.582000 102.124001
11302.125000 153.919678 0.582000 102.223999
11306.875000 154.120987 0.582000 102.314003
11311.250000 154.322220 0.582000 102.424004
11317.250000 154.523483 0.582000 102.528999
11322.125000 154.724594 0.582000 102.624001
11326.750000 154.925842 0.582000 102.723999
11332.000000 155.127106 0.582000 102.819000
11337.375000 155.328232 0.582000 102.924004
11342.875000 155.529602 0.582000 103.024002
11347.625000 155.730576 0.582000 103.124001
11359.125000 155.931519 0.661000 103.223999
11364.875000 156.135468 0.661000 103.323997
11370.500000 156.336578 0.661000 103.429001
11375.625000 156.537933 0.661000 103.524002
11381.125000 156.739197 0.661000 103.624001
11386.500000 156.940598 0.661000 103.723999
11393.500000 157.141968 0.661000 103.823997
11399.125000 157.141968 0.661000 103.908997
11408.125000 157.544266 0.661000 104.024002
11413.125000 157.747391 0.661000 104.125000
11430.625000 157.747391 0.671000 104.223999
11450.875000 157.958282 0.671000 104.323997
11469.500000 158.152603 0.671000 104.424004
11482.375000 158.312881 0.671000 104.524002
11490.125000 158.450211 0.671000 104.624001
11496.000000 158.450211 0.671000 104.721001
11506.250000 158.588593 0.671000 104.819000
11512.000000 158.588593 0.671000 104.924004
11516.625000 158.588593 0.671000 105.024002
11522.000000 158.769455 0.671000 105.125000
11527.875000 158.769455 0.671000 105.204002
11532.500000 158.769455 0.736000 105.323997
11541.750000 158.971115 0.736000 105.424004
11546.875000 158.971115 0.736000 105.524002
11552.250000 158.971115 0.736000 105.613998
11558.625000 159.181061 0.736000 105.723999
11564.000000 159.181061 0.736000 105.823997
11572.500000 159.400131 0.736000 105.924004
11582.500000 159.604767 0.736000 106.030998
11595.500000 159.813263 0.736000 106.124001
11614.125000 160.014496 0.674000 106.213997
11634.500000 160.225769 0.674000 106.323997
11643.500000 160.433304 0.674000 106.425003
11655.500000 160.634399 0.674000 106.524002
11664.875000 160.634399 0.674000 106.613998
11673.375000 161.037140 0.674000 106.723999
11684.875000 161.238388 0.674000 106.823997
11693.750000 161.439880 0.674000 106.925003
11708.375000 161.641144 0.674000 107.024002
11720.250000 161.842377 0.674000 107.124001
11734.625000 162.043610 0.674000 107.223999
11755.750000 162.043610 0.754000 107.323997
11772.375000 162.251007 0.754000 107.414001
11784.375000 162.457275 0.754000 107.514000
11794.125000 162.659225 0.754000 107.628998
11806.375000 162.659225 0.754000 107.713997
11814.750000 162.659225 0.754000 107.814003
11821.500000 162.850998 0.754000 107.918999
11833.750000 162.850998 0.754000 108.025002
11841.875000 163.063980 0.754000 108.124001
11851.625000 163.063980 0.754000 108.209000
11868.500000 163.268494 0.774000 108.324997
11879.250000 163.473511 0.774000 108.424004
11891.500000 163.473511 0.774000 108.499001
11901.125000 163.676804 0.774000 108.624001
11913.750000 163.897690 0.774000 108.723999
11923.000000 164.126709 0.774000 108.823997
11934.625000 164.338074 0.774000 108.924004
11948.125000 164.539307 0.774000 109.024002
11963.000000 164.740662 0.774000 109.124001
11977.125000 164.941757 0.706000 109.223999
11990.500000 165.142883 0.706000 109.323997
11999.125000 165.347748 0.706000 109.431000
12012.375000 165.548996 0.706000 109.530998
12027.250000 165.750229 0.706000 109.606003
12043.750000 165.951462 0.706000 109.731003
12058.250000 166.152710 0.706000 109.820999
12068.250000 166.357925 0.706000 109.918999
12082.250000 166.561203 0.706000 110.024002
12094.375000 166.762451 0.706000 110.124001
12116.750000 166.964539 0.744000 110.223999
12130.625000 166.964539 0.744000 110.299004
12141.625000 167.191772 0.744000 110.414001
12154.750000 167.396866 0.744000 110.514000
12165.250000 167.396866 0.744000 110.613998
12175.875000 167.396866 0.744000 110.723999
12183.375000 167.577499 0.744000 110.830002
12190.000000 167.577499 0.744000 110.924004
12195.375000 167.746567 0.744000 111.028999
12202.750000 167.746567 0.744000 111.113998
12210.000000 167.947922 0.744000 111.219002
12219.625000 167.947922 0.760000 111.314003
12226.375000 168.168350 0.760000 111.424004
12232.250000 168.168350 0.760000 111.499001
12240.000000 168.406082 0.760000 111.624001
12248.625000 168.613373 0.760000 111.694000
12256.500000 168.854401 0.760000 111.814003
12264.625000 169.075897 0.760000 111.924004
12272.000000 169.277267 0.760000 112.028999
12277.875000 169.478638 0.760000 112.124001
12286.750000 169.679916 0.760000 112.223999
12304.000000 169.886673 0.760000 112.329002
12312.375000 170.095490 0.760000 112.424004
12321.250000 170.296860 0.760000 112.524002
12330.625000 170.497986 0.760000 112.624001
12336.875000 170.497986 0.760000 112.713997
12342.000000 170.699158 0.760000 112.814003
12348.250000 171.101456 0.760000 112.924004
12356.500000 171.303009 0.760000 113.026001
12364.750000 171.303009 0.760000 113.114998
12373.125000 171.504257 0.760000 113.213997
12380.500000 171.705505 0.753000 113.323997
12386.250000 171.912994 0.753000 113.424004
12407.125000 172.148300 0.753000 113.524002
12424.250000 172.288116 0.753000 113.624001
12430.000000 172.396469 0.753000 113.719002
12434.625000 172.471863 0.753000 113.823997
12443.000000 172.471863 0.753000 113.924004
12454.000000 172.514694 0.753000 114.028999
12461.750000 172.525330 0.753000 114.124001
12463.625000 172.525330 0.753000 114.213997
12474.375000 172.525330 0.724000 114.319000
12483.125000 172.525330 0.724000 114.418999
12487.750000 172.525330 0.724000 114.524002
12493.875000 172.525330 0.724000 114.624001
12503.125000 172.525330 0.724000 114.723999
12505.500000 172.525330 0.724000 114.823997
12506.375000 172.525330 0.724000 114.912003
12509.250000 172.525330 0.724000 115.014000
12510.750000 172.525330 0.724000 115.124001
12511.375000 172.525330 0.709000 115.235001
12513.750000 172.525330 0.709000 115.315002
12514.375000 172.525330 0.709000 115.414001
12516.500000 172.564926 0.709000 115.528999
12518.000000 172.564926 0.709000 115.628998
12518.750000 172.564926 0.709000 115.728996
12520.750000 172.769424 0.709000 115.829002
12523.500000 172.769424 0.709000 115.929001
12525.875000 172.977707 0.709000 116.009003
12528.250000 173.185776 0.709000 116.128998
12530.625000 173.414780 0.693000 116.213997
12533.875000 173.646301 0.693000 116.329002
12537.625000 173.859634 0.693000 116.434998
12542.125000 174.060760 0.693000 116.529999
12546.375000 174.269867 0.693000 116.624001
12549.750000 174.471130 0.693000 116.723999
12554.750000 174.672394 0.693000 116.824997
12559.375000 174.672394 0.693000 116.914001
12563.000000 175.074951 0.693000 117.018997
12568.625000 175.276337 0.693000 117.124001
12575.875000 175.276337 0.685000 117.198997
12584.625000 175.678894 0.685000 117.329002
12592.000000 175.880112 0.685000 117.424004
12599.875000 176.081497 0.685000 117.524002
12605.875000 176.282623 0.685000 117.628998
12613.125000 176.483719 0.685000 117.723999
12621.500000 176.684830 0.685000 117.819000
12629.875000 176.888031 0.685000 117.919998
12639.875000 177.089249 0.685000 118.029999
12648.500000 177.298584 0.685000 118.124001
12658.250000 177.298584 0.685000 118.213997
12675.250000 177.499786 0.759000 118.323997
12688.250000 177.712952 0.759000 118.424004
12699.625000 177.917953 0.759000 118.529999
12709.500000 178.141464 0.759000 118.629997
12723.375000 178.342712 0.759000 118.723999
12733.875000 178.544098 0.759000 118.823997
12746.125000 178.745468 0.759000 118.930000
12757.750000 178.946838 0.759000 119.029999
12767.875000 179.158203 0.759000 119.129997
12784.500000 179.403564 0.759000 119.223999
12833.125000 179.623672 0.741000 119.323997
12844.500000 179.824371 0.741000 119.415001
12858.125000 180.034195 0.741000 119.524002
12871.375000 180.235596 0.741000 119.624001
12883.750000 180.436844 0.741000 119.724998
12894.000000 180.638107 0.741000 119.823997
12905.250000 180.839355 0.741000 119.924004
12918.250000 181.040558 0.741000 120.024002
12928.000000 181.245682 0.741000 120.124001
12939.375000 181.452896 0.741000 120.224998
12962.000000 181.658066 0.756000 120.323997
12981.500000 181.658066 0.756000 120.408997
12997.500000 181.852478 0.756000 120.524002
13005.125000 182.050766 0.756000 120.624001
13015.875000 182.050766 0.756000 120.723999
13025.500000 182.254456 0.756000 120.825996
13034.375000 182.254456 0.756000 120.914001
13040.125000 182.436844 0.756000 121.024002
13046.750000 182.436844 0.756000 121.113998
13054.875000 182.436844 0.756000 121.223999
13067.250000 182.612137 0.742000 121.323997
13076.375000 182.612137 0.742000 121.424004
13080.875000 182.612137 0.742000 121.524002
13085.500000 182.814911 0.742000 121.624001
13092.250000 182.814911 0.742000 121.723999
13100.000000 183.016846 0.742000 121.823997
13110.375000 183.237213 0.742000 121.924004
13126.625000 183.444794 0.742000 122.024002
13142.625000 183.646088 0.742000 122.124001
13164.375000 183.852966 0.742000 122.232002
13186.625000 184.057190 0.698000 122.317001
13202.625000 184.258667 0.698000 122.427002
13216.000000 184.459290 0.698000 122.531998
13232.750000 184.660522 0.698000 122.632004
13247.375000 184.861771 0.698000 122.732002
13263.000000 185.065109 0.698000 122.823997
13281.250000 185.268372 0.698000 122.924004
13298.875000 185.469604 0.698000 123.028999
13316.125000 185.670914 0.698000 123.124001
13333.375000 185.872147 0.713000 123.223999
13356.375000 186.073273 0.713000 123.323997
13371.125000 186.282806 0.713000 123.432999
13388.625000 186.484070 0.713000 123.532997
13406.875000 186.685333 0.713000 123.623001
13425.625000 186.886597 0.713000 123.733002
13442.750000 187.097977 0.713000 123.828003
13461.000000 187.307022 0.713000 123.931999
13478.500000 187.307022 0.713000 124.025002
13494.625000 187.514297 0.713000 124.124001
13513.000000 187.751480 0.713000 124.212997
13548.125000 187.961746 0.747000 124.322998
13583.250000 188.167892 0.747000 124.422997
13599.625000 188.372772 0.747000 124.517998
13618.000000 188.372772 0.747000 124.620003
13639.500000 188.574158 0.747000 124.724998
13655.500000 188.775070 0.747000 124.834999
13670.125000 188.775070 0.747000 124.925003
13687.750000 188.978165 0.747000 125.029999
13708.625000 189.181030 0.747000 125.128998
13726.000000 189.390289 0.747000 125.212997
13759.500000 189.591492 0.777000 125.322998
13779.625000 189.841522 0.777000 125.403000
13801.500000 190.083008 0.777000 125.523003
13822.625000 190.284256 0.777000 125.612999
13839.875000 190.485474 0.777000 125.723000
13859.000000 190.686691 0.777000 125.808998
13872.875000 190.887939 0.777000 125.917999
13888.875000 191.089157 0.777000 126.023003
13904.125000 191.290268 0.777000 126.123001
13919.750000 191.491638 0.777000 126.212997
13956.625000 191.692383 0.800000 126.328003
13980.500000 191.896606 0.800000 126.418999
13999.250000 192.097855 0.800000 126.523003
14017.750000 192.097855 0.800000 126.598000
14034.875000 192.500244 0.800000 126.718002
14051.500000 192.701416 0.800000 126.822998
14068.500000 192.902634 0.800000 126.928001
14085.625000 192.902634 0.800000 126.998001
14104.250000 193.308762 0.800000 127.135002
14123.875000 193.509995 0.800000 127.235001
14147.125000 193.717194 0.835000 127.333000
14169.375000 193.917908 0.835000 127.417999
14189.125000 194.119141 0.835000 127.528000
14207.125000 194.320267 0.835000 127.627998
14224.000000 194.521545 0.835000 127.727997
14242.625000 194.722931 0.835000 127.824997
14261.875000 194.924210 0.835000 127.928001
14281.000000 195.125320 0.835000 128.022995
14297.375000 195.326569 0.835000 128.128006
14313.875000 195.326569 0.835000 128.197998
14355.250000 195.736649 0.832000 128.328003
14378.250000 195.736649 0.832000 128.427994
14392.000000 195.944641 0.832000 128.518005
14408.500000 196.149643 0.832000 128.628006
14424.000000 196.149643 0.832000 128.727997
14437.750000 196.352646 0.832000 128.813004
14450.250000 196.555771 0.832000 128.917999
14462.625000 196.759125 0.832000 129.018005
14475.000000 196.970078 0.832000 129.139008
14488.125000 197.179367 0.832000 129.227997
14504.000000 197.380554 0.832000 129.328003
14544.625000 197.582962 0.925000 129.427994
14575.750000 197.582962 0.925000 129.528000
14604.375000 197.773270 0.925000 129.628006
14665.375000 197.960144 0.925000 129.727997
14678.625000 198.077484 0.925000 129.832993
14695.875000 198.162262 0.925000 129.927994
14734.875000 198.212524 0.925000 130.035004
14744.125000 198.212524 0.925000 130.134995
14754.750000 198.237366 0.925000 130.238007
14761.000000 198.237366 0.925000 130.337997
14765.125000 198.240372 0.887000 130.438004
14770.125000 198.240372 0.887000 130.537994
14773.750000 198.240372 0.887000 130.638000
14778.750000 198.261841 0.887000 130.738007
14781.250000 198.261841 0.887000 130.828995
14784.125000 198.261841 0.887000 130.927994
14791.000000 198.261841 0.887000 131.022995
14795.125000 198.419556 0.887000 131.128006
14802.750000 198.419556 0.887000 131.227997
14809.500000 198.620712 0.887000 131.298996
14826.625000 198.823364 0.902000 131.434006
14835.375000 198.823364 0.902000 131.518005
14843.500000 199.028061 0.902000 131.628006
14854.125000 199.230270 0.902000 131.703003
14864.375000 199.435516 0.902000 131.813004
14876.000000 199.646851 0.902000 131.927994
14889.500000 199.848083 0.902000 132.033005
14902.875000 200.049301 0.902000 132.128998
14916.875000 200.250412 0.902000 132.227997
14932.750000 200.457672 0.836000 132.328003
14944.875000 200.662949 0.836000 132.427994
14958.750000 200.904572 0.836000 132.528000
14970.000000 201.115967 0.836000 132.628998
14983.375000 201.357346 0.836000 132.729004
14995.125000 201.568481 0.836000 132.828003
15010.000000 201.769913 0.836000 132.931000
15022.500000 201.971115 0.836000 133.028000
15035.000000 202.172455 0.836000 133.128006
15047.875000 202.373657 0.836000 133.227997
15081.500000 202.578766 0.836000 133.328003
15110.250000 202.578766 0.960000 133.427994
15141.125000 202.784073 0.960000 133.528000
15211.875000 202.959503 0.960000 133.634995
15239.750000 203.090714 0.960000 133.735001
15257.375000 203.180466 0.960000 133.835007
15272.000000 203.237259 0.960000 133.934998
15287.750000 203.260986 0.960000 134.035004
15303.125000 203.260986 0.960000 134.134995
15310.625000 203.261734 0.960000 134.235001
15318.125000 203.261734 0.960000 134.315002
15322.250000 203.261734 0.960000 134.417999
15325.875000 203.262589 0.998000 134.518997
15331.375000 203.262589 0.998000 134.623993
15336.625000 203.266830 0.998000 134.727997
15339.750000 203.266830 0.998000 134.828003
15340.500000 203.276276 0.998000 134.940994
15346.000000 203.276276 0.998000 135.035995
15349.875000 203.276276 0.998000 135.128006
15353.000000 203.276276 0.998000 135.227997
15356.875000 203.397141 0.998000 135.317993
15360.875000 203.397141 0.998000 135.431000
15380.125000 203.598434 1.012000 135.528000
15383.375000 203.598434 1.012000 135.628998
15388.750000 203.803131 1.012000 135.727997
15393.750000 204.005783 1.012000 135.828003
15398.750000 204.005783 1.012000 135.917999
15405.875000 204.231369 1.012000 136.018005
15415.125000 204.444183 1.012000 136.117996
15426.125000 204.653412 1.012000 136.227997
15436.750000 204.886658 1.012000 136.328003
15447.250000 205.096008 1.012000 136.427994
15458.875000 205.306732 0.986000 136.528000
15469.500000 205.521973 0.986000 136.628998
15479.000000 205.751404 0.986000 136.727997
15490.500000 205.960632 0.986000 136.828003
15504.625000 206.161865 0.986000 136.917999
15519.500000 206.363098 0.986000 137.028000
15534.500000 206.566238 0.986000 137.128006
15545.250000 206.775116 0.986000 137.227997
15558.000000 206.976562 0.986000 137.328003
15569.375000 207.177811 0.986000 137.417999
15577.625000 207.378830 0.986000 137.528000
15594.250000 207.580063 0.986000 137.628006
15608.750000 207.781357 0.986000 137.727997
15620.000000 207.982529 0.986000 137.828003
15631.500000 208.183792 0.986000 137.927994
15640.250000 208.384933 0.986000 138.028000
15652.250000 208.586166 0.986000 138.128006
15662.625000 208.787430 0.986000 138.229004
15674.000000 208.988678 0.986000 138.328003
15685.250000 209.189941 1.000000 138.427994
15697.625000 209.390747 1.000000 138.529999
15707.500000 209.591751 1.000000 138.628006
15720.250000 209.591751 1.000000 138.712997
15734.000000 209.994019 1.000000 138.828003
15742.500000 210.199554 1.000000 138.929993
15752.000000 210.400803 1.000000 139.024994
15762.125000 210.602158 1.000000 139.125000
15774.500000 210.811615 1.000000 139.238998
15783.750000 210.811615 1.000000 139.319000
15795.000000 211.216461 1.000000 139.429001
15802.250000 211.216461 1.026000 139.518997
15812.625000 211.409317 1.026000 139.634003
15820.000000 211.569107 1.026000 139.714005
15840.250000 211.695694 1.026000 139.839005
15846.875000 211.792419 1.026000 139.934006
15852.875000 211.851868 1.026000 140.028000
15857.500000 211.875458 1.026000 140.125000
15862.375000 211.875458 1.026000 140.225006
15864.625000 211.876083 1.026000 140.326004
15875.375000 211.876083 0.989000 140.425003
15882.000000 211.882614 0.989000 140.529999
15885.875000 211.882614 0.989000 140.619995
15887.750000 211.889633 0.989000 140.725006
15890.625000 211.889633 0.989000 140.824997
15891.875000 211.928787 0.989000 140.929993
15894.125000 211.928787 0.989000 141.031006
15895.875000 211.928787 0.989000 141.126007
15898.625000 212.128922 0.989000 141.229996
15903.375000 212.128922 0.989000 141.324997
15908.875000 212.333435 0.989000 141.431000
15926.750000 212.551086 1.064000 141.542999
15932.750000 212.779694 1.064000 141.638000
15939.625000 212.980927 1.064000 141.738007
15945.375000 213.182419 1.064000 141.837997
15952.875000 213.393677 1.064000 141.938004
15960.000000 213.599213 1.064000 142.029999
15967.000000 213.800354 1.064000 142.130005
15975.250000 214.001221 1.064000 142.229996
15984.500000 214.202606 1.064000 142.330002
15991.625000 214.405884 1.064000 142.429993
15998.875000 214.615250 1.099000 142.529999
16008.000000 214.816025 1.099000 142.632996
16016.000000 215.017242 1.099000 142.729996
16026.125000 215.218369 1.099000 142.830002
16035.500000 215.429092 1.099000 142.934998
16045.375000 215.630356 1.099000 143.029999
16055.125000 215.833328 1.099000 143.136002
16064.500000 216.036545 1.099000 143.231995
16074.500000 216.036545 1.099000 143.330002
16084.500000 216.243637 1.099000 143.419998
16092.375000 216.451157 1.099000 143.529999
16100.500000 216.666580 1.105000 143.630997
16111.000000 216.871689 1.105000 143.735992
16118.250000 217.074921 1.105000 143.824997
16126.125000 217.275726 1.105000 143.929993
16134.750000 217.529251 1.105000 144.024994
16144.875000 217.738251 1.105000 144.130005
16153.375000 217.949600 1.105000 144.229996
16162.125000 218.160995 1.105000 144.330002
16170.875000 218.382416 1.105000 144.429993
16182.250000 218.583832 1.087000 144.529999
16191.625000 218.784821 1.087000 144.630005
16203.500000 218.985825 1.087000 144.729996
16216.000000 219.187088 1.087000 144.824997
16229.750000 219.398361 1.087000 144.929993
16243.125000 219.599976 1.087000 145.029999
16253.625000 219.801376 1.087000 145.130005
16265.375000 220.002411 1.087000 145.229996
16273.750000 220.203995 1.087000 145.330002
16296.000000 220.408630 1.087000 145.429993
16318.125000 220.408630 1.113000 145.529999
16339.000000 220.610764 1.113000 145.630005
16358.125000 220.806381 1.113000 145.729996
16367.125000 220.924774 1.113000 145.830002
16381.750000 221.009033 1.113000 145.929993
16394.125000 221.061737 1.113000 146.029999
16400.500000 221.061737 1.113000 146.125000
16410.625000 221.080490 1.113000 146.229996
16456.500000 221.080536 1.113000 146.330002
16461.375000 221.080536 1.113000 146.425995
16462.250000 221.080536 1.141000 146.516006
16464.375000 221.080536 1.141000 146.615997
16467.625000 221.080536 1.141000 146.710999
16469.250000 221.080536 1.141000 146.830994
16471.500000 221.080536 1.141000 146.931000
16472.000000 221.081161 1.141000 147.031006
16473.625000 221.081161 1.141000 147.130997
16475.875000 221.093170 1.141000 147.227997
16477.125000 221.093170 1.141000 147.326004
16479.125000 221.093170 1.141000 147.431000
16481.000000 221.158295 1.141000 147.526001
16483.250000 221.158295 1.210000 147.630997
16485.125000 221.158295 1.210000 147.731003
16486.875000 221.360565 1.210000 147.826004
16489.375000 221.360565 1.210000 147.906006
16493.250000 221.569244 1.210000 148.026001
16496.375000 221.772491 1.210000 148.136993
16499.875000 221.982147 1.210000 148.216003
16504.375000 222.187271 1.210000 148.330994
16508.875000 222.445053 1.210000 148.431000
16513.375000 222.646317 1.157000 148.526001
16519.750000 222.847626 1.157000 148.600998
16525.125000 223.099609 1.157000 148.727005
16532.375000 223.314850 1.157000 148.826004
16537.375000 223.522110 1.157000 148.921005
16542.000000 223.723236 1.157000 149.031006
16548.375000 223.924332 1.157000 149.121002
16554.250000 224.125580 1.157000 149.225998
16559.750000 224.326797 1.157000 149.315994
16565.250000 224.528168 1.157000 149.431000
16571.000000 224.528168 1.157000 149.503998
16576.375000 224.930222 1.128000 149.630997
16582.375000 225.131485 1.128000 149.731003
16588.375000 225.332764 1.128000 149.830994
16594.000000 225.533966 1.128000 149.931000
16600.125000 225.737106 1.128000 150.026001
16606.375000 225.946381 1.128000 150.136002
16611.500000 226.148071 1.128000 150.235992
16617.750000 226.148071 1.128000 150.315002
16621.750000 226.558594 1.128000 150.440002
16629.000000 226.759872 1.175000 150.535004
16634.125000 226.960999 1.175000 150.634995
16641.375000 227.162003 1.175000 150.735001
16646.000000 227.162003 1.175000 150.813995
16652.500000 227.568604 1.175000 150.931000
16659.500000 227.771851 1.175000 151.031006
16666.750000 227.973312 1.175000 151.138000
16680.000000 228.180664 1.175000 151.231003
16687.125000 228.390030 1.175000 151.335007
16691.500000 228.390030 1.175000 151.431000
16699.250000 228.593491 1.175000 151.531006
16706.000000 228.794662 1.212000 151.626007
16711.000000 228.997253 1.212000 151.731003
16718.250000 229.210724 1.212000 151.830994
16725.625000 229.418121 1.212000 151.931000
16732.625000 229.669220 1.212000 152.031006
16738.625000 229.880615 1.212000 152.130997
16746.375000 230.119812 1.212000 152.240005
16752.375000 230.320938 1.212000 152.339996
16757.625000 230.524460 1.212000 152.425995
16765.125000 230.731506 1.212000 152.516006
16774.750000 230.929474 1.160000 152.626007
16791.250000 231.096863 1.160000 152.740997
16806.375000 231.096863 1.160000 152.841003
16812.125000 231.231171 1.160000 152.936005
16824.375000 231.332657 1.160000 153.041000
16828.750000 231.401062 1.160000 153.126007
16832.750000 231.435577 1.160000 153.233002
16841.375000 231.440826 1.160000 153.332993
16842.625000 231.440826 1.160000 153.432999
16844.250000 231.440826 1.160000 153.533005
16846.875000 231.440826 1.156000 153.638000
16847.875000 231.440826 1.156000 153.733002
16848.875000 231.443207 1.156000 153.832993
16850.875000 231.443207 1.156000 153.938004
16851.750000 231.443207 1.156000 154.033005
16853.000000 231.448700 1.156000 154.132996
16853.250000 231.448700 1.156000 154.233002
16855.125000 231.466309 1.156000 154.332993
16855.875000 231.466309 1.156000 154.432007
16857.000000 231.466309 1.101000 154.537003
16857.375000 231.499161 1.101000 154.626999
16859.125000 231.499161 1.101000 154.731003
16859.875000 231.499161 1.101000 154.834000
16861.250000 231.702591 1.101000 154.921005
16863.875000 231.702591 1.101000 155.026001
16865.375000 231.909241 1.101000 155.130997
16867.875000 232.120026 1.101000 155.220993
16870.125000 232.320877 1.101000 155.311005
16872.625000 232.522232 1.101000 155.431000
16875.625000 232.743332 1.039000 155.531006
16878.000000 232.951874 1.039000 155.626007
16881.000000 233.152374 1.039000 155.725998
16883.500000 233.353500 1.039000 155.826996
16887.625000 233.554626 1.039000 155.925995
16891.375000 233.762161 1.039000 156.033997
16894.625000 233.983429 1.039000 156.119003
16897.750000 234.188797 1.039000 156.220993
16900.250000 234.410004 1.039000 156.330994
16904.000000 234.611313 1.039000 156.431000
16907.625000 234.811935 1.012000 156.531006
16911.125000 235.013184 1.012000 156.626007
16915.125000 235.214523 1.012000 156.710999
16919.500000 235.419647 1.012000 156.832993
16923.000000 235.621017 1.012000 156.932999
16928.125000 235.822144 1.012000 157.033005
16931.500000 236.023010 1.012000 157.130997
16933.875000 236.230179 1.012000 157.231003
16938.000000 236.431305 1.012000 157.320999
16941.250000 236.632797 1.012000 157.431000
16946.625000 236.833969 1.012000 157.516006
16950.750000 237.035217 1.012000 157.621002
16954.750000 237.236221 1.012000 157.725998
16970.500000 237.437744 1.506000 157.830002
16973.500000 237.642746 1.506000 157.934006
16978.375000 237.851791 1.506000 158.033997
16982.375000 237.851791 1.506000 158.125000
16985.875000 238.055389 1.506000 158.229996
16988.875000 238.260544 1.506000 158.330002
16993.750000 238.477631 1.506000 158.429993
16998.625000 238.680725 1.506000 158.529999
17002.625000 238.916122 1.506000 158.628006
17008.000000 239.117111 1.506000 158.733002
17013.250000 239.328476 1.506000 158.822006
17018.875000 239.537445 1.248000 158.917007
17024.125000 239.738693 1.248000 159.031998
17029.500000 239.939911 1.248000 159.132004
17035.250000 240.181381 1.248000 159.237000
17040.375000 240.382492 1.248000 159.326996
17046.250000 240.583710 1.248000 159.432999
17050.750000 240.805176 1.248000 159.526993
17056.625000 241.020294 1.248000 159.632004
17063.375000 241.227417 1.248000 159.731995
17068.250000 241.428711 1.248000 159.832001
17076.500000 241.631180 1.248000 159.938004
17081.875000 241.631180 1.230000 160.031998
17099.625000 241.837265 1.230000 160.136993
17112.000000 242.046844 1.230000 160.231995
17119.000000 242.202744 1.230000 160.326004
17127.750000 242.344040 1.230000 160.425995
17131.500000 242.344040 1.230000 160.531006
17135.500000 242.454514 1.230000 160.632004
17141.125000 242.454514 1.230000 160.712006
17197.875000 242.556641 1.230000 160.835007
17201.000000 242.556641 1.230000 160.934998
17205.375000 242.556641 1.230000 161.039993
17215.375000 242.696136 1.302000 161.134995
17218.500000 242.696136 1.302000 161.231995
17221.375000 242.840424 1.302000 161.332001
17225.125000 242.840424 1.302000 161.432007
17227.500000 243.042618 1.302000 161.531998
17229.750000 243.042618 1.302000 161.626999
17234.000000 243.244141 1.302000 161.731995
17237.125000 243.451721 1.302000 161.832001
17241.875000 243.652237 1.302000 161.934006
17247.375000 243.883347 1.302000 162.033997
17251.000000 244.084625 1.302000 162.126999
17255.000000 244.285995 1.301000 162.222000
17256.500000 244.529816 1.301000 162.326996
17258.625000 244.740936 1.301000 162.417007
17262.625000 244.982407 1.301000 162.531998
17266.500000 245.183807 1.301000 162.632996
17269.000000 245.385025 1.301000 162.731995
17272.875000 245.586273 1.301000 162.832001
17275.875000 245.787552 1.301000 162.932007
17279.250000 246.003098 1.301000 163.039001
17283.000000 246.204224 1.301000 163.139008
17299.750000 246.411423 1.222000 163.231995
17304.500000 246.611526 1.222000 163.332001
17308.500000 246.814270 1.222000 163.438004
17312.375000 246.814270 1.222000 163.507996
17315.750000 247.216888 1.222000 163.628006
17320.875000 247.418106 1.222000 163.727997
17326.125000 247.621445 1.222000 163.828003
17331.875000 247.830658 1.222000 163.927994
17338.625000 248.031784 1.222000 164.028000
17343.375000 248.233017 1.222000 164.128006
17348.625000 248.436356 1.222000 164.229004
17353.875000 248.436356 1.329000 164.328003
17358.250000 248.645660 1.329000 164.427994
17363.000000 248.846634 1.329000 164.518005
17367.750000 249.249115 1.329000 164.632996
17371.500000 249.249115 1.329000 164.727997
17377.125000 249.450439 1.329000 164.828003
17382.125000 249.657669 1.329000 164.927994
17386.000000 249.894608 1.329000 165.028000
17394.750000 250.103226 1.329000 165.132996
17398.250000 250.103226 1.329000 165.227997
17403.625000 250.330872 1.329000 165.328995
17408.375000 250.532089 1.353000 165.434006
17425.500000 250.532089 1.353000 165.533005
17429.250000 250.732910 1.353000 165.632996
17430.625000 250.732910 1.353000 165.727997
17435.500000 250.936111 1.353000 165.830994
17440.375000 251.138336 1.353000 165.931000
17445.375000 251.347992 1.353000 166.031006
17449.250000 251.549500 1.353000 166.130997
17453.500000 251.750641 1.353000 166.231003
17457.875000 251.960114 1.353000 166.335007
17463.750000 252.161331 1.353000 166.429993
17469.875000 252.161331 1.353000 166.528000
17482.375000 252.569809 1.436000 166.638000
17487.125000 252.778931 1.436000 166.738007
17491.750000 252.778931 1.436000 166.830002
17495.875000 252.984314 1.436000 166.936996
17502.250000 253.189560 1.436000 167.016998
17507.750000 253.390961 1.436000 167.130005
17513.500000 253.598190 1.436000 167.229996
17516.625000 253.799179 1.436000 167.330002
17523.375000 254.020325 1.436000 167.431000
17530.125000 254.261475 1.436000 167.529999
17536.875000 254.483047 1.436000 167.630005
17542.875000 254.734543 1.436000 167.729996
17548.875000 254.945908 1.437000 167.835007
17554.750000 255.147018 1.437000 167.929993
17560.750000 255.348465 1.437000 168.029999
17565.875000 255.550323 1.437000 168.139008
17573.750000 255.752045 1.437000 168.220001
17581.875000 255.954956 1.437000 168.330002
17586.125000 256.158508 1.437000 168.436996
17594.500000 256.359497 1.437000 168.522003
17602.250000 256.560516 1.437000 168.636993
17609.000000 256.767822 1.437000 168.731003
17616.750000 256.972931 1.437000 168.837006
17623.750000 257.174286 1.437000 168.936996
17631.375000 257.381531 1.437000 169.035004
17660.250000 257.381531 1.499000 169.130005
17666.875000 257.587555 1.499000 169.229996
17674.500000 257.803375 1.499000 169.332993
17682.125000 258.012909 1.499000 169.429993
17689.500000 258.243927 1.499000 169.529999
17698.000000 258.461456 1.499000 169.638000
17704.875000 258.672821 1.499000 169.738007
17709.875000 258.898224 1.499000 169.830002
17719.750000 259.115753 1.499000 169.923004
17730.500000 259.343231 1.499000 170.029999
17740.125000 259.554504 1.499000 170.136002
17748.625000 259.764191 1.499000 170.229996
17756.875000 259.965576 1.572000 170.330002
17766.250000 260.166260 1.572000 170.434998
17772.750000 260.367584 1.572000 170.529999
17780.625000 260.568695 1.572000 170.630005
17788.125000 260.769928 1.572000 170.729996
17795.750000 260.973206 1.572000 170.830002
17805.750000 261.182190 1.572000 170.929993
17815.125000 261.383545 1.572000 171.029999
17821.250000 261.587067 1.572000 171.130997
17831.625000 261.792114 1.572000 171.233002
17841.000000 261.993286 1.572000 171.337997
17867.000000 262.195099 1.572000 171.438004
17876.750000 262.195099 1.572000 171.529999
17909.875000 262.443420 1.517000 171.630005
17923.500000 262.443420 1.517000 171.729996
17931.000000 262.646820 1.517000 171.830002
17942.000000 262.646820 1.517000 171.931000
17947.375000 262.832672 1.517000 172.029999
17953.500000 262.832672 1.517000 172.130005
17959.625000 262.832672 1.517000 172.235001
17966.500000 262.954865 1.517000 172.337006
17971.250000 262.954865 1.517000 172.429993
17978.750000 263.166321 1.517000 172.526993
17985.500000 263.372284 1.517000 172.632004
17994.000000 263.372284 1.517000 172.731995
18008.125000 263.580658 1.503000 172.832001
18016.875000 263.783264 1.503000 172.932007
18027.625000 264.024750 1.503000 173.037003
18041.625000 264.225739 1.503000 173.134003
18050.750000 264.426910 1.503000 173.231995
18058.375000 264.628143 1.503000 173.332993
18068.125000 264.841492 1.503000 173.432999
18077.250000 265.042755 1.503000 173.531998
18085.750000 265.252197 1.503000 173.632004
18096.250000 265.459900 1.503000 173.740005
18106.500000 265.661011 1.503000 173.839996
18116.000000 265.866302 1.503000 173.932007
18145.000000 266.066559 1.473000 174.031998
18158.500000 266.274994 1.473000 174.134003
18171.375000 266.484528 1.473000 174.231995
18180.250000 266.693756 1.473000 174.330002
18190.625000 266.895142 1.473000 174.431000
18205.500000 267.096375 1.473000 174.535004
18212.500000 267.313690 1.473000 174.638000
18219.625000 267.519226 1.473000 174.729996
18225.750000 267.720215 1.473000 174.830002
18232.875000 267.926025 1.473000 174.942001
18240.375000 268.127289 1.473000 175.037003
18250.125000 268.328522 1.473000 175.136993
18277.250000 268.529755 1.486000 175.237000
18286.875000 268.736603 1.486000 175.337006
18295.750000 268.736603 1.486000 175.429993
18304.125000 268.945587 1.486000 175.535995
18311.500000 269.149109 1.486000 175.630997
18321.250000 269.354492 1.486000 175.731003
18330.375000 269.561371 1.486000 175.815994
18339.125000 269.782715 1.486000 175.931000
18351.750000 270.001099 1.486000 176.031006
18362.125000 270.201965 1.486000 176.126007
18367.250000 270.407745 1.486000 176.231003
18372.000000 270.407745 1.486000 176.326004
18377.625000 270.562988 1.482000 176.431000
18395.750000 270.671692 1.482000 176.531006
18398.125000 270.671692 1.482000 176.630997
18403.125000 270.738983 1.482000 176.735992
18405.375000 270.738983 1.482000 176.837997
18406.000000 270.750275 1.482000 176.931000
18410.875000 270.750275 1.482000 177.037994
18412.375000 270.754578 1.482000 177.138000
18414.125000 270.754578 1.482000 177.238007
18414.625000 270.754578 1.482000 177.337997
18416.375000 270.754578 1.482000 177.438004
18419.250000 270.939301 1.482000 177.537994
18422.000000 270.939301 1.482000 177.638000
18439.500000 271.149658 1.455000 177.731003
18441.625000 271.149658 1.455000 177.830994
18444.250000 271.354980 1.455000 177.936005
18449.375000 271.570740 1.455000 178.039001
18452.125000 271.775452 1.455000 178.136993
18455.250000 271.980743 1.455000 178.231003
18458.875000 272.212189 1.455000 178.330994
18462.375000 272.415314 1.455000 178.431000
18465.375000 272.624695 1.455000 178.522003
18469.750000 272.827728 1.455000 178.636993
18473.125000 273.039368 1.455000 178.735992
18477.750000 273.248413 1.455000 178.830994
18481.375000 273.248413 1.501000 178.921005
18484.750000 273.650513 1.501000 179.031006
18489.500000 273.856171 1.501000 179.138000
18494.500000 274.057800 1.501000 179.238007
18498.750000 274.259033 1.501000 179.337997
18503.375000 274.466156 1.501000 179.436005
18506.625000 274.673645 1.501000 179.539001
18510.375000 274.875031 1.501000 179.634003
18514.875000 275.076385 1.501000 179.733994
18520.750000 275.277618 1.501000 179.834000
18524.375000 275.478851 1.501000 179.934006
18528.500000 275.680206 1.501000 180.033997
18531.875000 275.881714 1.501000 180.134003
18546.250000 276.088226 1.551000 180.242004
18550.000000 276.288727 1.551000 180.337006
18552.250000 276.288727 1.551000 180.436005
18555.125000 276.493988 1.551000 180.533997
18557.625000 276.701416 1.551000 180.638000
18561.000000 276.904236 1.551000 180.738007
18563.750000 277.145782 1.551000 180.832993
18567.125000 277.347015 1.551000 180.932999
18570.125000 277.548279 1.551000 181.033005
18573.250000 277.769562 1.551000 181.130997
18577.000000 277.991241 1.551000 181.233002
18586.500000 278.255981 1.551000 181.337997
18589.375000 278.450470 1.506000 181.432999
18597.375000 278.450470 1.506000 181.541000
18604.250000 278.641998 1.506000 181.641006
18605.750000 278.771942 1.506000 181.735001
18608.375000 278.883331 1.506000 181.830002
18610.375000 278.883331 1.506000 181.934998
18611.500000 278.883331 1.506000 182.029999
18617.250000 278.987701 1.506000 182.134995
18619.625000 278.987701 1.506000 182.235001
18621.875000 279.060333 1.506000 182.330002
18622.875000 279.060333 1.506000 182.438004
18624.625000 279.060333 1.506000 182.537994
18625.625000 279.060333 1.506000 182.632996
18628.875000 279.263489 1.514000 182.727997
18631.375000 279.263489 1.514000 182.834000
18633.875000 279.493256 1.514000 182.932999
18636.125000 279.695251 1.514000 183.033005
18639.000000 279.902832 1.514000 183.132996
18642.125000 280.144592 1.514000 183.233002
18644.500000 280.345551 1.514000 183.332993
18647.875000 280.554779 1.514000 183.432999
18650.250000 280.758179 1.514000 183.533997
18652.750000 280.959351 1.514000 183.632996
18655.500000 281.160522 1.514000 183.727997
18658.000000 281.361877 1.514000 183.832993
18660.625000 281.563141 1.514000 183.938995
18665.000000 281.768402 1.514000 184.035004
18668.125000 281.975250 1.546000 184.138000
18671.125000 281.975250 1.546000 184.220001
18674.000000 282.381714 1.546000 184.330002
18676.250000 282.583221 1.546000 184.429993
18678.250000 282.786346 1.546000 184.529999
18680.000000 282.786346 1.546000 184.625000
18680.875000 283.203125 1.546000 184.735992
18683.625000 283.203125 1.546000 184.826004
18685.625000 283.428040 1.546000 184.929993
18687.750000 283.638947 1.546000 185.035004
18689.500000 283.844086 1.546000 185.143005
18691.500000 284.047882 1.546000 185.238007
18693.500000 284.248993 1.546000 185.332993
18716.375000 284.460114 1.616000 185.442993
18722.375000 284.663940 1.616000 185.520004
18724.250000 284.870331 1.616000 185.634995
18725.875000 285.091980 1.616000 185.735001
18727.125000 285.293213 1.616000 185.835007
18729.125000 285.494476 1.616000 185.934998
18730.625000 285.697876 1.616000 186.035004
18732.625000 285.906738 1.616000 186.136002
18734.125000 286.138367 1.616000 186.220001
18735.625000 286.349823 1.616000 186.324997
18738.125000 286.550812 1.616000 186.425003
18740.750000 286.752167 1.616000 186.526001
18751.125000 286.966400 1.616000 186.634995
18751.875000 287.159149 1.616000 186.729996
18754.750000 287.159149 1.705000 186.835007
18763.250000 287.353943 1.705000 186.934998
18809.750000 287.484863 1.705000 187.035004
18817.125000 287.583557 1.705000 187.134995
18822.750000 287.647766 1.705000 187.244003
18848.875000 287.682220 1.705000 187.343994
18850.125000 287.682220 1.705000 187.434006
18854.125000 287.687347 1.705000 187.544006
18866.875000 287.687347 1.705000 187.643005
18870.625000 287.687347 1.705000 187.735001
18871.625000 287.687347 1.705000 187.835999
18872.375000 287.687347 1.705000 187.934998
18874.125000 287.687958 1.705000 188.035004
18875.125000 287.687958 1.705000 188.139999
18875.375000 287.687958 1.742000 188.235001
18876.375000 287.699890 1.742000 188.334000
18877.250000 287.699890 1.742000 188.434006
18877.875000 287.716370 1.742000 188.535995
18878.500000 287.716370 1.742000 188.634003
18879.625000 287.716370 1.742000 188.709000
18880.375000 287.917450 1.742000 188.824005
18881.375000 287.917450 1.742000 188.944000
18881.875000 288.167511 1.742000 189.035004
18882.625000 288.368805 1.742000 189.134003
18883.625000 288.368805 1.742000 189.233994
18884.375000 288.573181 1.742000 189.334000
18885.250000 288.784210 1.742000 189.432999
18887.000000 288.995819 1.742000 189.533005
18888.250000 289.225098 1.742000 189.634995
18891.375000 289.425476 1.769000 189.718002
18892.500000 289.632935 1.769000 189.835999
18893.125000 289.887238 1.769000 189.940994
18894.375000 290.088470 1.769000 190.031998
18896.000000 290.303802 1.769000 190.132996
18896.875000 290.505219 1.769000 190.238007
18897.375000 290.706421 1.769000 190.337997
18898.625000 290.917755 1.769000 190.432999
18899.750000 291.118988 1.769000 190.533997
18901.750000 291.320648 1.769000 190.632996
18904.625000 291.521881 1.769000 190.723007
18906.375000 291.725128 1.769000 190.832993
18907.750000 291.934479 1.769000 190.932999
18908.875000 292.135834 1.624000 191.033005
18910.625000 292.342712 1.624000 191.130997
18911.750000 292.543976 1.624000 191.240997
18913.375000 292.745209 1.624000 191.341003
18914.750000 292.955048 1.624000 191.440002
18916.000000 293.161987 1.624000 191.533005
18916.875000 293.365417 1.624000 191.643997
18918.750000 293.566925 1.624000 191.744003
18920.625000 293.768188 1.624000 191.839005
18922.250000 293.981628 1.624000 191.934998
18924.250000 293.981628 1.624000 192.018005
18925.625000 294.390228 1.624000 192.138000
18927.500000 294.591400 1.624000 192.238007
18930.125000 294.591400 1.624000 192.332993
18932.875000 294.792725 1.637000 192.423004
18935.125000 294.993439 1.637000 192.535004
18938.625000 295.398956 1.637000 192.639999
18940.875000 295.600067 1.637000 192.740005
18942.750000 295.801331 1.637000 192.839996
18947.750000 295.801331 1.637000 192.932999
18949.750000 296.048889 1.637000 193.033005
18953.375000 296.290283 1.637000 193.132996
18955.500000 296.491608 1.637000 193.227997
18958.750000 296.692596 1.637000 193.343002
18961.750000 296.893982 1.637000 193.442993
18964.875000 297.095367 1.637000 193.533005
18966.875000 297.296600 1.637000 193.643005
18973.500000 297.505920 1.637000 193.742996
18980.500000 297.717102 1.637000 193.843002
18985.875000 297.898865 1.799000 193.942993
18990.250000 297.898865 1.799000 194.042999
18991.875000 298.061157 1.799000 194.132996
18995.250000 298.061157 1.799000 194.242996
18997.250000 298.237000 1.799000 194.343002
19001.250000 298.237000 1.799000 194.447998
19002.875000 298.350616 1.799000 194.542999
19004.500000 298.350616 1.799000 194.643005
19006.375000 298.350616 1.799000 194.738007
19008.375000 298.555145 1.799000 194.837006
19011.125000 298.555145 1.799000 194.934998
19014.500000 298.766296 1.799000 195.028000
19019.000000 298.969971 1.799000 195.138000
19022.750000 299.187927 1.641000 195.240005
19027.875000 299.389160 1.641000 195.339996
19033.000000 299.646637 1.641000 195.438004
19037.125000 299.855957 1.641000 195.526993
19041.875000 299.855957 1.641000 195.617004
19045.500000 300.268372 1.641000 195.737000
19050.000000 300.469604 1.641000 195.832001
19054.500000 300.670715 1.641000 195.932007
19058.500000 300.872009 1.641000 196.031998
19062.625000 301.073242 1.641000 196.132004
19067.500000 301.276428 1.641000 196.238007
19071.125000 301.276428 1.641000 196.320007
19084.500000 301.685089 1.641000 196.436996
19142.875000 301.685089 1.641000 196.544998
19151.875000 301.891968 1.599000 196.639999
19157.750000 302.084839 1.599000 196.740005
19162.875000 302.084839 1.599000 196.832001
19167.125000 302.285614 1.599000 196.934006
19171.125000 302.285614 1.599000 197.035004
19175.375000 302.486633 1.599000 197.134003
19180.125000 302.486633 1.599000 197.233994
19185.125000 302.689636 1.599000 197.334000
19189.375000 302.902191 1.599000 197.423996
19196.875000 303.111572 1.599000 197.524002
19201.625000 303.312836 1.599000 197.623993
19207.875000 303.514099 1.599000 197.723999
19211.875000 303.715363 1.599000 197.834000
19217.000000 303.916138 1.579000 197.934998
19223.000000 304.124786 1.579000 198.035995
19229.125000 304.342346 1.579000 198.141998
19237.250000 304.563690 1.579000 198.242004
19244.125000 304.775055 1.579000 198.328995
19250.875000 304.980316 1.579000 198.434006
19257.000000 305.183563 1.579000 198.529007
19263.750000 305.392944 1.579000 198.634003
19270.000000 305.594299 1.579000 198.733994
19276.375000 305.795441 1.579000 198.834000
19281.750000 306.000732 1.579000 198.934006
19292.875000 306.210419 1.579000 199.033997
19303.625000 306.210419 1.579000 199.136002
19313.000000 306.399231 1.514000 199.233994
19319.000000 306.609283 1.514000 199.341995
19327.875000 306.609283 1.514000 199.440002
19331.875000 306.788330 1.514000 199.533997
19335.250000 306.788330 1.514000 199.639999
19339.500000 306.971436 1.514000 199.733994
19343.375000 306.971436 1.514000 199.817993
19345.375000 307.192749 1.514000 199.932999
19350.500000 307.192749 1.514000 200.037994
19355.625000 307.406158 1.514000 200.138000
19359.250000 307.613739 1.514000 200.238007
19365.000000 307.818451 1.514000 200.337997
19369.875000 308.023682 1.514000 200.440002
19375.625000 308.224915 1.521000 200.537994
19382.250000 308.426056 1.521000 200.632996
19387.625000 308.627563 1.521000 200.733002
19391.625000 308.828674 1.521000 200.832993
19397.875000 309.029846 1.521000 200.932999
19404.250000 309.230865 1.521000 201.033005
19410.500000 309.433868 1.521000 201.139008
19412.750000 309.635345 1.521000 201.235001
19418.500000 309.840790 1.521000 201.345993
19423.500000 310.042053 1.521000 201.440994
19428.250000 310.243469 1.521000 201.539001
19432.500000 310.450317 1.521000 201.634003
19440.500000 310.450317 1.521000 201.725998
19446.500000 310.852997 1.530000 201.834000
19451.750000 310.852997 1.530000 201.923996
19455.125000 311.054077 1.530000 202.029007
19460.250000 311.456696 1.530000 202.134003
19463.750000 311.659668 1.530000 202.235001
19473.375000 311.869202 1.530000 202.343994
19478.125000 311.869202 1.530000 202.436005
19481.625000 312.281433 1.530000 202.544006
19486.000000 312.482727 1.530000 202.643997
19490.625000 312.482727 1.530000 202.740005
19493.500000 312.686371 1.530000 202.841003
19503.750000 312.887421 1.530000 202.940002
19517.625000 313.096802 1.530000 203.039993
19525.250000 313.297546 1.521000 203.143997
19532.000000 313.502411 1.521000 203.248993
19538.125000 313.712280 1.521000 203.343994
19544.375000 313.923645 1.521000 203.453995
19554.625000 314.164734 1.521000 203.554001
19562.750000 314.385986 1.521000 203.654007
19570.125000 314.587219 1.521000 203.753998
19577.500000 314.788452 1.521000 203.854004
19585.375000 314.991760 1.521000 203.945007
19592.250000 315.192963 1.521000 204.046005
19599.500000 315.394196 1.521000 204.145004
19606.875000 315.394196 1.521000 204.229996
19616.125000 315.799042 1.521000 204.350998
19623.000000 316.008087 1.521000 204.445007
19627.375000 316.209259 1.547000 204.544998
19633.125000 316.410645 1.547000 204.645004
19640.625000 316.611816 1.547000 204.746994
19647.750000 316.813049 1.547000 204.845001
19654.875000 317.014313 1.547000 204.945007
19664.000000 317.014313 1.547000 205.029999
19673.750000 317.426666 1.547000 205.154999
19684.375000 317.627930 1.547000 205.255005
19692.875000 317.829315 1.547000 205.345001
19702.500000 317.829315 1.547000 205.429993
19711.500000 318.231659 1.547000 205.554993
19721.250000 318.432892 1.547000 205.654999
19740.500000 318.432892 1.547000 205.744995
19794.375000 318.633911 1.547000 205.841995
19812.000000 318.831055 1.613000 205.940002
19825.750000 318.987122 1.613000 206.044998
19833.750000 319.125214 1.613000 206.145004
19839.750000 319.125214 1.613000 206.227005
19848.875000 319.220642 1.613000 206.347000
19852.750000 319.220642 1.613000 206.432007
19859.250000 319.326233 1.613000 206.542007
19865.125000 319.326233 1.613000 206.617004
19870.250000 319.326233 1.613000 206.742004
19878.000000 319.527588 1.613000 206.847000
19882.625000 319.527588 1.613000 206.945999
19890.375000 319.733368 1.613000 207.046005
19896.250000 319.733368 1.613000 207.147003
19903.375000 319.969269 1.613000 207.246002
19915.125000 320.187317 1.410000 207.335999
19921.750000 320.391937 1.410000 207.451004
19929.250000 320.391937 1.410000 207.537003
19935.125000 320.798523 1.410000 207.641006
19942.375000 320.798523 1.410000 207.731003
19948.875000 321.211060 1.410000 207.845993
19956.000000 321.412323 1.410000 207.945999
19964.000000 321.613586 1.410000 208.046005
19971.500000 321.613586 1.410000 208.141006
19979.000000 322.022461 1.410000 208.253998
19986.125000 322.022461 1.410000 208.343994
19993.000000 322.264069 1.410000 208.429001
19999.875000 322.479370 1.410000 208.544006
20010.125000 322.686615 1.449000 208.639008
20019.000000 322.927734 1.449000 208.744003
20026.500000 323.173096 1.449000 208.850998
20033.250000 323.382111 1.449000 208.945007
20042.125000 323.583588 1.449000 209.044998
20048.625000 323.785065 1.449000 209.145996
20056.125000 323.986237 1.449000 209.244995
20061.250000 324.195099 1.449000 209.354004
20066.375000 324.396332 1.449000 209.453995
20071.875000 324.597443 1.449000 209.554001
20075.875000 324.806702 1.449000 209.658005
20079.500000 325.012146 1.449000 209.751007
20081.500000 325.215546 1.449000 209.850006
20084.250000 325.424622 1.553000 209.949997
20087.500000 325.625732 1.553000 210.050003
20090.500000 325.827118 1.553000 210.149994
20093.875000 326.028381 1.553000 210.244995
20097.875000 326.229309 1.553000 210.350006
20101.750000 326.432556 1.553000 210.451996
20104.250000 326.641907 1.553000 210.550003
20108.000000 326.843140 1.553000 210.651001
20112.125000 327.046722 1.553000 210.750000
20117.125000 327.255951 1.553000 210.850006
20122.250000 327.457306 1.553000 210.949997
20127.625000 327.660950 1.553000 211.050995
20132.875000 327.660950 1.553000 211.145996
20140.000000 328.067749 1.553000 211.257996
20145.500000 328.067749 1.553000 211.347000
20152.875000 328.274933 1.617000 211.445999
20156.750000 328.521667 1.617000 211.546005
20159.750000 328.753143 1.617000 211.645996
20163.250000 328.954651 1.617000 211.746002
20169.750000 329.165802 1.617000 211.850998
20173.000000 329.367035 1.617000 211.945999
20176.250000 329.578583 1.617000 212.046005
20180.875000 329.780029 1.617000 212.151001
20184.500000 329.981293 1.617000 212.251007
20188.250000 330.182343 1.617000 212.345993
20192.375000 330.424072 1.617000 212.451004
20194.875000 330.641449 1.617000 212.554001
20197.000000 330.842621 1.617000 212.649002
20200.625000 331.044067 1.617000 212.748993
20202.875000 331.245331 1.686000 212.848999
20206.500000 331.446625 1.686000 212.949005
20208.750000 331.647949 1.686000 213.054001
20212.250000 331.851379 1.686000 213.156998
20215.375000 332.052917 1.686000 213.240005
20218.750000 332.254272 1.686000 213.350006
20221.875000 332.459442 1.686000 213.457001
20225.250000 332.666595 1.686000 213.550003
20228.125000 332.869690 1.686000 213.656006
20232.875000 333.079041 1.686000 213.750000
20237.500000 333.280396 1.686000 213.850006
20240.750000 333.483643 1.686000 213.955994
20242.875000 333.691223 1.686000 214.048996
20245.625000 333.691223 1.686000 214.147995
20247.750000 333.900360 1.588000 214.248001
20251.000000 334.101471 1.588000 214.348007
20253.750000 334.322723 1.588000 214.438004
20256.250000 334.524109 1.588000 214.557007
20258.625000 334.733337 1.588000 214.656998
20261.500000 334.944824 1.588000 214.761002
20265.125000 335.164062 1.588000 214.841003
20267.875000 335.375183 1.588000 214.945999
20271.125000 335.586670 1.588000 215.054001
20275.000000 335.813660 1.588000 215.154007
20279.375000 336.028778 1.588000 215.255997
20283.125000 336.270294 1.588000 215.350998
20294.500000 336.473480 1.588000 215.455994
20300.875000 336.659454 1.588000 215.548004
20306.000000 336.659454 1.557000 215.649002
20313.375000 336.855164 1.557000 215.748001
20321.750000 336.969391 1.557000 215.848007
20325.125000 337.053711 1.557000 215.945007
20330.125000 337.103760 1.557000 216.052002
20332.875000 337.103760 1.557000 216.139008
20341.375000 337.120911 1.557000 216.263000
20343.250000 337.120911 1.557000 216.348007
20345.625000 337.120911 1.557000 216.457993
20350.250000 337.120911 1.557000 216.557999
20351.750000 337.120911 1.557000 216.658005
20353.250000 337.120911 1.557000 216.748001
20354.625000 337.123291 1.557000 216.858002
20356.250000 337.123291 1.557000 216.962997
20357.625000 337.130920 1.561000 217.063004
20358.500000 337.130920 1.561000 217.138000
20360.500000 337.130920 1.561000 217.263000
20361.500000 337.228516 1.561000 217.363007
20362.875000 337.228516 1.561000 217.457993
20363.125000 337.430084 1.561000 217.557999
20364.750000 337.430084 1.561000 217.658005
20366.250000 337.665955 1.561000 217.738007
20368.625000 337.870575 1.561000 217.858002
20370.375000 337.870575 1.561000 217.932999
20372.125000 338.301544 1.561000 218.063004
20376.250000 338.301544 1.561000 218.138000
20378.875000 338.708435 1.561000 218.250000
20385.625000 338.708435 1.501000 218.348999
20387.375000 338.912384 1.501000 218.449005
20389.875000 339.121155 1.501000 218.554001
20393.875000 339.322296 1.501000 218.649002
20396.125000 339.540009 1.501000 218.737000
20399.375000 339.741119 1.501000 218.862000
20402.000000 339.962494 1.501000 218.957001
20404.625000 340.173615 1.501000 219.057007
20410.250000 340.435364 1.501000 219.162003
20412.250000 340.666718 1.501000 219.246994
20415.500000 340.877960 1.501000 219.362000
20418.375000 341.079224 1.501000 219.462006
20421.125000 341.280609 1.501000 219.554993
20423.000000 341.485474 1.501000 219.654007
20425.000000 341.690735 1.535000 219.751007
20428.625000 341.897827 1.535000 219.854004
20431.375000 342.103058 1.535000 219.960999
20433.125000 342.304291 1.535000 220.061005
20436.125000 342.509766 1.535000 220.162994
20440.750000 342.710999 1.535000 220.268005
20443.125000 342.912109 1.535000 220.352997
20444.375000 343.113342 1.535000 220.462997
20446.000000 343.314697 1.535000 220.563004
20447.500000 343.515930 1.535000 220.662994
20449.500000 343.721039 1.535000 220.750000
20451.375000 343.926117 1.535000 220.852005
20454.250000 344.127350 1.535000 220.966995
20457.000000 344.328705 1.535000 221.067001
20459.625000 344.533936 1.535000 221.149994
20469.250000 344.741302 1.593000 221.263000
20472.875000 344.946533 1.593000 221.363007
20474.750000 344.946533 1.593000 221.434998
20477.500000 345.151550 1.593000 221.554993
20480.000000 345.356750 1.593000 221.654999
20482.375000 345.584015 1.593000 221.740005
20485.375000 345.795532 1.593000 221.845001
20487.500000 346.052887 1.593000 221.929993
20491.000000 346.259003 1.593000 222.044998
20493.125000 346.259003 1.593000 222.154999
20495.250000 346.487396 1.593000 222.255005
20518.500000 346.487396 1.593000 222.360992
20525.875000 346.660583 1.593000 222.464005
20535.375000 346.724976 1.508000 222.563995
20544.000000 346.724976 1.508000 222.654999
20572.625000 346.753296 1.508000 222.755005
20575.125000 346.753296 1.508000 222.852005
20580.375000 346.753296 1.508000 222.955002
20582.500000 346.753296 1.508000 223.052994
20598.250000 346.754486 1.508000 223.160004
20602.375000 346.754486 1.508000 223.261002
20603.625000 346.754974 1.508000 223.360992
20605.500000 346.754974 1.508000 223.455002
20606.750000 346.754974 1.508000 223.554993
20608.750000 346.804810 1.508000 223.654999
20609.875000 346.804810 1.508000 223.755005
20613.000000 347.007416 1.472000 223.854996
20614.625000 347.007416 1.472000 223.955994
20615.625000 347.007416 1.472000 224.056000
20619.125000 347.209167 1.472000 224.154999
20620.625000 347.209167 1.472000 224.255005
20622.625000 347.209167 1.472000 224.360001
20623.750000 347.410004 1.472000 224.455002
20626.000000 347.410004 1.472000 224.563004
20628.000000 347.614807 1.472000 224.658997
20636.750000 347.824280 1.472000 224.757996
20639.250000 348.030365 1.472000 224.865997
20641.625000 348.233734 1.472000 224.966003
20643.750000 348.233734 1.472000 225.057999
20651.500000 348.439484 1.437000 225.158997
20655.750000 348.650360 1.437000 225.257996
20658.625000 348.909637 1.437000 225.358002
20661.875000 349.121155 1.437000 225.460007
20667.125000 349.331940 1.437000 225.557999
20673.750000 349.553497 1.437000 225.643005
20683.125000 349.754913 1.437000 225.757996
20688.375000 349.982910 1.437000 225.856003
20697.500000 350.188049 1.437000 225.957993
20704.000000 350.388794 1.437000 226.063004
20710.125000 350.589996 1.437000 226.158005
20715.375000 350.807678 1.437000 226.266006
20723.125000 350.807678 1.437000 226.332993
20736.500000 351.214813 1.438000 226.457993
20745.500000 351.415253 1.438000 226.557999
20752.500000 351.616821 1.438000 226.658005
20759.250000 351.819275 1.438000 226.757996
20766.875000 351.819275 1.438000 226.858994
20769.625000 352.027893 1.438000 226.957993
20774.125000 352.231018 1.438000 227.057999
20782.000000 352.231018 1.438000 227.158005
20786.125000 352.432007 1.438000 227.257996
20789.625000 352.432007 1.438000 227.358002
20794.500000 352.654877 1.438000 227.460999
20799.125000 352.870758 1.438000 227.552994
20803.875000 353.089050 1.438000 227.643005
20808.750000 353.290039 1.415000 227.757996
20814.625000 353.492798 1.415000 227.863998
20820.750000 353.693909 1.415000 227.960999
20826.375000 353.897064 1.415000 228.059998
20831.250000 354.128296 1.415000 228.160004
20835.500000 354.331482 1.415000 228.240997
20842.375000 354.548462 1.415000 228.369003
20848.250000 354.548462 1.415000 228.445007
20853.250000 354.753815 1.415000 228.544998
20859.250000 355.164154 1.415000 228.664993
20864.500000 355.164154 1.415000 228.750000
20871.000000 355.568634 1.415000 228.865005
20875.500000 355.568634 1.283000 228.964996
20879.875000 355.805603 1.283000 229.044998
20885.750000 356.008820 1.283000 229.164993
20890.000000 356.209930 1.283000 229.263000
20896.500000 356.469604 1.283000 229.360001
20901.250000 356.674835 1.283000 229.460007
20905.875000 356.884338 1.283000 229.565002
20910.250000 357.087433 1.283000 229.662003
20913.500000 357.312683 1.283000 229.761993
20916.625000 357.520050 1.283000 229.862000
20920.500000 357.731323 1.283000 229.962006
20925.000000 357.932678 1.283000 230.067001
20926.875000 358.137451 1.283000 230.169006
20935.750000 358.338837 1.317000 230.268997
20938.625000 358.543304 1.317000 230.362000
20940.250000 358.744537 1.317000 230.464996
20942.875000 358.945923 1.317000 230.561996
20945.875000 359.147583 1.317000 230.662003
20949.250000 359.348969 1.317000 230.761993
20952.500000 359.550049 1.317000 230.862000
20954.250000 359.751312 1.317000 230.962006
20955.500000 359.956482 1.317000 231.067001
20957.125000 360.167938 1.317000 231.173996
20959.750000 360.376801 1.317000 231.266998
20961.750000 360.585510 1.317000 231.367004
20963.750000 360.585510 1.317000 231.451996
20964.625000 360.996704 1.317000 231.576004
20970.875000 361.204895 1.491000 231.675003
20973.750000 361.408722 1.491000 231.772995
20976.125000 361.609833 1.491000 231.878006
20977.250000 361.609833 1.491000 231.966995
20979.375000 361.834686 1.491000 232.067001
20980.750000 362.039886 1.491000 232.164001
20982.250000 362.311615 1.491000 232.272003
20983.500000 362.533478 1.491000 232.369995
20985.000000 362.764954 1.491000 232.466995
20986.125000 362.968475 1.491000 232.569000
20988.250000 363.177490 1.491000 232.667007
20989.875000 363.379181 1.491000 232.768997
20991.625000 363.586639 1.491000 232.869995
20994.000000 363.787903 1.406000 232.970993
20995.500000 363.989166 1.406000 233.070007
20997.125000 364.190399 1.406000 233.169998
20999.250000 364.391663 1.406000 233.270004
21000.625000 364.592712 1.406000 233.369995
21002.750000 364.793945 1.406000 233.460007
21004.500000 365.011627 1.406000 233.572998
21006.000000 365.213013 1.406000 233.677994
21008.125000 365.418701 1.406000 233.779999
21010.250000 365.620056 1.406000 233.880005
21011.125000 365.821411 1.406000 233.975006
21013.125000 366.022400 1.406000 234.080002
21014.625000 366.223785 1.406000 234.179993
21016.375000 366.425049 1.406000 234.270004
21023.250000 366.626221 1.451000 234.380005
21025.125000 366.626221 1.451000 234.466995
21028.625000 366.835480 1.451000 234.567001
21031.250000 367.036713 1.451000 234.667999
21033.750000 367.240234 1.451000 234.772003
21035.875000 367.470062 1.451000 234.871994
21038.000000 367.671448 1.451000 234.957001
21040.500000 367.894775 1.451000 235.074997
21043.625000 368.150726 1.451000 235.177002
21046.625000 368.356140 1.451000 235.257004
21049.125000 368.571808 1.451000 235.367004
21051.375000 368.779724 1.451000 235.462006
21053.125000 368.981079 1.451000 235.567001
21056.125000 368.981079 1.451000 235.636993
21057.750000 369.404297 1.465000 235.766998
21060.000000 369.605713 1.465000 235.867004
21062.125000 369.807190 1.465000 235.966995
21063.625000 370.008820 1.465000 236.072006
21065.375000 370.008820 1.465000 236.141998
21066.750000 370.411530 1.465000 236.272003
21068.250000 370.612671 1.465000 236.369995
21070.000000 370.818115 1.465000 236.466995
21072.750000 370.818115 1.465000 236.557999
21076.875000 371.226868 1.465000 236.662003
21079.875000 371.430542 1.465000 236.766998
21083.750000 371.631622 1.465000 236.873001
21087.000000 371.631622 1.465000 236.962006
21090.875000 372.042542 1.424000 237.067001
21094.000000 372.042542 1.424000 237.156998
21097.000000 372.243774 1.424000 237.257004
21099.875000 372.646271 1.424000 237.367004
21103.625000 372.849274 1.424000 237.468002
21105.875000 373.058868 1.424000 237.572006
21107.625000 373.058868 1.424000 237.667007
21111.625000 373.260712 1.424000 237.766998
21115.375000 373.461823 1.424000 237.867004
21118.500000 373.693207 1.424000 237.972000
21120.375000 373.904816 1.424000 238.074005
21124.000000 374.105927 1.424000 238.177002
21126.000000 374.317291 1.424000 238.270996
21128.750000 374.562744 1.351000 238.373993
21130.625000 374.769623 1.351000 238.472000
21133.875000 374.970764 1.351000 238.572006
21136.500000 375.172241 1.351000 238.671997
21138.250000 375.415802 1.351000 238.761993
21141.375000 375.619263 1.351000 238.856995
21143.375000 375.619263 1.351000 238.957001
21145.750000 375.819305 1.351000 239.052002
21149.000000 376.021240 1.351000 239.173996
21152.500000 376.021240 1.351000 239.259003
21153.375000 376.221375 1.351000 239.375000
21156.750000 376.221375 1.351000 239.468994
21159.875000 376.221375 1.351000 239.559006
21162.125000 376.423737 1.376000 239.669006
21166.500000 376.630432 1.376000 239.763000
21168.875000 376.834198 1.376000 239.867996
21171.125000 377.040009 1.376000 239.975998
21174.125000 377.247711 1.376000 240.078995
21179.000000 377.247711 1.376000 240.167999
21183.000000 377.487091 1.376000 240.268005
21187.125000 377.688354 1.376000 240.367996
21190.250000 377.919830 1.376000 240.468002
21191.625000 378.133209 1.376000 240.570007
21194.625000 378.344238 1.376000 240.673996
21196.625000 378.553955 1.376000 240.768005
21197.750000 378.795410 1.376000 240.867996
21201.250000 378.996796 1.413000 240.968994
21204.125000 379.208008 1.413000 241.072998
21208.875000 379.410919 1.413000 241.158997
21221.125000 379.612488 1.413000 241.270004
21223.625000 379.813324 1.413000 241.369003
21225.625000 380.014252 1.413000 241.479004
21228.625000 380.215332 1.413000 241.569000
21230.375000 380.416321 1.413000 241.664001
21232.500000 380.617737 1.413000 241.768997
21234.750000 380.824738 1.413000 241.862000
21237.000000 381.025970 1.413000 241.977005
21238.750000 381.227234 1.413000 242.076996
21239.750000 381.432343 1.413000 242.169998
21250.000000 381.636566 1.282000 242.274002
21251.625000 381.837158 1.282000 242.369003
21252.750000 382.038239 1.282000 242.473999
21255.125000 382.241791 1.282000 242.574997
21256.000000 382.443024 1.282000 242.675003
21258.125000 382.644226 1.282000 242.770004
21259.500000 382.849274 1.282000 242.871994
21260.250000 382.849274 1.282000 242.970001
21262.125000 383.056488 1.282000 243.070007
21266.875000 383.297668 1.282000 243.169998
21270.750000 383.557220 1.282000 243.276993
21274.125000 383.721558 1.282000 243.369995
21276.500000 383.851959 1.243000 243.477005
21279.125000 383.851959 1.243000 243.572006
21281.125000 383.964355 1.243000 243.671997
21290.625000 384.043884 1.243000 243.774002
21292.250000 384.081055 1.243000 243.871994
21293.125000 384.083435 1.243000 243.966995
21294.875000 384.083435 1.243000 244.067001
21296.750000 384.083435 1.243000 244.171997
21305.250000 384.083435 1.243000 244.257004
21307.125000 384.083435 1.243000 244.367004
21308.500000 384.083435 1.243000 244.457001
21308.750000 384.083435 1.243000 244.574005
21317.625000 384.083435 1.167000 244.679001
21317.750000 384.083435 1.167000 244.778000
21318.625000 384.083435 1.167000 244.873001
21318.750000 384.083435 1.167000 244.957001
21319.000000 384.084198 1.167000 245.046997
21319.375000 384.084320 1.167000 245.162003
21319.750000 384.084320 1.167000 245.270996
21320.875000 384.086823 1.167000 245.378998
21321.000000 384.086823 1.167000 245.475998
21321.500000 384.086823 1.167000 245.576004
21321.625000 384.122650 1.167000 245.666000
21322.125000 384.122650 1.167000 245.770996
21322.250000 384.122650 1.185000 245.871002
21322.750000 384.122650 1.185000 245.968002
21322.750000 384.122650 1.185000 246.070007
21323.250000 384.122650 1.185000 246.169998
21323.375000 384.326721 1.185000 246.270004
21323.750000 384.326721 1.185000 246.369995
21324.125000 384.554688 1.185000 246.470001
21324.125000 384.756897 1.185000 246.570007
21324.250000 384.756897 1.185000 246.669998
21324.250000 384.974884 1.185000 246.776993
21324.250000 385.218048 1.185000 246.871994
21325.000000 385.439423 1.073000 246.977005
21325.250000 385.646790 1.073000 247.065994
21325.500000 385.847992 1.073000 247.169998
21326.125000 386.059174 1.073000 247.257004
21326.375000 386.260284 1.073000 247.369995
21326.625000 386.461761 1.073000 247.470993
21326.875000 386.662964 1.073000 247.570999
21327.125000 386.864197 1.073000 247.671005
21327.625000 387.065369 1.073000 247.770004
21330.125000 387.266571 1.073000 247.871002
21331.000000 387.467468 1.073000 247.970001
21337.125000 387.687317 1.160000 248.070007
21337.500000 387.892395 1.160000 248.169998
21338.000000 388.093536 1.160000 248.270004
21338.250000 388.294800 1.160000 248.369995
21338.375000 388.496094 1.160000 248.470001
21339.000000 388.697601 1.160000 248.570007
21339.375000 388.898651 1.160000 248.669998
21339.750000 389.108124 1.160000 248.770004
21340.750000 389.311218 1.160000 248.869995
21341.125000 389.516327 1.160000 248.970001
21342.125000 389.727325 1.160000 249.061996
21342.875000 389.936768 1.108000 249.171005
21343.250000 390.142120 1.108000 249.268005
21343.750000 390.349152 1.108000 249.376007
21344.250000 390.550385 1.108000 249.481003
21345.000000 390.751862 1.108000 249.576004
21345.625000 390.953094 1.108000 249.675995
21346.000000 390.953094 1.108000 249.763000
21346.500000 391.359863 1.108000 249.878006
21346.750000 391.561096 1.108000 249.973007
21347.125000 391.764099 1.108000 250.074005
21348.000000 391.764099 1.108000 250.154007
21348.875000 391.965393 1.108000 250.268997
21352.125000 392.166626 1.144000 250.369003
21352.750000 392.367798 1.144000 250.475998
21353.625000 392.572083 1.144000 250.569000
21354.625000 392.809601 1.144000 250.669006
21357.125000 393.010040 1.144000 250.768997
21359.125000 393.210083 1.144000 250.869003
21361.750000 393.438812 1.144000 250.968994
21365.500000 393.438812 1.144000 251.078003
21370.375000 393.664093 1.144000 251.177994
21376.125000 393.766846 1.144000 251.278000
21378.750000 393.836517 1.083000 251.378006
21379.500000 393.836517 1.083000 251.462997
21380.250000 393.874084 1.083000 251.570007
21382.000000 393.878723 1.083000 251.669006
21384.500000 393.878723 1.083000 251.770004
21384.875000 393.878723 1.083000 251.869003
21385.125000 393.879608 1.083000 251.970001
21385.375000 393.879608 1.083000 252.070999
21385.500000 393.897583 1.083000 252.169998
21385.750000 393.897583 1.083000 252.268997
21385.750000 393.913574 1.083000 252.369003
21386.000000 393.913574 1.083000 252.459000
21386.000000 393.913574 1.074000 252.569000
21386.000000 393.913574 1.074000 252.669998
21386.125000 394.015381 1.074000 252.768997
21386.375000 394.015381 1.074000 252.873993
21387.875000 394.215698 1.074000 252.968994
21388.500000 394.417786 1.074000 253.069000
21388.750000 394.417786 1.074000 253.169006
21389.625000 394.625824 1.074000 253.268997
21389.625000 394.841309 1.074000 253.369995
21390.375000 395.042633 1.074000 253.468994
21390.750000 395.243561 1.000000 253.550003
21391.000000 395.475067 1.000000 253.669006
21391.500000 395.686127 1.000000 253.768997
21392.250000 395.897461 1.000000 253.869003
21393.250000 396.138947 1.000000 253.968994
21393.750000 396.340149 1.000000 254.069000
21394.375000 396.541687 1.000000 254.169006
21395.375000 396.742950 1.000000 254.268997
21395.750000 396.944244 1.000000 254.373993
21396.500000 397.149689 1.000000 254.481003
21396.875000 397.357422 1.000000 254.578995
21397.875000 397.586029 1.026000 254.679001
21398.500000 397.787567 1.026000 254.774002
21399.000000 397.988678 1.026000 254.873993
21399.375000 398.189789 1.026000 254.973999
21399.625000 398.391296 1.026000 255.074005
21399.625000 398.596527 1.026000 255.173996
21400.000000 398.803741 1.026000 255.274002
21400.250000 399.005005 1.026000 255.373993
21400.375000 399.005005 1.026000 255.464005
21400.875000 399.417206 1.026000 255.574005
21401.125000 399.417206 1.026000 255.669006
21402.375000 399.618439 1.055000 255.768997
21402.750000 399.827179 1.055000 255.876999
21402.875000 400.027954 1.055000 255.975006
21403.625000 400.229584 1.055000 256.074005
21403.750000 400.430786 1.055000 256.158997
21403.875000 400.631805 1.055000 256.273010
21403.875000 400.833252 1.055000 256.373993
21404.000000 401.034546 1.055000 256.472992
21404.500000 401.235413 1.055000 256.571014
21405.750000 401.460297 1.055000 256.675995
21406.750000 401.665314 1.055000 256.776001
21406.750000 401.665314 1.057000 256.865997
21407.250000 401.912506 1.057000 256.976013
21408.250000 402.113220 1.057000 257.080994
21408.875000 402.113220 1.057000 257.181000
21410.125000 402.317169 1.057000 257.276001
21410.250000 402.525146 1.057000 257.381989
21410.375000 402.736816 1.057000 257.476990
21410.625000 402.946289 1.057000 257.561005
21411.000000 403.147430 1.057000 257.671997
21411.500000 403.371094 1.057000 257.772003
21412.125000 403.602844 1.057000 257.862000
21412.625000 403.804199 1.057000 257.973999
21412.750000 404.005463 1.211000 258.083008
21413.375000 404.206696 1.211000 258.171997
21413.500000 404.416168 1.211000 258.281006
21413.750000 404.638031 1.211000 258.385986
21413.875000 404.839264 1.211000 258.480988
21414.125000 405.052246 1.211000 258.587006
21414.250000 405.263367 1.211000 258.687012
21414.750000 405.464966 1.211000 258.786987
21415.500000 405.672760 1.211000 258.877991
21415.750000 405.880005 1.211000 258.977997
21415.875000 405.880005 1.211000 259.044006
21416.250000 406.081390 1.211000 259.167999
21416.875000 406.282257 1.152000 259.273010
21418.000000 406.494354 1.152000 259.373993
21418.250000 406.701843 1.152000 259.472992
21418.500000 406.903229 1.152000 259.567993
21418.625000 407.104523 1.152000 259.674988
21418.750000 407.305756 1.152000 259.773987
21419.000000 407.542694 1.152000 259.865997
21419.125000 407.764069 1.152000 259.980988
21419.250000 407.965698 1.152000 260.071014
21419.625000 408.166962 1.152000 260.179993
21419.625000 408.406311 1.152000 260.279999
21419.875000 408.643921 1.152000 260.368011
21421.000000 408.845184 1.156000 260.472992
21421.250000 409.052673 1.156000 260.572998
21421.375000 409.257874 1.156000 260.653015
21421.875000 409.459412 1.156000 260.778992
21422.250000 409.660675 1.156000 260.872986
21422.750000 409.660675 1.156000 260.942993
21423.125000 410.073181 1.156000 261.072998
21423.250000 410.274353 1.156000 261.173004
21423.750000 410.483978 1.156000 261.278015
21424.750000 410.689453 1.156000 261.377014
21425.125000 410.898529 1.156000 261.472992
21425.875000 411.109375 1.221000 261.572998
21430.625000 411.317932 1.221000 261.682007
21433.125000 411.518921 1.221000 261.777008
21433.250000 411.720032 1.221000 261.877014
21434.625000 411.921082 1.221000 261.976990
21436.375000 412.122437 1.221000 262.076996
21436.875000 412.323853 1.221000 262.177002
21437.250000 412.525604 1.221000 262.286987
21438.125000 412.730896 1.221000 262.384003
21440.875000 412.931885 1.221000 262.484009
21441.375000 413.132629 1.221000 262.579010
21441.875000 413.333893 1.221000 262.678986
21442.125000 413.535126 1.262000 262.783997
21443.000000 413.736633 1.262000 262.881012
21443.250000 413.736633 1.262000 262.971985
21444.000000 413.946075 1.262000 263.080994
21444.375000 414.152893 1.262000 263.165985
21444.875000 414.353912 1.262000 263.278015
21445.125000 414.555054 1.262000 263.376007
21445.875000 414.756317 1.262000 263.476013
21446.250000 414.957642 1.262000 263.578003
21446.875000 415.161438 1.262000 263.667999
21448.500000 415.362488 1.262000 263.777008
21450.250000 415.570007 1.262000 263.877014
21451.000000 415.775818 1.262000 263.979004
21452.750000 415.982452 1.230000 264.084015
21453.500000 415.982452 1.230000 264.171997
21454.875000 416.196411 1.230000 264.277008
21458.375000 416.398499 1.230000 264.372009
21459.000000 416.398499 1.230000 264.476990
21459.750000 416.620880 1.230000 264.579987
21460.625000 416.825195 1.230000 264.677002
21461.250000 417.025421 1.230000 264.779999
21462.000000 417.232269 1.230000 264.881012
21464.250000 417.433838 1.230000 264.976990
21465.750000 417.641571 1.230000 265.070007
21467.250000 417.842834 1.230000 265.174988
21469.000000 418.044220 1.267000 265.281006
21470.375000 418.245087 1.267000 265.380005
21473.125000 418.446045 1.267000 265.475006
21476.250000 418.647400 1.267000 265.565002
21479.875000 418.848633 1.267000 265.681000
21481.875000 419.049744 1.267000 265.776001
21485.375000 419.253326 1.267000 265.865997
21492.250000 419.454437 1.267000 265.975006
21494.375000 419.454437 1.267000 266.065002
21497.500000 419.865265 1.267000 266.175995
21500.875000 420.066650 1.267000 266.274994
21505.125000 420.268188 1.267000 266.375000
21508.250000 420.469574 1.168000 266.489990
21510.125000 420.670837 1.168000 266.584991
21513.375000 420.872406 1.168000 266.679993
21517.125000 421.073578 1.168000 266.779999
21520.250000 421.073578 1.168000 266.855011
21523.000000 421.477814 1.168000 266.971008
21527.125000 421.477814 1.168000 267.066010
21530.000000 421.686340 1.168000 267.175995
21532.875000 421.897064 1.168000 267.277008
21536.500000 422.103149 1.168000 267.373993
21540.500000 422.103149 1.168000 267.476013
21543.000000 422.305664 1.168000 267.571014
21547.750000 422.305664 1.225000 267.681000
21553.000000 422.522827 1.225000 267.781006
21556.000000 422.522827 1.225000 267.868011
21559.875000 422.737732 1.225000 267.976990
21563.000000 422.737732 1.225000 268.078003
21566.125000 422.945709 1.225000 268.177002
21568.500000 422.945709 1.225000 268.278015
21571.000000 423.149689 1.225000 268.377991
21573.750000 423.149689 1.225000 268.480011
21576.500000 423.355774 1.225000 268.585999
21578.375000 423.569427 1.225000 268.681000
21580.625000 423.773651 1.149000 268.777008
21583.875000 423.974182 1.149000 268.875000
21588.125000 424.195465 1.149000 268.975006
21592.625000 424.402069 1.149000 269.062988
21595.250000 424.603302 1.149000 269.187988
21597.250000 424.808350 1.149000 269.274994
21600.750000 425.009766 1.149000 269.375000
21604.500000 425.213165 1.149000 269.475006
21607.750000 425.422363 1.149000 269.570007
21613.625000 425.623718 1.149000 269.679993
21617.500000 425.824585 1.052000 269.779999
21621.125000 426.027710 1.052000 269.877991
21625.375000 426.236908 1.052000 269.975006
21629.875000 426.438202 1.052000 270.075012
21634.500000 426.639435 1.052000 270.174988
21639.250000 426.840576 1.052000 270.285004
21644.375000 426.840576 1.052000 270.359985
21649.625000 427.092194 1.052000 270.481995
21652.500000 427.327728 1.052000 270.576996
21656.125000 427.528961 1.052000 270.682007
21660.875000 427.770691 1.052000 270.782013
21664.750000 427.977753 1.114000 270.885010
21667.125000 428.192932 1.114000 270.976990
21672.625000 428.426361 1.114000 271.076996
21676.250000 428.635498 1.114000 271.177002
21681.125000 428.836609 1.114000 271.266998
21684.750000 429.041870 1.114000 271.372009
21688.500000 429.249054 1.114000 271.476990
21691.250000 429.452118 1.114000 271.582001
21693.750000 429.665497 1.114000 271.677002
21697.375000 429.868500 1.114000 271.785004
21700.375000 430.073883 1.114000 271.881989
21708.875000 430.281158 1.049000 271.984985
21713.625000 430.281158 1.049000 272.076996
21717.875000 430.482849 1.049000 272.184998
21723.000000 430.691467 1.049000 272.285004
21729.500000 430.892731 1.049000 272.390015
21732.750000 431.174561 1.049000 272.489990
21736.625000 431.416046 1.049000 272.589996
21740.000000 431.617279 1.049000 272.690002
21743.625000 431.822205 1.049000 272.782013
21748.375000 432.043335 1.049000 272.886993
21751.000000 432.246307 1.049000 272.988007
21755.125000 432.447723 1.039000 273.078003
21757.625000 432.657440 1.039000 273.182007
21764.875000 432.860809 1.039000 273.286987
21768.750000 433.063538 1.039000 273.384003
21771.000000 433.270844 1.039000 273.481995
21773.125000 433.471710 1.039000 273.584015
21776.000000 433.677032 1.039000 273.683990
21780.250000 433.878448 1.039000 273.783997
21784.250000 434.079559 1.039000 273.889008
21786.875000 434.079559 1.039000 273.968994
21791.750000 434.482483 1.030000 274.088989
21794.625000 434.482483 1.030000 274.158997
21798.000000 434.893219 1.030000 274.283997
21801.375000 435.096313 1.030000 274.389008
21802.875000 435.305664 1.030000 274.489014
21805.375000 435.507111 1.030000 274.588989
21806.875000 435.708740 1.030000 274.688995
21809.250000 435.708740 1.030000 274.782013
21815.250000 436.123138 1.030000 274.894989
21817.875000 436.123138 1.030000 274.992004
21820.625000 436.533356 1.030000 275.098999
21828.500000 436.533356 1.025000 275.190002
21831.750000 436.747131 1.025000 275.290009
21835.250000 436.950348 1.025000 275.390015
21838.750000 437.151306 1.025000 275.490997
21841.750000 437.352509 1.025000 275.598999
21845.000000 437.561951 1.025000 275.699005
21847.250000 437.763062 1.025000 275.799011
21849.625000 437.974304 1.025000 275.889008
21852.000000 438.175568 1.025000 275.998993
21854.000000 438.376678 1.025000 276.098999
21856.250000 438.578064 1.054000 276.188995
21859.125000 438.789307 1.054000 276.299011
21862.750000 438.990570 1.054000 276.403992
21866.500000 439.232086 1.054000 276.498993
21870.625000 439.473572 1.054000 276.598999
21874.500000 439.674561 1.054000 276.704010
21878.500000 439.875824 1.054000 276.803986
21883.125000 440.079193 1.054000 276.894989
21887.000000 440.280396 1.054000 276.994995
21891.000000 440.487946 1.054000 277.097992
21893.500000 440.689453 1.054000 277.194000
21905.625000 440.889801 1.033000 277.282990
21909.000000 441.096741 1.033000 277.388000
21913.500000 441.297729 1.033000 277.494995
21918.125000 441.502960 1.033000 277.589996
21923.250000 441.704071 1.033000 277.717987
21928.375000 441.917603 1.033000 277.792999
21932.375000 442.123077 1.033000 277.888000
21937.125000 442.325958 1.033000 277.998993
21941.250000 442.325958 1.033000 278.083008
21945.000000 442.736481 1.033000 278.192993
21949.125000 442.937744 1.007000 278.292999
21954.250000 442.937744 1.007000 278.388000
21958.375000 443.342987 1.007000 278.498993
21962.750000 443.342987 1.007000 278.578003
21966.500000 443.753448 1.007000 278.697998
21969.000000 443.954651 1.007000 278.798004
21972.750000 444.157654 1.007000 278.899994
21977.000000 444.359009 1.007000 278.998993
21979.500000 444.359009 1.007000 279.097992
21982.875000 444.568390 1.007000 279.197998
21987.375000 444.771454 1.007000 279.299011
21991.750000 444.990692 1.019000 279.410004
21995.500000 445.208984 1.019000 279.497986
21999.250000 445.422516 1.019000 279.605988
22002.250000 445.655975 1.019000 279.697998
22005.000000 445.905945 1.019000 279.798004
22008.000000 446.107117 1.019000 279.898010
22012.500000 446.308716 1.019000 279.997986
22015.250000 446.509735 1.019000 280.097992
22021.750000 446.715698 1.019000 280.197998
22033.375000 446.917114 1.019000 280.298004
22039.000000 446.917114 1.019000 280.398010
22043.500000 447.120178 1.019000 280.506989
22049.375000 447.328094 1.002000 280.606995
22052.000000 447.328094 1.002000 280.707001
22055.625000 447.530426 1.002000 280.807007
22057.875000 447.781158 1.002000 280.906006
22062.375000 447.999023 1.002000 281.005005
22065.875000 448.208496 1.002000 281.102997
22067.500000 448.409760 1.002000 281.197998
22070.875000 448.610779 1.002000 281.303986
22073.500000 448.820251 1.002000 281.398010
22075.625000 449.021271 1.002000 281.498993
22077.875000 449.222565 1.002000 281.597992
22081.875000 449.424225 1.002000 281.697998
22083.875000 449.629639 1.002000 281.804993
22087.625000 449.832092 1.049000 281.898010
22089.375000 450.034088 1.049000 281.997986
22090.375000 450.239288 1.049000 282.105011
22092.500000 450.440155 1.049000 282.209991
22094.125000 450.440155 1.049000 282.287994
22096.125000 450.663544 1.049000 282.401001
22097.375000 450.890961 1.049000 282.498993
22099.375000 451.092438 1.049000 282.579010
22100.625000 451.305908 1.049000 282.699005
22103.000000 451.534790 1.049000 282.799011
22106.000000 451.748047 1.049000 282.898987
22113.750000 451.954590 1.095000 282.998993
22117.750000 452.176819 1.095000 283.098999
22121.000000 452.381042 1.095000 283.203003
22123.000000 452.582245 1.095000 283.295990
22125.750000 452.803894 1.095000 283.401001
22129.375000 453.005249 1.095000 283.497009
22131.000000 453.206512 1.095000 283.585999
22136.000000 453.409546 1.095000 283.696014
22138.750000 453.409546 1.095000 283.795990
22140.750000 453.618286 1.095000 283.881012
22148.125000 453.825104 1.095000 284.002014
22150.375000 453.825104 1.029000 284.096985
22152.500000 454.034454 1.029000 284.196014
22155.000000 454.034454 1.029000 284.296997
22165.250000 454.235474 1.029000 284.397003
22167.250000 454.437714 1.029000 284.497009
22170.000000 454.437714 1.029000 284.602997
22171.250000 454.650543 1.029000 284.697998
22174.000000 454.859558 1.029000 284.803009
22175.875000 455.080383 1.029000 284.898987
22176.875000 455.283875 1.029000 284.998993
22180.375000 455.488647 1.029000 285.105988
22182.000000 455.697876 1.285000 285.200012
22183.125000 455.898407 1.285000 285.299988
22185.250000 456.121704 1.285000 285.380005
22186.875000 456.331085 1.285000 285.500000
22188.625000 456.536163 1.285000 285.600006
22189.375000 456.743408 1.285000 285.696991
22190.500000 456.946686 1.285000 285.795013
22191.625000 457.155945 1.285000 285.894989
22193.875000 457.357117 1.285000 285.994995
22195.500000 457.558258 1.285000 286.101013
22196.500000 457.759369 1.285000 286.190002
22198.750000 457.960480 1.047000 286.299988
22200.000000 458.182190 1.047000 286.399994
22201.750000 458.383392 1.047000 286.494995
22203.625000 458.584625 1.047000 286.600006
22204.875000 458.786255 1.047000 286.700012
22205.750000 458.987518 1.047000 286.809998
22206.625000 459.189148 1.047000 286.915009
22208.375000 459.390411 1.047000 287.010010
22210.125000 459.599670 1.047000 287.098999
22211.500000 459.802795 1.047000 287.204987
22212.375000 460.004089 1.047000 287.299988
22214.125000 460.209259 1.084000 287.407013
22215.375000 460.410767 1.084000 287.506989
22217.125000 460.617859 1.084000 287.600006
22217.750000 460.821106 1.084000 287.705994
22219.375000 461.030212 1.084000 287.804993
22221.500000 461.030212 1.084000 287.899994
22222.375000 461.231567 1.084000 288.000000
22223.500000 461.432892 1.084000 288.100006
22225.750000 461.634155 1.084000 288.190002
22228.000000 461.835388 1.084000 288.299988
22234.000000 462.036743 1.102000 288.399994
22236.250000 462.281769 1.102000 288.506012
22236.625000 462.507019 1.102000 288.600006
22237.625000 462.714142 1.102000 288.708008
22239.000000 462.919403 1.102000 288.785004
22240.375000 463.120575 1.102000 288.911011
22242.125000 463.344238 1.102000 289.000000
22244.375000 463.547577 1.102000 289.100006
22246.500000 463.754639 1.102000 289.200012
22247.750000 463.955292 1.102000 289.302002
22250.500000 464.156525 1.102000 289.399994
22252.250000 464.409302 1.136000 289.506012
22253.875000 464.611053 1.136000 289.606995
22255.250000 464.820648 1.136000 289.701996
22258.250000 465.021759 1.136000 289.800995
22259.625000 465.223267 1.136000 289.902008
22261.500000 465.424469 1.136000 290.001007
22262.750000 465.625671 1.136000 290.096008
22265.625000 465.826324 1.136000 290.200989
22267.250000 466.033539 1.136000 290.295990
22268.875000 466.238922 1.136000 290.395996
22270.875000 466.440308 1.136000 290.503998
22274.750000 466.641418 1.033000 290.601013
22277.000000 466.641418 1.033000 290.700989
22279.875000 466.843506 1.033000 290.800995
22282.125000 467.044220 1.033000 290.876007
22283.375000 467.255554 1.033000 291.001007
22284.250000 467.456543 1.033000 291.101013
22286.250000 467.708038 1.033000 291.200989
22287.750000 467.911438 1.033000 291.300995
22290.250000 468.120911 1.033000 291.406006
22292.500000 468.342407 1.033000 291.485992
22294.375000 468.574158 1.033000 291.601013
22296.500000 468.793762 1.024000 291.709991
22298.125000 468.994873 1.024000 291.809998
22299.750000 469.200531 1.024000 291.907013
22302.000000 469.402039 1.024000 291.997009
22304.250000 469.603271 1.024000 292.101990
22306.375000 469.807983 1.024000 292.209015
22307.500000 470.017426 1.024000 292.300995
22310.500000 470.226898 1.024000 292.402008
22313.375000 470.428406 1.024000 292.502014
22315.250000 470.629333 0.931000 292.601990
22317.625000 470.829407 0.931000 292.701996
22319.875000 471.034790 0.931000 292.803986
22322.500000 471.034790 0.931000 292.898010
22324.625000 471.246002 0.931000 293.002014
22326.625000 471.454987 0.931000 293.101990
22329.875000 471.693848 0.931000 293.204010
22333.250000 471.932922 0.931000 293.302002
22336.250000 472.133331 0.931000 293.401001
22340.000000 472.333984 0.931000 293.509003
22340.750000 472.333984 0.852000 293.609009
22345.875000 472.540192 0.852000 293.709015
22350.625000 472.742218 0.852000 293.806000
22354.250000 472.742218 0.852000 293.890991
22361.125000 472.991943 0.852000 294.007996
22366.125000 473.197021 0.852000 294.098999
22372.500000 473.406250 0.852000 294.201996
22377.375000 473.607513 0.852000 294.306000
22382.875000 473.814636 0.852000 294.414001
22387.375000 474.023651 0.852000 294.507996
22399.250000 474.268738 0.892000 294.608002
22404.625000 474.475861 0.892000 294.703003
22410.750000 474.676483 0.892000 294.806000
22414.625000 474.676483 0.892000 294.895996
22421.625000 474.958557 0.892000 295.006012
22427.750000 475.190033 0.892000 295.106995
22434.375000 475.401550 0.892000 295.205994
22438.500000 475.632904 0.892000 295.295990
22445.875000 475.854401 0.892000 295.407013
22452.375000 476.057587 0.892000 295.490997
22463.000000 476.267120 0.931000 295.605988
22469.875000 476.473297 0.931000 295.713989
22476.000000 476.674408 0.931000 295.808990
22479.250000 476.881409 0.931000 295.911987
22483.875000 477.086975 0.931000 296.006989
22488.125000 477.288361 0.931000 296.114014
22491.875000 477.495239 0.931000 296.217010
22497.000000 477.696259 0.931000 296.307007
22500.125000 477.897369 0.931000 296.410004
22518.875000 478.104187 0.931000 296.515015
22525.375000 478.305420 0.861000 296.614990
22530.375000 478.305420 0.861000 296.684998
22534.125000 478.708008 0.861000 296.815002
22539.125000 478.915466 0.861000 296.912994
22542.250000 478.915466 0.861000 297.006012
22545.625000 479.324768 0.861000 297.110992
22550.625000 479.324768 0.861000 297.205994
22556.375000 479.525909 0.861000 297.306000
22561.875000 479.727142 0.861000 297.406006
22567.000000 480.129822 0.861000 297.510986
22571.625000 480.129822 0.899000 297.606995
22579.500000 480.532196 0.899000 297.710999
22585.750000 480.532196 0.899000 297.807007
22592.000000 480.741058 0.899000 297.906006
22597.125000 480.948273 0.899000 297.996002
22604.500000 481.195496 0.899000 298.105988
22611.000000 481.396881 0.899000 298.209991
22616.750000 481.630524 0.899000 298.306000
22623.000000 481.881958 0.899000 298.406006
22630.375000 482.091553 0.899000 298.510986
22638.625000 482.292664 0.899000 298.596008
22649.875000 482.494141 0.877000 298.710999
22657.625000 482.695282 0.877000 298.811005
22664.750000 482.896393 0.877000 298.911011
22671.250000 483.099365 0.877000 299.011993
22677.500000 483.300354 0.877000 299.108002
22684.500000 483.509521 0.877000 299.200989
22691.625000 483.712891 0.877000 299.306000
22697.250000 483.922302 0.877000 299.395996
22704.750000 484.123413 0.877000 299.506989
22714.750000 484.324768 0.877000 299.605988
22729.375000 484.529663 0.873000 299.705994
22736.875000 484.529663 0.873000 299.806000
22746.750000 484.739044 0.873000 299.906006
22753.750000 485.151001 0.873000 300.015991
22764.000000 485.352234 0.873000 300.115997
22772.125000 485.352234 0.873000 300.212006
22777.875000 485.607971 0.873000 300.306000
22784.625000 485.809052 0.873000 300.406006
22790.375000 486.016388 0.873000 300.506012
22794.500000 486.217621 0.873000 300.606995
22800.500000 486.438782 0.985000 300.705994
22807.750000 486.655762 0.985000 300.813995
22814.750000 486.861420 0.985000 300.911987
22822.875000 487.062744 0.985000 301.006012
22831.750000 487.284363 0.985000 301.105988
22840.500000 487.485718 0.985000 301.205994
22849.875000 487.687195 0.985000 301.312012
22858.750000 487.898438 0.985000 301.411011
22866.125000 488.099426 0.985000 301.513000
22874.000000 488.322510 0.985000 301.609009
22895.750000 488.522522 0.828000 301.713989
22906.500000 488.731140 0.828000 301.812012
22922.625000 488.938873 0.828000 301.914001
22932.375000 489.144287 0.828000 302.015991
22941.375000 489.345520 0.828000 302.109009
22951.875000 489.554382 0.828000 302.222992
22961.875000 489.554382 0.828000 302.309998
22972.750000 489.759399 0.828000 302.408997
22982.625000 489.998474 0.828000 302.515015
23005.125000 490.200378 0.893000 302.614014
23016.500000 490.402740 0.893000 302.704987
23024.125000 490.402740 0.893000 302.809998
23031.000000 490.611328 0.893000 302.910004
23042.000000 490.854584 0.893000 303.016998
23049.250000 491.074066 0.893000 303.112000
23056.000000 491.275238 0.893000 303.212006
23063.875000 491.490479 0.893000 303.325989
23070.125000 491.736298 0.893000 303.416992
23075.125000 491.939636 0.893000 303.511993
23081.375000 492.151245 0.902000 303.622009
23088.000000 492.361969 0.902000 303.721985
23094.250000 492.562958 0.902000 303.821991
23098.750000 492.768372 0.902000 303.914001
23107.125000 492.975769 0.902000 304.015015
23115.750000 493.176880 0.902000 304.112000
23122.250000 493.381897 0.902000 304.218994
23129.125000 493.582916 0.902000 304.313995
23137.500000 493.790131 0.902000 304.427002
23148.625000 493.790131 0.902000 304.502014
23160.000000 494.202850 0.902000 304.617004
23198.375000 494.202850 0.892000 304.717010
23204.750000 494.440491 0.892000 304.813995
23213.375000 494.641724 0.892000 304.916992
23221.500000 494.853027 0.892000 305.016998
23228.625000 495.088684 0.892000 305.114014
23234.875000 495.289825 0.892000 305.213989
23243.000000 495.500702 0.892000 305.313995
23249.000000 495.722198 0.892000 305.403992
23254.625000 495.933502 0.892000 305.514008
23261.125000 496.140442 0.892000 305.622009
23266.375000 496.355835 0.896000 305.723999
23272.375000 496.559082 0.896000 305.816986
23277.625000 496.764404 0.896000 305.916992
23281.625000 496.969421 0.896000 306.016998
23286.125000 497.183411 0.896000 306.117004
23290.500000 497.390991 0.896000 306.221985
23296.125000 497.602295 0.896000 306.317993
23300.750000 497.602295 0.896000 306.416992
23307.500000 498.020325 0.896000 306.526001
23313.000000 498.020325 0.896000 306.618011
23318.125000 498.221710 0.973000 306.716003
23322.375000 498.440491 0.973000 306.799988
23325.375000 498.641785 0.973000 306.915009
23331.875000 498.893158 0.973000 307.015015
23338.375000 499.114532 0.973000 307.117004
23342.500000 499.315826 0.973000 307.214996
23347.750000 499.517090 0.973000 307.315002
23354.375000 499.727386 0.973000 307.420990
23359.125000 499.929443 0.973000 307.515991
23364.875000 499.929443 0.973000 307.622009
23368.000000 500.132965 0.973000 307.725006
23380.250000 500.333099 0.893000 307.825012
23383.500000 500.550323 0.893000 307.920013
23389.125000 500.751923 0.893000 308.024994
23394.875000 500.953278 0.893000 308.125000
23399.000000 501.156616 0.893000 308.216003
23402.250000 501.357605 0.893000 308.316010
23406.250000 501.562805 0.893000 308.415985
23410.750000 501.770081 0.893000 308.520996
23416.625000 501.971558 0.893000 308.615997
23421.125000 502.177124 0.893000 308.713013
23424.500000 502.378082 0.893000 308.822998
23429.875000 502.579193 0.925000 308.923004
23435.375000 502.780457 0.925000 309.023010
23438.375000 502.989685 0.925000 309.117004
23443.750000 503.192657 0.925000 309.227997
23450.125000 503.393768 0.925000 309.328003
23454.875000 503.393768 0.925000 309.412994
23458.500000 503.665649 0.925000 309.520996
23468.750000 503.893250 0.925000 309.623993
23473.250000 504.100250 0.925000 309.718994
23475.625000 504.324127 0.925000 309.820007
23480.125000 504.525055 0.891000 309.915009
23484.375000 504.726196 0.891000 310.015015
23488.000000 504.929352 0.891000 310.095001
23492.875000 505.138550 0.891000 310.204987
23496.875000 505.339996 0.891000 310.299988
23500.250000 505.563049 0.891000 310.415985
23514.500000 505.772278 0.891000 310.500000
23517.875000 505.976501 0.891000 310.619995
23522.500000 506.180878 0.891000 310.721008
23528.000000 506.388092 0.891000 310.815002
23530.750000 506.588593 0.909000 310.915009
23533.750000 506.789825 0.909000 311.015015
23538.875000 506.991333 0.909000 311.114990
23542.250000 507.192596 0.909000 311.214996
23544.750000 507.192596 0.909000 311.309998
23547.250000 507.396118 0.909000 311.410004
23550.500000 507.627747 0.909000 311.516998
23557.125000 507.839081 0.909000 311.614990
23560.625000 508.044525 0.909000 311.718994
23562.875000 508.260406 0.909000 311.809998
23574.125000 508.513885 0.980000 311.915985
23576.125000 508.715698 0.980000 312.019989
23578.125000 508.921051 0.980000 312.119995
23581.875000 509.122559 0.980000 312.220001
23586.375000 509.348236 0.980000 312.321014
23590.750000 509.575500 0.980000 312.420013
23595.750000 509.776733 0.980000 312.523010
23601.750000 509.978058 0.980000 312.619995
23606.125000 510.193085 0.980000 312.726990
23611.625000 510.400330 0.980000 312.820007
23622.625000 510.609009 0.881000 312.920013
23628.000000 510.815125 0.881000 313.019989
23633.875000 511.016510 0.881000 313.119995
23640.375000 511.217590 0.881000 313.220001
23646.250000 511.426697 0.881000 313.329010
23651.625000 511.426697 0.881000 313.420013
23657.375000 511.630096 0.881000 313.519989
23664.875000 511.831604 0.881000 313.617004
23671.625000 512.036255 0.881000 313.717010
23681.750000 512.249817 0.881000 313.816986
23699.000000 512.488770 0.896000 313.924988
23710.125000 512.690369 0.896000 314.027008
23722.750000 512.904541 0.896000 314.122009
23742.250000 513.105957 0.896000 314.226990
23760.625000 513.307129 0.896000 314.316986
23780.500000 513.529053 0.896000 314.428986
23805.875000 513.734436 0.896000 314.523010
23835.000000 513.937988 0.896000 314.601990
23850.625000 514.135986 0.896000 314.721985
23870.000000 514.300781 0.896000 314.821991
23884.750000 514.300781 0.891000 314.923004
23896.625000 514.432251 0.891000 315.022003
23907.750000 514.531738 0.891000 315.106995
23919.875000 514.596863 0.891000 315.221985
23930.125000 514.629517 0.891000 315.321991
23936.000000 514.633362 0.891000 315.421997
23940.000000 514.633362 0.891000 315.527008
23946.250000 514.633362 0.891000 315.627014
23948.625000 514.649048 0.891000 315.712006
23953.750000 514.649048 0.891000 315.828003
23962.375000 514.649048 0.891000 315.933014
23970.125000 514.649048 0.993000 316.032990
23979.250000 514.649048 0.993000 316.130005
23996.000000 514.852051 0.993000 316.231995
24013.500000 514.852051 0.993000 316.332001
24018.250000 514.852051 0.993000 316.420013
24021.125000 514.852051 0.993000 316.505005
24022.625000 514.852051 0.993000 316.619995
24024.625000 514.852051 0.993000 316.720001
24027.000000 514.852051 0.993000 316.820007
24035.500000 514.994568 0.993000 316.932007
24046.125000 514.994568 0.899000 317.024994
24048.375000 514.994568 0.899000 317.119995
24050.500000 514.994568 0.899000 317.226013
24063.125000 514.994568 0.899000 317.330994
24064.125000 514.994568 0.899000 317.415009
24073.000000 514.994568 0.899000 317.535004
24073.875000 514.994568 0.899000 317.614990
24075.875000 514.994568 0.899000 317.720001
24077.000000 514.994568 0.899000 317.820007
24079.125000 514.994568 0.899000 317.920013
24080.875000 514.994568 0.885000 318.024994
24082.125000 514.994568 0.885000 318.126007
24084.750000 515.207214 0.885000 318.225006
24088.250000 515.207214 0.885000 318.334991
24092.625000 515.419006 0.885000 318.428009
24097.625000 515.622009 0.885000 318.523987
24101.750000 515.832275 0.885000 318.618011
24106.125000 516.034851 0.885000 318.713013
24113.500000 516.242798 0.885000 318.817993
24119.750000 516.444275 0.885000 318.928009
24125.125000 516.645630 0.885000 319.019012
24144.250000 516.847168 0.866000 319.122986
24152.625000 516.847168 0.866000 319.222992
24157.250000 517.069641 0.866000 319.322998
24164.500000 517.330200 0.866000 319.408997
24169.375000 517.541443 0.866000 319.523987
24174.375000 517.752563 0.866000 319.622986
24178.250000 517.953857 0.866000 319.722992
24182.250000 518.165222 0.866000 319.820007
24185.875000 518.165222 0.866000 319.899994
24189.250000 518.581665 0.866000 320.029999
24193.625000 518.784790 0.954000 320.131012
24197.250000 518.992798 0.954000 320.220001
24201.375000 519.194031 0.954000 320.325012
24204.250000 519.397095 0.954000 320.429993
24223.000000 519.397095 0.954000 320.535004
24234.875000 519.603760 0.954000 320.635010
24240.375000 519.759460 0.954000 320.734985
24244.625000 519.759460 0.954000 320.834991
24247.250000 519.977478 0.954000 320.934998
24249.375000 519.977478 0.954000 321.024994
24250.375000 520.202515 0.954000 321.135010
24257.250000 520.202515 0.950000 321.234985
24258.625000 520.405457 0.950000 321.329987
24259.875000 520.405457 0.950000 321.404999
24260.750000 520.609314 0.950000 321.535004
24264.250000 520.609314 0.950000 321.635010
24264.375000 520.809448 0.950000 321.731995
24264.875000 520.809448 0.950000 321.799988
24265.500000 521.011719 0.950000 321.915009
24290.500000 521.243774 0.950000 322.035004
24291.750000 521.243774 0.950000 322.109985
24291.875000 521.430237 0.950000 322.226990
24295.375000 521.539368 0.927000 322.325989
24296.375000 521.539368 0.927000 322.424988
24296.625000 521.539368 0.927000 322.528015
24296.750000 521.714417 0.927000 322.632996
24297.375000 521.714417 0.927000 322.725006
24298.250000 521.921448 0.927000 322.829987
24298.875000 522.123535 0.927000 322.920013
24300.000000 522.336365 0.927000 323.024994
24300.625000 522.539734 0.927000 323.125000
24301.125000 522.740723 0.927000 323.220001
24301.125000 522.942078 0.960000 323.325989
24301.625000 523.145386 0.960000 323.424988
24301.750000 523.350464 0.960000 323.528015
24302.500000 523.551941 0.960000 323.627991
24303.000000 523.753296 0.960000 323.733002
24303.875000 523.960693 0.960000 323.825989
24304.125000 523.960693 0.960000 323.924988
24304.500000 524.169800 0.960000 324.024994
24305.000000 524.371155 0.960000 324.125000
24305.625000 524.576355 0.960000 324.230988
24305.625000 524.781677 0.960000 324.324005
24308.125000 524.988770 0.973000 324.424988
24309.250000 525.199646 0.973000 324.532990
24309.625000 525.422485 0.973000 324.632996
24309.875000 525.623596 0.973000 324.713013
24310.250000 525.824524 0.973000 324.838013
24310.500000 526.045776 0.973000 324.928009
24310.750000 526.251099 0.973000 325.024994
24311.000000 526.464966 0.973000 325.122986
24311.125000 526.674011 0.973000 325.227997
24311.250000 526.897522 0.973000 325.311005
24311.500000 527.130737 0.905000 325.427002
24311.625000 527.339050 0.905000 325.526001
24311.875000 527.540283 0.905000 325.610992
24312.250000 527.753723 0.905000 325.721985
24312.250000 527.955078 0.905000 325.832001
24312.875000 528.164734 0.905000 325.925995
24313.625000 528.365967 0.905000 326.031006
24313.750000 528.569702 0.905000 326.136993
24314.375000 528.569702 0.905000 326.217010
24314.625000 528.980713 0.905000 326.332001
24315.000000 529.185791 0.920000 326.437988
24315.750000 529.387024 0.920000 326.532990
24316.000000 529.588257 0.920000 326.627991
24316.500000 529.588257 0.920000 326.713013
24316.750000 529.994812 0.920000 326.834991
24316.875000 529.994812 0.920000 326.928009
24317.250000 530.242676 0.920000 327.018005
24317.250000 530.454163 0.920000 327.118011
24317.625000 530.655579 0.920000 327.233002
24317.625000 530.886963 0.920000 327.328003
24317.750000 531.090332 0.920000 327.433990
24318.000000 531.291565 0.920000 327.528015
24320.250000 531.497925 1.024000 327.632996
24343.500000 531.698608 1.024000 327.734009
24344.000000 531.898376 1.024000 327.833008
24344.375000 531.898376 1.024000 327.912994
24344.500000 532.104614 1.024000 328.018005
24344.625000 532.329956 1.024000 328.118011
24344.875000 532.540955 1.024000 328.231995
24347.250000 532.744263 1.024000 328.328003
24349.875000 532.935730 1.024000 328.428986
24356.000000 532.935730 1.024000 328.528992
24358.000000 533.112732 0.952000 328.622986
24360.125000 533.247925 0.952000 328.727997
24361.125000 533.332031 0.952000 328.812988
24362.250000 533.383179 0.952000 328.928009
24363.500000 533.401184 0.952000 329.032990
24364.000000 533.401184 0.952000 329.134003
24364.125000 533.401184 0.952000 329.220001
24364.125000 533.401184 0.952000 329.330994
24365.250000 533.401184 0.952000 329.437988
24365.625000 533.401184 0.952000 329.536011
24366.000000 533.401184 0.922000 329.630005
24366.375000 533.401184 0.922000 329.730011
24366.500000 533.401184 0.922000 329.829987
24366.625000 533.406311 0.922000 329.938995
24366.750000 533.406311 0.922000 330.035004
24366.750000 533.406311 0.922000 330.130005
24366.750000 533.440125 0.922000 330.230011
24366.750000 533.440125 0.922000 330.329987
24367.000000 533.440125 0.922000 330.429993
24367.125000 533.641785 0.922000 330.527008
24367.750000 533.641785 0.895000 330.630005
24367.750000 533.848450 0.895000 330.730011
24367.750000 533.848450 0.895000 330.829987
24367.750000 534.051453 0.895000 330.924988
24368.500000 534.332642 0.895000 331.037994
24368.750000 534.532776 0.895000 331.138000
24368.875000 534.734070 0.895000 331.238007
24369.375000 534.935120 0.895000 331.338013
24369.500000 535.156616 0.895000 331.437988
24369.750000 535.367981 0.895000 331.537994
24372.500000 535.574585 0.914000 331.638000
24372.625000 535.776428 0.914000 331.738007
24373.000000 535.977783 0.914000 331.828003
24373.000000 536.179382 0.914000 331.937988
24373.000000 536.384705 0.914000 332.029999
24373.125000 536.585876 0.914000 332.130005
24373.250000 536.787109 0.914000 332.230011
24373.375000 536.988342 0.914000 332.329987
24373.625000 537.189819 0.914000 332.434998
24373.875000 537.391052 0.914000 332.531006
24374.000000 537.592285 0.942000 332.631989
24374.000000 537.793274 0.942000 332.730988
24374.375000 537.994568 0.942000 332.830994
24374.375000 538.195923 0.942000 332.929993
24374.625000 538.397095 0.942000 333.029999
24375.000000 538.598511 0.942000 333.130005
24375.500000 538.799622 0.942000 333.230011
24375.750000 539.000732 0.942000 333.329987
24376.125000 539.202026 0.942000 333.429993
24376.125000 539.202026 0.942000 333.515015
24377.625000 539.607910 0.921000 333.636993
24378.125000 539.817810 0.921000 333.737000
24378.750000 539.817810 0.921000 333.830994
24378.875000 540.230347 0.921000 333.937012
24379.375000 540.230347 0.921000 334.029999
24379.875000 540.447510 0.921000 334.114014
24380.375000 540.687439 0.921000 334.239014
24380.750000 540.912842 0.921000 334.329987
24381.000000 541.166626 0.921000 334.429993
24381.125000 541.378113 0.921000 334.536987
24381.125000 541.589233 0.962000 334.636993
24381.750000 541.790466 0.962000 334.721985
24381.875000 541.997559 0.962000 334.820007
24382.000000 542.200623 0.962000 334.924988
24382.250000 542.409790 0.962000 335.029999
24382.500000 542.614868 0.962000 335.136993
24382.500000 542.816101 0.962000 335.237000
24382.750000 543.023560 0.962000 335.330994
24382.875000 543.023560 0.962000 335.436005
24383.000000 543.247009 0.962000 335.531006
24383.375000 543.448547 0.962000 335.635986
24383.750000 543.448547 0.912000 335.735992
24383.750000 543.652771 0.912000 335.829987
24384.125000 543.856262 0.912000 335.929993
24384.125000 544.065491 0.912000 336.029999
24384.250000 544.266357 0.912000 336.135010
24384.375000 544.467590 0.912000 336.220001
24384.625000 544.668945 0.912000 336.330994
24384.750000 544.870300 0.912000 336.429993
24384.875000 545.071777 0.912000 336.531006
24384.875000 545.272827 0.912000 336.635010
24420.750000 545.475891 0.893000 336.737000
24421.000000 545.679993 0.893000 336.837006
24421.000000 545.881226 0.893000 336.937012
24421.250000 545.881226 0.893000 337.031006
24422.125000 546.100281 0.893000 337.132996
24424.500000 546.305603 0.893000 337.230011
24426.250000 546.557007 0.893000 337.329987
24430.375000 546.762268 0.893000 337.429993
24434.500000 546.983582 0.893000 337.529999
24437.875000 547.237183 0.992000 337.630005
24443.250000 547.444641 0.992000 337.733002
24446.625000 547.645752 0.992000 337.829987
24450.000000 547.645752 0.992000 337.929993
24455.750000 547.846375 0.992000 338.029999
24461.750000 548.047668 0.992000 338.131012
24466.375000 548.250977 0.992000 338.230011
24474.750000 548.458984 0.992000 338.345001
24482.750000 548.665222 0.992000 338.438995
24492.625000 548.848816 0.992000 338.539001
24497.125000 548.997498 0.992000 338.634003
24503.375000 548.997498 0.940000 338.738007
24508.250000 549.200195 0.940000 338.838013
24511.500000 549.200195 0.940000 338.937988
24514.000000 549.259216 0.940000 339.037994
24515.125000 549.259216 0.940000 339.127014
24516.625000 549.301575 0.940000 339.235992
24518.000000 549.301575 0.940000 339.335999
24520.250000 549.301575 0.940000 339.433990
24522.000000 549.301575 0.940000 339.523987
24525.250000 549.501953 0.940000 339.636993
24532.500000 549.705383 0.904000 339.734985
24536.750000 549.705383 0.904000 339.834015
24540.000000 549.952026 0.904000 339.941010
24545.625000 549.952026 0.904000 340.033997
24550.875000 550.159485 0.904000 340.134003
24554.125000 550.364746 0.904000 340.213989
24561.125000 550.571899 0.904000 340.334015
24568.750000 550.813171 0.904000 340.438995
24574.125000 551.016418 0.904000 340.536011
24581.000000 551.227661 0.904000 340.634003
24591.125000 551.437134 0.890000 340.734985
24598.875000 551.643066 0.890000 340.837006
24608.250000 551.846191 0.890000 340.933990
24613.500000 552.075562 0.890000 341.028992
24621.000000 552.276733 0.890000 341.134003
24627.875000 552.478088 0.890000 341.234009
24634.625000 552.679199 0.890000 341.334015
24642.875000 552.880493 0.890000 341.433990
24649.500000 553.081482 0.890000 341.528992
24656.125000 553.282654 0.890000 341.645996
24663.875000 553.484436 0.892000 341.734009
24671.125000 553.687317 0.892000 341.843994
24676.375000 553.896667 0.892000 341.924011
24686.125000 554.101868 0.892000 342.033997
24691.875000 554.101868 0.892000 342.134003
24696.875000 554.309326 0.892000 342.209015
24699.875000 554.515015 0.892000 342.334015
24703.000000 554.742310 0.892000 342.428986
24705.250000 554.973572 0.892000 342.544006
24708.875000 555.179016 0.892000 342.638000
24711.750000 555.386108 0.892000 342.740997
24714.125000 555.595093 0.894000 342.838989
24717.000000 555.822632 0.894000 342.936005
24719.375000 556.023743 0.894000 343.040985
24722.625000 556.240967 0.894000 343.144012
24724.750000 556.240967 0.894000 343.214996
24726.500000 556.454224 0.894000 343.321014
24728.125000 556.657715 0.894000 343.420990
24730.125000 556.858948 0.894000 343.528015
24731.000000 557.261597 0.894000 343.639008
24732.000000 557.464905 0.850000 343.731995
24734.375000 557.464905 0.850000 343.830994
24736.375000 557.673279 0.850000 343.931000
24739.750000 557.884583 0.850000 344.036987
24743.625000 558.092041 0.850000 344.135986
24746.750000 558.293457 0.850000 344.235992
24750.750000 558.498901 0.850000 344.342987
24752.625000 558.700195 0.850000 344.434998
24754.000000 558.912048 0.850000 344.541992
24755.000000 559.115051 0.850000 344.641998
24759.875000 559.315735 0.861000 344.742004
24761.875000 559.516296 0.861000 344.838013
24764.000000 559.724182 0.861000 344.941986
24764.750000 559.963318 0.861000 345.041992
24766.250000 560.194824 0.861000 345.141998
24767.250000 560.396423 0.861000 345.243011
24772.750000 560.604797 0.861000 345.342987
24774.875000 560.823608 0.861000 345.441986
24776.875000 561.026733 0.861000 345.549011
24778.875000 561.247925 0.861000 345.641998
24780.875000 561.451416 0.869000 345.744995
24783.250000 561.652710 0.869000 345.839996
24785.000000 561.856506 0.869000 345.950989
24786.625000 562.065674 0.869000 346.040009
24788.875000 562.275208 0.869000 346.144989
24790.500000 562.480225 0.869000 346.246002
24793.000000 562.683350 0.869000 346.346985
24795.750000 562.683350 0.869000 346.414001
24798.875000 562.948914 0.869000 346.539001
24800.875000 563.159912 0.869000 346.639008
24811.875000 563.369934 0.905000 346.748993
24814.750000 563.575623 0.905000 346.851990
24816.750000 563.780884 0.905000 346.951996
24819.750000 563.992126 0.905000 347.057007
24822.000000 564.207581 0.905000 347.141998
24824.250000 564.429016 0.905000 347.247009
24826.875000 564.632507 0.905000 347.325012
24829.500000 564.833984 0.905000 347.440002
24832.125000 565.035095 0.905000 347.540009
24835.000000 565.258606 0.905000 347.656006
24837.750000 565.467957 0.873000 347.752014
24841.625000 565.669128 0.873000 347.846008
24844.000000 565.872253 0.873000 347.946991
24846.500000 566.081665 0.873000 348.045013
24848.375000 566.081665 0.873000 348.130005
24851.750000 566.484436 0.873000 348.250000
24856.750000 566.484436 0.873000 348.317993
24864.500000 566.696655 0.873000 348.445007
24869.500000 566.890503 0.873000 348.549988
24871.625000 567.091553 0.873000 348.640015
24891.625000 567.091553 0.898000 348.751007
24895.000000 567.300842 0.898000 348.829987
24899.250000 567.475220 0.898000 348.940002
24902.875000 567.475220 0.898000 349.045013
24906.125000 567.679199 0.898000 349.145996
24908.625000 567.679199 0.898000 349.234985
24911.000000 567.882263 0.898000 349.351013
24916.500000 568.090637 0.898000 349.451996
24922.125000 568.294556 0.898000 349.545013
24926.000000 568.495911 0.898000 349.649994
24934.125000 568.702026 0.874000 349.734985
24938.750000 568.702026 0.874000 349.834991
24943.500000 569.112915 0.874000 349.946991
24948.625000 569.314331 0.874000 350.042999
24954.875000 569.515442 0.874000 350.153015
24960.500000 569.515442 0.874000 350.231995
24967.125000 569.926392 0.874000 350.346985
24974.625000 570.133911 0.874000 350.454987
24983.000000 570.335022 0.874000 350.554993
24997.875000 570.540466 0.874000 350.657013
25007.875000 570.540466 0.900000 350.747009
25020.250000 570.741882 0.900000 350.846985
25030.625000 570.943604 0.900000 350.941986
25040.125000 571.144714 0.900000 351.046997
25048.375000 571.348083 0.900000 351.148010
25055.875000 571.557129 0.900000 351.247009
25066.875000 571.758057 0.900000 351.354004
25077.750000 571.963379 0.900000 351.453003
25088.875000 572.232178 0.900000 351.513000
25098.625000 572.463501 0.900000 351.627991
25120.500000 572.667175 0.900000 351.755005
25130.625000 572.902039 0.900000 351.855011
25138.375000 573.103271 0.900000 351.954987
25146.750000 573.310486 0.900000 352.042999
25153.750000 573.511597 0.900000 352.148010
25160.000000 573.712952 0.900000 352.247986
25166.250000 573.914062 0.900000 352.347992
25171.625000 574.115356 0.900000 352.453003
25180.000000 574.115356 0.900000 352.545013
25186.125000 574.322754 0.900000 352.645996
25192.125000 574.528381 0.928000 352.747986
25198.000000 574.528381 0.928000 352.851013
25202.500000 574.758728 0.928000 352.946991
25209.500000 574.976074 0.928000 353.045990
25214.500000 575.183411 0.928000 353.145996
25221.125000 575.390808 0.928000 353.243988
25227.375000 575.390808 0.928000 353.334991
25233.000000 575.809753 0.928000 353.447998
25237.750000 576.010681 0.928000 353.548004
25244.375000 576.211670 0.928000 353.653015
25249.375000 576.412720 0.928000 353.747986
25254.875000 576.614075 0.919000 353.847992
25258.750000 576.815063 0.919000 353.947998
25262.875000 577.024292 0.919000 354.052002
25268.375000 577.024292 0.919000 354.148010
25273.250000 577.233765 0.919000 354.221008
25278.500000 577.434937 0.919000 354.346008
25281.625000 577.636047 0.919000 354.446991
25285.000000 577.837280 0.919000 354.520996
25291.250000 578.038269 0.919000 354.645996
25294.500000 578.241089 0.919000 354.746002
25299.625000 578.469910 0.879000 354.841003
25302.000000 578.673767 0.879000 354.950989
25304.750000 578.880371 0.879000 355.058990
25307.875000 579.099670 0.879000 355.145996
25310.875000 579.313110 0.879000 355.246002
25313.875000 579.570801 0.879000 355.351013
25318.250000 579.776611 0.879000 355.446014
25321.750000 579.977844 0.879000 355.540985
25325.500000 580.178894 0.879000 355.651001
25328.125000 580.388123 0.879000 355.744995
25332.125000 580.388123 0.844000 355.820007
25334.875000 580.798157 0.844000 355.950989
25338.750000 580.999817 0.844000 356.045990
25341.875000 581.201111 0.844000 356.145996
25344.375000 581.402466 0.844000 356.246002
25346.625000 581.402466 0.844000 356.341003
25348.125000 581.804993 0.844000 356.446014
25349.875000 582.008179 0.844000 356.546997
25352.250000 582.008179 0.844000 356.626007
25354.250000 582.217651 0.844000 356.748993
25358.000000 582.425049 0.864000 356.830994
25360.875000 582.627747 0.864000 356.946014
25363.125000 582.839417 0.864000 357.023987
25366.500000 583.040588 0.864000 357.148987
25369.750000 583.241821 0.864000 357.246002
25372.750000 583.443420 0.864000 357.329010
25374.625000 583.680786 0.864000 357.451996
25376.125000 583.882141 0.864000 357.541992
25379.500000 584.083252 0.864000 357.648010
25380.750000 584.284424 0.864000 357.747009
25389.750000 584.522156 0.840000 357.855011
25394.125000 584.728638 0.840000 357.954987
25397.500000 584.931946 0.840000 358.050995
25402.000000 585.151184 0.840000 358.140015
25407.000000 585.354797 0.840000 358.251007
25410.125000 585.576721 0.840000 358.351013
25414.500000 585.777649 0.840000 358.436005
25418.625000 585.986755 0.840000 358.549988
25426.125000 586.188110 0.840000 358.644989
25434.500000 586.389099 0.840000 358.760010
25442.875000 586.594238 0.840000 358.851990
25448.625000 586.795776 0.870000 358.957001
25452.125000 586.997131 0.870000 359.052002
25457.125000 587.202942 0.870000 359.153992
25461.375000 587.404114 0.870000 359.248993
25466.250000 587.605469 0.870000 359.348999
25472.375000 587.806335 0.870000 359.449005
25481.125000 588.007507 0.870000 359.549988
25486.125000 588.212830 0.870000 359.640991
25495.250000 588.428040 0.870000 359.752991
25501.875000 588.631165 0.859000 359.854004
25509.500000 588.631165 0.859000 359.944000
25520.375000 588.919495 0.859000 360.048004
25526.875000 589.124512 0.859000 360.151001
25533.000000 589.333923 0.859000 360.253998
25539.125000 589.543396 0.859000 360.347992
25547.250000 589.744385 0.859000 360.447998
25554.125000 589.979919 0.859000 360.540009
25563.000000 590.185364 0.859000 360.649994
25571.750000 590.392761 0.859000 360.739990
25577.875000 590.603760 0.859000 360.850006
25604.250000 590.825012 0.868000 360.959991
25611.375000 590.825012 0.868000 361.035004
25617.750000 591.233093 0.868000 361.160004
25623.500000 591.434448 0.868000 361.260010
25628.625000 591.635681 0.868000 361.350006
25638.000000 591.840759 0.868000 361.457001
25648.000000 592.042114 0.868000 361.546997
25654.750000 592.042114 0.868000 361.630005
25661.125000 592.249573 0.868000 361.744995
25667.125000 592.454590 0.868000 361.850006
25672.750000 592.661743 0.868000 361.950012
25678.250000 592.864563 0.861000 362.049988
25682.875000 593.104187 0.861000 362.140015
25687.375000 593.311462 0.861000 362.239990
25692.250000 593.516724 0.861000 362.339996
25698.750000 593.718018 0.861000 362.451996
25703.000000 593.965332 0.861000 362.558014
25709.500000 594.182800 0.861000 362.665009
25714.875000 594.402466 0.861000 362.739990
25721.000000 594.603760 0.861000 362.855011
25729.750000 594.825500 0.861000 362.950989
25739.375000 595.031372 0.865000 363.053009
25745.625000 595.232849 0.865000 363.148010
25751.500000 595.434204 0.865000 363.252991
25756.500000 595.635559 0.865000 363.347992
25769.750000 595.836731 0.865000 363.447998
25781.625000 596.038086 0.865000 363.542999
25793.375000 596.247620 0.865000 363.643005
25807.875000 596.450989 0.865000 363.748993
25820.375000 596.652588 0.865000 363.852997
25835.500000 596.854065 0.865000 363.947998
25847.375000 597.054810 0.862000 364.058014
25859.750000 597.260071 0.862000 364.160004
25868.750000 597.461426 0.862000 364.255005
25892.875000 597.669006 0.862000 364.352997
25906.000000 597.870422 0.862000 364.442993
25912.875000 598.071716 0.862000 364.548004
25922.875000 598.273010 0.862000 364.643005
25940.375000 598.273010 0.862000 364.743011
25950.000000 598.475037 0.862000 364.847992
25964.750000 598.691589 0.862000 364.955994
25973.750000 598.896851 0.862000 365.045990
25983.000000 598.896851 0.905000 365.156006
25994.500000 599.097168 0.905000 365.256012
26002.000000 599.097168 0.905000 365.346008
26012.500000 599.302124 0.905000 365.460999
26020.750000 599.302124 0.905000 365.556000
26026.500000 599.534851 0.905000 365.638000
26035.625000 599.742737 0.905000 365.748993
26043.000000 599.742737 0.905000 365.817993
26053.125000 600.152039 0.905000 365.947998
26066.500000 600.357056 0.905000 366.054993
26073.875000 600.357056 0.905000 366.138000
26086.875000 600.773010 0.897000 366.257996
26095.125000 600.773010 0.897000 366.355988
26102.750000 601.177185 0.897000 366.460999
26112.250000 601.380859 0.897000 366.566986
26118.875000 601.380859 0.897000 366.627014
26125.875000 601.596252 0.897000 366.747986
26135.875000 601.807800 0.897000 366.856995
26139.000000 602.017395 0.897000 366.951996
26146.125000 602.226135 0.897000 367.052002
26152.375000 602.427368 0.897000 367.143005
26159.000000 602.658508 0.897000 367.252014
26174.500000 602.867920 0.921000 367.346985
26180.625000 603.076355 0.921000 367.446991
26185.375000 603.277832 0.921000 367.546997
26191.250000 603.479126 0.921000 367.622009
26194.000000 603.720581 0.921000 367.747009
26202.000000 603.952026 0.921000 367.862000
26205.750000 603.952026 0.921000 367.927002
26216.500000 604.358643 0.921000 368.052002
26223.625000 604.567810 0.921000 368.148010
26227.000000 604.771484 0.921000 368.248993
26234.750000 604.771484 0.921000 368.321991
26248.750000 604.978760 0.939000 368.450989
26253.625000 605.264404 0.939000 368.523010
26258.500000 605.506104 0.939000 368.644012
26260.875000 605.737305 0.939000 368.759003
26264.500000 605.942566 0.939000 368.851013
26268.000000 606.143738 0.939000 368.950989
26270.750000 606.344910 0.939000 369.040985
26276.250000 606.545959 0.939000 369.151001
26281.000000 606.751038 0.939000 369.246002
26284.750000 606.960571 0.939000 369.351013
26292.125000 606.960571 0.862000 369.441010
26298.500000 607.255249 0.862000 369.550995
26304.625000 607.456360 0.862000 369.657013
26310.500000 607.660156 0.862000 369.757996
26315.250000 607.875671 0.862000 369.851990
26318.875000 608.092834 0.862000 369.932007
26323.125000 608.328125 0.862000 370.046997
26331.750000 608.535339 0.862000 370.147003
26338.125000 608.740479 0.862000 370.253998
26342.375000 608.947571 0.862000 370.346985
26348.125000 609.156433 0.889000 370.455994
26355.875000 609.156433 0.889000 370.536011
26359.875000 609.568970 0.889000 370.653992
26363.625000 609.769653 0.889000 370.746002
26369.625000 609.970886 0.889000 370.846008
26375.750000 610.171814 0.889000 370.955994
26383.000000 610.375671 0.889000 371.046997
26391.500000 610.576538 0.889000 371.147003
26398.375000 610.777893 0.889000 371.252014
26404.625000 610.981140 0.889000 371.347992
26409.875000 610.981140 0.889000 371.427002
26415.750000 611.277466 0.889000 371.554993
26424.750000 611.510559 0.876000 371.632996
26428.750000 611.713318 0.876000 371.742004
26432.500000 611.913452 0.876000 371.846985
26441.375000 612.114746 0.876000 371.941986
26450.500000 612.335693 0.876000 372.052002
26458.375000 612.537048 0.876000 372.152008
26468.875000 612.742920 0.876000 372.256989
26478.125000 612.742920 0.876000 372.332001
26494.125000 612.939026 0.876000 372.462006
26504.250000 613.150757 0.876000 372.557007
26513.375000 613.280396 0.871000 372.654999
26525.375000 613.361816 0.871000 372.760010
26532.625000 613.361816 0.871000 372.856995
26537.125000 613.409058 0.871000 372.937012
26551.625000 613.423035 0.871000 373.058990
26560.625000 613.423035 0.871000 373.152008
26572.250000 613.423035 0.871000 373.247009
26584.000000 613.423035 0.871000 373.342010
26596.500000 613.423035 0.871000 373.446991
26608.875000 613.423035 0.871000 373.552002
26612.125000 613.423035 0.879000 373.649994
26615.500000 613.423035 0.879000 373.747009
26628.000000 613.423035 0.879000 373.851990
26634.375000 613.423035 0.879000 373.946991
26636.500000 613.423035 0.879000 374.046997
26641.250000 613.423035 0.879000 374.160004
26644.250000 613.423523 0.879000 374.257996
26644.500000 613.423523 0.879000 374.337006
26647.625000 613.423523 0.879000 374.446991
26650.875000 613.432861 0.879000 374.553009
26654.625000 613.432861 0.853000 374.648010
26657.000000 613.432861 0.853000 374.733002
26660.625000 613.647522 0.853000 374.847992
26665.250000 613.647522 0.853000 374.949005
26668.125000 613.851685 0.853000 375.037994
26673.375000 614.075684 0.853000 375.152008
26689.625000 614.295715 0.853000 375.259003
26699.250000 614.499146 0.853000 375.354004
26713.125000 614.700073 0.853000 375.449005
26729.625000 614.901489 0.853000 375.553986
26739.500000 615.111084 0.853000 375.653015
26754.875000 615.317200 0.841000 375.751007
26764.625000 615.317200 0.841000 375.842987
26777.000000 615.521851 0.841000 375.947998
26786.500000 615.803406 0.841000 376.053009
26795.500000 616.004761 0.841000 376.113007
26802.125000 616.205994 0.841000 376.247986
26808.625000 616.407227 0.841000 376.352997
26820.000000 616.610535 0.841000 376.457001
26831.625000 616.842651 0.841000 376.523987
26840.500000 617.072205 0.841000 376.643005
26848.125000 617.283447 0.841000 376.747986
26864.625000 617.489197 0.892000 376.847992
26874.625000 617.697998 0.892000 376.950012
26885.000000 617.904785 0.892000 377.053009
26893.000000 618.106018 0.892000 377.148010
26901.875000 618.106018 0.892000 377.239014
26913.750000 618.307373 0.892000 377.342987
26924.750000 618.710022 0.892000 377.447998
26934.625000 618.911255 0.892000 377.548004
26944.000000 619.112366 0.892000 377.648010
26953.375000 619.315491 0.892000 377.748993
26970.375000 619.315491 0.865000 377.848999
26983.000000 619.521606 0.865000 377.937988
26996.125000 619.730774 0.865000 378.056000
27008.125000 620.138916 0.865000 378.161011
27021.500000 620.138916 0.865000 378.251007
27032.625000 620.348022 0.865000 378.350006
27046.000000 620.567383 0.865000 378.434998
27064.125000 620.770874 0.865000 378.550995
27081.250000 621.002441 0.865000 378.649994
27102.000000 621.254150 0.865000 378.734985
27124.750000 621.465454 0.858000 378.850006
27144.000000 621.666870 0.858000 378.946014
27160.250000 621.867981 0.858000 379.049988
27185.625000 622.082886 0.858000 379.144012
27203.250000 622.082886 0.858000 379.223999
27222.125000 622.507812 0.858000 379.348999
27238.125000 622.709106 0.858000 379.454010
27255.125000 622.912842 0.858000 379.539001
27268.625000 623.114624 0.858000 379.649994
27285.000000 623.315735 0.858000 379.748993
27298.000000 623.524963 0.858000 379.848999
27310.000000 623.728271 0.858000 379.949005
27322.000000 623.932068 1.013000 380.049988
27334.125000 624.137207 1.013000 380.152008
27344.375000 624.344482 1.013000 380.250000
27359.125000 624.344482 1.013000 380.348999
27372.750000 624.553467 1.013000 380.449005
27380.875000 624.861328 1.013000 380.557007
27398.250000 625.063904 1.013000 380.649994
27414.125000 625.255493 1.013000 380.756989
27428.125000 625.420898 1.013000 380.846985
27438.500000 625.420898 1.013000 380.946014
27448.875000 625.576294 0.887000 381.039001
27453.875000 625.667480 0.887000 381.148987
27463.625000 625.723511 0.887000 381.248993
27474.125000 625.749084 0.887000 381.348999
27480.125000 625.749451 0.887000 381.454010
27484.875000 625.749451 0.887000 381.549011
27505.750000 625.749451 0.887000 381.648987
27521.000000 625.749451 0.887000 381.755005
27581.625000 625.749451 0.887000 381.854004
27586.750000 625.749451 0.887000 381.947998
27587.875000 625.749451 0.903000 382.053986
27592.750000 625.749451 0.903000 382.148010
27600.625000 625.749451 0.903000 382.243011
27604.000000 625.749451 0.903000 382.352997
27609.500000 625.749451 0.903000 382.447998
27612.250000 625.759766 0.903000 382.532990
27614.875000 625.759766 0.903000 382.648010
27616.250000 625.759766 0.903000 382.733002
27622.250000 625.766113 0.903000 382.852997
27622.875000 625.766113 0.873000 382.955994
27626.750000 625.766113 0.873000 383.050995
27630.750000 625.871826 0.873000 383.145996
27633.875000 625.871826 0.873000 383.256012
27640.125000 626.072632 0.873000 383.352997
27645.000000 626.072632 0.873000 383.437988
27648.500000 626.280090 0.873000 383.553009
27654.125000 626.517456 0.873000 383.653015
27662.000000 626.723267 0.873000 383.756989
27669.875000 626.930298 0.873000 383.855011
27677.875000 627.131897 0.873000 383.950989
27684.750000 627.333069 0.847000 384.049988
27690.250000 627.534607 0.847000 384.154999
27698.125000 627.735535 0.847000 384.260010
27706.375000 627.936401 0.847000 384.364990
27713.375000 628.137634 0.847000 384.454987
27718.875000 628.343079 0.847000 384.557007
27724.750000 628.544434 0.847000 384.657013
27733.625000 628.755615 0.847000 384.750000
27742.875000 628.963013 0.847000 384.855011
27748.625000 629.166260 0.867000 384.954987
27753.875000 629.375854 0.867000 385.054993
27759.875000 629.576599 0.867000 385.154999
27764.875000 629.784119 0.867000 385.257996
27771.625000 629.784119 0.867000 385.334991
27778.250000 629.988892 0.867000 385.454987
27783.625000 630.270142 0.867000 385.554993
27791.250000 630.473572 0.867000 385.654999
27798.250000 630.683167 0.867000 385.752014
27806.000000 630.884277 0.867000 385.855988
27813.750000 631.085754 0.866000 385.954987
27821.000000 631.289124 0.866000 386.056000
27827.750000 631.492310 0.866000 386.156006
27834.500000 631.701660 0.866000 386.256012
27842.375000 631.905212 0.866000 386.362000
27851.000000 632.114136 0.866000 386.455994
27858.625000 632.371704 0.866000 386.563995
27865.250000 632.578979 0.866000 386.657013
27874.000000 632.578979 0.866000 386.742004
27882.000000 632.782471 0.866000 386.846985
27889.625000 633.193054 0.866000 386.957001
27907.125000 633.401794 0.969000 387.057007
27916.500000 633.401794 0.969000 387.152008
27925.375000 633.630188 0.969000 387.237000
27934.250000 633.839355 0.969000 387.351990
27942.875000 634.052307 0.969000 387.453003
27949.125000 634.314026 0.969000 387.532990
27957.000000 634.549438 0.969000 387.653015
27966.000000 634.758911 0.969000 387.752991
27973.500000 634.968384 0.969000 387.842987
27981.250000 635.169556 0.969000 387.953003
27996.125000 635.381409 0.900000 388.066010
28005.750000 635.590149 0.900000 388.161011
28016.750000 635.791382 0.900000 388.260986
28023.750000 635.791382 0.900000 388.352997
28031.750000 635.996887 0.900000 388.453003
28041.500000 636.270569 0.900000 388.553009
28051.875000 636.480042 0.900000 388.653015
28062.375000 636.701355 0.900000 388.752991
28075.000000 636.922302 0.900000 388.858002
28084.250000 637.143555 0.882000 388.953003
28094.625000 637.344910 0.882000 389.042999
28116.250000 637.551880 0.882000 389.173004
28127.250000 637.787415 0.882000 389.268005
28136.875000 637.988403 0.882000 389.363007
28144.750000 638.189514 0.882000 389.467987
28156.750000 638.390503 0.882000 389.562988
28166.875000 638.591736 0.882000 389.662994
28178.250000 638.792969 0.882000 389.763000
28186.375000 638.994080 0.882000 389.847992
28195.750000 639.195068 0.882000 389.953003
28207.125000 639.396179 0.974000 390.058014
28217.000000 639.597412 0.974000 390.162994
28227.000000 639.798401 0.974000 390.263000
28234.750000 639.999878 0.974000 390.358002
28242.375000 640.201172 0.974000 390.453003
28251.125000 640.402405 0.974000 390.553009
28261.000000 640.605469 0.974000 390.653015
28277.375000 640.814941 0.974000 390.757996
28288.750000 641.015808 0.974000 390.852997
28297.625000 641.216980 0.974000 390.963013
28307.000000 641.418091 0.974000 391.058014
28316.750000 641.418091 0.916000 391.154999
28324.250000 641.622986 0.916000 391.253998
28332.750000 641.824951 0.916000 391.354004
28337.750000 642.026123 0.916000 391.454010
28344.125000 642.251526 0.916000 391.540985
28349.875000 642.468628 0.916000 391.649994
28355.625000 642.681763 0.916000 391.753998
28361.125000 642.901489 0.916000 391.856995
28365.875000 643.103088 0.916000 391.960999
28369.875000 643.308228 0.916000 392.054993
28374.500000 643.515381 0.942000 392.153992
28379.375000 643.748718 0.942000 392.239014
28384.625000 643.988831 0.942000 392.364014
28388.375000 644.189941 0.942000 392.468994
28391.500000 644.391052 0.942000 392.563995
28395.375000 644.592102 0.942000 392.639008
28399.000000 644.795349 0.942000 392.753998
28401.875000 644.996765 0.942000 392.854004
28404.250000 645.205994 0.942000 392.954010
28407.250000 645.407227 0.942000 393.054993
28410.500000 645.610229 0.942000 393.154999
28416.750000 645.818787 0.892000 393.255005
28422.000000 645.818787 0.892000 393.355011
28426.125000 646.023010 0.892000 393.458008
28428.625000 646.232422 0.892000 393.553009
28432.125000 646.463867 0.892000 393.653992
28433.875000 646.667480 0.892000 393.753998
28437.875000 646.889038 0.892000 393.859009
28440.625000 647.114136 0.892000 393.959991
28443.500000 647.323364 0.892000 394.059998
28446.250000 647.532898 0.892000 394.158997
28449.000000 647.734253 0.892000 394.253998
28472.500000 647.942932 0.874000 394.338989
28478.000000 648.145508 0.874000 394.454010
28483.875000 648.355347 0.874000 394.554993
28489.750000 648.560242 0.874000 394.656006
28494.875000 648.761475 0.874000 394.760986
28500.125000 648.972778 0.874000 394.865997
28503.125000 649.176331 0.874000 394.971985
28506.000000 649.385620 0.874000 395.056000
28510.000000 649.592957 0.874000 395.158997
28516.125000 649.794006 0.874000 395.260986
28530.875000 649.994934 0.873000 395.364014
28537.750000 650.203369 0.873000 395.459015
28543.500000 650.406494 0.873000 395.559998
28550.250000 650.615906 0.873000 395.669006
28553.625000 650.817261 0.873000 395.759003
28558.250000 651.018616 0.873000 395.864014
28565.125000 651.219910 0.873000 395.963989
28573.625000 651.425049 0.873000 396.075989
28582.500000 651.628052 0.873000 396.170990
28590.125000 651.837280 0.873000 396.265991
28597.125000 652.038818 0.873000 396.371002
28606.000000 652.239807 0.890000 396.466003
28612.625000 652.440674 0.890000 396.571014
28617.625000 652.644104 0.890000 396.671997
28624.250000 652.644104 0.890000 396.756012
28631.625000 652.853516 0.890000 396.860992
28639.000000 653.055054 0.890000 396.967010
28648.375000 653.287842 0.890000 397.071014
28658.000000 653.499329 0.890000 397.167999
28670.250000 653.750793 0.890000 397.266998
28681.500000 653.961914 0.890000 397.372009
28694.875000 654.193787 0.865000 397.467010
28707.625000 654.397156 0.865000 397.566986
28723.750000 654.604370 0.865000 397.661011
28742.375000 654.805298 0.865000 397.766998
28761.875000 655.014832 0.865000 397.865997
28784.375000 655.218384 0.865000 397.971008
28807.875000 655.419373 0.865000 398.061005
28832.875000 655.620972 0.865000 398.151001
28863.375000 655.824280 0.865000 398.265991
28894.625000 656.025513 0.865000 398.372009
28931.250000 656.228760 0.844000 398.467010
28959.250000 656.431030 0.844000 398.567993
28981.375000 656.631531 0.844000 398.667999
29005.125000 656.832947 0.844000 398.772003
29024.125000 657.034424 0.844000 398.868988
29046.750000 657.034424 0.844000 398.957001
29066.875000 657.306458 0.844000 399.066986
29084.750000 657.509583 0.844000 399.156006
29103.625000 657.718933 0.844000 399.272003
29122.875000 657.949829 0.844000 399.377014
29147.875000 658.150818 0.887000 399.462006
29167.125000 658.408325 0.887000 399.565002
29182.000000 658.615234 0.887000 399.660004
29200.250000 658.818237 0.887000 399.765015
29234.000000 658.818237 0.887000 399.850006
29250.375000 659.238953 0.887000 399.964996
29270.750000 659.444641 0.887000 400.071991
29288.750000 659.645691 0.887000 400.166992
29308.000000 659.850708 0.887000 400.269012
29329.875000 660.051941 0.887000 400.373993
29347.250000 660.051941 0.887000 400.463989
29378.000000 660.313660 0.964000 400.563995
29402.250000 660.565063 0.964000 400.675995
29421.250000 660.833984 0.964000 400.782990
29438.000000 661.051514 0.964000 400.871002
29456.625000 661.254639 0.964000 400.976990
29475.250000 661.254639 0.964000 401.066986
29495.500000 661.456116 0.964000 401.169006
29515.375000 661.858459 0.964000 401.272003
29531.375000 661.858459 0.964000 401.367004
29548.250000 662.061890 0.964000 401.463989
29564.750000 662.304993 0.964000 401.565002
29586.375000 662.506714 0.992000 401.665009
29602.250000 662.709595 0.992000 401.770996
29616.500000 662.961487 0.992000 401.875000
29632.500000 663.212830 0.992000 401.975006
29645.125000 663.422058 0.992000 402.069000
29659.625000 663.627502 0.992000 402.173004
29683.375000 663.829041 0.992000 402.260986
29698.875000 664.034241 0.992000 402.372986
29711.000000 664.238342 0.992000 402.471008
29728.750000 664.441833 0.992000 402.580994
29744.750000 664.441833 0.992000 402.670990
29758.750000 664.641907 0.999000 402.776001
29771.500000 664.842834 0.999000 402.872986
29780.750000 664.842834 0.999000 402.971008
29786.000000 664.842834 0.999000 403.076996
29792.250000 665.044495 0.999000 403.178986
29795.250000 665.044495 0.999000 403.273987
29795.625000 665.044495 0.999000 403.372986
29796.000000 665.044495 0.999000 403.472992
29819.375000 665.044495 0.999000 403.578003
29825.250000 665.095703 0.999000 403.683014
29838.000000 665.095703 0.999000 403.783997
29845.000000 665.095703 0.999000 403.876007
29853.625000 665.098022 1.058000 403.977997
29855.500000 665.098022 1.058000 404.078003
29862.000000 665.098022 1.058000 404.178009
29866.125000 665.098022 1.058000 404.272003
29870.875000 665.180420 1.058000 404.376007
29876.875000 665.180420 1.058000 404.471008
29883.500000 665.393188 1.058000 404.580994
29893.000000 665.393188 1.058000 404.686005
29900.875000 665.594543 1.058000 404.776001
29910.625000 665.798767 1.058000 404.885986
29919.500000 666.001892 1.058000 404.980988
29932.125000 666.253479 1.058000 405.080994
29944.000000 666.454285 1.001000 405.170990
29955.875000 666.655457 1.001000 405.286011
29964.125000 666.856812 1.001000 405.381012
29974.250000 667.067688 1.001000 405.485992
29984.375000 667.269226 1.001000 405.582001
29993.750000 667.472717 1.001000 405.677002
30003.375000 667.673828 1.001000 405.782990
30018.500000 667.881409 1.001000 405.889008
30030.125000 668.082214 1.001000 405.989014
30038.750000 668.082214 1.001000 406.078003
30063.125000 668.283752 1.001000 406.179993
30080.875000 668.491638 1.001000 406.287994
30088.750000 668.699097 1.001000 406.384003
30098.375000 668.909851 1.106000 406.483002
30108.000000 669.181274 1.106000 406.584991
30117.875000 669.418335 1.106000 406.686005
30125.625000 669.619568 1.106000 406.781006
30136.625000 669.836792 1.106000 406.889008
30147.500000 670.037781 1.106000 406.973999
30154.875000 670.244873 1.106000 407.087006
30165.000000 670.450134 1.106000 407.188995
30173.625000 670.659180 1.106000 407.287994
30181.750000 670.868164 1.106000 407.385986
30189.125000 670.868164 1.106000 407.480988
30203.250000 671.107971 1.016000 407.571014
30212.000000 671.328796 1.016000 407.681000
30220.875000 671.568359 1.016000 407.778992
30229.500000 671.810303 1.016000 407.869995
30238.500000 672.031677 1.016000 407.987000
30246.000000 672.232849 1.016000 408.079987
30255.125000 672.433960 1.016000 408.179993
30262.750000 672.635498 1.016000 408.279999
30273.375000 672.836731 1.016000 408.380005
30281.875000 673.038025 1.016000 408.471985
30292.125000 673.243713 1.016000 408.582001
30301.875000 673.455444 1.020000 408.691986
30310.875000 673.655945 1.020000 408.791992
30315.875000 673.859314 1.020000 408.890991
30320.875000 674.066772 1.020000 408.985992
30328.375000 674.273987 1.020000 409.088989
30334.125000 674.475342 1.020000 409.183014
30339.000000 674.682495 1.020000 409.291992
30348.625000 674.883850 1.020000 409.391998
30356.000000 675.086975 1.020000 409.483002
30366.125000 675.288330 1.020000 409.588013
30375.375000 675.493713 1.020000 409.679993
30382.250000 675.700989 1.020000 409.782990
30396.125000 675.700989 1.050000 409.882996
30407.125000 675.903992 1.050000 409.989014
30413.000000 676.107849 1.050000 410.083008
30420.125000 676.335205 1.050000 410.183014
30433.500000 676.550476 1.050000 410.283997
30443.750000 676.799805 1.050000 410.384003
30450.500000 677.000916 1.050000 410.483002
30461.000000 677.209717 1.050000 410.584015
30469.625000 677.413147 1.050000 410.678009
30478.625000 677.622192 1.050000 410.786987
30485.000000 677.825806 1.050000 410.882996
30500.000000 678.036682 1.045000 410.983002
30511.125000 678.249817 1.045000 411.083008
30520.250000 678.460754 1.045000 411.183014
30528.500000 678.670105 1.045000 411.282990
30534.875000 678.872986 1.045000 411.389008
30541.000000 679.082214 1.045000 411.488007
30548.625000 679.287354 1.045000 411.584991
30561.125000 679.488281 1.045000 411.684998
30569.875000 679.488281 1.045000 411.781006
30585.375000 679.688904 1.045000 411.885986
30596.625000 679.877197 1.045000 411.985992
30605.875000 680.046570 1.045000 412.085999
30617.375000 680.165466 1.083000 412.186005
30625.125000 680.253906 1.083000 412.281006
30654.500000 680.304565 1.083000 412.386993
30662.500000 680.304565 1.083000 412.485992
30665.125000 680.322937 1.083000 412.596008
30667.625000 680.322937 1.083000 412.691010
30670.000000 680.331421 1.083000 412.781006
30672.250000 680.331421 1.083000 412.881989
30675.125000 680.339966 1.083000 412.985992
30676.375000 680.339966 1.083000 413.085999
30678.500000 680.339966 1.083000 413.187012
30680.750000 680.339966 1.083000 413.260986
30682.750000 680.546570 1.117000 413.390991
30684.125000 680.546570 1.117000 413.485992
30686.375000 680.777649 1.117000 413.585999
30689.375000 680.986328 1.117000 413.686005
30693.250000 681.196045 1.117000 413.786011
30696.625000 681.403198 1.117000 413.885986
30699.125000 681.608643 1.117000 413.985992
30702.000000 681.809998 1.117000 414.085999
30706.625000 682.011475 1.117000 414.181000
30708.875000 682.212952 1.117000 414.286011
30712.000000 682.414368 1.117000 414.385986
30715.000000 682.615601 1.117000 414.485992
30720.750000 682.823059 1.079000 414.585999
30723.000000 682.823059 1.079000 414.686005
30725.875000 683.030029 1.079000 414.786011
30728.875000 683.231018 1.079000 414.885986
30733.375000 683.432068 1.079000 414.980988
30739.000000 683.663269 1.079000 415.092010
30743.375000 683.876221 1.079000 415.183990
30746.500000 684.097351 1.079000 415.277008
30750.250000 684.298706 1.079000 415.385986
30754.125000 684.538696 1.079000 415.490997
30760.500000 684.739929 1.079000 415.596008
30764.250000 684.941406 1.085000 415.691010
30768.250000 685.172424 1.085000 415.790985
30772.625000 685.373413 1.085000 415.895996
30778.500000 685.574707 1.085000 415.984985
30782.625000 685.775940 1.085000 416.091003
30787.375000 685.976929 1.085000 416.187988
30791.625000 686.178162 1.085000 416.286011
30797.000000 686.405457 1.085000 416.394012
30801.875000 686.611145 1.085000 416.485992
30813.500000 686.813660 1.085000 416.587006
30823.125000 686.999451 1.085000 416.687988
30830.000000 686.999451 1.085000 416.786011
30835.000000 687.185669 1.085000 416.888000
30840.625000 687.317261 1.035000 416.993988
30844.875000 687.317261 1.035000 417.092010
30848.750000 687.443909 1.035000 417.186005
30853.000000 687.443909 1.035000 417.289001
30856.125000 687.443909 1.035000 417.367004
30859.375000 687.644897 1.035000 417.487000
30862.875000 687.848450 1.035000 417.582001
30866.125000 687.848450 1.035000 417.687012
30869.875000 688.077942 1.035000 417.782013
30874.875000 688.283203 1.035000 417.881989
30880.625000 688.483765 1.035000 417.987000
30887.125000 688.684998 1.035000 418.087006
30897.000000 688.938416 1.095000 418.192993
30904.000000 689.139221 1.095000 418.286987
30909.875000 689.344543 1.095000 418.381989
30916.125000 689.549927 1.095000 418.493988
30922.125000 689.759155 1.095000 418.592987
30928.875000 689.968811 1.095000 418.687012
30934.500000 690.170044 1.095000 418.786987
30941.125000 690.371094 1.095000 418.886993
30949.125000 690.572327 1.095000 418.987000
30958.750000 690.572327 1.095000 419.082001
30965.375000 690.773743 1.095000 419.157013
30971.625000 691.175964 1.095000 419.286987
30978.625000 691.175964 1.113000 419.381012
30984.750000 691.385010 1.113000 419.485992
30992.250000 691.656250 1.113000 419.591003
30997.875000 691.885986 1.113000 419.695007
31004.250000 692.107910 1.113000 419.795013
31008.375000 692.327454 1.113000 419.903992
31014.500000 692.528809 1.113000 420.003998
31020.000000 692.729797 1.113000 420.104004
31024.625000 692.930908 1.113000 420.199005
31040.625000 693.158936 1.113000 420.303986
31054.750000 693.353638 1.113000 420.401001
31064.125000 693.353638 1.113000 420.494995
31067.625000 693.596985 1.113000 420.584991
31076.250000 693.710754 1.118000 420.695007
31085.250000 693.791565 1.118000 420.795013
31087.250000 693.791565 1.118000 420.894989
31097.750000 693.842407 1.118000 420.984985
31099.625000 693.854248 1.118000 421.096985
31100.250000 693.854248 1.118000 421.196991
31101.875000 693.854248 1.118000 421.296997
31102.875000 693.854248 1.118000 421.398010
31112.125000 693.854248 1.118000 421.503998
31115.375000 694.066284 1.118000 421.604004
31117.625000 694.066284 1.118000 421.677002
31120.125000 694.104919 1.118000 421.796997
31123.000000 694.104919 1.118000 421.891998
31130.000000 694.105530 1.154000 421.992004
31130.250000 694.105530 1.154000 422.096985
31131.125000 694.105530 1.154000 422.204010
31132.250000 694.176086 1.154000 422.298004
31133.875000 694.176086 1.154000 422.407990
31135.500000 694.176086 1.154000 422.507996
31137.375000 694.397644 1.154000 422.601990
31139.250000 694.599731 1.154000 422.703003
31142.625000 694.599731 1.154000 422.792999
31146.125000 694.805603 1.154000 422.903015
31149.750000 695.020691 1.154000 423.000000
31155.000000 695.259766 1.154000 423.105011
31189.375000 695.488770 1.112000 423.209991
31207.750000 695.697021 1.112000 423.299011
31211.625000 695.905579 1.112000 423.399994
31216.625000 696.127014 1.112000 423.501007
31222.625000 696.332214 1.112000 423.596008
31227.875000 696.535278 1.112000 423.696991
31232.750000 696.736572 1.112000 423.799988
31263.750000 696.955872 1.112000 423.906006
31268.500000 697.157227 1.112000 424.006012
31271.750000 697.358704 1.112000 424.105988
31276.000000 697.559937 1.112000 424.205994
31279.750000 697.763306 1.112000 424.296997
31289.375000 697.973877 1.155000 424.398010
31292.250000 697.973877 1.155000 424.492004
31295.125000 698.174133 1.155000 424.596985
31298.500000 698.586731 1.155000 424.704010
31301.375000 698.793701 1.155000 424.807007
31304.500000 698.793701 1.155000 424.903015
31307.750000 698.996887 1.155000 424.992004
31310.750000 699.206055 1.155000 425.102997
31313.250000 699.421387 1.155000 425.196991
31316.500000 699.699158 1.155000 425.302002
31319.625000 699.920471 1.155000 425.386993
31322.000000 700.127197 1.155000 425.506989
31324.875000 700.338745 1.155000 425.596008
31330.750000 700.540588 1.199000 425.695007
31334.250000 700.743958 1.199000 425.795013
31338.125000 700.945068 1.199000 425.899994
31341.625000 701.145874 1.199000 425.994995
31347.250000 701.346924 1.199000 426.100006
31351.125000 701.550171 1.199000 426.195007
31354.875000 701.550171 1.199000 426.290009
31358.750000 701.759033 1.199000 426.385010
31363.500000 701.960510 1.199000 426.489990
31380.250000 702.373047 1.199000 426.605011
31386.125000 702.574402 1.199000 426.700012
31392.500000 702.574402 1.199000 426.799988
31400.875000 702.797180 1.199000 426.898987
31413.125000 703.031799 1.260000 427.000000
31419.875000 703.240784 1.260000 427.095001
31428.125000 703.462158 1.260000 427.195007
31438.250000 703.663940 1.260000 427.299988
31445.500000 703.864990 1.260000 427.403015
31456.375000 704.072144 1.260000 427.500000
31464.250000 704.277100 1.260000 427.579987
31472.500000 704.489075 1.260000 427.696991
31480.625000 704.489075 1.260000 427.799988
31491.250000 704.694214 1.260000 427.894989
31507.625000 704.838623 1.260000 428.000000
31521.000000 704.969727 1.260000 428.095001
31551.125000 705.052246 1.260000 428.201996
31560.750000 705.094177 1.260000 428.295013
31570.125000 705.094177 1.271000 428.394989
31573.000000 705.094177 1.271000 428.489014
31576.375000 705.094177 1.271000 428.593994
31579.125000 705.104370 1.271000 428.688995
31583.000000 705.104370 1.271000 428.808014
31588.750000 705.104370 1.271000 428.903015
31597.625000 705.104370 1.271000 429.006989
31600.375000 705.104370 1.271000 429.098999
31602.500000 705.105286 1.271000 429.204987
31619.750000 705.106140 1.271000 429.299011
31621.000000 705.106140 1.271000 429.397003
31625.625000 705.106140 1.271000 429.493988
31633.500000 705.106140 1.271000 429.584015
31635.375000 705.106140 1.310000 429.694000
31635.750000 705.106140 1.310000 429.794006
31636.500000 705.106140 1.310000 429.895996
31646.750000 705.106140 1.310000 430.006989
31648.250000 705.106140 1.310000 430.097992
31657.500000 705.106140 1.310000 430.197998
31658.625000 705.106140 1.310000 430.298004
31660.625000 705.106140 1.310000 430.403992
31662.000000 705.106140 1.310000 430.497986
31663.750000 705.106140 1.310000 430.597992
31664.250000 705.106140 1.310000 430.700012
31665.000000 705.106140 1.310000 430.798004
31666.500000 705.309448 1.209000 430.898010
31667.875000 705.514099 1.209000 431.002991
31668.625000 705.514099 1.209000 431.102997
31669.625000 705.737854 1.209000 431.204010
31671.000000 705.957275 1.209000 431.309998
31672.750000 706.162964 1.209000 431.401001
31674.500000 706.432129 1.209000 431.500000
31676.875000 706.633240 1.209000 431.605011
31678.125000 706.834717 1.209000 431.704987
31679.750000 707.035950 1.209000 431.804993
31680.500000 707.236816 1.209000 431.904999
31681.750000 707.448303 1.209000 432.006012
31683.000000 707.665710 1.209000 432.113007
31684.375000 707.866943 1.133000 432.213013
31685.125000 708.076050 1.133000 432.312012
31686.125000 708.277283 1.133000 432.411987
31687.000000 708.478516 1.133000 432.516998
31688.500000 708.679749 1.133000 432.606995
31689.250000 708.885315 1.133000 432.713989
31690.000000 709.086426 1.133000 432.813995
31691.000000 709.287659 1.133000 432.914001
31691.750000 709.488892 1.133000 433.019012
31695.500000 709.689880 1.133000 433.118988
31696.375000 709.890808 1.133000 433.213989
31696.875000 710.092163 1.133000 433.313995
31697.375000 710.293762 1.133000 433.414001
31698.125000 710.494995 1.199000 433.514008
31700.125000 710.695984 1.199000 433.614014
31700.500000 710.896973 1.199000 433.713989
31700.750000 711.098083 1.199000 433.806000
31701.375000 711.299500 1.199000 433.903992
31702.375000 711.512695 1.199000 434.005005
31702.750000 711.713867 1.199000 434.105011
31703.375000 711.917297 1.199000 434.210999
31703.750000 711.917297 1.199000 434.303009
31704.625000 712.331848 1.199000 434.411987
31707.875000 712.331848 1.199000 434.511993
31713.125000 712.588623 1.199000 434.596985
31714.875000 712.588623 1.199000 434.687012
31748.375000 712.794739 1.199000 434.813995
31750.125000 713.004822 1.264000 434.902008
31751.500000 713.004822 1.264000 435.003998
31751.875000 713.210815 1.264000 435.106995
31752.750000 713.210815 1.264000 435.201996
31753.875000 713.442932 1.264000 435.302002
31755.625000 713.679138 1.264000 435.408997
31756.875000 713.880188 1.264000 435.503998
31757.375000 714.081482 1.264000 435.606995
31757.875000 714.282654 1.264000 435.707001
31758.500000 714.483826 1.264000 435.809998
31759.125000 714.685242 1.264000 435.903992
31760.125000 714.888550 1.264000 436.002014
31761.375000 715.098328 1.259000 436.101990
31762.000000 715.301697 1.259000 436.204010
31762.750000 715.502991 1.259000 436.302002
31763.750000 715.712219 1.259000 436.402008
31764.625000 715.915466 1.259000 436.507996
31765.625000 716.124817 1.259000 436.606995
31766.750000 716.325806 1.259000 436.707001
31768.875000 716.526978 1.259000 436.808990
31769.750000 716.728271 1.259000 436.907013
31770.625000 716.933411 1.259000 437.014008
31771.625000 717.142395 1.259000 437.102997
31772.750000 717.347595 1.259000 437.209991
31773.750000 717.556458 1.259000 437.313995
31798.500000 717.763184 1.153000 437.414001
31799.250000 717.763184 1.153000 437.514008
31799.500000 718.058899 1.153000 437.614014
31799.875000 718.259888 1.153000 437.709991
31800.500000 718.463501 1.153000 437.803009
31801.625000 718.668701 1.153000 437.903015
31802.750000 718.889587 1.153000 438.002991
31804.250000 719.091187 1.153000 438.088013
31805.250000 719.296204 1.153000 438.187012
31807.375000 719.523254 1.153000 438.308014
31808.625000 719.724426 1.153000 438.414001
31809.125000 719.925476 1.153000 438.497009
31809.625000 720.126648 1.153000 438.592010
31810.875000 720.126648 1.148000 438.691986
31812.250000 720.327454 1.148000 438.791992
31813.375000 720.531616 1.148000 438.891998
31814.625000 720.940308 1.148000 439.010010
31817.250000 721.145813 1.148000 439.112000
31819.000000 721.346924 1.148000 439.212006
31821.625000 721.548401 1.148000 439.316986
31823.000000 721.548401 1.148000 439.391998
31825.250000 721.750000 1.148000 439.511993
31827.625000 721.992859 1.148000 439.606995
31832.875000 722.209229 1.148000 439.716003
31834.250000 722.440674 1.148000 439.816010
31857.500000 722.647766 1.087000 439.915985
31859.125000 722.848267 1.087000 440.010986
31861.125000 723.049500 1.087000 440.115997
31862.250000 723.250977 1.087000 440.216003
31863.125000 723.454346 1.087000 440.307007
31863.750000 723.655823 1.087000 440.402008
31864.750000 723.857056 1.087000 440.502014
31868.125000 724.058167 1.087000 440.606995
31869.500000 724.259277 1.087000 440.707001
31870.625000 724.466370 1.087000 440.815002
31871.500000 724.667725 1.087000 440.915009
31872.875000 724.872253 1.087000 441.006989
31874.000000 724.872253 1.087000 441.096985
31874.750000 725.101379 1.110000 441.207001
31875.125000 725.319702 1.110000 441.298004
31876.250000 725.563354 1.110000 441.402008
31877.250000 725.794434 1.110000 441.506989
31878.750000 726.015686 1.110000 441.606995
31881.625000 726.233093 1.110000 441.714996
31885.250000 726.436218 1.110000 441.807007
31892.000000 726.637573 1.110000 441.916992
31898.375000 726.637573 1.110000 442.016998
31905.500000 726.824219 1.110000 442.117004
31914.125000 726.940308 1.110000 442.217010
31916.875000 727.029541 1.110000 442.316986
31923.750000 727.077087 1.116000 442.416992
31939.750000 727.077087 1.116000 442.513000
31942.875000 727.090881 1.116000 442.613007
31944.625000 727.090881 1.116000 442.712006
31946.500000 727.090881 1.116000 442.812012
31947.125000 727.093140 1.116000 442.911987
31947.750000 727.093140 1.116000 443.006989
31948.875000 727.119629 1.116000 443.106995
31950.000000 727.119629 1.116000 443.191986
31952.250000 727.119629 1.116000 443.307007
31954.375000 727.119629 1.116000 443.407013
31955.375000 727.119629 1.116000 443.506989
31956.875000 727.119629 1.116000 443.606995
31977.375000 727.331421 1.138000 443.712006
31979.125000 727.331421 1.138000 443.807007
31982.625000 727.539124 1.138000 443.911987
31986.375000 727.539124 1.138000 444.011993
31990.875000 727.763000 1.138000 444.112000
31995.500000 727.970764 1.138000 444.207001
32000.625000 728.175964 1.138000 444.308014
32005.125000 728.381104 1.138000 444.419006
32011.750000 728.582092 1.138000 444.500000
32018.500000 728.789551 1.138000 444.606995
32025.125000 728.990723 1.138000 444.713013
32029.750000 729.191956 1.138000 444.812012
32034.625000 729.393311 1.126000 444.911987
32041.750000 729.594055 1.126000 445.011993
32045.875000 729.815369 1.126000 445.117004
32050.875000 730.016968 1.126000 445.203003
32058.500000 730.218079 1.126000 445.312012
32064.375000 730.425537 1.126000 445.415009
32068.750000 730.632507 1.126000 445.519012
32072.000000 730.833984 1.126000 445.618011
32081.375000 731.036804 1.126000 445.713013
32092.625000 731.036804 1.126000 445.813995
32101.125000 731.234375 1.126000 445.924988
32108.375000 731.412903 1.126000 446.015991
32126.750000 731.531433 1.126000 446.114990
32131.375000 731.620483 1.120000 446.216003
32143.000000 731.671143 1.120000 446.321991
32145.625000 731.671143 1.120000 446.404999
32148.250000 731.690979 1.120000 446.519989
32151.250000 731.690979 1.120000 446.625000
32153.375000 731.690979 1.120000 446.717010
32155.625000 731.690979 1.120000 446.819000
32157.250000 731.691895 1.120000 446.910004
32159.125000 731.691895 1.120000 447.010986
32169.875000 731.692139 1.120000 447.112000
32174.500000 731.692139 1.120000 447.214996
32176.375000 731.692139 1.120000 447.317993
32177.875000 731.692139 1.169000 447.398010
32178.375000 731.692993 1.169000 447.515015
32178.500000 731.692993 1.169000 447.614990
32179.000000 731.692993 1.169000 447.714996
32181.625000 731.702698 1.169000 447.813995
32184.500000 731.702698 1.169000 447.914001
32185.250000 731.720520 1.169000 448.015015
32185.750000 731.720520 1.169000 448.114014
32186.375000 731.720520 1.169000 448.220001
32188.000000 731.920654 1.169000 448.313995
32190.500000 731.920654 1.169000 448.417999
32193.625000 732.167847 1.169000 448.515015
32195.625000 732.167847 1.169000 448.614014
32200.000000 732.390808 1.169000 448.721985
32203.250000 732.595154 1.123000 448.809998
32207.125000 732.805542 1.123000 448.915985
32211.625000 733.015015 1.123000 449.005005
32215.750000 733.244019 1.123000 449.109985
32220.000000 733.445618 1.123000 449.205994
32224.250000 733.657410 1.123000 449.309998
32227.625000 733.858582 1.123000 449.410004
32231.625000 734.059875 1.123000 449.515015
32236.375000 734.261292 1.123000 449.614990
32239.375000 734.462280 1.123000 449.712006
32244.250000 734.665405 1.123000 449.815002
32247.750000 734.874756 1.123000 449.915009
32262.875000 735.075806 1.123000 450.023010
32271.250000 735.281372 1.097000 450.118011
32274.625000 735.508118 1.097000 450.214996
32277.000000 735.708374 1.097000 450.315002
32279.500000 735.916199 1.097000 450.417999
32282.500000 736.121643 1.097000 450.515991
32285.625000 736.322876 1.097000 450.614990
32288.500000 736.524292 1.097000 450.714996
32294.750000 736.733643 1.097000 450.821991
32311.875000 736.925476 1.097000 450.915985
32314.375000 736.925476 1.097000 451.010010
32328.500000 737.115662 1.097000 451.114990
32332.750000 737.234741 1.035000 451.214996
32336.500000 737.327271 1.035000 451.308990
32341.875000 737.381226 1.035000 451.428986
32343.625000 737.401611 1.035000 451.523010
32345.375000 737.401611 1.035000 451.622986
32349.250000 737.401855 1.035000 451.722992
32350.000000 737.401855 1.035000 451.804993
32351.625000 737.401855 1.035000 451.915009
32352.875000 737.401855 1.035000 452.015991
32354.375000 737.401855 1.035000 452.114990
32354.875000 737.401855 1.035000 452.222992
32355.500000 737.401855 1.035000 452.322998
32359.750000 737.401855 1.025000 452.423004
32369.375000 737.401855 1.025000 452.523010
32370.000000 737.401855 1.025000 452.615997
32466.625000 737.401855 1.025000 452.716003
32466.875000 737.401855 1.025000 452.815002
32468.000000 737.401855 1.025000 452.899994
32468.250000 737.401855 1.025000 453.015015
32468.625000 737.401855 1.025000 453.114990
32469.500000 737.402832 1.025000 453.214996
32477.750000 737.402832 1.025000 453.315002
32477.875000 737.402832 1.025000 453.415009
32478.125000 737.402832 1.025000 453.514008
32478.250000 737.402832 1.114000 453.609009
32481.375000 737.402832 1.114000 453.718994
32482.250000 737.402832 1.114000 453.815002
32482.250000 737.402832 1.114000 453.920013
32483.000000 737.402832 1.114000 454.014008
32486.250000 737.402832 1.114000 454.125000
32486.750000 737.402832 1.114000 454.216003
32486.750000 737.402832 1.114000 454.315002
32487.125000 737.403442 1.114000 454.415985
32487.500000 737.403442 1.114000 454.515015
32487.625000 737.409424 1.114000 454.614990
32487.875000 737.409424 1.114000 454.714996
32488.250000 737.409424 1.019000 454.815002
32488.375000 737.409424 1.019000 454.915009
32488.625000 737.510681 1.019000 455.015015
32489.125000 737.510681 1.019000 455.114990
32490.125000 737.714661 1.019000 455.214996
32492.000000 737.714661 1.019000 455.315002
32493.125000 737.915588 1.019000 455.415009
32494.125000 738.159912 1.019000 455.515015
32495.375000 738.360291 1.019000 455.619995
32496.625000 738.609558 1.019000 455.714996
32498.625000 738.810669 1.019000 455.816010
32500.750000 739.021729 1.019000 455.915009
32503.500000 739.221985 0.946000 456.015991
32506.000000 739.435852 0.946000 456.125000
32507.625000 739.637207 0.946000 456.225006
32509.375000 739.838440 0.946000 456.320007
32511.125000 740.039673 0.946000 456.424988
32512.875000 740.242676 0.946000 456.515991
32514.500000 740.443970 0.946000 456.621002
32516.625000 740.651123 0.946000 456.723999
32518.250000 740.651123 0.946000 456.804993
32519.500000 741.065491 0.946000 456.920013
32521.125000 741.266602 0.946000 457.020996
32523.750000 741.467590 0.946000 457.119995
32529.375000 741.672913 1.155000 457.221985
32531.125000 741.672913 1.155000 457.315002
32532.750000 742.091614 1.155000 457.424988
32534.250000 742.296753 1.155000 457.527008
32536.375000 742.296753 1.155000 457.615997
32538.250000 742.506104 1.155000 457.714996
32539.875000 742.715393 1.155000 457.815002
32542.125000 742.939209 1.155000 457.925995
32544.375000 743.178711 1.155000 458.029999
32546.375000 743.390320 1.155000 458.130005
32548.625000 743.611938 1.155000 458.230011
32551.250000 743.823181 1.155000 458.325012
32553.875000 744.024536 1.010000 458.424988
32557.250000 744.225647 1.010000 458.524994
32561.250000 744.457214 1.010000 458.619995
32564.750000 744.658691 1.010000 458.725006
32569.125000 744.859558 1.010000 458.815002
32577.500000 745.065002 1.010000 458.921997
32585.375000 745.272522 1.010000 459.016998
32595.500000 745.474915 1.010000 459.119995
32607.125000 745.474915 1.010000 459.214996
32616.750000 745.695984 1.010000 459.320007
32624.125000 745.860046 1.010000 459.415009
32629.250000 745.975586 1.010000 459.515991
32635.000000 746.058167 1.002000 459.615997
32651.250000 746.108276 1.002000 459.726990
32656.250000 746.108276 1.002000 459.816010
32658.375000 746.125488 1.002000 459.915985
32668.375000 746.125488 1.002000 460.020996
32676.875000 746.125488 1.002000 460.119995
32678.250000 746.125488 1.002000 460.216003
32689.500000 746.125488 1.002000 460.304993
32695.125000 746.125488 1.002000 460.420013
32699.000000 746.125488 1.002000 460.519989
32700.375000 746.125488 1.002000 460.621002
32701.625000 746.125488 1.002000 460.727997
32704.000000 746.125488 1.023000 460.828003
32706.125000 746.125488 1.023000 460.928009
32706.750000 746.125488 1.023000 461.028015
32708.875000 746.247986 1.023000 461.127991
32710.250000 746.247986 1.023000 461.222992
32712.000000 746.247986 1.023000 461.322998
32715.125000 746.448853 1.023000 461.428009
32719.125000 746.655334 1.023000 461.524994
32723.500000 746.861267 1.023000 461.619995
32729.125000 747.069031 1.023000 461.726013
32734.500000 747.278259 1.023000 461.820007
32739.250000 747.479614 1.023000 461.920013
32746.375000 747.682861 1.007000 462.026001
32749.750000 747.886841 1.007000 462.127991
32754.625000 748.088074 1.007000 462.227997
32758.750000 748.289062 1.007000 462.328003
32762.125000 748.490295 1.007000 462.428009
32766.000000 748.490295 1.007000 462.520996
32769.625000 748.806580 1.007000 462.614990
32774.250000 749.048157 1.007000 462.720001
32780.500000 749.251404 1.007000 462.820007
32785.750000 749.443237 1.007000 462.920013
32791.250000 749.443237 1.007000 463.019989
32811.125000 749.625793 1.007000 463.125000
32815.250000 749.768921 1.042000 463.209991
32818.375000 749.768921 1.042000 463.320007
32821.500000 749.870911 1.042000 463.415009
32824.625000 749.905762 1.042000 463.519989
32830.750000 749.909241 1.042000 463.619995
32835.500000 749.909241 1.042000 463.720001
32836.625000 749.909241 1.042000 463.816010
32839.000000 749.909241 1.042000 463.920013
32841.625000 749.909241 1.042000 464.015015
32842.500000 749.909241 1.042000 464.119995
32847.125000 749.909241 1.042000 464.221985
32847.875000 749.909241 1.042000 464.320007
32851.750000 749.909241 1.052000 464.428009
32852.625000 749.909241 1.052000 464.528015
32853.250000 749.909241 1.052000 464.621002
32853.250000 749.909241 1.052000 464.730011
32854.625000 749.909241 1.052000 464.825012
32854.875000 749.909241 1.052000 464.929993
32855.125000 749.910339 1.052000 465.019989
32855.375000 749.910339 1.052000 465.119995
32856.375000 749.910339 1.052000 465.225006
32857.500000 749.910339 1.052000 465.321991
32858.875000 750.114685 1.052000 465.420990
32861.750000 750.114685 1.052000 465.522003
32862.875000 750.339783 0.968000 465.601013
32864.125000 750.543152 0.968000 465.716003
32864.625000 750.543152 0.968000 465.817993
32865.875000 750.752747 0.968000 465.921997
32866.500000 750.961060 0.968000 466.015991
32868.500000 751.171936 0.968000 466.121002
32870.625000 751.423645 0.968000 466.221008
32872.000000 751.645630 0.968000 466.322998
32875.000000 751.846741 0.968000 466.420990
32877.125000 752.058105 0.968000 466.526001
32879.000000 752.274231 0.968000 466.617004
32881.000000 752.478394 0.968000 466.716003
32883.875000 752.478394 0.998000 466.816010
32885.750000 752.695007 0.998000 466.921997
32887.250000 752.695007 0.998000 467.020996
32887.875000 752.899963 0.998000 467.115997
32888.500000 752.899963 0.998000 467.225006
32889.375000 753.105713 0.998000 467.329987
32889.875000 753.105713 0.998000 467.415985
32891.625000 753.311462 0.998000 467.501007
32892.875000 753.534851 0.998000 467.615997
32893.750000 753.742798 0.998000 467.721008
32894.625000 753.946167 0.998000 467.821014
32899.750000 754.205505 0.998000 467.927002
32900.500000 754.406494 1.008000 468.020996
32901.000000 754.616333 1.008000 468.121002
32901.750000 754.825317 1.008000 468.209991
32902.750000 755.034302 1.008000 468.324005
32903.125000 755.235535 1.008000 468.424011
32903.500000 755.440796 1.008000 468.520996
32904.250000 755.656128 1.008000 468.627991
32905.000000 755.656128 1.008000 468.718994
32905.500000 756.060608 1.008000 468.824005
32905.875000 756.060608 1.008000 468.919006
32906.000000 756.465271 1.008000 469.024994
32906.750000 756.465271 1.008000 469.118988
32907.500000 756.668518 1.029000 469.218994
32908.375000 756.881714 1.029000 469.319000
32909.375000 757.086914 1.029000 469.429993
32910.125000 757.290161 1.029000 469.520996
32910.750000 757.501648 1.029000 469.605011
32911.125000 757.723083 1.029000 469.720001
32911.500000 757.954712 1.029000 469.820007
32911.750000 758.187988 1.029000 469.920990
32912.250000 758.397522 1.029000 470.015015
32913.500000 758.598633 1.029000 470.119995
32914.375000 758.799927 1.029000 470.220001
32914.875000 759.001099 1.029000 470.316986
32915.875000 759.238647 1.029000 470.428009
32934.125000 759.444214 1.036000 470.510986
32934.500000 759.646973 1.036000 470.622009
32935.000000 759.848267 1.036000 470.726013
32935.125000 760.051453 1.036000 470.821991
32935.625000 760.260620 1.036000 470.920990
32936.375000 760.463623 1.036000 471.020996
32937.125000 760.463623 1.036000 471.091003
32938.250000 760.877869 1.036000 471.222992
32939.500000 760.877869 1.036000 471.321014
32939.875000 761.087646 1.036000 471.425995
32940.000000 761.296631 1.036000 471.515991
32940.250000 761.511169 1.036000 471.622986
32940.625000 761.720520 1.036000 471.717987
32942.125000 761.949097 1.050000 471.821014
32942.500000 762.149841 1.050000 471.920990
32943.125000 762.358398 1.050000 472.018005
32944.500000 762.568420 1.050000 472.121002
32945.750000 762.568420 1.050000 472.230988
32947.000000 762.771423 1.050000 472.325989
32947.875000 762.771423 1.050000 472.425995
32948.625000 762.972351 1.050000 472.520996
32951.125000 762.972351 1.050000 472.621002
32953.500000 763.037292 1.050000 472.730988
32959.375000 763.042542 1.050000 472.830994
32959.625000 763.042542 1.050000 472.931000
32960.500000 763.042542 1.050000 473.031006
32964.625000 763.042542 1.103000 473.126007
32966.875000 763.042542 1.103000 473.226013
32970.250000 763.042542 1.103000 473.330994
32970.500000 763.042542 1.103000 473.425995
32971.125000 763.042542 1.103000 473.528015
32972.250000 763.042542 1.103000 473.627991
32972.375000 763.042542 1.103000 473.721985
32972.625000 763.042542 1.103000 473.826996
32972.875000 763.042542 1.103000 473.916992
32973.375000 763.042542 1.103000 474.016998
32973.750000 763.042542 1.103000 474.122009
32974.000000 763.042542 1.103000 474.220001
32974.000000 763.044922 1.103000 474.319000
32974.250000 763.044922 1.068000 474.419006
32974.250000 763.049133 1.068000 474.519012
32974.750000 763.049133 1.068000 474.623993
32974.875000 763.049133 1.068000 474.718994
32975.000000 763.084290 1.068000 474.819000
32975.375000 763.084290 1.068000 474.919006
32975.625000 763.084290 1.068000 475.019012
32975.875000 763.285217 1.068000 475.117004
32976.125000 763.285217 1.068000 475.218994
32976.500000 763.499512 1.068000 475.308990
32977.125000 763.701721 1.068000 475.423004
32977.375000 763.903748 1.068000 475.519989
32977.500000 764.113098 1.016000 475.623993
32977.500000 764.314331 1.016000 475.723999
32977.750000 764.314331 1.016000 475.819000
32978.125000 764.515503 1.016000 475.919006
32978.250000 764.918030 1.016000 476.033997
32979.125000 764.918030 1.016000 476.098999
32979.625000 765.119446 1.016000 476.218994
32980.125000 765.322205 1.016000 476.319000
32980.125000 765.529541 1.016000 476.419006
32980.250000 765.730896 1.016000 476.520996
32980.250000 765.968323 1.016000 476.619995
32980.500000 766.177307 1.016000 476.720001
32983.625000 766.408569 1.013000 476.820007
32984.000000 766.609375 1.013000 476.920013
32984.125000 766.810181 1.013000 477.020996
32984.250000 767.011353 1.013000 477.118011
32984.500000 767.216675 1.013000 477.217010
32984.500000 767.482849 1.013000 477.324005
32984.875000 767.693726 1.013000 477.428986
32985.000000 767.894592 1.013000 477.523987
32985.375000 768.097534 1.013000 477.614990
32989.625000 768.302795 1.013000 477.726990
32990.000000 768.512085 1.013000 477.821991
32990.375000 768.512085 1.013000 477.915009
32990.625000 768.729248 1.013000 478.018005
32992.000000 768.972046 1.049000 478.121002
32993.000000 769.201050 1.049000 478.220001
32993.375000 769.414185 1.049000 478.322998
32993.875000 769.623779 1.049000 478.416992
32994.125000 769.855286 1.049000 478.527008
32994.625000 770.066895 1.049000 478.622009
32994.750000 770.268250 1.049000 478.717010
32995.125000 770.469604 1.049000 478.825012
32996.750000 770.672668 1.049000 478.924988
32997.125000 770.865845 1.049000 479.016998
32997.625000 770.865845 1.049000 479.112000
33002.500000 771.036072 1.049000 479.222992
33003.750000 771.164795 1.049000 479.316986
33004.250000 771.164795 1.095000 479.410004
33004.500000 771.164795 1.095000 479.523010
33006.000000 771.355591 1.095000 479.617004
33006.750000 771.360413 1.095000 479.721985
33007.750000 771.360413 1.095000 479.821991
33012.375000 771.360413 1.095000 479.916992
33013.000000 771.360413 1.095000 480.016998
33013.375000 771.360413 1.095000 480.117004
33013.875000 771.360413 1.095000 480.201996
33014.500000 771.360413 1.095000 480.322998
33014.500000 771.360413 1.095000 480.425995
33014.625000 771.360413 1.095000 480.511993
33014.875000 771.360413 1.043000 480.625000
33014.875000 771.360413 1.043000 480.725006
33014.875000 771.360413 1.043000 480.825012
33015.000000 771.360413 1.043000 480.916992
33015.125000 771.361389 1.043000 481.026001
33015.250000 771.361389 1.043000 481.126007
33015.500000 771.369019 1.043000 481.226013
33015.500000 771.369019 1.043000 481.330994
33015.500000 771.369019 1.043000 481.425995
33015.625000 771.369019 1.043000 481.519012
33015.875000 771.369019 1.043000 481.625000
33016.000000 771.572571 1.043000 481.718994
33017.625000 771.774780 1.021000 481.819000
33017.750000 771.774780 1.021000 481.924011
33017.875000 772.004639 1.021000 482.023987
33018.375000 772.213318 1.021000 482.122009
33018.375000 772.213318 1.021000 482.221008
33018.500000 772.453125 1.021000 482.321014
33018.750000 772.710999 1.021000 482.424011
33019.125000 772.956421 1.021000 482.516998
33019.375000 773.167725 1.021000 482.609985
33019.750000 773.374634 1.021000 482.729004
33020.000000 773.583923 1.021000 482.828003
33020.125000 773.785156 1.021000 482.928009
33021.500000 773.989319 0.987000 483.019989
33022.250000 774.196655 0.987000 483.119995
33023.000000 774.397705 0.987000 483.220001
33023.625000 774.397705 0.987000 483.309998
33024.500000 774.800049 0.987000 483.420990
33024.625000 775.001343 0.987000 483.524994
33024.875000 775.001343 0.987000 483.605011
33025.375000 775.404236 0.987000 483.714996
33027.000000 775.404236 0.987000 483.820007
33031.500000 775.611511 0.987000 483.920990
33031.875000 775.796997 0.987000 484.029999
33032.250000 775.963379 0.987000 484.125000
33032.750000 776.081848 0.987000 484.230011
33033.500000 776.164978 1.011000 484.326996
33033.750000 776.217529 1.011000 484.415009
33034.250000 776.234924 1.011000 484.519989
33034.875000 776.234924 1.011000 484.619995
33035.000000 776.234924 1.011000 484.704987
33035.625000 776.234924 1.011000 484.819000
33036.000000 776.234924 1.011000 484.908997
33036.750000 776.234924 1.011000 485.009003
33037.000000 776.234924 1.011000 485.118988
33037.250000 776.234924 1.011000 485.218994
33054.000000 776.234924 1.011000 485.319000
33054.250000 776.234924 1.011000 485.417999
33055.000000 776.234924 1.094000 485.519012
33055.250000 776.234924 1.094000 485.618011
33055.250000 776.240356 1.094000 485.717987
33055.375000 776.240356 1.094000 485.817993
33055.500000 776.240356 1.094000 485.919006
33055.625000 776.379456 1.094000 486.019012
33055.750000 776.379456 1.094000 486.118988
33055.875000 776.584412 1.094000 486.221008
33055.875000 776.584412 1.094000 486.322998
33056.125000 776.789062 1.094000 486.417999
33056.500000 776.992493 1.094000 486.527008
33056.500000 777.249939 1.094000 486.630005
33056.625000 777.451416 1.032000 486.730011
33056.875000 777.652405 1.032000 486.825012
33056.875000 777.853760 1.032000 486.929993
33057.125000 778.054749 1.032000 487.024994
33057.250000 778.255859 1.032000 487.130005
33057.625000 778.457214 1.032000 487.225006
33058.125000 778.658325 1.032000 487.329987
33058.625000 778.867554 1.032000 487.420013
33058.750000 779.091309 1.032000 487.519012
33059.000000 779.300476 1.032000 487.618988
33059.250000 779.501587 1.032000 487.718994
33059.875000 779.704834 1.032000 487.819000
33061.125000 779.906067 1.032000 487.919006
33061.500000 780.113831 1.032000 488.019012
33062.000000 780.315247 1.032000 488.118988
33062.500000 780.516296 1.032000 488.218994
33063.125000 780.717651 1.032000 488.319000
33063.500000 780.918640 1.032000 488.419006
33064.250000 781.126221 1.032000 488.527008
33066.250000 781.328552 1.032000 488.627014
33067.500000 781.328552 1.032000 488.713989
33069.000000 781.513184 1.032000 488.819000
33069.625000 781.669373 1.032000 488.927002
33070.125000 781.810120 1.032000 489.019012
33070.875000 781.895508 1.032000 489.131012
33072.625000 781.950134 0.982000 489.230988
33072.750000 781.966736 0.982000 489.325012
33072.875000 781.966736 0.982000 489.424011
33073.625000 781.966736 0.982000 489.524994
33073.875000 781.966736 0.982000 489.618988
33074.375000 781.966736 0.982000 489.709015
33076.625000 781.966736 0.982000 489.825989
33077.625000 781.966736 0.982000 489.919006
33082.625000 781.966736 0.982000 490.024994
33082.875000 781.966736 0.982000 490.118988
33087.375000 781.966736 0.982000 490.226013
33124.875000 781.966736 0.982000 490.330994
33126.250000 781.966736 0.982000 490.431000
33126.375000 781.966736 1.042000 490.523987
33127.750000 781.966736 1.042000 490.623993
33129.500000 781.966736 1.042000 490.723999
33129.875000 781.966736 1.042000 490.825012
33130.125000 781.966736 1.042000 490.908997
33130.375000 781.967224 1.042000 491.023987
33130.500000 781.967224 1.042000 491.118988
33130.750000 781.967224 1.042000 491.216003
33131.000000 781.967224 1.042000 491.328003
33131.125000 782.069092 1.042000 491.425995
33131.750000 782.069092 1.042000 491.520996
33132.000000 782.272278 1.042000 491.626007
33132.250000 782.272278 1.003000 491.721008
33132.750000 782.477234 1.003000 491.821014
33133.000000 782.687805 1.003000 491.920990
33133.750000 782.907898 1.003000 492.020996
33134.125000 783.119690 1.003000 492.126007
33134.625000 783.341064 1.003000 492.221008
33136.500000 783.542358 1.003000 492.306000
33136.750000 783.763672 1.003000 492.421997
33137.250000 783.965210 1.003000 492.520996
33138.625000 784.166443 1.003000 492.621002
33139.125000 784.367798 1.003000 492.722992
33140.000000 784.579407 1.026000 492.821014
33140.375000 784.786865 1.026000 492.933990
33141.500000 784.988098 1.026000 493.033997
33142.625000 785.189209 1.026000 493.118988
33143.500000 785.390320 1.026000 493.229004
33144.250000 785.591553 1.026000 493.329010
33145.875000 785.796753 1.026000 493.420990
33147.500000 785.998047 1.026000 493.515991
33150.125000 786.203369 1.026000 493.618011
33152.750000 786.410889 1.026000 493.726013
33156.750000 786.618530 1.026000 493.838989
33159.375000 786.819885 1.026000 493.933990
33162.875000 787.021362 1.026000 494.027008
33168.750000 787.224487 1.065000 494.135986
33174.125000 787.432190 1.065000 494.233002
33178.750000 787.633423 1.065000 494.338013
33182.500000 787.843018 1.065000 494.437012
33186.000000 788.052307 1.065000 494.531006
33190.500000 788.052307 1.065000 494.621002
33194.875000 788.256226 1.065000 494.726013
33198.250000 788.475830 1.065000 494.825989
33204.000000 788.752014 1.065000 494.933014
33207.750000 788.953247 1.065000 495.026001
33211.375000 789.180115 1.065000 495.126007
33216.375000 789.401794 1.065000 495.226013
33221.125000 789.603149 1.100000 495.321014
33225.875000 789.816711 1.100000 495.433014
33229.750000 790.023804 1.100000 495.527008
33233.875000 790.235474 1.100000 495.631012
33237.250000 790.436890 1.100000 495.726013
33241.750000 790.638062 1.100000 495.825989
33248.375000 790.839661 1.100000 495.936005
33253.875000 791.041016 1.100000 496.036011
33258.125000 791.248596 1.100000 496.134003
33263.250000 791.449829 1.100000 496.234009
33267.250000 791.655334 1.100000 496.325989
33270.750000 791.856567 1.100000 496.425995
33274.625000 792.058105 1.011000 496.526001
33279.125000 792.259644 1.011000 496.626007
33281.500000 792.460938 1.011000 496.726013
33287.250000 792.666443 1.011000 496.833008
33291.875000 792.867676 1.011000 496.933014
33294.500000 793.068787 1.011000 497.032990
33298.500000 793.270020 1.011000 497.132996
33302.250000 793.477356 1.011000 497.226013
33305.250000 793.687073 1.011000 497.334991
33308.625000 793.888062 1.011000 497.434998
33312.250000 794.093201 1.011000 497.532013
33318.125000 794.294434 1.011000 497.631989
33325.125000 794.294434 1.061000 497.726013
33328.125000 794.548523 1.061000 497.825989
33332.750000 794.769897 1.061000 497.925995
33337.500000 794.985352 1.061000 498.026001
33343.125000 795.192810 1.061000 498.126007
33350.000000 795.394043 1.061000 498.227997
33356.125000 795.601074 1.061000 498.334015
33361.125000 795.826416 1.061000 498.433990
33367.250000 796.036133 1.061000 498.515991
33372.750000 796.237732 1.061000 498.627014
33377.750000 796.438965 1.061000 498.721008
33383.750000 796.643921 1.061000 498.821014
33390.000000 796.851135 1.016000 498.925995
33395.125000 797.052246 1.016000 499.027008
33399.750000 797.253357 1.016000 499.126007
33404.500000 797.454773 1.016000 499.230988
33410.625000 797.656006 1.016000 499.333008
33417.625000 797.866089 1.016000 499.434998
33423.125000 798.071472 1.016000 499.527008
33430.375000 798.071472 1.016000 499.623993
33436.375000 798.296997 1.016000 499.730988
33441.750000 798.501953 1.016000 499.824005
33447.750000 798.759705 1.016000 499.924988
33453.375000 798.981201 1.016000 500.023987
33463.625000 799.190002 0.991000 500.118988
33471.750000 799.432190 0.991000 500.233002
33481.125000 799.633423 0.991000 500.333008
33486.625000 799.834656 0.991000 500.437988
33491.750000 800.048462 0.991000 500.532013
33498.000000 800.256042 0.991000 500.627014
33503.500000 800.457703 0.991000 500.726990
33511.250000 800.659607 0.991000 500.826996
33520.000000 800.659607 0.991000 500.927002
33527.250000 800.887329 0.991000 501.035004
33534.625000 801.096191 0.991000 501.138000
33540.875000 801.096191 0.991000 501.231995
33548.375000 801.303467 0.993000 501.335999
33554.375000 801.534973 0.993000 501.437012
33561.000000 801.738037 0.993000 501.537994
33566.000000 801.738037 0.993000 501.631989
33570.625000 801.988770 0.993000 501.726990
33577.625000 802.198303 0.993000 501.828003
33584.000000 802.407349 0.993000 501.927002
33588.750000 802.626343 0.993000 502.037994
33594.125000 802.835938 0.993000 502.126007
33599.250000 803.037659 0.993000 502.230011
33605.625000 803.252930 0.993000 502.315002
33613.125000 803.459900 1.016000 502.440002
33619.000000 803.680786 1.016000 502.535004
33624.250000 803.881897 1.016000 502.630005
33631.375000 804.083008 1.016000 502.739990
33636.500000 804.083008 1.016000 502.804993
33645.000000 804.511292 1.016000 502.933014
33651.250000 804.712280 1.016000 503.037994
33657.250000 804.917358 1.016000 503.140015
33665.875000 805.126587 1.016000 503.234009
33672.875000 805.126587 1.016000 503.333008
33679.875000 805.327820 1.016000 503.428986
33688.000000 805.528931 1.016000 503.529999
33696.750000 805.732300 1.016000 503.634003
33710.000000 806.145752 1.125000 503.743011
33717.750000 806.145752 1.125000 503.834015
33724.250000 806.365601 1.125000 503.932007
33731.625000 806.631226 1.125000 504.040985
33739.125000 806.832336 1.125000 504.140991
33744.875000 807.033447 1.125000 504.234009
33751.500000 807.240173 1.125000 504.329010
33758.500000 807.441162 1.125000 504.428986
33771.000000 807.643005 1.125000 504.531006
33780.125000 807.850525 1.125000 504.621002
33787.000000 807.850525 1.125000 504.731995
33793.375000 808.064758 1.125000 504.845001
33796.250000 808.064758 1.084000 504.940002
33802.125000 808.266479 1.084000 505.040009
33806.000000 808.266479 1.084000 505.140015
33809.875000 808.467285 1.084000 505.242004
33814.250000 808.671021 1.084000 505.341003
33818.375000 808.671021 1.084000 505.444000
33823.250000 808.871216 1.084000 505.539001
33830.500000 809.076660 1.084000 505.635010
33837.000000 809.358582 1.084000 505.739014
33844.000000 809.565552 1.084000 505.842010
33850.750000 809.770813 1.084000 505.938995
33854.750000 809.974365 1.084000 506.035004
33860.250000 810.183411 1.084000 506.139008
33868.250000 810.389099 1.061000 506.233002
33873.125000 810.592957 1.061000 506.338013
33877.750000 810.592957 1.061000 506.433014
33881.375000 810.997009 1.061000 506.539001
33886.125000 810.997009 1.061000 506.635986
33890.875000 811.403137 1.061000 506.740997
33895.000000 811.403137 1.061000 506.839996
33899.125000 811.612488 1.061000 506.940002
33905.375000 811.823853 1.061000 507.037994
33908.750000 812.030823 1.061000 507.144989
33913.125000 812.324280 1.061000 507.239014
33917.875000 812.525391 1.061000 507.346985
33923.125000 812.732361 1.092000 507.438995
33927.625000 812.939026 1.092000 507.539001
33931.500000 813.148132 1.092000 507.628998
33936.750000 813.369690 1.092000 507.739014
33940.625000 813.571167 1.092000 507.838989
33946.500000 813.780640 1.092000 507.942993
33951.500000 813.984497 1.092000 508.039001
33955.625000 814.186157 1.092000 508.135010
33967.875000 814.388062 1.092000 508.238007
33973.000000 814.388062 1.092000 508.338013
33976.250000 814.632446 1.092000 508.444000
33981.000000 814.632446 1.092000 508.537994
33986.875000 814.834351 1.081000 508.638000
33989.125000 814.834351 1.081000 508.738007
33992.000000 815.038574 1.081000 508.835999
33994.625000 815.038574 1.081000 508.936005
33997.125000 815.239868 1.081000 509.036011
34000.750000 815.445007 1.081000 509.138000
34015.375000 815.445007 1.081000 509.242004
34019.375000 815.659546 1.081000 509.337006
34024.750000 815.867126 1.081000 509.427002
34030.000000 816.074463 1.081000 509.537994
34034.750000 816.286133 1.081000 509.638000
34038.875000 816.497559 1.081000 509.737000
34043.000000 816.700623 1.081000 509.837006
34054.500000 816.904724 1.097000 509.945007
34059.375000 817.134277 1.097000 510.037994
34063.875000 817.345154 1.097000 510.136993
34069.500000 817.546387 1.097000 510.237000
34073.875000 817.747620 1.097000 510.338013
34079.750000 817.950989 1.097000 510.437012
34098.375000 818.170410 1.097000 510.552002
34105.000000 818.371826 1.097000 510.627014
34111.000000 818.572998 1.097000 510.733002
34120.000000 818.778625 1.097000 510.829010
34126.625000 818.983887 1.097000 510.938995
34132.375000 819.191101 1.097000 511.039001
34165.500000 819.399963 1.073000 511.157990
34175.375000 819.399963 1.073000 511.243988
34180.750000 819.600891 1.073000 511.338989
34187.625000 819.842834 1.073000 511.433990
34193.875000 820.044067 1.073000 511.539001
34200.625000 820.253601 1.073000 511.638000
34206.250000 820.461182 1.073000 511.738007
34212.500000 820.662109 1.073000 511.842987
34217.500000 820.862549 1.073000 511.937012
34236.125000 820.862549 1.073000 512.041992
34240.875000 821.067993 1.073000 512.137024
34245.875000 821.067993 1.073000 512.237000
34254.500000 821.309265 1.088000 512.351990
34259.375000 821.517761 1.088000 512.442017
34275.750000 821.751953 1.088000 512.544983
34281.500000 821.963196 1.088000 512.650024
34287.375000 822.170654 1.088000 512.742981
34292.875000 822.374817 1.088000 512.846008
34298.000000 822.374817 1.088000 512.937988
34303.375000 822.581543 1.088000 513.038025
34315.500000 822.781799 1.088000 513.143005
34322.625000 822.982788 1.088000 513.237976
34328.875000 823.163879 1.088000 513.338989
34335.500000 823.326904 1.088000 513.437988
34339.375000 823.440796 1.088000 513.546021
34359.000000 823.524170 1.101000 513.632019
34362.250000 823.574158 1.101000 513.736023
34364.375000 823.574158 1.101000 513.841980
34365.750000 823.592102 1.101000 513.945007
34369.000000 823.592102 1.101000 514.034973
34380.000000 823.592102 1.101000 514.140015
34381.750000 823.592102 1.101000 514.244995
34384.000000 823.592102 1.101000 514.349976
34388.500000 823.592102 1.101000 514.440002
34388.500000 823.592102 1.101000 514.544983
34390.000000 823.592102 1.101000 514.650024
34391.250000 823.592102 1.101000 514.750000
34391.875000 823.592102 1.135000 514.849976
34392.625000 823.625610 1.135000 514.942993
34393.500000 823.625610 1.135000 515.038025
34394.125000 823.625610 1.135000 515.143005
34395.125000 823.826477 1.135000 515.237976
34396.375000 823.826477 1.135000 515.338013
34397.750000 824.065552 1.135000 515.432983
34400.500000 824.270935 1.135000 515.538025
34402.000000 824.471130 1.135000 515.651001
34404.500000 824.706787 1.135000 515.744019
34407.125000 824.908081 1.135000 515.838013
34409.125000 825.109436 1.135000 515.937988
34415.000000 825.315918 1.020000 516.033997
34417.125000 825.523621 1.020000 516.143005
34419.750000 825.725098 1.020000 516.239014
34422.875000 825.926331 1.020000 516.338013
34426.125000 826.127502 1.020000 516.437988
34429.500000 826.328796 1.020000 516.538025
34432.625000 826.529968 1.020000 516.643005
34435.875000 826.731140 1.020000 516.737976
34438.625000 826.932434 1.020000 516.843018
34442.000000 827.134033 1.020000 516.937988
34446.250000 827.335083 1.020000 517.033020
34450.500000 827.535950 1.020000 517.138977
34456.250000 827.737549 1.049000 517.242981
34463.000000 827.942871 1.049000 517.344971
34467.875000 828.150024 1.049000 517.437988
34474.125000 828.351318 1.049000 517.538025
34479.875000 828.552795 1.049000 517.638000
34485.625000 828.552795 1.049000 517.736023
34491.625000 828.754089 1.049000 517.830994
34498.125000 829.162476 1.049000 517.945984
34503.250000 829.162476 1.049000 518.036011
34508.750000 829.434204 1.049000 518.145996
34515.125000 829.635315 1.049000 518.241028
34521.625000 829.836426 1.075000 518.346008
34526.875000 830.041687 1.075000 518.442993
34531.000000 830.245483 1.075000 518.538025
34536.125000 830.454468 1.075000 518.648987
34544.000000 830.656067 1.075000 518.737976
34550.875000 830.883240 1.075000 518.846008
34558.625000 831.084656 1.075000 518.940979
34566.250000 831.342163 1.075000 519.041016
34574.250000 831.547852 1.075000 519.125977
34581.500000 831.756958 1.075000 519.237976
34588.500000 831.962524 1.075000 519.336975
34595.875000 832.163635 1.075000 519.437012
34604.250000 832.369141 1.075000 519.536987
34611.250000 832.369141 1.099000 519.632019
34619.875000 832.779846 1.099000 519.742981
34626.000000 832.779846 1.099000 519.836975
34633.000000 832.989685 1.099000 519.937012
34640.250000 833.196838 1.099000 520.036987
34648.125000 833.422180 1.099000 520.137024
34656.750000 833.643677 1.099000 520.237000
34664.375000 833.875061 1.099000 520.341980
34668.625000 834.076294 1.099000 520.442017
34675.125000 834.279846 1.099000 520.536987
34680.000000 834.529358 1.099000 520.632019
34686.500000 834.736694 1.099000 520.729980
34709.000000 834.945923 1.100000 520.831970
34713.625000 835.151611 1.100000 520.932007
34720.375000 835.383606 1.100000 521.052002
34723.000000 835.591064 1.100000 521.140015
34727.500000 835.796265 1.100000 521.244995
34731.250000 836.001160 1.100000 521.341980
34735.000000 836.001160 1.100000 521.437012
34740.250000 836.423828 1.100000 521.549011
34744.625000 836.423828 1.100000 521.645020
34750.250000 836.631226 1.100000 521.745972
34754.875000 836.870361 1.100000 521.841003
34758.625000 837.091980 1.100000 521.940979
34764.750000 837.293091 1.100000 522.051025
34767.750000 837.496155 1.088000 522.145996
34771.875000 837.701416 1.088000 522.252014
34775.625000 837.958984 1.088000 522.346985
34780.125000 838.190735 1.088000 522.447021
34785.250000 838.404114 1.088000 522.552979
34789.750000 838.613220 1.088000 522.646973
34795.375000 838.814209 1.088000 522.745972
34801.000000 839.015137 1.088000 522.846985
34807.875000 839.215393 1.088000 522.947021
34819.625000 839.215393 1.088000 523.046997
34823.875000 839.450134 1.088000 523.146973
34829.375000 839.675903 1.088000 523.247009
34835.000000 839.675903 1.088000 523.349976
34838.625000 839.889343 1.088000 523.445007
34842.750000 840.092651 1.119000 523.551025
34847.625000 840.307983 1.119000 523.646973
34854.250000 840.517212 1.119000 523.747009
34858.125000 840.726074 1.119000 523.846008
34862.625000 840.931702 1.119000 523.940002
34869.375000 841.135071 1.119000 524.041992
34874.125000 841.339966 1.119000 524.156006
34880.250000 841.541199 1.119000 524.255981
34885.250000 841.744751 1.119000 524.348022
34890.125000 841.946045 1.119000 524.447021
34893.375000 841.946045 1.119000 524.536987
34897.500000 842.243835 1.119000 524.643005
34901.500000 842.445251 1.089000 524.744995
34906.500000 842.660217 1.089000 524.848022
34911.000000 842.867554 1.089000 524.950012
34916.750000 843.080688 1.089000 525.046997
34921.625000 843.283752 1.089000 525.156982
34926.625000 843.491333 1.089000 525.244995
34932.750000 843.712708 1.089000 525.344971
34939.000000 843.916077 1.089000 525.450989
34944.000000 844.125427 1.089000 525.546021
34952.250000 844.330444 1.089000 525.637024
34959.625000 844.539368 1.089000 525.731018
34967.750000 844.743164 1.089000 525.846985
34974.625000 844.946899 1.089000 525.947998
34981.125000 845.152710 1.104000 526.054993
34986.125000 845.359985 1.104000 526.148010
34990.625000 845.563416 1.104000 526.254028
34995.625000 845.772827 1.104000 526.348022
35002.375000 845.973938 1.104000 526.447998
35007.250000 846.177185 1.104000 526.544006
35011.250000 846.384033 1.104000 526.651978
35017.125000 846.587280 1.104000 526.747986
35034.500000 846.587280 1.104000 526.848022
35059.625000 846.792175 1.104000 526.948975
35067.000000 846.995361 1.104000 527.049011
35071.875000 846.995361 1.104000 527.150024
35076.125000 847.201355 1.104000 527.242981
35080.375000 847.401611 1.083000 527.348999
35083.875000 847.603882 1.083000 527.445007
35088.500000 847.603882 1.083000 527.543030
35093.375000 847.805664 1.083000 527.648010
35099.375000 848.006836 1.083000 527.742981
35112.250000 848.237549 1.083000 527.853027
35117.000000 848.440247 1.083000 527.955017
35121.250000 848.640442 1.083000 528.052979
35126.500000 848.859497 1.083000 528.153015
35130.500000 849.060730 1.083000 528.237976
35137.625000 849.278442 1.083000 528.356018
35142.250000 849.486206 1.083000 528.450012
35145.625000 849.687500 1.083000 528.549988
35149.250000 849.888611 1.083000 528.648987
35158.125000 850.094421 1.128000 528.749023
35162.000000 850.298401 1.128000 528.848999
35164.875000 850.298401 1.128000 528.942993
35168.000000 850.516418 1.128000 529.057983
35169.625000 850.721497 1.128000 529.148987
35172.250000 850.930603 1.128000 529.255981
35175.375000 850.930603 1.128000 529.348999
35198.750000 851.132385 1.128000 529.453979
35202.875000 851.315369 1.128000 529.557983
35205.375000 851.486938 1.128000 529.651001
35208.625000 851.607239 1.128000 529.750977
35212.250000 851.683167 1.128000 529.851013
35219.125000 851.683167 1.128000 529.950989
35226.375000 851.725952 1.123000 530.051025
35228.125000 851.725952 1.123000 530.151978
35229.875000 851.736145 1.123000 530.252014
35230.750000 851.736145 1.123000 530.346008
35232.000000 851.736145 1.123000 530.450989
35233.250000 851.736145 1.123000 530.551025
35234.125000 851.736145 1.123000 530.659973
35234.750000 851.736145 1.123000 530.742004
35234.875000 851.736145 1.123000 530.843018
35235.250000 851.736145 1.123000 530.947021
35237.250000 851.736145 1.123000 531.052979
35237.875000 851.736145 1.123000 531.143005
35239.125000 851.736145 1.123000 531.249023
35239.375000 851.736145 1.074000 531.351990
35240.000000 851.736145 1.074000 531.452026
35240.500000 851.763977 1.074000 531.554993
35241.375000 851.763977 1.074000 531.637024
35242.500000 851.965759 1.074000 531.752014
35242.500000 851.965759 1.074000 531.851990
35243.250000 852.169434 1.074000 531.947021
35244.625000 852.374695 1.074000 532.046997
35245.500000 852.374695 1.074000 532.146973
35250.750000 852.587463 1.074000 532.257019
35251.125000 852.793030 1.074000 532.349976
35252.250000 852.793030 1.074000 532.448975
35253.750000 853.000916 1.074000 532.554993
35254.250000 853.232605 1.009000 532.640015
35254.375000 853.443909 1.009000 532.750000
35255.250000 853.645020 1.009000 532.849976
35256.125000 853.846436 1.009000 532.956970
35257.000000 854.057861 1.009000 533.059021
35258.375000 854.309509 1.009000 533.159973
35259.625000 854.522705 1.009000 533.234985
35260.500000 854.766541 1.009000 533.349976
35261.750000 854.975830 1.009000 533.455017
35263.000000 855.179138 1.009000 533.557007
35264.000000 855.383911 1.009000 533.658997
35265.500000 855.585144 1.009000 533.749023
35266.375000 855.790527 1.009000 533.851013
35270.125000 855.997192 1.106000 533.955017
35271.375000 855.997192 1.106000 534.056030
35272.375000 856.294739 1.106000 534.153015
35273.750000 856.504456 1.106000 534.255981
35274.875000 856.755920 1.106000 534.356018
35276.500000 856.963013 1.106000 534.448975
35277.750000 856.963013 1.106000 534.534973
35280.000000 857.176025 1.106000 534.640015
35281.500000 857.377319 1.106000 534.739990
35282.625000 857.780090 1.106000 534.851013
35283.875000 857.981689 1.106000 534.950012
35285.500000 858.183044 1.106000 535.049988
35286.500000 858.384460 1.106000 535.151001
35289.250000 858.587341 1.188000 535.260986
35290.000000 858.795654 1.188000 535.349976
35291.125000 858.998657 1.188000 535.450989
35291.875000 859.208130 1.188000 535.554993
35292.875000 859.208130 1.188000 535.651001
35293.875000 859.411377 1.188000 535.750000
35295.500000 859.626648 1.188000 535.854980
35296.375000 859.834351 1.188000 535.950012
35297.125000 860.055481 1.188000 536.049011
35298.125000 860.293335 1.188000 536.161987
35300.000000 860.500488 1.188000 536.262024
35300.375000 860.751953 1.188000 536.356995
35300.500000 860.967468 1.188000 536.448975
35301.125000 861.178772 1.188000 536.549011
35334.000000 861.379639 1.155000 536.653992
35335.250000 861.589233 1.155000 536.754028
35335.875000 861.794678 1.155000 536.862000
35336.625000 861.996033 1.155000 536.956970
35337.500000 862.203796 1.155000 537.044983
35338.625000 862.405212 1.155000 537.164978
35338.875000 862.606445 1.155000 537.260010
35339.125000 862.817932 1.155000 537.369995
35340.000000 863.021179 1.155000 537.460022
35342.000000 863.021179 1.155000 537.564026
35344.125000 863.261597 1.155000 537.664001
35367.625000 863.410461 1.155000 537.765015
35368.625000 863.525574 1.155000 537.864990
35370.250000 863.605896 1.157000 537.961975
35371.375000 863.605896 1.157000 538.056030
35375.625000 863.665039 1.157000 538.164978
35376.250000 863.667908 1.157000 538.250000
35376.625000 863.667908 1.157000 538.354980
35377.000000 863.667908 1.157000 538.445007
35377.625000 863.667908 1.157000 538.556030
35377.875000 863.667908 1.157000 538.650024
35378.000000 863.667908 1.157000 538.760010
35378.500000 863.687073 1.157000 538.864990
35379.625000 863.687683 1.157000 538.965027
35379.750000 863.687683 1.157000 539.059021
35380.125000 863.687683 1.157000 539.156982
35380.250000 863.687683 1.157000 539.255981
35380.750000 863.687683 1.163000 539.338013
35381.250000 863.743835 1.163000 539.447998
35381.375000 863.743835 1.163000 539.552979
35381.500000 863.743835 1.163000 539.658997
35381.750000 863.944275 1.163000 539.762024
35382.375000 863.944275 1.163000 539.851990
35382.875000 864.149658 1.163000 539.958984
35383.625000 864.367615 1.163000 540.062988
35384.000000 864.574890 1.163000 540.153015
35384.625000 864.786011 1.163000 540.255981
35385.625000 864.995178 1.163000 540.351013
35386.250000 865.196838 1.163000 540.453003
35387.125000 865.418030 1.163000 540.546021
35391.875000 865.623718 1.117000 540.653992
35393.500000 865.842041 1.117000 540.758972
35394.125000 866.043274 1.117000 540.857971
35395.625000 866.254822 1.117000 540.958008
35396.750000 866.456177 1.117000 541.057983
35398.250000 866.657166 1.117000 541.143005
35399.500000 866.858215 1.117000 541.242981
35401.500000 867.059387 1.117000 541.353027
35404.125000 867.262512 1.117000 541.458984
35409.875000 867.473206 1.117000 541.554016
35413.500000 867.473206 1.117000 541.653015
35424.375000 867.660400 1.117000 541.758972
35427.250000 867.821106 1.117000 541.862000
35430.625000 867.945801 1.117000 541.958008
35440.125000 868.034180 1.223000 542.056030
35441.000000 868.091309 1.223000 542.158020
35443.000000 868.091309 1.223000 542.242981
35445.250000 868.112244 1.223000 542.343018
35446.250000 868.112488 1.223000 542.463013
35446.500000 868.112488 1.223000 542.567993
35448.500000 868.112488 1.223000 542.668030
35448.750000 868.112488 1.223000 542.758972
35449.750000 868.112488 1.223000 542.859009
35449.750000 868.114014 1.223000 542.948975
35450.750000 868.114014 1.223000 543.064026
35451.000000 868.124817 1.223000 543.164001
35451.000000 868.124817 1.223000 543.257996
35451.750000 868.124817 1.223000 543.359985
35453.000000 868.175171 1.208000 543.460022
35453.250000 868.175171 1.208000 543.549011
35453.375000 868.175171 1.208000 543.653992
35453.375000 868.333313 1.208000 543.765015
35453.500000 868.333313 1.208000 543.856018
35454.000000 868.539124 1.208000 543.960999
35454.375000 868.539124 1.208000 544.054016
35454.375000 868.792847 1.208000 544.153992
35455.125000 869.021790 1.208000 544.254028
35455.750000 869.222961 1.208000 544.361023
35455.875000 869.423889 1.208000 544.458984
35456.250000 869.651245 1.208000 544.567017
35456.500000 869.852478 1.208000 544.661987
35456.625000 870.053711 1.106000 544.762024
35456.750000 870.263184 1.106000 544.861023
35457.000000 870.470398 1.106000 544.953979
35457.250000 870.671448 1.106000 545.054016
35457.625000 870.671448 1.106000 545.148987
35457.875000 871.081482 1.106000 545.257996
35458.125000 871.081482 1.106000 545.354004
35458.375000 871.294617 1.106000 545.453003
35458.625000 871.512085 1.106000 545.552979
35458.875000 871.715332 1.106000 545.653015
35459.750000 871.918701 1.106000 545.768005
35462.375000 872.103821 1.106000 545.854980
35463.875000 872.250366 1.106000 545.958008
35464.375000 872.364014 1.106000 546.056030
35465.875000 872.444824 1.106000 546.159973
35465.875000 872.444824 1.268000 546.252014
35466.125000 872.492554 1.268000 546.354980
35467.000000 872.507385 1.268000 546.455017
35469.625000 872.507385 1.268000 546.556030
35469.875000 872.507385 1.268000 546.655029
35471.000000 872.507385 1.268000 546.755005
35471.125000 872.507385 1.268000 546.848999
35471.125000 872.507385 1.268000 546.953979
35471.375000 872.507507 1.268000 547.054016
35471.625000 872.507507 1.268000 547.156982
35471.625000 872.507935 1.268000 547.254028
35471.625000 872.507935 1.268000 547.362976
35471.625000 872.516235 1.268000 547.463013
35519.875000 872.516235 1.123000 547.560974
35520.000000 872.517517 1.123000 547.656006
35520.375000 872.517517 1.123000 547.755981
35520.500000 872.517517 1.123000 547.835999
35520.500000 872.517517 1.123000 547.953003
35520.875000 872.721069 1.123000 548.059021
35520.875000 872.721069 1.123000 548.153015
35521.500000 872.929260 1.123000 548.260986
35521.750000 873.130188 1.123000 548.353027
35522.125000 873.338928 1.123000 548.455017
35522.625000 873.540710 1.123000 548.554993
35523.000000 873.743835 1.123000 548.656006
35523.375000 873.952637 1.123000 548.760010
35523.500000 873.952637 1.123000 548.854980
35524.000000 874.153809 1.109000 548.945007
35524.250000 874.358582 1.109000 549.060974
35524.375000 874.624390 1.109000 549.161011
35525.250000 874.833801 1.109000 549.255981
35525.750000 875.044922 1.109000 549.359985
35526.000000 875.266235 1.109000 549.455017
35526.000000 875.487366 1.109000 549.559998
35526.000000 875.692566 1.109000 549.661987
35526.250000 875.913818 1.109000 549.762024
35526.375000 876.121277 1.109000 549.854980
35526.750000 876.121277 1.109000 549.940002
35527.125000 876.531799 1.109000 550.049988
35527.125000 876.734924 1.109000 550.159973
35527.500000 876.734924 1.109000 550.239990
35530.750000 877.144592 1.139000 550.357971
35531.625000 877.345825 1.139000 550.460999
35533.000000 877.546936 1.139000 550.560974
35534.000000 877.546936 1.139000 550.648987
35535.875000 877.771912 1.139000 550.763000
35536.500000 877.972778 1.139000 550.848022
35538.500000 878.204468 1.139000 550.958008
35540.625000 878.423462 1.139000 551.057007
35541.750000 878.423462 1.139000 551.156982
35542.250000 878.625610 1.139000 551.257019
35543.500000 878.625610 1.139000 551.346985
35544.875000 878.866516 1.139000 551.458008
35546.000000 879.068970 1.139000 551.557007
35548.375000 879.284241 1.139000 551.663025
35550.000000 879.489319 1.139000 551.758972
35552.000000 879.696655 1.195000 551.851990
35552.875000 879.897705 1.195000 551.956970
35555.000000 880.102966 1.195000 552.057983
35556.625000 880.312073 1.195000 552.159973
35558.625000 880.513184 1.195000 552.252991
35561.125000 880.716675 1.195000 552.359009
35562.875000 880.922241 1.195000 552.450989
35564.375000 881.129700 1.195000 552.560974
35566.000000 881.334717 1.195000 552.656006
35569.000000 881.542297 1.195000 552.763977
35570.750000 881.743469 1.195000 552.854004
35572.750000 881.944702 1.195000 552.953979
35574.750000 882.146057 1.195000 553.054016
35576.000000 882.349365 1.195000 553.155029
35580.875000 882.349365 1.124000 553.254028
35582.250000 882.556152 1.124000 553.354004
35582.875000 882.807312 1.124000 553.453979
35584.375000 883.008240 1.124000 553.533997
35585.875000 883.280151 1.124000 553.661011
35587.500000 883.481506 1.124000 553.758972
35589.875000 883.688660 1.124000 553.862000
35590.875000 883.890015 1.124000 553.961975
35592.125000 884.091248 1.124000 554.062012
35594.000000 884.312500 1.124000 554.166992
35596.500000 884.312500 1.124000 554.241028
35598.000000 884.722961 1.124000 554.346008
35599.500000 884.924255 1.124000 554.450989
35600.375000 885.125610 1.124000 554.565979
35604.875000 885.326172 1.103000 554.656006
35607.875000 885.527100 1.103000 554.762024
35610.500000 885.728333 1.103000 554.856018
35612.000000 885.931091 1.103000 554.953979
35614.000000 886.138428 1.103000 555.051025
35615.750000 886.339417 1.103000 555.156006
35618.000000 886.542542 1.103000 555.252014
35619.375000 886.753906 1.103000 555.356995
35620.750000 886.753906 1.103000 555.455994
35622.500000 887.166260 1.103000 555.562012
35624.500000 887.166260 1.103000 555.646973
35626.625000 887.367676 1.103000 555.757019
35629.000000 887.569031 1.103000 555.854980
35631.500000 887.772217 1.103000 555.956970
35633.750000 887.981384 1.088000 556.052002
35635.000000 888.185059 1.088000 556.158997
35636.750000 888.391663 1.088000 556.237976
35638.500000 888.617310 1.088000 556.356995
35640.625000 888.862610 1.088000 556.460999
35642.625000 889.063843 1.088000 556.562988
35644.625000 889.267334 1.088000 556.656982
35646.500000 889.468567 1.088000 556.757019
35650.125000 889.685303 1.088000 556.864990
35653.000000 889.910706 1.088000 556.956970
35656.250000 890.112061 1.088000 557.052002
35657.750000 890.317200 1.088000 557.133972
35673.250000 890.539429 1.088000 557.263000
35677.875000 890.729919 1.088000 557.356995
35684.000000 890.729919 1.135000 557.456970
35687.750000 890.939392 1.135000 557.559998
35689.125000 891.053040 1.135000 557.664978
35691.000000 891.142273 1.135000 557.765015
35692.875000 891.142273 1.135000 557.862976
35694.875000 891.204102 1.135000 557.966003
35695.125000 891.204102 1.135000 558.051025
35696.875000 891.204102 1.135000 558.150024
35699.500000 891.405273 1.135000 558.263000
35714.500000 891.612976 1.135000 558.364990
35716.875000 891.733398 1.135000 558.455017
35720.375000 891.733398 1.135000 558.554993
35722.750000 891.824463 1.135000 558.635010
35726.250000 891.878357 1.135000 558.755005
35728.125000 891.899292 1.135000 558.854980
35739.000000 891.899414 1.064000 558.958008
35739.250000 891.899414 1.064000 559.062988
35740.250000 891.899414 1.064000 559.158020
35741.500000 891.899414 1.064000 559.257996
35741.875000 891.899414 1.064000 559.354004
35742.000000 891.899658 1.064000 559.458008
35742.250000 891.899658 1.064000 559.559021
35742.625000 891.902222 1.064000 559.663025
35743.500000 891.902222 1.064000 559.784973
35743.750000 891.902222 1.064000 559.851990
35743.750000 891.937866 1.064000 559.971985
35744.250000 891.937866 1.064000 560.062988
35744.625000 891.937866 1.064000 560.164001
35745.750000 892.148438 1.020000 560.270020
35746.750000 892.349365 1.020000 560.364990
35748.000000 892.349365 1.020000 560.463989
35749.625000 892.550171 1.020000 560.570007
35750.125000 892.876160 1.020000 560.663025
35751.375000 893.079468 1.020000 560.765015
35753.375000 893.280518 1.020000 560.864014
35754.625000 893.481750 1.020000 560.958984
35756.500000 893.691467 1.020000 561.067993
35758.250000 893.892700 1.020000 561.168030
35760.500000 894.103943 1.020000 561.273010
35762.250000 894.305176 1.020000 561.367981
35763.625000 894.506287 1.020000 561.468018
35765.625000 894.707275 1.020000 561.552979
35778.375000 894.911377 1.022000 561.672974
35780.750000 895.117126 1.022000 561.768005
35782.375000 895.318237 1.022000 561.867981
35784.500000 895.318237 1.022000 561.958984
35786.750000 895.521484 1.022000 562.059021
35789.000000 895.724854 1.022000 562.164001
35790.375000 895.930420 1.022000 562.268982
35792.250000 896.137939 1.022000 562.364014
35794.875000 896.397766 1.022000 562.463989
35797.875000 896.639404 1.022000 562.544006
35800.375000 896.864563 1.022000 562.658997
35802.875000 897.096191 1.022000 562.770996
35805.375000 897.303772 1.022000 562.859985
35807.375000 897.504822 1.022000 562.963989
35809.625000 897.711182 1.076000 563.062012
35812.250000 897.915405 1.076000 563.171997
35814.750000 898.116638 1.076000 563.271973
35816.250000 898.116638 1.076000 563.369995
35818.750000 898.321899 1.076000 563.463989
35820.250000 898.535156 1.076000 563.564026
35821.625000 898.859253 1.076000 563.666016
35824.375000 899.068787 1.076000 563.763977
35826.875000 899.277893 1.076000 563.864014
35829.000000 899.479004 1.076000 563.963989
35830.250000 899.679993 1.076000 564.064026
35832.125000 899.881348 1.076000 564.164978
35835.000000 900.082092 1.076000 564.273987
35841.875000 900.286011 1.031000 564.370972
35844.750000 900.491394 1.031000 564.471008
35846.750000 900.698547 1.031000 564.565002
35847.875000 900.902100 1.031000 564.669983
35849.500000 901.109131 1.031000 564.773010
35857.375000 901.310364 1.031000 564.882996
35859.625000 901.511719 1.031000 564.973022
35862.000000 901.714600 1.031000 565.068970
35864.125000 901.915710 1.031000 565.174011
35866.375000 902.118713 1.031000 565.270020
35868.875000 902.319824 1.031000 565.372009
35871.250000 902.521179 1.031000 565.476013
35874.250000 902.521179 1.031000 565.560974
35876.375000 902.794556 1.042000 565.666016
35878.375000 903.013245 1.042000 565.770020
35879.875000 903.222595 1.042000 565.859985
35882.875000 903.426025 1.042000 565.960022
35886.000000 903.635071 1.042000 566.072021
35887.875000 903.842285 1.042000 566.177979
35890.875000 904.049255 1.042000 566.265991
35894.375000 904.266785 1.042000 566.369019
35897.250000 904.498535 1.042000 566.468994
35901.500000 904.699768 1.042000 566.570007
35904.000000 904.901245 1.042000 566.648987
35908.250000 905.102173 1.042000 566.768982
35910.750000 905.307495 1.042000 566.875977
35913.625000 905.514771 1.042000 566.973999
35916.000000 905.715942 1.128000 567.073975
35917.750000 905.917358 1.128000 567.169983
35921.125000 906.118652 1.128000 567.270996
35924.375000 906.321716 1.128000 567.369019
35927.500000 906.531311 1.128000 567.473999
35931.125000 906.736633 1.128000 567.572998
35932.125000 906.948059 1.128000 567.666016
35935.000000 907.156799 1.128000 567.770020
35938.125000 907.156799 1.128000 567.864990
35940.375000 907.561523 1.128000 567.976013
35943.500000 907.561523 1.128000 568.065979
35945.375000 907.963623 1.128000 568.171021
35947.125000 908.165100 1.128000 568.270996
35949.625000 908.366455 1.128000 568.380981
35951.125000 908.567688 1.098000 568.481018
35953.000000 908.770813 1.098000 568.572021
35955.500000 908.770813 1.098000 568.671021
35957.750000 908.980042 1.098000 568.771973
35959.375000 909.181335 1.098000 568.866028
35960.875000 909.412537 1.098000 568.963989
35963.000000 909.639404 1.098000 569.073975
35964.125000 909.880676 1.098000 569.179016
35966.375000 910.085815 1.098000 569.265991
35967.000000 910.286987 1.098000 569.366028
35969.375000 910.488220 1.098000 569.486023
35970.000000 910.701477 1.098000 569.572021
35970.750000 910.942871 1.098000 569.671997
35972.375000 911.144104 1.026000 569.776978
35974.125000 911.352722 1.026000 569.870972
35975.250000 911.554321 1.026000 569.971008
35976.375000 911.755737 1.026000 570.070984
35977.625000 911.958984 1.026000 570.171997
35979.250000 912.160095 1.026000 570.276978
35980.875000 912.361206 1.026000 570.367004
35982.250000 912.562439 1.026000 570.471985
35982.625000 912.763672 1.026000 570.577026
35983.625000 912.965027 1.026000 570.677002
35984.750000 913.166504 1.026000 570.762024
35986.500000 913.367981 1.026000 570.882019
35987.875000 913.573547 1.026000 570.968994
35989.125000 913.774780 1.026000 571.068970
35993.625000 913.983704 1.045000 571.169006
35995.125000 914.191895 1.045000 571.268982
35996.750000 914.394897 1.045000 571.369995
35997.625000 914.394897 1.045000 571.468994
35998.250000 914.806580 1.045000 571.575012
36000.500000 914.806580 1.045000 571.669006
36001.625000 915.016235 1.045000 571.773987
36002.625000 915.227600 1.045000 571.861023
36006.000000 915.472717 1.045000 571.971008
36007.375000 915.674133 1.045000 572.075989
36008.750000 915.959534 1.045000 572.182983
36009.625000 916.162476 1.045000 572.263977
36010.500000 916.363953 1.045000 572.359009
36011.625000 916.575256 1.045000 572.473999
36013.000000 916.788208 1.156000 572.575012
36013.500000 916.788208 1.156000 572.648987
36014.750000 917.198669 1.156000 572.770020
36015.750000 917.404175 1.156000 572.875977
36016.625000 917.605286 1.156000 572.976013
36017.750000 917.812439 1.156000 573.068970
36018.500000 918.013672 1.156000 573.169006
36019.750000 918.215027 1.156000 573.268982
36021.125000 918.418579 1.156000 573.369995
36022.875000 918.619934 1.156000 573.469971
36024.250000 918.828857 1.156000 573.578979
36025.875000 919.030212 1.156000 573.679016
36027.250000 919.030212 1.156000 573.770020
36029.125000 919.233093 1.156000 573.869995
36030.375000 919.434143 1.156000 573.950012
36031.375000 919.635193 1.309000 574.070984
36032.000000 919.886963 1.309000 574.159973
36033.375000 920.118164 1.309000 574.270020
36033.750000 920.319336 1.309000 574.354980
36035.250000 920.520752 1.309000 574.469971
36036.875000 920.792542 1.309000 574.570007
36038.625000 920.993652 1.309000 574.664978
36040.375000 921.197266 1.309000 574.770020
36041.250000 921.402405 1.309000 574.864014
36042.125000 921.603699 1.309000 574.973022
36042.750000 921.805054 1.309000 575.067993
36043.000000 922.006226 1.309000 575.153015
36043.375000 922.207764 1.309000 575.268005
36055.375000 922.415161 1.064000 575.372986
36056.000000 922.621643 1.064000 575.468994
36056.250000 922.831299 1.064000 575.573975
36057.375000 923.032776 1.064000 575.669006
36058.000000 923.234131 1.064000 575.768982
36058.125000 923.435547 1.064000 575.864014
36058.750000 923.636841 1.064000 575.969971
36059.500000 923.837830 1.064000 576.068970
36060.750000 924.042847 1.064000 576.176025
36062.000000 924.042847 1.064000 576.257019
36063.625000 924.451721 1.064000 576.379028
36064.750000 924.652405 1.064000 576.478027
36065.375000 924.861755 1.064000 576.578003
36068.500000 925.066284 1.077000 576.674988
36069.500000 925.271240 1.077000 576.784973
36070.625000 925.472778 1.077000 576.880005
36071.375000 925.682495 1.077000 576.984009
36072.500000 925.682495 1.077000 577.078979
36074.125000 925.883667 1.077000 577.179016
36074.875000 926.085083 1.077000 577.280029
36075.375000 926.286255 1.077000 577.379028
36076.250000 926.692627 1.077000 577.486023
36076.500000 926.894348 1.077000 577.585999
36077.250000 926.894348 1.077000 577.669006
36077.750000 927.113708 1.077000 577.784973
36078.750000 927.314941 1.077000 577.879028
36080.500000 927.534180 1.014000 577.986023
36082.125000 927.779175 1.014000 578.083984
36083.000000 927.999146 1.014000 578.164001
36084.250000 928.210510 1.014000 578.268982
36085.500000 928.421997 1.014000 578.374023
36086.375000 928.633179 1.014000 578.479980
36087.125000 928.850891 1.014000 578.585022
36088.000000 929.058167 1.014000 578.679993
36089.125000 929.259583 1.014000 578.776978
36089.750000 929.461121 1.014000 578.880005
36090.625000 929.662292 1.014000 578.969971
36091.875000 929.863403 1.014000 579.080017
36094.000000 930.068542 1.014000 579.184998
36098.500000 930.271851 1.040000 579.280029
36101.750000 930.484253 1.040000 579.383972
36104.250000 930.484253 1.040000 579.471008
36106.750000 930.691284 1.040000 579.585999
36110.125000 930.952637 1.040000 579.684021
36114.875000 931.161987 1.040000 579.781006
36120.750000 931.365173 1.040000 579.882019
36126.375000 931.580078 1.040000 579.981018
36131.500000 931.781189 1.040000 580.065979
36136.000000 931.986450 1.040000 580.181030
36142.250000 932.193726 1.040000 580.281006
36146.000000 932.398804 1.040000 580.388000
36148.750000 932.613953 1.040000 580.489990
36152.125000 932.815308 1.033000 580.585999
36157.500000 933.034546 1.033000 580.681030
36160.750000 933.243408 1.033000 580.788025
36163.750000 933.450623 1.033000 580.861023
36166.625000 933.651978 1.033000 580.981018
36169.625000 933.853149 1.033000 581.080994
36172.750000 934.054688 1.033000 581.181030
36175.125000 934.272217 1.033000 581.281006
36181.250000 934.475586 1.033000 581.390015
36184.750000 934.665833 1.033000 581.489990
36197.250000 934.665833 1.033000 581.581970
36200.625000 934.837646 1.033000 581.682007
36207.375000 934.962524 1.033000 581.762024
36214.500000 934.962524 0.000000 581.882019
36227.625000 934.962524 0.000000 581.981995
36229.875000 935.106018 0.000000 582.086975
36230.375000 935.111511 0.000000 582.182983
36247.500000 935.111511 0.000000 582.289978
36248.500000 935.111511 0.000000 582.385986
36250.250000 935.111511 0.000000 582.481018
36251.875000 935.111511 0.000000 582.578979
36253.000000 935.111511 0.000000 582.676025
36254.000000 935.111511 0.000000 582.781006
36255.250000 935.341919 0.000000 582.880981
36256.875000 935.545654 0.000000 582.976013
36258.500000 935.545654 0.000000 583.080994
36260.250000 935.760986 0.000000 583.176025
36262.750000 935.970032 0.000000 583.281006
36264.000000 936.171326 0.000000 583.380981
36266.250000 936.374573 0.000000 583.487976
36269.000000 936.578186 0.000000 583.578003
36270.500000 936.809570 0.000000 583.682983
36272.625000 937.016418 0.000000 583.786011
36274.375000 937.221741 0.000000 583.877991
36276.750000 937.430725 0.000000 583.979004
36278.375000 937.654297 0.000000 584.078003
36279.500000 937.865723 0.000000 584.179993
36281.375000 938.076965 0.000000 584.288025
36283.750000 938.277954 0.000000 584.388000
36285.000000 938.485413 0.000000 584.486023
36286.875000 938.686768 0.000000 584.580994
36287.750000 938.887939 0.000000 584.682983
36289.375000 939.089233 0.000000 584.781006
36290.500000 939.290344 0.000000 584.882019
36291.875000 939.491638 0.000000 584.981995
36293.625000 939.696655 0.000000 585.088013
36306.750000 939.897217 0.000000 585.189026
36308.125000 940.103577 0.000000 585.289001
36309.000000 940.304688 0.000000 585.388977
36310.250000 940.304688 0.000000 585.466003
36311.625000 940.711304 0.000000 585.591003
36312.750000 940.912659 0.000000 585.681030
36313.625000 941.114258 0.000000 585.781006
36314.375000 941.315369 0.000000 585.880981
36314.875000 941.315369 0.000000 585.971008
36315.750000 941.516663 0.000000 586.078979
36317.375000 941.929199 0.000000 586.185974
36318.000000 941.929199 0.000000 586.281006
36318.750000 942.140259 0.000000 586.382019
36319.875000 942.341492 0.000000 586.481018
36320.750000 942.544983 0.000000 586.580994
36321.875000 942.804565 0.000000 586.690979
36322.875000 943.005676 0.000000 586.781006
36323.875000 943.216919 0.000000 586.880981
36324.625000 943.420471 0.000000 586.984009
36325.500000 943.629578 0.000000 587.080994
36325.875000 943.860901 0.000000 587.181030
36326.625000 944.082275 0.000000 587.281006
36327.500000 944.283447 0.000000 587.380981
36329.000000 944.486755 0.000000 587.471985
36329.625000 944.696045 0.000000 587.580994
36331.000000 944.897522 0.000000 587.685974
36331.500000 945.098755 0.000000 587.781006
36332.375000 945.299622 0.000000 587.882996
36333.125000 945.500916 0.000000 587.981018
36334.000000 945.702148 0.000000 588.081970
36334.250000 945.903320 0.000000 588.166016
36335.250000 946.104431 0.000000 588.276001
36339.375000 946.306580 0.000000 588.380981
36342.000000 946.508728 0.000000 588.481995
36342.500000 946.709839 0.000000 588.580994
36342.750000 946.917786 0.000000 588.681030
36343.625000 946.917786 0.000000 588.770996
36345.250000 947.334656 0.000000 588.895996
36345.625000 947.334656 0.000000 588.979980
36345.875000 947.744934 0.000000 589.085022
36346.500000 947.946289 0.000000 589.184998
36347.125000 948.147522 0.000000 589.284973
36357.750000 948.352295 0.000000 589.387024
36358.125000 948.352295 0.000000 589.482971
36358.625000 948.552673 0.000000 589.577026
36359.250000 948.753845 0.000000 589.682007
36360.125000 948.954956 0.000000 589.781982
36360.375000 949.156250 0.000000 589.882996
36360.500000 949.562561 0.000000 589.989014
36360.875000 949.562561 0.000000 590.078979
36360.875000 949.904602 0.000000 590.184021
36361.125000 950.107605 0.000000 590.283997
36361.500000 950.317139 0.000000 590.380005
36361.875000 950.522888 0.000000 590.487000
36362.250000 950.729614 0.000000 590.583984
36362.875000 950.930603 0.000000 590.693970
36363.000000 951.131531 0.000000 590.783997
36363.250000 951.339111 0.000000 590.882019
36363.375000 951.544678 0.000000 590.982971
36363.500000 951.746094 0.000000 591.083008
36363.875000 951.746094 0.000000 591.164001
36364.000000 952.150330 0.000000 591.280029
36364.250000 952.357849 0.000000 591.382996
36365.000000 952.559204 0.000000 591.482971
36367.875000 952.559204 0.000000 591.583008
36368.250000 952.816040 0.000000 591.685974
36368.750000 953.018311 0.000000 591.796021
36369.250000 953.243286 0.000000 591.888000
36369.625000 953.503235 0.000000 591.979980
36370.375000 953.712280 0.000000 592.085022
36370.875000 953.921387 0.000000 592.190002
36371.500000 954.122498 0.000000 592.275024
36372.250000 954.334106 0.000000 592.400024
36372.750000 954.541443 0.000000 592.487976
36373.750000 954.748779 0.000000 592.591003
36399.875000 954.951294 0.000000 592.690979
36400.625000 954.951294 0.000000 592.786011
36401.125000 955.179138 0.000000 592.880981
36401.750000 955.382385 0.000000 592.992004
36402.375000 955.624268 0.000000 593.091980
36402.875000 955.833252 0.000000 593.187988
36403.500000 956.044495 0.000000 593.286011
36405.750000 956.245728 0.000000 593.385986
36408.375000 956.447021 0.000000 593.486023
36411.000000 956.678101 0.000000 593.588989
36413.625000 956.915833 0.000000 593.689026
36418.250000 957.117493 0.000000 593.786987
36419.375000 957.324341 0.000000 593.893982
36420.375000 957.525696 0.000000 593.994019
36421.500000 957.732849 0.000000 594.086975
36422.500000 957.938293 0.000000 594.184021
36424.125000 958.141602 0.000000 594.284973
36424.875000 958.344482 0.000000 594.390991
36425.625000 958.344482 0.000000 594.481018
36426.500000 958.752930 0.000000 594.594971
36427.500000 958.752930 0.000000 594.685974
36428.750000 958.957886 0.000000 594.778015
36429.375000 959.163452 0.000000 594.885986
36431.625000 959.371216 0.000000 594.994995
36432.500000 959.615906 0.000000 595.090027
36433.875000 959.824524 0.000000 595.190002
36434.125000 960.033569 0.000000 595.289978
36434.625000 960.234924 0.000000 595.385986
36435.000000 960.440308 0.000000 595.489990
36435.250000 960.647339 0.000000 595.591003
36436.125000 960.878723 0.000000 595.690002
36436.875000 961.108521 0.000000 595.794006
36437.750000 961.316040 0.000000 595.892029
36439.000000 961.517273 0.000000 595.992004
36439.625000 961.723145 0.000000 596.088013
36441.250000 961.931763 0.000000 596.184998
36443.000000 962.134766 0.000000 596.289001
36443.875000 962.335999 0.000000 596.388977
36444.875000 962.537354 0.000000 596.484009
36445.250000 962.537354 0.000000 596.573975
36445.500000 962.939880 0.000000 596.698975
36446.125000 963.149353 0.000000 596.797974
36446.500000 963.354553 0.000000 596.887024
36446.625000 963.354553 0.000000 596.968994
36447.250000 963.556458 0.000000 597.073975
36447.250000 963.826172 0.000000 597.190979
36447.375000 964.033020 0.000000 597.288025
36447.750000 964.242981 0.000000 597.393005
36447.875000 964.474487 0.000000 597.492981
36448.125000 964.675964 0.000000 597.588989
36448.750000 964.899231 0.000000 597.697021
36448.750000 965.102173 0.000000 597.789001
36448.875000 965.331665 0.000000 597.888977
36449.125000 965.532776 0.000000 597.979004
36449.250000 965.733826 0.000000 598.088989
36449.375000 965.934814 0.000000 598.184021
36449.625000 966.146301 0.000000 598.294006
36450.000000 966.347534 0.000000 598.390015
36450.125000 966.548218 0.000000 598.484985
36450.125000 966.753601 0.000000 598.586975
36450.250000 966.954590 0.000000 598.685974
36450.375000 967.155701 0.000000 598.786011
36450.375000 967.359253 0.000000 598.885986
36450.500000 967.359253 0.000000 598.976013
36450.625000 967.780273 0.000000 599.091003
36450.875000 967.981506 0.000000 599.185974
36450.875000 968.182617 0.000000 599.286011
36451.000000 968.385742 0.000000 599.387024
36451.250000 968.385742 0.000000 599.481018
36451.875000 968.589905 0.000000 599.585999
36452.000000 968.861450 0.000000 599.695984
36452.000000 969.066467 0.000000 599.796021
36452.000000 969.267700 0.000000 599.890991
36452.000000 969.469055 0.000000 599.986023
36452.250000 969.674255 0.000000 600.093994
36452.250000 969.917542 0.000000 600.174011
36452.250000 970.142639 0.000000 600.291016
36452.500000 970.346130 0.000000 600.393005
36452.750000 970.555603 0.000000 600.486023
36452.875000 970.756897 0.000000 600.575989
36453.250000 970.958740 0.000000 600.695984
36453.250000 971.159363 0.000000 600.786011
36453.625000 971.360718 0.000000 600.895996
36453.750000 971.562195 0.000000 600.995972
36453.875000 971.763184 0.000000 601.096008
36454.125000 971.972656 0.000000 601.195007
36454.250000 971.972656 0.000000 601.288025
36454.500000 972.383545 0.000000 601.393982
36454.750000 972.383545 0.000000 601.487976
36454.875000 972.592651 0.000000 601.585022
36455.000000 972.838318 0.000000 601.690002
36455.125000 973.046753 0.000000 601.788025
36455.375000 973.266357 0.000000 601.885986
36455.375000 973.484131 0.000000 601.984985
36455.750000 973.719788 0.000000 602.085022
36456.375000 973.928894 0.000000 602.197021
36457.000000 974.132202 0.000000 602.286987
36457.500000 974.335449 0.000000 602.387024
36458.125000 974.539185 0.000000 602.494019
36459.000000 974.746399 0.000000 602.586975
36459.500000 974.947632 0.000000 602.689026
36461.125000 975.147766 0.000000 602.786987
36462.250000 975.353821 0.000000 602.890015
36462.750000 975.353821 0.000000 602.987976
36463.750000 975.762329 0.000000 603.093018
36464.750000 975.762329 0.000000 603.177979
36465.625000 975.963440 0.000000 603.289978
36467.125000 976.164673 0.000000 603.388000
36467.750000 976.365784 0.000000 603.489990
36469.500000 976.566650 0.000000 603.588013
36470.000000 976.868530 0.000000 603.692993
36473.250000 977.099670 0.000000 603.783020
36474.125000 977.307129 0.000000 603.896973
36475.000000 977.508362 0.000000 603.981995
36476.375000 977.715576 0.000000 604.094971
36477.000000 977.936951 0.000000 604.195007
36477.750000 978.144043 0.000000 604.283020
36479.125000 978.345276 0.000000 604.377991
36480.250000 978.546509 0.000000 604.487976
36481.375000 978.747620 0.000000 604.585999
36483.625000 978.948853 0.000000 604.687988
36485.000000 979.154114 0.000000 604.789978
36486.750000 979.357666 0.000000 604.890991
36489.250000 979.558777 0.000000 604.991028
36490.750000 979.759888 0.000000 605.080994
36491.750000 979.969360 0.000000 605.184998
36492.500000 980.174683 0.000000 605.288025
36493.500000 980.375610 0.000000 605.396973
36495.250000 980.576843 0.000000 605.497009
36496.000000 980.780396 0.000000 605.598022
36497.000000 980.981750 0.000000 605.697998
36499.000000 981.183228 0.000000 605.797974
36499.625000 981.183228 0.000000 605.885010
36509.250000 981.592285 0.000000 605.997009
36511.125000 981.592285 0.000000 606.088989
36511.875000 981.845886 0.000000 606.184021
36512.750000 982.069092 0.000000 606.294983
36516.375000 982.308594 0.000000 606.369019
36516.875000 982.551941 0.000000 606.489014
36517.750000 982.753723 0.000000 606.586975
36519.750000 982.943665 0.000000 606.690002
36537.375000 982.943665 0.000000 606.796021
36542.375000 983.134155 0.000000 606.888000
36543.625000 983.134155 0.000000 606.992981
36544.875000 983.320374 0.000000 607.088013
36546.000000 983.422119 0.000000 607.189026
36546.500000 983.422119 0.000000 607.291016
36547.625000 983.422119 0.000000 607.393005
36547.750000 983.530396 0.000000 607.494995
36548.000000 983.530396 0.000000 607.588989
36550.500000 983.734070 0.000000 607.689026
36553.500000 983.819092 0.000000 607.794983
36556.000000 983.819092 0.000000 607.893982
36556.875000 983.879517 0.000000 607.989990
36557.500000 983.879517 0.000000 608.088989
36557.750000 983.927246 0.000000 608.189026
36559.250000 983.927246 0.000000 608.289001
36559.500000 983.927246 0.000000 608.388977
36560.000000 983.927246 0.000000 608.494019
36560.250000 983.927246 0.000000 608.593994
36560.375000 983.950012 0.000000 608.690979
36561.125000 983.950012 0.000000 608.796021
36561.375000 983.950012 0.000000 608.895996
36561.625000 984.021484 0.000000 608.991028
36562.000000 984.021484 0.000000 609.098022
36562.500000 984.021484 0.000000 609.197998
36563.625000 984.241089 0.000000 609.296021
36564.250000 984.444458 0.000000 609.385986
36565.375000 984.444458 0.000000 609.491028
36567.250000 984.646301 0.000000 609.601013
36568.375000 984.973511 0.000000 609.685974
36569.875000 985.174744 0.000000 609.794983
36570.875000 985.376221 0.000000 609.895996
36571.375000 985.607971 0.000000 610.000977
36572.000000 985.809326 0.000000 610.085999
36572.750000 986.010376 0.000000 610.190979
36573.500000 986.211548 0.000000 610.291016
36574.625000 986.412476 0.000000 610.380981
36575.750000 986.613953 0.000000 610.491028
36577.375000 986.817932 0.000000 610.601013
36577.750000 987.020935 0.000000 610.697021
36578.375000 987.020935 0.000000 610.791016
36578.875000 987.433167 0.000000 610.896973
36580.875000 987.433167 0.000000 610.992004
36582.375000 987.644226 0.000000 611.096008
36583.500000 987.975891 0.000000 611.187012
36584.375000 988.189148 0.000000 611.294006
36585.250000 988.398376 0.000000 611.388977
36586.250000 988.599548 0.000000 611.492981
36586.625000 988.800232 0.000000 611.585999
36587.500000 989.009705 0.000000 611.690979
36590.000000 989.210938 0.000000 611.791016
36592.125000 989.419922 0.000000 611.905029
36592.875000 989.621033 0.000000 612.000000
36593.750000 989.827759 0.000000 612.098022
36594.375000 989.827759 0.000000 612.185974
36594.875000 990.235962 0.000000 612.291016
36595.875000 990.436768 0.000000 612.390991
36596.875000 990.640076 0.000000 612.497009
36598.250000 990.849548 0.000000 612.601013
36599.000000 990.849548 0.000000 612.692993
36600.000000 991.050903 0.000000 612.791016
36600.750000 991.252380 0.000000 612.890991
36601.125000 991.653931 0.000000 613.005981
36601.750000 991.653931 0.000000 613.091980
36603.750000 991.992432 0.000000 613.189026
36606.125000 992.193665 0.000000 613.299988
36606.500000 992.406372 0.000000 613.393982
36607.125000 992.617065 0.000000 613.489014
36607.500000 992.617065 0.000000 613.606995
36607.750000 992.850647 0.000000 613.702026
36608.125000 992.850647 0.000000 613.794006
36608.125000 993.082336 0.000000 613.893982
36608.750000 993.082336 0.000000 613.997009
36617.875000 993.082336 0.000000 614.077026
36618.000000 993.082336 0.000000 614.192017
36618.000000 993.082336 0.000000 614.280029
36618.000000 993.082336 0.000000 614.385010
36618.000000 993.082336 0.000000 614.491028
36618.000000 993.082336 0.000000 614.591003
36618.000000 993.082336 0.000000 614.681030
36618.000000 993.082336 0.000000 614.794983
36618.000000 993.082336 0.000000 614.893005
36618.000000 993.082336 0.000000 614.989990
36618.000000 993.082336 0.000000 615.085022
36618.000000 993.082336 0.000000 615.192993
36618.000000 993.082336 0.000000 615.289978
36618.000000 993.082336 0.000000 615.395020
36618.000000 993.082336 0.000000 615.494995
36618.000000 993.082336 0.000000 615.590027
36618.000000 993.082336 0.000000 615.695007
36618.000000 993.082336 0.000000 615.789978
36618.000000 993.082336 0.000000 615.890015
36618.000000 993.082336 0.000000 615.989990
36618.000000 993.082336 0.000000 616.090027
36618.000000 993.082336 0.000000 616.197021
36618.000000 993.082336 0.000000 616.294983
36618.000000 993.082336 0.000000 616.390991
36618.000000 993.082336 0.000000 616.495972
36618.000000 993.082336 0.000000 616.590027
36618.000000 993.082336 0.000000 616.692993
36618.000000 993.082336 0.000000 616.793030
36618.000000 993.082336 0.000000 616.898010
36618.000000 993.082336 0.000000 616.992981
36618.000000 993.082336 0.000000 617.098022
36618.000000 993.082336 0.000000 617.184021
36618.000000 993.082336 0.000000 617.278992
36618.000000 993.082336 0.000000 617.393982
36618.000000 993.082336 0.000000 617.494019
36618.000000 993.082336 0.000000 617.593994
36618.000000 993.082336 0.000000 617.700989
36618.000000 993.082336 0.000000 617.796997
36618.000000 993.082336 0.000000 617.896973
36618.000000 993.082336 0.000000 617.997009
36618.000000 993.082336 0.000000 618.104980
36618.000000 993.082336 0.000000 618.205017
36618.000000 993.082336 0.000000 618.296021
36618.000000 993.082336 0.000000 618.396973
36618.000000 993.082336 0.000000 618.494995
36618.000000 993.082336 0.000000 618.599976
36618.000000 993.082336 0.000000 618.695007
36618.000000 993.082336 0.000000 618.784973
36618.000000 993.082336 0.000000 618.900024
36618.000000 993.082336 0.000000 619.000000
36618.000000 993.082336 0.000000 619.103027
36618.000000 993.082336 0.000000 619.206970
36618.000000 993.082336 0.000000 619.296997
36618.000000 993.082336 0.000000 619.400024
36618.000000 993.082336 0.000000 619.497986
36618.000000 993.082336 0.000000 619.601013
36618.000000 993.082336 0.000000 619.700012
36618.000000 993.082336 0.000000 619.797974
36618.000000 993.082336 0.000000 619.903015
36618.000000 993.082336 0.000000 620.002991
36618.000000 993.082336 0.000000 620.106018
36618.000000 993.082336 0.000000 620.189026
36618.000000 993.082336 0.000000 620.301025
36618.000000 993.082336 0.000000 620.398987
36618.000000 993.082336 0.000000 620.497986
36618.000000 993.082336 0.000000 620.607971
36618.000000 993.082336 0.000000 620.708008
36618.000000 993.082336 0.000000 620.799011
36618.000000 993.082336 0.000000 620.898987
36618.000000 993.082336 0.000000 620.999023
36618.000000 993.082336 0.000000 621.088989
36618.000000 993.082336 0.000000 621.198975
36618.000000 993.082336 0.000000 621.299011
36618.000000 993.082336 0.000000 621.401001
36618.000000 993.082336 0.000000 621.494019
36618.000000 993.082336 0.000000 621.598999
36618.000000 993.082336 0.000000 621.698975
36618.000000 993.082336 0.000000 621.804993
36618.000000 993.082336 0.000000 621.898987
36618.000000 993.082336 0.000000 621.994019
36618.000000 993.082336 0.000000 622.098999
36618.000000 993.082336 0.000000 622.190979
36618.000000 993.082336 0.000000 622.299011
36618.000000 993.082336 0.000000 622.400024
36618.000000 993.082336 0.000000 622.515015
36618.000000 993.082336 0.000000 622.601990
36618.000000 993.082336 0.000000 622.687012
36618.000000 993.082336 0.000000 622.807007
36618.000000 993.082336 0.000000 622.906006
36618.000000 993.082336 0.000000 623.005981
36618.000000 993.082336 0.000000 623.098999
36618.000000 993.082336 0.000000 623.198975
36618.000000 993.082336 0.000000 623.294983
36618.000000 993.082336 0.000000 623.398010
36618.000000 993.082336 0.000000 623.497009
36618.000000 993.082336 0.000000 623.594971
36618.000000 993.082336 0.000000 623.698975
36618.000000 993.082336 0.000000 623.804016
36618.000000 993.082336 0.000000 623.895996
36618.000000 993.082336 0.000000 623.994019
36618.000000 993.082336 0.000000 624.098999
36618.000000 993.082336 0.000000 624.198975
36618.000000 993.082336 0.000000 624.301025
36618.000000 993.082336 0.000000 624.398987
36618.000000 993.082336 0.000000 624.502991
36618.000000 993.082336 0.000000 624.603027
36618.000000 993.082336 0.000000 624.708008
36618.000000 993.082336 0.000000 624.807983
36618.000000 993.082336 0.000000 624.908020
36618.000000 993.082336 0.000000 625.002991
36618.000000 993.082336 0.000000 625.106018
36618.000000 993.082336 0.000000 625.198975
36618.000000 993.082336 0.000000 625.299988
36618.000000 993.082336 0.000000 625.405029
36618.000000 993.082336 0.000000 625.500977
36618.000000 993.082336 0.000000 625.598999
36618.000000 993.082336 0.000000 625.698975
36618.000000 993.082336 0.000000 625.802002
36618.000000 993.082336 0.000000 625.898987
36618.125000 993.082336 0.000000 626.004028
36618.250000 993.082336 0.000000 626.098999
36618.250000 993.082336 0.000000 626.192017
36618.250000 993.082336 0.000000 626.296997
36618.375000 993.082336 0.000000 626.396973
36618.375000 993.082336 0.000000 626.497009
36618.500000 993.082336 0.000000 626.596985
36618.500000 993.082336 0.000000 626.702026
36618.500000 993.082336 0.000000 626.796997
36618.625000 993.082336 0.000000 626.896973
36618.625000 993.082336 0.000000 627.004028
36618.625000 993.082336 0.000000 627.099976
36618.750000 993.082336 0.000000 627.197021
36618.750000 993.082336 0.000000 627.296997
36618.875000 993.082336 0.000000 627.396973
36618.875000 993.082336 0.000000 627.497009
36619.000000 993.082336 0.000000 627.596985
36619.125000 993.082336 0.000000 627.702026
36619.125000 993.082336 0.000000 627.799011
36619.250000 993.082336 0.000000 627.901978
36619.250000 993.082336 0.000000 627.997009
36619.250000 993.082336 0.000000 628.096985
36619.375000 993.082336 0.000000 628.197998
36619.375000 993.082336 0.000000 628.302002
36619.500000 993.082336 0.000000 628.401978
36619.500000 993.082336 0.000000 628.497009
36619.500000 993.082336 0.000000 628.596985
36619.625000 993.082336 0.000000 628.698975
36619.750000 993.082336 0.000000 628.796997
36619.875000 993.082336 0.000000 628.896973
36619.875000 993.082336 0.000000 628.987000
36619.875000 993.082336 0.000000 629.107971
36619.875000 993.082336 0.000000 629.208008
36620.000000 993.082336 0.000000 629.307983
36620.000000 993.082336 0.000000 629.406006
36620.000000 993.082336 0.000000 629.497009
36620.125000 993.082336 0.000000 629.601013
36620.125000 993.082336 0.000000 629.695984
36620.125000 993.082336 0.000000 629.796997
36620.250000 993.082336 0.000000 629.901001
36620.250000 993.082336 0.000000 630.005981
36620.250000 993.082336 0.000000 630.096008
36620.375000 993.082336 0.000000 630.192993
36620.375000 993.082336 0.000000 630.301025
36620.375000 993.082336 0.000000 630.401001
36620.375000 993.082336 0.000000 630.500977
36620.500000 993.082336 0.000000 630.596008
36620.500000 993.082336 0.000000 630.702026
36620.625000 993.082336 0.000000 630.804016
36620.625000 993.082336 0.000000 630.908020
36620.625000 993.082336 0.000000 631.007019
36620.750000 993.082336 0.000000 631.106995
36620.875000 993.082336 0.000000 631.206970
36620.875000 993.082336 0.000000 631.312012
36621.000000 993.082336 0.000000 631.406982
36621.125000 993.082336 0.000000 631.507019
36621.125000 993.082336 0.000000 631.606995
36621.250000 993.082336 0.000000 631.708008
36621.250000 993.082336 0.000000 631.797974
36621.250000 993.082336 0.000000 631.896973
36621.375000 993.082336 0.000000 632.007996
36621.375000 993.082336 0.000000 632.104004
36621.500000 993.082336 0.000000 632.193970
36621.500000 993.082336 0.000000 632.299011
36621.500000 993.082336 0.000000 632.403992
36621.625000 993.082336 0.000000 632.502991
36621.625000 993.082336 0.000000 632.598999
36621.625000 993.082336 0.000000 632.692017
36621.750000 993.082336 0.000000 632.797974
36621.750000 993.082336 0.000000 632.898010
36621.875000 993.082336 0.000000 632.997986
36621.875000 993.082336 0.000000 633.098022
36621.875000 993.082336 0.000000 633.197998
36622.000000 993.082336 0.000000 633.293030
36622.000000 993.082336 0.000000 633.398010
36622.125000 993.082336 0.000000 633.500000
36622.250000 993.082336 0.000000 633.607971
36622.250000 993.082336 0.000000 633.703979
36622.375000 993.082336 0.000000 633.809021
36622.500000 993.082336 0.000000 633.900024
36622.500000 993.082336 0.000000 633.989990
36622.500000 993.082336 0.000000 634.094971
36622.500000 993.082336 0.000000 634.190002
36622.500000 993.082336 0.000000 634.302002
36622.500000 993.082336 0.000000 634.401978
36622.500000 993.082336 0.000000 634.499023
36622.500000 993.082336 0.000000 634.599976
36622.500000 993.082336 0.000000 634.698975
36622.500000 993.082336 0.000000 634.789001
36622.500000 993.082336 0.000000 634.901978
36622.500000 993.082336 0.000000 634.989990
36622.500000 993.082336 0.000000 635.098999
36622.500000 993.082336 0.000000 635.198975
36622.500000 993.082336 0.000000 635.301025
36622.500000 993.082336 0.000000 635.403992
36622.500000 993.082336 0.000000 635.499023
36622.500000 993.082336 0.000000 635.598999
36622.500000 993.082336 0.000000 635.698975
36622.500000 993.082336 0.000000 635.802002
36622.500000 993.082336 0.000000 635.896973
36622.500000 993.082336 0.000000 636.002014
36622.500000 993.082336 0.000000 636.098999
36622.500000 993.082336 0.000000 636.203003
36622.500000 993.082336 0.000000 636.296997
36622.500000 993.082336 0.000000 636.401978
36622.500000 993.082336 0.000000 636.502014
36622.500000 993.082336 0.000000 636.598022
36622.500000 993.082336 0.000000 636.702026
36622.500000 993.082336 0.000000 636.794983
36622.500000 993.082336 0.000000 636.909973
36622.500000 993.082336 0.000000 636.982971
36622.500000 993.082336 0.000000 637.104004
36622.500000 993.082336 0.000000 637.208008
36622.500000 993.082336 0.000000 637.302979
36622.500000 993.082336 0.000000 637.396973
36622.500000 993.082336 0.000000 637.487000
36622.500000 993.082336 0.000000 637.601990
36622.500000 993.082336 0.000000 637.703003
36622.500000 993.082336 0.000000 637.812988
36622.500000 993.082336 0.000000 637.913025
36622.500000 993.082336 0.000000 637.999023
36622.500000 993.082336 0.000000 638.098022
36622.500000 993.082336 0.000000 638.208008
36622.500000 993.082336 0.000000 638.307983
36622.500000 993.082336 0.000000 638.398010
36622.500000 993.082336 0.000000 638.502991
36622.500000 993.082336 0.000000 638.612000
36622.500000 993.082336 0.000000 638.700012
36622.500000 993.082336 0.000000 638.799988
36622.500000 993.082336 0.000000 638.900024
36622.625000 993.082336 0.000000 639.000000
36622.750000 993.082336 0.000000 639.099976
36622.875000 993.082336 0.000000 639.200012
36622.875000 993.082336 0.000000 639.288025
36623.000000 993.082336 0.000000 639.395020
36623.000000 993.082336 0.000000 639.505005
36623.000000 993.082336 0.000000 639.590027
36623.250000 993.082336 0.000000 639.700012
36623.250000 993.082336 0.000000 639.802002
36625.000000 993.179871 0.000000 639.905029
36625.125000 993.179871 0.000000 640.005005
36625.125000 993.179871 0.000000 640.099976
36625.125000 993.179871 0.000000 640.200012
36625.125000 993.179871 0.000000 640.309021
36625.125000 993.179871 0.000000 640.408997
36625.125000 993.179871 0.000000 640.508972
36625.125000 993.179871 0.000000 640.604980
36625.125000 993.179871 0.000000 640.700012
36625.125000 993.179871 0.000000 640.799988
36625.125000 993.179871 0.000000 640.900024
36632.125000 993.179871 0.000000 641.005005
36632.250000 993.179871 0.000000 641.099976
36632.250000 993.179871 0.000000 641.200012
36632.250000 993.179871 0.000000 641.302002
36632.250000 993.179871 0.000000 641.406982
36632.250000 993.179871 0.000000 641.500000
36632.250000 993.179871 0.000000 641.599976
36632.250000 993.179871 0.000000 641.700012
36632.250000 993.179871 0.000000 641.799988
36632.250000 993.179871 0.000000 641.900024
36632.250000 993.179871 0.000000 642.010010
36632.625000 993.179871 0.000000 642.109985
36632.625000 993.179871 0.000000 642.210022
36632.625000 993.179871 0.000000 642.302979
36632.625000 993.179871 0.000000 642.400024
36632.625000 993.179871 0.000000 642.502991
36632.625000 993.179871 0.000000 642.593018
36632.625000 993.179871 0.000000 642.697998
36632.625000 993.179871 0.000000 642.801025
36632.625000 993.179871 0.000000 642.906006
36632.625000 993.179871 0.000000 643.005981
36632.875000 993.179871 0.000000 643.104004
36632.875000 993.179871 0.000000 643.208984
36632.875000 993.179871 0.000000 643.293030
36632.875000 993.179871 0.000000 643.403992
36632.875000 993.179871 0.000000 643.510010
36632.875000 993.179871 0.000000 643.609985
36632.875000 993.179871 0.000000 643.697998
36632.875000 993.179871 0.000000 643.797974
36632.875000 993.179871 0.000000 643.898010
36632.875000 993.179871 0.000000 643.999023
36633.500000 993.179871 0.000000 644.099976
36633.500000 993.179871 0.000000 644.205017
36633.500000 993.179871 0.000000 644.304993
36633.500000 993.179871 0.000000 644.395020
36633.500000 993.179871 0.000000 644.500000
36633.500000 993.179871 0.000000 644.601013
36633.500000 993.179871 0.000000 644.705017
36633.500000 993.179871 0.000000 644.809998
36633.500000 993.179871 0.000000 644.900024
36633.500000 993.179871 0.000000 645.010010
36633.500000 993.179871 0.000000 645.111023
36633.625000 993.179871 0.000000 645.210022
36633.625000 993.179871 0.000000 645.309998
36633.625000 993.179871 0.000000 645.414001
36633.750000 993.179871 0.000000 645.518982
36633.750000 993.179871 0.000000 645.614014
36633.750000 993.179871 0.000000 645.718994
36633.750000 993.179871 0.000000 645.817017
36633.750000 993.179871 0.000000 645.918030
36633.750000 993.179871 0.000000 646.017029
36633.750000 993.179871 0.000000 646.119019
36635.250000 993.179871 0.000000 646.211975
36635.375000 993.179871 0.000000 646.317017
36635.375000 993.179871 0.000000 646.411011
36635.375000 993.179871 0.000000 646.505981
36635.375000 993.179871 0.000000 646.617004
36635.375000 993.179871 0.000000 646.711975
36635.375000 993.179871 0.000000 646.810974
36635.375000 993.179871 0.000000 646.911011
36635.375000 993.179871 0.000000 647.015991
36635.375000 993.179871 0.000000 647.107971
36636.500000 993.179871 0.000000 647.210999
36636.625000 993.179871 0.000000 647.309998
36636.750000 993.179871 0.000000 647.411011
36636.750000 993.179871 0.000000 647.518005
36636.750000 993.179871 0.000000 647.617981
36636.750000 993.179871 0.000000 647.710999
36636.750000 993.179871 0.000000 647.810974
36636.750000 993.179871 0.000000 647.911011
36636.750000 993.179871 0.000000 648.010986
36636.750000 993.179871 0.000000 648.117004
36636.875000 993.179871 0.000000 648.213989
36636.875000 993.179871 0.000000 648.312012
36636.875000 993.179871 0.000000 648.408997
36636.875000 993.179871 0.000000 648.513977
36636.875000 993.179871 0.000000 648.609009
36636.875000 993.179871 0.000000 648.698975
36636.875000 993.179871 0.000000 648.799011
36636.875000 993.179871 0.000000 648.914001
36637.000000 993.179871 0.000000 648.999023
36637.000000 993.179871 0.000000 649.109985
36637.000000 993.179871 0.000000 649.218994
36637.000000 993.179871 0.000000 649.314026
36637.000000 993.179871 0.000000 649.416992
36637.000000 993.179871 0.000000 649.517029
36637.000000 993.179871 0.000000 649.617004
36637.000000 993.179871 0.000000 649.708984
36637.000000 993.179871 0.000000 649.809021
36637.000000 993.179871 0.000000 649.908997
36637.000000 993.179871 0.000000 650.008972
36637.000000 993.179871 0.000000 650.109009
36637.000000 993.179871 0.000000 650.208984
36637.000000 993.179871 0.000000 650.304993
36637.125000 993.179871 0.000000 650.409973
36637.125000 993.179871 0.000000 650.510010
36637.125000 993.179871 0.000000 650.617981
36637.125000 993.179871 0.000000 650.716003
36637.125000 993.179871 0.000000 650.812988
36637.125000 993.179871 0.000000 650.911011
36637.125000 993.179871 0.000000 651.010986
36637.125000 993.179871 0.000000 651.112000
36637.125000 993.179871 0.000000 651.211975
36637.125000 993.179871 0.000000 651.312012
36637.375000 993.179871 0.000000 651.421021
36637.500000 993.179871 0.000000 651.520996
36637.500000 993.179871 0.000000 651.620972
36637.500000 993.179871 0.000000 651.716003
36637.500000 993.179871 0.000000 651.820984
36637.500000 993.179871 0.000000 651.921021
36637.500000 993.179871 0.000000 652.010986
36637.500000 993.179871 0.000000 652.112000
36637.500000 993.179871 0.000000 652.202026
36637.500000 993.179871 0.000000 652.312012
36637.500000 993.179871 0.000000 652.413025
36637.500000 993.179871 0.000000 652.512024
36637.500000 993.179871 0.000000 652.607971
36637.500000 993.179871 0.000000 652.713013
36637.500000 993.179871 0.000000 652.812988
36637.500000 993.179871 0.000000 652.911011
36637.500000 993.179871 0.000000 653.010986
36637.500000 993.179871 0.000000 653.112000
36637.500000 993.179871 0.000000 653.218018
36637.500000 993.179871 0.000000 653.310974
36638.375000 993.179871 0.000000 653.416992
36638.750000 993.179871 0.000000 653.517029
36638.750000 993.179871 0.000000 653.612000
36638.750000 993.179871 0.000000 653.719971
36638.750000 993.179871 0.000000 653.820007
36638.750000 993.179871 0.000000 653.911987
36638.750000 993.179871 0.000000 654.012024
36638.750000 993.179871 0.000000 654.109009
36638.750000 993.179871 0.000000 654.213013
36638.750000 993.179871 0.000000 654.312988
36638.750000 993.179871 0.000000 654.413025
36638.750000 993.179871 0.000000 654.513000
36638.750000 993.179871 0.000000 654.612976
36638.750000 993.179871 0.000000 654.713013
36638.750000 993.179871 0.000000 654.812988
36638.750000 993.179871 0.000000 654.916016
36638.750000 993.179871 0.000000 655.018982
36638.750000 993.179871 0.000000 655.112976
36638.750000 993.179871 0.000000 655.216003
36638.750000 993.179871 0.000000 655.312988
36638.750000 993.179871 0.000000 655.414001
36639.250000 993.179871 0.000000 655.508972
36639.250000 993.179871 0.000000 655.609009
36639.250000 993.179871 0.000000 655.708984
36639.250000 993.179871 0.000000 655.809021
36639.250000 993.179871 0.000000 655.908997
36639.250000 993.179871 0.000000 656.013977
36639.250000 993.179871 0.000000 656.104004
36639.250000 993.179871 0.000000 656.218018
36639.250000 993.179871 0.000000 656.309021
36639.250000 993.179871 0.000000 656.414001
36639.625000 993.179871 0.000000 656.513977
36639.625000 993.179871 0.000000 656.609009
36639.625000 993.179871 0.000000 656.713989
36639.625000 993.179871 0.000000 656.809021
36639.625000 993.179871 0.000000 656.914001
36639.625000 993.179871 0.000000 657.013977
36639.625000 993.179871 0.000000 657.104004
36639.625000 993.179871 0.000000 657.216980
36639.625000 993.179871 0.000000 657.309021
36639.625000 993.179871 0.000000 657.405029
36639.625000 993.179871 0.000000 657.508972
36639.625000 993.179871 0.000000 657.609009
36639.625000 993.179871 0.000000 657.715027
36639.625000 993.179871 0.000000 657.817017
36639.625000 993.179871 0.000000 657.903992
36639.625000 993.179871 0.000000 658.018982
36639.625000 993.179871 0.000000 658.119019
36639.625000 993.179871 0.000000 658.223999
36639.625000 993.179871 0.000000 658.318970
36639.625000 993.179871 0.000000 658.403992
36639.625000 993.179871 0.000000 658.518982
36639.625000 993.179871 0.000000 658.619019
36639.625000 993.179871 0.000000 658.708984
36639.625000 993.179871 0.000000 658.818970
36639.625000 993.179871 0.000000 658.919006
36639.625000 993.179871 0.000000 659.018982
36639.625000 993.179871 0.000000 659.114990
36639.625000 993.179871 0.000000 659.211975
36639.625000 993.179871 0.000000 659.315979
36639.625000 993.179871 0.000000 659.411987
36639.625000 993.179871 0.000000 659.510010
36640.000000 993.179871 0.000000 659.616028
36640.000000 993.179871 0.000000 659.700012
36640.000000 993.179871 0.000000 659.815002
36640.000000 993.179871 0.000000 659.913025
36640.125000 993.179871 0.000000 660.012024
36640.125000 993.179871 0.000000 660.112000
36640.125000 993.179871 0.000000 660.213013
36640.125000 993.179871 0.000000 660.312012
36640.125000 993.179871 0.000000 660.411987
36640.125000 993.179871 0.000000 660.513000
36640.125000 993.179871 0.000000 660.612000
36640.125000 993.179871 0.000000 660.711975
36640.125000 993.179871 0.000000 660.802002
36640.125000 993.179871 0.000000 660.896973
36640.125000 993.179871 0.000000 661.012024
36640.125000 993.179871 0.000000 661.112000
36640.125000 993.179871 0.000000 661.211975
36640.125000 993.179871 0.000000 661.312012
36640.125000 993.179871 0.000000 661.411987
36640.125000 993.179871 0.000000 661.512024
36640.125000 993.179871 0.000000 661.612000
36640.125000 993.179871 0.000000 661.711975
36640.125000 993.179871 0.000000 661.812012
36640.125000 993.179871 0.000000 661.911987
36640.125000 993.179871 0.000000 662.013000
36640.125000 993.179871 0.000000 662.112000
36640.125000 993.179871 0.000000 662.211975
36640.125000 993.179871 0.000000 662.312012
36640.125000 993.179871 0.000000 662.416992
36640.125000 993.179871 0.000000 662.512024
36640.125000 993.179871 0.000000 662.619019
36640.125000 993.179871 0.000000 662.708984
36640.125000 993.179871 0.000000 662.818970
36640.125000 993.179871 0.000000 662.898010
36640.125000 993.179871 0.000000 663.013000
36640.125000 993.179871 0.000000 663.112976
36640.125000 993.179871 0.000000 663.213013
36640.125000 993.179871 0.000000 663.312988
36640.125000 993.179871 0.000000 663.413025
36640.125000 993.179871 0.000000 663.513977
36640.125000 993.179871 0.000000 663.614014
36640.250000 993.179871 0.000000 663.713013
36640.250000 993.179871 0.000000 663.814026
36640.250000 993.179871 0.000000 663.908020
36640.250000 993.179871 0.000000 664.010010
36640.250000 993.179871 0.000000 664.114990
36640.250000 993.179871 0.000000 664.213013
36640.250000 993.179871 0.000000 664.314026
36640.250000 993.179871 0.000000 664.408020
36640.250000 993.179871 0.000000 664.507996
36640.250000 993.179871 0.000000 664.609985
36640.250000 993.179871 0.000000 664.705017
36640.750000 993.179871 0.000000 664.817017
36641.125000 993.179871 0.000000 664.911987
36641.125000 993.179871 0.000000 665.012024
36641.125000 993.179871 0.000000 665.112000
36641.125000 993.179871 0.000000 665.218018
36641.125000 993.179871 0.000000 665.317993
36641.125000 993.179871 0.000000 665.411987
36641.125000 993.179871 0.000000 665.512024
36641.125000 993.179871 0.000000 665.612000
36641.125000 993.179871 0.000000 665.718994
36641.125000 993.179871 0.000000 665.818970
36641.125000 993.179871 0.000000 665.911987
36641.125000 993.179871 0.000000 666.012024
36641.125000 993.179871 0.000000 666.112000
36641.125000 993.179871 0.000000 666.206970
36641.125000 993.179871 0.000000 666.312012
36641.125000 993.179871 0.000000 666.416992
36641.125000 993.179871 0.000000 666.512024
36641.125000 993.179871 0.000000 666.607971
36641.125000 993.179871 0.000000 666.705017
36641.125000 993.179871 0.000000 666.807007
36641.375000 993.179871 0.000000 666.913025
36641.500000 993.179871 0.000000 667.012024
36641.500000 993.179871 0.000000 667.112000
36641.500000 993.179871 0.000000 667.206970
36641.500000 993.179871 0.000000 667.312012
36641.500000 993.179871 0.000000 667.411987
36641.500000 993.179871 0.000000 667.507996
36641.500000 993.179871 0.000000 667.612000
36641.500000 993.179871 0.000000 667.711975
36641.500000 993.179871 0.000000 667.809021
36641.500000 993.179871 0.000000 667.913025
36641.500000 993.179871 0.000000 668.020020
36641.500000 993.179871 0.000000 668.114014
36641.500000 993.179871 0.000000 668.213989
36641.500000 993.179871 0.000000 668.312012
36641.500000 993.179871 0.000000 668.413025
36641.500000 993.179871 0.000000 668.513000
36641.500000 993.179871 0.000000 668.612976
36641.500000 993.179871 0.000000 668.708008
36641.500000 993.179871 0.000000 668.814026
36641.500000 993.179871 0.000000 668.903015
36641.500000 993.179871 0.000000 669.013000
36641.500000 993.179871 0.000000 669.112976
36641.500000 993.179871 0.000000 669.213989
36641.500000 993.179871 0.000000 669.307983
36641.500000 993.179871 0.000000 669.408020
36641.500000 993.179871 0.000000 669.502991
36641.500000 993.179871 0.000000 669.611023
36641.500000 993.179871 0.000000 669.710999
36641.500000 993.179871 0.000000 669.810974
36641.500000 993.179871 0.000000 669.919006
36641.500000 993.179871 0.000000 670.018982
36641.500000 993.179871 0.000000 670.119019
36641.500000 993.179871 0.000000 670.218994
36641.500000 993.179871 0.000000 670.318970
36641.500000 993.179871 0.000000 670.416016
36641.500000 993.179871 0.000000 670.510986
36641.500000 993.179871 0.000000 670.611023
36641.500000 993.179871 0.000000 670.718994
36641.500000 993.179871 0.000000 670.820984
36641.500000 993.179871 0.000000 670.916992
36641.625000 993.179871 0.000000 671.015991
36641.750000 993.179871 0.000000 671.125977
36641.750000 993.179871 0.000000 671.219971
36641.750000 993.179871 0.000000 671.325012
36641.750000 993.179871 0.000000 671.419983
36641.750000 993.179871 0.000000 671.525024
36641.750000 993.179871 0.000000 671.625000
36641.750000 993.179871 0.000000 671.719971
36641.750000 993.179871 0.000000 671.820007
36641.750000 993.179871 0.000000 671.919983
36642.250000 993.179871 0.000000 672.020020
36642.375000 993.179871 0.000000 672.117981
36642.375000 993.179871 0.000000 672.205994
36642.375000 993.179871 0.000000 672.310974
36642.375000 993.179871 0.000000 672.421021
36642.375000 993.179871 0.000000 672.505981
36642.375000 993.179871 0.000000 672.616028
36642.375000 993.179871 0.000000 672.710999
36642.375000 993.179871 0.000000 672.810974
36642.375000 993.179871 0.000000 672.916016
36642.375000 993.179871 0.000000 673.015991
36642.375000 993.179871 0.000000 673.111023
36642.375000 993.179871 0.000000 673.216003
36642.375000 993.179871 0.000000 673.310974
36642.375000 993.179871 0.000000 673.406006
36642.375000 993.179871 0.000000 673.513000
36642.375000 993.179871 0.000000 673.612976
36642.375000 993.179871 0.000000 673.713013
36642.375000 993.179871 0.000000 673.812988
36642.375000 993.179871 0.000000 673.913025
36642.375000 993.179871 0.000000 674.018005
36648.250000 993.179871 0.000000 674.114014
36648.250000 993.179871 0.000000 674.221985
36648.250000 993.179871 0.000000 674.320007
36648.250000 993.179871 0.000000 674.413025
36648.250000 993.179871 0.000000 674.510010
36648.250000 993.179871 0.000000 674.614990
36648.250000 993.179871 0.000000 674.705017
36648.250000 993.179871 0.000000 674.804993
36648.250000 993.179871 0.000000 674.919983
36648.250000 993.179871 0.000000 675.020020
36650.000000 993.179871 0.000000 675.114990
36650.000000 993.179871 0.000000 675.215027
36650.000000 993.179871 0.000000 675.315002
36650.000000 993.179871 0.000000 675.414978
36650.000000 993.179871 0.000000 675.517029
36650.000000 993.179871 0.000000 675.617004
36650.000000 993.179871 0.000000 675.711975
36650.000000 993.179871 0.000000 675.802002
36650.000000 993.179871 0.000000 675.911987
36650.000000 993.179871 0.000000 676.018005
36651.625000 993.179871 0.000000 676.117004
36651.625000 993.179871 0.000000 676.213013
36651.625000 993.179871 0.000000 676.312012
36651.625000 993.179871 0.000000 676.411987
36651.625000 993.179871 0.000000 676.512024
36651.625000 993.179871 0.000000 676.612000
36651.625000 993.179871 0.000000 676.711975
36651.625000 993.179871 0.000000 676.817993
36651.625000 993.179871 0.000000 676.911987
36651.625000 993.179871 0.000000 677.013977
36651.625000 993.179871 0.000000 677.117004
36652.500000 993.179871 0.000000 677.211975
36652.500000 993.179871 0.000000 677.312012
36652.500000 993.179871 0.000000 677.416992
36652.500000 993.179871 0.000000 677.517029
36652.500000 993.179871 0.000000 677.617004
36652.500000 993.179871 0.000000 677.716980
36652.500000 993.179871 0.000000 677.817017
36652.500000 993.179871 0.000000 677.916992
36652.500000 993.179871 0.000000 678.023987
36652.500000 993.179871 0.000000 678.117981
36652.500000 993.179871 0.000000 678.223022
36652.500000 993.179871 0.000000 678.312988
36652.500000 993.179871 0.000000 678.416992
36652.500000 993.179871 0.000000 678.512024
36652.500000 993.179871 0.000000 678.619019
36652.500000 993.179871 0.000000 678.711975
36652.500000 993.179871 0.000000 678.802002
36652.500000 993.179871 0.000000 678.901978
36652.500000 993.179871 0.000000 679.018005
36652.500000 993.179871 0.000000 679.112000
36652.500000 993.179871 0.000000 679.206970
36653.125000 993.179871 0.000000 679.307007
36653.125000 993.179871 0.000000 679.419983
36653.125000 993.179871 0.000000 679.521973
36653.125000 993.179871 0.000000 679.622009
36653.125000 993.179871 0.000000 679.726990
36653.125000 993.179871 0.000000 679.812988
36653.125000 993.179871 0.000000 679.918030
36653.125000 993.179871 0.000000 680.013000
36653.125000 993.179871 0.000000 680.120972
36653.125000 993.179871 0.000000 680.221985
36653.125000 993.179871 0.000000 680.317017
36653.125000 993.179871 0.000000 680.416016
36653.125000 993.179871 0.000000 680.523987
36653.125000 993.179871 0.000000 680.624023
36653.125000 993.179871 0.000000 680.721008
36653.125000 993.179871 0.000000 680.810974
36653.125000 993.179871 0.000000 680.922974
36653.125000 993.179871 0.000000 681.013000
36653.125000 993.179871 0.000000 681.122986
36653.125000 993.179871 0.000000 681.223022
36653.125000 993.179871 0.000000 681.317993
36656.750000 993.179871 0.000000 681.419006
36656.750000 993.179871 0.000000 681.517029
36656.750000 993.179871 0.000000 681.614990
36656.750000 993.179871 0.000000 681.715027
36656.750000 993.179871 0.000000 681.814026
36656.750000 993.179871 0.000000 681.914001
36656.750000 993.179871 0.000000 682.013977
36656.750000 993.179871 0.000000 682.116028
36656.750000 993.179871 0.000000 682.213989
36656.750000 993.179871 0.000000 682.320007
36656.750000 993.179871 0.000000 682.414978
36656.750000 993.179871 0.000000 682.510010
36656.750000 993.179871 0.000000 682.604980
36656.750000 993.179871 0.000000 682.718994
36656.750000 993.179871 0.000000 682.814026
36656.750000 993.179871 0.000000 682.919006
36656.750000 993.179871 0.000000 683.015991
36656.750000 993.179871 0.000000 683.122986
36656.750000 993.179871 0.000000 683.216003
36656.750000 993.179871 0.000000 683.314026
36656.750000 993.179871 0.000000 683.414001
36656.750000 993.179871 0.000000 683.513977
36656.750000 993.179871 0.000000 683.614990
36656.750000 993.179871 0.000000 683.718018
36656.750000 993.179871 0.000000 683.814026
36656.750000 993.179871 0.000000 683.914978
36656.750000 993.179871 0.000000 684.020020
36656.750000 993.179871 0.000000 684.114014
36656.750000 993.179871 0.000000 684.213989
36656.750000 993.179871 0.000000 684.320007
36656.750000 993.179871 0.000000 684.418030
36656.875000 993.179871 0.000000 684.508972
36657.000000 993.179871 0.000000 684.617981
36657.000000 993.179871 0.000000 684.713013
36657.000000 993.179871 0.000000 684.823975
36657.000000 993.179871 0.000000 684.898010
36657.000000 993.179871 0.000000 685.018005
36657.000000 993.179871 0.000000 685.117981
36657.000000 993.179871 0.000000 685.213013
36657.000000 993.179871 0.000000 685.314026
36657.000000 993.179871 0.000000 685.418030
36657.000000 993.179871 0.000000 685.528015
36657.000000 993.179871 0.000000 685.622986
36657.000000 993.179871 0.000000 685.723022
36657.000000 993.179871 0.000000 685.828003
36657.000000 993.179871 0.000000 685.927979
36657.000000 993.179871 0.000000 686.015991
36657.000000 993.179871 0.000000 686.120972
36657.000000 993.179871 0.000000 686.218018
36657.000000 993.179871 0.000000 686.315979
36657.000000 993.179871 0.000000 686.408020
36657.000000 993.179871 0.000000 686.502991
36657.000000 993.179871 0.000000 686.612976
36657.000000 993.179871 0.000000 686.715027
36657.000000 993.179871 0.000000 686.812988
36657.000000 993.179871 0.000000 686.914001
36657.000000 993.179871 0.000000 687.013000
36657.000000 993.179871 0.000000 687.112976
36657.000000 993.179871 0.000000 687.203003
36657.000000 993.179871 0.000000 687.312988
36657.000000 993.179871 0.000000 687.413025
36657.000000 993.179871 0.000000 687.513000
36657.625000 993.179871 0.000000 687.617981
36657.625000 993.179871 0.000000 687.713013
36657.625000 993.179871 0.000000 687.820007
36657.625000 993.179871 0.000000 687.913025
36657.625000 993.179871 0.000000 688.002991
36657.625000 993.179871 0.000000 688.112976
36657.625000 993.179871 0.000000 688.213013
36657.625000 993.179871 0.000000 688.312988
36657.625000 993.179871 0.000000 688.422974
36657.625000 993.179871 0.000000 688.518005
36657.625000 993.179871 0.000000 688.612976
36657.625000 993.179871 0.000000 688.723022
36657.625000 993.179871 0.000000 688.822998
36657.625000 993.179871 0.000000 688.922974
36657.625000 993.179871 0.000000 689.018982
36657.625000 993.179871 0.000000 689.117981
36657.625000 993.179871 0.000000 689.208984
36657.625000 993.179871 0.000000 689.317993
36657.625000 993.179871 0.000000 689.413025
36657.625000 993.179871 0.000000 689.513977
36657.625000 993.179871 0.000000 689.612976
36657.625000 993.179871 0.000000 689.713989
36657.625000 993.179871 0.000000 689.807983
36657.625000 993.179871 0.000000 689.914001
36657.625000 993.179871 0.000000 690.018005
36657.625000 993.179871 0.000000 690.112976
36657.625000 993.179871 0.000000 690.218018
36657.625000 993.179871 0.000000 690.320007
36657.625000 993.179871 0.000000 690.403015
36657.625000 993.179871 0.000000 690.518005
36657.625000 993.179871 0.000000 690.617981
36657.625000 993.179871 0.000000 690.718994
36657.750000 993.179871 0.000000 690.817993
36657.750000 993.179871 0.000000 690.926025
36657.750000 993.179871 0.000000 691.020996
36657.750000 993.179871 0.000000 691.117981
36657.750000 993.179871 0.000000 691.224976
36657.750000 993.179871 0.000000 691.320984
36657.750000 993.179871 0.000000 691.416016
36657.750000 993.179871 0.000000 691.521973
36657.750000 993.179871 0.000000 691.617004
36657.750000 993.179871 0.000000 691.721008
36657.750000 993.179871 0.000000 691.820984
36657.750000 993.179871 0.000000 691.927002
36657.750000 993.179871 0.000000 692.023987
36657.750000 993.179871 0.000000 692.117004
36657.750000 993.179871 0.000000 692.216980
36657.750000 993.179871 0.000000 692.317017
36657.750000 993.179871 0.000000 692.421997
36657.750000 993.179871 0.000000 692.512024
36657.750000 993.179871 0.000000 692.617981
36657.750000 993.179871 0.000000 692.716980
36657.750000 993.179871 0.000000 692.817017
36657.875000 993.179871 0.000000 692.916992
36657.875000 993.179871 0.000000 693.023010
36657.875000 993.179871 0.000000 693.117981
36657.875000 993.179871 0.000000 693.223999
36657.875000 993.179871 0.000000 693.320007
36657.875000 993.179871 0.000000 693.421021
36657.875000 993.179871 0.000000 693.515991
36657.875000 993.179871 0.000000 693.620972
36657.875000 993.179871 0.000000 693.716980
36657.875000 993.179871 0.000000 693.815979
36657.875000 993.179871 0.000000 693.921021
36657.875000 993.179871 0.000000 694.015991
36657.875000 993.179871 0.000000 694.116028
36657.875000 993.179871 0.000000 694.221008
36657.875000 993.179871 0.000000 694.322021
36657.875000 993.179871 0.000000 694.416992
36657.875000 993.179871 0.000000 694.520996
36657.875000 993.179871 0.000000 694.620972
36657.875000 993.179871 0.000000 694.721985
36657.875000 993.179871 0.000000 694.822021
36657.875000 993.179871 0.000000 694.911011
36657.875000 993.179871 0.000000 695.026001
36657.875000 993.179871 0.000000 695.125977
36657.875000 993.179871 0.000000 695.231995
36657.875000 993.179871 0.000000 695.331970
36657.875000 993.179871 0.000000 695.431030
36657.875000 993.179871 0.000000 695.533997
36657.875000 993.179871 0.000000 695.633972
36657.875000 993.179871 0.000000 695.734009
36657.875000 993.179871 0.000000 695.833984
36657.875000 993.179871 0.000000 695.932007
36657.875000 993.179871 0.000000 696.026001
36658.000000 993.179871 0.000000 696.132996
36658.125000 993.179871 0.000000 696.229004
36658.125000 993.179871 0.000000 696.325989
36658.125000 993.179871 0.000000 696.426025
36658.125000 993.179871 0.000000 696.534973
36658.125000 993.179871 0.000000 696.625977
36658.125000 993.179871 0.000000 696.726013
36658.125000 993.179871 0.000000 696.825989
36658.125000 993.179871 0.000000 696.927002
36658.125000 993.179871 0.000000 697.026001
36658.125000 993.179871 0.000000 697.132996
36658.375000 993.179871 0.000000 697.226013
36658.375000 993.179871 0.000000 697.325989
36658.375000 993.179871 0.000000 697.429993
36658.375000 993.179871 0.000000 697.525024
36658.375000 993.179871 0.000000 697.635010
36658.375000 993.179871 0.000000 697.737976
36658.375000 993.179871 0.000000 697.827026
36658.375000 993.179871 0.000000 697.916016
36658.375000 993.179871 0.000000 698.026978
36658.375000 993.179871 0.000000 698.122009
36658.375000 993.179871 0.000000 698.221985
36658.625000 993.179871 0.000000 698.327026
36658.625000 993.179871 0.000000 698.419006
36658.625000 993.179871 0.000000 698.520996
36658.625000 993.179871 0.000000 698.627991
36658.625000 993.179871 0.000000 698.726013
36658.625000 993.179871 0.000000 698.825989
36658.625000 993.179871 0.000000 698.921021
36658.625000 993.179871 0.000000 699.026001
36658.625000 993.179871 0.000000 699.125977
36658.625000 993.179871 0.000000 699.226990
36658.625000 993.179871 0.000000 699.327026
36658.625000 993.179871 0.000000 699.422974
36658.625000 993.179871 0.000000 699.526978
36658.625000 993.179871 0.000000 699.625977
36658.625000 993.179871 0.000000 699.726990
36658.625000 993.179871 0.000000 699.815979
36658.625000 993.179871 0.000000 699.921021
36658.625000 993.179871 0.000000 700.012024
36658.625000 993.179871 0.000000 700.120972
36658.625000 993.179871 0.000000 700.226013
36658.625000 993.179871 0.000000 700.327026
36658.625000 993.179871 0.000000 700.421997
36658.625000 993.179871 0.000000 700.521973
36658.625000 993.179871 0.000000 700.625977
36658.625000 993.179871 0.000000 700.716003
36658.625000 993.179871 0.000000 700.831970
36658.625000 993.179871 0.000000 700.932007
36658.625000 993.179871 0.000000 701.005981
36658.625000 993.179871 0.000000 701.135010
36658.625000 993.179871 0.000000 701.234985
36658.625000 993.179871 0.000000 701.320984
36658.625000 993.179871 0.000000 701.426025
36658.750000 993.179871 0.000000 701.526001
36658.750000 993.179871 0.000000 701.632019
36658.750000 993.179871 0.000000 701.726013
36658.750000 993.179871 0.000000 701.827026
36658.750000 993.179871 0.000000 701.921997
36658.750000 993.179871 0.000000 702.026978
36658.750000 993.179871 0.000000 702.127014
36658.750000 993.179871 0.000000 702.223022
36658.750000 993.179871 0.000000 702.327026
36658.750000 993.179871 0.000000 702.424011
36658.750000 993.179871 0.000000 702.528015
36658.750000 993.179871 0.000000 702.627014
36658.750000 993.179871 0.000000 702.726990
36658.750000 993.179871 0.000000 702.822998
36658.750000 993.179871 0.000000 702.911987
36658.750000 993.179871 0.000000 703.025024
36658.750000 993.179871 0.000000 703.132019
36658.750000 993.179871 0.000000 703.226990
36658.750000 993.179871 0.000000 703.327026
36658.750000 993.179871 0.000000 703.416992
36659.125000 993.179871 0.000000 703.533997
36659.125000 993.179871 0.000000 703.627014
36659.125000 993.179871 0.000000 703.726990
36659.125000 993.179871 0.000000 703.827026
36659.125000 993.179871 0.000000 703.916992
36659.125000 993.179871 0.000000 704.026978
36659.125000 993.179871 0.000000 704.117004
36659.125000 993.179871 0.000000 704.228027
36659.125000 993.179871 0.000000 704.327026
36659.125000 993.179871 0.000000 704.427002
36659.125000 993.179871 0.000000 704.533020
36659.125000 993.179871 0.000000 704.622986
36659.125000 993.179871 0.000000 704.721985
36659.125000 993.179871 0.000000 704.822021
36659.125000 993.179871 0.000000 704.927002
36659.125000 993.179871 0.000000 705.017029
36659.125000 993.179871 0.000000 705.122009
36659.125000 993.179871 0.000000 705.232971
36659.125000 993.179871 0.000000 705.327026
36659.125000 993.179871 0.000000 705.427002
36659.125000 993.179871 0.000000 705.526978
36659.125000 993.179871 0.000000 705.627014
36659.125000 993.179871 0.000000 705.726990
36659.125000 993.179871 0.000000 705.822021
36659.125000 993.179871 0.000000 705.927002
36659.125000 993.179871 0.000000 706.021973
36659.125000 993.179871 0.000000 706.127014
36659.125000 993.179871 0.000000 706.228027
36659.125000 993.179871 0.000000 706.333008
36659.125000 993.179871 0.000000 706.421997
36659.125000 993.179871 0.000000 706.523987
36659.125000 993.179871 0.000000 706.624023
36659.125000 993.179871 0.000000 706.713989
36659.125000 993.179871 0.000000 706.812988
36659.125000 993.179871 0.000000 706.924011
36659.125000 993.179871 0.000000 707.028992
36659.125000 993.179871 0.000000 707.129028
36659.125000 993.179871 0.000000 707.229004
36659.125000 993.179871 0.000000 707.325012
36659.125000 993.179871 0.000000 707.424011
36659.125000 993.179871 0.000000 707.530029
36659.125000 993.179871 0.000000 707.629028
36659.125000 993.179871 0.000000 707.723999
36659.125000 993.179871 0.000000 707.823975
36659.125000 993.179871 0.000000 707.924011
36659.125000 993.179871 0.000000 708.008972
36659.125000 993.179871 0.000000 708.114014
36659.125000 993.179871 0.000000 708.218994
36659.125000 993.179871 0.000000 708.318970
36659.125000 993.179871 0.000000 708.434021
36659.125000 993.179871 0.000000 708.533997
36659.125000 993.179871 0.000000 708.633972
36659.375000 993.179871 0.000000 708.723999
36659.375000 993.179871 0.000000 708.814026
36659.375000 993.179871 0.000000 708.924011
36659.375000 993.179871 0.000000 709.026001
36659.375000 993.179871 0.000000 709.124023
36659.375000 993.179871 0.000000 709.223999
36659.375000 993.179871 0.000000 709.323975
36659.375000 993.179871 0.000000 709.424011
36659.375000 993.179871 0.000000 709.531006
36659.375000 993.179871 0.000000 709.629028
36659.500000 993.179871 0.000000 709.729004
36659.625000 993.179871 0.000000 709.823975
36659.625000 993.179871 0.000000 709.929016
36659.625000 993.179871 0.000000 710.018982
36659.625000 993.179871 0.000000 710.124023
36659.625000 993.179871 0.000000 710.223999
36659.625000 993.179871 0.000000 710.318970
36659.625000 993.179871 0.000000 710.419006
36659.625000 993.179871 0.000000 710.523987
36659.625000 993.179871 0.000000 710.629028
36659.625000 993.179871 0.000000 710.713989
36659.625000 993.179871 0.000000 710.823975
36659.625000 993.179871 0.000000 710.919006
36659.625000 993.179871 0.000000 711.028992
36659.625000 993.179871 0.000000 711.124023
36659.625000 993.179871 0.000000 711.218994
36659.625000 993.179871 0.000000 711.323975
36659.625000 993.179871 0.000000 711.424011
36659.625000 993.179871 0.000000 711.528992
36659.625000 993.179871 0.000000 711.629028
36659.625000 993.179871 0.000000 711.729004
36659.625000 993.179871 0.000000 711.823975
36659.625000 993.179871 0.000000 711.927002
36659.625000 993.179871 0.000000 712.023987
36659.625000 993.179871 0.000000 712.124023
36659.625000 993.179871 0.000000 712.223999
36659.625000 993.179871 0.000000 712.333984
36659.625000 993.179871 0.000000 712.431030
36659.625000 993.179871 0.000000 712.539978
36659.625000 993.179871 0.000000 712.633972
36659.625000 993.179871 0.000000 712.737000
36659.750000 993.179871 0.000000 712.836975
36659.750000 993.179871 0.000000 712.937012
36659.750000 993.179871 0.000000 713.036987
36659.750000 993.179871 0.000000 713.127014
36659.750000 993.179871 0.000000 713.247986
36659.750000 993.179871 0.000000 713.336975
36659.750000 993.179871 0.000000 713.450012
36659.750000 993.179871 0.000000 713.533020
36659.750000 993.179871 0.000000 713.638000
36659.750000 993.179871 0.000000 713.739014
36659.750000 993.179871 0.000000 713.838013
36659.750000 993.179871 0.000000 713.937988
36659.750000 993.179871 0.000000 714.038025
36659.750000 993.179871 0.000000 714.132996
36659.750000 993.179871 0.000000 714.242981
36659.750000 993.179871 0.000000 714.336975
36659.750000 993.179871 0.000000 714.435974
36659.750000 993.179871 0.000000 714.551025
36659.750000 993.179871 0.000000 714.645996
36659.750000 993.179871 0.000000 714.737976
36659.750000 993.179871 0.000000 714.843018
36659.750000 993.179871 0.000000 714.937988
36659.750000 993.179871 0.000000 715.039001
36659.750000 993.179871 0.000000 715.138000
36659.750000 993.179871 0.000000 715.237976
36659.750000 993.179871 0.000000 715.338013
36659.750000 993.179871 0.000000 715.427979
36659.750000 993.179871 0.000000 715.543030
36659.750000 993.179871 0.000000 715.638000
36659.750000 993.179871 0.000000 715.737976
36659.750000 993.179871 0.000000 715.838013
36659.750000 993.179871 0.000000 715.942993
36659.750000 993.179871 0.000000 716.039001
36659.750000 993.179871 0.000000 716.145020
36659.750000 993.179871 0.000000 716.244995
36659.750000 993.179871 0.000000 716.348022
36659.750000 993.179871 0.000000 716.447998
36659.750000 993.179871 0.000000 716.547974
36659.750000 993.179871 0.000000 716.648010
36659.750000 993.179871 0.000000 716.747986
36659.750000 993.179871 0.000000 716.848022
36659.750000 993.179871 0.000000 716.945007
36659.750000 993.179871 0.000000 717.043030
36659.750000 993.179871 0.000000 717.143005
36659.750000 993.179871 0.000000 717.237976
36659.750000 993.179871 0.000000 717.338013
36659.750000 993.179871 0.000000 717.447998
36659.750000 993.179871 0.000000 717.539001
36659.750000 993.179871 0.000000 717.638000
36659.750000 993.179871 0.000000 717.737976
36659.750000 993.179871 0.000000 717.838013
36659.750000 993.179871 0.000000 717.927979
36659.750000 993.179871 0.000000 718.039001
36659.750000 993.179871 0.000000 718.138977
36659.750000 993.179871 0.000000 718.237976
36659.750000 993.179871 0.000000 718.340027
36659.750000 993.179871 0.000000 718.442017
36659.750000 993.179871 0.000000 718.525024
36659.750000 993.179871 0.000000 718.640015
36659.750000 993.179871 0.000000 718.750000
36659.750000 993.179871 0.000000 718.848999
36659.750000 993.179871 0.000000 718.945007
36659.750000 993.179871 0.000000 719.041016
36659.750000 993.179871 0.000000 719.140015
36659.750000 993.179871 0.000000 719.239990
36659.750000 993.179871 0.000000 719.340027
36659.750000 993.179871 0.000000 719.429993
36659.750000 993.179871 0.000000 719.536987
36659.750000 993.179871 0.000000 719.640015
36659.750000 993.179871 0.000000 719.739990
36659.750000 993.179871 0.000000 719.840027
36659.750000 993.179871 0.000000 719.939026
36659.750000 993.179871 0.000000 720.039978
36659.750000 993.179871 0.000000 720.138977
36660.500000 993.179871 0.000000 720.244019
36660.500000 993.179871 0.000000 720.343994
36660.500000 993.179871 0.000000 720.445007
36660.500000 993.179871 0.000000 720.544006
36660.500000 993.179871 0.000000 720.638977
36660.500000 993.179871 0.000000 720.744995
36660.500000 993.179871 0.000000 720.848999
36660.500000 993.179871 0.000000 720.929016
36660.500000 993.179871 0.000000 721.044006
36660.500000 993.179871 0.000000 721.143982
36660.500000 993.179871 0.000000 721.244995
36660.500000 993.179871 0.000000 721.343994
36660.500000 993.179871 0.000000 721.443970
36660.500000 993.179871 0.000000 721.551025
36660.500000 993.179871 0.000000 721.642029
36660.500000 993.179871 0.000000 721.742004
36660.500000 993.179871 0.000000 721.841980
36660.500000 993.179871 0.000000 721.947021
36660.500000 993.179871 0.000000 722.041992
36660.500000 993.179871 0.000000 722.142029
36660.500000 993.179871 0.000000 722.247986
36660.625000 993.179871 0.000000 722.341980
36660.625000 993.179871 0.000000 722.442017
36660.625000 993.179871 0.000000 722.551025
36660.625000 993.179871 0.000000 722.648987
36660.625000 993.179871 0.000000 722.737000
36660.625000 993.179871 0.000000 722.836975
36660.625000 993.179871 0.000000 722.952026
36660.625000 993.179871 0.000000 723.041992
36660.625000 993.179871 0.000000 723.137024
36660.625000 993.179871 0.000000 723.242004
36660.625000 993.179871 0.000000 723.341980
36660.625000 993.179871 0.000000 723.442017
36660.625000 993.179871 0.000000 723.541992
36660.625000 993.179871 0.000000 723.642029
36660.625000 993.179871 0.000000 723.731995
36660.625000 993.179871 0.000000 723.841980
36660.625000 993.179871 0.000000 723.942017
36660.625000 993.179871 0.000000 724.041992
36660.625000 993.179871 0.000000 724.146973
36660.625000 993.179871 0.000000 724.242004
36660.625000 993.179871 0.000000 724.341980
36660.625000 993.179871 0.000000 724.447021
36660.625000 993.179871 0.000000 724.541992
36660.625000 993.179871 0.000000 724.643005
36660.625000 993.179871 0.000000 724.742981
36660.625000 993.179871 0.000000 724.846985
36660.625000 993.179871 0.000000 724.942017
36660.625000 993.179871 0.000000 725.041992
36660.625000 993.179871 0.000000 725.142029
36660.625000 993.179871 0.000000 725.247009
36660.625000 993.179871 0.000000 725.351990
36660.625000 993.179871 0.000000 725.447021
36660.625000 993.179871 0.000000 725.554016
36660.625000 993.179871 0.000000 725.648987
36660.625000 993.179871 0.000000 725.744019
36660.625000 993.179871 0.000000 725.848999
36660.625000 993.179871 0.000000 725.955017
36660.625000 993.179871 0.000000 726.049011
36660.625000 993.179871 0.000000 726.153992
36660.625000 993.179871 0.000000 726.245972
36660.625000 993.179871 0.000000 726.349976
36660.625000 993.179871 0.000000 726.448975
36660.625000 993.179871 0.000000 726.549011
36660.625000 993.179871 0.000000 726.661987
36660.625000 993.179871 0.000000 726.754028
36660.625000 993.179871 0.000000 726.854004
36660.625000 993.179871 0.000000 726.958984
36660.625000 993.179871 0.000000 727.059021
36660.625000 993.179871 0.000000 727.169006
36660.625000 993.179871 0.000000 727.268982
36660.625000 993.179871 0.000000 727.367981
36660.625000 993.179871 0.000000 727.458008
36660.625000 993.179871 0.000000 727.557983
36660.750000 993.179871 0.000000 727.658020
36660.750000 993.179871 0.000000 727.768005
36660.750000 993.179871 0.000000 727.867981
36660.750000 993.179871 0.000000 727.968018
36660.750000 993.179871 0.000000 728.057983
36660.750000 993.179871 0.000000 728.168030
36660.750000 993.179871 0.000000 728.255981
36660.750000 993.179871 0.000000 728.366028
36660.750000 993.179871 0.000000 728.466003
36660.750000 993.179871 0.000000 728.570984
36660.750000 993.179871 0.000000 728.658020
36660.750000 993.179871 0.000000 728.771973
36660.750000 993.179871 0.000000 728.854004
36660.750000 993.179871 0.000000 728.963013
36660.750000 993.179871 0.000000 729.057983
36660.750000 993.179871 0.000000 729.158020
36660.750000 993.179871 0.000000 729.257996
36660.750000 993.179871 0.000000 729.357971
36660.750000 993.179871 0.000000 729.458008
36660.750000 993.179871 0.000000 729.557983
36660.750000 993.179871 0.000000 729.658020
36660.750000 993.179871 0.000000 729.763977
36660.750000 993.179871 0.000000 729.864014
36660.750000 993.179871 0.000000 729.966980
36660.750000 993.179871 0.000000 730.067017
36660.750000 993.179871 0.000000 730.166992
36660.750000 993.179871 0.000000 730.267029
36660.750000 993.179871 0.000000 730.367004
36660.750000 993.179871 0.000000 730.466980
36660.750000 993.179871 0.000000 730.568970
36660.750000 993.179871 0.000000 730.664978
36660.750000 993.179871 0.000000 730.770020
36660.750000 993.179871 0.000000 730.879028
36660.750000 993.179871 0.000000 730.973999
36660.750000 993.179871 0.000000 731.073975
36660.750000 993.179871 0.000000 731.174011
36660.750000 993.179871 0.000000 731.270020
36660.750000 993.179871 0.000000 731.367004
36660.750000 993.179871 0.000000 731.465027
36660.750000 993.179871 0.000000 731.570007
36660.750000 993.179871 0.000000 731.669983
36660.750000 993.179871 0.000000 731.765015
36660.750000 993.179871 0.000000 731.864990
36660.750000 993.179871 0.000000 731.971008
36660.750000 993.179871 0.000000 732.065002
36660.750000 993.179871 0.000000 732.161011
36660.750000 993.179871 0.000000 732.276001
36660.750000 993.179871 0.000000 732.375977
36660.750000 993.179871 0.000000 732.458008
36660.750000 993.179871 0.000000 732.567017
36660.750000 993.179871 0.000000 732.659973
36660.750000 993.179871 0.000000 732.770020
36660.750000 993.179871 0.000000 732.872986
36660.750000 993.179871 0.000000 732.968018
36660.750000 993.179871 0.000000 733.078003
36660.750000 993.179871 0.000000 733.168030
36660.750000 993.179871 0.000000 733.268005
36660.750000 993.179871 0.000000 733.372986
36660.750000 993.179871 0.000000 733.468994
36660.750000 993.179871 0.000000 733.573975
36660.750000 993.179871 0.000000 733.672974
36660.750000 993.179871 0.000000 733.776001
36660.750000 993.179871 0.000000 733.872986
36660.750000 993.179871 0.000000 733.968994
36660.750000 993.179871 0.000000 734.081970
36660.750000 993.179871 0.000000 734.177002
36660.750000 993.179871 0.000000 734.281982
36660.750000 993.179871 0.000000 734.382996
36660.750000 993.179871 0.000000 734.482971
36660.750000 993.179871 0.000000 734.583008
36660.750000 993.179871 0.000000 734.682983
36660.750000 993.179871 0.000000 734.781006
36660.750000 993.179871 0.000000 734.869995
36660.750000 993.179871 0.000000 734.968994
36660.750000 993.179871 0.000000 735.059998
36660.750000 993.179871 0.000000 735.169006
36660.750000 993.179871 0.000000 735.270020
36660.750000 993.179871 0.000000 735.369019
36660.750000 993.179871 0.000000 735.468994
36660.750000 993.179871 0.000000 735.570007
36660.750000 993.179871 0.000000 735.658997
36660.750000 993.179871 0.000000 735.768982
36662.000000 993.179871 0.000000 735.875000
36662.000000 993.179871 0.000000 735.968994
36662.000000 993.179871 0.000000 736.064026
36662.000000 993.179871 0.000000 736.169006
36662.000000 993.179871 0.000000 736.270020
36662.000000 993.179871 0.000000 736.374023
36662.000000 993.179871 0.000000 736.479004
36662.000000 993.179871 0.000000 736.578979
36662.000000 993.179871 0.000000 736.679993
36662.000000 993.179871 0.000000 736.768982
36662.000000 993.179871 0.000000 736.869995
36662.000000 993.179871 0.000000 736.968994
36662.000000 993.179871 0.000000 737.068970
36662.000000 993.179871 0.000000 737.169983
36662.000000 993.179871 0.000000 737.268982
36662.000000 993.179871 0.000000 737.369995
36662.000000 993.179871 0.000000 737.468994
36662.000000 993.179871 0.000000 737.568970
36662.000000 993.179871 0.000000 737.664001
36662.000000 993.179871 0.000000 737.760986
36662.000000 993.179871 0.000000 737.883972
36662.000000 993.179871 0.000000 737.984009
36662.000000 993.179871 0.000000 738.078979
36662.000000 993.179871 0.000000 738.179016
36662.000000 993.179871 0.000000 738.278992
36662.000000 993.179871 0.000000 738.379028
36662.000000 993.179871 0.000000 738.474976
36662.000000 993.179871 0.000000 738.580017
36662.000000 993.179871 0.000000 738.669006
36662.000000 993.179871 0.000000 738.768982
36662.000000 993.179871 0.000000 738.867981
36667.250000 993.179871 0.000000 738.979980
36667.250000 993.179871 0.000000 739.080017
36667.250000 993.179871 0.000000 739.176025
36667.250000 993.179871 0.000000 739.281982
36667.250000 993.179871 0.000000 739.382019
36667.250000 993.179871 0.000000 739.473999
36667.250000 993.179871 0.000000 739.583008
36667.250000 993.179871 0.000000 739.672974
36667.250000 993.179871 0.000000 739.763000
36667.250000 993.179871 0.000000 739.875000
36667.250000 993.179871 0.000000 739.968018
36667.750000 993.179871 0.000000 740.072998
36667.750000 993.179871 0.000000 740.179993
36667.750000 993.179871 0.000000 740.273010
36667.750000 993.179871 0.000000 740.372986
36667.750000 993.179871 0.000000 740.473999
36667.750000 993.179871 0.000000 740.562988
36667.750000 993.179871 0.000000 740.672974
36667.750000 993.179871 0.000000 740.768005
36667.750000 993.179871 0.000000 740.862976
36667.750000 993.179871 0.000000 740.973022
36667.750000 993.179871 0.000000 741.067993
36667.750000 993.179871 0.000000 741.172974
36667.750000 993.179871 0.000000 741.278992
36667.750000 993.179871 0.000000 741.375000
36667.750000 993.179871 0.000000 741.479980
36667.750000 993.179871 0.000000 741.580017
36667.750000 993.179871 0.000000 741.671997
36667.750000 993.179871 0.000000 741.776978
36667.750000 993.179871 0.000000 741.875000
36667.750000 993.179871 0.000000 741.974976
36667.750000 993.179871 0.000000 742.075012
36667.750000 993.179871 0.000000 742.174988
36667.750000 993.179871 0.000000 742.276001
36667.750000 993.179871 0.000000 742.380981
36667.750000 993.179871 0.000000 742.476013
36667.750000 993.179871 0.000000 742.575989
36667.750000 993.179871 0.000000 742.676025
36667.750000 993.179871 0.000000 742.776001
36667.750000 993.179871 0.000000 742.875977
36667.750000 993.179871 0.000000 742.976013
36667.750000 993.179871 0.000000 743.075989
36667.750000 993.179871 0.000000 743.176025
36667.750000 993.179871 0.000000 743.278015
36667.750000 993.179871 0.000000 743.379028
36667.750000 993.179871 0.000000 743.473022
36667.750000 993.179871 0.000000 743.578003
36667.750000 993.179871 0.000000 743.679993
36667.750000 993.179871 0.000000 743.778015
36667.750000 993.179871 0.000000 743.872986
36667.750000 993.179871 0.000000 743.973022
36667.750000 993.179871 0.000000 744.072998
36669.000000 993.179871 0.000000 744.177979
36669.000000 993.179871 0.000000 744.278015
36669.000000 993.179871 0.000000 744.377991
36669.000000 993.179871 0.000000 744.479980
36669.000000 993.179871 0.000000 744.575989
36669.000000 993.179871 0.000000 744.674988
36669.000000 993.179871 0.000000 744.780029
36669.000000 993.179871 0.000000 744.869995
36669.000000 993.179871 0.000000 744.984009
36669.000000 993.179871 0.000000 745.085022
36669.000000 993.179871 0.000000 745.182007
36669.000000 993.179871 0.000000 745.275024
36669.000000 993.179871 0.000000 745.380005
36669.000000 993.179871 0.000000 745.491028
36669.000000 993.179871 0.000000 745.575989
36669.000000 993.179871 0.000000 745.679016
36669.000000 993.179871 0.000000 745.776001
36669.000000 993.179871 0.000000 745.875977
36669.000000 993.179871 0.000000 745.976990
36669.000000 993.179871 0.000000 746.075989
36669.000000 993.179871 0.000000 746.176025
36670.500000 993.179871 0.000000 746.281982
36670.500000 993.179871 0.000000 746.385010
36670.500000 993.179871 0.000000 746.484985
36670.500000 993.179871 0.000000 746.572998
36670.500000 993.179871 0.000000 746.672974
36670.500000 993.179871 0.000000 746.778015
36670.500000 993.179871 0.000000 746.882019
36670.500000 993.179871 0.000000 746.981995
36670.500000 993.179871 0.000000 747.086975
36670.500000 993.179871 0.000000 747.182007
36670.625000 993.179871 0.000000 747.278992
36670.625000 993.179871 0.000000 747.380005
36670.625000 993.179871 0.000000 747.478027
36670.625000 993.179871 0.000000 747.585999
36670.625000 993.179871 0.000000 747.663025
36670.625000 993.179871 0.000000 747.778015
36670.625000 993.179871 0.000000 747.880981
36670.625000 993.179871 0.000000 747.968994
36670.625000 993.179871 0.000000 748.073975
36670.625000 993.179871 0.000000 748.174011
36670.875000 993.179871 0.000000 748.273987
36670.875000 993.179871 0.000000 748.374023
36670.875000 993.179871 0.000000 748.479004
36670.875000 993.179871 0.000000 748.580994
36670.875000 993.179871 0.000000 748.679016
36670.875000 993.179871 0.000000 748.778992
36670.875000 993.179871 0.000000 748.869995
36670.875000 993.179871 0.000000 748.973999
36670.875000 993.179871 0.000000 749.068970
36670.875000 993.179871 0.000000 749.182007
36670.875000 993.179871 0.000000 749.273987
36670.875000 993.179871 0.000000 749.379028
36670.875000 993.179871 0.000000 749.479004
36670.875000 993.179871 0.000000 749.573975
36670.875000 993.179871 0.000000 749.674011
36670.875000 993.179871 0.000000 749.773987
36670.875000 993.179871 0.000000 749.875000
36670.875000 993.179871 0.000000 749.973999
36670.875000 993.179871 0.000000 750.064026
36670.875000 993.179871 0.000000 750.179016
36670.875000 993.179871 0.000000 750.278992
36670.875000 993.179871 0.000000 750.364014
36670.875000 993.179871 0.000000 750.479004
36670.875000 993.179871 0.000000 750.575012
36670.875000 993.179871 0.000000 750.674988
36670.875000 993.179871 0.000000 750.784973
36670.875000 993.179871 0.000000 750.875000
36670.875000 993.179871 0.000000 750.969971
36670.875000 993.179871 0.000000 751.075012
36670.875000 993.179871 0.000000 751.169983
36670.875000 993.179871 0.000000 751.275024
36670.875000 993.179871 0.000000 751.382996
36670.875000 993.179871 0.000000 751.473022
36670.875000 993.179871 0.000000 751.575989
36670.875000 993.179871 0.000000 751.676025
36670.875000 993.179871 0.000000 751.776001
36670.875000 993.179871 0.000000 751.880981
36670.875000 993.179871 0.000000 751.976013
36670.875000 993.179871 0.000000 752.078979
36670.875000 993.179871 0.000000 752.176025
36670.875000 993.179871 0.000000 752.276001
36670.875000 993.179871 0.000000 752.375977
36670.875000 993.179871 0.000000 752.476013
36670.875000 993.179871 0.000000 752.575989
36670.875000 993.179871 0.000000 752.676025
36670.875000 993.179871 0.000000 752.778015
36670.875000 993.179871 0.000000 752.875977
36670.875000 993.179871 0.000000 752.981018
36670.875000 993.179871 0.000000 753.075989
36670.875000 993.179871 0.000000 753.182983
36670.875000 993.179871 0.000000 753.283997
36670.875000 993.179871 0.000000 753.383972
36670.875000 993.179871 0.000000 753.473999
36670.875000 993.179871 0.000000 753.583984
36670.875000 993.179871 0.000000 753.684021
36670.875000 993.179871 0.000000 753.783997
36670.875000 993.179871 0.000000 753.877014
36670.875000 993.179871 0.000000 753.976013
36670.875000 993.179871 0.000000 754.075989
36670.875000 993.179871 0.000000 754.176025
36670.875000 993.179871 0.000000 754.276001
36670.875000 993.179871 0.000000 754.385010
36670.875000 993.179871 0.000000 754.484985
36670.875000 993.179871 0.000000 754.572998
36670.875000 993.179871 0.000000 754.677002
36670.875000 993.179871 0.000000 754.776978
36670.875000 993.179871 0.000000 754.877014
36670.875000 993.179871 0.000000 754.976990
36670.875000 993.179871 0.000000 755.077026
36670.875000 993.179871 0.000000 755.184021
36670.875000 993.179871 0.000000 755.283997
36670.875000 993.179871 0.000000 755.377991
36670.875000 993.179871 0.000000 755.479980
36670.875000 993.179871 0.000000 755.572998
36670.875000 993.179871 0.000000 755.679993
36670.875000 993.179871 0.000000 755.781006
36670.875000 993.179871 0.000000 755.875000
36670.875000 993.179871 0.000000 755.982971
36670.875000 993.179871 0.000000 756.067993
36670.875000 993.179871 0.000000 756.177979
36670.875000 993.179871 0.000000 756.278015
36670.875000 993.179871 0.000000 756.374023
36670.875000 993.179871 0.000000 756.474976
36691.875000 993.179871 0.000000 756.586975
36691.875000 993.179871 0.000000 756.687012
36691.875000 993.179871 0.000000 756.776001
36691.875000 993.179871 0.000000 756.877991
36691.875000 993.179871 0.000000 756.974976
36691.875000 993.179871 0.000000 757.080994
36691.875000 993.179871 0.000000 757.177979
36691.875000 993.179871 0.000000 757.273010
36691.875000 993.179871 0.000000 757.377991
36691.875000 993.179871 0.000000 757.473022
36691.875000 993.179871 0.000000 757.575012
36691.875000 993.179871 0.000000 757.672974
36691.875000 993.179871 0.000000 757.773987
36691.875000 993.179871 0.000000 757.877991
36691.875000 993.179871 0.000000 757.973022
36691.875000 993.179871 0.000000 758.078003
36691.875000 993.179871 0.000000 758.177979
36691.875000 993.179871 0.000000 758.278015
36691.875000 993.179871 0.000000 758.343018
36691.875000 993.179871 0.000000 758.473999
36691.875000 993.179871 0.000000 758.573975
36691.875000 993.179871 0.000000 758.681030
36691.875000 993.179871 0.000000 758.776978
36691.875000 993.179871 0.000000 758.883972
36691.875000 993.179871 0.000000 758.974976
36691.875000 993.179871 0.000000 759.070007
36691.875000 993.179871 0.000000 759.164978
36691.875000 993.179871 0.000000 759.275024
36691.875000 993.179871 0.000000 759.382996
36691.875000 993.179871 0.000000 759.482971
36691.875000 993.179871 0.000000 759.575012
36693.000000 993.179871 0.000000 759.690002
36693.000000 993.179871 0.000000 759.789978
36693.000000 993.179871 0.000000 759.880005
36693.000000 993.179871 0.000000 759.984985
36693.000000 993.179871 0.000000 760.080017
36693.000000 993.179871 0.000000 760.174988
36693.000000 993.179871 0.000000 760.284973
36693.000000 993.179871 0.000000 760.385010
36693.000000 993.179871 0.000000 760.484985
36693.000000 993.179871 0.000000 760.580017
36693.000000 993.179871 0.000000 760.674988
36693.000000 993.179871 0.000000 760.784973
36693.000000 993.179871 0.000000 760.864990
36693.000000 993.179871 0.000000 760.974976
36693.000000 993.179871 0.000000 761.075012
36693.000000 993.179871 0.000000 761.169983
36693.000000 993.179871 0.000000 761.270020
36693.000000 993.179871 0.000000 761.370972
36693.000000 993.179871 0.000000 761.474976
36693.000000 993.179871 0.000000 761.583008
36693.000000 993.179871 0.000000 761.682983
36693.000000 993.179871 0.000000 761.775024
36693.000000 993.179871 0.000000 761.877014
36693.000000 993.179871 0.000000 761.974976
36693.000000 993.179871 0.000000 762.081970
36693.000000 993.179871 0.000000 762.174988
36693.000000 993.179871 0.000000 762.276001
36693.000000 993.179871 0.000000 762.375000
36693.000000 993.179871 0.000000 762.481995
36693.000000 993.179871 0.000000 762.575012
36693.000000 993.179871 0.000000 762.674988
36693.000000 993.179871 0.000000 762.770020
36693.000000 993.179871 0.000000 762.880981
36693.000000 993.179871 0.000000 762.982971
36693.000000 993.179871 0.000000 763.067993
36693.000000 993.179871 0.000000 763.174988
36693.000000 993.179871 0.000000 763.275024
36693.000000 993.179871 0.000000 763.383972
36693.000000 993.179871 0.000000 763.484009
36693.000000 993.179871 0.000000 763.583984
36693.000000 993.179871 0.000000 763.679016
36693.000000 993.179871 0.000000 763.783997
36693.000000 993.179871 0.000000 763.883972
36693.000000 993.179871 0.000000 763.984009
36693.000000 993.179871 0.000000 764.078979
36693.000000 993.179871 0.000000 764.179993
36693.000000 993.179871 0.000000 764.280029
36693.000000 993.179871 0.000000 764.380005
36693.000000 993.179871 0.000000 764.474976
36693.000000 993.179871 0.000000 764.585022
36693.000000 993.179871 0.000000 764.679993
36693.000000 993.179871 0.000000 764.789978
36693.000000 993.179871 0.000000 764.890015
36693.125000 993.179871 0.000000 764.984985
36693.125000 993.179871 0.000000 765.085022
36693.125000 993.179871 0.000000 765.190002
36693.125000 993.179871 0.000000 765.284973
36693.125000 993.179871 0.000000 765.385010
36693.125000 993.179871 0.000000 765.484985
36693.125000 993.179871 0.000000 765.585022
36693.125000 993.179871 0.000000 765.684998
36693.125000 993.179871 0.000000 765.784973
36693.125000 993.179871 0.000000 765.885010
36693.125000 993.179871 0.000000 765.979980
36693.125000 993.179871 0.000000 766.085999
36693.125000 993.179871 0.000000 766.177002
36693.125000 993.179871 0.000000 766.275024
36693.125000 993.179871 0.000000 766.375000
36693.125000 993.179871 0.000000 766.474976
36693.125000 993.179871 0.000000 766.583008
36693.125000 993.179871 0.000000 766.682983
36693.125000 993.179871 0.000000 766.780029
36693.125000 993.179871 0.000000 766.877991
36693.125000 993.179871 0.000000 766.973022
36693.125000 993.179871 0.000000 767.083984
36693.125000 993.179871 0.000000 767.177979
36693.125000 993.179871 0.000000 767.280029
36693.125000 993.179871 0.000000 767.379028
36693.125000 993.179871 0.000000 767.479004
36693.125000 993.179871 0.000000 767.575989
36693.125000 993.179871 0.000000 767.677002
36693.125000 993.179871 0.000000 767.762024
36693.125000 993.179871 0.000000 767.879028
36693.125000 993.179871 0.000000 767.973999
36693.125000 993.179871 0.000000 768.073975
36693.125000 993.179871 0.000000 768.184021
36693.125000 993.179871 0.000000 768.276978
36693.125000 993.179871 0.000000 768.379028
36693.125000 993.179871 0.000000 768.473999
36693.125000 993.179871 0.000000 768.580994
36693.125000 993.179871 0.000000 768.674011
36693.125000 993.179871 0.000000 768.773987
36693.125000 993.179871 0.000000 768.875977
36693.125000 993.179871 0.000000 768.973999
36693.125000 993.179871 0.000000 769.083008
36693.125000 993.179871 0.000000 769.184021
36693.125000 993.179871 0.000000 769.288025
36693.125000 993.179871 0.000000 769.375000
36693.125000 993.179871 0.000000 769.473999
36693.125000 993.179871 0.000000 769.573975
36693.125000 993.179871 0.000000 769.674011
36693.125000 993.179871 0.000000 769.773987
36693.125000 993.179871 0.000000 769.880981
36693.125000 993.179871 0.000000 769.973999
36693.125000 993.179871 0.000000 770.083984
36693.125000 993.179871 0.000000 770.184021
36693.125000 993.179871 0.000000 770.283997
36693.125000 993.179871 0.000000 770.383972
36693.125000 993.179871 0.000000 770.479980
36693.125000 993.179871 0.000000 770.583984
36693.125000 993.179871 0.000000 770.679993
36693.125000 993.179871 0.000000 770.786987
36693.125000 993.179871 0.000000 770.880981
36693.125000 993.179871 0.000000 770.976013
36693.125000 993.179871 0.000000 771.080994
36693.125000 993.179871 0.000000 771.181030
36693.125000 993.179871 0.000000 771.281006
36693.125000 993.179871 0.000000 771.388000
36693.125000 993.179871 0.000000 771.492981
36693.125000 993.179871 0.000000 771.586975
36693.125000 993.179871 0.000000 771.684998
36693.125000 993.179871 0.000000 771.793030
36693.125000 993.179871 0.000000 771.888000
36693.125000 993.179871 0.000000 771.987976
36693.125000 993.179871 0.000000 772.085022
36693.125000 993.179871 0.000000 772.185974
36693.125000 993.179871 0.000000 772.288025
36693.125000 993.179871 0.000000 772.375000
36693.125000 993.179871 0.000000 772.484985
36693.125000 993.179871 0.000000 772.585022
36693.125000 993.179871 0.000000 772.690002
36693.125000 993.179871 0.000000 772.794983
36693.125000 993.179871 0.000000 772.892029
36693.125000 993.179871 0.000000 772.984985
36693.125000 993.179871 0.000000 773.085022
36693.125000 993.179871 0.000000 773.184998
36693.125000 993.179871 0.000000 773.280029
36693.125000 993.179871 0.000000 773.388000
36693.125000 993.179871 0.000000 773.484985
36693.125000 993.179871 0.000000 773.585022
36693.125000 993.179871 0.000000 773.684998
36693.125000 993.179871 0.000000 773.784973
36693.125000 993.179871 0.000000 773.885010
36693.125000 993.179871 0.000000 773.984985
36693.125000 993.179871 0.000000 774.091003
36693.250000 993.179871 0.000000 774.190002
36693.250000 993.179871 0.000000 774.284973
36693.250000 993.179871 0.000000 774.385010
36693.250000 993.179871 0.000000 774.484985
36693.250000 993.179871 0.000000 774.585999
36693.250000 993.179871 0.000000 774.697021
36693.250000 993.179871 0.000000 774.791992
36693.250000 993.179871 0.000000 774.890015
36693.250000 993.179871 0.000000 774.984985
36693.250000 993.179871 0.000000 775.090027
36693.250000 993.179871 0.000000 775.184998
36693.250000 993.179871 0.000000 775.289978
36693.250000 993.179871 0.000000 775.385010
36693.250000 993.179871 0.000000 775.484985
36693.250000 993.179871 0.000000 775.580994
36693.250000 993.179871 0.000000 775.690002
36693.250000 993.179871 0.000000 775.786011
36693.250000 993.179871 0.000000 775.888000
36693.250000 993.179871 0.000000 775.991028
36693.250000 993.179871 0.000000 776.096008
36693.250000 993.179871 0.000000 776.192993
36695.500000 993.179871 0.000000 776.286011
36695.500000 993.179871 0.000000 776.385986
36695.500000 993.179871 0.000000 776.491028
36695.500000 993.179871 0.000000 776.585999
36695.500000 993.179871 0.000000 776.690979
36695.500000 993.179871 0.000000 776.786011
36695.500000 993.179871 0.000000 776.893005
36695.500000 993.179871 0.000000 776.994995
36695.500000 993.179871 0.000000 777.094971
36695.500000 993.179871 0.000000 777.197021
36695.500000 993.179871 0.000000 777.286011
36695.500000 993.179871 0.000000 777.390991
36695.500000 993.179871 0.000000 777.492981
36695.500000 993.179871 0.000000 777.591003
36695.500000 993.179871 0.000000 777.690979
36695.500000 993.179871 0.000000 777.791016
36695.500000 993.179871 0.000000 777.890991
36695.500000 993.179871 0.000000 777.991028
36695.500000 993.179871 0.000000 778.096008
36695.500000 993.179871 0.000000 778.190979
36695.500000 993.179871 0.000000 778.291016
36695.500000 993.179871 0.000000 778.398010
36695.500000 993.179871 0.000000 778.491028
36695.500000 993.179871 0.000000 778.590027
36695.500000 993.179871 0.000000 778.697021
36695.500000 993.179871 0.000000 778.802002
36695.500000 993.179871 0.000000 778.901978
36695.500000 993.179871 0.000000 779.007019
36695.500000 993.179871 0.000000 779.101990
36695.500000 993.179871 0.000000 779.197998
36695.500000 993.179871 0.000000 779.294006
36695.500000 993.179871 0.000000 779.393982
36695.500000 993.179871 0.000000 779.494019
36695.500000 993.179871 0.000000 779.593994
36695.500000 993.179871 0.000000 779.693970
36695.500000 993.179871 0.000000 779.783997
36695.500000 993.179871 0.000000 779.893982
36695.500000 993.179871 0.000000 779.994995
36695.500000 993.179871 0.000000 780.083984
36695.500000 993.179871 0.000000 780.200989
36695.500000 993.179871 0.000000 780.294006
36695.500000 993.179871 0.000000 780.401001
36695.500000 993.179871 0.000000 780.494019
36695.500000 993.179871 0.000000 780.593994
36695.500000 993.179871 0.000000 780.693970
36695.500000 993.179871 0.000000 780.794006
36695.500000 993.179871 0.000000 780.888977
36695.500000 993.179871 0.000000 780.994019
36695.500000 993.179871 0.000000 781.093994
36695.500000 993.179871 0.000000 781.198975
36695.500000 993.179871 0.000000 781.299011
36695.500000 993.179871 0.000000 781.395996
36695.500000 993.179871 0.000000 781.495972
36695.500000 993.179871 0.000000 781.596008
36695.500000 993.179871 0.000000 781.695984
36695.500000 993.179871 0.000000 781.796021
36695.500000 993.179871 0.000000 781.895996
36695.500000 993.179871 0.000000 782.005005
36695.500000 993.179871 0.000000 782.094971
36695.500000 993.179871 0.000000 782.205017
36695.500000 993.179871 0.000000 782.291992
36695.500000 993.179871 0.000000 782.405029
36695.500000 993.179871 0.000000 782.505005
36695.500000 993.179871 0.000000 782.604980
36695.500000 993.179871 0.000000 782.705017
36695.500000 993.179871 0.000000 782.807007
36695.500000 993.179871 0.000000 782.906982
36695.500000 993.179871 0.000000 782.997009
36695.500000 993.179871 0.000000 783.101013
36695.500000 993.179871 0.000000 783.202026
36695.500000 993.179871 0.000000 783.302002
36695.500000 993.179871 0.000000 783.406982
36695.500000 993.179871 0.000000 783.505005
36696.625000 993.179871 0.000000 783.604980
36696.625000 993.179871 0.000000 783.700012
36696.625000 993.179871 0.000000 783.799988
36696.625000 993.179871 0.000000 783.905029
36696.625000 993.179871 0.000000 783.994019
36696.625000 993.179871 0.000000 784.104004
36696.625000 993.179871 0.000000 784.198975
36696.625000 993.179871 0.000000 784.310974
36696.625000 993.179871 0.000000 784.398987
36696.625000 993.179871 0.000000 784.500000
36696.625000 993.179871 0.000000 784.604980
36696.625000 993.179871 0.000000 784.705017
36696.625000 993.179871 0.000000 784.812988
36696.625000 993.179871 0.000000 784.913025
36696.625000 993.179871 0.000000 785.013000
36696.625000 993.179871 0.000000 785.107971
36696.625000 993.179871 0.000000 785.213013
36696.625000 993.179871 0.000000 785.312988
36696.625000 993.179871 0.000000 785.408020
36696.625000 993.179871 0.000000 785.502991
36696.625000 993.179871 0.000000 785.603027
36696.625000 993.179871 0.000000 785.703003
36696.625000 993.179871 0.000000 785.802979
36696.625000 993.179871 0.000000 785.903015
36696.625000 993.179871 0.000000 786.002991
36696.625000 993.179871 0.000000 786.103027
36696.625000 993.179871 0.000000 786.208008
36696.625000 993.179871 0.000000 786.309021
36696.625000 993.179871 0.000000 786.403015
36696.625000 993.179871 0.000000 786.502991
36696.625000 993.179871 0.000000 786.604004
36696.625000 993.179871 0.000000 786.700989
36696.625000 993.179871 0.000000 786.802979
36696.625000 993.179871 0.000000 786.908997
36696.625000 993.179871 0.000000 787.008972
36696.625000 993.179871 0.000000 787.104980
36696.625000 993.179871 0.000000 787.203979
36696.625000 993.179871 0.000000 787.304016
36696.625000 993.179871 0.000000 787.413025
36696.625000 993.179871 0.000000 787.513000
36696.625000 993.179871 0.000000 787.617981
36696.625000 993.179871 0.000000 787.713013
36696.625000 993.179871 0.000000 787.812988
36696.625000 993.179871 0.000000 787.914001
36696.625000 993.179871 0.000000 788.013977
36696.625000 993.179871 0.000000 788.109985
36696.625000 993.179871 0.000000 788.205017
36696.625000 993.179871 0.000000 788.299988
36696.625000 993.179871 0.000000 788.405029
36696.625000 993.179871 0.000000 788.515015
36696.625000 993.179871 0.000000 788.619995
36696.625000 993.179871 0.000000 788.710022
36696.625000 993.179871 0.000000 788.809998
36696.625000 993.179871 0.000000 788.909973
36696.625000 993.179871 0.000000 789.018005
36696.625000 993.179871 0.000000 789.112976
36696.625000 993.179871 0.000000 789.215027
36696.625000 993.179871 0.000000 789.310974
36696.625000 993.179871 0.000000 789.416992
36696.625000 993.179871 0.000000 789.507019
36696.625000 993.179871 0.000000 789.601990
36696.625000 993.179871 0.000000 789.706970
36696.625000 993.179871 0.000000 789.804993
36696.625000 993.179871 0.000000 789.905029
36696.625000 993.179871 0.000000 790.015991
36696.625000 993.179871 0.000000 790.104980
36696.625000 993.179871 0.000000 790.190002
36696.625000 993.179871 0.000000 790.314026
36696.625000 993.179871 0.000000 790.409973
36696.625000 993.179871 0.000000 790.505005
36696.625000 993.179871 0.000000 790.607971
36696.625000 993.179871 0.000000 790.718018
36696.625000 993.179871 0.000000 790.809998
36696.625000 993.179871 0.000000 790.909973
36696.625000 993.179871 0.000000 791.012024
36696.625000 993.179871 0.000000 791.104980
36696.625000 993.179871 0.000000 791.205017
36696.625000 993.179871 0.000000 791.310974
36696.625000 993.179871 0.000000 791.416992
36696.625000 993.179871 0.000000 791.505005
36696.625000 993.179871 0.000000 791.604980
36696.625000 993.179871 0.000000 791.695007
36696.625000 993.179871 0.000000 791.806030
36696.625000 993.179871 0.000000 791.916016
36696.625000 993.179871 0.000000 792.012024
36696.625000 993.179871 0.000000 792.116028
36696.625000 993.179871 0.000000 792.216003
36696.625000 993.179871 0.000000 792.312012
36696.625000 993.179871 0.000000 792.416016
36696.625000 993.179871 0.000000 792.512024
36696.625000 993.179871 0.000000 792.616028
36696.625000 993.179871 0.000000 792.710999
36696.625000 993.179871 0.000000 792.815979
36696.750000 993.179871 0.000000 792.911987
36696.750000 993.179871 0.000000 793.017029
36696.750000 993.179871 0.000000 793.111023
36696.750000 993.179871 0.000000 793.210999
36696.750000 993.179871 0.000000 793.315979
36696.750000 993.179871 0.000000 793.416016
36696.750000 993.179871 0.000000 793.521973
36696.750000 993.179871 0.000000 793.625977
36696.750000 993.179871 0.000000 793.718994
36696.750000 993.179871 0.000000 793.807007
36696.750000 993.179871 0.000000 793.913025
36696.750000 993.179871 0.000000 794.023987
36696.750000 993.179871 0.000000 794.124023
36696.750000 993.179871 0.000000 794.223999
36696.750000 993.179871 0.000000 794.309998
36696.750000 993.179871 0.000000 794.416992
36696.750000 993.179871 0.000000 794.521973
36696.750000 993.179871 0.000000 794.627014
36696.750000 993.179871 0.000000 794.706970
36696.750000 993.179871 0.000000 794.812988
36696.750000 993.179871 0.000000 794.913025
36714.250000 993.179871 0.000000 795.020996
36714.250000 993.179871 0.000000 795.112976
36714.250000 993.179871 0.000000 795.219971
36714.250000 993.179871 0.000000 795.320007
36714.250000 993.179871 0.000000 795.418030
36714.250000 993.179871 0.000000 795.518005
36714.250000 993.179871 0.000000 795.617981
36714.250000 993.179871 0.000000 795.708008
36714.250000 993.179871 0.000000 795.817993
36714.250000 993.179871 0.000000 795.922974
36714.250000 993.179871 0.000000 796.020020
36714.250000 993.179871 0.000000 796.116028
36714.250000 993.179871 0.000000 796.226013
36714.250000 993.179871 0.000000 796.315979
36714.250000 993.179871 0.000000 796.431030
36714.250000 993.179871 0.000000 796.526001
36714.250000 993.179871 0.000000 796.625977
36714.250000 993.179871 0.000000 796.726013
36714.250000 993.179871 0.000000 796.825989
36714.250000 993.179871 0.000000 796.926025
36714.250000 993.179871 0.000000 797.026001
36714.250000 993.179871 0.000000 797.130981
36714.250000 993.179871 0.000000 797.224976
36714.250000 993.179871 0.000000 797.320984
36714.250000 993.179871 0.000000 797.426025
36714.250000 993.179871 0.000000 797.526001
36714.250000 993.179871 0.000000 797.630981
36714.250000 993.179871 0.000000 797.721008
36714.250000 993.179871 0.000000 797.823975
36714.250000 993.179871 0.000000 797.916992
36714.250000 993.179871 0.000000 798.010986
36723.500000 993.179871 0.000000 798.120972
36723.500000 993.179871 0.000000 798.205994
36723.500000 993.179871 0.000000 798.327026
36723.500000 993.179871 0.000000 798.416016
36723.500000 993.179871 0.000000 798.515991
36723.500000 993.179871 0.000000 798.638977
36723.500000 993.179871 0.000000 798.716980
36723.500000 993.179871 0.000000 798.817017
36723.500000 993.179871 0.000000 798.916992
36723.500000 993.179871 0.000000 799.017029
36723.500000 993.179871 0.000000 799.106018
36723.500000 993.179871 0.000000 799.216980
36723.500000 993.179871 0.000000 799.317017
36723.500000 993.179871 0.000000 799.416992
36723.500000 993.179871 0.000000 799.526978
36723.500000 993.179871 0.000000 799.627014
36723.500000 993.179871 0.000000 799.726990
36723.500000 993.179871 0.000000 799.827026
36723.500000 993.179871 0.000000 799.927002
36723.500000 993.179871 0.000000 800.026978
36723.500000 993.179871 0.000000 800.127014
36723.500000 993.179871 0.000000 800.216980
36723.500000 993.179871 0.000000 800.322998
36723.500000 993.179871 0.000000 800.418030
36723.500000 993.179871 0.000000 800.517029
36723.500000 993.179871 0.000000 800.622009
36723.500000 993.179871 0.000000 800.716980
36723.500000 993.179871 0.000000 800.817017
36723.500000 993.179871 0.000000 800.914978
36723.500000 993.179871 0.000000 801.015015
36723.500000 993.179871 0.000000 801.125977
36723.500000 993.179871 0.000000 801.215027
36723.500000 993.179871 0.000000 801.320984
36723.500000 993.179871 0.000000 801.414978
36723.500000 993.179871 0.000000 801.515015
36723.500000 993.179871 0.000000 801.612000
36723.500000 993.179871 0.000000 801.719971
36723.500000 993.179871 0.000000 801.815002
36723.500000 993.179871 0.000000 801.927002
36723.500000 993.179871 0.000000 802.026978
36723.500000 993.179871 0.000000 802.114990
36723.500000 993.179871 0.000000 802.224976
36723.500000 993.179871 0.000000 802.320007
36723.500000 993.179871 0.000000 802.414978
36723.500000 993.179871 0.000000 802.520996
36723.500000 993.179871 0.000000 802.619995
36723.500000 993.179871 0.000000 802.729980
36723.500000 993.179871 0.000000 802.835022
36723.500000 993.179871 0.000000 802.929993
36723.500000 993.179871 0.000000 803.034973
36723.500000 993.179871 0.000000 803.130005
36723.500000 993.179871 0.000000 803.244995
36723.500000 993.179871 0.000000 803.325012
36723.500000 993.179871 0.000000 803.429993
36723.500000 993.179871 0.000000 803.530029
36723.500000 993.179871 0.000000 803.630005
36723.500000 993.179871 0.000000 803.721008
36723.500000 993.179871 0.000000 803.820984
36723.500000 993.179871 0.000000 803.924011
36723.500000 993.179871 0.000000 804.028015
36723.500000 993.179871 0.000000 804.120972
36723.500000 993.179871 0.000000 804.223999
36723.500000 993.179871 0.000000 804.325012
36723.500000 993.179871 0.000000 804.421997
36723.500000 993.179871 0.000000 804.520020
36723.500000 993.179871 0.000000 804.619995
36723.500000 993.179871 0.000000 804.726013
36723.500000 993.179871 0.000000 804.820007
36723.500000 993.179871 0.000000 804.921997
36723.500000 993.179871 0.000000 805.030029
36723.500000 993.179871 0.000000 805.135010
36723.500000 993.179871 0.000000 805.234985
36723.500000 993.179871 0.000000 805.340027
36723.500000 993.179871 0.000000 805.434998
36723.500000 993.179871 0.000000 805.534973
36723.500000 993.179871 0.000000 805.635010
36723.625000 993.179871 0.000000 805.734985
36723.625000 993.179871 0.000000 805.835022
36723.625000 993.179871 0.000000 805.924988
36723.625000 993.179871 0.000000 806.033020
36723.625000 993.179871 0.000000 806.133972
36723.625000 993.179871 0.000000 806.229004
36723.750000 993.179871 0.000000 806.325989
36723.750000 993.179871 0.000000 806.432983
36723.750000 993.179871 0.000000 806.530029
36723.750000 993.179871 0.000000 806.624023
36723.750000 993.179871 0.000000 806.729980
36723.750000 993.179871 0.000000 806.823975
36723.750000 993.179871 0.000000 806.929993
36723.750000 993.179871 0.000000 807.031006
36723.750000 993.179871 0.000000 807.125000
36723.750000 993.179871 0.000000 807.229004
36723.750000 993.179871 0.000000 807.325012
36723.750000 993.179871 0.000000 807.424988
36723.750000 993.179871 0.000000 807.530029
36723.750000 993.179871 0.000000 807.632996
36723.750000 993.179871 0.000000 807.726013
36723.875000 993.179871 0.000000 807.828979
36723.875000 993.179871 0.000000 807.927002
36723.875000 993.179871 0.000000 808.021973
36723.875000 993.179871 0.000000 808.129028
36723.875000 993.179871 0.000000 808.219971
36723.875000 993.179871 0.000000 808.323975
36723.875000 993.179871 0.000000 808.429016
36723.875000 993.179871 0.000000 808.518005
36723.875000 993.179871 0.000000 808.624023
36723.875000 993.179871 0.000000 808.728027
36723.875000 993.179871 0.000000 808.822998
36723.875000 993.179871 0.000000 808.927979
36723.875000 993.179871 0.000000 809.023010
36723.875000 993.179871 0.000000 809.127991
36723.875000 993.179871 0.000000 809.221985
36723.875000 993.179871 0.000000 809.328003
36723.875000 993.179871 0.000000 809.427002
36723.875000 993.179871 0.000000 809.517029
36723.875000 993.179871 0.000000 809.632019
36723.875000 993.179871 0.000000 809.721985
36723.875000 993.179871 0.000000 809.822021
36724.000000 993.179871 0.000000 809.921997
36724.000000 993.179871 0.000000 810.026978
36724.000000 993.179871 0.000000 810.127014
36724.000000 993.179871 0.000000 810.221985
36724.000000 993.179871 0.000000 810.327026
36724.000000 993.179871 0.000000 810.421997
36724.000000 993.179871 0.000000 810.526978
36724.000000 993.179871 0.000000 810.627014
36724.000000 993.179871 0.000000 810.728027
36724.000000 993.179871 0.000000 810.812012
36724.000000 993.179871 0.000000 810.916992
36724.000000 993.179871 0.000000 811.021973
36724.000000 993.179871 0.000000 811.122009
36724.000000 993.179871 0.000000 811.221985
36724.000000 993.179871 0.000000 811.322021
36724.000000 993.179871 0.000000 811.424988
36724.000000 993.179871 0.000000 811.521973
36724.000000 993.179871 0.000000 811.622009
36724.000000 993.179871 0.000000 811.724976
36724.000000 993.179871 0.000000 811.835022
36724.000000 993.179871 0.000000 811.934998
36724.000000 993.179871 0.000000 812.026978
36724.000000 993.179871 0.000000 812.127991
36724.000000 993.179871 0.000000 812.221985
36724.000000 993.179871 0.000000 812.327026
36724.000000 993.179871 0.000000 812.421997
36724.000000 993.179871 0.000000 812.517029
36724.000000 993.179871 0.000000 812.627014
36724.000000 993.179871 0.000000 812.734009
36724.000000 993.179871 0.000000 812.833984
36724.000000 993.179871 0.000000 812.927002
36724.000000 993.179871 0.000000 813.026978
36724.000000 993.179871 0.000000 813.137024
36724.000000 993.179871 0.000000 813.231018
36724.000000 993.179871 0.000000 813.325989
36724.000000 993.179871 0.000000 813.434021
36724.000000 993.179871 0.000000 813.526001
36724.000000 993.179871 0.000000 813.625977
36724.000000 993.179871 0.000000 813.726013
36724.000000 993.179871 0.000000 813.815979
36724.000000 993.179871 0.000000 813.926025
36724.625000 993.179871 0.000000 814.026001
36724.625000 993.179871 0.000000 814.132996
36724.625000 993.179871 0.000000 814.232971
36724.625000 993.179871 0.000000 814.325989
36724.625000 993.179871 0.000000 814.426025
36724.625000 993.179871 0.000000 814.526001
36724.625000 993.179871 0.000000 814.627014
36724.625000 993.179871 0.000000 814.726990
36724.625000 993.179871 0.000000 814.825989
36724.625000 993.179871 0.000000 814.926025
36724.625000 993.179871 0.000000 815.026001
36724.625000 993.179871 0.000000 815.133972
36724.625000 993.179871 0.000000 815.236023
36724.625000 993.179871 0.000000 815.320984
36724.625000 993.179871 0.000000 815.426025
36724.625000 993.179871 0.000000 815.526001
36724.625000 993.179871 0.000000 815.620972
36724.625000 993.179871 0.000000 815.721985
36724.625000 993.179871 0.000000 815.831970
36724.625000 993.179871 0.000000 815.921021
36724.625000 993.179871 0.000000 816.026001
36724.875000 993.179871 0.000000 816.130981
36724.875000 993.179871 0.000000 816.228027
36724.875000 993.179871 0.000000 816.327026
36724.875000 993.179871 0.000000 816.427002
36724.875000 993.179871 0.000000 816.526978
36724.875000 993.179871 0.000000 816.627014
36724.875000 993.179871 0.000000 816.723999
36724.875000 993.179871 0.000000 816.825012
36724.875000 993.179871 0.000000 816.929016
36724.875000 993.179871 0.000000 817.023987
36724.875000 993.179871 0.000000 817.124023
36724.875000 993.179871 0.000000 817.223999
36724.875000 993.179871 0.000000 817.323975
36724.875000 993.179871 0.000000 817.434021
36724.875000 993.179871 0.000000 817.530029
36724.875000 993.179871 0.000000 817.625000
36724.875000 993.179871 0.000000 817.723999
36724.875000 993.179871 0.000000 817.823975
36724.875000 993.179871 0.000000 817.926025
36724.875000 993.179871 0.000000 818.026978
36724.875000 993.179871 0.000000 818.125977
36724.875000 993.179871 0.000000 818.216003
36724.875000 993.179871 0.000000 818.328003
36724.875000 993.179871 0.000000 818.426025
36724.875000 993.179871 0.000000 818.531982
36724.875000 993.179871 0.000000 818.622009
36724.875000 993.179871 0.000000 818.726013
36724.875000 993.179871 0.000000 818.833008
36724.875000 993.179871 0.000000 818.932983
36724.875000 993.179871 0.000000 819.028015
36724.875000 993.179871 0.000000 819.127014
36725.125000 993.179871 0.000000 819.226013
36725.125000 993.179871 0.000000 819.327026
36725.125000 993.179871 0.000000 819.421997
36725.125000 993.179871 0.000000 819.531006
36725.125000 993.179871 0.000000 819.627014
36725.125000 993.179871 0.000000 819.728027
36725.125000 993.179871 0.000000 819.831970
36725.125000 993.179871 0.000000 819.918030
36725.125000 993.179871 0.000000 820.028015
36725.125000 993.179871 0.000000 820.138000
36725.125000 993.179871 0.000000 820.237976
36725.125000 993.179871 0.000000 820.338013
36725.125000 993.179871 0.000000 820.437988
36725.125000 993.179871 0.000000 820.533020
36725.125000 993.179871 0.000000 820.630005
36725.125000 993.179871 0.000000 820.723999
36725.125000 993.179871 0.000000 820.828003
36725.125000 993.179871 0.000000 820.934998
36725.125000 993.179871 0.000000 821.028992
36725.125000 993.179871 0.000000 821.127991
36725.125000 993.179871 0.000000 821.229980
36725.125000 993.179871 0.000000 821.318970
36725.125000 993.179871 0.000000 821.435974
36725.125000 993.179871 0.000000 821.531006
36725.125000 993.179871 0.000000 821.630005
36725.125000 993.179871 0.000000 821.718994
36725.125000 993.179871 0.000000 821.828979
36725.125000 993.179871 0.000000 821.929016
36725.125000 993.179871 0.000000 822.028992
36725.125000 993.179871 0.000000 822.129028
36725.125000 993.179871 0.000000 822.234009
36725.125000 993.179871 0.000000 822.328979
36725.125000 993.179871 0.000000 822.442017
36725.125000 993.179871 0.000000 822.523987
36725.125000 993.179871 0.000000 822.625977
36725.125000 993.179871 0.000000 822.731995
36725.125000 993.179871 0.000000 822.833008
36725.125000 993.179871 0.000000 822.929016
36725.125000 993.179871 0.000000 823.028992
36725.125000 993.179871 0.000000 823.130005
36725.125000 993.179871 0.000000 823.229004
36725.125000 993.179871 0.000000 823.328979
36725.125000 993.179871 0.000000 823.435974
36725.125000 993.179871 0.000000 823.528992
36725.125000 993.179871 0.000000 823.624023
36725.125000 993.179871 0.000000 823.734985
36725.125000 993.179871 0.000000 823.830994
36725.125000 993.179871 0.000000 823.929016
36725.125000 993.179871 0.000000 824.028992
36725.125000 993.179871 0.000000 824.130005
36725.125000 993.179871 0.000000 824.229004
36725.125000 993.179871 0.000000 824.318970
36725.125000 993.179871 0.000000 824.424011
36725.125000 993.179871 0.000000 824.520020
36725.125000 993.179871 0.000000 824.633972
36725.125000 993.179871 0.000000 824.731018
36725.125000 993.179871 0.000000 824.830017
36725.125000 993.179871 0.000000 824.929016
36725.125000 993.179871 0.000000 825.025024
36725.125000 993.179871 0.000000 825.129028
36725.125000 993.179871 0.000000 825.231018
36725.125000 993.179871 0.000000 825.330994
36725.125000 993.179871 0.000000 825.419983
36725.125000 993.179871 0.000000 825.520020
36725.125000 993.179871 0.000000 825.629028
36725.125000 993.179871 0.000000 825.728027
36725.125000 993.179871 0.000000 825.828003
36725.125000 993.179871 0.000000 825.932983
36725.125000 993.179871 0.000000 826.028015
36725.125000 993.179871 0.000000 826.127991
36725.125000 993.179871 0.000000 826.228027
36725.125000 993.179871 0.000000 826.328003
36725.125000 993.179871 0.000000 826.424011
36725.125000 993.179871 0.000000 826.528015
36725.125000 993.179871 0.000000 826.622009
36725.125000 993.179871 0.000000 826.732971
36725.125000 993.179871 0.000000 826.828979
36725.125000 993.179871 0.000000 826.939026
36725.125000 993.179871 0.000000 827.015991
36725.125000 993.179871 0.000000 827.135986
36725.125000 993.179871 0.000000 827.231018
36725.125000 993.179871 0.000000 827.330994
36725.125000 993.179871 0.000000 827.435974
36725.125000 993.179871 0.000000 827.539978
36725.125000 993.179871 0.000000 827.625977
36725.125000 993.179871 0.000000 827.731018
36725.125000 993.179871 0.000000 827.827026
36725.125000 993.179871 0.000000 827.940979
36725.125000 993.179871 0.000000 828.036011
36725.125000 993.179871 0.000000 828.135986
36725.125000 993.179871 0.000000 828.231995
36725.125000 993.179871 0.000000 828.327026
36725.125000 993.179871 0.000000 828.427002
36725.125000 993.179871 0.000000 828.526001
36725.125000 993.179871 0.000000 828.616028
36725.125000 993.179871 0.000000 828.726013
36725.125000 993.179871 0.000000 828.827026
36725.125000 993.179871 0.000000 828.926025
36725.125000 993.179871 0.000000 829.026001
36725.125000 993.179871 0.000000 829.125977
36725.125000 993.179871 0.000000 829.226990
36725.125000 993.179871 0.000000 829.327026
36725.125000 993.179871 0.000000 829.426025
36725.125000 993.179871 0.000000 829.520996
36725.125000 993.179871 0.000000 829.632996
36725.125000 993.179871 0.000000 829.731018
36725.125000 993.179871 0.000000 829.825989
36725.125000 993.179871 0.000000 829.927002
36725.125000 993.179871 0.000000 830.020996
36725.125000 993.179871 0.000000 830.125977
36725.125000 993.179871 0.000000 830.231018
36725.125000 993.179871 0.000000 830.325989
36725.125000 993.179871 0.000000 830.427979
36725.125000 993.179871 0.000000 830.526001
36725.125000 993.179871 0.000000 830.632996
36725.125000 993.179871 0.000000 830.732971
36725.125000 993.179871 0.000000 830.825989
36725.125000 993.179871 0.000000 830.927979
36725.125000 993.179871 0.000000 831.026978
36725.125000 993.179871 0.000000 831.130981
36725.125000 993.179871 0.000000 831.231018
36725.125000 993.179871 0.000000 831.330994
36725.125000 993.179871 0.000000 831.429993
36725.125000 993.179871 0.000000 831.530029
36725.125000 993.179871 0.000000 831.624023
36725.125000 993.179871 0.000000 831.737976
36725.125000 993.179871 0.000000 831.831970
36725.125000 993.179871 0.000000 831.929016
36725.125000 993.179871 0.000000 832.033997
36725.125000 993.179871 0.000000 832.129028
36725.125000 993.179871 0.000000 832.260010
36725.125000 993.179871 0.000000 832.335022
36725.125000 993.179871 0.000000 832.421997
36725.125000 993.179871 0.000000 832.534973
36725.375000 993.179871 0.000000 832.632996
36725.375000 993.179871 0.000000 832.721008
36725.375000 993.179871 0.000000 832.835022
36725.375000 993.179871 0.000000 832.929993
36725.375000 993.179871 0.000000 833.033020
36725.375000 993.179871 0.000000 833.142029
36725.375000 993.179871 0.000000 833.234985
36725.375000 993.179871 0.000000 833.330017
36725.375000 993.179871 0.000000 833.429993
36725.375000 993.179871 0.000000 833.533997
36725.375000 993.179871 0.000000 833.643982
36725.375000 993.179871 0.000000 833.731995
36725.375000 993.179871 0.000000 833.833984
36725.375000 993.179871 0.000000 833.939026
36725.375000 993.179871 0.000000 834.044006
36725.375000 993.179871 0.000000 834.138977
36725.375000 993.179871 0.000000 834.228027
36725.375000 993.179871 0.000000 834.333008
36725.375000 993.179871 0.000000 834.442993
36725.375000 993.179871 0.000000 834.547974
36725.375000 993.179871 0.000000 834.643005
36725.750000 993.179871 0.000000 834.742981
36725.750000 993.179871 0.000000 834.830017
36725.750000 993.179871 0.000000 834.937012
36725.750000 993.179871 0.000000 835.041992
36725.750000 993.179871 0.000000 835.125000
36725.750000 993.179871 0.000000 835.242004
36725.750000 993.179871 0.000000 835.341980
36725.750000 993.179871 0.000000 835.442017
36725.750000 993.179871 0.000000 835.531982
36725.750000 993.179871 0.000000 835.643982
36725.750000 993.179871 0.000000 835.744019
36725.750000 993.179871 0.000000 835.843994
36725.750000 993.179871 0.000000 835.943970
36725.750000 993.179871 0.000000 836.039001
36725.750000 993.179871 0.000000 836.143982
36725.750000 993.179871 0.000000 836.239990
36725.750000 993.179871 0.000000 836.335999
36725.750000 993.179871 0.000000 836.442017
36725.750000 993.179871 0.000000 836.541992
36725.750000 993.179871 0.000000 836.635010
36725.750000 993.179871 0.000000 836.734985
36725.750000 993.179871 0.000000 836.835022
36725.750000 993.179871 0.000000 836.932007
36725.750000 993.179871 0.000000 837.033020
36725.750000 993.179871 0.000000 837.135010
36725.750000 993.179871 0.000000 837.229004
36725.750000 993.179871 0.000000 837.335022
36725.750000 993.179871 0.000000 837.440979
36725.750000 993.179871 0.000000 837.536011
36725.750000 993.179871 0.000000 837.632019
36725.750000 993.179871 0.000000 837.731018
36725.750000 993.179871 0.000000 837.841003
36725.750000 993.179871 0.000000 837.940979
36725.750000 993.179871 0.000000 838.033020
36725.750000 993.179871 0.000000 838.135986
36725.750000 993.179871 0.000000 838.226013
36725.750000 993.179871 0.000000 838.325989
36725.750000 993.179871 0.000000 838.437012
36725.750000 993.179871 0.000000 838.533020
36725.750000 993.179871 0.000000 838.630981
36725.750000 993.179871 0.000000 838.731018
36725.750000 993.179871 0.000000 838.833008
36730.500000 993.179871 0.000000 838.942993
36730.500000 993.179871 0.000000 839.039978
36730.500000 993.179871 0.000000 839.138977
36730.500000 993.179871 0.000000 839.232971
36730.500000 993.179871 0.000000 839.333008
36730.500000 993.179871 0.000000 839.427979
36730.500000 993.179871 0.000000 839.528015
36730.500000 993.179871 0.000000 839.633972
36730.500000 993.179871 0.000000 839.737976
36730.500000 993.179871 0.000000 839.818970
36730.500000 993.179871 0.000000 839.934021
36730.500000 993.179871 0.000000 840.033020
36730.500000 993.179871 0.000000 840.138000
36730.500000 993.179871 0.000000 840.241028
36730.500000 993.179871 0.000000 840.338013
36730.500000 993.179871 0.000000 840.443970
36730.500000 993.179871 0.000000 840.538025
36730.500000 993.179871 0.000000 840.638000
36730.500000 993.179871 0.000000 840.737976
36730.500000 993.179871 0.000000 840.838989
36730.500000 993.179871 0.000000 840.937988
36730.500000 993.179871 0.000000 841.033997
36730.500000 993.179871 0.000000 841.140015
36730.500000 993.179871 0.000000 841.239990
36730.500000 993.179871 0.000000 841.338013
36730.500000 993.179871 0.000000 841.437988
36730.500000 993.179871 0.000000 841.539978
36730.500000 993.179871 0.000000 841.645020
36730.500000 993.179871 0.000000 841.734985
36730.500000 993.179871 0.000000 841.840027
36730.500000 993.179871 0.000000 841.940002
36730.625000 993.179871 0.000000 842.039978
36730.625000 993.179871 0.000000 842.143982
36730.625000 993.179871 0.000000 842.241028
36730.625000 993.179871 0.000000 842.343018
36730.625000 993.179871 0.000000 842.440979
36730.625000 993.179871 0.000000 842.534973
36730.625000 993.179871 0.000000 842.635010
36730.625000 993.179871 0.000000 842.744995
36730.625000 993.179871 0.000000 842.836975
36730.625000 993.179871 0.000000 842.934998
36730.625000 993.179871 0.000000 843.039978
36730.625000 993.179871 0.000000 843.138000
36730.625000 993.179871 0.000000 843.237000
36730.625000 993.179871 0.000000 843.341003
36730.625000 993.179871 0.000000 843.435974
36730.625000 993.179871 0.000000 843.541016
36730.625000 993.179871 0.000000 843.627014
36730.625000 993.179871 0.000000 843.737000
36730.625000 993.179871 0.000000 843.836975
36730.625000 993.179871 0.000000 843.937012
36730.625000 993.179871 0.000000 844.041992
36730.625000 993.179871 0.000000 844.137024
36730.625000 993.179871 0.000000 844.237976
36730.625000 993.179871 0.000000 844.344971
36730.625000 993.179871 0.000000 844.432007
36730.625000 993.179871 0.000000 844.546997
36730.625000 993.179871 0.000000 844.637024
36730.625000 993.179871 0.000000 844.737000
36730.625000 993.179871 0.000000 844.831970
36730.625000 993.179871 0.000000 844.934021
36730.625000 993.179871 0.000000 845.036987
36730.625000 993.179871 0.000000 845.137024
36730.625000 993.179871 0.000000 845.244995
36730.625000 993.179871 0.000000 845.336975
36730.625000 993.179871 0.000000 845.437012
36730.625000 993.179871 0.000000 845.536987
36730.625000 993.179871 0.000000 845.637024
36730.625000 993.179871 0.000000 845.742981
36730.625000 993.179871 0.000000 845.840027
36730.625000 993.179871 0.000000 845.942017
36730.625000 993.179871 0.000000 846.046021
36730.625000 993.179871 0.000000 846.138977
36730.625000 993.179871 0.000000 846.234009
36730.625000 993.179871 0.000000 846.338989
36730.625000 993.179871 0.000000 846.439026
36730.625000 993.179871 0.000000 846.541016
36730.625000 993.179871 0.000000 846.645996
36730.625000 993.179871 0.000000 846.737000
36730.625000 993.179871 0.000000 846.838989
36730.625000 993.179871 0.000000 846.943970
36730.625000 993.179871 0.000000 847.044983
36730.625000 993.179871 0.000000 847.138977
36730.625000 993.179871 0.000000 847.239990
36730.625000 993.179871 0.000000 847.338989
36730.625000 993.179871 0.000000 847.439026
36730.625000 993.179871 0.000000 847.539001
36730.625000 993.179871 0.000000 847.658997
36730.625000 993.179871 0.000000 847.749023
36730.625000 993.179871 0.000000 847.841003
36730.625000 993.179871 0.000000 847.935974
36730.625000 993.179871 0.000000 848.043030
36730.625000 993.179871 0.000000 848.132996
36730.625000 993.179871 0.000000 848.231995
36730.625000 993.179871 0.000000 848.327026
36730.625000 993.179871 0.000000 848.437012
36730.625000 993.179871 0.000000 848.536987
36730.625000 993.179871 0.000000 848.638000
36730.625000 993.179871 0.000000 848.737000
36730.625000 993.179871 0.000000 848.836975
36730.625000 993.179871 0.000000 848.945007
36730.625000 993.179871 0.000000 849.049011
36730.625000 993.179871 0.000000 849.142029
36732.000000 993.179871 0.000000 849.244019
36732.000000 993.179871 0.000000 849.351013
36732.000000 993.179871 0.000000 849.442017
36732.000000 993.179871 0.000000 849.541992
36732.000000 993.179871 0.000000 849.642029
36732.000000 993.179871 0.000000 849.750000
36732.000000 993.179871 0.000000 849.848022
36732.000000 993.179871 0.000000 849.942017
36732.000000 993.179871 0.000000 850.046997
36732.000000 993.179871 0.000000 850.142029
36737.875000 993.179871 0.000000 850.247009
36737.875000 993.179871 0.000000 850.331970
36737.875000 993.179871 0.000000 850.437012
36737.875000 993.179871 0.000000 850.541992
36737.875000 993.179871 0.000000 850.653992
36737.875000 993.179871 0.000000 850.747009
36737.875000 993.179871 0.000000 850.841003
36737.875000 993.179871 0.000000 850.947998
36737.875000 993.179871 0.000000 851.041016
36737.875000 993.179871 0.000000 851.140991
36737.875000 993.179871 0.000000 851.245972
36737.875000 993.179871 0.000000 851.359009
36737.875000 993.179871 0.000000 851.445984
36737.875000 993.179871 0.000000 851.551025
36737.875000 993.179871 0.000000 851.645996
36737.875000 993.179871 0.000000 851.750977
36737.875000 993.179871 0.000000 851.846985
36737.875000 993.179871 0.000000 851.947021
36737.875000 993.179871 0.000000 852.046997
36737.875000 993.179871 0.000000 852.151978
36737.875000 993.179871 0.000000 852.247009
36737.875000 993.179871 0.000000 852.359009
36737.875000 993.179871 0.000000 852.447021
36737.875000 993.179871 0.000000 852.546997
36737.875000 993.179871 0.000000 852.646973
36737.875000 993.179871 0.000000 852.750977
36737.875000 993.179871 0.000000 852.846985
36737.875000 993.179871 0.000000 852.942993
36737.875000 993.179871 0.000000 853.043030
36737.875000 993.179871 0.000000 853.158020
36737.875000 993.179871 0.000000 853.252014
36737.875000 993.179871 0.000000 853.346985
36737.875000 993.179871 0.000000 853.448975
36737.875000 993.179871 0.000000 853.552979
36737.875000 993.179871 0.000000 853.646973
36737.875000 993.179871 0.000000 853.755981
36737.875000 993.179871 0.000000 853.861023
36737.875000 993.179871 0.000000 853.955994
36737.875000 993.179871 0.000000 854.046997
36737.875000 993.179871 0.000000 854.146973
36737.875000 993.179871 0.000000 854.247009
36737.875000 993.179871 0.000000 854.346985
36737.875000 993.179871 0.000000 854.447021
36737.875000 993.179871 0.000000 854.546997
36737.875000 993.179871 0.000000 854.651978
36737.875000 993.179871 0.000000 854.752014
36737.875000 993.179871 0.000000 854.862000
36737.875000 993.179871 0.000000 854.963013
36737.875000 993.179871 0.000000 855.052979
36737.875000 993.179871 0.000000 855.161987
36737.875000 993.179871 0.000000 855.257019
36737.875000 993.179871 0.000000 855.362000
36737.875000 993.179871 0.000000 855.461975
36737.875000 993.179871 0.000000 855.562012
36737.875000 993.179871 0.000000 855.659973
36737.875000 993.179871 0.000000 855.752014
36737.875000 993.179871 0.000000 855.851013
36737.875000 993.179871 0.000000 855.950989
36737.875000 993.179871 0.000000 856.057983
36737.875000 993.179871 0.000000 856.153015
36737.875000 993.179871 0.000000 856.254028
36737.875000 993.179871 0.000000 856.362976
36737.875000 993.179871 0.000000 856.463013
36737.875000 993.179871 0.000000 856.562988
36737.875000 993.179871 0.000000 856.663025
36737.875000 993.179871 0.000000 856.763000
36737.875000 993.179871 0.000000 856.862976
36737.875000 993.179871 0.000000 856.963013
36737.875000 993.179871 0.000000 857.062012
36737.875000 993.179871 0.000000 857.161987
36737.875000 993.179871 0.000000 857.262024
36737.875000 993.179871 0.000000 857.351990
36737.875000 993.179871 0.000000 857.448975
36737.875000 993.179871 0.000000 857.549011
36737.875000 993.179871 0.000000 857.653992
36737.875000 993.179871 0.000000 857.755005
36737.875000 993.179871 0.000000 857.849976
36737.875000 993.179871 0.000000 857.950012
36737.875000 993.179871 0.000000 858.051025
36737.875000 993.179871 0.000000 858.156006
36737.875000 993.179871 0.000000 858.247009
36737.875000 993.179871 0.000000 858.348022
36737.875000 993.179871 0.000000 858.452026
36737.875000 993.179871 0.000000 858.552002
36737.875000 993.179871 0.000000 858.653015
36737.875000 993.179871 0.000000 858.752014
36737.875000 993.179871 0.000000 858.856995
36737.875000 993.179871 0.000000 858.947021
36737.875000 993.179871 0.000000 859.046997
36737.875000 993.179871 0.000000 859.151978
36737.875000 993.179871 0.000000 859.252991
36737.875000 993.179871 0.000000 859.351990
36737.875000 993.179871 0.000000 859.455994
36737.875000 993.179871 0.000000 859.552002
36737.875000 993.179871 0.000000 859.663025
36737.875000 993.179871 0.000000 859.752991
36737.875000 993.179871 0.000000 859.856018
36737.875000 993.179871 0.000000 859.960022
36737.875000 993.179871 0.000000 860.052002
36737.875000 993.179871 0.000000 860.158020
36737.875000 993.179871 0.000000 860.257019
36737.875000 993.179871 0.000000 860.346985
36737.875000 993.179871 0.000000 860.452026
36737.875000 993.179871 0.000000 860.552002
36737.875000 993.179871 0.000000 860.656982
36737.875000 993.179871 0.000000 860.752014
36737.875000 993.179871 0.000000 860.836975
36737.875000 993.179871 0.000000 860.947021
36737.875000 993.179871 0.000000 861.052002
36737.875000 993.179871 0.000000 861.151978
36737.875000 993.179871 0.000000 861.258972
36737.875000 993.179871 0.000000 861.364014
36737.875000 993.179871 0.000000 861.458984
36737.875000 993.179871 0.000000 861.564026
36737.875000 993.179871 0.000000 861.653015
36737.875000 993.179871 0.000000 861.752991
36737.875000 993.179871 0.000000 861.862000
36737.875000 993.179871 0.000000 861.961975
36737.875000 993.179871 0.000000 862.062012
36737.875000 993.179871 0.000000 862.161987
36737.875000 993.179871 0.000000 862.262024
36737.875000 993.179871 0.000000 862.362000
36737.875000 993.179871 0.000000 862.461975
36737.875000 993.179871 0.000000 862.554993
36737.875000 993.179871 0.000000 862.663025
36737.875000 993.179871 0.000000 862.763000
36737.875000 993.179871 0.000000 862.862976
36737.875000 993.179871 0.000000 862.958008
36737.875000 993.179871 0.000000 863.062988
36737.875000 993.179871 0.000000 863.155029
36737.875000 993.179871 0.000000 863.255005
36737.875000 993.179871 0.000000 863.357971
36737.875000 993.179871 0.000000 863.455994
36737.875000 993.179871 0.000000 863.551025
36737.875000 993.179871 0.000000 863.661987
36737.875000 993.179871 0.000000 863.757019
36737.875000 993.179871 0.000000 863.856018
36737.875000 993.179871 0.000000 863.945984
36737.875000 993.179871 0.000000 864.051025
36737.875000 993.179871 0.000000 864.156982
36737.875000 993.179871 0.000000 864.260986
36737.875000 993.179871 0.000000 864.357971
36737.875000 993.179871 0.000000 864.455994
36737.875000 993.179871 0.000000 864.551025
36737.875000 993.179871 0.000000 864.645996
36737.875000 993.179871 0.000000 864.755981
36737.875000 993.179871 0.000000 864.856995
36737.875000 993.179871 0.000000 864.950989
36737.875000 993.179871 0.000000 865.056030
36737.875000 993.179871 0.000000 865.156006
36737.875000 993.179871 0.000000 865.252014
36737.875000 993.179871 0.000000 865.356995
36737.875000 993.179871 0.000000 865.452026
36737.875000 993.179871 0.000000 865.552002
36737.875000 993.179871 0.000000 865.658020
36737.875000 993.179871 0.000000 865.757996
36737.875000 993.179871 0.000000 865.857971
36737.875000 993.179871 0.000000 865.952026
36737.875000 993.179871 0.000000 866.059998
36737.875000 993.179871 0.000000 866.151978
36737.875000 993.179871 0.000000 866.250977
36737.875000 993.179871 0.000000 866.356995
36737.875000 993.179871 0.000000 866.456970
36737.875000 993.179871 0.000000 866.551025
36737.875000 993.179871 0.000000 866.651001
36737.875000 993.179871 0.000000 866.755981
36737.875000 993.179871 0.000000 866.851013
36737.875000 993.179871 0.000000 866.953979
36737.875000 993.179871 0.000000 867.051025
36737.875000 993.179871 0.000000 867.161987
36737.875000 993.179871 0.000000 867.255981
36737.875000 993.179871 0.000000 867.351990
36737.875000 993.179871 0.000000 867.461975
36737.875000 993.179871 0.000000 867.559021
36737.875000 993.179871 0.000000 867.651001
36737.875000 993.179871 0.000000 867.757996
36737.875000 993.179871 0.000000 867.866028
36737.875000 993.179871 0.000000 867.966003
36737.875000 993.179871 0.000000 868.065979
36737.875000 993.179871 0.000000 868.161011
36737.875000 993.179871 0.000000 868.260986
36737.875000 993.179871 0.000000 868.366028
36737.875000 993.179871 0.000000 868.466003
36737.875000 993.179871 0.000000 868.565979
36737.875000 993.179871 0.000000 868.666016
36737.875000 993.179871 0.000000 868.760986
36737.875000 993.179871 0.000000 868.861023
36737.875000 993.179871 0.000000 868.966003
36737.875000 993.179871 0.000000 869.065979
36737.875000 993.179871 0.000000 869.161011
36737.875000 993.179871 0.000000 869.265991
36737.875000 993.179871 0.000000 869.366028
36737.875000 993.179871 0.000000 869.460999
36737.875000 993.179871 0.000000 869.556030
36737.875000 993.179871 0.000000 869.661011
36737.875000 993.179871 0.000000 869.755981
36737.875000 993.179871 0.000000 869.846008
36737.875000 993.179871 0.000000 869.955994
36737.875000 993.179871 0.000000 870.056030
36737.875000 993.179871 0.000000 870.153015
36737.875000 993.179871 0.000000 870.255005
36737.875000 993.179871 0.000000 870.364014
36737.875000 993.179871 0.000000 870.453003
36737.875000 993.179871 0.000000 870.562988
36737.875000 993.179871 0.000000 870.663025
36737.875000 993.179871 0.000000 870.763000
36737.875000 993.179871 0.000000 870.862976
36737.875000 993.179871 0.000000 870.963013
36737.875000 993.179871 0.000000 871.062988
36737.875000 993.179871 0.000000 871.153015
36737.875000 993.179871 0.000000 871.263000
36737.875000 993.179871 0.000000 871.362976
36737.875000 993.179871 0.000000 871.463013
36737.875000 993.179871 0.000000 871.552979
36737.875000 993.179871 0.000000 871.663025
36737.875000 993.179871 0.000000 871.763000
36737.875000 993.179871 0.000000 871.862976
36737.875000 993.179871 0.000000 871.978027
36737.875000 993.179871 0.000000 872.062988
36737.875000 993.179871 0.000000 872.151978
36738.125000 993.179871 0.000000 872.255981
36738.125000 993.179871 0.000000 872.346008
36738.125000 993.179871 0.000000 872.456970
36738.125000 993.179871 0.000000 872.556030
36738.125000 993.179871 0.000000 872.656006
36738.125000 993.179871 0.000000 872.755981
36738.125000 993.179871 0.000000 872.856995
36738.125000 993.179871 0.000000 872.955994
36738.125000 993.179871 0.000000 873.054016
36738.125000 993.179871 0.000000 873.155029
36738.125000 993.179871 0.000000 873.254028
36738.125000 993.179871 0.000000 873.364990
36738.125000 993.179871 0.000000 873.455994
36738.125000 993.179871 0.000000 873.554016
36738.125000 993.179871 0.000000 873.653992
36738.125000 993.179871 0.000000 873.754028
36738.125000 993.179871 0.000000 873.854004
36738.125000 993.179871 0.000000 873.953979
36738.125000 993.179871 0.000000 874.059021
36738.125000 993.179871 0.000000 874.161987
36738.125000 993.179871 0.000000 874.254028
36738.125000 993.179871 0.000000 874.354004
36738.125000 993.179871 0.000000 874.455017
36738.125000 993.179871 0.000000 874.554016
36738.125000 993.179871 0.000000 874.653992
36738.125000 993.179871 0.000000 874.760986
36738.125000 993.179871 0.000000 874.857971
36738.125000 993.179871 0.000000 874.963013
36738.125000 993.179871 0.000000 875.057007
36738.125000 993.179871 0.000000 875.166992
36738.125000 993.179871 0.000000 875.262024
36738.125000 993.179871 0.000000 875.351990
36738.125000 993.179871 0.000000 875.452026
36738.125000 993.179871 0.000000 875.557007
36738.125000 993.179871 0.000000 875.656982
36738.125000 993.179871 0.000000 875.757019
36738.125000 993.179871 0.000000 875.856995
36738.125000 993.179871 0.000000 875.956970
36738.125000 993.179871 0.000000 876.062988
36738.125000 993.179871 0.000000 876.156982
36738.125000 993.179871 0.000000 876.257019
36738.125000 993.179871 0.000000 876.362000
36738.125000 993.179871 0.000000 876.465027
36738.125000 993.179871 0.000000 876.565002
36738.125000 993.179871 0.000000 876.664978
36738.125000 993.179871 0.000000 876.765015
36738.125000 993.179871 0.000000 876.857971
36738.125000 993.179871 0.000000 876.963013
36738.125000 993.179871 0.000000 877.057983
36738.125000 993.179871 0.000000 877.168030
36738.125000 993.179871 0.000000 877.257019
36738.125000 993.179871 0.000000 877.359985
36738.125000 993.179871 0.000000 877.458008
36738.125000 993.179871 0.000000 877.557983
36738.125000 993.179871 0.000000 877.664001
36738.125000 993.179871 0.000000 877.768005
36738.125000 993.179871 0.000000 877.857971
36738.125000 993.179871 0.000000 877.960999
36738.125000 993.179871 0.000000 878.060974
36738.125000 993.179871 0.000000 878.166016
36738.125000 993.179871 0.000000 878.265991
36738.125000 993.179871 0.000000 878.357971
36738.125000 993.179871 0.000000 878.458008
36738.125000 993.179871 0.000000 878.552979
36738.125000 993.179871 0.000000 878.658020
36738.125000 993.179871 0.000000 878.758972
36738.125000 993.179871 0.000000 878.857971
36738.125000 993.179871 0.000000 878.963989
36738.125000 993.179871 0.000000 879.064026
36738.125000 993.179871 0.000000 879.158020
36738.125000 993.179871 0.000000 879.260986
36738.125000 993.179871 0.000000 879.353027
36738.125000 993.179871 0.000000 879.466003
36738.125000 993.179871 0.000000 879.565979
36738.125000 993.179871 0.000000 879.655029
36738.125000 993.179871 0.000000 879.760986
36738.625000 993.179871 0.000000 879.859985
36738.625000 993.179871 0.000000 879.960022
36738.625000 993.179871 0.000000 880.059998
36738.625000 993.179871 0.000000 880.159973
36738.625000 993.179871 0.000000 880.260010
36738.625000 993.179871 0.000000 880.349976
36738.625000 993.179871 0.000000 880.455017
36738.625000 993.179871 0.000000 880.560974
36738.625000 993.179871 0.000000 880.655029
36738.625000 993.179871 0.000000 880.760010
36738.625000 993.179871 0.000000 880.859985
36738.625000 993.179871 0.000000 880.960999
36738.625000 993.179871 0.000000 881.057983
36738.625000 993.179871 0.000000 881.161987
36738.625000 993.179871 0.000000 881.260986
36738.625000 993.179871 0.000000 881.362000
36738.625000 993.179871 0.000000 881.458984
36738.625000 993.179871 0.000000 881.557007
36738.625000 993.179871 0.000000 881.669983
36738.625000 993.179871 0.000000 881.762024
36738.625000 993.179871 0.000000 881.857971
36738.625000 993.179871 0.000000 881.966980
36738.625000 993.179871 0.000000 882.059998
36738.625000 993.179871 0.000000 882.159973
36738.625000 993.179871 0.000000 882.263000
36738.625000 993.179871 0.000000 882.362976
36738.625000 993.179871 0.000000 882.458984
36738.625000 993.179871 0.000000 882.557983
36738.625000 993.179871 0.000000 882.664001
36738.625000 993.179871 0.000000 882.757996
36738.625000 993.179871 0.000000 882.857971
36738.750000 993.179871 0.000000 882.953003
36738.750000 993.179871 0.000000 883.059021
36738.750000 993.179871 0.000000 883.159973
36738.750000 993.179871 0.000000 883.258972
36738.750000 993.179871 0.000000 883.359009
36738.750000 993.179871 0.000000 883.458984
36738.750000 993.179871 0.000000 883.559998
36738.750000 993.179871 0.000000 883.655029
36738.750000 993.179871 0.000000 883.754028
36738.750000 993.179871 0.000000 883.869019
36738.750000 993.179871 0.000000 883.953979
36738.750000 993.179871 0.000000 884.067993
36738.750000 993.179871 0.000000 884.168030
36738.750000 993.179871 0.000000 884.268005
36738.750000 993.179871 0.000000 884.367981
36738.750000 993.179871 0.000000 884.466980
36738.750000 993.179871 0.000000 884.562012
36738.750000 993.179871 0.000000 884.666992
36738.750000 993.179871 0.000000 884.762024
36738.750000 993.179871 0.000000 884.851990
36738.750000 993.179871 0.000000 884.961975
36738.750000 993.179871 0.000000 885.062988
36738.750000 993.179871 0.000000 885.142029
36738.750000 993.179871 0.000000 885.263000
36738.750000 993.179871 0.000000 885.348022
36738.750000 993.179871 0.000000 885.463013
36738.750000 993.179871 0.000000 885.557983
36738.750000 993.179871 0.000000 885.658020
36738.750000 993.179871 0.000000 885.763977
36738.750000 993.179871 0.000000 885.843018
36738.750000 993.179871 0.000000 885.963013
36738.750000 993.179871 0.000000 886.057983
36738.750000 993.179871 0.000000 886.159973
36738.750000 993.179871 0.000000 886.258972
36738.750000 993.179871 0.000000 886.357971
36738.750000 993.179871 0.000000 886.468994
36738.750000 993.179871 0.000000 886.559998
36738.750000 993.179871 0.000000 886.668030
36738.750000 993.179871 0.000000 886.763000
36738.750000 993.179871 0.000000 886.859009
36738.750000 993.179871 0.000000 886.953003
36738.750000 993.179871 0.000000 887.057983
36738.750000 993.179871 0.000000 887.164001
36738.750000 993.179871 0.000000 887.263000
36738.750000 993.179871 0.000000 887.359009
36738.750000 993.179871 0.000000 887.463013
36738.750000 993.179871 0.000000 887.562988
36738.750000 993.179871 0.000000 887.658997
36738.750000 993.179871 0.000000 887.758972
36738.750000 993.179871 0.000000 887.859985
36738.750000 993.179871 0.000000 887.965027
36738.750000 993.179871 0.000000 888.059021
36738.750000 993.179871 0.000000 888.164001
36738.750000 993.179871 0.000000 888.258972
36738.750000 993.179871 0.000000 888.359009
36738.750000 993.179871 0.000000 888.458984
36738.750000 993.179871 0.000000 888.559021
36738.750000 993.179871 0.000000 888.653992
36738.750000 993.179871 0.000000 888.758972
36738.750000 993.179871 0.000000 888.862000
36738.750000 993.179871 0.000000 888.958008
36738.750000 993.179871 0.000000 889.062988
36738.750000 993.179871 0.000000 889.166016
36738.750000 993.179871 0.000000 889.258972
36738.750000 993.179871 0.000000 889.364990
36738.750000 993.179871 0.000000 889.463989
36738.750000 993.179871 0.000000 889.557983
36738.750000 993.179871 0.000000 889.666992
36738.750000 993.179871 0.000000 889.760010
36738.750000 993.179871 0.000000 889.862976
36738.750000 993.179871 0.000000 889.961975
36738.750000 993.179871 0.000000 890.062012
36738.750000 993.179871 0.000000 890.161987
36738.750000 993.179871 0.000000 890.257996
36738.750000 993.179871 0.000000 890.356995
36738.750000 993.179871 0.000000 890.461975
36738.750000 993.179871 0.000000 890.565002
36738.750000 993.179871 0.000000 890.656982
36738.750000 993.179871 0.000000 890.768982
36738.750000 993.179871 0.000000 890.867981
36738.750000 993.179871 0.000000 890.963013
36738.750000 993.179871 0.000000 891.070007
36738.750000 993.179871 0.000000 891.146973
36738.750000 993.179871 0.000000 891.262024
36738.750000 993.179871 0.000000 891.362000
36738.750000 993.179871 0.000000 891.463013
36738.750000 993.179871 0.000000 891.562012
36738.750000 993.179871 0.000000 891.661987
36738.750000 993.179871 0.000000 891.768005
36738.750000 993.179871 0.000000 891.867004
36738.750000 993.179871 0.000000 891.965027
36738.750000 993.179871 0.000000 892.065002
36738.750000 993.179871 0.000000 892.159973
36738.750000 993.179871 0.000000 892.255981
36738.750000 993.179871 0.000000 892.364014
36738.750000 993.179871 0.000000 892.465027
36738.750000 993.179871 0.000000 892.559998
36738.750000 993.179871 0.000000 892.659973
36738.750000 993.179871 0.000000 892.760010
36738.750000 993.179871 0.000000 892.862976
36738.750000 993.179871 0.000000 892.960022
36738.750000 993.179871 0.000000 893.060974
36738.750000 993.179871 0.000000 893.159973
36738.750000 993.179871 0.000000 893.260010
36738.750000 993.179871 0.000000 893.369995
36738.750000 993.179871 0.000000 893.465027
36738.750000 993.179871 0.000000 893.575012
36738.750000 993.179871 0.000000 893.674988
36738.750000 993.179871 0.000000 893.770020
36738.750000 993.179871 0.000000 893.859985
36738.750000 993.179871 0.000000 893.969971
36738.750000 993.179871 0.000000 894.065979
36738.750000 993.179871 0.000000 894.159973
36738.750000 993.179871 0.000000 894.255005
36738.750000 993.179871 0.000000 894.367004
36738.750000 993.179871 0.000000 894.466980
36738.750000 993.179871 0.000000 894.559998
36738.750000 993.179871 0.000000 894.661011
36738.750000 993.179871 0.000000 894.765991
36738.750000 993.179871 0.000000 894.859009
36738.750000 993.179871 0.000000 894.963989
36738.750000 993.179871 0.000000 895.065979
36738.750000 993.179871 0.000000 895.163025
36738.750000 993.179871 0.000000 895.263000
36738.750000 993.179871 0.000000 895.367981
36738.750000 993.179871 0.000000 895.458008
36738.750000 993.179871 0.000000 895.562988
36738.750000 993.179871 0.000000 895.663025
36738.750000 993.179871 0.000000 895.763000
36738.750000 993.179871 0.000000 895.872986
36738.750000 993.179871 0.000000 895.963013
36738.750000 993.179871 0.000000 896.062988
36738.750000 993.179871 0.000000 896.158020
36738.750000 993.179871 0.000000 896.252991
36739.000000 993.179871 0.000000 896.362976
36739.000000 993.179871 0.000000 896.469971
36739.000000 993.179871 0.000000 896.565979
36739.000000 993.179871 0.000000 896.663025
36739.000000 993.179871 0.000000 896.763000
36739.000000 993.179871 0.000000 896.872009
36739.000000 993.179871 0.000000 896.963989
36739.000000 993.179871 0.000000 897.065002
36739.000000 993.179871 0.000000 897.164001
36739.000000 993.179871 0.000000 897.273987
36739.000000 993.179871 0.000000 897.367004
36739.000000 993.179871 0.000000 897.471008
36739.000000 993.179871 0.000000 897.564026
36739.000000 993.179871 0.000000 897.658997
36739.000000 993.179871 0.000000 897.763977
36739.000000 993.179871 0.000000 897.864990
36739.000000 993.179871 0.000000 897.963989
36739.000000 993.179871 0.000000 898.065002
36739.000000 993.179871 0.000000 898.166016
36739.000000 993.179871 0.000000 898.263977
36739.000000 993.179871 0.000000 898.366028
36739.000000 993.179871 0.000000 898.471008
36739.000000 993.179871 0.000000 898.564026
36739.000000 993.179871 0.000000 898.664001
36739.000000 993.179871 0.000000 898.770996
36739.000000 993.179871 0.000000 898.864014
36739.000000 993.179871 0.000000 898.958984
36739.000000 993.179871 0.000000 899.064026
36739.000000 993.179871 0.000000 899.169983
36739.000000 993.179871 0.000000 899.260010
36739.000000 993.179871 0.000000 899.359009
36739.000000 993.179871 0.000000 899.458984
36739.000000 993.179871 0.000000 899.559021
36739.000000 993.179871 0.000000 899.664001
36739.000000 993.179871 0.000000 899.768005
36739.000000 993.179871 0.000000 899.864014
36739.000000 993.179871 0.000000 899.973999
36739.000000 993.179871 0.000000 900.073975
36739.000000 993.179871 0.000000 900.169983
36739.000000 993.179871 0.000000 900.263977
36739.000000 993.179871 0.000000 900.362000
36739.000000 993.179871 0.000000 900.461975
36739.000000 993.179871 0.000000 900.567017
36739.000000 993.179871 0.000000 900.661987
36739.000000 993.179871 0.000000 900.767029
36739.000000 993.179871 0.000000 900.862000
36739.000000 993.179871 0.000000 900.968018
36739.000000 993.179871 0.000000 901.067993
36739.000000 993.179871 0.000000 901.151978
36739.000000 993.179871 0.000000 901.267029
36739.000000 993.179871 0.000000 901.367004
36739.000000 993.179871 0.000000 901.456970
36739.000000 993.179871 0.000000 901.567017
36739.000000 993.179871 0.000000 901.671997
36739.000000 993.179871 0.000000 901.760986
36739.000000 993.179871 0.000000 901.866028
36739.000000 993.179871 0.000000 901.966980
36739.000000 993.179871 0.000000 902.065979
36739.000000 993.179871 0.000000 902.169983
36739.000000 993.179871 0.000000 902.265991
36739.000000 993.179871 0.000000 902.362976
36739.000000 993.179871 0.000000 902.460999
36739.000000 993.179871 0.000000 902.560974
36739.000000 993.179871 0.000000 902.656006
36739.000000 993.179871 0.000000 902.767029
36739.000000 993.179871 0.000000 902.866028
36739.000000 993.179871 0.000000 902.955994
36739.000000 993.179871 0.000000 903.062012
36739.000000 993.179871 0.000000 903.161011
36739.000000 993.179871 0.000000 903.271973
36739.000000 993.179871 0.000000 903.362000
36739.000000 993.179871 0.000000 903.455994
36739.000000 993.179871 0.000000 903.552002
36739.000000 993.179871 0.000000 903.666016
36739.000000 993.179871 0.000000 903.776001
36739.000000 993.179871 0.000000 903.870972
36739.000000 993.179871 0.000000 903.968994
36739.000000 993.179871 0.000000 904.068970
36739.000000 993.179871 0.000000 904.169983
36739.000000 993.179871 0.000000 904.260986
36739.000000 993.179871 0.000000 904.361023
36739.000000 993.179871 0.000000 904.460999
36739.000000 993.179871 0.000000 904.565979
36739.000000 993.179871 0.000000 904.666016
36739.000000 993.179871 0.000000 904.765991
36739.000000 993.179871 0.000000 904.872009
36739.000000 993.179871 0.000000 904.960999
36739.000000 993.179871 0.000000 905.060974
36739.000000 993.179871 0.000000 905.161011
36739.000000 993.179871 0.000000 905.260986
36739.000000 993.179871 0.000000 905.362000
36739.000000 993.179871 0.000000 905.461975
36739.000000 993.179871 0.000000 905.568970
36739.000000 993.179871 0.000000 905.661011
36739.000000 993.179871 0.000000 905.763000
36739.000000 993.179871 0.000000 905.862976
36739.000000 993.179871 0.000000 905.963013
36739.000000 993.179871 0.000000 906.062988
36739.000000 993.179871 0.000000 906.163025
36739.000000 993.179871 0.000000 906.263000
36739.000000 993.179871 0.000000 906.369019
36739.000000 993.179871 0.000000 906.458008
36739.000000 993.179871 0.000000 906.568970
36739.000000 993.179871 0.000000 906.671021
36739.000000 993.179871 0.000000 906.776001
36739.000000 993.179871 0.000000 906.875977
36739.000000 993.179871 0.000000 906.976013
36739.000000 993.179871 0.000000 907.070984
36739.000000 993.179871 0.000000 907.164001
36739.000000 993.179871 0.000000 907.268005
36739.000000 993.179871 0.000000 907.372986
36739.000000 993.179871 0.000000 907.469971
36739.000000 993.179871 0.000000 907.554993
36739.000000 993.179871 0.000000 907.669983
36739.000000 993.179871 0.000000 907.770996
36739.000000 993.179871 0.000000 907.870972
36739.000000 993.179871 0.000000 907.968994
36739.000000 993.179871 0.000000 908.065002
36739.000000 993.179871 0.000000 908.166016
36739.000000 993.179871 0.000000 908.265991
36739.000000 993.179871 0.000000 908.361023
36739.000000 993.179871 0.000000 908.460999
36739.000000 993.179871 0.000000 908.560974
36739.000000 993.179871 0.000000 908.661987
36739.000000 993.179871 0.000000 908.763977
36739.000000 993.179871 0.000000 908.866028
36739.000000 993.179871 0.000000 908.960999
36739.000000 993.179871 0.000000 909.072998
36739.000000 993.179871 0.000000 909.177979
36739.000000 993.179871 0.000000 909.280029
36739.000000 993.179871 0.000000 909.370972
36739.000000 993.179871 0.000000 909.471008
36739.000000 993.179871 0.000000 909.572021
36739.000000 993.179871 0.000000 909.666992
36739.000000 993.179871 0.000000 909.770996
36739.000000 993.179871 0.000000 909.866028
36739.000000 993.179871 0.000000 909.968994
36739.000000 993.179871 0.000000 910.065979
36739.000000 993.179871 0.000000 910.171021
36739.000000 993.179871 0.000000 910.270020
36739.000000 993.179871 0.000000 910.367004
36739.000000 993.179871 0.000000 910.471985
36739.000000 993.179871 0.000000 910.567017
36739.000000 993.179871 0.000000 910.671021
36739.000000 993.179871 0.000000 910.760986
36739.000000 993.179871 0.000000 910.880005
36739.000000 993.179871 0.000000 910.969971
36739.000000 993.179871 0.000000 911.065002
36739.000000 993.179871 0.000000 911.179993
36739.000000 993.179871 0.000000 911.280029
36739.000000 993.179871 0.000000 911.380005
36739.000000 993.179871 0.000000 911.471008
36739.000000 993.179871 0.000000 911.572998
36739.000000 993.179871 0.000000 911.672974
36739.000000 993.179871 0.000000 911.780029
36739.000000 993.179871 0.000000 911.885986
36739.000000 993.179871 0.000000 911.976013
36739.000000 993.179871 0.000000 912.075989
36739.000000 993.179871 0.000000 912.181030
36739.000000 993.179871 0.000000 912.276001
36739.000000 993.179871 0.000000 912.372009
36739.000000 993.179871 0.000000 912.469971
36739.000000 993.179871 0.000000 912.570007
36739.000000 993.179871 0.000000 912.692017
36739.000000 993.179871 0.000000 912.770020
36739.000000 993.179871 0.000000 912.875000
36739.000000 993.179871 0.000000 912.969971
36739.000000 993.179871 0.000000 913.070007
36739.000000 993.179871 0.000000 913.168030
36739.000000 993.179871 0.000000 913.273010
36739.000000 993.179871 0.000000 913.372986
36739.000000 993.179871 0.000000 913.474976
36739.000000 993.179871 0.000000 913.572998
36739.000000 993.179871 0.000000 913.672974
36739.000000 993.179871 0.000000 913.773010
36739.000000 993.179871 0.000000 913.872986
36739.000000 993.179871 0.000000 913.973999
36739.000000 993.179871 0.000000 914.067993
36739.000000 993.179871 0.000000 914.168030
36739.000000 993.179871 0.000000 914.273010
36739.000000 993.179871 0.000000 914.372986
36739.000000 993.179871 0.000000 914.468994
36739.000000 993.179871 0.000000 914.572998
36739.000000 993.179871 0.000000 914.672974
36739.000000 993.179871 0.000000 914.773010
36739.000000 993.179871 0.000000 914.862976
36739.000000 993.179871 0.000000 914.978027
36739.000000 993.179871 0.000000 915.067993
36739.000000 993.179871 0.000000 915.168030
36739.000000 993.179871 0.000000 915.273010
36739.000000 993.179871 0.000000 915.377991
36739.000000 993.179871 0.000000 915.478027
36739.000000 993.179871 0.000000 915.572998
36739.000000 993.179871 0.000000 915.663025
36739.000000 993.179871 0.000000 915.778992
36739.000000 993.179871 0.000000 915.872986
36739.000000 993.179871 0.000000 915.963013
36739.000000 993.179871 0.000000 916.083008
36739.000000 993.179871 0.000000 916.168030
36739.000000 993.179871 0.000000 916.281982
36739.000000 993.179871 0.000000 916.387024
36739.000000 993.179871 0.000000 916.481995
36739.000000 993.179871 0.000000 916.573975
36739.000000 993.179871 0.000000 916.672974
36739.000000 993.179871 0.000000 916.773010
36739.000000 993.179871 0.000000 916.872986
36739.000000 993.179871 0.000000 916.969971
36739.000000 993.179871 0.000000 917.081970
36739.000000 993.179871 0.000000 917.174988
36739.000000 993.179871 0.000000 917.275024
36739.000000 993.179871 0.000000 917.382019
36739.000000 993.179871 0.000000 917.481995
36739.000000 993.179871 0.000000 917.575012
36739.000000 993.179871 0.000000 917.682983
36739.000000 993.179871 0.000000 917.781006
36739.000000 993.179871 0.000000 917.880981
36739.000000 993.179871 0.000000 917.974976
36739.000000 993.179871 0.000000 918.077026
36739.000000 993.179871 0.000000 918.164978
36739.000000 993.179871 0.000000 918.275024
36739.000000 993.179871 0.000000 918.374023
36739.000000 993.179871 0.000000 918.473999
36739.000000 993.179871 0.000000 918.573975
36739.000000 993.179871 0.000000 918.674011
36739.000000 993.179871 0.000000 918.768982
36739.000000 993.179871 0.000000 918.877014
36739.000000 993.179871 0.000000 918.973999
36739.000000 993.179871 0.000000 919.075989
36739.000000 993.179871 0.000000 919.174011
36739.000000 993.179871 0.000000 919.283020
36739.000000 993.179871 0.000000 919.382996
36739.000000 993.179871 0.000000 919.474976
36739.000000 993.179871 0.000000 919.570007
36739.000000 993.179871 0.000000 919.684021
36739.000000 993.179871 0.000000 919.781982
36739.000000 993.179871 0.000000 919.879028
36739.000000 993.179871 0.000000 919.976990
36739.000000 993.179871 0.000000 920.072998
36739.000000 993.179871 0.000000 920.172974
36739.000000 993.179871 0.000000 920.273987
36739.000000 993.179871 0.000000 920.377991
36739.000000 993.179871 0.000000 920.473999
36739.000000 993.179871 0.000000 920.580017
36739.000000 993.179871 0.000000 920.674988
36739.000000 993.179871 0.000000 920.775024
36739.000000 993.179871 0.000000 920.875000
36739.000000 993.179871 0.000000 920.982971
36739.000000 993.179871 0.000000 921.083008
36739.000000 993.179871 0.000000 921.177979
36739.000000 993.179871 0.000000 921.288025
36739.000000 993.179871 0.000000 921.370972
36739.000000 993.179871 0.000000 921.476013
36739.000000 993.179871 0.000000 921.572021
36739.000000 993.179871 0.000000 921.684021
36739.000000 993.179871 0.000000 921.783020
36739.000000 993.179871 0.000000 921.882019
36739.000000 993.179871 0.000000 921.981995
36739.000000 993.179871 0.000000 922.072998
36739.000000 993.179871 0.000000 922.174011
36739.000000 993.179871 0.000000 922.278015
36739.000000 993.179871 0.000000 922.375977
36739.000000 993.179871 0.000000 922.473022
36739.000000 993.179871 0.000000 922.578979
36739.000000 993.179871 0.000000 922.679993
36739.000000 993.179871 0.000000 922.783997
36739.000000 993.179871 0.000000 922.882996
36739.000000 993.179871 0.000000 922.982971
36739.000000 993.179871 0.000000 923.083008
36739.000000 993.179871 0.000000 923.187988
36739.000000 993.179871 0.000000 923.273010
36739.000000 993.179871 0.000000 923.367981
36739.000000 993.179871 0.000000 923.473022
36739.000000 993.179871 0.000000 923.572998
36739.000000 993.179871 0.000000 923.672974
36739.000000 993.179871 0.000000 923.778992
36739.000000 993.179871 0.000000 923.882996
36739.000000 993.179871 0.000000 923.987976
36739.000000 993.179871 0.000000 924.072998
36739.000000 993.179871 0.000000 924.179016
36739.000000 993.179871 0.000000 924.276001
36739.000000 993.179871 0.000000 924.372009
36739.000000 993.179871 0.000000 924.476013
36739.000000 993.179871 0.000000 924.583008
36739.000000 993.179871 0.000000 924.666992
36739.000000 993.179871 0.000000 924.776001
36739.000000 993.179871 0.000000 924.877014
36739.000000 993.179871 0.000000 924.976013
36739.000000 993.179871 0.000000 925.078003
36739.000000 993.179871 0.000000 925.182983
36739.000000 993.179871 0.000000 925.276001
36739.000000 993.179871 0.000000 925.372009
36739.000000 993.179871 0.000000 925.476013
36739.000000 993.179871 0.000000 925.575989
36739.000000 993.179871 0.000000 925.672974
36739.000000 993.179871 0.000000 925.781006
36739.000000 993.179871 0.000000 925.882019
36739.000000 993.179871 0.000000 925.974976
36739.000000 993.179871 0.000000 926.070007
36739.000000 993.179871 0.000000 926.174988
36739.000000 993.179871 0.000000 926.270020
36739.000000 993.179871 0.000000 926.375000
36739.000000 993.179871 0.000000 926.471985
36739.000000 993.179871 0.000000 926.578003
36739.000000 993.179871 0.000000 926.677002
36739.000000 993.179871 0.000000 926.771973
36739.000000 993.179871 0.000000 926.875977
36739.000000 993.179871 0.000000 926.960999
36739.000000 993.179871 0.000000 927.051025
36739.000000 993.179871 0.000000 927.177002
36739.000000 993.179871 0.000000 927.280029
36739.000000 993.179871 0.000000 927.379028
36739.000000 993.179871 0.000000 927.476013
36739.000000 993.179871 0.000000 927.575989
36739.000000 993.179871 0.000000 927.676025
36739.000000 993.179871 0.000000 927.776001
36739.000000 993.179871 0.000000 927.879028
36739.000000 993.179871 0.000000 927.976013
36739.000000 993.179871 0.000000 928.072998
36739.000000 993.179871 0.000000 928.176025
36739.000000 993.179871 0.000000 928.270996
36739.000000 993.179871 0.000000 928.375977
36739.000000 993.179871 0.000000 928.476990
36739.000000 993.179871 0.000000 928.575989
36739.000000 993.179871 0.000000 928.677002
36739.000000 993.179871 0.000000 928.776001
36739.000000 993.179871 0.000000 928.875977
36739.000000 993.179871 0.000000 928.971985
36739.000000 993.179871 0.000000 929.085022
36739.000000 993.179871 0.000000 929.171997
36739.000000 993.179871 0.000000 929.271973
36739.000000 993.179871 0.000000 929.385010
36739.000000 993.179871 0.000000 929.466980
36739.000000 993.179871 0.000000 929.572998
36739.000000 993.179871 0.000000 929.674988
36739.000000 993.179871 0.000000 929.776978
36739.000000 993.179871 0.000000 929.867004
36739.000000 993.179871 0.000000 929.966980
36739.125000 993.179871 0.000000 930.072021
36739.125000 993.179871 0.000000 930.177002
36739.125000 993.179871 0.000000 930.267029
36739.125000 993.179871 0.000000 930.380005
36739.125000 993.179871 0.000000 930.484985
36739.125000 993.179871 0.000000 930.578003
36739.125000 993.179871 0.000000 930.672974
36739.125000 993.179871 0.000000 930.771973
36739.125000 993.179871 0.000000 930.882019
36739.125000 993.179871 0.000000 930.981995
36753.000000 993.179871 0.000000 931.078003
36753.000000 993.179871 0.000000 931.172974
36753.000000 993.179871 0.000000 931.268005
36753.000000 993.179871 0.000000 931.372986
36753.000000 993.179871 0.000000 931.473022
36753.000000 993.179871 0.000000 931.567993
36753.000000 993.179871 0.000000 931.682983
36753.000000 993.179871 0.000000 931.778015
36753.000000 993.179871 0.000000 931.867981
36753.000000 993.179871 0.000000 931.978027
36753.000000 993.179871 0.000000 932.072998
36753.000000 993.179871 0.000000 932.177979
36753.000000 993.179871 0.000000 932.273010
36753.000000 993.179871 0.000000 932.367981
36753.000000 993.179871 0.000000 932.482971
36753.000000 993.179871 0.000000 932.578003
36753.000000 993.179871 0.000000 932.674011
36753.000000 993.179871 0.000000 932.776978
36753.000000 993.179871 0.000000 932.866028
36753.000000 993.179871 0.000000 932.976013
36753.000000 993.179871 0.000000 933.070984
36753.000000 993.179871 0.000000 933.174988
36753.000000 993.179871 0.000000 933.270996
36753.000000 993.179871 0.000000 933.370972
36753.000000 993.179871 0.000000 933.473999
36753.000000 993.179871 0.000000 933.578979
36753.000000 993.179871 0.000000 933.661011
36753.000000 993.179871 0.000000 933.776001
36753.000000 993.179871 0.000000 933.874023
36753.000000 993.179871 0.000000 933.978027
36753.000000 993.179871 0.000000 934.062988
36753.000000 993.179871 0.000000 934.179016
36753.000000 993.179871 0.000000 934.273987
36753.000000 993.179871 0.000000 934.369019
36753.000000 993.179871 0.000000 934.476013
36753.000000 993.179871 0.000000 934.588989
36753.000000 993.179871 0.000000 934.679993
36753.000000 993.179871 0.000000 934.770020
36753.000000 993.179871 0.000000 934.877014
36753.000000 993.179871 0.000000 934.976990
36753.000000 993.179871 0.000000 935.075012
36753.000000 993.179871 0.000000 935.177002
36753.000000 993.179871 0.000000 935.271973
36753.125000 993.179871 0.000000 935.385986
36753.125000 993.179871 0.000000 935.482971
36753.125000 993.179871 0.000000 935.578979
36753.125000 993.179871 0.000000 935.682007
36753.125000 993.179871 0.000000 935.773987
36753.125000 993.179871 0.000000 935.875977
36753.125000 993.179871 0.000000 935.984985
36753.125000 993.179871 0.000000 936.077026
36753.125000 993.179871 0.000000 936.179016
36753.125000 993.179871 0.000000 936.268982
36753.125000 993.179871 0.000000 936.388000
36754.500000 993.179871 0.000000 936.482971
36754.500000 993.179871 0.000000 936.578979
36754.625000 993.179871 0.000000 936.677002
36754.625000 993.179871 0.000000 936.781982
36754.625000 993.179871 0.000000 936.877014
36754.625000 993.179871 0.000000 936.981018
36754.625000 993.179871 0.000000 937.077026
36754.625000 993.179871 0.000000 937.177002
36754.625000 993.179871 0.000000 937.275024
36754.625000 993.179871 0.000000 937.380005
36754.625000 993.179871 0.000000 937.481018
36754.625000 993.179871 0.000000 937.578003
36754.625000 993.179871 0.000000 937.682007
36754.625000 993.179871 0.000000 937.776978
36754.625000 993.179871 0.000000 937.877991
36754.625000 993.179871 0.000000 937.981995
36754.625000 993.179871 0.000000 938.075012
36754.625000 993.179871 0.000000 938.184998
36754.625000 993.179871 0.000000 938.284973
36754.625000 993.179871 0.000000 938.385010
36754.625000 993.179871 0.000000 938.484009
36755.125000 993.179871 0.000000 938.585022
36755.125000 993.179871 0.000000 938.677002
36755.125000 993.179871 0.000000 938.783020
36755.125000 993.179871 0.000000 938.874023
36755.125000 993.179871 0.000000 938.976990
36755.125000 993.179871 0.000000 939.077026
36755.125000 993.179871 0.000000 939.177002
36755.125000 993.179871 0.000000 939.276978
36755.125000 993.179871 0.000000 939.377014
36755.125000 993.179871 0.000000 939.481995
36755.125000 993.179871 0.000000 939.581970
36755.125000 993.179871 0.000000 939.671997
36755.125000 993.179871 0.000000 939.784973
36755.125000 993.179871 0.000000 939.875000
36755.125000 993.179871 0.000000 939.979004
36755.125000 993.179871 0.000000 940.073975
36755.125000 993.179871 0.000000 940.179993
36755.125000 993.179871 0.000000 940.265015
36755.125000 993.179871 0.000000 940.380005
36755.125000 993.179871 0.000000 940.474976
36755.125000 993.179871 0.000000 940.578003
36755.125000 993.179871 0.000000 940.690002
36755.125000 993.179871 0.000000 940.784973
36755.125000 993.179871 0.000000 940.877014
36755.125000 993.179871 0.000000 940.974976
36755.125000 993.179871 0.000000 941.080017
36755.125000 993.179871 0.000000 941.190002
36755.125000 993.179871 0.000000 941.281006
36755.125000 993.179871 0.000000 941.377014
36755.125000 993.179871 0.000000 941.476990
36755.125000 993.179871 0.000000 941.577026
36755.125000 993.179871 0.000000 941.682007
36755.125000 993.179871 0.000000 941.776978
36755.125000 993.179871 0.000000 941.887024
36755.125000 993.179871 0.000000 941.987000
36755.125000 993.179871 0.000000 942.081970
36755.125000 993.179871 0.000000 942.187012
36755.125000 993.179871 0.000000 942.273010
36755.125000 993.179871 0.000000 942.385010
36755.125000 993.179871 0.000000 942.474976
36755.125000 993.179871 0.000000 942.578979
36755.125000 993.179871 0.000000 942.674988
36755.125000 993.179871 0.000000 942.773987
36755.125000 993.179871 0.000000 942.874023
36755.125000 993.179871 0.000000 942.987000
36755.125000 993.179871 0.000000 943.075989
36755.125000 993.179871 0.000000 943.179016
36755.125000 993.179871 0.000000 943.281006
36755.125000 993.179871 0.000000 943.374023
36755.125000 993.179871 0.000000 943.479004
36755.125000 993.179871 0.000000 943.575012
36755.125000 993.179871 0.000000 943.677002
36755.125000 993.179871 0.000000 943.776978
36755.125000 993.179871 0.000000 943.880981
36755.125000 993.179871 0.000000 943.984985
36755.125000 993.179871 0.000000 944.081970
36755.125000 993.179871 0.000000 944.182983
36755.125000 993.179871 0.000000 944.276001
36755.125000 993.179871 0.000000 944.375000
36755.125000 993.179871 0.000000 944.474976
36755.125000 993.179871 0.000000 944.565002
36755.125000 993.179871 0.000000 944.679993
36755.125000 993.179871 0.000000 944.783020
36755.125000 993.179871 0.000000 944.877014
36755.125000 993.179871 0.000000 944.976013
36755.125000 993.179871 0.000000 945.080017
36755.125000 993.179871 0.000000 945.174988
36755.125000 993.179871 0.000000 945.281006
36755.125000 993.179871 0.000000 945.375000
36755.125000 993.179871 0.000000 945.479980
36755.125000 993.179871 0.000000 945.575012
36755.125000 993.179871 0.000000 945.676025
36755.125000 993.179871 0.000000 945.776001
36755.125000 993.179871 0.000000 945.875977
36755.125000 993.179871 0.000000 945.981018
36755.125000 993.179871 0.000000 946.080017
36755.125000 993.179871 0.000000 946.174988
36755.125000 993.179871 0.000000 946.276978
36755.125000 993.179871 0.000000 946.377014
36755.125000 993.179871 0.000000 946.476990
36755.125000 993.179871 0.000000 946.577026
36755.125000 993.179871 0.000000 946.672974
36755.125000 993.179871 0.000000 946.778992
36755.125000 993.179871 0.000000 946.880005
36755.125000 993.179871 0.000000 946.981018
36755.125000 993.179871 0.000000 947.078979
36755.375000 993.179871 0.000000 947.179993
36755.375000 993.179871 0.000000 947.283997
36755.375000 993.179871 0.000000 947.388977
36755.375000 993.179871 0.000000 947.499023
36755.375000 993.179871 0.000000 947.598999
36755.375000 993.179871 0.000000 947.708984
36755.375000 993.179871 0.000000 947.799011
36755.375000 993.179871 0.000000 947.895996
36755.375000 993.179871 0.000000 947.991028
36755.375000 993.179871 0.000000 948.088989
36755.375000 993.179871 0.000000 948.193970
36755.375000 993.179871 0.000000 948.294006
36755.375000 993.179871 0.000000 948.385010
36755.375000 993.179871 0.000000 948.494019
36755.375000 993.179871 0.000000 948.596008
36755.375000 993.179871 0.000000 948.697998
36755.375000 993.179871 0.000000 948.796021
36755.375000 993.179871 0.000000 948.893005
36755.375000 993.179871 0.000000 948.991028
36755.375000 993.179871 0.000000 949.096008
36755.375000 993.179871 0.000000 949.195984
36755.375000 993.179871 0.000000 949.293030
36755.375000 993.179871 0.000000 949.393005
36755.375000 993.179871 0.000000 949.497986
36755.375000 993.179871 0.000000 949.603027
36755.375000 993.179871 0.000000 949.697998
36755.375000 993.179871 0.000000 949.797974
36755.375000 993.179871 0.000000 949.898987
36755.375000 993.179871 0.000000 949.997986
36755.375000 993.179871 0.000000 950.098022
36755.375000 993.179871 0.000000 950.195984
36755.375000 993.179871 0.000000 950.294006
36755.375000 993.179871 0.000000 950.393005
36755.375000 993.179871 0.000000 950.497986
36755.375000 993.179871 0.000000 950.601013
36755.375000 993.179871 0.000000 950.690979
36755.375000 993.179871 0.000000 950.796997
36755.375000 993.179871 0.000000 950.901978
36755.375000 993.179871 0.000000 951.002014
36755.375000 993.179871 0.000000 951.106018
36755.375000 993.179871 0.000000 951.197021
36755.375000 993.179871 0.000000 951.294006
36755.375000 993.179871 0.000000 951.396973
36755.375000 993.179871 0.000000 951.494995
36755.375000 993.179871 0.000000 951.598022
36755.375000 993.179871 0.000000 951.692017
36755.375000 993.179871 0.000000 951.797974
36755.375000 993.179871 0.000000 951.896973
36755.375000 993.179871 0.000000 951.997009
36755.375000 993.179871 0.000000 952.091980
36755.375000 993.179871 0.000000 952.197021
36755.375000 993.179871 0.000000 952.291992
36755.375000 993.179871 0.000000 952.401978
36755.375000 993.179871 0.000000 952.502014
36755.375000 993.179871 0.000000 952.596985
36755.375000 993.179871 0.000000 952.695984
36755.375000 993.179871 0.000000 952.791016
36755.375000 993.179871 0.000000 952.895020
36755.375000 993.179871 0.000000 953.005981
36755.375000 993.179871 0.000000 953.099976
36755.375000 993.179871 0.000000 953.187988
36755.375000 993.179871 0.000000 953.293030
36755.375000 993.179871 0.000000 953.395020
36755.375000 993.179871 0.000000 953.497986
36755.375000 993.179871 0.000000 953.614990
36755.375000 993.179871 0.000000 953.708984
36755.375000 993.179871 0.000000 953.814026
36755.375000 993.179871 0.000000 953.908997
36755.375000 993.179871 0.000000 954.007996
36755.375000 993.179871 0.000000 954.098022
36755.375000 993.179871 0.000000 954.213013
36755.375000 993.179871 0.000000 954.312988
36755.375000 993.179871 0.000000 954.403015
36755.375000 993.179871 0.000000 954.502991
36755.375000 993.179871 0.000000 954.588013
36755.375000 993.179871 0.000000 954.703003
36755.375000 993.179871 0.000000 954.807983
36755.375000 993.179871 0.000000 954.898010
36755.375000 993.179871 0.000000 955.002014
36755.375000 993.179871 0.000000 955.106995
36755.375000 993.179871 0.000000 955.206970
36755.375000 993.179871 0.000000 955.302002
36755.375000 993.179871 0.000000 955.401978
36755.375000 993.179871 0.000000 955.502014
36755.375000 993.179871 0.000000 955.606995
36755.375000 993.179871 0.000000 955.706970
36755.375000 993.179871 0.000000 955.807007
36755.375000 993.179871 0.000000 955.916016
36755.375000 993.179871 0.000000 956.013977
36755.375000 993.179871 0.000000 956.112976
36755.375000 993.179871 0.000000 956.208008
36755.375000 993.179871 0.000000 956.302002
36755.375000 993.179871 0.000000 956.406982
36755.375000 993.179871 0.000000 956.508972
36755.375000 993.179871 0.000000 956.614014
36755.375000 993.179871 0.000000 956.708008
36755.375000 993.179871 0.000000 956.809998
36755.375000 993.179871 0.000000 956.914978
36755.375000 993.179871 0.000000 957.015015
36755.375000 993.179871 0.000000 957.114990
36755.375000 993.179871 0.000000 957.206970
36755.375000 993.179871 0.000000 957.304993
36755.375000 993.179871 0.000000 957.408997
36755.375000 993.179871 0.000000 957.512024
36755.375000 993.179871 0.000000 957.612000
36755.375000 993.179871 0.000000 957.700012
36755.375000 993.179871 0.000000 957.807983
36755.375000 993.179871 0.000000 957.913025
36755.375000 993.179871 0.000000 958.004028
36755.375000 993.179871 0.000000 958.112976
36755.375000 993.179871 0.000000 958.211975
36755.375000 993.179871 0.000000 958.312012
36755.375000 993.179871 0.000000 958.411987
36755.375000 993.179871 0.000000 958.507019
36755.375000 993.179871 0.000000 958.609009
36755.375000 993.179871 0.000000 958.705017
36755.375000 993.179871 0.000000 958.807983
36755.375000 993.179871 0.000000 958.906006
36755.375000 993.179871 0.000000 959.005981
36755.375000 993.179871 0.000000 959.106018
36755.375000 993.179871 0.000000 959.205994
36755.375000 993.179871 0.000000 959.306030
36755.375000 993.179871 0.000000 959.406982
36755.375000 993.179871 0.000000 959.507019
36759.000000 993.179871 0.000000 959.617981
36759.000000 993.179871 0.000000 959.708008
36759.000000 993.179871 0.000000 959.809021
36759.000000 993.179871 0.000000 959.908020
36759.000000 993.179871 0.000000 960.007019
36759.000000 993.179871 0.000000 960.106995
36759.000000 993.179871 0.000000 960.202026
36759.000000 993.179871 0.000000 960.315002
36759.000000 993.179871 0.000000 960.414978
36759.000000 993.179871 0.000000 960.502014
36759.125000 993.179871 0.000000 960.616028
36759.125000 993.179871 0.000000 960.716003
36759.125000 993.179871 0.000000 960.814026
36759.125000 993.179871 0.000000 960.908020
36759.125000 993.179871 0.000000 961.007019
36759.125000 993.179871 0.000000 961.109009
36759.125000 993.179871 0.000000 961.197021
36759.125000 993.179871 0.000000 961.302002
36759.125000 993.179871 0.000000 961.403992
36759.125000 993.179871 0.000000 961.507996
36759.125000 993.179871 0.000000 961.607971
36759.125000 993.179871 0.000000 961.703003
36759.125000 993.179871 0.000000 961.797974
36759.125000 993.179871 0.000000 961.898010
36759.125000 993.179871 0.000000 962.010010
36759.125000 993.179871 0.000000 962.104004
36759.125000 993.179871 0.000000 962.205017
36759.125000 993.179871 0.000000 962.310974
36759.125000 993.179871 0.000000 962.398987
36759.125000 993.179871 0.000000 962.505005
36759.125000 993.179871 0.000000 962.604004
36759.125000 993.179871 0.000000 962.698975
36759.125000 993.179871 0.000000 962.804016
36759.125000 993.179871 0.000000 962.903992
36759.125000 993.179871 0.000000 963.010010
36759.125000 993.179871 0.000000 963.104004
36759.125000 993.179871 0.000000 963.211975
36759.125000 993.179871 0.000000 963.312012
36759.125000 993.179871 0.000000 963.403992
36759.125000 993.179871 0.000000 963.510010
36759.125000 993.179871 0.000000 963.612000
36759.125000 993.179871 0.000000 963.711975
36759.125000 993.179871 0.000000 963.812012
36759.125000 993.179871 0.000000 963.903992
36759.125000 993.179871 0.000000 964.005005
36759.125000 993.179871 0.000000 964.104980
36759.125000 993.179871 0.000000 964.206970
36759.125000 993.179871 0.000000 964.314026
36759.125000 993.179871 0.000000 964.414001
36759.125000 993.179871 0.000000 964.507019
36759.125000 993.179871 0.000000 964.604004
36759.125000 993.179871 0.000000 964.706970
36759.125000 993.179871 0.000000 964.809021
36759.125000 993.179871 0.000000 964.901978
36759.125000 993.179871 0.000000 965.004028
36759.125000 993.179871 0.000000 965.101990
36759.125000 993.179871 0.000000 965.202026
36759.125000 993.179871 0.000000 965.302002
36759.125000 993.179871 0.000000 965.403015
36759.125000 993.179871 0.000000 965.487000
36759.125000 993.179871 0.000000 965.606995
36759.125000 993.179871 0.000000 965.703979
36759.125000 993.179871 0.000000 965.802979
36759.500000 993.179871 0.000000 965.906982
36759.500000 993.179871 0.000000 966.005005
36759.500000 993.179871 0.000000 966.112000
36759.500000 993.179871 0.000000 966.211975
36759.500000 993.179871 0.000000 966.304993
36759.500000 993.179871 0.000000 966.405029
36759.500000 993.179871 0.000000 966.505005
36759.500000 993.179871 0.000000 966.604980
36759.500000 993.179871 0.000000 966.713989
36759.500000 993.179871 0.000000 966.804016
36759.625000 993.179871 0.000000 966.905029
36759.625000 993.179871 0.000000 967.007019
36759.625000 993.179871 0.000000 967.104980
36759.625000 993.179871 0.000000 967.205017
36759.625000 993.179871 0.000000 967.304993
36759.625000 993.179871 0.000000 967.405029
36759.625000 993.179871 0.000000 967.505005
36759.625000 993.179871 0.000000 967.604980
36759.625000 993.179871 0.000000 967.713013
36759.625000 993.179871 0.000000 967.807983
36759.625000 993.179871 0.000000 967.908020
36759.625000 993.179871 0.000000 968.010986
36759.625000 993.179871 0.000000 968.109009
36759.625000 993.179871 0.000000 968.205994
36759.625000 993.179871 0.000000 968.306030
36759.625000 993.179871 0.000000 968.406006
36759.625000 993.179871 0.000000 968.505981
36759.625000 993.179871 0.000000 968.606018
36759.625000 993.179871 0.000000 968.705994
36759.625000 993.179871 0.000000 968.806030
36759.625000 993.179871 0.000000 968.906006
36759.625000 993.179871 0.000000 969.005981
36759.625000 993.179871 0.000000 969.106018
36759.625000 993.179871 0.000000 969.205994
36759.625000 993.179871 0.000000 969.301025
36759.625000 993.179871 0.000000 969.408997
36759.625000 993.179871 0.000000 969.505981
36759.625000 993.179871 0.000000 969.614990
36759.625000 993.179871 0.000000 969.705994
36759.625000 993.179871 0.000000 969.809021
36759.625000 993.179871 0.000000 969.908020
36759.625000 993.179871 0.000000 970.005981
36759.625000 993.179871 0.000000 970.106018
36759.625000 993.179871 0.000000 970.213989
36759.625000 993.179871 0.000000 970.306030
36759.625000 993.179871 0.000000 970.395996
36759.625000 993.179871 0.000000 970.505981
36759.625000 993.179871 0.000000 970.598999
36759.625000 993.179871 0.000000 970.706970
36759.625000 993.179871 0.000000 970.807007
36759.625000 993.179871 0.000000 970.908020
36759.625000 993.179871 0.000000 971.012024
36759.625000 993.179871 0.000000 971.096985
36759.625000 993.179871 0.000000 971.202026
36759.625000 993.179871 0.000000 971.302002
36759.625000 993.179871 0.000000 971.408020
36759.625000 993.179871 0.000000 971.513977
36759.625000 993.179871 0.000000 971.603027
36759.625000 993.179871 0.000000 971.706970
36759.625000 993.179871 0.000000 971.807007
36759.625000 993.179871 0.000000 971.906982
36759.625000 993.179871 0.000000 971.997986
36759.625000 993.179871 0.000000 972.101990
36759.625000 993.179871 0.000000 972.206970
36759.625000 993.179871 0.000000 972.296997
36759.625000 993.179871 0.000000 972.409973
36759.625000 993.179871 0.000000 972.507019
36759.625000 993.179871 0.000000 972.614014
36759.625000 993.179871 0.000000 972.708984
36759.625000 993.179871 0.000000 972.809021
36759.625000 993.179871 0.000000 972.906982
36759.625000 993.179871 0.000000 972.997009
36767.250000 993.179871 0.000000 973.109985
36767.250000 993.179871 0.000000 973.211975
36767.250000 993.179871 0.000000 973.307007
36767.250000 993.179871 0.000000 973.408020
36767.375000 993.179871 0.000000 973.510986
36767.375000 993.179871 0.000000 973.607971
36767.375000 993.179871 0.000000 973.708008
36767.375000 993.179871 0.000000 973.815002
36767.375000 993.179871 0.000000 973.901001
36767.375000 993.179871 0.000000 974.007996
36767.375000 993.179871 0.000000 974.103027
36767.375000 993.179871 0.000000 974.208008
36767.375000 993.179871 0.000000 974.297974
36767.375000 993.179871 0.000000 974.408020
36767.375000 993.179871 0.000000 974.515991
36767.375000 993.179871 0.000000 974.614990
36767.375000 993.179871 0.000000 974.716003
36767.375000 993.179871 0.000000 974.815979
36767.375000 993.179871 0.000000 974.903015
36767.375000 993.179871 0.000000 975.007996
36767.375000 993.179871 0.000000 975.103027
36767.375000 993.179871 0.000000 975.208008
36767.375000 993.179871 0.000000 975.317993
36767.375000 993.179871 0.000000 975.418030
36767.375000 993.179871 0.000000 975.518005
36767.375000 993.179871 0.000000 975.607971
36767.375000 993.179871 0.000000 975.718018
36767.375000 993.179871 0.000000 975.809021
36767.375000 993.179871 0.000000 975.908997
36767.375000 993.179871 0.000000 975.999023
36767.375000 993.179871 0.000000 976.106018
36767.375000 993.179871 0.000000 976.206970
36767.375000 993.179871 0.000000 976.309998
36767.375000 993.179871 0.000000 976.419006
36767.375000 993.179871 0.000000 976.518982
36767.375000 993.179871 0.000000 976.611023
36767.375000 993.179871 0.000000 976.710999
36767.375000 993.179871 0.000000 976.806030
36767.375000 993.179871 0.000000 976.914978
36767.375000 993.179871 0.000000 977.015015
36767.375000 993.179871 0.000000 977.117004
36767.375000 993.179871 0.000000 977.211975
36767.375000 993.179871 0.000000 977.317017
36767.375000 993.179871 0.000000 977.414001
36767.375000 993.179871 0.000000 977.508972
36767.375000 993.179871 0.000000 977.609009
36767.375000 993.179871 0.000000 977.708984
36767.375000 993.179871 0.000000 977.809998
36767.375000 993.179871 0.000000 977.908997
36767.375000 993.179871 0.000000 978.013977
36767.375000 993.179871 0.000000 978.117981
36774.750000 993.179871 0.000000 978.221985
36774.750000 993.179871 0.000000 978.322021
36774.750000 993.179871 0.000000 978.416016
36774.750000 993.179871 0.000000 978.515991
36774.750000 993.179871 0.000000 978.611023
36774.750000 993.179871 0.000000 978.711975
36774.750000 993.179871 0.000000 978.814026
36774.750000 993.179871 0.000000 978.906982
36774.750000 993.179871 0.000000 979.012024
36774.750000 993.179871 0.000000 979.129028
36774.750000 993.179871 0.000000 979.226990
36774.750000 993.179871 0.000000 979.327026
36774.750000 993.179871 0.000000 979.429993
36774.750000 993.179871 0.000000 979.521973
36774.750000 993.179871 0.000000 979.622009
36774.750000 993.179871 0.000000 979.706970
36774.750000 993.179871 0.000000 979.833008
36774.750000 993.179871 0.000000 979.916992
36774.750000 993.179871 0.000000 980.021973
36774.750000 993.179871 0.000000 980.127991
36774.750000 993.179871 0.000000 980.221985
36774.750000 993.179871 0.000000 980.322021
36774.750000 993.179871 0.000000 980.427002
36774.750000 993.179871 0.000000 980.526978
36774.750000 993.179871 0.000000 980.627014
36774.750000 993.179871 0.000000 980.723022
36774.750000 993.179871 0.000000 980.822998
36774.750000 993.179871 0.000000 980.932983
36774.750000 993.179871 0.000000 981.028992
36774.750000 993.179871 0.000000 981.125977
36774.750000 993.179871 0.000000 981.226013
36774.750000 993.179871 0.000000 981.310974
36774.750000 993.179871 0.000000 981.426025
36774.750000 993.179871 0.000000 981.526001
36774.750000 993.179871 0.000000 981.625977
36774.750000 993.179871 0.000000 981.731018
36774.750000 993.179871 0.000000 981.833008
36774.750000 993.179871 0.000000 981.926025
36774.750000 993.179871 0.000000 982.026001
36774.750000 993.179871 0.000000 982.125977
36774.750000 993.179871 0.000000 982.226013
36774.750000 993.179871 0.000000 982.325989
36774.750000 993.179871 0.000000 982.426025
36774.750000 993.179871 0.000000 982.531006
36774.750000 993.179871 0.000000 982.620972
36774.750000 993.179871 0.000000 982.726013
36774.750000 993.179871 0.000000 982.825989
36774.750000 993.179871 0.000000 982.926025
36774.750000 993.179871 0.000000 983.031006
36774.750000 993.179871 0.000000 983.127014
36774.750000 993.179871 0.000000 983.226990
36774.750000 993.179871 0.000000 983.325989
36774.750000 993.179871 0.000000 983.427002
36774.750000 993.179871 0.000000 983.526001
36774.750000 993.179871 0.000000 983.632996
36774.750000 993.179871 0.000000 983.734009
36774.750000 993.179871 0.000000 983.820984
36774.750000 993.179871 0.000000 983.926025
36774.750000 993.179871 0.000000 984.026001
36774.750000 993.179871 0.000000 984.130005
36774.750000 993.179871 0.000000 984.228027
36774.750000 993.179871 0.000000 984.325989
36774.750000 993.179871 0.000000 984.426025
36774.750000 993.179871 0.000000 984.526001
36774.750000 993.179871 0.000000 984.625977
36774.750000 993.179871 0.000000 984.726013
36774.750000 993.179871 0.000000 984.820984
36774.750000 993.179871 0.000000 984.927002
36774.750000 993.179871 0.000000 985.023010
36774.750000 993.179871 0.000000 985.127014
36774.750000 993.179871 0.000000 985.216980
36774.750000 993.179871 0.000000 985.322021
36774.750000 993.179871 0.000000 985.427002
36774.750000 993.179871 0.000000 985.528992
36774.750000 993.179871 0.000000 985.627991
36774.750000 993.179871 0.000000 985.726990
36774.750000 993.179871 0.000000 985.822998
36774.750000 993.179871 0.000000 985.924988
36774.750000 993.179871 0.000000 986.017029
36774.750000 993.179871 0.000000 986.122009
36774.750000 993.179871 0.000000 986.226990
36774.750000 993.179871 0.000000 986.328003
36774.750000 993.179871 0.000000 986.427002
36774.750000 993.179871 0.000000 986.523987
36774.750000 993.179871 0.000000 986.624023
36774.750000 993.179871 0.000000 986.741028
36774.750000 993.179871 0.000000 986.835999
36774.750000 993.179871 0.000000 986.940002
36774.750000 993.179871 0.000000 987.036011
36774.750000 993.179871 0.000000 987.143005
36774.750000 993.179871 0.000000 987.234985
36774.750000 993.179871 0.000000 987.330017
36774.750000 993.179871 0.000000 987.442993
36774.750000 993.179871 0.000000 987.536987
36774.750000 993.179871 0.000000 987.640991
36774.750000 993.179871 0.000000 987.741028
36774.750000 993.179871 0.000000 987.830994
36774.750000 993.179871 0.000000 987.935974
36774.750000 993.179871 0.000000 988.039978
36774.750000 993.179871 0.000000 988.140991
36774.750000 993.179871 0.000000 988.247009
36774.750000 993.179871 0.000000 988.341003
36774.750000 993.179871 0.000000 988.440979
36774.750000 993.179871 0.000000 988.531006
36774.750000 993.179871 0.000000 988.642029
36774.750000 993.179871 0.000000 988.749023
36774.750000 993.179871 0.000000 988.848999
36774.750000 993.179871 0.000000 988.943970
36774.750000 993.179871 0.000000 989.041016
36774.750000 993.179871 0.000000 989.143005
36774.750000 993.179871 0.000000 989.247009
36774.750000 993.179871 0.000000 989.346985
36774.750000 993.179871 0.000000 989.447021
36774.750000 993.179871 0.000000 989.546997
36774.750000 993.179871 0.000000 989.646973
36774.750000 993.179871 0.000000 989.752014
36774.750000 993.179871 0.000000 989.841980
36774.750000 993.179871 0.000000 989.950012
36774.750000 993.179871 0.000000 990.039978
36774.750000 993.179871 0.000000 990.150024
36774.750000 993.179871 0.000000 990.245972
36774.750000 993.179871 0.000000 990.346008
36774.750000 993.179871 0.000000 990.445984
36774.750000 993.179871 0.000000 990.546021
36774.750000 993.179871 0.000000 990.651001
36774.750000 993.179871 0.000000 990.744995
36774.750000 993.179871 0.000000 990.851013
36774.750000 993.179871 0.000000 990.937988
36774.750000 993.179871 0.000000 991.034973
36774.750000 993.179871 0.000000 991.140015
36774.750000 993.179871 0.000000 991.247986
36774.750000 993.179871 0.000000 991.340027
36774.750000 993.179871 0.000000 991.442993
36774.750000 993.179871 0.000000 991.534973
36774.750000 993.179871 0.000000 991.635010
36774.750000 993.179871 0.000000 991.741028
36774.750000 993.179871 0.000000 991.840027
36774.750000 993.179871 0.000000 991.940979
36774.750000 993.179871 0.000000 992.036987
36774.750000 993.179871 0.000000 992.135010
36774.750000 993.179871 0.000000 992.239990
36774.750000 993.179871 0.000000 992.340027
36774.750000 993.179871 0.000000 992.440002
36774.750000 993.179871 0.000000 992.539978
36774.750000 993.179871 0.000000 992.646973
36774.750000 993.179871 0.000000 992.739990
36774.750000 993.179871 0.000000 992.846008
36774.750000 993.179871 0.000000 992.940002
36774.750000 993.179871 0.000000 993.046997
36774.750000 993.179871 0.000000 993.143005
36774.750000 993.179871 0.000000 993.239990
36774.750000 993.179871 0.000000 993.340027
36774.750000 993.179871 0.000000 993.445007
36774.750000 993.179871 0.000000 993.539978
36774.750000 993.179871 0.000000 993.645020
36774.750000 993.179871 0.000000 993.739990
36774.750000 993.179871 0.000000 993.841003
36774.750000 993.179871 0.000000 993.940002
36774.750000 993.179871 0.000000 994.039978
36774.750000 993.179871 0.000000 994.140015
36774.750000 993.179871 0.000000 994.242981
36774.750000 993.179871 0.000000 994.340027
36774.750000 993.179871 0.000000 994.440002
36774.750000 993.179871 0.000000 994.541992
36774.750000 993.179871 0.000000 994.648987
36774.750000 993.179871 0.000000 994.739990
36774.750000 993.179871 0.000000 994.840027
36774.750000 993.179871 0.000000 994.935974
36774.750000 993.179871 0.000000 995.039978
36774.750000 993.179871 0.000000 995.140991
36774.750000 993.179871 0.000000 995.239990
36774.750000 993.179871 0.000000 995.340027
36774.750000 993.179871 0.000000 995.440002
36774.750000 993.179871 0.000000 995.539001
36774.750000 993.179871 0.000000 995.632996
36774.750000 993.179871 0.000000 995.750000
36774.750000 993.179871 0.000000 995.849976
36774.750000 993.179871 0.000000 995.934998
36774.750000 993.179871 0.000000 996.051025
36774.750000 993.179871 0.000000 996.145020
36774.750000 993.179871 0.000000 996.239990
36774.750000 993.179871 0.000000 996.341003
36774.750000 993.179871 0.000000 996.447998
36774.750000 993.179871 0.000000 996.544983
36774.750000 993.179871 0.000000 996.648010
36774.750000 993.179871 0.000000 996.744995
36774.750000 993.179871 0.000000 996.848022
36774.750000 993.179871 0.000000 996.940002
36774.750000 993.179871 0.000000 997.039978
36774.750000 993.179871 0.000000 997.135010
36774.750000 993.179871 0.000000 997.239990
36774.750000 993.179871 0.000000 997.349976
36774.750000 993.179871 0.000000 997.440002
36774.750000 993.179871 0.000000 997.549988
36774.750000 993.179871 0.000000 997.650024
36774.750000 993.179871 0.000000 997.750000
36774.750000 993.179871 0.000000 997.843018
36774.750000 993.179871 0.000000 997.940979
36774.750000 993.179871 0.000000 998.041016
36774.750000 993.179871 0.000000 998.130981
36774.750000 993.179871 0.000000 998.249023
36774.750000 993.179871 0.000000 998.341003
36774.750000 993.179871 0.000000 998.440979
36774.750000 993.179871 0.000000 998.546021
36774.750000 993.179871 0.000000 998.642029
36774.750000 993.179871 0.000000 998.745972
36774.750000 993.179871 0.000000 998.841003
36774.750000 993.179871 0.000000 998.945984
36774.750000 993.179871 0.000000 999.041016
36774.750000 993.179871 0.000000 999.137024
36774.750000 993.179871 0.000000 999.242981
36774.750000 993.179871 0.000000 999.346008
36774.750000 993.179871 0.000000 999.445984
36774.750000 993.179871 0.000000 999.546021
36774.750000 993.179871 0.000000 999.640991
36774.750000 993.179871 0.000000 999.742004
36774.750000 993.179871 0.000000 999.846008
36774.750000 993.179871 0.000000 999.926025
36774.750000 993.179871 0.000000 1000.041016
36774.750000 993.179871 0.000000 1000.146973
36774.750000 993.179871 0.000000 1000.241028
36774.750000 993.179871 0.000000 1000.348999
36774.750000 993.179871 0.000000 1000.442993
36774.750000 993.179871 0.000000 1000.543030
36774.750000 993.179871 0.000000 1000.643005
36774.750000 993.179871 0.000000 1000.742981
36774.750000 993.179871 0.000000 1000.843018
36774.750000 993.179871 0.000000 1000.942993
36774.750000 993.179871 0.000000 1001.047974
36774.750000 993.179871 0.000000 1001.143005
36774.750000 993.179871 0.000000 1001.242981
36774.750000 993.179871 0.000000 1001.343994
36774.750000 993.179871 0.000000 1001.443970
36774.750000 993.179871 0.000000 1001.544006
36774.750000 993.179871 0.000000 1001.642029
36774.750000 993.179871 0.000000 1001.752014
36774.750000 993.179871 0.000000 1001.851990
36774.750000 993.179871 0.000000 1001.947021
36774.750000 993.179871 0.000000 1002.049988
36774.750000 993.179871 0.000000 1002.143982
36774.750000 993.179871 0.000000 1002.244995
36774.750000 993.179871 0.000000 1002.343018
36774.750000 993.179871 0.000000 1002.452026
36774.750000 993.179871 0.000000 1002.539001
36774.750000 993.179871 0.000000 1002.643982
36774.750000 993.179871 0.000000 1002.744019
36774.750000 993.179871 0.000000 1002.854004
36774.750000 993.179871 0.000000 1002.934998
36774.750000 993.179871 0.000000 1003.039978
36774.750000 993.179871 0.000000 1003.140015
36774.750000 993.179871 0.000000 1003.234985
36774.750000 993.179871 0.000000 1003.349976
36774.750000 993.179871 0.000000 1003.445007
36774.750000 993.179871 0.000000 1003.544983
36774.750000 993.179871 0.000000 1003.645020
36774.750000 993.179871 0.000000 1003.744995
36774.750000 993.179871 0.000000 1003.851990
36774.750000 993.179871 0.000000 1003.950989
36774.750000 993.179871 0.000000 1004.046997
36774.750000 993.179871 0.000000 1004.145996
36774.750000 993.179871 0.000000 1004.245972
36774.750000 993.179871 0.000000 1004.346985
36774.750000 993.179871 0.000000 1004.447998
36774.750000 993.179871 0.000000 1004.549988
36774.750000 993.179871 0.000000 1004.650024
36774.750000 993.179871 0.000000 1004.750000
36774.750000 993.179871 0.000000 1004.846008
36774.750000 993.179871 0.000000 1004.940979
36774.750000 993.179871 0.000000 1005.041016
36774.750000 993.179871 0.000000 1005.140991
36774.750000 993.179871 0.000000 1005.241028
36774.750000 993.179871 0.000000 1005.341003
36774.750000 993.179871 0.000000 1005.440979
36774.750000 993.179871 0.000000 1005.560974
36774.750000 993.179871 0.000000 1005.640991
36774.750000 993.179871 0.000000 1005.736023
36774.750000 993.179871 0.000000 1005.846985
36774.750000 993.179871 0.000000 1005.940979
36774.750000 993.179871 0.000000 1006.041016
36774.750000 993.179871 0.000000 1006.145996
36774.750000 993.179871 0.000000 1006.231018
36774.750000 993.179871 0.000000 1006.346008
36774.750000 993.179871 0.000000 1006.440979
36774.750000 993.179871 0.000000 1006.546021
36774.750000 993.179871 0.000000 1006.640991
36774.750000 993.179871 0.000000 1006.747009
36774.750000 993.179871 0.000000 1006.846008
36774.750000 993.179871 0.000000 1006.940979
36774.750000 993.179871 0.000000 1007.046997
36774.750000 993.179871 0.000000 1007.148010
36774.750000 993.179871 0.000000 1007.255005
36774.750000 993.179871 0.000000 1007.340027
36774.750000 993.179871 0.000000 1007.450012
36774.750000 993.179871 0.000000 1007.547974
36774.750000 993.179871 0.000000 1007.640991
36774.750000 993.179871 0.000000 1007.741028
36774.750000 993.179871 0.000000 1007.848022
36774.750000 993.179871 0.000000 1007.947998
36774.750000 993.179871 0.000000 1008.052979
36774.750000 993.179871 0.000000 1008.140991
36774.750000 993.179871 0.000000 1008.245972
36774.750000 993.179871 0.000000 1008.341003
36774.750000 993.179871 0.000000 1008.448975
36774.750000 993.179871 0.000000 1008.539978
36774.750000 993.179871 0.000000 1008.642029
36774.750000 993.179871 0.000000 1008.744995
36774.750000 993.179871 0.000000 1008.838013
36774.750000 993.179871 0.000000 1008.942017
36774.750000 993.179871 0.000000 1009.041992
36774.750000 993.179871 0.000000 1009.146973
36774.750000 993.179871 0.000000 1009.242004
36774.750000 993.179871 0.000000 1009.346985
36774.750000 993.179871 0.000000 1009.442017
36774.750000 993.179871 0.000000 1009.544006
36774.750000 993.179871 0.000000 1009.643005
36774.750000 993.179871 0.000000 1009.742004
36774.750000 993.179871 0.000000 1009.841980
36774.750000 993.179871 0.000000 1009.932007
36774.750000 993.179871 0.000000 1010.041992
36774.750000 993.179871 0.000000 1010.148010
36774.750000 993.179871 0.000000 1010.244019
36774.750000 993.179871 0.000000 1010.341980
36774.750000 993.179871 0.000000 1010.442017
36774.750000 993.179871 0.000000 1010.541992
36774.875000 993.179871 0.000000 1010.650024
36774.875000 993.179871 0.000000 1010.750000
36774.875000 993.179871 0.000000 1010.849976
36774.875000 993.179871 0.000000 1010.950012
36774.875000 993.179871 0.000000 1011.049988
36774.875000 993.179871 0.000000 1011.142029
36774.875000 993.179871 0.000000 1011.242004
36774.875000 993.179871 0.000000 1011.336975
36774.875000 993.179871 0.000000 1011.443970
36774.875000 993.179871 0.000000 1011.544006
36774.875000 993.179871 0.000000 1011.638977
36774.875000 993.179871 0.000000 1011.739014
36774.875000 993.179871 0.000000 1011.843994
36774.875000 993.179871 0.000000 1011.953003
36774.875000 993.179871 0.000000 1012.039001
36774.875000 993.179871 0.000000 1012.145020
36774.875000 993.179871 0.000000 1012.250000
36774.875000 993.179871 0.000000 1012.328979
36774.875000 993.179871 0.000000 1012.450989
36774.875000 993.179871 0.000000 1012.551025
36774.875000 993.179871 0.000000 1012.651001
36774.875000 993.179871 0.000000 1012.750977
36774.875000 993.179871 0.000000 1012.851013
36774.875000 993.179871 0.000000 1012.950989
36774.875000 993.179871 0.000000 1013.051025
36774.875000 993.179871 0.000000 1013.151001
36774.875000 993.179871 0.000000 1013.250977
36774.875000 993.179871 0.000000 1013.351013
36774.875000 993.179871 0.000000 1013.450989
36774.875000 993.179871 0.000000 1013.552002
36774.875000 993.179871 0.000000 1013.648987
36774.875000 993.179871 0.000000 1013.747986
36774.875000 993.179871 0.000000 1013.848022
36774.875000 993.179871 0.000000 1013.963013
36774.875000 993.179871 0.000000 1014.054993
36774.875000 993.179871 0.000000 1014.148010
36774.875000 993.179871 0.000000 1014.250977
36774.875000 993.179871 0.000000 1014.356018
36774.875000 993.179871 0.000000 1014.450989
36774.875000 993.179871 0.000000 1014.551025
36774.875000 993.179871 0.000000 1014.664001
36774.875000 993.179871 0.000000 1014.752014
36774.875000 993.179871 0.000000 1014.851013
36774.875000 993.179871 0.000000 1014.950989
36774.875000 993.179871 0.000000 1015.051025
36774.875000 993.179871 0.000000 1015.156982
36774.875000 993.179871 0.000000 1015.252014
36774.875000 993.179871 0.000000 1015.351990
36774.875000 993.179871 0.000000 1015.452026
36774.875000 993.179871 0.000000 1015.552002
36774.875000 993.179871 0.000000 1015.651978
36774.875000 993.179871 0.000000 1015.762024
36774.875000 993.179871 0.000000 1015.851990
36774.875000 993.179871 0.000000 1015.952026
36774.875000 993.179871 0.000000 1016.062012
36774.875000 993.179871 0.000000 1016.161987
36774.875000 993.179871 0.000000 1016.262024
36774.875000 993.179871 0.000000 1016.357971
36774.875000 993.179871 0.000000 1016.447021
36774.875000 993.179871 0.000000 1016.552002
36774.875000 993.179871 0.000000 1016.651978
36774.875000 993.179871 0.000000 1016.757019
36774.875000 993.179871 0.000000 1016.851990
36774.875000 993.179871 0.000000 1016.952026
36774.875000 993.179871 0.000000 1017.054016
36774.875000 993.179871 0.000000 1017.151978
36774.875000 993.179871 0.000000 1017.257996
36774.875000 993.179871 0.000000 1017.354980
36774.875000 993.179871 0.000000 1017.455017
36774.875000 993.179871 0.000000 1017.549988
36774.875000 993.179871 0.000000 1017.659973
36774.875000 993.179871 0.000000 1017.763000
36774.875000 993.179871 0.000000 1017.856018
36774.875000 993.179871 0.000000 1017.950012
36774.875000 993.179871 0.000000 1018.059021
36774.875000 993.179871 0.000000 1018.158997
36774.875000 993.179871 0.000000 1018.258972
36774.875000 993.179871 0.000000 1018.349976
36774.875000 993.179871 0.000000 1018.455017
36774.875000 993.179871 0.000000 1018.549988
36774.875000 993.179871 0.000000 1018.650024
36774.875000 993.179871 0.000000 1018.750000
36774.875000 993.179871 0.000000 1018.854980
36774.875000 993.179871 0.000000 1018.950989
36774.875000 993.179871 0.000000 1019.059998
36774.875000 993.179871 0.000000 1019.155029
36774.875000 993.179871 0.000000 1019.255005
36774.875000 993.179871 0.000000 1019.354980
36774.875000 993.179871 0.000000 1019.445984
36774.875000 993.179871 0.000000 1019.549988
36774.875000 993.179871 0.000000 1019.655029
36774.875000 993.179871 0.000000 1019.755981
36774.875000 993.179871 0.000000 1019.849976
36774.875000 993.179871 0.000000 1019.956970
36774.875000 993.179871 0.000000 1020.059021
36774.875000 993.179871 0.000000 1020.151001
36774.875000 993.179871 0.000000 1020.255981
36774.875000 993.179871 0.000000 1020.364990
36774.875000 993.179871 0.000000 1020.465027
36774.875000 993.179871 0.000000 1020.551025
36774.875000 993.179871 0.000000 1020.661011
36774.875000 993.179871 0.000000 1020.758972
36774.875000 993.179871 0.000000 1020.851013
36774.875000 993.179871 0.000000 1020.968018
36774.875000 993.179871 0.000000 1021.052002
36774.875000 993.179871 0.000000 1021.163025
36774.875000 993.179871 0.000000 1021.260986
36774.875000 993.179871 0.000000 1021.361023
36774.875000 993.179871 0.000000 1021.450989
36774.875000 993.179871 0.000000 1021.552002
36774.875000 993.179871 0.000000 1021.668030
36774.875000 993.179871 0.000000 1021.762024
36774.875000 993.179871 0.000000 1021.862000
36774.875000 993.179871 0.000000 1021.960022
36774.875000 993.179871 0.000000 1022.060974
36774.875000 993.179871 0.000000 1022.158997
36774.875000 993.179871 0.000000 1022.257996
36774.875000 993.179871 0.000000 1022.367004
36774.875000 993.179871 0.000000 1022.458984
36774.875000 993.179871 0.000000 1022.557983
36774.875000 993.179871 0.000000 1022.658997
36774.875000 993.179871 0.000000 1022.752991
36774.875000 993.179871 0.000000 1022.859985
36774.875000 993.179871 0.000000 1022.960999
36774.875000 993.179871 0.000000 1023.057007
36774.875000 993.179871 0.000000 1023.156006
36774.875000 993.179871 0.000000 1023.260986
36774.875000 993.179871 0.000000 1023.366028
36774.875000 993.179871 0.000000 1023.456970
36774.875000 993.179871 0.000000 1023.556030
36774.875000 993.179871 0.000000 1023.656982
36774.875000 993.179871 0.000000 1023.760986
36774.875000 993.179871 0.000000 1023.856995
36774.875000 993.179871 0.000000 1023.960999
36774.875000 993.179871 0.000000 1024.056030
36774.875000 993.179871 0.000000 1024.156006
36774.875000 993.179871 0.000000 1024.266968
36774.875000 993.179871 0.000000 1024.360962
36774.875000 993.179871 0.000000 1024.461060
36774.875000 993.179871 0.000000 1024.561035
36774.875000 993.179871 0.000000 1024.660034
36774.875000 993.179871 0.000000 1024.765991
36774.875000 993.179871 0.000000 1024.854980
36774.875000 993.179871 0.000000 1024.961060
36774.875000 993.179871 0.000000 1025.056030
36774.875000 993.179871 0.000000 1025.161011
36774.875000 993.179871 0.000000 1025.258057
36774.875000 993.179871 0.000000 1025.355957
36774.875000 993.179871 0.000000 1025.468018
36774.875000 993.179871 0.000000 1025.562988
36774.875000 993.179871 0.000000 1025.666016
36774.875000 993.179871 0.000000 1025.756958
36774.875000 993.179871 0.000000 1025.855957
36774.875000 993.179871 0.000000 1025.959961
36774.875000 993.179871 0.000000 1026.060059
36774.875000 993.179871 0.000000 1026.160034
36774.875000 993.179871 0.000000 1026.272949
36774.875000 993.179871 0.000000 1026.373047
36774.875000 993.179871 0.000000 1026.454956
36774.875000 993.179871 0.000000 1026.564941
36774.875000 993.179871 0.000000 1026.665039
36774.875000 993.179871 0.000000 1026.760010
36774.875000 993.179871 0.000000 1026.874023
36774.875000 993.179871 0.000000 1026.968994
36774.875000 993.179871 0.000000 1027.073975
36774.875000 993.179871 0.000000 1027.173950
36774.875000 993.179871 0.000000 1027.261963
36774.875000 993.179871 0.000000 1027.364990
36774.875000 993.179871 0.000000 1027.464966
36774.875000 993.179871 0.000000 1027.561035
36774.875000 993.179871 0.000000 1027.660034
36774.875000 993.179871 0.000000 1027.760010
36774.875000 993.179871 0.000000 1027.868042
36774.875000 993.179871 0.000000 1027.964966
36774.875000 993.179871 0.000000 1028.067017
36774.875000 993.179871 0.000000 1028.162964
36774.875000 993.179871 0.000000 1028.262939
36774.875000 993.179871 0.000000 1028.362061
36774.875000 993.179871 0.000000 1028.470947
36774.875000 993.179871 0.000000 1028.562012
36774.875000 993.179871 0.000000 1028.671997
36774.875000 993.179871 0.000000 1028.770996
36774.875000 993.179871 0.000000 1028.869995
36774.875000 993.179871 0.000000 1028.962036
36774.875000 993.179871 0.000000 1029.062012
36774.875000 993.179871 0.000000 1029.171997
36774.875000 993.179871 0.000000 1029.271973
36774.875000 993.179871 0.000000 1029.366943
36774.875000 993.179871 0.000000 1029.463989
36774.875000 993.179871 0.000000 1029.563965
36774.875000 993.179871 0.000000 1029.657959
36774.875000 993.179871 0.000000 1029.760010
36774.875000 993.179871 0.000000 1029.864014
36774.875000 993.179871 0.000000 1029.963989
36774.875000 993.179871 0.000000 1030.058960
36774.875000 993.179871 0.000000 1030.163940
36774.875000 993.179871 0.000000 1030.264038
36774.875000 993.179871 0.000000 1030.365967
36774.875000 993.179871 0.000000 1030.465942
36774.875000 993.179871 0.000000 1030.563965
36774.875000 993.179871 0.000000 1030.659058
36774.875000 993.179871 0.000000 1030.754028
36774.875000 993.179871 0.000000 1030.862061
36774.875000 993.179871 0.000000 1030.969971
36774.875000 993.179871 0.000000 1031.063965
36774.875000 993.179871 0.000000 1031.170044
36774.875000 993.179871 0.000000 1031.265015
36774.875000 993.179871 0.000000 1031.364014
36774.875000 993.179871 0.000000 1031.464966
36774.875000 993.179871 0.000000 1031.563965
36774.875000 993.179871 0.000000 1031.663940
36774.875000 993.179871 0.000000 1031.764038
36774.875000 993.179871 0.000000 1031.871948
36774.875000 993.179871 0.000000 1031.953979
36774.875000 993.179871 0.000000 1032.063965
36774.875000 993.179871 0.000000 1032.163940
36774.875000 993.179871 0.000000 1032.269043
36774.875000 993.179871 0.000000 1032.364014
36774.875000 993.179871 0.000000 1032.458984
36774.875000 993.179871 0.000000 1032.563965
36774.875000 993.179871 0.000000 1032.665039
36774.875000 993.179871 0.000000 1032.764038
36774.875000 993.179871 0.000000 1032.864990
36774.875000 993.179871 0.000000 1032.963989
36774.875000 993.179871 0.000000 1033.067017
36774.875000 993.179871 0.000000 1033.163940
36774.875000 993.179871 0.000000 1033.259033
36774.875000 993.179871 0.000000 1033.359009
36774.875000 993.179871 0.000000 1033.463989
36774.875000 993.179871 0.000000 1033.567993
36774.875000 993.179871 0.000000 1033.665039
36774.875000 993.179871 0.000000 1033.760010
36774.875000 993.179871 0.000000 1033.850952
36774.875000 993.179871 0.000000 1033.959961
36774.875000 993.179871 0.000000 1034.060059
36774.875000 993.179871 0.000000 1034.166016
36774.875000 993.179871 0.000000 1034.264038
36774.875000 993.179871 0.000000 1034.369019
36774.875000 993.179871 0.000000 1034.473999
36774.875000 993.179871 0.000000 1034.562988
36774.875000 993.179871 0.000000 1034.652954
36774.875000 993.179871 0.000000 1034.767944
36774.875000 993.179871 0.000000 1034.873047
36774.875000 993.179871 0.000000 1034.973022
36774.875000 993.179871 0.000000 1035.072998
36774.875000 993.179871 0.000000 1035.172974
36774.875000 993.179871 0.000000 1035.272949
36774.875000 993.179871 0.000000 1035.373047
36774.875000 993.179871 0.000000 1035.473022
36774.875000 993.179871 0.000000 1035.572998
36774.875000 993.179871 0.000000 1035.667969
36774.875000 993.179871 0.000000 1035.765015
36774.875000 993.179871 0.000000 1035.863037
36774.875000 993.179871 0.000000 1035.958008
36774.875000 993.179871 0.000000 1036.067993
36774.875000 993.179871 0.000000 1036.160034
36774.875000 993.179871 0.000000 1036.262939
36774.875000 993.179871 0.000000 1036.354004
36774.875000 993.179871 0.000000 1036.463989
36774.875000 993.179871 0.000000 1036.562988
36774.875000 993.179871 0.000000 1036.680054
36774.875000 993.179871 0.000000 1036.772949
36774.875000 993.179871 0.000000 1036.873047
36774.875000 993.179871 0.000000 1036.979004
36774.875000 993.179871 0.000000 1037.078979
36774.875000 993.179871 0.000000 1037.173950
36774.875000 993.179871 0.000000 1037.274048
36774.875000 993.179871 0.000000 1037.364014
36774.875000 993.179871 0.000000 1037.482056
36774.875000 993.179871 0.000000 1037.578979
36774.875000 993.179871 0.000000 1037.678955
36775.000000 993.179871 0.000000 1037.775024
36775.000000 993.179871 0.000000 1037.886963
36775.000000 993.179871 0.000000 1037.968994
36775.000000 993.179871 0.000000 1038.073975
36775.000000 993.179871 0.000000 1038.173950
36775.000000 993.179871 0.000000 1038.280029
36775.000000 993.179871 0.000000 1038.374023
36775.000000 993.179871 0.000000 1038.474976
36775.000000 993.179871 0.000000 1038.578003
36775.000000 993.179871 0.000000 1038.682983
36775.000000 993.179871 0.000000 1038.779053
36775.000000 993.179871 0.000000 1038.884033
36775.000000 993.179871 0.000000 1038.989014
36775.000000 993.179871 0.000000 1039.083008
36775.000000 993.179871 0.000000 1039.182983
36775.000000 993.179871 0.000000 1039.284058
36775.000000 993.179871 0.000000 1039.380981
36775.000000 993.179871 0.000000 1039.479004
36775.000000 993.179871 0.000000 1039.578979
36775.000000 993.179871 0.000000 1039.687988
36775.000000 993.179871 0.000000 1039.772949
36775.000000 993.179871 0.000000 1039.879028
36775.000000 993.179871 0.000000 1040.006958
36775.000000 993.179871 0.000000 1040.087036
36775.000000 993.179871 0.000000 1040.178955
36775.000000 993.179871 0.000000 1040.279053
36775.000000 993.179871 0.000000 1040.378052
36775.000000 993.179871 0.000000 1040.479980
36775.000000 993.179871 0.000000 1040.576050
36775.000000 993.179871 0.000000 1040.665039
36775.000000 993.179871 0.000000 1040.782959
36775.000000 993.179871 0.000000 1040.879028
36775.000000 993.179871 0.000000 1040.978027
36775.000000 993.179871 0.000000 1041.078979
36775.000000 993.179871 0.000000 1041.185059
36775.000000 993.179871 0.000000 1041.275024
36775.000000 993.179871 0.000000 1041.378052
36775.000000 993.179871 0.000000 1041.469971
36775.000000 993.179871 0.000000 1041.579956
36775.000000 993.179871 0.000000 1041.680054
36775.000000 993.179871 0.000000 1041.776001
36775.000000 993.179871 0.000000 1041.884033
36775.000000 993.179871 0.000000 1041.979980
36775.000000 993.179871 0.000000 1042.079956
36775.000000 993.179871 0.000000 1042.180054
36775.000000 993.179871 0.000000 1042.280029
36775.000000 993.179871 0.000000 1042.380005
36775.000000 993.179871 0.000000 1042.482056
36775.000000 993.179871 0.000000 1042.587036
36775.000000 993.179871 0.000000 1042.688965
36775.000000 993.179871 0.000000 1042.784058
36775.000000 993.179871 0.000000 1042.889038
36775.000000 993.179871 0.000000 1042.969971
36775.000000 993.179871 0.000000 1043.074951
36775.000000 993.179871 0.000000 1043.177979
36775.000000 993.179871 0.000000 1043.276001
36775.000000 993.179871 0.000000 1043.375977
36775.000000 993.179871 0.000000 1043.487061
36775.000000 993.179871 0.000000 1043.576050
36775.000000 993.179871 0.000000 1043.676025
36775.000000 993.179871 0.000000 1043.776001
36775.000000 993.179871 0.000000 1043.881958
36775.000000 993.179871 0.000000 1043.978027
36775.000000 993.179871 0.000000 1044.081055
36775.000000 993.179871 0.000000 1044.176025
36775.000000 993.179871 0.000000 1044.286011
36775.000000 993.179871 0.000000 1044.375977
36775.000000 993.179871 0.000000 1044.485962
36775.000000 993.179871 0.000000 1044.595947
36775.000000 993.179871 0.000000 1044.686035
36775.000000 993.179871 0.000000 1044.781006
36775.000000 993.179871 0.000000 1044.880981
36775.000000 993.179871 0.000000 1044.985962
36775.000000 993.179871 0.000000 1045.090942
36775.000000 993.179871 0.000000 1045.182983
36775.000000 993.179871 0.000000 1045.287964
36775.000000 993.179871 0.000000 1045.395020
36775.000000 993.179871 0.000000 1045.494995
36775.000000 993.179871 0.000000 1045.594971
36775.000000 993.179871 0.000000 1045.689941
36775.000000 993.179871 0.000000 1045.790039
36775.000000 993.179871 0.000000 1045.880981
36775.000000 993.179871 0.000000 1045.984009
36775.000000 993.179871 0.000000 1046.088013
36775.000000 993.179871 0.000000 1046.187012
36775.000000 993.179871 0.000000 1046.282959
36775.000000 993.179871 0.000000 1046.383057
36775.000000 993.179871 0.000000 1046.483032
36775.000000 993.179871 0.000000 1046.583008
36775.000000 993.179871 0.000000 1046.682983
36775.000000 993.179871 0.000000 1046.785034
36775.000000 993.179871 0.000000 1046.883057
36775.000000 993.179871 0.000000 1046.989990
36775.000000 993.179871 0.000000 1047.083984
36775.000000 993.179871 0.000000 1047.188965
36775.000000 993.179871 0.000000 1047.277954
36775.000000 993.179871 0.000000 1047.378052
36775.000000 993.179871 0.000000 1047.490967
36775.000000 993.179871 0.000000 1047.583984
36775.000000 993.179871 0.000000 1047.678955
36775.000000 993.179871 0.000000 1047.784058
36775.000000 993.179871 0.000000 1047.884033
36775.000000 993.179871 0.000000 1047.985962
36775.000000 993.179871 0.000000 1048.081055
36775.000000 993.179871 0.000000 1048.171021
36775.000000 993.179871 0.000000 1048.281006
36775.000000 993.179871 0.000000 1048.383057
36775.000000 993.179871 0.000000 1048.483032
36775.000000 993.179871 0.000000 1048.588013
36775.000000 993.179871 0.000000 1048.692993
36775.000000 993.179871 0.000000 1048.782959
36775.000000 993.179871 0.000000 1048.879028
36775.000000 993.179871 0.000000 1048.973022
36775.000000 993.179871 0.000000 1049.083008
36775.000000 993.179871 0.000000 1049.189941
36775.000000 993.179871 0.000000 1049.287964
36775.000000 993.179871 0.000000 1049.381958
36775.000000 993.179871 0.000000 1049.487061
36775.000000 993.179871 0.000000 1049.588013
36775.000000 993.179871 0.000000 1049.687988
36775.000000 993.179871 0.000000 1049.786987
36775.000000 993.179871 0.000000 1049.895996
36775.000000 993.179871 0.000000 1049.987061
36775.000000 993.179871 0.000000 1050.088013
36775.000000 993.179871 0.000000 1050.187012
36775.000000 993.179871 0.000000 1050.286987
36775.000000 993.179871 0.000000 1050.392944
36775.000000 993.179871 0.000000 1050.487061
36775.000000 993.179871 0.000000 1050.587036
36775.000000 993.179871 0.000000 1050.682007
36775.000000 993.179871 0.000000 1050.786987
36775.000000 993.179871 0.000000 1050.895020
36775.000000 993.179871 0.000000 1050.988037
36775.000000 993.179871 0.000000 1051.087036
36775.000000 993.179871 0.000000 1051.187988
36775.000000 993.179871 0.000000 1051.286987
36775.000000 993.179871 0.000000 1051.381958
36775.000000 993.179871 0.000000 1051.487061
36775.000000 993.179871 0.000000 1051.587036
36775.000000 993.179871 0.000000 1051.687012
36775.000000 993.179871 0.000000 1051.786987
36775.000000 993.179871 0.000000 1051.887939
36775.000000 993.179871 0.000000 1051.994995
36775.000000 993.179871 0.000000 1052.094971
36775.000000 993.179871 0.000000 1052.186035
36775.000000 993.179871 0.000000 1052.284058
36775.000000 993.179871 0.000000 1052.394043
36775.000000 993.179871 0.000000 1052.489014
36775.000000 993.179871 0.000000 1052.593994
36775.000000 993.179871 0.000000 1052.687012
36775.000000 993.179871 0.000000 1052.791992
36775.000000 993.179871 0.000000 1052.886963
36775.000000 993.179871 0.000000 1052.988037
36775.000000 993.179871 0.000000 1053.083008
36775.000000 993.179871 0.000000 1053.182983
36775.000000 993.179871 0.000000 1053.277954
36775.000000 993.179871 0.000000 1053.387939
36775.000000 993.179871 0.000000 1053.488037
36775.000000 993.179871 0.000000 1053.583984
36775.000000 993.179871 0.000000 1053.687988
36775.000000 993.179871 0.000000 1053.782959
36775.000000 993.179871 0.000000 1053.887939
36775.000000 993.179871 0.000000 1053.983032
36775.000000 993.179871 0.000000 1054.083984
36775.000000 993.179871 0.000000 1054.187988
36775.000000 993.179871 0.000000 1054.287964
36775.000000 993.179871 0.000000 1054.387939
36775.000000 993.179871 0.000000 1054.489014
36775.000000 993.179871 0.000000 1054.588013
36775.000000 993.179871 0.000000 1054.692993
36775.000000 993.179871 0.000000 1054.790039
36775.000000 993.179871 0.000000 1054.887939
36775.000000 993.179871 0.000000 1054.994019
36775.000000 993.179871 0.000000 1055.088013
36775.000000 993.179871 0.000000 1055.187988
36775.000000 993.179871 0.000000 1055.287964
36775.000000 993.179871 0.000000 1055.384033
36775.000000 993.179871 0.000000 1055.483032
36775.000000 993.179871 0.000000 1055.588013
36775.000000 993.179871 0.000000 1055.687988
36775.000000 993.179871 0.000000 1055.777954
36775.000000 993.179871 0.000000 1055.890015
36775.000000 993.179871 0.000000 1055.984985
36775.000000 993.179871 0.000000 1056.074951
36775.000000 993.179871 0.000000 1056.189941
36775.000000 993.179871 0.000000 1056.280029
36775.000000 993.179871 0.000000 1056.390991
36775.000000 993.179871 0.000000 1056.489990
36775.000000 993.179871 0.000000 1056.589966
36775.000000 993.179871 0.000000 1056.694946
36775.000000 993.179871 0.000000 1056.791992
36775.000000 993.179871 0.000000 1056.890015
36775.000000 993.179871 0.000000 1056.985962
36775.000000 993.179871 0.000000 1057.098022
36775.000000 993.179871 0.000000 1057.197998
36775.000000 993.179871 0.000000 1057.290039
36775.000000 993.179871 0.000000 1057.391968
36775.000000 993.179871 0.000000 1057.489990
36775.000000 993.179871 0.000000 1057.586060
36775.000000 993.179871 0.000000 1057.691040
36775.000000 993.179871 0.000000 1057.785034
36775.000000 993.179871 0.000000 1057.885986
36775.000000 993.179871 0.000000 1057.991943
36775.000000 993.179871 0.000000 1058.093994
36775.000000 993.179871 0.000000 1058.188965
36775.000000 993.179871 0.000000 1058.292969
36775.000000 993.179871 0.000000 1058.385986
36775.000000 993.179871 0.000000 1058.490967
36775.000000 993.179871 0.000000 1058.598022
36775.000000 993.179871 0.000000 1058.697998
36775.000000 993.179871 0.000000 1058.792969
36775.000000 993.179871 0.000000 1058.891968
36775.000000 993.179871 0.000000 1058.987061
36775.000000 993.179871 0.000000 1059.087036
36775.000000 993.179871 0.000000 1059.192017
36775.000000 993.179871 0.000000 1059.288940
36775.000000 993.179871 0.000000 1059.387939
36775.000000 993.179871 0.000000 1059.500977
36775.000000 993.179871 0.000000 1059.598022
36775.000000 993.179871 0.000000 1059.697998
36775.000000 993.179871 0.000000 1059.795044
36775.000000 993.179871 0.000000 1059.891968
36775.000000 993.179871 0.000000 1059.998047
36775.000000 993.179871 0.000000 1060.093018
36775.000000 993.179871 0.000000 1060.193970
36775.000000 993.179871 0.000000 1060.302002
36775.000000 993.179871 0.000000 1060.401978
36775.000000 993.179871 0.000000 1060.501953
36775.000000 993.179871 0.000000 1060.602051
36775.000000 993.179871 0.000000 1060.702026
36775.000000 993.179871 0.000000 1060.796997
36775.000000 993.179871 0.000000 1060.886963
36775.000000 993.179871 0.000000 1060.987061
36775.000000 993.179871 0.000000 1061.107056
36775.000000 993.179871 0.000000 1061.197021
36775.000000 993.179871 0.000000 1061.292969
36775.000000 993.179871 0.000000 1061.396973
36775.000000 993.179871 0.000000 1061.504028
36775.000000 993.179871 0.000000 1061.583008
36775.000000 993.179871 0.000000 1061.697998
36775.000000 993.179871 0.000000 1061.805054
36775.000000 993.179871 0.000000 1061.897949
36775.000000 993.179871 0.000000 1061.993042
36775.000000 993.179871 0.000000 1062.098022
36775.000000 993.179871 0.000000 1062.199951
36775.000000 993.179871 0.000000 1062.292969
36775.000000 993.179871 0.000000 1062.401978
36775.000000 993.179871 0.000000 1062.505981
36775.000000 993.179871 0.000000 1062.598022
36775.000000 993.179871 0.000000 1062.697998
36775.000000 993.179871 0.000000 1062.797974
36775.000000 993.179871 0.000000 1062.904053
36775.000000 993.179871 0.000000 1062.993042
36775.000000 993.179871 0.000000 1063.098022
36775.000000 993.179871 0.000000 1063.202026
36775.000000 993.179871 0.000000 1063.297974
36775.000000 993.179871 0.000000 1063.399048
36775.000000 993.179871 0.000000 1063.511963
36775.000000 993.179871 0.000000 1063.607056
36775.000000 993.179871 0.000000 1063.703979
36775.000000 993.179871 0.000000 1063.798950
36775.000000 993.179871 0.000000 1063.901978
36775.000000 993.179871 0.000000 1063.999023
36775.000000 993.179871 0.000000 1064.098999
36775.000000 993.179871 0.000000 1064.206055
36775.000000 993.179871 0.000000 1064.298950
36775.000000 993.179871 0.000000 1064.399048
36775.000000 993.179871 0.000000 1064.500000
36775.000000 993.179871 0.000000 1064.609985
36775.000000 993.179871 0.000000 1064.697021
36775.000000 993.179871 0.000000 1064.802979
36775.000000 993.179871 0.000000 1064.910034
36775.000000 993.179871 0.000000 1065.006958
36775.000000 993.179871 0.000000 1065.103027
36775.000000 993.179871 0.000000 1065.202026
36775.000000 993.179871 0.000000 1065.302979
36775.000000 993.179871 0.000000 1065.402954
36775.000000 993.179871 0.000000 1065.505005
36775.000000 993.179871 0.000000 1065.598999
36775.000000 993.179871 0.000000 1065.702026
36775.000000 993.179871 0.000000 1065.802002
36775.000000 993.179871 0.000000 1065.906006
36775.000000 993.179871 0.000000 1066.005981
36775.000000 993.179871 0.000000 1066.105957
36775.000000 993.179871 0.000000 1066.201050
36775.000000 993.179871 0.000000 1066.302002
36775.000000 993.179871 0.000000 1066.395996
36775.000000 993.179871 0.000000 1066.510986
36775.000000 993.179871 0.000000 1066.610962
36775.000000 993.179871 0.000000 1066.711060
36775.000000 993.179871 0.000000 1066.811035
36775.000000 993.179871 0.000000 1066.911011
36775.000000 993.179871 0.000000 1067.010986
36775.000000 993.179871 0.000000 1067.110962
36775.000000 993.179871 0.000000 1067.201050
36775.000000 993.179871 0.000000 1067.302002
36775.000000 993.179871 0.000000 1067.402954
36775.000000 993.179871 0.000000 1067.503052
36775.000000 993.179871 0.000000 1067.605957
36775.000000 993.179871 0.000000 1067.701050
36775.000000 993.179871 0.000000 1067.801025
36775.000000 993.179871 0.000000 1067.907959
36775.000000 993.179871 0.000000 1068.005981
36775.000000 993.179871 0.000000 1068.105957
36775.000000 993.179871 0.000000 1068.201050
36775.000000 993.179871 0.000000 1068.310059
36775.000000 993.179871 0.000000 1068.406982
36775.000000 993.179871 0.000000 1068.500977
36775.000000 993.179871 0.000000 1068.600952
36775.000000 993.179871 0.000000 1068.701050
36775.000000 993.179871 0.000000 1068.806030
36775.000000 993.179871 0.000000 1068.901001
36775.000000 993.179871 0.000000 1069.000977
36775.000000 993.179871 0.000000 1069.107056
36775.000000 993.179871 0.000000 1069.201050
36775.000000 993.179871 0.000000 1069.301025
36775.000000 993.179871 0.000000 1069.401001
36775.000000 993.179871 0.000000 1069.505005
36775.000000 993.179871 0.000000 1069.600952
36775.000000 993.179871 0.000000 1069.701050
36775.000000 993.179871 0.000000 1069.802002
36775.000000 993.179871 0.000000 1069.894043
36775.000000 993.179871 0.000000 1070.005981
36775.000000 993.179871 0.000000 1070.102051
36775.000000 993.179871 0.000000 1070.196045
36775.000000 993.179871 0.000000 1070.307007
36775.000000 993.179871 0.000000 1070.400024
36775.000000 993.179871 0.000000 1070.496948
36775.000000 993.179871 0.000000 1070.600952
36775.000000 993.179871 0.000000 1070.701050
36775.000000 993.179871 0.000000 1070.806030
36775.000000 993.179871 0.000000 1070.896973
36775.000000 993.179871 0.000000 1071.005005
36775.000000 993.179871 0.000000 1071.099976
36775.000000 993.179871 0.000000 1071.199951
36775.000000 993.179871 0.000000 1071.300049
36775.000000 993.179871 0.000000 1071.400024
36775.000000 993.179871 0.000000 1071.500977
36775.000000 993.179871 0.000000 1071.609985
36775.000000 993.179871 0.000000 1071.699951
36775.000000 993.179871 0.000000 1071.810059
36775.000000 993.179871 0.000000 1071.906006
36775.000000 993.179871 0.000000 1072.001953
36775.000000 993.179871 0.000000 1072.107056
36775.000000 993.179871 0.000000 1072.208008
36775.000000 993.179871 0.000000 1072.307983
36775.000000 993.179871 0.000000 1072.400024
36775.000000 993.179871 0.000000 1072.504028
36775.000000 993.179871 0.000000 1072.609009
36775.000000 993.179871 0.000000 1072.708984
36775.000000 993.179871 0.000000 1072.802979
36775.000000 993.179871 0.000000 1072.902954
36775.000000 993.179871 0.000000 1073.003052
36775.000000 993.179871 0.000000 1073.088013
36775.000000 993.179871 0.000000 1073.201050
36775.000000 993.179871 0.000000 1073.302979
36775.000000 993.179871 0.000000 1073.406006
36775.000000 993.179871 0.000000 1073.505981
36775.000000 993.179871 0.000000 1073.605957
36775.000000 993.179871 0.000000 1073.698975
36775.000000 993.179871 0.000000 1073.798950
36775.000000 993.179871 0.000000 1073.889038
36775.000000 993.179871 0.000000 1073.999023
36775.000000 993.179871 0.000000 1074.093994
36775.000000 993.179871 0.000000 1074.208984
36775.000000 993.179871 0.000000 1074.303955
36775.000000 993.179871 0.000000 1074.413940
36775.000000 993.179871 0.000000 1074.485962
36775.000000 993.179871 0.000000 1074.609985
36775.000000 993.179871 0.000000 1074.701050
36775.000000 993.179871 0.000000 1074.801025
36775.000000 993.179871 0.000000 1074.901978
36775.000000 993.179871 0.000000 1075.000977
36775.000000 993.179871 0.000000 1075.107056
36775.000000 993.179871 0.000000 1075.206055
36775.000000 993.179871 0.000000 1075.301025
36775.000000 993.179871 0.000000 1075.401001
36775.000000 993.179871 0.000000 1075.506958
36775.000000 993.179871 0.000000 1075.600952
36775.000000 993.179871 0.000000 1075.701050
36775.000000 993.179871 0.000000 1075.801025
36775.000000 993.179871 0.000000 1075.890991
36775.000000 993.179871 0.000000 1076.000977
36775.000000 993.179871 0.000000 1076.100952
36775.000000 993.179871 0.000000 1076.207031
36775.000000 993.179871 0.000000 1076.307007
36775.000000 993.179871 0.000000 1076.401001
36775.000000 993.179871 0.000000 1076.501953
36775.000000 993.179871 0.000000 1076.600952
36775.000000 993.179871 0.000000 1076.702026
36775.000000 993.179871 0.000000 1076.806030
36775.000000 993.179871 0.000000 1076.901001
36775.000000 993.179871 0.000000 1077.009033
36775.000000 993.179871 0.000000 1077.114014
36775.000000 993.179871 0.000000 1077.207031
36775.000000 993.179871 0.000000 1077.301025
36775.000000 993.179871 0.000000 1077.401001
36775.000000 993.179871 0.000000 1077.500977
36775.000000 993.179871 0.000000 1077.600952
36775.000000 993.179871 0.000000 1077.702026
36775.000000 993.179871 0.000000 1077.806030
36775.000000 993.179871 0.000000 1077.901001
36775.000000 993.179871 0.000000 1078.000977
36775.000000 993.179871 0.000000 1078.109009
36775.000000 993.179871 0.000000 1078.201050
36775.000000 993.179871 0.000000 1078.301025
36775.000000 993.179871 0.000000 1078.409058
36775.000000 993.179871 0.000000 1078.509033
36775.000000 993.179871 0.000000 1078.600952
36775.000000 993.179871 0.000000 1078.707031
36775.000000 993.179871 0.000000 1078.807007
36775.000000 993.179871 0.000000 1078.901001
36775.000000 993.179871 0.000000 1078.995972
36775.000000 993.179871 0.000000 1079.100952
36775.000000 993.179871 0.000000 1079.196045
36775.000000 993.179871 0.000000 1079.301025
36775.000000 993.179871 0.000000 1079.401001
36775.000000 993.179871 0.000000 1079.495972
36775.000000 993.179871 0.000000 1079.602051
36775.000000 993.179871 0.000000 1079.701050
36775.000000 993.179871 0.000000 1079.791016
36775.000000 993.179871 0.000000 1079.901001
36775.000000 993.179871 0.000000 1080.000977
36775.000000 993.179871 0.000000 1080.095947
36775.000000 993.179871 0.000000 1080.199951
36775.000000 993.179871 0.000000 1080.300049
36775.000000 993.179871 0.000000 1080.401001
36775.000000 993.179871 0.000000 1080.511963
36775.000000 993.179871 0.000000 1080.604004
36775.000000 993.179871 0.000000 1080.709961
36775.000000 993.179871 0.000000 1080.814941
36775.000000 993.179871 0.000000 1080.915039
36775.000000 993.179871 0.000000 1081.010010
36775.000000 993.179871 0.000000 1081.114990
36775.000000 993.179871 0.000000 1081.209961
36775.000000 993.179871 0.000000 1081.314941
36775.000000 993.179871 0.000000 1081.411987
36775.000000 993.179871 0.000000 1081.510986
36775.000000 993.179871 0.000000 1081.614014
36775.000000 993.179871 0.000000 1081.714966
36775.000000 993.179871 0.000000 1081.805054
36775.000000 993.179871 0.000000 1081.900024
36775.000000 993.179871 0.000000 1082.000000
36775.000000 993.179871 0.000000 1082.104980
36775.000000 993.179871 0.000000 1082.204956
36775.000000 993.179871 0.000000 1082.305054
36775.000000 993.179871 0.000000 1082.390015
36775.000000 993.179871 0.000000 1082.505005
36775.000000 993.179871 0.000000 1082.604980
36775.000000 993.179871 0.000000 1082.706055
36775.000000 993.179871 0.000000 1082.805054
36775.000000 993.179871 0.000000 1082.906006
36775.000000 993.179871 0.000000 1083.000000
36775.000000 993.179871 0.000000 1083.104980
36775.000000 993.179871 0.000000 1083.212036
36775.000000 993.179871 0.000000 1083.305054
36775.000000 993.179871 0.000000 1083.405029
36775.000000 993.179871 0.000000 1083.484985
36775.000000 993.179871 0.000000 1083.605957
36775.000000 993.179871 0.000000 1083.713013
36775.000000 993.179871 0.000000 1083.807983
36775.000000 993.179871 0.000000 1083.911987
36775.000000 993.179871 0.000000 1084.004028
36775.000000 993.179871 0.000000 1084.098022
36775.000000 993.179871 0.000000 1084.213013
36775.000000 993.179871 0.000000 1084.307983
36775.000000 993.179871 0.000000 1084.411011
36775.000000 993.179871 0.000000 1084.504028
36775.000000 993.179871 0.000000 1084.598022
36775.000000 993.179871 0.000000 1084.708984
36775.000000 993.179871 0.000000 1084.810059
36775.000000 993.179871 0.000000 1084.899048
36775.000000 993.179871 0.000000 1085.004028
36775.000000 993.179871 0.000000 1085.109985
36775.000000 993.179871 0.000000 1085.212036
36775.000000 993.179871 0.000000 1085.308960
36775.000000 993.179871 0.000000 1085.404053
36775.000000 993.179871 0.000000 1085.504028
36775.000000 993.179871 0.000000 1085.609009
36775.000000 993.179871 0.000000 1085.703979
36775.000000 993.179871 0.000000 1085.814941
36775.000000 993.179871 0.000000 1085.910034
36775.000000 993.179871 0.000000 1086.005005
36775.000000 993.179871 0.000000 1086.104004
36775.000000 993.179871 0.000000 1086.208984
36775.000000 993.179871 0.000000 1086.308960
36775.000000 993.179871 0.000000 1086.399048
36775.000000 993.179871 0.000000 1086.509033
36775.000000 993.179871 0.000000 1086.609009
36775.000000 993.179871 0.000000 1086.708984
36775.000000 993.179871 0.000000 1086.803955
36775.000000 993.179871 0.000000 1086.909058
36775.000000 993.179871 0.000000 1087.019043
36775.000000 993.179871 0.000000 1087.110962
36775.000000 993.179871 0.000000 1087.206055
36775.000000 993.179871 0.000000 1087.314941
36775.000000 993.179871 0.000000 1087.405029
36775.000000 993.179871 0.000000 1087.519043
36775.000000 993.179871 0.000000 1087.604980
36775.000000 993.179871 0.000000 1087.719971
36775.000000 993.179871 0.000000 1087.814941
36775.000000 993.179871 0.000000 1087.915039
36775.000000 993.179871 0.000000 1088.020020
36775.000000 993.179871 0.000000 1088.109985
36775.000000 993.179871 0.000000 1088.208008
36775.000000 993.179871 0.000000 1088.317993
36775.000000 993.179871 0.000000 1088.412964
36775.000000 993.179871 0.000000 1088.505005
36775.000000 993.179871 0.000000 1088.604980
36775.000000 993.179871 0.000000 1088.709961
36775.000000 993.179871 0.000000 1088.810059
36775.000000 993.179871 0.000000 1088.918945
36775.000000 993.179871 0.000000 1089.015015
36775.000000 993.179871 0.000000 1089.104980
36775.000000 993.179871 0.000000 1089.209961
36775.000000 993.179871 0.000000 1089.310059
36775.000000 993.179871 0.000000 1089.418945
36775.000000 993.179871 0.000000 1089.510010
36775.000000 993.179871 0.000000 1089.615967
36775.000000 993.179871 0.000000 1089.723022
36775.000000 993.179871 0.000000 1089.822998
36775.000000 993.179871 0.000000 1089.922974
36775.000000 993.179871 0.000000 1090.019043
36775.000000 993.179871 0.000000 1090.114990
36775.000000 993.179871 0.000000 1090.214966
36775.000000 993.179871 0.000000 1090.310059
36775.000000 993.179871 0.000000 1090.415039
36775.000000 993.179871 0.000000 1090.524048
36775.000000 993.179871 0.000000 1090.624023
36775.000000 993.179871 0.000000 1090.709961
36775.000000 993.179871 0.000000 1090.819946
36775.000000 993.179871 0.000000 1090.923950
36775.000000 993.179871 0.000000 1091.010986
36775.000000 993.179871 0.000000 1091.125000
36775.000000 993.179871 0.000000 1091.219971
36775.000000 993.179871 0.000000 1091.313965
36775.000000 993.179871 0.000000 1091.416016
36775.000000 993.179871 0.000000 1091.515991
36775.000000 993.179871 0.000000 1091.615967
36775.000000 993.179871 0.000000 1091.713013
36775.000000 993.179871 0.000000 1091.822998
36775.000000 993.179871 0.000000 1091.916016
36775.000000 993.179871 0.000000 1092.035034
36775.000000 993.179871 0.000000 1092.120972
36775.000000 993.179871 0.000000 1092.227051
36775.000000 993.179871 0.000000 1092.316040
36775.000000 993.179871 0.000000 1092.421021
36775.000000 993.179871 0.000000 1092.522949
36775.000000 993.179871 0.000000 1092.624023
36775.000000 993.179871 0.000000 1092.720947
36775.000000 993.179871 0.000000 1092.821045
36775.000000 993.179871 0.000000 1092.927979
36775.000000 993.179871 0.000000 1093.021973
36775.000000 993.179871 0.000000 1093.121948
36775.000000 993.179871 0.000000 1093.222046
36775.000000 993.179871 0.000000 1093.332031
36775.000000 993.179871 0.000000 1093.416992
36775.000000 993.179871 0.000000 1093.501953
36775.000000 993.179871 0.000000 1093.616943
36775.000000 993.179871 0.000000 1093.702026
36775.000000 993.179871 0.000000 1093.812012
36775.000000 993.179871 0.000000 1093.921997
36775.000000 993.179871 0.000000 1094.025024
36775.000000 993.179871 0.000000 1094.125000
36775.000000 993.179871 0.000000 1094.217041
36775.000000 993.179871 0.000000 1094.317017
36775.000000 993.179871 0.000000 1094.422974
36775.000000 993.179871 0.000000 1094.522949
36775.000000 993.179871 0.000000 1094.621948
36775.000000 993.179871 0.000000 1094.725952
36775.000000 993.179871 0.000000 1094.807007
36775.000000 993.179871 0.000000 1094.921997
36775.000000 993.179871 0.000000 1095.016968
36775.000000 993.179871 0.000000 1095.116943
36775.000000 993.179871 0.000000 1095.217041
36775.000000 993.179871 0.000000 1095.317993
36775.000000 993.179871 0.000000 1095.416992
36775.000000 993.179871 0.000000 1095.516968
36775.000000 993.179871 0.000000 1095.621948
36775.000000 993.179871 0.000000 1095.720947
36775.000000 993.179871 0.000000 1095.819946
36775.000000 993.179871 0.000000 1095.930054
36775.000000 993.179871 0.000000 1096.030029
36775.000000 993.179871 0.000000 1096.119995
36775.000000 993.179871 0.000000 1096.209961
36775.000000 993.179871 0.000000 1096.319946
36775.000000 993.179871 0.000000 1096.425049
36775.000000 993.179871 0.000000 1096.520020
36775.000000 993.179871 0.000000 1096.614990
36775.000000 993.179871 0.000000 1096.720947
36775.000000 993.179871 0.000000 1096.819946
36775.000000 993.179871 0.000000 1096.915039
36775.000000 993.179871 0.000000 1097.020020
36775.000000 993.179871 0.000000 1097.119995
36775.000000 993.179871 0.000000 1097.222046
36775.000000 993.179871 0.000000 1097.319946
36775.000000 993.179871 0.000000 1097.415039
36775.000000 993.179871 0.000000 1097.520020
36775.000000 993.179871 0.000000 1097.619995
36775.000000 993.179871 0.000000 1097.724976
36775.250000 993.179871 0.000000 1097.819946
36775.250000 993.179871 0.000000 1097.921997
36775.250000 993.179871 0.000000 1098.020020
36775.250000 993.179871 0.000000 1098.128052
36775.250000 993.179871 0.000000 1098.229004
36775.250000 993.179871 0.000000 1098.324951
36775.250000 993.179871 0.000000 1098.420044
36775.250000 993.179871 0.000000 1098.522949
36775.250000 993.179871 0.000000 1098.619995
36775.250000 993.179871 0.000000 1098.719971
36775.250000 993.179871 0.000000 1098.818970
36775.250000 993.179871 0.000000 1098.918945
36775.250000 993.179871 0.000000 1099.012939
36775.250000 993.179871 0.000000 1099.118042
36775.250000 993.179871 0.000000 1099.218018
36775.250000 993.179871 0.000000 1099.328003
36775.250000 993.179871 0.000000 1099.427979
36775.250000 993.179871 0.000000 1099.527954
36775.250000 993.179871 0.000000 1099.628052
36775.250000 993.179871 0.000000 1099.727051
36775.250000 993.179871 0.000000 1099.827026
36775.250000 993.179871 0.000000 1099.915039
36775.250000 993.179871 0.000000 1100.025024
36775.250000 993.179871 0.000000 1100.123047
36775.250000 993.179871 0.000000 1100.218018
36775.250000 993.179871 0.000000 1100.317993
36775.250000 993.179871 0.000000 1100.427979
36775.250000 993.179871 0.000000 1100.537964
36775.250000 993.179871 0.000000 1100.623047
36775.250000 993.179871 0.000000 1100.719971
36775.250000 993.179871 0.000000 1100.819946
36775.250000 993.179871 0.000000 1100.925049
36775.250000 993.179871 0.000000 1101.020020
36775.250000 993.179871 0.000000 1101.120972
36775.250000 993.179871 0.000000 1101.214966
36775.250000 993.179871 0.000000 1101.319946
36775.250000 993.179871 0.000000 1101.425049
36775.250000 993.179871 0.000000 1101.529053
36775.250000 993.179871 0.000000 1101.629028
36775.250000 993.179871 0.000000 1101.714966
36775.250000 993.179871 0.000000 1101.821045
36775.250000 993.179871 0.000000 1101.915039
36775.250000 993.179871 0.000000 1102.025024
36775.250000 993.179871 0.000000 1102.125000
36775.250000 993.179871 0.000000 1102.230957
36775.250000 993.179871 0.000000 1102.334961
36775.250000 993.179871 0.000000 1102.430054
36775.250000 993.179871 0.000000 1102.526001
36775.250000 993.179871 0.000000 1102.620972
36775.250000 993.179871 0.000000 1102.734985
36775.250000 993.179871 0.000000 1102.826050
36775.250000 993.179871 0.000000 1102.923950
36775.250000 993.179871 0.000000 1103.024048
36775.250000 993.179871 0.000000 1103.114014
36775.250000 993.179871 0.000000 1103.223999
36775.250000 993.179871 0.000000 1103.328003
36775.250000 993.179871 0.000000 1103.423950
36775.250000 993.179871 0.000000 1103.538940
36775.250000 993.179871 0.000000 1103.624023
36775.250000 993.179871 0.000000 1103.727051
36775.250000 993.179871 0.000000 1103.823975
36775.250000 993.179871 0.000000 1103.933960
36775.250000 993.179871 0.000000 1104.024048
36775.250000 993.179871 0.000000 1104.134033
36775.250000 993.179871 0.000000 1104.234009
36775.250000 993.179871 0.000000 1104.322021
36775.250000 993.179871 0.000000 1104.423950
36775.250000 993.179871 0.000000 1104.525024
36775.250000 993.179871 0.000000 1104.629028
36775.250000 993.179871 0.000000 1104.725952
36775.250000 993.179871 0.000000 1104.827026
36775.250000 993.179871 0.000000 1104.927002
36775.250000 993.179871 0.000000 1105.026978
36775.250000 993.179871 0.000000 1105.125977
36775.250000 993.179871 0.000000 1105.220947
36775.250000 993.179871 0.000000 1105.326050
36775.250000 993.179871 0.000000 1105.422974
36775.250000 993.179871 0.000000 1105.526001
36775.250000 993.179871 0.000000 1105.629028
36775.250000 993.179871 0.000000 1105.725952
36775.250000 993.179871 0.000000 1105.827026
36775.250000 993.179871 0.000000 1105.926025
36775.250000 993.179871 0.000000 1106.034058
36775.250000 993.179871 0.000000 1106.134033
36775.250000 993.179871 0.000000 1106.234009
36775.250000 993.179871 0.000000 1106.321045
36775.250000 993.179871 0.000000 1106.426025
36775.250000 993.179871 0.000000 1106.526001
36775.250000 993.179871 0.000000 1106.626953
36775.250000 993.179871 0.000000 1106.727051
36775.250000 993.179871 0.000000 1106.829956
36775.250000 993.179871 0.000000 1106.931030
36775.250000 993.179871 0.000000 1107.026978
36775.250000 993.179871 0.000000 1107.125977
36775.250000 993.179871 0.000000 1107.225952
36775.250000 993.179871 0.000000 1107.326050
36775.250000 993.179871 0.000000 1107.427002
36775.250000 993.179871 0.000000 1107.524048
36775.250000 993.179871 0.000000 1107.625977
36775.250000 993.179871 0.000000 1107.730957
36775.250000 993.179871 0.000000 1107.821045
36775.250000 993.179871 0.000000 1107.911987
36775.250000 993.179871 0.000000 1108.011963
36775.250000 993.179871 0.000000 1108.124023
36775.250000 993.179871 0.000000 1108.223022
36775.250000 993.179871 0.000000 1108.322021
36775.250000 993.179871 0.000000 1108.421997
36775.250000 993.179871 0.000000 1108.535034
36775.250000 993.179871 0.000000 1108.628052
36775.250000 993.179871 0.000000 1108.728027
36775.250000 993.179871 0.000000 1108.831055
36775.250000 993.179871 0.000000 1108.936035
36775.250000 993.179871 0.000000 1109.021973
36775.250000 993.179871 0.000000 1109.126953
36775.250000 993.179871 0.000000 1109.228027
36775.250000 993.179871 0.000000 1109.327026
36775.250000 993.179871 0.000000 1109.427002
36775.250000 993.179871 0.000000 1109.529053
36775.250000 993.179871 0.000000 1109.624023
36775.250000 993.179871 0.000000 1109.727051
36775.250000 993.179871 0.000000 1109.833984
36775.250000 993.179871 0.000000 1109.932983
36775.250000 993.179871 0.000000 1110.032959
36775.250000 993.179871 0.000000 1110.133057
36775.250000 993.179871 0.000000 1110.228027
36775.250000 993.179871 0.000000 1110.322998
36775.250000 993.179871 0.000000 1110.427979
36775.250000 993.179871 0.000000 1110.529053
36775.250000 993.179871 0.000000 1110.618042
36775.250000 993.179871 0.000000 1110.728027
36775.250000 993.179871 0.000000 1110.832031
36775.250000 993.179871 0.000000 1110.932007
36775.250000 993.179871 0.000000 1111.016968
36775.250000 993.179871 0.000000 1111.116943
36775.250000 993.179871 0.000000 1111.234985
36775.250000 993.179871 0.000000 1111.338989
36775.250000 993.179871 0.000000 1111.436035
36775.250000 993.179871 0.000000 1111.536011
36775.250000 993.179871 0.000000 1111.634033
36775.250000 993.179871 0.000000 1111.733032
36775.250000 993.179871 0.000000 1111.840942
36775.250000 993.179871 0.000000 1111.932007
36775.250000 993.179871 0.000000 1112.026978
36775.250000 993.179871 0.000000 1112.126953
36775.250000 993.179871 0.000000 1112.228027
36775.250000 993.179871 0.000000 1112.332031
36775.250000 993.179871 0.000000 1112.431030
36775.250000 993.179871 0.000000 1112.536011
36775.250000 993.179871 0.000000 1112.630981
36775.250000 993.179871 0.000000 1112.735962
36775.250000 993.179871 0.000000 1112.832031
36775.250000 993.179871 0.000000 1112.932007
36775.250000 993.179871 0.000000 1113.036011
36775.250000 993.179871 0.000000 1113.135986
36775.250000 993.179871 0.000000 1113.228027
36775.250000 993.179871 0.000000 1113.328979
36775.250000 993.179871 0.000000 1113.427002
36775.250000 993.179871 0.000000 1113.516968
36775.250000 993.179871 0.000000 1113.628052
36775.250000 993.179871 0.000000 1113.712036
36775.250000 993.179871 0.000000 1113.827026
36775.250000 993.179871 0.000000 1113.927002
36775.250000 993.179871 0.000000 1114.031006
36775.250000 993.179871 0.000000 1114.125977
36775.250000 993.179871 0.000000 1114.225952
36775.250000 993.179871 0.000000 1114.326050
36775.625000 993.179871 0.000000 1114.431030
36775.625000 993.179871 0.000000 1114.531006
36775.625000 993.179871 0.000000 1114.630981
36775.625000 993.179871 0.000000 1114.738037
36775.625000 993.179871 0.000000 1114.833984
36775.625000 993.179871 0.000000 1114.936035
36775.625000 993.179871 0.000000 1115.026001
36775.625000 993.179871 0.000000 1115.135986
36775.625000 993.179871 0.000000 1115.230957
36775.625000 993.179871 0.000000 1115.333984
36775.625000 993.179871 0.000000 1115.431030
36775.625000 993.179871 0.000000 1115.531006
36775.625000 993.179871 0.000000 1115.630981
36775.625000 993.179871 0.000000 1115.745972
36775.625000 993.179871 0.000000 1115.836060
36775.625000 993.179871 0.000000 1115.931030
36775.625000 993.179871 0.000000 1116.036011
36775.625000 993.179871 0.000000 1116.140991
36775.625000 993.179871 0.000000 1116.240967
36775.625000 993.179871 0.000000 1116.332031
36775.625000 993.179871 0.000000 1116.432007
36775.625000 993.179871 0.000000 1116.536987
36775.625000 993.179871 0.000000 1116.630981
36775.625000 993.179871 0.000000 1116.730957
36775.625000 993.179871 0.000000 1116.840942
36775.625000 993.179871 0.000000 1116.932007
36775.625000 993.179871 0.000000 1117.031982
36775.625000 993.179871 0.000000 1117.133057
36775.625000 993.179871 0.000000 1117.233032
36775.625000 993.179871 0.000000 1117.329956
36775.625000 993.179871 0.000000 1117.432983
36775.625000 993.179871 0.000000 1117.541016
36775.625000 993.179871 0.000000 1117.635986
36775.625000 993.179871 0.000000 1117.740967
36775.625000 993.179871 0.000000 1117.839966
36775.625000 993.179871 0.000000 1117.933960
36775.625000 993.179871 0.000000 1118.032959
36775.625000 993.179871 0.000000 1118.141968
36775.625000 993.179871 0.000000 1118.233032
36775.625000 993.179871 0.000000 1118.332031
36775.625000 993.179871 0.000000 1118.432007
36775.625000 993.179871 0.000000 1118.536987
36775.625000 993.179871 0.000000 1118.640991
36775.625000 993.179871 0.000000 1118.735962
36775.625000 993.179871 0.000000 1118.840942
36775.625000 993.179871 0.000000 1118.937012
36775.625000 993.179871 0.000000 1119.031982
36775.625000 993.179871 0.000000 1119.131958
36775.625000 993.179871 0.000000 1119.232056
36775.625000 993.179871 0.000000 1119.332031
36775.625000 993.179871 0.000000 1119.432007
36775.625000 993.179871 0.000000 1119.531982
36775.625000 993.179871 0.000000 1119.631958
36775.625000 993.179871 0.000000 1119.741943
36775.625000 993.179871 0.000000 1119.833008
36775.625000 993.179871 0.000000 1119.935059
36775.625000 993.179871 0.000000 1120.032959
36775.625000 993.179871 0.000000 1120.133057
36775.625000 993.179871 0.000000 1120.230957
36775.625000 993.179871 0.000000 1120.332031
36775.625000 993.179871 0.000000 1120.437012
36775.625000 993.179871 0.000000 1120.536011
36775.625000 993.179871 0.000000 1120.635986
36775.625000 993.179871 0.000000 1120.735962
36775.625000 993.179871 0.000000 1120.840942
36775.625000 993.179871 0.000000 1120.941040
36775.625000 993.179871 0.000000 1121.048950
36775.625000 993.179871 0.000000 1121.140991
36775.625000 993.179871 0.000000 1121.237061
36775.625000 993.179871 0.000000 1121.343018
36775.625000 993.179871 0.000000 1121.447998
36775.625000 993.179871 0.000000 1121.547974
36775.625000 993.179871 0.000000 1121.645020
36775.625000 993.179871 0.000000 1121.739990
36775.625000 993.179871 0.000000 1121.840942
36775.625000 993.179871 0.000000 1121.944946
36775.625000 993.179871 0.000000 1122.050049
36775.625000 993.179871 0.000000 1122.140015
36775.625000 993.179871 0.000000 1122.239990
36775.625000 993.179871 0.000000 1122.339966
36775.625000 993.179871 0.000000 1122.447998
36775.625000 993.179871 0.000000 1122.542969
36775.625000 993.179871 0.000000 1122.640991
36775.625000 993.179871 0.000000 1122.729980
36775.625000 993.179871 0.000000 1122.839966
36775.625000 993.179871 0.000000 1122.939941
36775.625000 993.179871 0.000000 1123.040039
36775.625000 993.179871 0.000000 1123.149048
36775.625000 993.179871 0.000000 1123.249023
36775.625000 993.179871 0.000000 1123.348999
36775.625000 993.179871 0.000000 1123.439941
36775.625000 993.179871 0.000000 1123.540039
36775.625000 993.179871 0.000000 1123.640015
36775.625000 993.179871 0.000000 1123.739990
36775.625000 993.179871 0.000000 1123.844971
36775.625000 993.179871 0.000000 1123.939941
36775.625000 993.179871 0.000000 1124.041016
36775.625000 993.179871 0.000000 1124.140015
36775.625000 993.179871 0.000000 1124.244019
36775.625000 993.179871 0.000000 1124.339966
36775.625000 993.179871 0.000000 1124.447021
36775.625000 993.179871 0.000000 1124.540039
36775.625000 993.179871 0.000000 1124.640015
36775.625000 993.179871 0.000000 1124.734985
36775.625000 993.179871 0.000000 1124.842041
36775.625000 993.179871 0.000000 1124.939941
36775.625000 993.179871 0.000000 1125.040039
36775.625000 993.179871 0.000000 1125.147949
36775.625000 993.179871 0.000000 1125.248047
36775.625000 993.179871 0.000000 1125.342041
36775.625000 993.179871 0.000000 1125.437012
36775.625000 993.179871 0.000000 1125.551025
36775.625000 993.179871 0.000000 1125.642944
36775.625000 993.179871 0.000000 1125.740967
36775.625000 993.179871 0.000000 1125.848022
36775.625000 993.179871 0.000000 1125.936035
36775.625000 993.179871 0.000000 1126.041016
36775.625000 993.179871 0.000000 1126.140991
36775.625000 993.179871 0.000000 1126.240967
36775.625000 993.179871 0.000000 1126.340942
36775.625000 993.179871 0.000000 1126.441040
36775.625000 993.179871 0.000000 1126.542969
36775.625000 993.179871 0.000000 1126.642944
36775.625000 993.179871 0.000000 1126.743042
36775.625000 993.179871 0.000000 1126.838989
36775.875000 993.179871 0.000000 1126.927979
36775.875000 993.179871 0.000000 1127.032959
36775.875000 993.179871 0.000000 1127.142944
36775.875000 993.179871 0.000000 1127.243042
36775.875000 993.179871 0.000000 1127.343994
36775.875000 993.179871 0.000000 1127.442993
36775.875000 993.179871 0.000000 1127.542969
36775.875000 993.179871 0.000000 1127.642944
36775.875000 993.179871 0.000000 1127.743042
36775.875000 993.179871 0.000000 1127.843018
36775.875000 993.179871 0.000000 1127.942993
36775.875000 993.179871 0.000000 1128.043945
36775.875000 993.179871 0.000000 1128.142944
36775.875000 993.179871 0.000000 1128.250000
36775.875000 993.179871 0.000000 1128.343994
36775.875000 993.179871 0.000000 1128.454956
36775.875000 993.179871 0.000000 1128.550049
36775.875000 993.179871 0.000000 1128.645020
36775.875000 993.179871 0.000000 1128.750000
36775.875000 993.179871 0.000000 1128.839966
36775.875000 993.179871 0.000000 1128.944946
36775.875000 993.179871 0.000000 1129.055054
36775.875000 993.179871 0.000000 1129.155029
36775.875000 993.179871 0.000000 1129.250000
36775.875000 993.179871 0.000000 1129.349976
36775.875000 993.179871 0.000000 1129.446045
36775.875000 993.179871 0.000000 1129.540039
36775.875000 993.179871 0.000000 1129.625000
36775.875000 993.179871 0.000000 1129.740967
36775.875000 993.179871 0.000000 1129.842041
36775.875000 993.179871 0.000000 1129.939941
36775.875000 993.179871 0.000000 1130.040039
36775.875000 993.179871 0.000000 1130.146973
36775.875000 993.179871 0.000000 1130.243042
36775.875000 993.179871 0.000000 1130.347046
36775.875000 993.179871 0.000000 1130.442017
36775.875000 993.179871 0.000000 1130.541992
36775.875000 993.179871 0.000000 1130.641968
36775.875000 993.179871 0.000000 1130.749023
36775.875000 993.179871 0.000000 1130.842041
36775.875000 993.179871 0.000000 1130.932007
36775.875000 993.179871 0.000000 1131.041992
36775.875000 993.179871 0.000000 1131.141968
36775.875000 993.179871 0.000000 1131.241943
36775.875000 993.179871 0.000000 1131.337036
36775.875000 993.179871 0.000000 1131.437012
36775.875000 993.179871 0.000000 1131.545044
36775.875000 993.179871 0.000000 1131.641968
36775.875000 993.179871 0.000000 1131.745972
36775.875000 993.179871 0.000000 1131.837036
36775.875000 993.179871 0.000000 1131.947998
36775.875000 993.179871 0.000000 1132.047974
36775.875000 993.179871 0.000000 1132.136963
36775.875000 993.179871 0.000000 1132.239990
36775.875000 993.179871 0.000000 1132.332031
36775.875000 993.179871 0.000000 1132.442017
36775.875000 993.179871 0.000000 1132.548950
36775.875000 993.179871 0.000000 1132.641968
36775.875000 993.179871 0.000000 1132.751953
36775.875000 993.179871 0.000000 1132.847046
36775.875000 993.179871 0.000000 1132.947021
36775.875000 993.179871 0.000000 1133.042969
36775.875000 993.179871 0.000000 1133.151978
36775.875000 993.179871 0.000000 1133.251953
36775.875000 993.179871 0.000000 1133.352051
36775.875000 993.179871 0.000000 1133.457031
36775.875000 993.179871 0.000000 1133.540039
36775.875000 993.179871 0.000000 1133.631958
36775.875000 993.179871 0.000000 1133.741943
36775.875000 993.179871 0.000000 1133.842041
36775.875000 993.179871 0.000000 1133.942017
36775.875000 993.179871 0.000000 1134.037964
36775.875000 993.179871 0.000000 1134.144043
36775.875000 993.179871 0.000000 1134.249023
36775.875000 993.179871 0.000000 1134.333984
36775.875000 993.179871 0.000000 1134.444946
36775.875000 993.179871 0.000000 1134.546997
36775.875000 993.179871 0.000000 1134.640015
36775.875000 993.179871 0.000000 1134.745972
36775.875000 993.179871 0.000000 1134.840942
36775.875000 993.179871 0.000000 1134.933960
36775.875000 993.179871 0.000000 1135.031006
36775.875000 993.179871 0.000000 1135.140991
36775.875000 993.179871 0.000000 1135.240967
36775.875000 993.179871 0.000000 1135.350952
36775.875000 993.179871 0.000000 1135.449951
36775.875000 993.179871 0.000000 1135.542969
36775.875000 993.179871 0.000000 1135.640015
36775.875000 993.179871 0.000000 1135.739014
36775.875000 993.179871 0.000000 1135.838989
36775.875000 993.179871 0.000000 1135.947998
36775.875000 993.179871 0.000000 1136.037964
36775.875000 993.179871 0.000000 1136.147949
36775.875000 993.179871 0.000000 1136.243042
36775.875000 993.179871 0.000000 1136.343018
36775.875000 993.179871 0.000000 1136.446045
36775.875000 993.179871 0.000000 1136.545044
36775.875000 993.179871 0.000000 1136.651978
36775.875000 993.179871 0.000000 1136.746948
36775.875000 993.179871 0.000000 1136.843994
36775.875000 993.179871 0.000000 1136.937988
36775.875000 993.179871 0.000000 1137.034058
36775.875000 993.179871 0.000000 1137.144043
36779.000000 993.179871 0.000000 1137.244995
36779.000000 993.179871 0.000000 1137.338989
36779.000000 993.179871 0.000000 1137.435059
36779.000000 993.179871 0.000000 1137.545044
36779.000000 993.179871 0.000000 1137.637939
36779.000000 993.179871 0.000000 1137.748047
36779.000000 993.179871 0.000000 1137.848022
36779.000000 993.179871 0.000000 1137.941040
36779.000000 993.179871 0.000000 1138.046021
36779.000000 993.179871 0.000000 1138.145996
36779.000000 993.179871 0.000000 1138.238037
36779.000000 993.179871 0.000000 1138.338013
36779.000000 993.179871 0.000000 1138.442993
36779.000000 993.179871 0.000000 1138.542969
36779.000000 993.179871 0.000000 1138.651978
36779.000000 993.179871 0.000000 1138.748047
36779.000000 993.179871 0.000000 1138.850952
36779.000000 993.179871 0.000000 1138.951050
36779.000000 993.179871 0.000000 1139.045044
36779.000000 993.179871 0.000000 1139.150024
36779.000000 993.179871 0.000000 1139.245972
36779.000000 993.179871 0.000000 1139.340942
36779.000000 993.179871 0.000000 1139.446045
36779.000000 993.179871 0.000000 1139.547974
36779.000000 993.179871 0.000000 1139.641968
36779.000000 993.179871 0.000000 1139.740967
36779.000000 993.179871 0.000000 1139.845947
36779.000000 993.179871 0.000000 1139.936035
36779.000000 993.179871 0.000000 1140.041016
36779.000000 993.179871 0.000000 1140.145996
36779.000000 993.179871 0.000000 1140.243042
36779.000000 993.179871 0.000000 1140.343018
36779.000000 993.179871 0.000000 1140.443970
36779.000000 993.179871 0.000000 1140.543945
36779.000000 993.179871 0.000000 1140.644043
36779.000000 993.179871 0.000000 1140.741943
36779.000000 993.179871 0.000000 1140.852051
36779.000000 993.179871 0.000000 1140.933960
36779.000000 993.179871 0.000000 1141.043945
36779.000000 993.179871 0.000000 1141.145020
36779.000000 993.179871 0.000000 1141.240967
36779.000000 993.179871 0.000000 1141.343018
36779.000000 993.179871 0.000000 1141.442993
36779.000000 993.179871 0.000000 1141.532959
36779.000000 993.179871 0.000000 1141.642944
36779.000000 993.179871 0.000000 1141.743042
36779.000000 993.179871 0.000000 1141.845947
36779.000000 993.179871 0.000000 1141.942993
36779.000000 993.179871 0.000000 1142.047974
36779.000000 993.179871 0.000000 1142.147949
36779.000000 993.179871 0.000000 1142.255981
36779.000000 993.179871 0.000000 1142.350952
36779.000000 993.179871 0.000000 1142.456055
36779.000000 993.179871 0.000000 1142.541992
36779.000000 993.179871 0.000000 1142.631958
36779.000000 993.179871 0.000000 1142.746948
36779.000000 993.179871 0.000000 1142.857056
36779.000000 993.179871 0.000000 1142.957031
36779.000000 993.179871 0.000000 1143.057007
36779.000000 993.179871 0.000000 1143.156982
36779.000000 993.179871 0.000000 1143.249023
36779.000000 993.179871 0.000000 1143.343994
36779.000000 993.179871 0.000000 1143.443970
36779.000000 993.179871 0.000000 1143.541992
36779.000000 993.179871 0.000000 1143.646973
36779.000000 993.179871 0.000000 1143.753052
36779.000000 993.179871 0.000000 1143.853027
36779.000000 993.179871 0.000000 1143.958008
36779.000000 993.179871 0.000000 1144.045044
36779.000000 993.179871 0.000000 1144.145020
36779.000000 993.179871 0.000000 1144.244995
36779.000000 993.179871 0.000000 1144.349976
36779.000000 993.179871 0.000000 1144.430054
36779.000000 993.179871 0.000000 1144.545044
36779.000000 993.179871 0.000000 1144.650024
36779.000000 993.179871 0.000000 1144.745972
36779.000000 993.179871 0.000000 1144.850952
36779.000000 993.179871 0.000000 1144.946045
36779.000000 993.179871 0.000000 1145.055054
36779.000000 993.179871 0.000000 1145.155029
36779.000000 993.179871 0.000000 1145.235962
36779.000000 993.179871 0.000000 1145.338989
36779.000000 993.179871 0.000000 1145.451050
36779.000000 993.179871 0.000000 1145.545044
36779.500000 993.179871 0.000000 1145.651001
36779.500000 993.179871 0.000000 1145.744995
36779.500000 993.179871 0.000000 1145.859009
36779.500000 993.179871 0.000000 1145.958984
36779.500000 993.179871 0.000000 1146.046021
36779.500000 993.179871 0.000000 1146.150024
36779.500000 993.179871 0.000000 1146.244995
36779.500000 993.179871 0.000000 1146.339966
36779.500000 993.179871 0.000000 1146.449951
36779.500000 993.179871 0.000000 1146.546997
36779.625000 993.179871 0.000000 1146.650024
36779.625000 993.179871 0.000000 1146.748047
36779.625000 993.179871 0.000000 1146.857056
36779.625000 993.179871 0.000000 1146.949951
36779.625000 993.179871 0.000000 1147.050049
36779.625000 993.179871 0.000000 1147.145020
36779.625000 993.179871 0.000000 1147.250000
36779.625000 993.179871 0.000000 1147.349976
36779.625000 993.179871 0.000000 1147.459961
36779.625000 993.179871 0.000000 1147.550049
36779.625000 993.179871 0.000000 1147.646973
36779.625000 993.179871 0.000000 1147.753052
36779.625000 993.179871 0.000000 1147.848022
36779.625000 993.179871 0.000000 1147.958008
36779.625000 993.179871 0.000000 1148.056030
36779.625000 993.179871 0.000000 1148.161987
36779.625000 993.179871 0.000000 1148.250000
36779.625000 993.179871 0.000000 1148.348022
36779.625000 993.179871 0.000000 1148.447998
36779.625000 993.179871 0.000000 1148.547974
36779.625000 993.179871 0.000000 1148.647949
36779.625000 993.179871 0.000000 1148.749023
36779.625000 993.179871 0.000000 1148.853027
36779.625000 993.179871 0.000000 1148.947998
36779.625000 993.179871 0.000000 1149.037964
36779.625000 993.179871 0.000000 1149.147949
36779.625000 993.179871 0.000000 1149.248047
36779.625000 993.179871 0.000000 1149.348022
36779.625000 993.179871 0.000000 1149.442993
36779.625000 993.179871 0.000000 1149.547974
36779.625000 993.179871 0.000000 1149.647949
36779.625000 993.179871 0.000000 1149.750977
36779.625000 993.179871 0.000000 1149.850952
36779.625000 993.179871 0.000000 1149.946045
36779.625000 993.179871 0.000000 1150.048950
36779.625000 993.179871 0.000000 1150.145996
36779.625000 993.179871 0.000000 1150.254028
36779.625000 993.179871 0.000000 1150.347046
36779.625000 993.179871 0.000000 1150.451050
36779.625000 993.179871 0.000000 1150.551025
36779.625000 993.179871 0.000000 1150.645996
36779.625000 993.179871 0.000000 1150.755981
36779.625000 993.179871 0.000000 1150.850952
36779.625000 993.179871 0.000000 1150.947998
36779.625000 993.179871 0.000000 1151.043945
36779.625000 993.179871 0.000000 1151.145996
36779.625000 993.179871 0.000000 1151.250977
36779.625000 993.179871 0.000000 1151.345947
36779.625000 993.179871 0.000000 1151.451050
36779.625000 993.179871 0.000000 1151.541016
36779.625000 993.179871 0.000000 1151.670044
36779.625000 993.179871 0.000000 1151.744995
36779.625000 993.179871 0.000000 1151.853027
36779.625000 993.179871 0.000000 1151.944946
36779.625000 993.179871 0.000000 1152.045044
36779.625000 993.179871 0.000000 1152.150024
36779.625000 993.179871 0.000000 1152.256958
36779.625000 993.179871 0.000000 1152.354980
36779.625000 993.179871 0.000000 1152.459961
36779.625000 993.179871 0.000000 1152.547974
36779.625000 993.179871 0.000000 1152.641968
36779.625000 993.179871 0.000000 1152.746948
36779.625000 993.179871 0.000000 1152.852051
36779.625000 993.179871 0.000000 1152.942017
36779.625000 993.179871 0.000000 1153.052002
36779.625000 993.179871 0.000000 1153.140991
36779.625000 993.179871 0.000000 1153.255981
36779.625000 993.179871 0.000000 1153.360962
36779.625000 993.179871 0.000000 1153.461060
36779.625000 993.179871 0.000000 1153.561035
36779.625000 993.179871 0.000000 1153.661011
36779.625000 993.179871 0.000000 1153.755981
36779.625000 993.179871 0.000000 1153.855957
36779.625000 993.179871 0.000000 1153.961060
36779.625000 993.179871 0.000000 1154.056030
36779.625000 993.179871 0.000000 1154.151001
36779.625000 993.179871 0.000000 1154.260986
36779.625000 993.179871 0.000000 1154.360962
36779.625000 993.179871 0.000000 1154.461060
36779.625000 993.179871 0.000000 1154.561035
36779.625000 993.179871 0.000000 1154.656006
36779.625000 993.179871 0.000000 1154.765991
36779.625000 993.179871 0.000000 1154.855957
36779.625000 993.179871 0.000000 1154.953003
36779.625000 993.179871 0.000000 1155.041016
36779.625000 993.179871 0.000000 1155.141968
36779.625000 993.179871 0.000000 1155.245972
36779.625000 993.179871 0.000000 1155.345947
36779.625000 993.179871 0.000000 1155.447998
36779.625000 993.179871 0.000000 1155.546021
36779.625000 993.179871 0.000000 1155.656982
36779.625000 993.179871 0.000000 1155.744995
36779.625000 993.179871 0.000000 1155.858032
36779.625000 993.179871 0.000000 1155.958008
36779.750000 993.179871 0.000000 1156.057983
36779.750000 993.179871 0.000000 1156.152954
36779.750000 993.179871 0.000000 1156.253052
36779.750000 993.179871 0.000000 1156.358032
36779.750000 993.179871 0.000000 1156.458008
36779.750000 993.179871 0.000000 1156.557983
36779.750000 993.179871 0.000000 1156.647949
36779.750000 993.179871 0.000000 1156.755981
36779.750000 993.179871 0.000000 1156.850952
36779.750000 993.179871 0.000000 1156.952026
36779.750000 993.179871 0.000000 1157.046997
36779.750000 993.179871 0.000000 1157.141968
36779.750000 993.179871 0.000000 1157.253052
36779.750000 993.179871 0.000000 1157.347046
36779.750000 993.179871 0.000000 1157.453003
36779.750000 993.179871 0.000000 1157.546021
36779.750000 993.179871 0.000000 1157.651001
36779.750000 993.179871 0.000000 1157.750977
36779.750000 993.179871 0.000000 1157.850952
36779.750000 993.179871 0.000000 1157.948975
36779.750000 993.179871 0.000000 1158.052979
36779.750000 993.179871 0.000000 1158.156006
36779.750000 993.179871 0.000000 1158.245972
36779.750000 993.179871 0.000000 1158.350952
36779.750000 993.179871 0.000000 1158.456055
36779.750000 993.179871 0.000000 1158.556030
36779.750000 993.179871 0.000000 1158.655029
36779.750000 993.179871 0.000000 1158.750977
36779.750000 993.179871 0.000000 1158.845947
36779.750000 993.179871 0.000000 1158.951050
36779.750000 993.179871 0.000000 1159.062988
36779.750000 993.179871 0.000000 1159.145996
36779.750000 993.179871 0.000000 1159.250977
36779.750000 993.179871 0.000000 1159.350952
36779.750000 993.179871 0.000000 1159.458008
36779.750000 993.179871 0.000000 1159.551025
36779.750000 993.179871 0.000000 1159.656006
36779.750000 993.179871 0.000000 1159.750977
36779.750000 993.179871 0.000000 1159.859009
36779.750000 993.179871 0.000000 1159.951050
36779.750000 993.179871 0.000000 1160.051025
36779.750000 993.179871 0.000000 1160.151978
36779.750000 993.179871 0.000000 1160.253052
36779.750000 993.179871 0.000000 1160.352051
36779.750000 993.179871 0.000000 1160.452026
36779.750000 993.179871 0.000000 1160.557007
36779.750000 993.179871 0.000000 1160.646973
36779.750000 993.179871 0.000000 1160.754028
36779.750000 993.179871 0.000000 1160.859009
36779.750000 993.179871 0.000000 1160.958984
36779.750000 993.179871 0.000000 1161.058960
36779.750000 993.179871 0.000000 1161.163940
36779.750000 993.179871 0.000000 1161.250000
36779.750000 993.179871 0.000000 1161.354980
36779.750000 993.179871 0.000000 1161.454956
36779.750000 993.179871 0.000000 1161.557983
36779.750000 993.179871 0.000000 1161.651001
36779.750000 993.179871 0.000000 1161.750977
36779.750000 993.179871 0.000000 1161.850952
36779.750000 993.179871 0.000000 1161.951050
36779.750000 993.179871 0.000000 1162.056030
36779.750000 993.179871 0.000000 1162.151978
36779.750000 993.179871 0.000000 1162.250977
36779.750000 993.179871 0.000000 1162.350952
36779.750000 993.179871 0.000000 1162.442017
36779.750000 993.179871 0.000000 1162.557007
36779.750000 993.179871 0.000000 1162.656982
36779.750000 993.179871 0.000000 1162.756958
36779.750000 993.179871 0.000000 1162.852051
36779.750000 993.179871 0.000000 1162.952026
36779.750000 993.179871 0.000000 1163.052002
36779.750000 993.179871 0.000000 1163.160034
36779.750000 993.179871 0.000000 1163.260010
36779.750000 993.179871 0.000000 1163.354004
36779.750000 993.179871 0.000000 1163.454956
36779.750000 993.179871 0.000000 1163.558960
36779.750000 993.179871 0.000000 1163.654053
36779.750000 993.179871 0.000000 1163.754028
36779.750000 993.179871 0.000000 1163.848999
36779.750000 993.179871 0.000000 1163.948975
36779.750000 993.179871 0.000000 1164.056030
36779.750000 993.179871 0.000000 1164.151001
36779.750000 993.179871 0.000000 1164.250977
36779.750000 993.179871 0.000000 1164.350952
36779.750000 993.179871 0.000000 1164.451050
36779.750000 993.179871 0.000000 1164.546021
36779.750000 993.179871 0.000000 1164.675049
36779.750000 993.179871 0.000000 1164.760010
36779.750000 993.179871 0.000000 1164.859985
36779.750000 993.179871 0.000000 1164.956055
36779.750000 993.179871 0.000000 1165.052002
36779.750000 993.179871 0.000000 1165.151978
36779.750000 993.179871 0.000000 1165.251953
36779.750000 993.179871 0.000000 1165.352051
36779.750000 993.179871 0.000000 1165.462036
36779.750000 993.179871 0.000000 1165.560059
36779.750000 993.179871 0.000000 1165.660034
36779.750000 993.179871 0.000000 1165.753052
36779.750000 993.179871 0.000000 1165.847046
36779.750000 993.179871 0.000000 1165.967041
36779.750000 993.179871 0.000000 1166.062012
36779.750000 993.179871 0.000000 1166.161987
36779.750000 993.179871 0.000000 1166.261963
36779.750000 993.179871 0.000000 1166.362061
36779.750000 993.179871 0.000000 1166.447998
36779.750000 993.179871 0.000000 1166.542969
36779.750000 993.179871 0.000000 1166.652954
36779.750000 993.179871 0.000000 1166.753052
36779.750000 993.179871 0.000000 1166.853027
36779.750000 993.179871 0.000000 1166.959961
36779.750000 993.179871 0.000000 1167.057983
36779.750000 993.179871 0.000000 1167.152954
36779.750000 993.179871 0.000000 1167.253052
36779.750000 993.179871 0.000000 1167.348999
36779.750000 993.179871 0.000000 1167.458984
36779.750000 993.179871 0.000000 1167.557983
36779.750000 993.179871 0.000000 1167.647949
36779.750000 993.179871 0.000000 1167.750000
36779.750000 993.179871 0.000000 1167.848999
36779.750000 993.179871 0.000000 1167.953003
36779.750000 993.179871 0.000000 1168.057983
36779.750000 993.179871 0.000000 1168.152954
36779.750000 993.179871 0.000000 1168.244019
36779.750000 993.179871 0.000000 1168.349976
36779.750000 993.179871 0.000000 1168.453003
36779.750000 993.179871 0.000000 1168.552979
36779.875000 993.179871 0.000000 1168.652954
36779.875000 993.179871 0.000000 1168.760986
36779.875000 993.179871 0.000000 1168.860962
36779.875000 993.179871 0.000000 1168.961060
36779.875000 993.179871 0.000000 1169.056030
36779.875000 993.179871 0.000000 1169.161011
36779.875000 993.179871 0.000000 1169.260986
36779.875000 993.179871 0.000000 1169.359009
36779.875000 993.179871 0.000000 1169.453003
36779.875000 993.179871 0.000000 1169.557983
36779.875000 993.179871 0.000000 1169.654053
36779.875000 993.179871 0.000000 1169.760986
36779.875000 993.179871 0.000000 1169.860962
36779.875000 993.179871 0.000000 1169.953979
36779.875000 993.179871 0.000000 1170.051025
36779.875000 993.179871 0.000000 1170.154053
36779.875000 993.179871 0.000000 1170.245972
36779.875000 993.179871 0.000000 1170.345947
36779.875000 993.179871 0.000000 1170.456055
36779.875000 993.179871 0.000000 1170.557007
36779.875000 993.179871 0.000000 1170.656006
36779.875000 993.179871 0.000000 1170.755981
36779.875000 993.179871 0.000000 1170.852051
36779.875000 993.179871 0.000000 1170.964966
36779.875000 993.179871 0.000000 1171.060059
36779.875000 993.179871 0.000000 1171.160034
36779.875000 993.179871 0.000000 1171.250977
36779.875000 993.179871 0.000000 1171.359009
36779.875000 993.179871 0.000000 1171.453979
36779.875000 993.179871 0.000000 1171.558960
36790.250000 993.179871 0.000000 1171.655029
36790.250000 993.179871 0.000000 1171.755981
36790.250000 993.179871 0.000000 1171.848999
36790.250000 993.179871 0.000000 1171.953003
36790.250000 993.179871 0.000000 1172.062988
36790.250000 993.179871 0.000000 1172.167969
36790.250000 993.179871 0.000000 1172.262939
36790.250000 993.179871 0.000000 1172.363037
36790.250000 993.179871 0.000000 1172.461060
36790.250000 993.179871 0.000000 1172.566040
36790.250000 993.179871 0.000000 1172.655029
36790.250000 993.179871 0.000000 1172.760010
36790.250000 993.179871 0.000000 1172.855957
36790.250000 993.179871 0.000000 1172.957031
36790.250000 993.179871 0.000000 1173.053955
36790.250000 993.179871 0.000000 1173.154053
36790.250000 993.179871 0.000000 1173.259033
36790.250000 993.179871 0.000000 1173.348999
36790.250000 993.179871 0.000000 1173.459961
36790.250000 993.179871 0.000000 1173.558960
36790.250000 993.179871 0.000000 1173.659058
36790.250000 993.179871 0.000000 1173.744995
36790.250000 993.179871 0.000000 1173.854004
36790.250000 993.179871 0.000000 1173.958984
36790.250000 993.179871 0.000000 1174.056030
36790.250000 993.179871 0.000000 1174.161011
36790.250000 993.179871 0.000000 1174.265991
36790.250000 993.179871 0.000000 1174.359009
36790.250000 993.179871 0.000000 1174.468994
36790.250000 993.179871 0.000000 1174.563965
36790.250000 993.179871 0.000000 1174.666016
36790.250000 993.179871 0.000000 1174.755981
36790.250000 993.179871 0.000000 1174.854004
36790.250000 993.179871 0.000000 1174.963989
36790.250000 993.179871 0.000000 1175.067017
36790.250000 993.179871 0.000000 1175.166992
36790.250000 993.179871 0.000000 1175.265991
36790.250000 993.179871 0.000000 1175.363037
36790.250000 993.179871 0.000000 1175.463013
36790.250000 993.179871 0.000000 1175.562988
36790.250000 993.179871 0.000000 1175.657959
36790.250000 993.179871 0.000000 1175.759033
36790.250000 993.179871 0.000000 1175.859985
36790.250000 993.179871 0.000000 1175.961060
36790.250000 993.179871 0.000000 1176.056030
36790.250000 993.179871 0.000000 1176.161011
36790.250000 993.179871 0.000000 1176.255981
36790.250000 993.179871 0.000000 1176.364014
36790.250000 993.179871 0.000000 1176.470947
36790.250000 993.179871 0.000000 1176.556030
36790.250000 993.179871 0.000000 1176.661011
36790.250000 993.179871 0.000000 1176.765991
36790.250000 993.179871 0.000000 1176.860962
36790.250000 993.179871 0.000000 1176.962036
36790.250000 993.179871 0.000000 1177.066040
36790.250000 993.179871 0.000000 1177.161987
36790.250000 993.179871 0.000000 1177.255981
36790.250000 993.179871 0.000000 1177.368042
36790.250000 993.179871 0.000000 1177.462036
36790.250000 993.179871 0.000000 1177.561035
36790.250000 993.179871 0.000000 1177.661011
36790.250000 993.179871 0.000000 1177.760986
36790.250000 993.179871 0.000000 1177.860962
36790.250000 993.179871 0.000000 1177.957031
36791.250000 993.179871 0.000000 1178.071045
36791.250000 993.179871 0.000000 1178.171021
36791.250000 993.179871 0.000000 1178.270996
36791.250000 993.179871 0.000000 1178.370972
36791.250000 993.179871 0.000000 1178.470947
36791.250000 993.179871 0.000000 1178.571045
36791.250000 993.179871 0.000000 1178.667969
36791.250000 993.179871 0.000000 1178.760986
36791.250000 993.179871 0.000000 1178.863037
36791.250000 993.179871 0.000000 1178.961060
36791.250000 993.179871 0.000000 1179.062012
36791.250000 993.179871 0.000000 1179.161011
36791.250000 993.179871 0.000000 1179.260986
36791.250000 993.179871 0.000000 1179.359985
36791.250000 993.179871 0.000000 1179.464966
36791.250000 993.179871 0.000000 1179.560059
36791.250000 993.179871 0.000000 1179.660034
36791.250000 993.179871 0.000000 1179.769043
36791.250000 993.179871 0.000000 1179.864990
36791.250000 993.179871 0.000000 1179.954956
36791.250000 993.179871 0.000000 1180.060059
36791.250000 993.179871 0.000000 1180.166016
36791.250000 993.179871 0.000000 1180.254028
36791.250000 993.179871 0.000000 1180.359985
36791.250000 993.179871 0.000000 1180.462036
36791.250000 993.179871 0.000000 1180.563965
36791.250000 993.179871 0.000000 1180.671997
36791.250000 993.179871 0.000000 1180.771973
36791.250000 993.179871 0.000000 1180.859009
36791.250000 993.179871 0.000000 1180.958984
36791.250000 993.179871 0.000000 1181.053955
36791.250000 993.179871 0.000000 1181.163940
36791.250000 993.179871 0.000000 1181.260010
36791.250000 993.179871 0.000000 1181.364990
36791.250000 993.179871 0.000000 1181.464966
36791.250000 993.179871 0.000000 1181.564941
36791.250000 993.179871 0.000000 1181.660034
36791.250000 993.179871 0.000000 1181.760010
36791.250000 993.179871 0.000000 1181.863037
36791.250000 993.179871 0.000000 1181.958984
36791.250000 993.179871 0.000000 1182.052979
36791.250000 993.179871 0.000000 1182.152954
36791.250000 993.179871 0.000000 1182.258057
36791.250000 993.179871 0.000000 1182.364014
36791.250000 993.179871 0.000000 1182.458984
36791.250000 993.179871 0.000000 1182.563965
36791.250000 993.179871 0.000000 1182.659058
36791.250000 993.179871 0.000000 1182.759033
36791.250000 993.179871 0.000000 1182.864014
36791.250000 993.179871 0.000000 1182.965942
36791.250000 993.179871 0.000000 1183.058960
36791.250000 993.179871 0.000000 1183.159058
36791.250000 993.179871 0.000000 1183.259033
36791.250000 993.179871 0.000000 1183.369019
36791.250000 993.179871 0.000000 1183.468994
36791.250000 993.179871 0.000000 1183.568970
36791.250000 993.179871 0.000000 1183.663940
36791.250000 993.179871 0.000000 1183.761963
36791.250000 993.179871 0.000000 1183.869019
36791.250000 993.179871 0.000000 1183.958984
36791.250000 993.179871 0.000000 1184.066040
36791.250000 993.179871 0.000000 1184.161987
36791.250000 993.179871 0.000000 1184.261963
36791.250000 993.179871 0.000000 1184.357056
36791.250000 993.179871 0.000000 1184.457031
36791.250000 993.179871 0.000000 1184.562012
36791.250000 993.179871 0.000000 1184.663940
36791.250000 993.179871 0.000000 1184.764038
36791.250000 993.179871 0.000000 1184.858032
36791.250000 993.179871 0.000000 1184.969971
36791.250000 993.179871 0.000000 1185.062012
36791.250000 993.179871 0.000000 1185.161987
36791.250000 993.179871 0.000000 1185.256958
36791.250000 993.179871 0.000000 1185.366943
36791.250000 993.179871 0.000000 1185.472046
36791.250000 993.179871 0.000000 1185.567017
36791.250000 993.179871 0.000000 1185.661987
36791.250000 993.179871 0.000000 1185.766968
36791.250000 993.179871 0.000000 1185.852051
36791.250000 993.179871 0.000000 1185.972046
36791.250000 993.179871 0.000000 1186.072021
36791.250000 993.179871 0.000000 1186.171997
36791.250000 993.179871 0.000000 1186.271973
36791.250000 993.179871 0.000000 1186.371948
36791.250000 993.179871 0.000000 1186.463989
36791.250000 993.179871 0.000000 1186.563965
36791.250000 993.179871 0.000000 1186.663940
36791.250000 993.179871 0.000000 1186.770996
36791.250000 993.179871 0.000000 1186.868042
36791.500000 993.179871 0.000000 1186.963013
36791.500000 993.179871 0.000000 1187.062988
36791.500000 993.179871 0.000000 1187.162964
36791.500000 993.179871 0.000000 1187.275024
36791.500000 993.179871 0.000000 1187.359985
36791.500000 993.179871 0.000000 1187.463013
36791.500000 993.179871 0.000000 1187.567993
36791.500000 993.179871 0.000000 1187.665039
36791.500000 993.179871 0.000000 1187.765015
36791.500000 993.179871 0.000000 1187.858032
36791.500000 993.179871 0.000000 1187.958008
36791.500000 993.179871 0.000000 1188.062988
36791.500000 993.179871 0.000000 1188.157959
36791.500000 993.179871 0.000000 1188.253052
36791.500000 993.179871 0.000000 1188.368042
36791.500000 993.179871 0.000000 1188.463013
36791.500000 993.179871 0.000000 1188.562012
36791.500000 993.179871 0.000000 1188.651978
36791.500000 993.179871 0.000000 1188.774048
36791.500000 993.179871 0.000000 1188.862061
36791.500000 993.179871 0.000000 1188.965942
36791.500000 993.179871 0.000000 1189.062012
36791.500000 993.179871 0.000000 1189.161987
36791.500000 993.179871 0.000000 1189.260010
36791.500000 993.179871 0.000000 1189.380981
36791.500000 993.179871 0.000000 1189.469971
36791.500000 993.179871 0.000000 1189.572021
36791.500000 993.179871 0.000000 1189.671997
36791.500000 993.179871 0.000000 1189.771973
36791.500000 993.179871 0.000000 1189.868042
36791.500000 993.179871 0.000000 1189.961060
36791.500000 993.179871 0.000000 1190.074951
36791.500000 993.179871 0.000000 1190.175049
36791.500000 993.179871 0.000000 1190.275024
36791.500000 993.179871 0.000000 1190.375000
36791.500000 993.179871 0.000000 1190.458008
36791.500000 993.179871 0.000000 1190.557983
36791.500000 993.179871 0.000000 1190.662964
36791.500000 993.179871 0.000000 1190.771973
36791.500000 993.179871 0.000000 1190.875977
36791.500000 993.179871 0.000000 1190.961060
36791.500000 993.179871 0.000000 1191.071045
36791.500000 993.179871 0.000000 1191.170044
36791.500000 993.179871 0.000000 1191.269043
36791.500000 993.179871 0.000000 1191.363037
36791.500000 993.179871 0.000000 1191.463989
36791.500000 993.179871 0.000000 1191.563965
36791.500000 993.179871 0.000000 1191.663940
36791.500000 993.179871 0.000000 1191.764038
36791.500000 993.179871 0.000000 1191.864014
36791.500000 993.179871 0.000000 1191.965942
36791.500000 993.179871 0.000000 1192.064941
36791.500000 993.179871 0.000000 1192.166992
36791.500000 993.179871 0.000000 1192.264038
36791.500000 993.179871 0.000000 1192.360962
36791.500000 993.179871 0.000000 1192.469971
36791.500000 993.179871 0.000000 1192.563965
36791.500000 993.179871 0.000000 1192.663940
36791.500000 993.179871 0.000000 1192.764038
36791.500000 993.179871 0.000000 1192.857056
36791.500000 993.179871 0.000000 1192.969971
36791.500000 993.179871 0.000000 1193.069946
36791.500000 993.179871 0.000000 1193.165039
36791.500000 993.179871 0.000000 1193.275024
36791.500000 993.179871 0.000000 1193.362061
36791.500000 993.179871 0.000000 1193.468994
36791.500000 993.179871 0.000000 1193.568970
36791.500000 993.179871 0.000000 1193.662964
36791.500000 993.179871 0.000000 1193.765015
36791.500000 993.179871 0.000000 1193.864990
36791.500000 993.179871 0.000000 1193.964966
36791.500000 993.179871 0.000000 1194.064941
36791.500000 993.179871 0.000000 1194.165039
36791.500000 993.179871 0.000000 1194.260010
36791.500000 993.179871 0.000000 1194.371948
36791.500000 993.179871 0.000000 1194.472046
36791.500000 993.179871 0.000000 1194.577026
36791.500000 993.179871 0.000000 1194.665039
36791.500000 993.179871 0.000000 1194.765015
36791.500000 993.179871 0.000000 1194.864990
36791.500000 993.179871 0.000000 1194.979004
36791.500000 993.179871 0.000000 1195.069946
36791.500000 993.179871 0.000000 1195.178955
36791.500000 993.179871 0.000000 1195.276978
36791.500000 993.179871 0.000000 1195.369019
36791.500000 993.179871 0.000000 1195.473999
36791.500000 993.179871 0.000000 1195.574951
36791.500000 993.179871 0.000000 1195.668945
36791.500000 993.179871 0.000000 1195.771973
36791.500000 993.179871 0.000000 1195.870972
36791.500000 993.179871 0.000000 1195.973999
36791.500000 993.179871 0.000000 1196.068970
36791.500000 993.179871 0.000000 1196.168945
36791.500000 993.179871 0.000000 1196.264038
36791.500000 993.179871 0.000000 1196.369019
36791.500000 993.179871 0.000000 1196.479980
36791.500000 993.179871 0.000000 1196.568970
36791.500000 993.179871 0.000000 1196.668945
36791.500000 993.179871 0.000000 1196.769043
36791.500000 993.179871 0.000000 1196.864014
36791.500000 993.179871 0.000000 1196.963989
36791.500000 993.179871 0.000000 1197.078979
36791.500000 993.179871 0.000000 1197.170044
36791.500000 993.179871 0.000000 1197.279053
36791.500000 993.179871 0.000000 1197.384033
36791.500000 993.179871 0.000000 1197.484009
36791.500000 993.179871 0.000000 1197.574951
36791.500000 993.179871 0.000000 1197.680054
36791.500000 993.179871 0.000000 1197.784058
36791.500000 993.179871 0.000000 1197.889038
36791.500000 993.179871 0.000000 1197.984009
36791.500000 993.179871 0.000000 1198.074951
36791.500000 993.179871 0.000000 1198.175049
36791.500000 993.179871 0.000000 1198.275024
36791.500000 993.179871 0.000000 1198.375000
36791.500000 993.179871 0.000000 1198.474976
36791.500000 993.179871 0.000000 1198.574951
36791.500000 993.179871 0.000000 1198.675049
36791.500000 993.179871 0.000000 1198.776978
36791.500000 993.179871 0.000000 1198.885986
36791.500000 993.179871 0.000000 1198.978027
36791.500000 993.179871 0.000000 1199.067993
36791.500000 993.179871 0.000000 1199.182007
36791.500000 993.179871 0.000000 1199.281982
36791.500000 993.179871 0.000000 1199.376953
36791.500000 993.179871 0.000000 1199.472046
36791.500000 993.179871 0.000000 1199.577026
36791.500000 993.179871 0.000000 1199.677002
36791.500000 993.179871 0.000000 1199.771973
36791.500000 993.179871 0.000000 1199.876953
36791.500000 993.179871 0.000000 1199.972046
36791.500000 993.179871 0.000000 1200.087036
36791.500000 993.179871 0.000000 1200.187012
36791.500000 993.179871 0.000000 1200.286987
36791.500000 993.179871 0.000000 1200.386963
36791.500000 993.179871 0.000000 1200.484985
36791.500000 993.179871 0.000000 1200.584961
36791.500000 993.179871 0.000000 1200.685059
36791.500000 993.179871 0.000000 1200.785034
36791.500000 993.179871 0.000000 1200.885010
36791.500000 993.179871 0.000000 1200.984985
36791.500000 993.179871 0.000000 1201.083008
36791.500000 993.179871 0.000000 1201.171997
36791.500000 993.179871 0.000000 1201.276978
36791.500000 993.179871 0.000000 1201.376953
36791.500000 993.179871 0.000000 1201.475952
36791.500000 993.179871 0.000000 1201.586060
36791.500000 993.179871 0.000000 1201.691040
36791.500000 993.179871 0.000000 1201.771973
36791.500000 993.179871 0.000000 1201.871948
36791.500000 993.179871 0.000000 1201.962036
36791.500000 993.179871 0.000000 1202.082031
36791.500000 993.179871 0.000000 1202.182007
36791.500000 993.179871 0.000000 1202.279053
36791.500000 993.179871 0.000000 1202.384033
36791.500000 993.179871 0.000000 1202.479004
36791.500000 993.179871 0.000000 1202.579956
36791.500000 993.179871 0.000000 1202.686035
36791.500000 993.179871 0.000000 1202.776001
36791.500000 993.179871 0.000000 1202.879028
36791.500000 993.179871 0.000000 1202.979004
36791.500000 993.179871 0.000000 1203.068970
36791.500000 993.179871 0.000000 1203.173950
36791.500000 993.179871 0.000000 1203.280029
36791.500000 993.179871 0.000000 1203.384033
36791.500000 993.179871 0.000000 1203.484985
36791.500000 993.179871 0.000000 1203.578979
36791.500000 993.179871 0.000000 1203.678955
36791.500000 993.179871 0.000000 1203.779053
36791.500000 993.179871 0.000000 1203.879028
36791.500000 993.179871 0.000000 1203.984009
36791.500000 993.179871 0.000000 1204.079956
36791.500000 993.179871 0.000000 1204.172974
36791.500000 993.179871 0.000000 1204.272949
36791.500000 993.179871 0.000000 1204.386963
36791.500000 993.179871 0.000000 1204.480957
36791.500000 993.179871 0.000000 1204.578979
36791.500000 993.179871 0.000000 1204.688965
36791.500000 993.179871 0.000000 1204.780029
36791.500000 993.179871 0.000000 1204.880005
36791.500000 993.179871 0.000000 1204.984985
36791.500000 993.179871 0.000000 1205.084961
36791.500000 993.179871 0.000000 1205.188965
36791.500000 993.179871 0.000000 1205.287964
36791.500000 993.179871 0.000000 1205.387939
36791.500000 993.179871 0.000000 1205.482056
36791.500000 993.179871 0.000000 1205.579956
36791.500000 993.179871 0.000000 1205.680054
36791.500000 993.179871 0.000000 1205.780029
36791.500000 993.179871 0.000000 1205.880005
36791.500000 993.179871 0.000000 1205.984985
36791.500000 993.179871 0.000000 1206.079956
36791.500000 993.179871 0.000000 1206.180054
36791.500000 993.179871 0.000000 1206.281982
36791.500000 993.179871 0.000000 1206.380981
36791.500000 993.179871 0.000000 1206.489014
36791.500000 993.179871 0.000000 1206.589966
36791.500000 993.179871 0.000000 1206.693970
36791.500000 993.179871 0.000000 1206.796021
36791.500000 993.179871 0.000000 1206.890015
36791.500000 993.179871 0.000000 1206.984985
36791.500000 993.179871 0.000000 1207.094971
36791.500000 993.179871 0.000000 1207.180054
36791.500000 993.179871 0.000000 1207.290039
36791.500000 993.179871 0.000000 1207.391968
36791.500000 993.179871 0.000000 1207.496948
36791.500000 993.179871 0.000000 1207.589966
36791.500000 993.179871 0.000000 1207.689941
36791.500000 993.179871 0.000000 1207.791016
36791.500000 993.179871 0.000000 1207.885010
36791.500000 993.179871 0.000000 1207.991943
36791.500000 993.179871 0.000000 1208.090942
36791.500000 993.179871 0.000000 1208.189941
36791.500000 993.179871 0.000000 1208.295044
36791.500000 993.179871 0.000000 1208.395020
36791.500000 993.179871 0.000000 1208.494995
36791.500000 993.179871 0.000000 1208.584961
36791.500000 993.179871 0.000000 1208.691040
36791.500000 993.179871 0.000000 1208.796997
36791.500000 993.179871 0.000000 1208.896973
36791.500000 993.179871 0.000000 1208.990967
36791.500000 993.179871 0.000000 1209.100952
36791.500000 993.179871 0.000000 1209.185059
36791.500000 993.179871 0.000000 1209.291016
36791.500000 993.179871 0.000000 1209.390991
36791.500000 993.179871 0.000000 1209.490967
36791.500000 993.179871 0.000000 1209.590942
36791.500000 993.179871 0.000000 1209.701050
36791.500000 993.179871 0.000000 1209.801025
36791.500000 993.179871 0.000000 1209.896973
36791.500000 993.179871 0.000000 1209.990967
36791.500000 993.179871 0.000000 1210.090942
36791.500000 993.179871 0.000000 1210.191040
36791.500000 993.179871 0.000000 1210.297974
36791.500000 993.179871 0.000000 1210.397949
36791.500000 993.179871 0.000000 1210.494995
36791.500000 993.179871 0.000000 1210.590942
36791.500000 993.179871 0.000000 1210.689941
36791.500000 993.179871 0.000000 1210.796021
36791.500000 993.179871 0.000000 1210.890015
36791.500000 993.179871 0.000000 1210.994995
36791.500000 993.179871 0.000000 1211.093018
36791.500000 993.179871 0.000000 1211.182983
36791.500000 993.179871 0.000000 1211.301025
36791.500000 993.179871 0.000000 1211.391968
36791.500000 993.179871 0.000000 1211.499023
36791.500000 993.179871 0.000000 1211.604004
36791.500000 993.179871 0.000000 1211.692017
36791.500000 993.179871 0.000000 1211.791992
36791.500000 993.179871 0.000000 1211.892944
36791.500000 993.179871 0.000000 1211.989990
36791.500000 993.179871 0.000000 1212.092041
36791.500000 993.179871 0.000000 1212.192993
36791.500000 993.179871 0.000000 1212.298950
36791.500000 993.179871 0.000000 1212.394043
36791.500000 993.179871 0.000000 1212.489014
36791.500000 993.179871 0.000000 1212.593994
36791.500000 993.179871 0.000000 1212.678955
36791.500000 993.179871 0.000000 1212.784058
36791.500000 993.179871 0.000000 1212.891968
36791.500000 993.179871 0.000000 1212.989014
36791.500000 993.179871 0.000000 1213.093994
36791.500000 993.179871 0.000000 1213.188965
36791.500000 993.179871 0.000000 1213.293945
36791.500000 993.179871 0.000000 1213.392944
36791.500000 993.179871 0.000000 1213.498047
36791.500000 993.179871 0.000000 1213.594971
36791.500000 993.179871 0.000000 1213.692993
36791.500000 993.179871 0.000000 1213.798950
36791.500000 993.179871 0.000000 1213.899048
36791.500000 993.179871 0.000000 1213.993042
36791.500000 993.179871 0.000000 1214.100952
36791.500000 993.179871 0.000000 1214.192017
36791.500000 993.179871 0.000000 1214.291992
36791.500000 993.179871 0.000000 1214.394043
36791.500000 993.179871 0.000000 1214.489990
36791.500000 993.179871 0.000000 1214.598022
36791.500000 993.179871 0.000000 1214.696045
36791.500000 993.179871 0.000000 1214.801025
36791.500000 993.179871 0.000000 1214.884033
36791.500000 993.179871 0.000000 1214.989990
36791.500000 993.179871 0.000000 1215.094971
36791.500000 993.179871 0.000000 1215.199951
36791.500000 993.179871 0.000000 1215.295044
36791.500000 993.179871 0.000000 1215.385010
36791.500000 993.179871 0.000000 1215.494995
36791.500000 993.179871 0.000000 1215.599976
36791.500000 993.179871 0.000000 1215.699951
36791.500000 993.179871 0.000000 1215.795044
36791.500000 993.179871 0.000000 1215.891968
36791.500000 993.179871 0.000000 1216.001953
36791.500000 993.179871 0.000000 1216.094971
36791.500000 993.179871 0.000000 1216.194946
36791.500000 993.179871 0.000000 1216.290039
36791.500000 993.179871 0.000000 1216.401001
36791.500000 993.179871 0.000000 1216.500000
36791.500000 993.179871 0.000000 1216.600952
36791.500000 993.179871 0.000000 1216.699951
36791.500000 993.179871 0.000000 1216.797974
36791.500000 993.179871 0.000000 1216.904053
36791.500000 993.179871 0.000000 1217.005981
36791.500000 993.179871 0.000000 1217.103027
36791.500000 993.179871 0.000000 1217.207031
36791.500000 993.179871 0.000000 1217.307007
36791.500000 993.179871 0.000000 1217.397949
36791.500000 993.179871 0.000000 1217.498047
36791.500000 993.179871 0.000000 1217.598999
36791.500000 993.179871 0.000000 1217.703003
36791.500000 993.179871 0.000000 1217.798950
36791.500000 993.179871 0.000000 1217.907959
36791.500000 993.179871 0.000000 1218.005981
36791.500000 993.179871 0.000000 1218.105957
36791.500000 993.179871 0.000000 1218.206055
36791.500000 993.179871 0.000000 1218.303955
36791.500000 993.179871 0.000000 1218.397949
36791.500000 993.179871 0.000000 1218.504028
36791.500000 993.179871 0.000000 1218.598022
36791.500000 993.179871 0.000000 1218.709961
36791.500000 993.179871 0.000000 1218.807007
36791.500000 993.179871 0.000000 1218.906982
36791.500000 993.179871 0.000000 1218.998047
36791.500000 993.179871 0.000000 1219.098022
36791.500000 993.179871 0.000000 1219.187988
36791.500000 993.179871 0.000000 1219.305054
36791.500000 993.179871 0.000000 1219.387939
36791.500000 993.179871 0.000000 1219.504028
36791.500000 993.179871 0.000000 1219.598022
36791.500000 993.179871 0.000000 1219.697998
36791.500000 993.179871 0.000000 1219.802979
36791.500000 993.179871 0.000000 1219.897949
36791.500000 993.179871 0.000000 1220.005981
36791.500000 993.179871 0.000000 1220.105957
36791.500000 993.179871 0.000000 1220.203979
36791.500000 993.179871 0.000000 1220.293945
36791.500000 993.179871 0.000000 1220.392944
36791.500000 993.179871 0.000000 1220.499023
36791.500000 993.179871 0.000000 1220.598999
36791.500000 993.179871 0.000000 1220.697998
36791.500000 993.179871 0.000000 1220.798950
36791.500000 993.179871 0.000000 1220.906006
36791.500000 993.179871 0.000000 1221.010986
36791.500000 993.179871 0.000000 1221.098022
36791.500000 993.179871 0.000000 1221.197998
36791.500000 993.179871 0.000000 1221.303955
36791.500000 993.179871 0.000000 1221.397949
36791.500000 993.179871 0.000000 1221.488037
36791.500000 993.179871 0.000000 1221.598022
36791.500000 993.179871 0.000000 1221.697998
36791.500000 993.179871 0.000000 1221.797974
36791.500000 993.179871 0.000000 1221.906006
36791.500000 993.179871 0.000000 1222.005981
36791.500000 993.179871 0.000000 1222.098022
36791.500000 993.179871 0.000000 1222.192993
36791.500000 993.179871 0.000000 1222.297974
36791.500000 993.179871 0.000000 1222.401978
36791.500000 993.179871 0.000000 1222.495972
36791.500000 993.179871 0.000000 1222.590942
36791.500000 993.179871 0.000000 1222.686035
36791.500000 993.179871 0.000000 1222.802002
36791.500000 993.179871 0.000000 1222.901001
36791.500000 993.179871 0.000000 1223.008057
36791.500000 993.179871 0.000000 1223.108032
36791.500000 993.179871 0.000000 1223.208008
36791.500000 993.179871 0.000000 1223.310059
36791.500000 993.179871 0.000000 1223.399048
36791.500000 993.179871 0.000000 1223.494019
36791.500000 993.179871 0.000000 1223.599976
36791.500000 993.179871 0.000000 1223.698975
36791.500000 993.179871 0.000000 1223.788940
36791.500000 993.179871 0.000000 1223.900024
36791.500000 993.179871 0.000000 1223.994995
36791.500000 993.179871 0.000000 1224.089966
36791.500000 993.179871 0.000000 1224.199951
36791.500000 993.179871 0.000000 1224.300049
36791.500000 993.179871 0.000000 1224.405029
36791.500000 993.179871 0.000000 1224.500000
36791.500000 993.179871 0.000000 1224.609009
36791.500000 993.179871 0.000000 1224.699951
36791.500000 993.179871 0.000000 1224.796997
36791.500000 993.179871 0.000000 1224.901001
36791.500000 993.179871 0.000000 1225.015015
36791.500000 993.179871 0.000000 1225.099976
36791.500000 993.179871 0.000000 1225.202026
36791.500000 993.179871 0.000000 1225.302002
36791.500000 993.179871 0.000000 1225.411987
36791.500000 993.179871 0.000000 1225.511963
36791.500000 993.179871 0.000000 1225.612061
36791.500000 993.179871 0.000000 1225.712036
36791.500000 993.179871 0.000000 1225.802002
36791.500000 993.179871 0.000000 1225.906982
36791.500000 993.179871 0.000000 1226.008057
36791.500000 993.179871 0.000000 1226.109985
36791.500000 993.179871 0.000000 1226.204956
36791.500000 993.179871 0.000000 1226.310059
36791.500000 993.179871 0.000000 1226.410034
36791.500000 993.179871 0.000000 1226.499023
36791.500000 993.179871 0.000000 1226.602051
36791.500000 993.179871 0.000000 1226.702026
36791.500000 993.179871 0.000000 1226.802002
36791.500000 993.179871 0.000000 1226.901978
36791.500000 993.179871 0.000000 1226.996948
36791.500000 993.179871 0.000000 1227.097046
36791.500000 993.179871 0.000000 1227.198975
36791.500000 993.179871 0.000000 1227.302002
36791.500000 993.179871 0.000000 1227.401978
36791.500000 993.179871 0.000000 1227.500000
36791.500000 993.179871 0.000000 1227.583984
36791.500000 993.179871 0.000000 1227.703979
36791.500000 993.179871 0.000000 1227.793945
36791.500000 993.179871 0.000000 1227.905029
36791.500000 993.179871 0.000000 1227.999023
36791.500000 993.179871 0.000000 1228.100952
36791.500000 993.179871 0.000000 1228.209961
36791.500000 993.179871 0.000000 1228.300049
36791.500000 993.179871 0.000000 1228.404053
36791.500000 993.179871 0.000000 1228.500977
36791.500000 993.179871 0.000000 1228.605957
36791.500000 993.179871 0.000000 1228.704956
36791.500000 993.179871 0.000000 1228.798950
36791.500000 993.179871 0.000000 1228.904053
36791.500000 993.179871 0.000000 1229.004028
36791.500000 993.179871 0.000000 1229.098999
36791.500000 993.179871 0.000000 1229.193970
36791.500000 993.179871 0.000000 1229.298950
36791.500000 993.179871 0.000000 1229.405029
36791.500000 993.179871 0.000000 1229.504028
36791.500000 993.179871 0.000000 1229.598999
36791.500000 993.179871 0.000000 1229.706055
36791.500000 993.179871 0.000000 1229.806030
36791.500000 993.179871 0.000000 1229.906006
36791.500000 993.179871 0.000000 1230.005981
36791.500000 993.179871 0.000000 1230.105957
36791.500000 993.179871 0.000000 1230.212036
36791.500000 993.179871 0.000000 1230.303955
36791.500000 993.179871 0.000000 1230.399048
36791.500000 993.179871 0.000000 1230.504028
36791.500000 993.179871 0.000000 1230.598999
36791.500000 993.179871 0.000000 1230.708984
36791.500000 993.179871 0.000000 1230.801025
36791.500000 993.179871 0.000000 1230.899048
36791.500000 993.179871 0.000000 1231.004028
36791.500000 993.179871 0.000000 1231.095947
36791.500000 993.179871 0.000000 1231.212036
36791.500000 993.179871 0.000000 1231.295044
36791.500000 993.179871 0.000000 1231.405029
36791.500000 993.179871 0.000000 1231.506958
36791.500000 993.179871 0.000000 1231.599976
36791.500000 993.179871 0.000000 1231.707031
36791.500000 993.179871 0.000000 1231.805054
36791.500000 993.179871 0.000000 1231.905029
36791.500000 993.179871 0.000000 1232.005005
36791.500000 993.179871 0.000000 1232.112061
36791.500000 993.179871 0.000000 1232.199951
36791.500000 993.179871 0.000000 1232.305054
36791.500000 993.179871 0.000000 1232.406006
36791.500000 993.179871 0.000000 1232.505005
36791.500000 993.179871 0.000000 1232.604980
36791.500000 993.179871 0.000000 1232.704956
36791.500000 993.179871 0.000000 1232.807007
36791.500000 993.179871 0.000000 1232.905029
36791.500000 993.179871 0.000000 1233.005005
36791.500000 993.179871 0.000000 1233.110962
36791.500000 993.179871 0.000000 1233.204956
36791.500000 993.179871 0.000000 1233.310059
36791.500000 993.179871 0.000000 1233.411011
36791.500000 993.179871 0.000000 1233.495972
36791.500000 993.179871 0.000000 1233.605957
36791.500000 993.179871 0.000000 1233.706055
36791.500000 993.179871 0.000000 1233.806030
36791.500000 993.179871 0.000000 1233.906006
36791.500000 993.179871 0.000000 1234.003052
36791.500000 993.179871 0.000000 1234.107056
36791.500000 993.179871 0.000000 1234.207031
36791.500000 993.179871 0.000000 1234.316040
36791.500000 993.179871 0.000000 1234.416016
36791.500000 993.179871 0.000000 1234.515991
36791.500000 993.179871 0.000000 1234.604004
36791.500000 993.179871 0.000000 1234.713013
36791.500000 993.179871 0.000000 1234.813965
36791.500000 993.179871 0.000000 1234.906982
36791.500000 993.179871 0.000000 1234.998047
36791.500000 993.179871 0.000000 1235.108032
36791.500000 993.179871 0.000000 1235.203003
36791.500000 993.179871 0.000000 1235.298950
36791.500000 993.179871 0.000000 1235.409058
36791.500000 993.179871 0.000000 1235.505981
36791.500000 993.179871 0.000000 1235.598999
36791.500000 993.179871 0.000000 1235.713013
36791.500000 993.179871 0.000000 1235.807007
36791.500000 993.179871 0.000000 1235.912964
36791.500000 993.179871 0.000000 1235.996948
36791.500000 993.179871 0.000000 1236.107056
36791.500000 993.179871 0.000000 1236.197021
36791.500000 993.179871 0.000000 1236.312988
36791.500000 993.179871 0.000000 1236.404053
36791.500000 993.179871 0.000000 1236.515015
36791.500000 993.179871 0.000000 1236.609985
36791.500000 993.179871 0.000000 1236.714966
36791.500000 993.179871 0.000000 1236.814941
36791.500000 993.179871 0.000000 1236.915039
36791.500000 993.179871 0.000000 1237.015015
36791.500000 993.179871 0.000000 1237.110962
36791.500000 993.179871 0.000000 1237.206055
36791.500000 993.179871 0.000000 1237.310059
36791.500000 993.179871 0.000000 1237.407959
36791.500000 993.179871 0.000000 1237.508057
36791.500000 993.179871 0.000000 1237.605957
36791.500000 993.179871 0.000000 1237.706055
36791.500000 993.179871 0.000000 1237.806030
36791.500000 993.179871 0.000000 1237.906006
36791.500000 993.179871 0.000000 1238.010010
36791.500000 993.179871 0.000000 1238.114014
36791.500000 993.179871 0.000000 1238.213989
36791.500000 993.179871 0.000000 1238.313965
36791.500000 993.179871 0.000000 1238.406982
36791.500000 993.179871 0.000000 1238.506958
36791.500000 993.179871 0.000000 1238.604004
36791.500000 993.179871 0.000000 1238.703979
36791.500000 993.179871 0.000000 1238.811035
36791.500000 993.179871 0.000000 1238.916016
36791.500000 993.179871 0.000000 1239.009033
36791.500000 993.179871 0.000000 1239.109985
36791.500000 993.179871 0.000000 1239.215942
36791.500000 993.179871 0.000000 1239.308960
36791.500000 993.179871 0.000000 1239.390015
36791.500000 993.179871 0.000000 1239.515015
36791.500000 993.179871 0.000000 1239.609009
36791.625000 993.179871 0.000000 1239.713989
36791.625000 993.179871 0.000000 1239.807983
36791.625000 993.179871 0.000000 1239.917969
36791.625000 993.179871 0.000000 1240.017944
36791.625000 993.179871 0.000000 1240.118042
36791.625000 993.179871 0.000000 1240.218018
36791.625000 993.179871 0.000000 1240.314941
36791.625000 993.179871 0.000000 1240.416016
36791.625000 993.179871 0.000000 1240.515991
36791.625000 993.179871 0.000000 1240.614990
36791.625000 993.179871 0.000000 1240.708984
36791.625000 993.179871 0.000000 1240.811035
36791.625000 993.179871 0.000000 1240.918945
36791.625000 993.179871 0.000000 1241.019043
36791.625000 993.179871 0.000000 1241.119019
36791.625000 993.179871 0.000000 1241.218994
36791.625000 993.179871 0.000000 1241.318970
36791.625000 993.179871 0.000000 1241.413940
36791.625000 993.179871 0.000000 1241.519043
36791.625000 993.179871 0.000000 1241.619019
36791.625000 993.179871 0.000000 1241.729004
36791.625000 993.179871 0.000000 1241.818970
36791.625000 993.179871 0.000000 1241.916992
36791.625000 993.179871 0.000000 1242.016968
36791.625000 993.179871 0.000000 1242.116943
36791.625000 993.179871 0.000000 1242.217041
36791.625000 993.179871 0.000000 1242.307007
36791.625000 993.179871 0.000000 1242.416992
36791.625000 993.179871 0.000000 1242.516968
36791.625000 993.179871 0.000000 1242.614990
36791.625000 993.179871 0.000000 1242.709961
36791.625000 993.179871 0.000000 1242.808960
36791.625000 993.179871 0.000000 1242.909058
36791.625000 993.179871 0.000000 1243.014038
36791.625000 993.179871 0.000000 1243.109009
36791.625000 993.179871 0.000000 1243.208984
36791.625000 993.179871 0.000000 1243.308960
36791.625000 993.179871 0.000000 1243.415039
36791.625000 993.179871 0.000000 1243.499023
36791.625000 993.179871 0.000000 1243.613037
36791.625000 993.179871 0.000000 1243.707031
36791.625000 993.179871 0.000000 1243.812012
36791.625000 993.179871 0.000000 1243.902954
36791.625000 993.179871 0.000000 1244.008057
36791.625000 993.179871 0.000000 1244.108032
36791.625000 993.179871 0.000000 1244.208008
36791.625000 993.179871 0.000000 1244.307983
36791.625000 993.179871 0.000000 1244.412964
36791.625000 993.179871 0.000000 1244.508057
36791.625000 993.179871 0.000000 1244.604980
36791.625000 993.179871 0.000000 1244.709961
36791.625000 993.179871 0.000000 1244.805054
36791.625000 993.179871 0.000000 1244.911987
36791.625000 993.179871 0.000000 1245.005005
36791.625000 993.179871 0.000000 1245.104980
36791.625000 993.179871 0.000000 1245.219971
36791.625000 993.179871 0.000000 1245.310059
36791.625000 993.179871 0.000000 1245.412964
36791.625000 993.179871 0.000000 1245.517944
36791.625000 993.179871 0.000000 1245.605957
36791.625000 993.179871 0.000000 1245.709961
36791.625000 993.179871 0.000000 1245.817017
36791.625000 993.179871 0.000000 1245.902954
36791.625000 993.179871 0.000000 1246.005981
36791.625000 993.179871 0.000000 1246.109009
36791.625000 993.179871 0.000000 1246.204956
36791.625000 993.179871 0.000000 1246.308960
36791.625000 993.179871 0.000000 1246.415039
36791.625000 993.179871 0.000000 1246.511963
36791.625000 993.179871 0.000000 1246.623047
36791.625000 993.179871 0.000000 1246.707031
36791.625000 993.179871 0.000000 1246.808960
36791.625000 993.179871 0.000000 1246.915039
36791.625000 993.179871 0.000000 1247.005981
36791.625000 993.179871 0.000000 1247.108032
36791.625000 993.179871 0.000000 1247.209961
36791.625000 993.179871 0.000000 1247.313965
36791.625000 993.179871 0.000000 1247.412964
36791.625000 993.179871 0.000000 1247.517944
36791.625000 993.179871 0.000000 1247.618042
36791.625000 993.179871 0.000000 1247.713013
36791.625000 993.179871 0.000000 1247.817993
36791.625000 993.179871 0.000000 1247.912964
36791.625000 993.179871 0.000000 1248.015015
36791.625000 993.179871 0.000000 1248.109009
36791.625000 993.179871 0.000000 1248.193970
36791.625000 993.179871 0.000000 1248.312988
36791.625000 993.179871 0.000000 1248.410034
36791.625000 993.179871 0.000000 1248.509033
36791.625000 993.179871 0.000000 1248.614990
36791.625000 993.179871 0.000000 1248.713013
36791.625000 993.179871 0.000000 1248.810059
36791.625000 993.179871 0.000000 1248.907959
36791.625000 993.179871 0.000000 1249.003052
36791.625000 993.179871 0.000000 1249.110962
36791.625000 993.179871 0.000000 1249.208008
36791.625000 993.179871 0.000000 1249.297974
36791.625000 993.179871 0.000000 1249.416016
36791.625000 993.179871 0.000000 1249.503052
36791.625000 993.179871 0.000000 1249.608032
36791.750000 993.179871 0.000000 1249.708008
36791.750000 993.179871 0.000000 1249.807983
36791.750000 993.179871 0.000000 1249.915039
36791.750000 993.179871 0.000000 1250.008057
36791.750000 993.179871 0.000000 1250.108032
36791.750000 993.179871 0.000000 1250.208008
36791.750000 993.179871 0.000000 1250.307983
36791.750000 993.179871 0.000000 1250.407959
36791.750000 993.179871 0.000000 1250.508057
36791.750000 993.179871 0.000000 1250.608032
36791.750000 993.179871 0.000000 1250.697998
36791.750000 993.179871 0.000000 1250.813965
36791.750000 993.179871 0.000000 1250.913940
36791.750000 993.179871 0.000000 1251.004028
36791.750000 993.179871 0.000000 1251.103027
36791.750000 993.179871 0.000000 1251.211060
36791.750000 993.179871 0.000000 1251.312012
36791.750000 993.179871 0.000000 1251.411987
36791.750000 993.179871 0.000000 1251.506958
36791.750000 993.179871 0.000000 1251.613037
36791.750000 993.179871 0.000000 1251.708984
36791.750000 993.179871 0.000000 1251.816040
36791.750000 993.179871 0.000000 1251.916016
36791.750000 993.179871 0.000000 1252.020996
36791.750000 993.179871 0.000000 1252.114990
36791.750000 993.179871 0.000000 1252.213989
36791.750000 993.179871 0.000000 1252.298950
36791.750000 993.179871 0.000000 1252.409058
36791.750000 993.179871 0.000000 1252.508057
36791.750000 993.179871 0.000000 1252.608032
36791.750000 993.179871 0.000000 1252.708008
36791.750000 993.179871 0.000000 1252.807983
36791.750000 993.179871 0.000000 1252.907959
36791.750000 993.179871 0.000000 1252.993042
36791.750000 993.179871 0.000000 1253.113037
36791.750000 993.179871 0.000000 1253.208008
36791.750000 993.179871 0.000000 1253.307983
36791.750000 993.179871 0.000000 1253.413940
36791.750000 993.179871 0.000000 1253.510010
36791.750000 993.179871 0.000000 1253.608032
36791.750000 993.179871 0.000000 1253.711060
36791.750000 993.179871 0.000000 1253.813965
36791.750000 993.179871 0.000000 1253.912964
36791.750000 993.179871 0.000000 1254.008057
36791.750000 993.179871 0.000000 1254.118042
36791.750000 993.179871 0.000000 1254.218018
36791.750000 993.179871 0.000000 1254.312988
36791.750000 993.179871 0.000000 1254.417969
36791.750000 993.179871 0.000000 1254.517944
36791.750000 993.179871 0.000000 1254.618042
36791.750000 993.179871 0.000000 1254.723022
36791.750000 993.179871 0.000000 1254.817993
36791.750000 993.179871 0.000000 1254.916016
36791.750000 993.179871 0.000000 1254.999023
36791.750000 993.179871 0.000000 1255.109009
36791.750000 993.179871 0.000000 1255.208984
36791.750000 993.179871 0.000000 1255.308960
36791.750000 993.179871 0.000000 1255.410034
36791.750000 993.179871 0.000000 1255.504028
36791.750000 993.179871 0.000000 1255.609009
36791.750000 993.179871 0.000000 1255.713989
36791.750000 993.179871 0.000000 1255.818970
36791.750000 993.179871 0.000000 1255.918945
36791.750000 993.179871 0.000000 1256.019043
36791.750000 993.179871 0.000000 1256.119019
36791.750000 993.179871 0.000000 1256.218994
36791.750000 993.179871 0.000000 1256.318970
36791.750000 993.179871 0.000000 1256.413940
36791.750000 993.179871 0.000000 1256.519043
36791.750000 993.179871 0.000000 1256.619019
36791.750000 993.179871 0.000000 1256.714966
36791.750000 993.179871 0.000000 1256.808960
36791.750000 993.179871 0.000000 1256.916016
36791.750000 993.179871 0.000000 1257.015991
36791.750000 993.179871 0.000000 1257.109009
36791.750000 993.179871 0.000000 1257.209961
36791.750000 993.179871 0.000000 1257.308960
36791.750000 993.179871 0.000000 1257.409058
36791.750000 993.179871 0.000000 1257.510986
36791.750000 993.179871 0.000000 1257.607056
36791.750000 993.179871 0.000000 1257.713989
36791.750000 993.179871 0.000000 1257.814941
36791.750000 993.179871 0.000000 1257.909058
36791.750000 993.179871 0.000000 1257.998047
36791.750000 993.179871 0.000000 1258.108032
36791.750000 993.179871 0.000000 1258.208008
36791.750000 993.179871 0.000000 1258.316040
36791.750000 993.179871 0.000000 1258.407959
36791.750000 993.179871 0.000000 1258.508057
36791.750000 993.179871 0.000000 1258.603027
36791.750000 993.179871 0.000000 1258.718018
36791.750000 993.179871 0.000000 1258.813965
36791.750000 993.179871 0.000000 1258.910034
36791.750000 993.179871 0.000000 1259.008057
36791.750000 993.179871 0.000000 1259.098022
36791.750000 993.179871 0.000000 1259.203003
36791.750000 993.179871 0.000000 1259.307983
36791.750000 993.179871 0.000000 1259.417969
36791.750000 993.179871 0.000000 1259.509033
36791.750000 993.179871 0.000000 1259.613037
36791.750000 993.179871 0.000000 1259.713013
36791.750000 993.179871 0.000000 1259.817993
36791.750000 993.179871 0.000000 1259.921021
36791.750000 993.179871 0.000000 1260.015015
36791.750000 993.179871 0.000000 1260.114990
36791.750000 993.179871 0.000000 1260.199951
36791.750000 993.179871 0.000000 1260.306030
36791.750000 993.179871 0.000000 1260.411011
36791.750000 993.179871 0.000000 1260.510010
36791.750000 993.179871 0.000000 1260.602051
36791.750000 993.179871 0.000000 1260.714966
36791.750000 993.179871 0.000000 1260.795044
36791.750000 993.179871 0.000000 1260.900024
36791.750000 993.179871 0.000000 1261.005981
36791.750000 993.179871 0.000000 1261.110962
36791.750000 993.179871 0.000000 1261.211060
36791.750000 993.179871 0.000000 1261.310059
36791.750000 993.179871 0.000000 1261.410034
36791.750000 993.179871 0.000000 1261.510010
36791.750000 993.179871 0.000000 1261.619995
36791.750000 993.179871 0.000000 1261.719971
36791.750000 993.179871 0.000000 1261.819946
36791.750000 993.179871 0.000000 1261.920044
36791.750000 993.179871 0.000000 1262.010010
36791.750000 993.179871 0.000000 1262.104980
36791.750000 993.179871 0.000000 1262.219971
36791.750000 993.179871 0.000000 1262.319946
36791.750000 993.179871 0.000000 1262.420044
36791.750000 993.179871 0.000000 1262.520020
36791.750000 993.179871 0.000000 1262.615967
36791.750000 993.179871 0.000000 1262.711060
36791.750000 993.179871 0.000000 1262.801025
36791.750000 993.179871 0.000000 1262.913940
36791.750000 993.179871 0.000000 1263.014038
36791.750000 993.179871 0.000000 1263.114014
36791.750000 993.179871 0.000000 1263.211060
36791.750000 993.179871 0.000000 1263.306030
36791.750000 993.179871 0.000000 1263.406006
36791.750000 993.179871 0.000000 1263.512939
36791.750000 993.179871 0.000000 1263.612061
36791.750000 993.179871 0.000000 1263.706055
36791.750000 993.179871 0.000000 1263.806030
36791.750000 993.179871 0.000000 1263.911987
36791.750000 993.179871 0.000000 1264.017944
36791.750000 993.179871 0.000000 1264.110962
36791.750000 993.179871 0.000000 1264.211060
36791.750000 993.179871 0.000000 1264.311035
36791.750000 993.179871 0.000000 1264.411011
36791.750000 993.179871 0.000000 1264.516968
36791.750000 993.179871 0.000000 1264.616943
36791.750000 993.179871 0.000000 1264.714966
36791.750000 993.179871 0.000000 1264.810059
36791.750000 993.179871 0.000000 1264.916016
36791.750000 993.179871 0.000000 1265.011963
36791.750000 993.179871 0.000000 1265.113037
36791.750000 993.179871 0.000000 1265.213013
36791.750000 993.179871 0.000000 1265.307983
36791.750000 993.179871 0.000000 1265.415039
36791.750000 993.179871 0.000000 1265.509033
36791.750000 993.179871 0.000000 1265.613037
36791.750000 993.179871 0.000000 1265.713013
36791.750000 993.179871 0.000000 1265.812988
36791.750000 993.179871 0.000000 1265.907959
36791.750000 993.179871 0.000000 1266.014038
36791.750000 993.179871 0.000000 1266.109009
36791.750000 993.179871 0.000000 1266.208984
36791.750000 993.179871 0.000000 1266.318970
36791.750000 993.179871 0.000000 1266.423950
36791.750000 993.179871 0.000000 1266.524048
36791.750000 993.179871 0.000000 1266.619019
36791.750000 993.179871 0.000000 1266.714966
36791.750000 993.179871 0.000000 1266.810059
36791.750000 993.179871 0.000000 1266.909058
36791.750000 993.179871 0.000000 1267.011963
36791.750000 993.179871 0.000000 1267.109009
36791.750000 993.179871 0.000000 1267.207031
36791.750000 993.179871 0.000000 1267.312988
36791.750000 993.179871 0.000000 1267.401978
36791.750000 993.179871 0.000000 1267.506958
36791.750000 993.179871 0.000000 1267.607056
36791.750000 993.179871 0.000000 1267.707031
36791.750000 993.179871 0.000000 1267.819946
36791.750000 993.179871 0.000000 1267.915039
36791.750000 993.179871 0.000000 1268.008057
36791.750000 993.179871 0.000000 1268.109985
36791.750000 993.179871 0.000000 1268.212036
36791.750000 993.179871 0.000000 1268.312012
36791.750000 993.179871 0.000000 1268.411987
36791.750000 993.179871 0.000000 1268.511963
36791.750000 993.179871 0.000000 1268.612061
36791.750000 993.179871 0.000000 1268.718018
36791.750000 993.179871 0.000000 1268.817017
36791.750000 993.179871 0.000000 1268.911011
36791.750000 993.179871 0.000000 1269.003052
36791.750000 993.179871 0.000000 1269.113037
36791.750000 993.179871 0.000000 1269.208008
36791.750000 993.179871 0.000000 1269.317993
36791.750000 993.179871 0.000000 1269.417969
36791.750000 993.179871 0.000000 1269.517944
36791.750000 993.179871 0.000000 1269.618042
36791.750000 993.179871 0.000000 1269.723022
36791.750000 993.179871 0.000000 1269.807983
36791.750000 993.179871 0.000000 1269.911011
36791.750000 993.179871 0.000000 1270.008057
36791.750000 993.179871 0.000000 1270.115967
36791.750000 993.179871 0.000000 1270.211060
36834.625000 993.179871 0.000000 1270.313965
36834.625000 993.179871 0.000000 1270.404053
36834.625000 993.179871 0.000000 1270.511963
36834.625000 993.179871 0.000000 1270.616943
36834.625000 993.179871 0.000000 1270.712036
36834.625000 993.179871 0.000000 1270.818970
36834.625000 993.179871 0.000000 1270.910034
36834.625000 993.179871 0.000000 1271.020996
36834.625000 993.179871 0.000000 1271.116943
36834.625000 993.179871 0.000000 1271.207031
36834.625000 993.179871 0.000000 1271.296997
36834.625000 993.179871 0.000000 1271.396973
36834.625000 993.179871 0.000000 1271.506958
36834.625000 993.179871 0.000000 1271.612061
36834.625000 993.179871 0.000000 1271.714966
36834.625000 993.179871 0.000000 1271.819946
36834.625000 993.179871 0.000000 1271.920044
36834.625000 993.179871 0.000000 1272.012939
36834.625000 993.179871 0.000000 1272.113037
36834.625000 993.179871 0.000000 1272.213013
36834.625000 993.179871 0.000000 1272.317017
36834.625000 993.179871 0.000000 1272.412964
36834.625000 993.179871 0.000000 1272.520996
36834.625000 993.179871 0.000000 1272.615967
36834.625000 993.179871 0.000000 1272.720947
36834.625000 993.179871 0.000000 1272.821045
36834.625000 993.179871 0.000000 1272.916016
36834.625000 993.179871 0.000000 1273.015991
36834.625000 993.179871 0.000000 1273.125000
36834.625000 993.179871 0.000000 1273.212036
36834.625000 993.179871 0.000000 1273.314941
36834.625000 993.179871 0.000000 1273.411011
36834.625000 993.179871 0.000000 1273.515991
36834.625000 993.179871 0.000000 1273.609985
36834.625000 993.179871 0.000000 1273.714966
36834.625000 993.179871 0.000000 1273.810059
36834.625000 993.179871 0.000000 1273.910034
36834.625000 993.179871 0.000000 1274.010010
36834.625000 993.179871 0.000000 1274.104980
36834.625000 993.179871 0.000000 1274.209961
36834.625000 993.179871 0.000000 1274.305054
36834.625000 993.179871 0.000000 1274.411011
36834.625000 993.179871 0.000000 1274.510010
36834.625000 993.179871 0.000000 1274.609985
36834.625000 993.179871 0.000000 1274.709961
36834.625000 993.179871 0.000000 1274.811035
36834.625000 993.179871 0.000000 1274.910034
36834.625000 993.179871 0.000000 1275.017944
36834.625000 993.179871 0.000000 1275.109985
36834.625000 993.179871 0.000000 1275.209961
36834.625000 993.179871 0.000000 1275.310059
36834.625000 993.179871 0.000000 1275.405029
36834.625000 993.179871 0.000000 1275.511963
36834.625000 993.179871 0.000000 1275.619995
36834.625000 993.179871 0.000000 1275.714966
36834.625000 993.179871 0.000000 1275.812012
36834.625000 993.179871 0.000000 1275.916016
36834.625000 993.179871 0.000000 1276.010010
36834.625000 993.179871 0.000000 1276.104980
36834.625000 993.179871 0.000000 1276.199951
36834.625000 993.179871 0.000000 1276.310059
36834.625000 993.179871 0.000000 1276.411011
36834.625000 993.179871 0.000000 1276.510010
36834.625000 993.179871 0.000000 1276.609985
36834.625000 993.179871 0.000000 1276.709961
36834.625000 993.179871 0.000000 1276.810059
36834.625000 993.179871 0.000000 1276.910034
36834.625000 993.179871 0.000000 1277.017944
36834.625000 993.179871 0.000000 1277.114990
36834.625000 993.179871 0.000000 1277.209961
36834.625000 993.179871 0.000000 1277.316040
36834.625000 993.179871 0.000000 1277.411987
36834.625000 993.179871 0.000000 1277.510986
36834.625000 993.179871 0.000000 1277.610962
36834.625000 993.179871 0.000000 1277.711060
36834.625000 993.179871 0.000000 1277.811035
36834.625000 993.179871 0.000000 1277.911011
36834.625000 993.179871 0.000000 1278.010010
36834.625000 993.179871 0.000000 1278.100952
36834.625000 993.179871 0.000000 1278.208984
36834.625000 993.179871 0.000000 1278.307007
36834.625000 993.179871 0.000000 1278.411987
36834.625000 993.179871 0.000000 1278.511963
36834.625000 993.179871 0.000000 1278.629028
36834.625000 993.179871 0.000000 1278.712036
36834.625000 993.179871 0.000000 1278.812012
36834.625000 993.179871 0.000000 1278.912964
36834.625000 993.179871 0.000000 1279.011963
36834.625000 993.179871 0.000000 1279.112061
36834.625000 993.179871 0.000000 1279.211060
36834.625000 993.179871 0.000000 1279.308960
36834.625000 993.179871 0.000000 1279.413940
36834.625000 993.179871 0.000000 1279.515015
36834.625000 993.179871 0.000000 1279.609009
36834.625000 993.179871 0.000000 1279.713989
36834.625000 993.179871 0.000000 1279.818970
36834.625000 993.179871 0.000000 1279.916992
36834.625000 993.179871 0.000000 1280.009033
36834.625000 993.179871 0.000000 1280.109009
36834.625000 993.179871 0.000000 1280.208984
36834.625000 993.179871 0.000000 1280.308960
36834.625000 993.179871 0.000000 1280.402954
36834.625000 993.179871 0.000000 1280.515015
36834.625000 993.179871 0.000000 1280.613037
36834.625000 993.179871 0.000000 1280.708984
36834.625000 993.179871 0.000000 1280.808960
36834.625000 993.179871 0.000000 1280.918945
36834.625000 993.179871 0.000000 1281.024048
36834.625000 993.179871 0.000000 1281.109985
36834.625000 993.179871 0.000000 1281.218994
36834.625000 993.179871 0.000000 1281.308960
36834.625000 993.179871 0.000000 1281.418945
36834.625000 993.179871 0.000000 1281.520020
36834.625000 993.179871 0.000000 1281.614990
36834.625000 993.179871 0.000000 1281.714966
36834.625000 993.179871 0.000000 1281.810059
36834.625000 993.179871 0.000000 1281.915039
36834.625000 993.179871 0.000000 1282.015015
36834.625000 993.179871 0.000000 1282.116943
36834.625000 993.179871 0.000000 1282.207031
36834.625000 993.179871 0.000000 1282.310059
36834.625000 993.179871 0.000000 1282.411011
36834.625000 993.179871 0.000000 1282.505005
36834.625000 993.179871 0.000000 1282.609985
36834.625000 993.179871 0.000000 1282.722046
36834.625000 993.179871 0.000000 1282.814941
36834.625000 993.179871 0.000000 1282.927002
36834.625000 993.179871 0.000000 1283.005005
36834.625000 993.179871 0.000000 1283.125000
36834.625000 993.179871 0.000000 1283.219971
36834.625000 993.179871 0.000000 1283.333984
36834.625000 993.179871 0.000000 1283.433960
36834.625000 993.179871 0.000000 1283.529053
36834.625000 993.179871 0.000000 1283.629028
36834.625000 993.179871 0.000000 1283.734009
36834.625000 993.179871 0.000000 1283.828979
36834.625000 993.179871 0.000000 1283.921021
36834.625000 993.179871 0.000000 1284.027954
36834.625000 993.179871 0.000000 1284.107056
36834.625000 993.179871 0.000000 1284.224976
36834.625000 993.179871 0.000000 1284.319946
36834.625000 993.179871 0.000000 1284.425049
36834.625000 993.179871 0.000000 1284.525024
36834.625000 993.179871 0.000000 1284.616943
36834.625000 993.179871 0.000000 1284.727051
36834.625000 993.179871 0.000000 1284.822021
36834.625000 993.179871 0.000000 1284.926025
36834.625000 993.179871 0.000000 1285.031006
36834.625000 993.179871 0.000000 1285.128052
36834.625000 993.179871 0.000000 1285.223022
36834.625000 993.179871 0.000000 1285.322998
36834.625000 993.179871 0.000000 1285.422974
36834.625000 993.179871 0.000000 1285.527954
36834.625000 993.179871 0.000000 1285.623047
36834.625000 993.179871 0.000000 1285.723999
36834.625000 993.179871 0.000000 1285.822998
36834.625000 993.179871 0.000000 1285.912964
36834.625000 993.179871 0.000000 1286.022949
36834.625000 993.179871 0.000000 1286.124023
36834.625000 993.179871 0.000000 1286.223999
36834.625000 993.179871 0.000000 1286.318970
36834.625000 993.179871 0.000000 1286.423950
36834.625000 993.179871 0.000000 1286.534058
36834.625000 993.179871 0.000000 1286.634033
36834.625000 993.179871 0.000000 1286.734009
36834.625000 993.179871 0.000000 1286.832031
36834.625000 993.179871 0.000000 1286.932007
36834.625000 993.179871 0.000000 1287.024048
36834.625000 993.179871 0.000000 1287.124023
36834.625000 993.179871 0.000000 1287.224976
36834.625000 993.179871 0.000000 1287.332031
36834.625000 993.179871 0.000000 1287.425049
36834.625000 993.179871 0.000000 1287.526001
36834.625000 993.179871 0.000000 1287.633057
36834.625000 993.179871 0.000000 1287.730957
36834.625000 993.179871 0.000000 1287.831055
36834.625000 993.179871 0.000000 1287.925049
36834.625000 993.179871 0.000000 1288.021973
36834.625000 993.179871 0.000000 1288.114990
36834.625000 993.179871 0.000000 1288.219971
36834.625000 993.179871 0.000000 1288.310059
36834.625000 993.179871 0.000000 1288.415039
36834.625000 993.179871 0.000000 1288.515015
36834.625000 993.179871 0.000000 1288.619995
36834.625000 993.179871 0.000000 1288.727051
36834.625000 993.179871 0.000000 1288.826050
36834.625000 993.179871 0.000000 1288.916992
36834.625000 993.179871 0.000000 1289.026978
36834.625000 993.179871 0.000000 1289.135010
36834.625000 993.179871 0.000000 1289.224976
36834.625000 993.179871 0.000000 1289.328003
36834.625000 993.179871 0.000000 1289.425049
36834.625000 993.179871 0.000000 1289.530029
36834.625000 993.179871 0.000000 1289.625000
36834.625000 993.179871 0.000000 1289.724976
36834.625000 993.179871 0.000000 1289.819946
36834.625000 993.179871 0.000000 1289.922974
36834.625000 993.179871 0.000000 1290.026978
36834.625000 993.179871 0.000000 1290.125000
36834.625000 993.179871 0.000000 1290.224976
36834.625000 993.179871 0.000000 1290.324951
36834.625000 993.179871 0.000000 1290.415039
36834.625000 993.179871 0.000000 1290.520020
36834.625000 993.179871 0.000000 1290.614990
36834.625000 993.179871 0.000000 1290.724976
36834.625000 993.179871 0.000000 1290.814941
36834.625000 993.179871 0.000000 1290.916016
36834.625000 993.179871 0.000000 1291.020020
36834.625000 993.179871 0.000000 1291.120972
36834.625000 993.179871 0.000000 1291.214966
36840.875000 993.179871 0.000000 1291.328003
36840.875000 993.179871 0.000000 1291.412964
36840.875000 993.179871 0.000000 1291.522949
36840.875000 993.179871 0.000000 1291.623047
36840.875000 993.179871 0.000000 1291.723022
36840.875000 993.179871 0.000000 1291.822998
36840.875000 993.179871 0.000000 1291.922974
36840.875000 993.179871 0.000000 1292.026001
36840.875000 993.179871 0.000000 1292.123047
36840.875000 993.179871 0.000000 1292.218018
36840.875000 993.179871 0.000000 1292.322998
36840.875000 993.179871 0.000000 1292.420044
36840.875000 993.179871 0.000000 1292.522949
36840.875000 993.179871 0.000000 1292.623047
36840.875000 993.179871 0.000000 1292.723022
36840.875000 993.179871 0.000000 1292.826050
36840.875000 993.179871 0.000000 1292.920044
36840.875000 993.179871 0.000000 1293.024048
36840.875000 993.179871 0.000000 1293.118042
36840.875000 993.179871 0.000000 1293.229004
36840.875000 993.179871 0.000000 1293.324951
36840.875000 993.179871 0.000000 1293.427979
36840.875000 993.179871 0.000000 1293.529053
36840.875000 993.179871 0.000000 1293.623047
36840.875000 993.179871 0.000000 1293.728027
36840.875000 993.179871 0.000000 1293.822998
36840.875000 993.179871 0.000000 1293.927979
36840.875000 993.179871 0.000000 1294.027954
36840.875000 993.179871 0.000000 1294.128052
36840.875000 993.179871 0.000000 1294.223022
36840.875000 993.179871 0.000000 1294.328003
36840.875000 993.179871 0.000000 1294.422974
36840.875000 993.179871 0.000000 1294.514038
36840.875000 993.179871 0.000000 1294.633057
36840.875000 993.179871 0.000000 1294.729004
36840.875000 993.179871 0.000000 1294.838989
36840.875000 993.179871 0.000000 1294.923950
36840.875000 993.179871 0.000000 1295.031006
36840.875000 993.179871 0.000000 1295.134033
36840.875000 993.179871 0.000000 1295.229004
36840.875000 993.179871 0.000000 1295.323975
36840.875000 993.179871 0.000000 1295.428955
36840.875000 993.179871 0.000000 1295.530029
36840.875000 993.179871 0.000000 1295.630005
36840.875000 993.179871 0.000000 1295.739014
36840.875000 993.179871 0.000000 1295.838989
36840.875000 993.179871 0.000000 1295.932007
36840.875000 993.179871 0.000000 1296.035034
36840.875000 993.179871 0.000000 1296.140991
36840.875000 993.179871 0.000000 1296.235962
36840.875000 993.179871 0.000000 1296.337036
36840.875000 993.179871 0.000000 1296.430054
36840.875000 993.179871 0.000000 1296.530029
36840.875000 993.179871 0.000000 1296.635010
36840.875000 993.179871 0.000000 1296.734985
36841.000000 993.179871 0.000000 1296.819946
36841.000000 993.179871 0.000000 1296.936035
36841.000000 993.179871 0.000000 1297.031006
36841.000000 993.179871 0.000000 1297.135010
36841.000000 993.179871 0.000000 1297.234985
36841.000000 993.179871 0.000000 1297.334961
36841.000000 993.179871 0.000000 1297.437012
36841.000000 993.179871 0.000000 1297.537964
36841.000000 993.179871 0.000000 1297.631958
36841.000000 993.179871 0.000000 1297.733032
36841.000000 993.179871 0.000000 1297.837036
36841.000000 993.179871 0.000000 1297.932007
36841.000000 993.179871 0.000000 1298.027954
36841.000000 993.179871 0.000000 1298.140991
36841.000000 993.179871 0.000000 1298.233032
36841.000000 993.179871 0.000000 1298.331055
36841.000000 993.179871 0.000000 1298.431030
36841.000000 993.179871 0.000000 1298.531982
36841.000000 993.179871 0.000000 1298.631958
36841.000000 993.179871 0.000000 1298.732056
36841.000000 993.179871 0.000000 1298.832031
36841.000000 993.179871 0.000000 1298.932007
36841.000000 993.179871 0.000000 1299.031982
36841.000000 993.179871 0.000000 1299.135986
36841.000000 993.179871 0.000000 1299.235962
36841.000000 993.179871 0.000000 1299.334961
36841.000000 993.179871 0.000000 1299.431030
36841.000000 993.179871 0.000000 1299.531982
36841.000000 993.179871 0.000000 1299.635986
36841.000000 993.179871 0.000000 1299.725952
36841.000000 993.179871 0.000000 1299.837036
36841.000000 993.179871 0.000000 1299.931030
36841.000000 993.179871 0.000000 1300.031006
36841.000000 993.179871 0.000000 1300.130981
36841.000000 993.179871 0.000000 1300.235962
36841.000000 993.179871 0.000000 1300.343994
36841.000000 993.179871 0.000000 1300.438965
36841.000000 993.179871 0.000000 1300.538940
36841.000000 993.179871 0.000000 1300.630981
36841.000000 993.179871 0.000000 1300.732056
36841.000000 993.179871 0.000000 1300.832031
36841.000000 993.179871 0.000000 1300.937988
36841.000000 993.179871 0.000000 1301.038940
36841.000000 993.179871 0.000000 1301.131958
36841.000000 993.179871 0.000000 1301.233032
36841.000000 993.179871 0.000000 1301.334961
36841.000000 993.179871 0.000000 1301.437012
36841.000000 993.179871 0.000000 1301.536987
36841.000000 993.179871 0.000000 1301.636963
36841.000000 993.179871 0.000000 1301.732056
36841.000000 993.179871 0.000000 1301.822021
36841.000000 993.179871 0.000000 1301.932007
36841.000000 993.179871 0.000000 1302.021973
36841.000000 993.179871 0.000000 1302.133057
36841.000000 993.179871 0.000000 1302.233032
36841.000000 993.179871 0.000000 1302.332031
36841.000000 993.179871 0.000000 1302.432007
36841.000000 993.179871 0.000000 1302.531982
36841.000000 993.179871 0.000000 1302.636963
36841.000000 993.179871 0.000000 1302.732056
36841.000000 993.179871 0.000000 1302.833008
36841.000000 993.179871 0.000000 1302.932007
36841.000000 993.179871 0.000000 1303.031982
36841.000000 993.179871 0.000000 1303.136963
36841.000000 993.179871 0.000000 1303.232056
36841.000000 993.179871 0.000000 1303.338989
36841.000000 993.179871 0.000000 1303.432007
36841.000000 993.179871 0.000000 1303.531982
36841.000000 993.179871 0.000000 1303.631958
36841.000000 993.179871 0.000000 1303.732056
36841.000000 993.179871 0.000000 1303.832031
36841.000000 993.179871 0.000000 1303.932007
36841.000000 993.179871 0.000000 1304.031982
36841.000000 993.179871 0.000000 1304.131958
36841.000000 993.179871 0.000000 1304.237061
36841.000000 993.179871 0.000000 1304.333008
36841.000000 993.179871 0.000000 1304.437988
36841.000000 993.179871 0.000000 1304.527954
36841.000000 993.179871 0.000000 1304.633057
36841.000000 993.179871 0.000000 1304.733032
36841.000000 993.179871 0.000000 1304.838013
36841.000000 993.179871 0.000000 1304.937988
36841.000000 993.179871 0.000000 1305.040039
36841.000000 993.179871 0.000000 1305.139038
36841.000000 993.179871 0.000000 1305.229004
36841.000000 993.179871 0.000000 1305.343994
36841.000000 993.179871 0.000000 1305.438965
36841.000000 993.179871 0.000000 1305.546021
36841.000000 993.179871 0.000000 1305.645020
36841.000000 993.179871 0.000000 1305.744995
36841.000000 993.179871 0.000000 1305.844971
36841.000000 993.179871 0.000000 1305.944946
36841.000000 993.179871 0.000000 1306.038940
36841.000000 993.179871 0.000000 1306.129028
36841.000000 993.179871 0.000000 1306.239014
36841.000000 993.179871 0.000000 1306.338989
36841.000000 993.179871 0.000000 1306.438965
36841.000000 993.179871 0.000000 1306.545044
36841.000000 993.179871 0.000000 1306.637939
36841.000000 993.179871 0.000000 1306.744019
36841.000000 993.179871 0.000000 1306.843994
36841.000000 993.179871 0.000000 1306.938965
36841.000000 993.179871 0.000000 1307.038940
36841.000000 993.179871 0.000000 1307.139038
36841.000000 993.179871 0.000000 1307.246948
36841.000000 993.179871 0.000000 1307.347046
36841.000000 993.179871 0.000000 1307.436035
36841.000000 993.179871 0.000000 1307.538940
36841.000000 993.179871 0.000000 1307.646973
36841.000000 993.179871 0.000000 1307.746948
36841.000000 993.179871 0.000000 1307.842041
36841.000000 993.179871 0.000000 1307.939941
36841.000000 993.179871 0.000000 1308.035034
36841.000000 993.179871 0.000000 1308.144043
36841.000000 993.179871 0.000000 1308.239014
36841.000000 993.179871 0.000000 1308.337036
36841.000000 993.179871 0.000000 1308.428955
36841.000000 993.179871 0.000000 1308.538940
36841.000000 993.179871 0.000000 1308.639038
36841.000000 993.179871 0.000000 1308.744995
36841.000000 993.179871 0.000000 1308.838989
36841.000000 993.179871 0.000000 1308.938965
36841.000000 993.179871 0.000000 1309.024048
36841.000000 993.179871 0.000000 1309.140015
36841.000000 993.179871 0.000000 1309.244019
36841.000000 993.179871 0.000000 1309.338989
36841.000000 993.179871 0.000000 1309.446045
36841.000000 993.179871 0.000000 1309.538940
36841.000000 993.179871 0.000000 1309.639038
36841.000000 993.179871 0.000000 1309.734009
36841.000000 993.179871 0.000000 1309.836060
36841.000000 993.179871 0.000000 1309.942993
36841.000000 993.179871 0.000000 1310.052979
36841.000000 993.179871 0.000000 1310.137939
36841.000000 993.179871 0.000000 1310.238037
36841.000000 993.179871 0.000000 1310.344971
36841.000000 993.179871 0.000000 1310.437988
36841.000000 993.179871 0.000000 1310.540039
36841.000000 993.179871 0.000000 1310.639038
36841.000000 993.179871 0.000000 1310.738037
36841.000000 993.179871 0.000000 1310.828003
36841.000000 993.179871 0.000000 1310.937988
36841.000000 993.179871 0.000000 1311.045044
36841.000000 993.179871 0.000000 1311.133057
36841.000000 993.179871 0.000000 1311.243042
36841.000000 993.179871 0.000000 1311.334961
36841.000000 993.179871 0.000000 1311.438965
36841.000000 993.179871 0.000000 1311.538940
36841.000000 993.179871 0.000000 1311.635010
36841.000000 993.179871 0.000000 1311.739014
36841.000000 993.179871 0.000000 1311.833984
36841.000000 993.179871 0.000000 1311.942993
36841.000000 993.179871 0.000000 1312.037964
36841.000000 993.179871 0.000000 1312.137939
36841.000000 993.179871 0.000000 1312.238037
36841.000000 993.179871 0.000000 1312.338013
36841.000000 993.179871 0.000000 1312.447021
36841.000000 993.179871 0.000000 1312.546997
36841.000000 993.179871 0.000000 1312.636963
36841.000000 993.179871 0.000000 1312.746948
36841.000000 993.179871 0.000000 1312.844971
36841.000000 993.179871 0.000000 1312.937988
36841.000000 993.179871 0.000000 1313.037964
36841.000000 993.179871 0.000000 1313.142944
36841.000000 993.179871 0.000000 1313.240967
36841.000000 993.179871 0.000000 1313.348022
36841.000000 993.179871 0.000000 1313.453003
36841.000000 993.179871 0.000000 1313.546021
36841.000000 993.179871 0.000000 1313.651001
36841.000000 993.179871 0.000000 1313.740967
36841.000000 993.179871 0.000000 1313.857056
36841.000000 993.179871 0.000000 1313.946045
36841.000000 993.179871 0.000000 1314.053955
36841.000000 993.179871 0.000000 1314.154053
36841.000000 993.179871 0.000000 1314.254028
36841.000000 993.179871 0.000000 1314.354004
36841.000000 993.179871 0.000000 1314.453979
36841.000000 993.179871 0.000000 1314.552002
36841.000000 993.179871 0.000000 1314.635986
36841.000000 993.179871 0.000000 1314.748047
36841.000000 993.179871 0.000000 1314.854004
36841.000000 993.179871 0.000000 1314.953003
36841.000000 993.179871 0.000000 1315.042969
36841.000000 993.179871 0.000000 1315.151001
36841.000000 993.179871 0.000000 1315.243042
36841.000000 993.179871 0.000000 1315.348999
36841.000000 993.179871 0.000000 1315.442993
36841.000000 993.179871 0.000000 1315.547974
36841.000000 993.179871 0.000000 1315.639038
36841.000000 993.179871 0.000000 1315.750000
36841.000000 993.179871 0.000000 1315.853027
36841.000000 993.179871 0.000000 1315.953003
36841.000000 993.179871 0.000000 1316.057983
36841.000000 993.179871 0.000000 1316.157959
36841.000000 993.179871 0.000000 1316.262939
36841.000000 993.179871 0.000000 1316.353027
36841.000000 993.179871 0.000000 1316.447998
36841.000000 993.179871 0.000000 1316.547974
36841.000000 993.179871 0.000000 1316.654053
36841.000000 993.179871 0.000000 1316.754028
36841.000000 993.179871 0.000000 1316.848022
36841.000000 993.179871 0.000000 1316.948975
36841.000000 993.179871 0.000000 1317.048950
36841.000000 993.179871 0.000000 1317.149048
36841.000000 993.179871 0.000000 1317.244019
36841.000000 993.179871 0.000000 1317.344971
36841.000000 993.179871 0.000000 1317.448975
36841.000000 993.179871 0.000000 1317.543945
36841.000000 993.179871 0.000000 1317.649048
36841.000000 993.179871 0.000000 1317.734009
36841.000000 993.179871 0.000000 1317.852051
36841.000000 993.179871 0.000000 1317.943970
36841.000000 993.179871 0.000000 1318.045044
36841.000000 993.179871 0.000000 1318.144043
36841.000000 993.179871 0.000000 1318.229004
36841.000000 993.179871 0.000000 1318.333984
36841.000000 993.179871 0.000000 1318.449951
36841.000000 993.179871 0.000000 1318.548950
36841.000000 993.179871 0.000000 1318.644043
36841.000000 993.179871 0.000000 1318.745972
36841.000000 993.179871 0.000000 1318.843994
36841.000000 993.179871 0.000000 1318.958984
36841.000000 993.179871 0.000000 1319.058960
36841.000000 993.179871 0.000000 1319.159058
36841.000000 993.179871 0.000000 1319.254028
36841.000000 993.179871 0.000000 1319.348999
36841.000000 993.179871 0.000000 1319.446045
36841.000000 993.179871 0.000000 1319.543945
36841.000000 993.179871 0.000000 1319.649048
36841.000000 993.179871 0.000000 1319.744019
36841.000000 993.179871 0.000000 1319.848022
36841.000000 993.179871 0.000000 1319.953003
36841.000000 993.179871 0.000000 1320.048950
36841.000000 993.179871 0.000000 1320.145996
36841.000000 993.179871 0.000000 1320.246948
36841.000000 993.179871 0.000000 1320.345947
36841.000000 993.179871 0.000000 1320.446045
36841.000000 993.179871 0.000000 1320.548950
36841.125000 993.179871 0.000000 1320.647949
36841.125000 993.179871 0.000000 1320.745972
36841.125000 993.179871 0.000000 1320.845947
36841.125000 993.179871 0.000000 1320.946045
36841.125000 993.179871 0.000000 1321.046021
36841.125000 993.179871 0.000000 1321.145996
36841.125000 993.179871 0.000000 1321.250977
36841.125000 993.179871 0.000000 1321.348022
36841.125000 993.179871 0.000000 1321.452026
36841.125000 993.179871 0.000000 1321.538940
36841.125000 993.179871 0.000000 1321.645996
36841.125000 993.179871 0.000000 1321.751953
36841.125000 993.179871 0.000000 1321.852051
36841.125000 993.179871 0.000000 1321.947021
36841.125000 993.179871 0.000000 1322.046021
36841.125000 993.179871 0.000000 1322.145996
36841.125000 993.179871 0.000000 1322.245972
36841.125000 993.179871 0.000000 1322.354004
36841.125000 993.179871 0.000000 1322.453979
36841.125000 993.179871 0.000000 1322.553955
36841.125000 993.179871 0.000000 1322.649048
36841.125000 993.179871 0.000000 1322.750977
36841.125000 993.179871 0.000000 1322.854980
36841.125000 993.179871 0.000000 1322.954956
36841.125000 993.179871 0.000000 1323.055054
36841.125000 993.179871 0.000000 1323.155029
36841.125000 993.179871 0.000000 1323.260010
36841.125000 993.179871 0.000000 1323.339966
36841.125000 993.179871 0.000000 1323.452026
36841.125000 993.179871 0.000000 1323.555054
36841.125000 993.179871 0.000000 1323.640991
36841.125000 993.179871 0.000000 1323.760986
36841.125000 993.179871 0.000000 1323.862061
36841.125000 993.179871 0.000000 1323.962036
36841.125000 993.179871 0.000000 1324.062012
36841.125000 993.179871 0.000000 1324.161987
36841.125000 993.179871 0.000000 1324.261963
36841.125000 993.179871 0.000000 1324.362061
36841.125000 993.179871 0.000000 1324.463013
36841.125000 993.179871 0.000000 1324.562012
36841.125000 993.179871 0.000000 1324.671021
36841.125000 993.179871 0.000000 1324.770996
36841.125000 993.179871 0.000000 1324.870972
36841.125000 993.179871 0.000000 1324.970947
36841.125000 993.179871 0.000000 1325.071045
36841.125000 993.179871 0.000000 1325.166016
36841.125000 993.179871 0.000000 1325.265991
36841.125000 993.179871 0.000000 1325.364014
36841.125000 993.179871 0.000000 1325.462036
36841.125000 993.179871 0.000000 1325.562012
36841.125000 993.179871 0.000000 1325.671021
36841.125000 993.179871 0.000000 1325.770996
36841.125000 993.179871 0.000000 1325.862061
36841.125000 993.179871 0.000000 1325.963013
36841.125000 993.179871 0.000000 1326.056030
36841.125000 993.179871 0.000000 1326.170044
36841.125000 993.179871 0.000000 1326.265015
36841.125000 993.179871 0.000000 1326.357056
36841.125000 993.179871 0.000000 1326.454956
36841.125000 993.179871 0.000000 1326.567993
36841.125000 993.179871 0.000000 1326.665039
36841.125000 993.179871 0.000000 1326.765015
36841.125000 993.179871 0.000000 1326.854980
36841.125000 993.179871 0.000000 1326.959961
36841.125000 993.179871 0.000000 1327.064941
36841.125000 993.179871 0.000000 1327.160034
36841.125000 993.179871 0.000000 1327.270996
36841.125000 993.179871 0.000000 1327.362061
36841.125000 993.179871 0.000000 1327.462036
36841.125000 993.179871 0.000000 1327.573975
36841.125000 993.179871 0.000000 1327.670044
36841.125000 993.179871 0.000000 1327.760986
36841.125000 993.179871 0.000000 1327.860962
36841.125000 993.179871 0.000000 1327.965942
36841.125000 993.179871 0.000000 1328.057007
36841.125000 993.179871 0.000000 1328.170044
36841.125000 993.179871 0.000000 1328.260986
36841.125000 993.179871 0.000000 1328.365967
36841.125000 993.179871 0.000000 1328.461060
36841.125000 993.179871 0.000000 1328.567993
36841.125000 993.179871 0.000000 1328.667969
36841.125000 993.179871 0.000000 1328.770020
36841.125000 993.179871 0.000000 1328.869995
36841.125000 993.179871 0.000000 1328.962036
36841.125000 993.179871 0.000000 1329.057007
36841.125000 993.179871 0.000000 1329.166992
36841.125000 993.179871 0.000000 1329.267944
36841.125000 993.179871 0.000000 1329.362061
36841.125000 993.179871 0.000000 1329.468994
36841.125000 993.179871 0.000000 1329.568970
36841.125000 993.179871 0.000000 1329.675049
36841.125000 993.179871 0.000000 1329.761963
36841.125000 993.179871 0.000000 1329.866943
36841.125000 993.179871 0.000000 1329.969971
36841.125000 993.179871 0.000000 1330.069946
36841.125000 993.179871 0.000000 1330.165039
36841.125000 993.179871 0.000000 1330.265015
36841.125000 993.179871 0.000000 1330.373047
36841.125000 993.179871 0.000000 1330.469971
36841.125000 993.179871 0.000000 1330.566040
36841.125000 993.179871 0.000000 1330.660034
36841.125000 993.179871 0.000000 1330.770020
36841.125000 993.179871 0.000000 1330.864990
36841.125000 993.179871 0.000000 1330.965942
36841.125000 993.179871 0.000000 1331.064941
36841.125000 993.179871 0.000000 1331.165039
36841.125000 993.179871 0.000000 1331.265015
36841.125000 993.179871 0.000000 1331.369995
36841.125000 993.179871 0.000000 1331.474976
36841.125000 993.179871 0.000000 1331.577026
36841.125000 993.179871 0.000000 1331.671997
36841.125000 993.179871 0.000000 1331.765015
36841.125000 993.179871 0.000000 1331.859985
36841.125000 993.179871 0.000000 1331.961060
36841.125000 993.179871 0.000000 1332.060059
36841.125000 993.179871 0.000000 1332.165039
36841.125000 993.179871 0.000000 1332.265015
36841.125000 993.179871 0.000000 1332.365967
36841.125000 993.179871 0.000000 1332.464966
36841.125000 993.179871 0.000000 1332.564941
36841.125000 993.179871 0.000000 1332.667969
36841.125000 993.179871 0.000000 1332.775024
36841.125000 993.179871 0.000000 1332.864990
36841.125000 993.179871 0.000000 1332.954956
36841.125000 993.179871 0.000000 1333.073975
36841.125000 993.179871 0.000000 1333.163940
36841.125000 993.179871 0.000000 1333.269043
36841.125000 993.179871 0.000000 1333.359009
36841.125000 993.179871 0.000000 1333.458984
36841.125000 993.179871 0.000000 1333.568970
36841.125000 993.179871 0.000000 1333.666016
36841.125000 993.179871 0.000000 1333.772949
36841.125000 993.179871 0.000000 1333.868042
36841.125000 993.179871 0.000000 1333.963013
36841.125000 993.179871 0.000000 1334.069946
36841.125000 993.179871 0.000000 1334.166016
36841.125000 993.179871 0.000000 1334.265991
36841.125000 993.179871 0.000000 1334.369019
36841.125000 993.179871 0.000000 1334.461060
36841.125000 993.179871 0.000000 1334.567017
36841.125000 993.179871 0.000000 1334.671021
36841.125000 993.179871 0.000000 1334.775024
36841.125000 993.179871 0.000000 1334.871948
36841.125000 993.179871 0.000000 1334.965942
36841.125000 993.179871 0.000000 1335.066040
36841.125000 993.179871 0.000000 1335.166016
36841.125000 993.179871 0.000000 1335.269043
36841.125000 993.179871 0.000000 1335.364014
36841.125000 993.179871 0.000000 1335.468994
36841.125000 993.179871 0.000000 1335.568970
36841.125000 993.179871 0.000000 1335.659058
36841.125000 993.179871 0.000000 1335.769043
36841.125000 993.179871 0.000000 1335.864990
36841.125000 993.179871 0.000000 1335.968018
36841.125000 993.179871 0.000000 1336.058960
36841.125000 993.179871 0.000000 1336.168945
36841.125000 993.179871 0.000000 1336.276001
36841.125000 993.179871 0.000000 1336.364014
36841.125000 993.179871 0.000000 1336.463989
36841.125000 993.179871 0.000000 1336.563965
36841.125000 993.179871 0.000000 1336.675049
36841.125000 993.179871 0.000000 1336.769043
36841.125000 993.179871 0.000000 1336.864990
36841.125000 993.179871 0.000000 1336.968994
36841.125000 993.179871 0.000000 1337.074951
36841.125000 993.179871 0.000000 1337.171021
36841.125000 993.179871 0.000000 1337.269043
36841.125000 993.179871 0.000000 1337.369019
36841.375000 993.179871 0.000000 1337.463989
36841.375000 993.179871 0.000000 1337.572021
36841.375000 993.179871 0.000000 1337.666992
36841.375000 993.179871 0.000000 1337.776978
36841.375000 993.179871 0.000000 1337.876953
36841.375000 993.179871 0.000000 1337.977051
36841.375000 993.179871 0.000000 1338.068970
36841.375000 993.179871 0.000000 1338.163940
36841.375000 993.179871 0.000000 1338.264038
36841.375000 993.179871 0.000000 1338.354004
36841.375000 993.179871 0.000000 1338.472046
36841.375000 993.179871 0.000000 1338.568970
36841.375000 993.179871 0.000000 1338.666016
36841.375000 993.179871 0.000000 1338.766968
36841.375000 993.179871 0.000000 1338.859985
36841.375000 993.179871 0.000000 1338.965942
36841.375000 993.179871 0.000000 1339.068970
36841.375000 993.179871 0.000000 1339.163940
36841.375000 993.179871 0.000000 1339.271973
36841.375000 993.179871 0.000000 1339.371948
36841.375000 993.179871 0.000000 1339.477051
36841.375000 993.179871 0.000000 1339.572021
36841.375000 993.179871 0.000000 1339.677002
36841.375000 993.179871 0.000000 1339.764038
36841.375000 993.179871 0.000000 1339.869019
36841.375000 993.179871 0.000000 1339.963989
36841.375000 993.179871 0.000000 1340.063965
36841.375000 993.179871 0.000000 1340.160034
36841.375000 993.179871 0.000000 1340.264038
36841.375000 993.179871 0.000000 1340.365967
36841.375000 993.179871 0.000000 1340.472046
36841.375000 993.179871 0.000000 1340.556030
36841.375000 993.179871 0.000000 1340.671021
36841.375000 993.179871 0.000000 1340.765991
36841.375000 993.179871 0.000000 1340.865967
36841.375000 993.179871 0.000000 1340.956055
36841.375000 993.179871 0.000000 1341.061035
36841.375000 993.179871 0.000000 1341.166016
36841.375000 993.179871 0.000000 1341.270020
36841.375000 993.179871 0.000000 1341.369019
36841.375000 993.179871 0.000000 1341.468018
36841.375000 993.179871 0.000000 1341.568970
36841.375000 993.179871 0.000000 1341.661011
36841.375000 993.179871 0.000000 1341.766968
36841.375000 993.179871 0.000000 1341.870972
36841.375000 993.179871 0.000000 1341.973999
36841.375000 993.179871 0.000000 1342.066040
36841.375000 993.179871 0.000000 1342.166016
36841.375000 993.179871 0.000000 1342.265991
36841.375000 993.179871 0.000000 1342.363037
36841.375000 993.179871 0.000000 1342.467041
36841.375000 993.179871 0.000000 1342.567017
36841.375000 993.179871 0.000000 1342.666992
36841.375000 993.179871 0.000000 1342.769043
36841.375000 993.179871 0.000000 1342.857056
36841.375000 993.179871 0.000000 1342.967041
36841.375000 993.179871 0.000000 1343.067993
36841.375000 993.179871 0.000000 1343.166992
36841.375000 993.179871 0.000000 1343.276001
36841.375000 993.179871 0.000000 1343.375977
36841.375000 993.179871 0.000000 1343.462036
36841.375000 993.179871 0.000000 1343.564941
36841.375000 993.179871 0.000000 1343.666992
36841.375000 993.179871 0.000000 1343.769043
36841.375000 993.179871 0.000000 1343.874023
36841.375000 993.179871 0.000000 1343.973999
36841.375000 993.179871 0.000000 1344.067017
36841.375000 993.179871 0.000000 1344.177979
36841.375000 993.179871 0.000000 1344.277954
36841.375000 993.179871 0.000000 1344.371948
36841.375000 993.179871 0.000000 1344.479004
36841.375000 993.179871 0.000000 1344.568970
36841.375000 993.179871 0.000000 1344.680054
36841.375000 993.179871 0.000000 1344.775024
36841.375000 993.179871 0.000000 1344.885010
36841.375000 993.179871 0.000000 1344.983032
36841.375000 993.179871 0.000000 1345.074951
36841.375000 993.179871 0.000000 1345.155029
36841.375000 993.179871 0.000000 1345.265015
36841.375000 993.179871 0.000000 1345.364990
36841.375000 993.179871 0.000000 1345.469971
36841.375000 993.179871 0.000000 1345.564941
36841.375000 993.179871 0.000000 1345.670044
36841.375000 993.179871 0.000000 1345.770020
36841.375000 993.179871 0.000000 1345.885010
36841.375000 993.179871 0.000000 1345.968994
36841.375000 993.179871 0.000000 1346.073975
36841.375000 993.179871 0.000000 1346.173950
36841.375000 993.179871 0.000000 1346.274048
36841.375000 993.179871 0.000000 1346.369019
36841.375000 993.179871 0.000000 1346.473999
36841.375000 993.179871 0.000000 1346.574951
36841.375000 993.179871 0.000000 1346.680054
36841.375000 993.179871 0.000000 1346.774048
36841.375000 993.179871 0.000000 1346.874023
36841.375000 993.179871 0.000000 1346.963989
36841.375000 993.179871 0.000000 1347.074951
36841.375000 993.179871 0.000000 1347.175049
36841.375000 993.179871 0.000000 1347.275024
36841.375000 993.179871 0.000000 1347.370972
36841.375000 993.179871 0.000000 1347.469971
36841.375000 993.179871 0.000000 1347.569946
36841.375000 993.179871 0.000000 1347.676025
36841.375000 993.179871 0.000000 1347.774048
36841.375000 993.179871 0.000000 1347.871948
36841.375000 993.179871 0.000000 1347.972046
36841.375000 993.179871 0.000000 1348.077026
36842.875000 993.179871 0.000000 1348.172974
36842.875000 993.179871 0.000000 1348.266968
36842.875000 993.179871 0.000000 1348.371948
36842.875000 993.179871 0.000000 1348.473999
36842.875000 993.179871 0.000000 1348.578979
36842.875000 993.179871 0.000000 1348.671997
36842.875000 993.179871 0.000000 1348.775024
36842.875000 993.179871 0.000000 1348.871948
36842.875000 993.179871 0.000000 1348.972046
36842.875000 993.179871 0.000000 1349.067017
36842.875000 993.179871 0.000000 1349.171997
36842.875000 993.179871 0.000000 1349.281982
36842.875000 993.179871 0.000000 1349.373047
36842.875000 993.179871 0.000000 1349.472046
36842.875000 993.179871 0.000000 1349.578979
36842.875000 993.179871 0.000000 1349.670044
36842.875000 993.179871 0.000000 1349.770020
36842.875000 993.179871 0.000000 1349.881958
36842.875000 993.179871 0.000000 1349.967041
36842.875000 993.179871 0.000000 1350.073975
36842.875000 993.179871 0.000000 1350.175049
36842.875000 993.179871 0.000000 1350.275024
36842.875000 993.179871 0.000000 1350.376953
36842.875000 993.179871 0.000000 1350.474976
36842.875000 993.179871 0.000000 1350.568970
36842.875000 993.179871 0.000000 1350.673950
36842.875000 993.179871 0.000000 1350.781006
36842.875000 993.179871 0.000000 1350.874023
36842.875000 993.179871 0.000000 1350.973999
36842.875000 993.179871 0.000000 1351.073975
36842.875000 993.179871 0.000000 1351.175049
36842.875000 993.179871 0.000000 1351.270020
36842.875000 993.179871 0.000000 1351.374023
36842.875000 993.179871 0.000000 1351.469971
36842.875000 993.179871 0.000000 1351.568970
36842.875000 993.179871 0.000000 1351.678955
36842.875000 993.179871 0.000000 1351.769043
36842.875000 993.179871 0.000000 1351.869019
36842.875000 993.179871 0.000000 1351.977051
36842.875000 993.179871 0.000000 1352.082031
36842.875000 993.179871 0.000000 1352.177979
36842.875000 993.179871 0.000000 1352.282959
36842.875000 993.179871 0.000000 1352.369019
36843.000000 993.179871 0.000000 1352.473999
36843.000000 993.179871 0.000000 1352.573975
36843.000000 993.179871 0.000000 1352.673950
36843.000000 993.179871 0.000000 1352.774048
36843.000000 993.179871 0.000000 1352.873047
36843.000000 993.179871 0.000000 1352.973022
36843.000000 993.179871 0.000000 1353.072998
36843.000000 993.179871 0.000000 1353.162964
36843.000000 993.179871 0.000000 1353.272949
36843.000000 993.179871 0.000000 1353.374023
36843.000000 993.179871 0.000000 1353.473999
36843.000000 993.179871 0.000000 1353.578003
36843.000000 993.179871 0.000000 1353.672974
36843.000000 993.179871 0.000000 1353.765015
36843.000000 993.179871 0.000000 1353.870972
36843.000000 993.179871 0.000000 1353.970947
36843.000000 993.179871 0.000000 1354.069946
36843.000000 993.179871 0.000000 1354.172974
36843.000000 993.179871 0.000000 1354.267944
36843.000000 993.179871 0.000000 1354.373047
36843.000000 993.179871 0.000000 1354.473022
36843.000000 993.179871 0.000000 1354.572998
36843.000000 993.179871 0.000000 1354.667969
36843.000000 993.179871 0.000000 1354.774048
36843.000000 993.179871 0.000000 1354.873047
36843.000000 993.179871 0.000000 1354.974976
36843.000000 993.179871 0.000000 1355.072998
36843.000000 993.179871 0.000000 1355.171997
36843.000000 993.179871 0.000000 1355.271973
36843.000000 993.179871 0.000000 1355.369019
36843.000000 993.179871 0.000000 1355.469971
36843.000000 993.179871 0.000000 1355.574951
36843.000000 993.179871 0.000000 1355.673950
36843.000000 993.179871 0.000000 1355.759033
36843.000000 993.179871 0.000000 1355.874023
36843.000000 993.179871 0.000000 1355.968994
36843.000000 993.179871 0.000000 1356.076050
36843.000000 993.179871 0.000000 1356.171021
36843.000000 993.179871 0.000000 1356.271973
36843.000000 993.179871 0.000000 1356.370972
36843.000000 993.179871 0.000000 1356.478027
36843.000000 993.179871 0.000000 1356.578979
36843.000000 993.179871 0.000000 1356.673950
36843.000000 993.179871 0.000000 1356.786011
36843.000000 993.179871 0.000000 1356.880981
36843.000000 993.179871 0.000000 1356.975952
36843.000000 993.179871 0.000000 1357.078979
36843.000000 993.179871 0.000000 1357.178955
36843.000000 993.179871 0.000000 1357.276001
36843.000000 993.179871 0.000000 1357.370972
36843.000000 993.179871 0.000000 1357.475952
36843.000000 993.179871 0.000000 1357.571045
36843.000000 993.179871 0.000000 1357.671021
36843.000000 993.179871 0.000000 1357.770996
36843.000000 993.179871 0.000000 1357.865967
36843.000000 993.179871 0.000000 1357.975952
36843.000000 993.179871 0.000000 1358.061035
36843.000000 993.179871 0.000000 1358.180054
36843.000000 993.179871 0.000000 1358.282959
36843.000000 993.179871 0.000000 1358.378052
36843.000000 993.179871 0.000000 1358.461060
36843.000000 993.179871 0.000000 1358.571045
36843.000000 993.179871 0.000000 1358.666016
36843.000000 993.179871 0.000000 1358.765991
36843.000000 993.179871 0.000000 1358.875977
36843.000000 993.179871 0.000000 1358.970947
36843.000000 993.179871 0.000000 1359.078003
36843.000000 993.179871 0.000000 1359.171021
36843.000000 993.179871 0.000000 1359.266968
36843.000000 993.179871 0.000000 1359.379028
36843.000000 993.179871 0.000000 1359.473999
36843.000000 993.179871 0.000000 1359.572021
36843.000000 993.179871 0.000000 1359.686035
36843.000000 993.179871 0.000000 1359.781006
36843.000000 993.179871 0.000000 1359.885986
36843.000000 993.179871 0.000000 1359.979980
36843.000000 993.179871 0.000000 1360.083008
36843.000000 993.179871 0.000000 1360.177979
36843.000000 993.179871 0.000000 1360.267944
36843.000000 993.179871 0.000000 1360.379028
36843.000000 993.179871 0.000000 1360.479004
36843.000000 993.179871 0.000000 1360.578979
36843.000000 993.179871 0.000000 1360.678955
36843.000000 993.179871 0.000000 1360.771973
36843.000000 993.179871 0.000000 1360.868042
36843.000000 993.179871 0.000000 1360.973022
36843.000000 993.179871 0.000000 1361.062988
36843.000000 993.179871 0.000000 1361.172974
36843.000000 993.179871 0.000000 1361.276001
36843.000000 993.179871 0.000000 1361.376953
36843.000000 993.179871 0.000000 1361.473022
36843.000000 993.179871 0.000000 1361.572998
36843.000000 993.179871 0.000000 1361.668945
36843.000000 993.179871 0.000000 1361.772949
36843.000000 993.179871 0.000000 1361.873047
36843.000000 993.179871 0.000000 1361.973022
36843.000000 993.179871 0.000000 1362.072998
36843.000000 993.179871 0.000000 1362.172974
36843.000000 993.179871 0.000000 1362.258057
36843.000000 993.179871 0.000000 1362.383057
36843.000000 993.179871 0.000000 1362.483032
36843.000000 993.179871 0.000000 1362.583008
36843.000000 993.179871 0.000000 1362.677979
36843.000000 993.179871 0.000000 1362.777954
36843.000000 993.179871 0.000000 1362.878052
36843.000000 993.179871 0.000000 1362.983032
36843.000000 993.179871 0.000000 1363.088013
36843.000000 993.179871 0.000000 1363.187988
36843.000000 993.179871 0.000000 1363.266968
36843.000000 993.179871 0.000000 1363.375000
36843.000000 993.179871 0.000000 1363.474976
36843.000000 993.179871 0.000000 1363.574951
36843.000000 993.179871 0.000000 1363.676025
36843.000000 993.179871 0.000000 1363.784058
36843.000000 993.179871 0.000000 1363.869019
36843.000000 993.179871 0.000000 1363.968994
36843.000000 993.179871 0.000000 1364.078003
36843.000000 993.179871 0.000000 1364.176025
36843.000000 993.179871 0.000000 1364.274048
36843.000000 993.179871 0.000000 1364.374023
36843.000000 993.179871 0.000000 1364.479004
36843.000000 993.179871 0.000000 1364.573975
36843.000000 993.179871 0.000000 1364.673950
36843.000000 993.179871 0.000000 1364.779053
36843.000000 993.179871 0.000000 1364.879028
36843.000000 993.179871 0.000000 1364.973999
36843.000000 993.179871 0.000000 1365.078979
36843.000000 993.179871 0.000000 1365.178955
36843.000000 993.179871 0.000000 1365.276978
36843.000000 993.179871 0.000000 1365.369995
36843.000000 993.179871 0.000000 1365.479004
36843.000000 993.179871 0.000000 1365.578979
36843.000000 993.179871 0.000000 1365.696045
36843.000000 993.179871 0.000000 1365.779053
36843.000000 993.179871 0.000000 1365.880005
36843.000000 993.179871 0.000000 1365.979004
36843.000000 993.179871 0.000000 1366.079956
36843.000000 993.179871 0.000000 1366.177002
36843.000000 993.179871 0.000000 1366.265991
36843.000000 993.179871 0.000000 1366.375977
36843.000000 993.179871 0.000000 1366.485962
36843.000000 993.179871 0.000000 1366.582031
36843.000000 993.179871 0.000000 1366.676025
36843.000000 993.179871 0.000000 1366.776001
36843.000000 993.179871 0.000000 1366.880981
36843.000000 993.179871 0.000000 1366.975952
36843.000000 993.179871 0.000000 1367.081055
36843.000000 993.179871 0.000000 1367.182007
36843.000000 993.179871 0.000000 1367.260986
36843.000000 993.179871 0.000000 1367.370972
36843.000000 993.179871 0.000000 1367.480957
36843.000000 993.179871 0.000000 1367.576050
36843.000000 993.179871 0.000000 1367.676025
36843.000000 993.179871 0.000000 1367.788940
36843.000000 993.179871 0.000000 1367.880981
36843.000000 993.179871 0.000000 1367.980957
36843.000000 993.179871 0.000000 1368.081055
36843.000000 993.179871 0.000000 1368.171021
36843.000000 993.179871 0.000000 1368.276001
36843.000000 993.179871 0.000000 1368.381958
36843.000000 993.179871 0.000000 1368.482056
36843.000000 993.179871 0.000000 1368.584961
36843.000000 993.179871 0.000000 1368.677002
36843.000000 993.179871 0.000000 1368.776978
36843.000000 993.179871 0.000000 1368.873047
36843.000000 993.179871 0.000000 1368.977051
36843.000000 993.179871 0.000000 1369.077026
36843.000000 993.179871 0.000000 1369.178955
36843.000000 993.179871 0.000000 1369.267944
36843.000000 993.179871 0.000000 1369.378052
36843.000000 993.179871 0.000000 1369.478027
36843.000000 993.179871 0.000000 1369.578979
36843.000000 993.179871 0.000000 1369.680054
36843.000000 993.179871 0.000000 1369.782959
36843.000000 993.179871 0.000000 1369.878052
36843.000000 993.179871 0.000000 1369.980957
36843.000000 993.179871 0.000000 1370.078979
36843.000000 993.179871 0.000000 1370.181030
36843.000000 993.179871 0.000000 1370.267944
36843.000000 993.179871 0.000000 1370.368042
36843.000000 993.179871 0.000000 1370.478027
36843.000000 993.179871 0.000000 1370.578003
36843.000000 993.179871 0.000000 1370.682983
36843.000000 993.179871 0.000000 1370.775024
36843.000000 993.179871 0.000000 1370.880005
36843.000000 993.179871 0.000000 1370.989014
36843.000000 993.179871 0.000000 1371.083984
36843.000000 993.179871 0.000000 1371.186035
36843.000000 993.179871 0.000000 1371.286011
36843.000000 993.179871 0.000000 1371.380005
36843.000000 993.179871 0.000000 1371.474976
36843.000000 993.179871 0.000000 1371.579956
36843.000000 993.179871 0.000000 1371.681030
36843.000000 993.179871 0.000000 1371.780029
36843.000000 993.179871 0.000000 1371.875000
36843.000000 993.179871 0.000000 1371.980957
36843.000000 993.179871 0.000000 1372.076050
36843.000000 993.179871 0.000000 1372.181030
36843.000000 993.179871 0.000000 1372.287964
36843.000000 993.179871 0.000000 1372.380005
36843.000000 993.179871 0.000000 1372.474976
36843.000000 993.179871 0.000000 1372.586060
36843.000000 993.179871 0.000000 1372.682007
36843.000000 993.179871 0.000000 1372.775024
36843.000000 993.179871 0.000000 1372.880005
36843.000000 993.179871 0.000000 1372.974976
36843.000000 993.179871 0.000000 1373.072021
36843.000000 993.179871 0.000000 1373.175049
36843.000000 993.179871 0.000000 1373.275024
36843.000000 993.179871 0.000000 1373.375000
36843.000000 993.179871 0.000000 1373.474976
36843.000000 993.179871 0.000000 1373.578003
36843.000000 993.179871 0.000000 1373.677002
36843.000000 993.179871 0.000000 1373.786011
36843.000000 993.179871 0.000000 1373.880981
36843.000000 993.179871 0.000000 1373.969971
36843.000000 993.179871 0.000000 1374.069946
36843.000000 993.179871 0.000000 1374.175049
36843.000000 993.179871 0.000000 1374.279053
36843.000000 993.179871 0.000000 1374.380005
36843.000000 993.179871 0.000000 1374.479980
36843.000000 993.179871 0.000000 1374.574951
36843.000000 993.179871 0.000000 1374.683960
36843.000000 993.179871 0.000000 1374.769043
36843.000000 993.179871 0.000000 1374.879028
36843.000000 993.179871 0.000000 1374.985962
36843.000000 993.179871 0.000000 1375.082031
36843.000000 993.179871 0.000000 1375.171021
36843.000000 993.179871 0.000000 1375.276978
36843.000000 993.179871 0.000000 1375.376953
36843.000000 993.179871 0.000000 1375.475952
36843.000000 993.179871 0.000000 1375.577026
36843.000000 993.179871 0.000000 1375.676025
36843.000000 993.179871 0.000000 1375.765991
36843.000000 993.179871 0.000000 1375.880981
36843.000000 993.179871 0.000000 1375.970947
36843.000000 993.179871 0.000000 1376.088013
36843.000000 993.179871 0.000000 1376.177002
36843.000000 993.179871 0.000000 1376.284058
36843.000000 993.179871 0.000000 1376.376953
36843.000000 993.179871 0.000000 1376.482056
36843.000000 993.179871 0.000000 1376.577026
36843.000000 993.179871 0.000000 1376.677002
36843.000000 993.179871 0.000000 1376.776978
36843.000000 993.179871 0.000000 1376.876953
36843.000000 993.179871 0.000000 1376.977051
36843.000000 993.179871 0.000000 1377.083008
36843.000000 993.179871 0.000000 1377.182007
36843.000000 993.179871 0.000000 1377.281982
36843.000000 993.179871 0.000000 1377.381958
36843.000000 993.179871 0.000000 1377.472046
36843.000000 993.179871 0.000000 1377.567017
36843.000000 993.179871 0.000000 1377.671997
36843.000000 993.179871 0.000000 1377.776978
36843.000000 993.179871 0.000000 1377.871948
36843.000000 993.179871 0.000000 1377.973022
36843.000000 993.179871 0.000000 1378.083008
36843.000000 993.179871 0.000000 1378.177979
36843.000000 993.179871 0.000000 1378.277954
36843.000000 993.179871 0.000000 1378.368042
36843.000000 993.179871 0.000000 1378.478027
36843.000000 993.179871 0.000000 1378.578979
36843.000000 993.179871 0.000000 1378.687012
36843.000000 993.179871 0.000000 1378.781006
36843.000000 993.179871 0.000000 1378.887939
36843.000000 993.179871 0.000000 1378.979004
36843.000000 993.179871 0.000000 1379.086060
36843.000000 993.179871 0.000000 1379.186035
36843.000000 993.179871 0.000000 1379.286011
36843.000000 993.179871 0.000000 1379.385986
36843.000000 993.179871 0.000000 1379.479004
36843.000000 993.179871 0.000000 1379.578979
36843.000000 993.179871 0.000000 1379.687012
36843.000000 993.179871 0.000000 1379.781982
36843.000000 993.179871 0.000000 1379.880005
36843.000000 993.179871 0.000000 1379.983032
36843.000000 993.179871 0.000000 1380.082031
36843.000000 993.179871 0.000000 1380.187012
36843.000000 993.179871 0.000000 1380.280029
36843.000000 993.179871 0.000000 1380.390015
36843.000000 993.179871 0.000000 1380.484009
36843.000000 993.179871 0.000000 1380.588989
36843.000000 993.179871 0.000000 1380.688965
36843.000000 993.179871 0.000000 1380.784058
36843.000000 993.179871 0.000000 1380.889038
36843.000000 993.179871 0.000000 1380.975952
36843.000000 993.179871 0.000000 1381.079956
36843.000000 993.179871 0.000000 1381.180054
36843.000000 993.179871 0.000000 1381.280029
36843.000000 993.179871 0.000000 1381.375000
36843.000000 993.179871 0.000000 1381.474976
36843.000000 993.179871 0.000000 1381.588989
36843.000000 993.179871 0.000000 1381.683960
36843.000000 993.179871 0.000000 1381.776001
36843.000000 993.179871 0.000000 1381.879028
36843.000000 993.179871 0.000000 1381.979004
36843.000000 993.179871 0.000000 1382.083008
36843.000000 993.179871 0.000000 1382.187988
36843.000000 993.179871 0.000000 1382.287964
36843.000000 993.179871 0.000000 1382.387939
36843.000000 993.179871 0.000000 1382.485962
36843.000000 993.179871 0.000000 1382.578979
36843.000000 993.179871 0.000000 1382.688965
36843.000000 993.179871 0.000000 1382.784058
36843.000000 993.179871 0.000000 1382.880981
36843.000000 993.179871 0.000000 1382.984009
36843.000000 993.179871 0.000000 1383.077026
36843.000000 993.179871 0.000000 1383.185059
36843.000000 993.179871 0.000000 1383.286987
36843.000000 993.179871 0.000000 1383.380005
36843.000000 993.179871 0.000000 1383.479980
36843.000000 993.179871 0.000000 1383.579956
36843.000000 993.179871 0.000000 1383.675049
36843.000000 993.179871 0.000000 1383.780029
36843.000000 993.179871 0.000000 1383.884033
36843.000000 993.179871 0.000000 1383.989014
36843.000000 993.179871 0.000000 1384.083984
36843.000000 993.179871 0.000000 1384.188965
36843.000000 993.179871 0.000000 1384.279053
36843.000000 993.179871 0.000000 1384.380005
36843.000000 993.179871 0.000000 1384.479980
36843.000000 993.179871 0.000000 1384.579956
36843.000000 993.179871 0.000000 1384.677002
36843.000000 993.179871 0.000000 1384.777954
36843.000000 993.179871 0.000000 1384.880981
36843.000000 993.179871 0.000000 1384.975952
36843.000000 993.179871 0.000000 1385.083008
36843.000000 993.179871 0.000000 1385.182007
36843.000000 993.179871 0.000000 1385.277954
36843.000000 993.179871 0.000000 1385.378052
36843.000000 993.179871 0.000000 1385.478027
36843.000000 993.179871 0.000000 1385.583984
36843.000000 993.179871 0.000000 1385.687988
36843.000000 993.179871 0.000000 1385.787964
36843.000000 993.179871 0.000000 1385.887939
36843.000000 993.179871 0.000000 1385.984009
36843.000000 993.179871 0.000000 1386.078003
36843.000000 993.179871 0.000000 1386.181030
36843.000000 993.179871 0.000000 1386.279053
36843.000000 993.179871 0.000000 1386.378052
36843.000000 993.179871 0.000000 1386.478027
36843.000000 993.179871 0.000000 1386.579956
36843.000000 993.179871 0.000000 1386.677979
36843.000000 993.179871 0.000000 1386.777954
36843.000000 993.179871 0.000000 1386.878052
36843.000000 993.179871 0.000000 1386.984009
36843.000000 993.179871 0.000000 1387.078003
36843.000000 993.179871 0.000000 1387.178955
36843.000000 993.179871 0.000000 1387.287964
36843.000000 993.179871 0.000000 1387.387939
36843.000000 993.179871 0.000000 1387.488037
36843.000000 993.179871 0.000000 1387.584961
36843.000000 993.179871 0.000000 1387.673950
36843.000000 993.179871 0.000000 1387.779053
36843.000000 993.179871 0.000000 1387.885986
36843.000000 993.179871 0.000000 1387.985962
36843.000000 993.179871 0.000000 1388.084961
36843.000000 993.179871 0.000000 1388.178955
36843.125000 993.179871 0.000000 1388.286987
36843.125000 993.179871 0.000000 1388.386963
36843.125000 993.179871 0.000000 1388.473999
36843.125000 993.179871 0.000000 1388.578979
36843.125000 993.179871 0.000000 1388.673950
36843.125000 993.179871 0.000000 1388.776978
36843.125000 993.179871 0.000000 1388.879028
36843.125000 993.179871 0.000000 1388.968994
36843.125000 993.179871 0.000000 1389.082031
36843.125000 993.179871 0.000000 1389.189941
36843.125000 993.179871 0.000000 1389.290039
36843.125000 993.179871 0.000000 1389.385010
36843.125000 993.179871 0.000000 1389.487061
36843.125000 993.179871 0.000000 1389.572998
36843.125000 993.179871 0.000000 1389.682007
36843.125000 993.179871 0.000000 1389.781982
36843.125000 993.179871 0.000000 1389.883057
36843.125000 993.179871 0.000000 1389.977051
36843.125000 993.179871 0.000000 1390.078979
36843.125000 993.179871 0.000000 1390.177002
36843.125000 993.179871 0.000000 1390.276978
36843.125000 993.179871 0.000000 1390.378052
36843.125000 993.179871 0.000000 1390.477051
36843.125000 993.179871 0.000000 1390.583008
36843.125000 993.179871 0.000000 1390.678955
36843.125000 993.179871 0.000000 1390.792969
36843.125000 993.179871 0.000000 1390.887939
36843.125000 993.179871 0.000000 1390.988037
36843.125000 993.179871 0.000000 1391.088013
36843.125000 993.179871 0.000000 1391.180054
36843.125000 993.179871 0.000000 1391.282959
36843.125000 993.179871 0.000000 1391.381958
36843.125000 993.179871 0.000000 1391.480957
36843.125000 993.179871 0.000000 1391.583984
36843.125000 993.179871 0.000000 1391.681030
36843.125000 993.179871 0.000000 1391.786011
36843.125000 993.179871 0.000000 1391.886963
36843.125000 993.179871 0.000000 1391.980957
36843.125000 993.179871 0.000000 1392.083984
36843.125000 993.179871 0.000000 1392.177002
36843.125000 993.179871 0.000000 1392.286987
36843.125000 993.179871 0.000000 1392.386963
36843.125000 993.179871 0.000000 1392.475952
36843.125000 993.179871 0.000000 1392.576050
36843.125000 993.179871 0.000000 1392.681030
36843.125000 993.179871 0.000000 1392.770996
36843.125000 993.179871 0.000000 1392.886963
36843.125000 993.179871 0.000000 1392.978027
36843.125000 993.179871 0.000000 1393.082031
36843.125000 993.179871 0.000000 1393.177002
36843.125000 993.179871 0.000000 1393.276001
36843.125000 993.179871 0.000000 1393.381958
36843.125000 993.179871 0.000000 1393.478027
36843.125000 993.179871 0.000000 1393.583984
36843.125000 993.179871 0.000000 1393.672974
36843.125000 993.179871 0.000000 1393.782959
36843.125000 993.179871 0.000000 1393.878052
36843.125000 993.179871 0.000000 1393.978027
36843.125000 993.179871 0.000000 1394.088013
36843.125000 993.179871 0.000000 1394.182983
36843.125000 993.179871 0.000000 1394.286987
36843.125000 993.179871 0.000000 1394.381958
36843.125000 993.179871 0.000000 1394.478027
36843.125000 993.179871 0.000000 1394.583984
36843.125000 993.179871 0.000000 1394.678955
36843.125000 993.179871 0.000000 1394.779053
36843.125000 993.179871 0.000000 1394.879028
36843.125000 993.179871 0.000000 1394.978027
36843.125000 993.179871 0.000000 1395.090942
36843.125000 993.179871 0.000000 1395.191040
36843.125000 993.179871 0.000000 1395.284058
36843.125000 993.179871 0.000000 1395.384033
36843.125000 993.179871 0.000000 1395.484009
36843.125000 993.179871 0.000000 1395.584961
36843.125000 993.179871 0.000000 1395.686035
36843.125000 993.179871 0.000000 1395.785034
36843.125000 993.179871 0.000000 1395.880005
36843.125000 993.179871 0.000000 1395.979980
36843.125000 993.179871 0.000000 1396.095947
36843.125000 993.179871 0.000000 1396.196045
36843.125000 993.179871 0.000000 1396.291016
36843.125000 993.179871 0.000000 1396.401001
36843.125000 993.179871 0.000000 1396.495972
36843.125000 993.179871 0.000000 1396.595947
36843.125000 993.179871 0.000000 1396.701050
36843.125000 993.179871 0.000000 1396.796021
36843.125000 993.179871 0.000000 1396.895996
36843.125000 993.179871 0.000000 1396.995972
36843.125000 993.179871 0.000000 1397.097046
36843.125000 993.179871 0.000000 1397.196045
36843.125000 993.179871 0.000000 1397.296021
36843.125000 993.179871 0.000000 1397.395996
36843.125000 993.179871 0.000000 1397.490967
36843.125000 993.179871 0.000000 1397.604980
36843.125000 993.179871 0.000000 1397.694946
36843.125000 993.179871 0.000000 1397.802979
36843.125000 993.179871 0.000000 1397.907959
36843.125000 993.179871 0.000000 1398.008057
36843.125000 993.179871 0.000000 1398.109985
36843.125000 993.179871 0.000000 1398.199951
36843.125000 993.179871 0.000000 1398.301025
36843.125000 993.179871 0.000000 1398.401978
36843.125000 993.179871 0.000000 1398.501953
36843.125000 993.179871 0.000000 1398.612061
36843.125000 993.179871 0.000000 1398.712036
36843.125000 993.179871 0.000000 1398.811035
36843.125000 993.179871 0.000000 1398.911011
36843.125000 993.179871 0.000000 1398.999023
36843.125000 993.179871 0.000000 1399.119019
36843.125000 993.179871 0.000000 1399.213989
36843.125000 993.179871 0.000000 1399.301025
36843.125000 993.179871 0.000000 1399.402954
36843.125000 993.179871 0.000000 1399.500977
36843.125000 993.179871 0.000000 1399.603027
36843.125000 993.179871 0.000000 1399.703979
36843.125000 993.179871 0.000000 1399.810059
36843.125000 993.179871 0.000000 1399.910034
36843.125000 993.179871 0.000000 1400.010010
36843.125000 993.179871 0.000000 1400.109985
36843.125000 993.179871 0.000000 1400.209961
36843.125000 993.179871 0.000000 1400.301025
36843.125000 993.179871 0.000000 1400.401978
36843.125000 993.179871 0.000000 1400.511963
36843.125000 993.179871 0.000000 1400.607056
36843.125000 993.179871 0.000000 1400.712036
36843.125000 993.179871 0.000000 1400.812012
36843.125000 993.179871 0.000000 1400.904053
36843.125000 993.179871 0.000000 1400.999023
36843.125000 993.179871 0.000000 1401.098999
36843.125000 993.179871 0.000000 1401.198975
36843.125000 993.179871 0.000000 1401.298950
36843.125000 993.179871 0.000000 1401.404053
36843.125000 993.179871 0.000000 1401.506958
36843.125000 993.179871 0.000000 1401.605957
36843.125000 993.179871 0.000000 1401.701050
36843.125000 993.179871 0.000000 1401.801025
36843.125000 993.179871 0.000000 1401.907959
36843.125000 993.179871 0.000000 1402.008057
36843.125000 993.179871 0.000000 1402.113037
36843.125000 993.179871 0.000000 1402.208008
36843.125000 993.179871 0.000000 1402.312988
36843.125000 993.179871 0.000000 1402.412964
36843.125000 993.179871 0.000000 1402.508057
36843.125000 993.179871 0.000000 1402.608032
36843.125000 993.179871 0.000000 1402.708008
36843.125000 993.179871 0.000000 1402.807983
36843.125000 993.179871 0.000000 1402.907959
36843.125000 993.179871 0.000000 1402.999023
36843.125000 993.179871 0.000000 1403.098999
36843.125000 993.179871 0.000000 1403.198975
36843.125000 993.179871 0.000000 1403.305054
36843.125000 993.179871 0.000000 1403.399048
36843.125000 993.179871 0.000000 1403.498047
36843.125000 993.179871 0.000000 1403.598022
36843.125000 993.179871 0.000000 1403.697998
36843.125000 993.179871 0.000000 1403.797974
36843.125000 993.179871 0.000000 1403.899048
36843.125000 993.179871 0.000000 1403.999023
36843.125000 993.179871 0.000000 1404.098999
36843.125000 993.179871 0.000000 1404.204956
36843.125000 993.179871 0.000000 1404.303955
36843.125000 993.179871 0.000000 1404.409058
36843.125000 993.179871 0.000000 1404.508057
36843.125000 993.179871 0.000000 1404.608032
36843.125000 993.179871 0.000000 1404.708008
36843.125000 993.179871 0.000000 1404.797974
36843.125000 993.179871 0.000000 1404.897949
36843.125000 993.179871 0.000000 1404.996948
36843.125000 993.179871 0.000000 1405.102051
36843.125000 993.179871 0.000000 1405.203003
36843.125000 993.179871 0.000000 1405.297974
36843.125000 993.179871 0.000000 1405.406006
36843.125000 993.179871 0.000000 1405.505981
36843.125000 993.179871 0.000000 1405.604980
36843.125000 993.179871 0.000000 1405.707031
36843.125000 993.179871 0.000000 1405.800049
36843.125000 993.179871 0.000000 1405.901001
36843.125000 993.179871 0.000000 1406.000000
36843.125000 993.179871 0.000000 1406.109009
36843.125000 993.179871 0.000000 1406.204956
36843.125000 993.179871 0.000000 1406.314941
36843.125000 993.179871 0.000000 1406.410034
36843.125000 993.179871 0.000000 1406.501953
36843.125000 993.179871 0.000000 1406.605957
36843.125000 993.179871 0.000000 1406.711060
36843.125000 993.179871 0.000000 1406.811035
36843.125000 993.179871 0.000000 1406.907959
36843.125000 993.179871 0.000000 1406.993042
36843.125000 993.179871 0.000000 1407.104980
36843.125000 993.179871 0.000000 1407.204956
36843.125000 993.179871 0.000000 1407.306030
36843.125000 993.179871 0.000000 1407.400024
36843.125000 993.179871 0.000000 1407.500000
36843.125000 993.179871 0.000000 1407.599976
36843.125000 993.179871 0.000000 1407.706055
36843.125000 993.179871 0.000000 1407.807983
36843.125000 993.179871 0.000000 1407.900024
36843.125000 993.179871 0.000000 1408.000000
36843.125000 993.179871 0.000000 1408.104004
36843.125000 993.179871 0.000000 1408.213989
36843.125000 993.179871 0.000000 1408.308960
36843.125000 993.179871 0.000000 1408.405029
36843.125000 993.179871 0.000000 1408.500977
36843.125000 993.179871 0.000000 1408.607056
36843.125000 993.179871 0.000000 1408.702026
36843.125000 993.179871 0.000000 1408.793945
36843.125000 993.179871 0.000000 1408.904053
36843.125000 993.179871 0.000000 1409.001953
36843.125000 993.179871 0.000000 1409.098999
36843.125000 993.179871 0.000000 1409.198975
36843.125000 993.179871 0.000000 1409.298950
36843.125000 993.179871 0.000000 1409.394043
36843.125000 993.179871 0.000000 1409.500000
36843.125000 993.179871 0.000000 1409.605957
36843.125000 993.179871 0.000000 1409.698975
36843.125000 993.179871 0.000000 1409.812012
36843.125000 993.179871 0.000000 1409.896973
36843.125000 993.179871 0.000000 1409.994019
36843.125000 993.179871 0.000000 1410.099976
36843.125000 993.179871 0.000000 1410.213013
36843.125000 993.179871 0.000000 1410.298950
36843.125000 993.179871 0.000000 1410.407959
36843.125000 993.179871 0.000000 1410.504028
36843.125000 993.179871 0.000000 1410.598999
36843.125000 993.179871 0.000000 1410.702026
36843.125000 993.179871 0.000000 1410.803955
36843.125000 993.179871 0.000000 1410.899048
36843.125000 993.179871 0.000000 1410.999023
36843.125000 993.179871 0.000000 1411.104004
36843.125000 993.179871 0.000000 1411.204956
36843.125000 993.179871 0.000000 1411.302002
36843.125000 993.179871 0.000000 1411.402954
36843.125000 993.179871 0.000000 1411.504028
36843.125000 993.179871 0.000000 1411.602051
36843.125000 993.179871 0.000000 1411.698975
36843.125000 993.179871 0.000000 1411.803955
36843.250000 993.179871 0.000000 1411.904053
36843.250000 993.179871 0.000000 1412.000000
36843.250000 993.179871 0.000000 1412.099976
36843.250000 993.179871 0.000000 1412.204956
36843.250000 993.179871 0.000000 1412.305054
36843.250000 993.179871 0.000000 1412.400024
36843.250000 993.179871 0.000000 1412.489990
36843.250000 993.179871 0.000000 1412.602051
36843.250000 993.179871 0.000000 1412.694946
36843.250000 993.179871 0.000000 1412.795044
36843.250000 993.179871 0.000000 1412.907959
36843.250000 993.179871 0.000000 1413.008057
36843.250000 993.179871 0.000000 1413.104980
36843.250000 993.179871 0.000000 1413.209961
36843.250000 993.179871 0.000000 1413.301025
36843.250000 993.179871 0.000000 1413.395996
36843.250000 993.179871 0.000000 1413.500977
36843.250000 993.179871 0.000000 1413.599976
36843.250000 993.179871 0.000000 1413.708984
36843.250000 993.179871 0.000000 1413.803955
36843.250000 993.179871 0.000000 1413.909058
36843.250000 993.179871 0.000000 1414.009033
36843.250000 993.179871 0.000000 1414.114014
36843.250000 993.179871 0.000000 1414.214966
36843.250000 993.179871 0.000000 1414.300049
36843.250000 993.179871 0.000000 1414.406982
36843.250000 993.179871 0.000000 1414.509033
36843.250000 993.179871 0.000000 1414.605957
36843.250000 993.179871 0.000000 1414.706055
36843.250000 993.179871 0.000000 1414.806030
36843.250000 993.179871 0.000000 1414.913940
36843.250000 993.179871 0.000000 1415.009033
36843.250000 993.179871 0.000000 1415.114014
36843.250000 993.179871 0.000000 1415.203979
36843.250000 993.179871 0.000000 1415.303955
36843.250000 993.179871 0.000000 1415.407959
36843.250000 993.179871 0.000000 1415.509033
36843.250000 993.179871 0.000000 1415.604980
36843.250000 993.179871 0.000000 1415.708984
36843.250000 993.179871 0.000000 1415.808960
36843.250000 993.179871 0.000000 1415.901978
36843.250000 993.179871 0.000000 1416.009033
36843.250000 993.179871 0.000000 1416.110962
36843.250000 993.179871 0.000000 1416.193970
36843.250000 993.179871 0.000000 1416.308960
36843.250000 993.179871 0.000000 1416.409058
36843.250000 993.179871 0.000000 1416.509033
36843.250000 993.179871 0.000000 1416.604004
36843.250000 993.179871 0.000000 1416.708984
36843.250000 993.179871 0.000000 1416.814941
36843.250000 993.179871 0.000000 1416.910034
36843.250000 993.179871 0.000000 1417.006958
36843.250000 993.179871 0.000000 1417.105957
36843.250000 993.179871 0.000000 1417.204956
36843.250000 993.179871 0.000000 1417.302002
36843.250000 993.179871 0.000000 1417.411987
36843.250000 993.179871 0.000000 1417.510986
36843.250000 993.179871 0.000000 1417.610962
36843.250000 993.179871 0.000000 1417.713013
36843.250000 993.179871 0.000000 1417.812988
36843.250000 993.179871 0.000000 1417.905029
36843.250000 993.179871 0.000000 1418.005005
36843.250000 993.179871 0.000000 1418.104980
36843.250000 993.179871 0.000000 1418.207031
36843.250000 993.179871 0.000000 1418.311035
36843.250000 993.179871 0.000000 1418.406006
36843.250000 993.179871 0.000000 1418.515991
36843.250000 993.179871 0.000000 1418.598999
36843.250000 993.179871 0.000000 1418.707031
36843.250000 993.179871 0.000000 1418.807007
36843.250000 993.179871 0.000000 1418.906982
36843.250000 993.179871 0.000000 1419.001953
36843.250000 993.179871 0.000000 1419.108032
36843.250000 993.179871 0.000000 1419.208008
36843.250000 993.179871 0.000000 1419.302002
36843.250000 993.179871 0.000000 1419.406982
36843.250000 993.179871 0.000000 1419.506958
36843.250000 993.179871 0.000000 1419.604980
36843.250000 993.179871 0.000000 1419.707031
36843.250000 993.179871 0.000000 1419.807007
36843.250000 993.179871 0.000000 1419.906982
36843.250000 993.179871 0.000000 1420.001953
36843.250000 993.179871 0.000000 1420.108032
36843.250000 993.179871 0.000000 1420.207031
36843.250000 993.179871 0.000000 1420.302002
36843.250000 993.179871 0.000000 1420.401978
36843.250000 993.179871 0.000000 1420.506958
36843.250000 993.179871 0.000000 1420.607056
36843.250000 993.179871 0.000000 1420.708984
36843.250000 993.179871 0.000000 1420.813965
36843.250000 993.179871 0.000000 1420.904053
36843.250000 993.179871 0.000000 1421.014038
36843.250000 993.179871 0.000000 1421.108032
36843.250000 993.179871 0.000000 1421.213013
36843.250000 993.179871 0.000000 1421.312988
36843.250000 993.179871 0.000000 1421.402954
36843.250000 993.179871 0.000000 1421.506958
36843.250000 993.179871 0.000000 1421.605957
36843.250000 993.179871 0.000000 1421.707031
36843.250000 993.179871 0.000000 1421.806030
36843.250000 993.179871 0.000000 1421.895996
36843.250000 993.179871 0.000000 1422.005981
36843.250000 993.179871 0.000000 1422.107056
36843.250000 993.179871 0.000000 1422.206055
36843.250000 993.179871 0.000000 1422.307007
36843.250000 993.179871 0.000000 1422.409058
36843.250000 993.179871 0.000000 1422.504028
36843.250000 993.179871 0.000000 1422.619019
36843.250000 993.179871 0.000000 1422.713989
36843.250000 993.179871 0.000000 1422.818970
36843.250000 993.179871 0.000000 1422.918945
36843.250000 993.179871 0.000000 1423.014038
36843.250000 993.179871 0.000000 1423.110962
36843.250000 993.179871 0.000000 1423.206055
36843.250000 993.179871 0.000000 1423.307007
36843.250000 993.179871 0.000000 1423.396973
36843.250000 993.179871 0.000000 1423.511963
36843.250000 993.179871 0.000000 1423.609009
36843.250000 993.179871 0.000000 1423.708008
36843.250000 993.179871 0.000000 1423.813965
36843.250000 993.179871 0.000000 1423.906982
36843.250000 993.179871 0.000000 1424.006958
36843.250000 993.179871 0.000000 1424.108032
36843.250000 993.179871 0.000000 1424.204956
36843.250000 993.179871 0.000000 1424.302002
36843.250000 993.179871 0.000000 1424.412964
36843.250000 993.179871 0.000000 1424.506958
36843.250000 993.179871 0.000000 1424.607056
36843.250000 993.179871 0.000000 1424.723022
36843.250000 993.179871 0.000000 1424.814941
36843.250000 993.179871 0.000000 1424.907959
36843.250000 993.179871 0.000000 1425.017944
36843.250000 993.179871 0.000000 1425.119019
36843.250000 993.179871 0.000000 1425.207031
36843.250000 993.179871 0.000000 1425.312012
36843.250000 993.179871 0.000000 1425.412964
36843.250000 993.179871 0.000000 1425.512939
36843.250000 993.179871 0.000000 1425.608032
36843.250000 993.179871 0.000000 1425.717041
36843.250000 993.179871 0.000000 1425.812012
36843.250000 993.179871 0.000000 1425.911987
36843.250000 993.179871 0.000000 1426.012939
36843.250000 993.179871 0.000000 1426.112061
36843.250000 993.179871 0.000000 1426.213013
36843.250000 993.179871 0.000000 1426.317017
36843.250000 993.179871 0.000000 1426.411987
36843.250000 993.179871 0.000000 1426.516968
36843.250000 993.179871 0.000000 1426.612061
36843.250000 993.179871 0.000000 1426.717041
36843.250000 993.179871 0.000000 1426.817993
36843.250000 993.179871 0.000000 1426.916992
36843.250000 993.179871 0.000000 1427.011963
36843.250000 993.179871 0.000000 1427.113037
36843.250000 993.179871 0.000000 1427.208008
36843.250000 993.179871 0.000000 1427.317017
36843.250000 993.179871 0.000000 1427.413940
36843.250000 993.179871 0.000000 1427.520020
36843.250000 993.179871 0.000000 1427.614990
36843.250000 993.179871 0.000000 1427.709961
36843.250000 993.179871 0.000000 1427.816040
36843.250000 993.179871 0.000000 1427.916016
36843.250000 993.179871 0.000000 1428.016968
36843.250000 993.179871 0.000000 1428.109985
36843.250000 993.179871 0.000000 1428.214966
36843.250000 993.179871 0.000000 1428.307983
36843.250000 993.179871 0.000000 1428.420044
36843.250000 993.179871 0.000000 1428.510010
36843.250000 993.179871 0.000000 1428.609985
36843.250000 993.179871 0.000000 1428.714966
36843.250000 993.179871 0.000000 1428.810059
36843.250000 993.179871 0.000000 1428.915039
36843.250000 993.179871 0.000000 1429.015015
36843.250000 993.179871 0.000000 1429.109985
36843.250000 993.179871 0.000000 1429.214966
36843.250000 993.179871 0.000000 1429.318970
36843.250000 993.179871 0.000000 1429.417969
36843.250000 993.179871 0.000000 1429.515015
36843.250000 993.179871 0.000000 1429.609985
36843.250000 993.179871 0.000000 1429.712036
36843.250000 993.179871 0.000000 1429.817017
36843.250000 993.179871 0.000000 1429.915039
36843.250000 993.179871 0.000000 1430.011963
36843.250000 993.179871 0.000000 1430.114990
36843.250000 993.179871 0.000000 1430.214966
36843.250000 993.179871 0.000000 1430.314941
36843.250000 993.179871 0.000000 1430.412964
36843.250000 993.179871 0.000000 1430.515991
36843.250000 993.179871 0.000000 1430.610962
36843.250000 993.179871 0.000000 1430.709961
36843.250000 993.179871 0.000000 1430.814941
36843.250000 993.179871 0.000000 1430.915039
36843.250000 993.179871 0.000000 1431.024048
36843.250000 993.179871 0.000000 1431.121948
36843.250000 993.179871 0.000000 1431.213989
36843.250000 993.179871 0.000000 1431.322021
36843.250000 993.179871 0.000000 1431.421021
36843.375000 993.179871 0.000000 1431.514038
36843.375000 993.179871 0.000000 1431.614990
36843.375000 993.179871 0.000000 1431.713989
36843.375000 993.179871 0.000000 1431.816040
36843.375000 993.179871 0.000000 1431.927002
36843.375000 993.179871 0.000000 1432.020020
36843.375000 993.179871 0.000000 1432.116943
36843.375000 993.179871 0.000000 1432.212036
36843.375000 993.179871 0.000000 1432.312012
36843.375000 993.179871 0.000000 1432.411987
36843.375000 993.179871 0.000000 1432.511963
36843.375000 993.179871 0.000000 1432.626953
36843.375000 993.179871 0.000000 1432.717041
36843.375000 993.179871 0.000000 1432.822021
36843.375000 993.179871 0.000000 1432.927002
36843.375000 993.179871 0.000000 1433.006958
36843.375000 993.179871 0.000000 1433.116943
36843.375000 993.179871 0.000000 1433.227051
36843.375000 993.179871 0.000000 1433.317993
36843.375000 993.179871 0.000000 1433.416992
36843.375000 993.179871 0.000000 1433.511963
36843.375000 993.179871 0.000000 1433.607056
36843.375000 993.179871 0.000000 1433.717041
36843.375000 993.179871 0.000000 1433.817017
36843.375000 993.179871 0.000000 1433.907959
36843.375000 993.179871 0.000000 1434.016968
36843.375000 993.179871 0.000000 1434.116943
36843.375000 993.179871 0.000000 1434.217041
36843.375000 993.179871 0.000000 1434.317017
36843.375000 993.179871 0.000000 1434.421997
36843.375000 993.179871 0.000000 1434.516968
36843.375000 993.179871 0.000000 1434.626953
36843.375000 993.179871 0.000000 1434.722046
36843.375000 993.179871 0.000000 1434.817017
36843.375000 993.179871 0.000000 1434.921997
36843.375000 993.179871 0.000000 1435.016968
36843.375000 993.179871 0.000000 1435.121948
36843.375000 993.179871 0.000000 1435.219971
36843.375000 993.179871 0.000000 1435.314941
36843.375000 993.179871 0.000000 1435.411987
36843.375000 993.179871 0.000000 1435.516968
36843.375000 993.179871 0.000000 1435.612061
36843.875000 993.179871 0.000000 1435.717041
36843.875000 993.179871 0.000000 1435.810059
36843.875000 993.179871 0.000000 1435.915039
36843.875000 993.179871 0.000000 1436.032959
36843.875000 993.179871 0.000000 1436.118042
36843.875000 993.179871 0.000000 1436.211060
36843.875000 993.179871 0.000000 1436.317017
36843.875000 993.179871 0.000000 1436.411011
36843.875000 993.179871 0.000000 1436.516968
36843.875000 993.179871 0.000000 1436.615967
36843.875000 993.179871 0.000000 1436.715942
36843.875000 993.179871 0.000000 1436.811035
36843.875000 993.179871 0.000000 1436.906006
36843.875000 993.179871 0.000000 1437.019043
36843.875000 993.179871 0.000000 1437.109009
36843.875000 993.179871 0.000000 1437.213989
36843.875000 993.179871 0.000000 1437.314941
36843.875000 993.179871 0.000000 1437.411011
36843.875000 993.179871 0.000000 1437.517944
36843.875000 993.179871 0.000000 1437.610962
36843.875000 993.179871 0.000000 1437.723022
36843.875000 993.179871 0.000000 1437.819946
36843.875000 993.179871 0.000000 1437.921021
36843.875000 993.179871 0.000000 1438.015991
36843.875000 993.179871 0.000000 1438.118042
36843.875000 993.179871 0.000000 1438.219971
36843.875000 993.179871 0.000000 1438.316040
36843.875000 993.179871 0.000000 1438.412964
36843.875000 993.179871 0.000000 1438.514038
36843.875000 993.179871 0.000000 1438.613037
36843.875000 993.179871 0.000000 1438.713989
36843.875000 993.179871 0.000000 1438.813965
36843.875000 993.179871 0.000000 1438.915039
36843.875000 993.179871 0.000000 1439.017944
36843.875000 993.179871 0.000000 1439.113037
36843.875000 993.179871 0.000000 1439.218018
36843.875000 993.179871 0.000000 1439.326050
36843.875000 993.179871 0.000000 1439.411987
36843.875000 993.179871 0.000000 1439.510986
36843.875000 993.179871 0.000000 1439.600952
36843.875000 993.179871 0.000000 1439.713013
36843.875000 993.179871 0.000000 1439.816040
36843.875000 993.179871 0.000000 1439.916016
36843.875000 993.179871 0.000000 1440.010986
36843.875000 993.179871 0.000000 1440.116943
36843.875000 993.179871 0.000000 1440.215942
36843.875000 993.179871 0.000000 1440.312012
36843.875000 993.179871 0.000000 1440.416016
36843.875000 993.179871 0.000000 1440.520996
36843.875000 993.179871 0.000000 1440.614990
36843.875000 993.179871 0.000000 1440.714966
36843.875000 993.179871 0.000000 1440.814941
36843.875000 993.179871 0.000000 1440.916992
36843.875000 993.179871 0.000000 1441.010010
36843.875000 993.179871 0.000000 1441.109985
36843.875000 993.179871 0.000000 1441.209961
36843.875000 993.179871 0.000000 1441.314941
36843.875000 993.179871 0.000000 1441.415039
36843.875000 993.179871 0.000000 1441.510010
36843.875000 993.179871 0.000000 1441.614990
36843.875000 993.179871 0.000000 1441.714966
36843.875000 993.179871 0.000000 1441.814941
36843.875000 993.179871 0.000000 1441.923950
36843.875000 993.179871 0.000000 1442.024048
36843.875000 993.179871 0.000000 1442.119019
36843.875000 993.179871 0.000000 1442.218994
36843.875000 993.179871 0.000000 1442.323975
36843.875000 993.179871 0.000000 1442.423950
36843.875000 993.179871 0.000000 1442.516968
36843.875000 993.179871 0.000000 1442.614990
36843.875000 993.179871 0.000000 1442.717041
36843.875000 993.179871 0.000000 1442.816040
36843.875000 993.179871 0.000000 1442.905029
36843.875000 993.179871 0.000000 1443.010010
36843.875000 993.179871 0.000000 1443.109985
36843.875000 993.179871 0.000000 1443.209961
36843.875000 993.179871 0.000000 1443.314941
36843.875000 993.179871 0.000000 1443.406982
36843.875000 993.179871 0.000000 1443.515015
36843.875000 993.179871 0.000000 1443.614990
36843.875000 993.179871 0.000000 1443.709961
36843.875000 993.179871 0.000000 1443.805054
36843.875000 993.179871 0.000000 1443.905029
36843.875000 993.179871 0.000000 1444.010010
36844.000000 993.179871 0.000000 1444.115967
36844.000000 993.179871 0.000000 1444.214966
36844.000000 993.179871 0.000000 1444.314941
36844.000000 993.179871 0.000000 1444.415039
36844.000000 993.179871 0.000000 1444.514038
36844.000000 993.179871 0.000000 1444.623047
36844.000000 993.179871 0.000000 1444.723022
36844.000000 993.179871 0.000000 1444.822998
36844.000000 993.179871 0.000000 1444.918945
36844.000000 993.179871 0.000000 1445.014038
36844.000000 993.179871 0.000000 1445.119019
36844.000000 993.179871 0.000000 1445.218994
36844.000000 993.179871 0.000000 1445.312012
36844.000000 993.179871 0.000000 1445.416016
36844.000000 993.179871 0.000000 1445.515991
36844.000000 993.179871 0.000000 1445.615967
36844.000000 993.179871 0.000000 1445.706055
36844.000000 993.179871 0.000000 1445.812988
36844.000000 993.179871 0.000000 1445.911011
36844.000000 993.179871 0.000000 1446.019043
36844.000000 993.179871 0.000000 1446.114014
36844.000000 993.179871 0.000000 1446.222046
36844.000000 993.179871 0.000000 1446.313965
36844.000000 993.179871 0.000000 1446.421021
36844.000000 993.179871 0.000000 1446.514038
36844.000000 993.179871 0.000000 1446.614014
36844.000000 993.179871 0.000000 1446.718018
36844.000000 993.179871 0.000000 1446.813965
36844.000000 993.179871 0.000000 1446.918945
36844.000000 993.179871 0.000000 1447.004028
36844.000000 993.179871 0.000000 1447.110962
36844.000000 993.179871 0.000000 1447.217041
36844.000000 993.179871 0.000000 1447.312012
36844.000000 993.179871 0.000000 1447.411987
36844.000000 993.179871 0.000000 1447.517944
36844.000000 993.179871 0.000000 1447.625000
36844.000000 993.179871 0.000000 1447.719971
36844.000000 993.179871 0.000000 1447.826050
36844.000000 993.179871 0.000000 1447.916016
36844.000000 993.179871 0.000000 1448.021973
36844.000000 993.179871 0.000000 1448.115967
36844.000000 993.179871 0.000000 1448.215942
36844.000000 993.179871 0.000000 1448.317017
36844.000000 993.179871 0.000000 1448.416992
36844.000000 993.179871 0.000000 1448.511963
36844.000000 993.179871 0.000000 1448.607056
36844.000000 993.179871 0.000000 1448.713013
36844.000000 993.179871 0.000000 1448.822998
36844.000000 993.179871 0.000000 1448.922974
36844.000000 993.179871 0.000000 1449.017944
36844.000000 993.179871 0.000000 1449.116943
36844.000000 993.179871 0.000000 1449.213013
36844.000000 993.179871 0.000000 1449.318970
36844.000000 993.179871 0.000000 1449.416992
36844.000000 993.179871 0.000000 1449.516968
36844.000000 993.179871 0.000000 1449.624023
36844.000000 993.179871 0.000000 1449.718994
36844.000000 993.179871 0.000000 1449.823975
36844.000000 993.179871 0.000000 1449.906982
36844.000000 993.179871 0.000000 1450.014038
36844.000000 993.179871 0.000000 1450.121948
36844.000000 993.179871 0.000000 1450.227051
36844.000000 993.179871 0.000000 1450.322021
36844.000000 993.179871 0.000000 1450.421997
36844.000000 993.179871 0.000000 1450.511963
36844.000000 993.179871 0.000000 1450.619019
36844.000000 993.179871 0.000000 1450.719971
36844.000000 993.179871 0.000000 1450.819946
36844.000000 993.179871 0.000000 1450.920044
36844.000000 993.179871 0.000000 1451.012939
36844.000000 993.179871 0.000000 1451.124023
36844.000000 993.179871 0.000000 1451.213013
36844.000000 993.179871 0.000000 1451.322021
36844.000000 993.179871 0.000000 1451.411987
36844.000000 993.179871 0.000000 1451.519043
36844.000000 993.179871 0.000000 1451.620972
36844.000000 993.179871 0.000000 1451.730957
36844.000000 993.179871 0.000000 1451.826050
36844.000000 993.179871 0.000000 1451.918945
36844.000000 993.179871 0.000000 1452.020020
36844.000000 993.179871 0.000000 1452.110962
36844.000000 993.179871 0.000000 1452.213989
36844.000000 993.179871 0.000000 1452.318970
36844.000000 993.179871 0.000000 1452.420044
36844.000000 993.179871 0.000000 1452.515991
36844.000000 993.179871 0.000000 1452.610962
36844.000000 993.179871 0.000000 1452.718994
36844.000000 993.179871 0.000000 1452.813965
36844.000000 993.179871 0.000000 1452.911011
36844.000000 993.179871 0.000000 1453.014038
36844.000000 993.179871 0.000000 1453.119995
36844.000000 993.179871 0.000000 1453.218994
36844.000000 993.179871 0.000000 1453.319946
36844.250000 993.179871 0.000000 1453.421997
36844.250000 993.179871 0.000000 1453.522949
36844.250000 993.179871 0.000000 1453.620972
36844.250000 993.179871 0.000000 1453.717041
36844.250000 993.179871 0.000000 1453.826050
36844.250000 993.179871 0.000000 1453.921021
36844.250000 993.179871 0.000000 1454.019043
36844.250000 993.179871 0.000000 1454.119019
36844.250000 993.179871 0.000000 1454.218994
36844.250000 993.179871 0.000000 1454.314941
36844.250000 993.179871 0.000000 1454.418945
36844.250000 993.179871 0.000000 1454.514038
36844.250000 993.179871 0.000000 1454.619019
36844.250000 993.179871 0.000000 1454.724976
36844.250000 993.179871 0.000000 1454.818970
36844.250000 993.179871 0.000000 1454.923950
36844.250000 993.179871 0.000000 1455.019043
36844.250000 993.179871 0.000000 1455.125977
36844.250000 993.179871 0.000000 1455.225952
36844.250000 993.179871 0.000000 1455.323975
36844.250000 993.179871 0.000000 1455.416992
36844.250000 993.179871 0.000000 1455.505981
36844.250000 993.179871 0.000000 1455.621948
36844.250000 993.179871 0.000000 1455.722046
36844.250000 993.179871 0.000000 1455.823975
36844.250000 993.179871 0.000000 1455.921021
36844.250000 993.179871 0.000000 1456.015991
36844.250000 993.179871 0.000000 1456.126953
36844.250000 993.179871 0.000000 1456.218994
36844.250000 993.179871 0.000000 1456.319946
36844.250000 993.179871 0.000000 1456.428955
36844.250000 993.179871 0.000000 1456.514038
36844.250000 993.179871 0.000000 1456.619019
36844.250000 993.179871 0.000000 1456.718994
36844.250000 993.179871 0.000000 1456.818970
36844.250000 993.179871 0.000000 1456.913940
36844.250000 993.179871 0.000000 1457.019043
36844.250000 993.179871 0.000000 1457.114014
36844.250000 993.179871 0.000000 1457.218018
36844.250000 993.179871 0.000000 1457.313965
36844.250000 993.179871 0.000000 1457.412964
36844.250000 993.179871 0.000000 1457.508057
36844.250000 993.179871 0.000000 1457.623047
36844.250000 993.179871 0.000000 1457.723999
36844.250000 993.179871 0.000000 1457.827026
36844.250000 993.179871 0.000000 1457.918945
36844.250000 993.179871 0.000000 1458.015015
36844.250000 993.179871 0.000000 1458.118042
36844.250000 993.179871 0.000000 1458.223022
36844.250000 993.179871 0.000000 1458.317993
36844.250000 993.179871 0.000000 1458.412964
36844.250000 993.179871 0.000000 1458.517944
36844.250000 993.179871 0.000000 1458.618042
36844.250000 993.179871 0.000000 1458.714966
36844.250000 993.179871 0.000000 1458.818970
36844.250000 993.179871 0.000000 1458.917969
36844.250000 993.179871 0.000000 1459.017944
36844.250000 993.179871 0.000000 1459.118042
36844.250000 993.179871 0.000000 1459.223999
36844.250000 993.179871 0.000000 1459.317993
36844.250000 993.179871 0.000000 1459.417969
36844.250000 993.179871 0.000000 1459.524048
36844.250000 993.179871 0.000000 1459.618042
36844.250000 993.179871 0.000000 1459.718994
36844.250000 993.179871 0.000000 1459.802979
36844.250000 993.179871 0.000000 1459.917969
36844.250000 993.179871 0.000000 1460.020996
36844.250000 993.179871 0.000000 1460.118042
36844.250000 993.179871 0.000000 1460.218018
36844.250000 993.179871 0.000000 1460.317993
36844.250000 993.179871 0.000000 1460.417969
36844.250000 993.179871 0.000000 1460.522949
36844.250000 993.179871 0.000000 1460.618042
36844.250000 993.179871 0.000000 1460.714966
36844.250000 993.179871 0.000000 1460.819946
36844.250000 993.179871 0.000000 1460.920044
36844.250000 993.179871 0.000000 1461.017944
36844.250000 993.179871 0.000000 1461.126953
36844.250000 993.179871 0.000000 1461.219971
36844.250000 993.179871 0.000000 1461.317017
36844.250000 993.179871 0.000000 1461.415039
36844.250000 993.179871 0.000000 1461.524048
36845.750000 993.179871 0.000000 1461.629028
36845.750000 993.179871 0.000000 1461.717041
36845.750000 993.179871 0.000000 1461.824951
36845.750000 993.179871 0.000000 1461.930054
36845.750000 993.179871 0.000000 1462.030029
36845.750000 993.179871 0.000000 1462.130005
36845.750000 993.179871 0.000000 1462.219971
36845.750000 993.179871 0.000000 1462.321045
36845.750000 993.179871 0.000000 1462.416016
36845.750000 993.179871 0.000000 1462.520020
36845.750000 993.179871 0.000000 1462.619995
36845.750000 993.179871 0.000000 1462.719971
36845.750000 993.179871 0.000000 1462.819946
36845.750000 993.179871 0.000000 1462.915039
36845.750000 993.179871 0.000000 1463.020020
36845.750000 993.179871 0.000000 1463.114990
36845.750000 993.179871 0.000000 1463.220947
36845.750000 993.179871 0.000000 1463.314941
36845.750000 993.179871 0.000000 1463.415039
36845.750000 993.179871 0.000000 1463.520020
36845.750000 993.179871 0.000000 1463.610962
36845.750000 993.179871 0.000000 1463.718994
36845.750000 993.179871 0.000000 1463.833008
36845.750000 993.179871 0.000000 1463.925049
36845.750000 993.179871 0.000000 1464.014038
36845.750000 993.179871 0.000000 1464.124023
36845.750000 993.179871 0.000000 1464.227051
36845.750000 993.179871 0.000000 1464.327026
36845.750000 993.179871 0.000000 1464.418945
36845.750000 993.179871 0.000000 1464.527954
36845.750000 993.179871 0.000000 1464.628052
36845.750000 993.179871 0.000000 1464.728027
36845.750000 993.179871 0.000000 1464.828003
36845.750000 993.179871 0.000000 1464.922974
36845.750000 993.179871 0.000000 1465.015015
36845.750000 993.179871 0.000000 1465.114990
36845.750000 993.179871 0.000000 1465.214966
36845.750000 993.179871 0.000000 1465.328979
36845.750000 993.179871 0.000000 1465.428955
36845.750000 993.179871 0.000000 1465.524048
36845.750000 993.179871 0.000000 1465.624023
36845.750000 993.179871 0.000000 1465.749023
36845.750000 993.179871 0.000000 1465.824951
36845.750000 993.179871 0.000000 1465.920044
36845.750000 993.179871 0.000000 1466.027954
36845.750000 993.179871 0.000000 1466.128052
36845.750000 993.179871 0.000000 1466.233032
36845.750000 993.179871 0.000000 1466.333008
36845.750000 993.179871 0.000000 1466.432983
36845.750000 993.179871 0.000000 1466.525024
36845.750000 993.179871 0.000000 1466.628052
36845.750000 993.179871 0.000000 1466.725952
36845.750000 993.179871 0.000000 1466.833984
36845.750000 993.179871 0.000000 1466.918945
36845.750000 993.179871 0.000000 1467.035034
36845.750000 993.179871 0.000000 1467.119995
36845.750000 993.179871 0.000000 1467.225952
36845.750000 993.179871 0.000000 1467.326050
36845.750000 993.179871 0.000000 1467.421021
36845.750000 993.179871 0.000000 1467.520996
36845.750000 993.179871 0.000000 1467.620972
36845.750000 993.179871 0.000000 1467.720947
36845.750000 993.179871 0.000000 1467.822021
36845.750000 993.179871 0.000000 1467.927002
36845.750000 993.179871 0.000000 1468.020996
36845.750000 993.179871 0.000000 1468.115967
36845.750000 993.179871 0.000000 1468.215942
36845.750000 993.179871 0.000000 1468.321045
36845.750000 993.179871 0.000000 1468.421021
36845.750000 993.179871 0.000000 1468.526001
36845.750000 993.179871 0.000000 1468.623047
36845.750000 993.179871 0.000000 1468.719971
36845.750000 993.179871 0.000000 1468.828979
36845.750000 993.179871 0.000000 1468.920044
36845.750000 993.179871 0.000000 1469.009033
36845.750000 993.179871 0.000000 1469.114990
36845.750000 993.179871 0.000000 1469.228027
36845.750000 993.179871 0.000000 1469.322998
36845.750000 993.179871 0.000000 1469.423950
36845.750000 993.179871 0.000000 1469.525024
36845.750000 993.179871 0.000000 1469.625000
36845.750000 993.179871 0.000000 1469.714966
36845.750000 993.179871 0.000000 1469.822021
36845.750000 993.179871 0.000000 1469.927002
36845.750000 993.179871 0.000000 1470.020020
36845.750000 993.179871 0.000000 1470.125000
36845.750000 993.179871 0.000000 1470.224976
36845.750000 993.179871 0.000000 1470.326050
36845.750000 993.179871 0.000000 1470.425049
36845.750000 993.179871 0.000000 1470.531982
36845.750000 993.179871 0.000000 1470.621948
36845.750000 993.179871 0.000000 1470.732056
36845.750000 993.179871 0.000000 1470.832031
36845.750000 993.179871 0.000000 1470.926025
36845.750000 993.179871 0.000000 1471.025024
36845.750000 993.179871 0.000000 1471.125000
36845.750000 993.179871 0.000000 1471.223999
36845.750000 993.179871 0.000000 1471.322021
36845.750000 993.179871 0.000000 1471.421997
36845.750000 993.179871 0.000000 1471.521973
36845.750000 993.179871 0.000000 1471.621948
36845.750000 993.179871 0.000000 1471.722046
36845.750000 993.179871 0.000000 1471.829956
36845.750000 993.179871 0.000000 1471.932007
36845.750000 993.179871 0.000000 1472.021973
36845.750000 993.179871 0.000000 1472.121948
36845.750000 993.179871 0.000000 1472.227051
36845.750000 993.179871 0.000000 1472.327026
36845.750000 993.179871 0.000000 1472.422974
36845.750000 993.179871 0.000000 1472.521973
36845.750000 993.179871 0.000000 1472.621948
36845.750000 993.179871 0.000000 1472.735962
36845.750000 993.179871 0.000000 1472.811035
36845.750000 993.179871 0.000000 1472.920044
36845.750000 993.179871 0.000000 1473.021973
36845.750000 993.179871 0.000000 1473.124023
36845.750000 993.179871 0.000000 1473.222046
36845.750000 993.179871 0.000000 1473.322021
36845.750000 993.179871 0.000000 1473.422974
36845.750000 993.179871 0.000000 1473.521973
36845.750000 993.179871 0.000000 1473.619019
36845.750000 993.179871 0.000000 1473.722046
36845.750000 993.179871 0.000000 1473.822998
36845.750000 993.179871 0.000000 1473.925049
36845.750000 993.179871 0.000000 1474.030029
36845.750000 993.179871 0.000000 1474.123047
36845.750000 993.179871 0.000000 1474.223022
36845.750000 993.179871 0.000000 1474.317993
36845.750000 993.179871 0.000000 1474.423950
36845.750000 993.179871 0.000000 1474.524048
36845.750000 993.179871 0.000000 1474.624023
36845.750000 993.179871 0.000000 1474.723999
36845.750000 993.179871 0.000000 1474.823975
36845.750000 993.179871 0.000000 1474.923950
36845.750000 993.179871 0.000000 1475.024048
36845.750000 993.179871 0.000000 1475.124023
36845.750000 993.179871 0.000000 1475.219971
36845.750000 993.179871 0.000000 1475.323975
36845.750000 993.179871 0.000000 1475.423950
36845.750000 993.179871 0.000000 1475.525024
36845.750000 993.179871 0.000000 1475.621948
36845.750000 993.179871 0.000000 1475.723999
36845.750000 993.179871 0.000000 1475.813965
36845.750000 993.179871 0.000000 1475.925049
36845.750000 993.179871 0.000000 1476.029053
36845.750000 993.179871 0.000000 1476.134033
36845.750000 993.179871 0.000000 1476.234009
36845.750000 993.179871 0.000000 1476.328979
36845.750000 993.179871 0.000000 1476.430054
36845.750000 993.179871 0.000000 1476.515015
36845.750000 993.179871 0.000000 1476.625977
36845.750000 993.179871 0.000000 1476.724976
36845.750000 993.179871 0.000000 1476.821045
36845.750000 993.179871 0.000000 1476.920044
36845.750000 993.179871 0.000000 1477.035034
36845.750000 993.179871 0.000000 1477.125000
36845.750000 993.179871 0.000000 1477.234985
36845.750000 993.179871 0.000000 1477.321045
36845.750000 993.179871 0.000000 1477.431030
36845.750000 993.179871 0.000000 1477.526001
36845.750000 993.179871 0.000000 1477.626953
36845.750000 993.179871 0.000000 1477.722046
36845.750000 993.179871 0.000000 1477.822021
36845.750000 993.179871 0.000000 1477.921997
36845.750000 993.179871 0.000000 1478.021973
36845.750000 993.179871 0.000000 1478.123047
36845.750000 993.179871 0.000000 1478.227051
36845.750000 993.179871 0.000000 1478.322021
36845.750000 993.179871 0.000000 1478.427002
36845.750000 993.179871 0.000000 1478.531006
36845.750000 993.179871 0.000000 1478.621948
36845.750000 993.179871 0.000000 1478.722046
36845.750000 993.179871 0.000000 1478.817017
36845.750000 993.179871 0.000000 1478.922974
36845.750000 993.179871 0.000000 1479.027954
36845.750000 993.179871 0.000000 1479.121948
36845.750000 993.179871 0.000000 1479.207031
36845.750000 993.179871 0.000000 1479.322021
36845.750000 993.179871 0.000000 1479.421997
36845.750000 993.179871 0.000000 1479.529053
36845.750000 993.179871 0.000000 1479.626953
36845.750000 993.179871 0.000000 1479.728027
36845.750000 993.179871 0.000000 1479.827026
36845.750000 993.179871 0.000000 1479.927002
36845.750000 993.179871 0.000000 1480.026978
36845.750000 993.179871 0.000000 1480.116943
36845.750000 993.179871 0.000000 1480.222046
36845.750000 993.179871 0.000000 1480.322021
36845.750000 993.179871 0.000000 1480.427002
36845.750000 993.179871 0.000000 1480.511963
36845.750000 993.179871 0.000000 1480.628052
36845.750000 993.179871 0.000000 1480.729004
36845.750000 993.179871 0.000000 1480.828003
36845.750000 993.179871 0.000000 1480.928955
36845.750000 993.179871 0.000000 1481.034058
36845.750000 993.179871 0.000000 1481.134033
36845.750000 993.179871 0.000000 1481.230957
36845.750000 993.179871 0.000000 1481.327026
36845.750000 993.179871 0.000000 1481.427002
36845.750000 993.179871 0.000000 1481.526978
36845.750000 993.179871 0.000000 1481.628052
36845.750000 993.179871 0.000000 1481.730957
36845.750000 993.179871 0.000000 1481.827026
36845.750000 993.179871 0.000000 1481.927002
36845.750000 993.179871 0.000000 1482.030029
36845.750000 993.179871 0.000000 1482.135010
36845.750000 993.179871 0.000000 1482.234985
36845.750000 993.179871 0.000000 1482.327026
36845.750000 993.179871 0.000000 1482.427002
36845.750000 993.179871 0.000000 1482.527954
36845.750000 993.179871 0.000000 1482.628052
36845.750000 993.179871 0.000000 1482.729980
36845.750000 993.179871 0.000000 1482.828979
36845.750000 993.179871 0.000000 1482.938965
36845.750000 993.179871 0.000000 1483.034058
36845.750000 993.179871 0.000000 1483.134033
36845.750000 993.179871 0.000000 1483.234009
36845.750000 993.179871 0.000000 1483.338013
36845.750000 993.179871 0.000000 1483.432983
36845.750000 993.179871 0.000000 1483.531982
36845.750000 993.179871 0.000000 1483.630981
36845.750000 993.179871 0.000000 1483.730957
36845.750000 993.179871 0.000000 1483.833984
36845.750000 993.179871 0.000000 1483.926025
36845.750000 993.179871 0.000000 1484.031006
36845.750000 993.179871 0.000000 1484.125977
36845.750000 993.179871 0.000000 1484.230957
36845.750000 993.179871 0.000000 1484.331055
36845.750000 993.179871 0.000000 1484.421021
36845.750000 993.179871 0.000000 1484.531006
36845.750000 993.179871 0.000000 1484.635010
36845.750000 993.179871 0.000000 1484.735962
36845.750000 993.179871 0.000000 1484.829956
36845.750000 993.179871 0.000000 1484.932983
36845.750000 993.179871 0.000000 1485.025024
36845.750000 993.179871 0.000000 1485.136963
36845.750000 993.179871 0.000000 1485.238037
36845.750000 993.179871 0.000000 1485.334961
36845.750000 993.179871 0.000000 1485.436035
36845.750000 993.179871 0.000000 1485.534058
36845.750000 993.179871 0.000000 1485.634033
36845.750000 993.179871 0.000000 1485.738037
36845.750000 993.179871 0.000000 1485.833984
36845.750000 993.179871 0.000000 1485.938965
36845.750000 993.179871 0.000000 1486.030029
36845.750000 993.179871 0.000000 1486.131958
36845.750000 993.179871 0.000000 1486.234009
36845.750000 993.179871 0.000000 1486.333008
36845.750000 993.179871 0.000000 1486.433960
36845.750000 993.179871 0.000000 1486.532959
36845.750000 993.179871 0.000000 1486.635010
36845.750000 993.179871 0.000000 1486.739014
36845.750000 993.179871 0.000000 1486.833008
36845.750000 993.179871 0.000000 1486.932983
36845.750000 993.179871 0.000000 1487.032959
36845.750000 993.179871 0.000000 1487.135986
36845.750000 993.179871 0.000000 1487.234009
36845.750000 993.179871 0.000000 1487.333008
36845.750000 993.179871 0.000000 1487.433960
36845.750000 993.179871 0.000000 1487.532959
36845.750000 993.179871 0.000000 1487.635010
36845.750000 993.179871 0.000000 1487.734009
36845.750000 993.179871 0.000000 1487.833984
36845.750000 993.179871 0.000000 1487.932007
36845.750000 993.179871 0.000000 1488.031982
36845.750000 993.179871 0.000000 1488.131958
36845.750000 993.179871 0.000000 1488.233032
36845.750000 993.179871 0.000000 1488.333008
36845.750000 993.179871 0.000000 1488.432007
36845.750000 993.179871 0.000000 1488.537964
36845.750000 993.179871 0.000000 1488.631958
36845.750000 993.179871 0.000000 1488.732056
36845.750000 993.179871 0.000000 1488.837036
36845.750000 993.179871 0.000000 1488.932007
36845.750000 993.179871 0.000000 1489.035034
36845.750000 993.179871 0.000000 1489.131958
36845.750000 993.179871 0.000000 1489.217041
36845.750000 993.179871 0.000000 1489.338989
36845.750000 993.179871 0.000000 1489.432007
36845.750000 993.179871 0.000000 1489.534058
36845.750000 993.179871 0.000000 1489.631958
36845.750000 993.179871 0.000000 1489.738037
36845.750000 993.179871 0.000000 1489.832031
36845.750000 993.179871 0.000000 1489.947021
36845.750000 993.179871 0.000000 1490.046997
36845.750000 993.179871 0.000000 1490.141968
36845.750000 993.179871 0.000000 1490.246948
36845.750000 993.179871 0.000000 1490.342041
36845.750000 993.179871 0.000000 1490.442017
36845.750000 993.179871 0.000000 1490.541992
36845.750000 993.179871 0.000000 1490.633057
36845.750000 993.179871 0.000000 1490.732056
36845.750000 993.179871 0.000000 1490.833008
36845.750000 993.179871 0.000000 1490.927002
36845.750000 993.179871 0.000000 1491.042969
36845.750000 993.179871 0.000000 1491.131958
36845.750000 993.179871 0.000000 1491.237061
36845.750000 993.179871 0.000000 1491.336060
36845.750000 993.179871 0.000000 1491.438965
36845.750000 993.179871 0.000000 1491.531982
36845.750000 993.179871 0.000000 1491.636963
36845.750000 993.179871 0.000000 1491.732056
36845.750000 993.179871 0.000000 1491.832031
36845.750000 993.179871 0.000000 1491.937012
36845.750000 993.179871 0.000000 1492.036987
36845.750000 993.179871 0.000000 1492.131958
36845.750000 993.179871 0.000000 1492.227051
36845.750000 993.179871 0.000000 1492.337036
36845.750000 993.179871 0.000000 1492.432007
36845.750000 993.179871 0.000000 1492.531982
36845.750000 993.179871 0.000000 1492.631958
36845.750000 993.179871 0.000000 1492.737061
36845.750000 993.179871 0.000000 1492.831055
36845.750000 993.179871 0.000000 1492.937012
36845.750000 993.179871 0.000000 1493.031006
36845.750000 993.179871 0.000000 1493.140991
36845.750000 993.179871 0.000000 1493.220947
36845.750000 993.179871 0.000000 1493.333008
36845.750000 993.179871 0.000000 1493.431030
36845.750000 993.179871 0.000000 1493.536987
36845.750000 993.179871 0.000000 1493.645996
36845.750000 993.179871 0.000000 1493.737061
36845.750000 993.179871 0.000000 1493.836060
36845.750000 993.179871 0.000000 1493.931030
36845.750000 993.179871 0.000000 1494.042969
36845.750000 993.179871 0.000000 1494.135986
36845.750000 993.179871 0.000000 1494.239014
36845.750000 993.179871 0.000000 1494.338013
36845.750000 993.179871 0.000000 1494.432007
36845.750000 993.179871 0.000000 1494.531982
36845.750000 993.179871 0.000000 1494.634033
36845.750000 993.179871 0.000000 1494.740967
36845.750000 993.179871 0.000000 1494.843994
36845.750000 993.179871 0.000000 1494.939941
36845.750000 993.179871 0.000000 1495.037964
36845.750000 993.179871 0.000000 1495.133057
36845.750000 993.179871 0.000000 1495.237061
36845.750000 993.179871 0.000000 1495.333008
36845.750000 993.179871 0.000000 1495.437988
36845.750000 993.179871 0.000000 1495.531982
36845.750000 993.179871 0.000000 1495.636963
36845.750000 993.179871 0.000000 1495.737061
36845.750000 993.179871 0.000000 1495.837036
36845.750000 993.179871 0.000000 1495.932007
36845.750000 993.179871 0.000000 1496.036987
36845.750000 993.179871 0.000000 1496.136963
36845.750000 993.179871 0.000000 1496.235962
36845.750000 993.179871 0.000000 1496.339966
36845.750000 993.179871 0.000000 1496.442993
36845.750000 993.179871 0.000000 1496.537964
36845.750000 993.179871 0.000000 1496.642944
36845.750000 993.179871 0.000000 1496.739990
36845.750000 993.179871 0.000000 1496.847046
36845.750000 993.179871 0.000000 1496.948975
36845.750000 993.179871 0.000000 1497.041016
36845.750000 993.179871 0.000000 1497.140015
36845.750000 993.179871 0.000000 1497.245972
36845.750000 993.179871 0.000000 1497.339966
36845.750000 993.179871 0.000000 1497.430054
36845.750000 993.179871 0.000000 1497.535034
36845.750000 993.179871 0.000000 1497.635010
36845.750000 993.179871 0.000000 1497.737061
36845.750000 993.179871 0.000000 1497.838013
36845.750000 993.179871 0.000000 1497.936035
36845.750000 993.179871 0.000000 1498.042969
36845.750000 993.179871 0.000000 1498.125977
36845.750000 993.179871 0.000000 1498.225952
36845.750000 993.179871 0.000000 1498.336060
36845.750000 993.179871 0.000000 1498.436035
36845.750000 993.179871 0.000000 1498.536011
36845.750000 993.179871 0.000000 1498.635010
36845.750000 993.179871 0.000000 1498.750000
36845.750000 993.179871 0.000000 1498.837036
36845.750000 993.179871 0.000000 1498.939941
36845.750000 993.179871 0.000000 1499.040039
36845.750000 993.179871 0.000000 1499.140015
36845.875000 993.179871 0.000000 1499.239990
36845.875000 993.179871 0.000000 1499.339966
36845.875000 993.179871 0.000000 1499.439941
36845.875000 993.179871 0.000000 1499.532959
36845.875000 993.179871 0.000000 1499.637939
36845.875000 993.179871 0.000000 1499.738037
36845.875000 993.179871 0.000000 1499.828003
36845.875000 993.179871 0.000000 1499.932983
36845.875000 993.179871 0.000000 1500.040039
36845.875000 993.179871 0.000000 1500.140015
36845.875000 993.179871 0.000000 1500.239990
36845.875000 993.179871 0.000000 1500.339966
36845.875000 993.179871 0.000000 1500.435059
36845.875000 993.179871 0.000000 1500.531006
36845.875000 993.179871 0.000000 1500.644043
36845.875000 993.179871 0.000000 1500.739014
36845.875000 993.179871 0.000000 1500.838989
36845.875000 993.179871 0.000000 1500.941040
36845.875000 993.179871 0.000000 1501.038940
36845.875000 993.179871 0.000000 1501.149048
36845.875000 993.179871 0.000000 1501.250000
36845.875000 993.179871 0.000000 1501.344971
36845.875000 993.179871 0.000000 1501.438965
36845.875000 993.179871 0.000000 1501.545044
36845.875000 993.179871 0.000000 1501.644043
36845.875000 993.179871 0.000000 1501.739014
36845.875000 993.179871 0.000000 1501.833984
36845.875000 993.179871 0.000000 1501.953979
36845.875000 993.179871 0.000000 1502.038940
36845.875000 993.179871 0.000000 1502.139038
36845.875000 993.179871 0.000000 1502.250000
36845.875000 993.179871 0.000000 1502.343994
36845.875000 993.179871 0.000000 1502.447998
36845.875000 993.179871 0.000000 1502.552979
36845.875000 993.179871 0.000000 1502.642944
36845.875000 993.179871 0.000000 1502.739014
36845.875000 993.179871 0.000000 1502.838989
36845.875000 993.179871 0.000000 1502.933960
36845.875000 993.179871 0.000000 1503.043945
36845.875000 993.179871 0.000000 1503.137939
36845.875000 993.179871 0.000000 1503.244019
36845.875000 993.179871 0.000000 1503.328003
36845.875000 993.179871 0.000000 1503.433960
36845.875000 993.179871 0.000000 1503.537964
36845.875000 993.179871 0.000000 1503.640015
36845.875000 993.179871 0.000000 1503.738037
36845.875000 993.179871 0.000000 1503.833984
36845.875000 993.179871 0.000000 1503.937988
36845.875000 993.179871 0.000000 1504.042969
36845.875000 993.179871 0.000000 1504.142944
36845.875000 993.179871 0.000000 1504.241943
36845.875000 993.179871 0.000000 1504.342041
36845.875000 993.179871 0.000000 1504.442017
36845.875000 993.179871 0.000000 1504.552002
36845.875000 993.179871 0.000000 1504.646973
36845.875000 993.179871 0.000000 1504.751953
36845.875000 993.179871 0.000000 1504.852051
36845.875000 993.179871 0.000000 1504.952026
36845.875000 993.179871 0.000000 1505.046997
36845.875000 993.179871 0.000000 1505.151978
36845.875000 993.179871 0.000000 1505.233032
36845.875000 993.179871 0.000000 1505.342041
36845.875000 993.179871 0.000000 1505.442993
36845.875000 993.179871 0.000000 1505.552002
36845.875000 993.179871 0.000000 1505.651978
36845.875000 993.179871 0.000000 1505.746948
36845.875000 993.179871 0.000000 1505.852051
36845.875000 993.179871 0.000000 1505.942993
36845.875000 993.179871 0.000000 1506.031982
36845.875000 993.179871 0.000000 1506.142944
36845.875000 993.179871 0.000000 1506.241943
36845.875000 993.179871 0.000000 1506.342041
36845.875000 993.179871 0.000000 1506.442017
36845.875000 993.179871 0.000000 1506.546997
36845.875000 993.179871 0.000000 1506.641968
36845.875000 993.179871 0.000000 1506.737061
36845.875000 993.179871 0.000000 1506.843018
36845.875000 993.179871 0.000000 1506.937012
36845.875000 993.179871 0.000000 1507.036987
36845.875000 993.179871 0.000000 1507.136963
36845.875000 993.179871 0.000000 1507.237061
36845.875000 993.179871 0.000000 1507.342041
36845.875000 993.179871 0.000000 1507.442017
36845.875000 993.179871 0.000000 1507.541992
36845.875000 993.179871 0.000000 1507.636963
36845.875000 993.179871 0.000000 1507.741943
36845.875000 993.179871 0.000000 1507.842041
36845.875000 993.179871 0.000000 1507.937012
36845.875000 993.179871 0.000000 1508.042969
36845.875000 993.179871 0.000000 1508.142944
36845.875000 993.179871 0.000000 1508.244019
36845.875000 993.179871 0.000000 1508.342041
36845.875000 993.179871 0.000000 1508.442993
36845.875000 993.179871 0.000000 1508.541992
36845.875000 993.179871 0.000000 1508.639038
36845.875000 993.179871 0.000000 1508.744019
36845.875000 993.179871 0.000000 1508.848999
36845.875000 993.179871 0.000000 1508.948975
36845.875000 993.179871 0.000000 1509.051025
36845.875000 993.179871 0.000000 1509.151001
36845.875000 993.179871 0.000000 1509.250977
36845.875000 993.179871 0.000000 1509.350952
36845.875000 993.179871 0.000000 1509.456055
36845.875000 993.179871 0.000000 1509.556030
36845.875000 993.179871 0.000000 1509.656006
36845.875000 993.179871 0.000000 1509.749023
36845.875000 993.179871 0.000000 1509.848999
36845.875000 993.179871 0.000000 1509.948975
36845.875000 993.179871 0.000000 1510.055054
36845.875000 993.179871 0.000000 1510.154053
36845.875000 993.179871 0.000000 1510.256958
36845.875000 993.179871 0.000000 1510.350952
36845.875000 993.179871 0.000000 1510.449951
36845.875000 993.179871 0.000000 1510.552002
36845.875000 993.179871 0.000000 1510.651001
36845.875000 993.179871 0.000000 1510.745972
36845.875000 993.179871 0.000000 1510.845947
36845.875000 993.179871 0.000000 1510.951050
36845.875000 993.179871 0.000000 1511.046021
36845.875000 993.179871 0.000000 1511.140991
36845.875000 993.179871 0.000000 1511.238037
36845.875000 993.179871 0.000000 1511.342041
36845.875000 993.179871 0.000000 1511.443970
36845.875000 993.179871 0.000000 1511.545044
36845.875000 993.179871 0.000000 1511.650024
36845.875000 993.179871 0.000000 1511.755005
36845.875000 993.179871 0.000000 1511.854004
36845.875000 993.179871 0.000000 1511.947998
36845.875000 993.179871 0.000000 1512.047974
36845.875000 993.179871 0.000000 1512.146973
36845.875000 993.179871 0.000000 1512.251953
36845.875000 993.179871 0.000000 1512.357056
36845.875000 993.179871 0.000000 1512.447021
36845.875000 993.179871 0.000000 1512.557007
36845.875000 993.179871 0.000000 1512.656982
36845.875000 993.179871 0.000000 1512.756958
36845.875000 993.179871 0.000000 1512.857056
36845.875000 993.179871 0.000000 1512.957031
36845.875000 993.179871 0.000000 1513.062012
36845.875000 993.179871 0.000000 1513.161987
36845.875000 993.179871 0.000000 1513.251953
36845.875000 993.179871 0.000000 1513.362061
36845.875000 993.179871 0.000000 1513.462036
36845.875000 993.179871 0.000000 1513.557007
36845.875000 993.179871 0.000000 1513.652954
36845.875000 993.179871 0.000000 1513.749023
36845.875000 993.179871 0.000000 1513.860962
36845.875000 993.179871 0.000000 1513.951050
36845.875000 993.179871 0.000000 1514.060059
36845.875000 993.179871 0.000000 1514.149048
36845.875000 993.179871 0.000000 1514.234009
36845.875000 993.179871 0.000000 1514.348999
36845.875000 993.179871 0.000000 1514.448975
36845.875000 993.179871 0.000000 1514.538940
36845.875000 993.179871 0.000000 1514.654053
36845.875000 993.179871 0.000000 1514.749023
36845.875000 993.179871 0.000000 1514.864014
36845.875000 993.179871 0.000000 1514.958984
36845.875000 993.179871 0.000000 1515.058960
36845.875000 993.179871 0.000000 1515.159058
36845.875000 993.179871 0.000000 1515.256958
36845.875000 993.179871 0.000000 1515.357056
36845.875000 993.179871 0.000000 1515.457031
36845.875000 993.179871 0.000000 1515.556030
36845.875000 993.179871 0.000000 1515.661011
36845.875000 993.179871 0.000000 1515.755005
36845.875000 993.179871 0.000000 1515.854980
36845.875000 993.179871 0.000000 1515.954956
36845.875000 993.179871 0.000000 1516.050049
36845.875000 993.179871 0.000000 1516.156006
36845.875000 993.179871 0.000000 1516.256958
36845.875000 993.179871 0.000000 1516.344971
36845.875000 993.179871 0.000000 1516.454956
36845.875000 993.179871 0.000000 1516.557983
36845.875000 993.179871 0.000000 1516.657959
36845.875000 993.179871 0.000000 1516.751953
36845.875000 993.179871 0.000000 1516.858032
36845.875000 993.179871 0.000000 1516.958008
36845.875000 993.179871 0.000000 1517.055054
36845.875000 993.179871 0.000000 1517.155029
36845.875000 993.179871 0.000000 1517.250977
36845.875000 993.179871 0.000000 1517.350952
36845.875000 993.179871 0.000000 1517.457031
36845.875000 993.179871 0.000000 1517.558960
36845.875000 993.179871 0.000000 1517.659058
36845.875000 993.179871 0.000000 1517.751953
36845.875000 993.179871 0.000000 1517.849976
36845.875000 993.179871 0.000000 1517.952026
36845.875000 993.179871 0.000000 1518.051025
36845.875000 993.179871 0.000000 1518.140015
36845.875000 993.179871 0.000000 1518.255981
36845.875000 993.179871 0.000000 1518.352051
36845.875000 993.179871 0.000000 1518.452026
36845.875000 993.179871 0.000000 1518.551025
36845.875000 993.179871 0.000000 1518.659058
36845.875000 993.179871 0.000000 1518.759033
36845.875000 993.179871 0.000000 1518.850952
36845.875000 993.179871 0.000000 1518.946045
36845.875000 993.179871 0.000000 1519.060059
36845.875000 993.179871 0.000000 1519.160034
36845.875000 993.179871 0.000000 1519.244019
36845.875000 993.179871 0.000000 1519.354004
36845.875000 993.179871 0.000000 1519.458984
36845.875000 993.179871 0.000000 1519.545044
36845.875000 993.179871 0.000000 1519.650024
36845.875000 993.179871 0.000000 1519.760986
36845.875000 993.179871 0.000000 1519.852051
36845.875000 993.179871 0.000000 1519.944946
36845.875000 993.179871 0.000000 1520.051025
36845.875000 993.179871 0.000000 1520.151978
36845.875000 993.179871 0.000000 1520.255981
36845.875000 993.179871 0.000000 1520.358032
36845.875000 993.179871 0.000000 1520.456055
36845.875000 993.179871 0.000000 1520.563965
36845.875000 993.179871 0.000000 1520.663940
36845.875000 993.179871 0.000000 1520.740967
36845.875000 993.179871 0.000000 1520.850952
36845.875000 993.179871 0.000000 1520.965942
36845.875000 993.179871 0.000000 1521.058960
36845.875000 993.179871 0.000000 1521.161987
36845.875000 993.179871 0.000000 1521.261963
36845.875000 993.179871 0.000000 1521.358032
36845.875000 993.179871 0.000000 1521.461060
36845.875000 993.179871 0.000000 1521.561035
36845.875000 993.179871 0.000000 1521.661011
36845.875000 993.179871 0.000000 1521.764038
36845.875000 993.179871 0.000000 1521.858032
36845.875000 993.179871 0.000000 1521.958008
36845.875000 993.179871 0.000000 1522.063965
36845.875000 993.179871 0.000000 1522.149048
36845.875000 993.179871 0.000000 1522.254028
36845.875000 993.179871 0.000000 1522.359985
36845.875000 993.179871 0.000000 1522.453979
36845.875000 993.179871 0.000000 1522.553955
36845.875000 993.179871 0.000000 1522.659058
36845.875000 993.179871 0.000000 1522.759033
36845.875000 993.179871 0.000000 1522.854004
36845.875000 993.179871 0.000000 1522.953979
36845.875000 993.179871 0.000000 1523.055054
36851.625000 993.179871 0.000000 1523.161987
36851.625000 993.179871 0.000000 1523.256958
36851.625000 993.179871 0.000000 1523.366943
36851.625000 993.179871 0.000000 1523.458984
36851.625000 993.179871 0.000000 1523.558960
36851.625000 993.179871 0.000000 1523.659058
36851.625000 993.179871 0.000000 1523.759033
36851.625000 993.179871 0.000000 1523.869019
36851.625000 993.179871 0.000000 1523.968994
36851.625000 993.179871 0.000000 1524.068970
36851.625000 993.179871 0.000000 1524.168945
36851.625000 993.179871 0.000000 1524.269043
36851.625000 993.179871 0.000000 1524.374023
36851.625000 993.179871 0.000000 1524.462036
36851.625000 993.179871 0.000000 1524.567017
36851.625000 993.179871 0.000000 1524.666992
36851.625000 993.179871 0.000000 1524.771973
36851.625000 993.179871 0.000000 1524.871948
36851.625000 993.179871 0.000000 1524.972046
36851.625000 993.179871 0.000000 1525.063965
36851.625000 993.179871 0.000000 1525.159058
36851.625000 993.179871 0.000000 1525.259033
36851.625000 993.179871 0.000000 1525.354004
36851.625000 993.179871 0.000000 1525.463989
36851.625000 993.179871 0.000000 1525.560059
36851.625000 993.179871 0.000000 1525.663940
36851.625000 993.179871 0.000000 1525.764038
36851.625000 993.179871 0.000000 1525.868042
36851.625000 993.179871 0.000000 1525.973022
36851.625000 993.179871 0.000000 1526.067993
36851.625000 993.179871 0.000000 1526.167969
36851.625000 993.179871 0.000000 1526.267944
36851.625000 993.179871 0.000000 1526.368042
36851.625000 993.179871 0.000000 1526.463013
36851.625000 993.179871 0.000000 1526.572998
36851.625000 993.179871 0.000000 1526.668945
36851.625000 993.179871 0.000000 1526.754028
36851.625000 993.179871 0.000000 1526.859009
36851.625000 993.179871 0.000000 1526.958984
36851.625000 993.179871 0.000000 1527.067993
36851.625000 993.179871 0.000000 1527.165039
36851.625000 993.179871 0.000000 1527.264038
36851.625000 993.179871 0.000000 1527.364014
36851.625000 993.179871 0.000000 1527.458984
36851.625000 993.179871 0.000000 1527.558960
36851.625000 993.179871 0.000000 1527.663940
36851.625000 993.179871 0.000000 1527.759033
36851.625000 993.179871 0.000000 1527.863037
36851.625000 993.179871 0.000000 1527.968018
36851.625000 993.179871 0.000000 1528.055054
36851.625000 993.179871 0.000000 1528.165039
36851.625000 993.179871 0.000000 1528.255981
36851.625000 993.179871 0.000000 1528.360962
36851.625000 993.179871 0.000000 1528.465942
36851.625000 993.179871 0.000000 1528.563965
36851.625000 993.179871 0.000000 1528.666016
36851.625000 993.179871 0.000000 1528.762939
36851.625000 993.179871 0.000000 1528.852051
36851.625000 993.179871 0.000000 1528.967041
36851.625000 993.179871 0.000000 1529.067017
36851.625000 993.179871 0.000000 1529.162964
36851.625000 993.179871 0.000000 1529.258057
36851.625000 993.179871 0.000000 1529.354004
36851.625000 993.179871 0.000000 1529.463013
36851.625000 993.179871 0.000000 1529.557983
36851.625000 993.179871 0.000000 1529.657959
36851.625000 993.179871 0.000000 1529.762939
36851.625000 993.179871 0.000000 1529.853027
36851.625000 993.179871 0.000000 1529.963989
36851.625000 993.179871 0.000000 1530.055054
36851.625000 993.179871 0.000000 1530.171997
36851.625000 993.179871 0.000000 1530.244995
36851.625000 993.179871 0.000000 1530.363037
36851.625000 993.179871 0.000000 1530.463013
36851.625000 993.179871 0.000000 1530.576050
36851.625000 993.179871 0.000000 1530.665039
36851.625000 993.179871 0.000000 1530.762939
36851.625000 993.179871 0.000000 1530.859009
36851.625000 993.179871 0.000000 1530.967041
36851.625000 993.179871 0.000000 1531.062012
36851.625000 993.179871 0.000000 1531.161987
36851.625000 993.179871 0.000000 1531.262939
36851.625000 993.179871 0.000000 1531.357056
36851.625000 993.179871 0.000000 1531.463013
36851.625000 993.179871 0.000000 1531.561035
36851.625000 993.179871 0.000000 1531.661987
36851.625000 993.179871 0.000000 1531.755981
36851.625000 993.179871 0.000000 1531.865967
36851.625000 993.179871 0.000000 1531.961060
36851.625000 993.179871 0.000000 1532.061035
36851.625000 993.179871 0.000000 1532.161011
36851.625000 993.179871 0.000000 1532.269043
36851.625000 993.179871 0.000000 1532.369019
36851.625000 993.179871 0.000000 1532.472046
36851.625000 993.179871 0.000000 1532.567017
36851.625000 993.179871 0.000000 1532.666016
36851.625000 993.179871 0.000000 1532.765991
36851.625000 993.179871 0.000000 1532.864990
36851.625000 993.179871 0.000000 1532.964966
36851.625000 993.179871 0.000000 1533.060059
36851.625000 993.179871 0.000000 1533.162964
36851.625000 993.179871 0.000000 1533.262939
36851.625000 993.179871 0.000000 1533.363037
36851.625000 993.179871 0.000000 1533.463013
36851.625000 993.179871 0.000000 1533.562988
36851.625000 993.179871 0.000000 1533.662964
36851.625000 993.179871 0.000000 1533.762939
36851.625000 993.179871 0.000000 1533.859009
36851.625000 993.179871 0.000000 1533.958984
36851.625000 993.179871 0.000000 1534.063965
36851.625000 993.179871 0.000000 1534.165039
36851.625000 993.179871 0.000000 1534.264038
36851.625000 993.179871 0.000000 1534.368042
36851.625000 993.179871 0.000000 1534.468018
36851.625000 993.179871 0.000000 1534.572998
36851.625000 993.179871 0.000000 1534.671021
36851.625000 993.179871 0.000000 1534.764038
36851.625000 993.179871 0.000000 1534.865967
36851.625000 993.179871 0.000000 1534.965942
36851.625000 993.179871 0.000000 1535.061035
36851.625000 993.179871 0.000000 1535.168945
36851.625000 993.179871 0.000000 1535.269043
36851.625000 993.179871 0.000000 1535.365967
36851.625000 993.179871 0.000000 1535.465942
36851.625000 993.179871 0.000000 1535.571045
36851.625000 993.179871 0.000000 1535.661987
36851.625000 993.179871 0.000000 1535.767944
36851.625000 993.179871 0.000000 1535.865967
36851.625000 993.179871 0.000000 1535.963989
36851.625000 993.179871 0.000000 1536.061035
36851.625000 993.179871 0.000000 1536.161011
36851.625000 993.179871 0.000000 1536.264038
36851.625000 993.179871 0.000000 1536.369019
36851.625000 993.179871 0.000000 1536.468018
36851.625000 993.179871 0.000000 1536.541016
36851.625000 993.179871 0.000000 1536.671021
36851.625000 993.179871 0.000000 1536.770996
36851.625000 993.179871 0.000000 1536.870972
36851.625000 993.179871 0.000000 1536.975952
36851.625000 993.179871 0.000000 1537.076050
36851.625000 993.179871 0.000000 1537.171021
36851.625000 993.179871 0.000000 1537.270996
36851.625000 993.179871 0.000000 1537.369019
36851.625000 993.179871 0.000000 1537.468994
36851.625000 993.179871 0.000000 1537.568970
36851.625000 993.179871 0.000000 1537.668945
36851.625000 993.179871 0.000000 1537.769043
36851.625000 993.179871 0.000000 1537.863037
36851.625000 993.179871 0.000000 1537.963013
36851.625000 993.179871 0.000000 1538.067017
36851.625000 993.179871 0.000000 1538.171997
36851.625000 993.179871 0.000000 1538.266968
36851.625000 993.179871 0.000000 1538.366943
36851.625000 993.179871 0.000000 1538.472046
36851.625000 993.179871 0.000000 1538.577026
36851.625000 993.179871 0.000000 1538.663940
36851.625000 993.179871 0.000000 1538.762939
36851.625000 993.179871 0.000000 1538.863037
36851.625000 993.179871 0.000000 1538.963013
36851.625000 993.179871 0.000000 1539.062988
36851.625000 993.179871 0.000000 1539.162964
36851.625000 993.179871 0.000000 1539.269043
36851.625000 993.179871 0.000000 1539.363037
36851.625000 993.179871 0.000000 1539.463013
36851.625000 993.179871 0.000000 1539.562988
36851.625000 993.179871 0.000000 1539.660034
36851.625000 993.179871 0.000000 1539.760986
36851.625000 993.179871 0.000000 1539.871948
36851.625000 993.179871 0.000000 1539.959961
36851.625000 993.179871 0.000000 1540.064941
36851.625000 993.179871 0.000000 1540.165039
36851.625000 993.179871 0.000000 1540.265015
36851.625000 993.179871 0.000000 1540.365967
36851.625000 993.179871 0.000000 1540.462036
36851.625000 993.179871 0.000000 1540.564941
36851.625000 993.179871 0.000000 1540.673950
36851.625000 993.179871 0.000000 1540.761963
36851.625000 993.179871 0.000000 1540.862061
36851.625000 993.179871 0.000000 1540.962036
36851.625000 993.179871 0.000000 1541.062988
36851.625000 993.179871 0.000000 1541.162964
36851.625000 993.179871 0.000000 1541.271973
36851.625000 993.179871 0.000000 1541.359009
36851.625000 993.179871 0.000000 1541.453979
36851.625000 993.179871 0.000000 1541.563965
36851.625000 993.179871 0.000000 1541.659058
36851.625000 993.179871 0.000000 1541.754028
36851.625000 993.179871 0.000000 1541.859009
36851.625000 993.179871 0.000000 1541.958984
36851.625000 993.179871 0.000000 1542.066040
36851.625000 993.179871 0.000000 1542.160034
36851.625000 993.179871 0.000000 1542.251953
36851.625000 993.179871 0.000000 1542.362061
36851.625000 993.179871 0.000000 1542.457031
36851.625000 993.179871 0.000000 1542.562012
36851.625000 993.179871 0.000000 1542.662964
36851.625000 993.179871 0.000000 1542.770020
36851.625000 993.179871 0.000000 1542.885010
36851.625000 993.179871 0.000000 1542.962036
36851.625000 993.179871 0.000000 1543.064941
36851.625000 993.179871 0.000000 1543.167969
36851.625000 993.179871 0.000000 1543.261963
36851.625000 993.179871 0.000000 1543.362061
36851.625000 993.179871 0.000000 1543.462036
36851.625000 993.179871 0.000000 1543.557983
36851.625000 993.179871 0.000000 1543.661987
36851.625000 993.179871 0.000000 1543.771973
36851.625000 993.179871 0.000000 1543.869019
36851.625000 993.179871 0.000000 1543.962036
36851.625000 993.179871 0.000000 1544.067017
36851.625000 993.179871 0.000000 1544.162964
36851.625000 993.179871 0.000000 1544.267944
36851.625000 993.179871 0.000000 1544.366943
36851.625000 993.179871 0.000000 1544.463013
36851.625000 993.179871 0.000000 1544.557007
36851.625000 993.179871 0.000000 1544.666992
36851.625000 993.179871 0.000000 1544.767944
36851.625000 993.179871 0.000000 1544.869995
36851.625000 993.179871 0.000000 1544.968018
36851.625000 993.179871 0.000000 1545.062012
36851.625000 993.179871 0.000000 1545.161987
36851.625000 993.179871 0.000000 1545.266968
36851.625000 993.179871 0.000000 1545.362061
36851.625000 993.179871 0.000000 1545.468018
36851.625000 993.179871 0.000000 1545.562012
36851.625000 993.179871 0.000000 1545.661987
36851.625000 993.179871 0.000000 1545.764038
36851.625000 993.179871 0.000000 1545.869019
36851.625000 993.179871 0.000000 1545.952026
36851.625000 993.179871 0.000000 1546.062012
36851.625000 993.179871 0.000000 1546.161987
36851.625000 993.179871 0.000000 1546.256958
36851.625000 993.179871 0.000000 1546.363037
36851.625000 993.179871 0.000000 1546.472046
36851.625000 993.179871 0.000000 1546.562012
36851.625000 993.179871 0.000000 1546.667969
36851.625000 993.179871 0.000000 1546.761963
36851.625000 993.179871 0.000000 1546.878052
36851.625000 993.179871 0.000000 1546.972046
36851.625000 993.179871 0.000000 1547.079956
36851.625000 993.179871 0.000000 1547.175049
36851.625000 993.179871 0.000000 1547.280029
36851.625000 993.179871 0.000000 1547.380005
36851.625000 993.179871 0.000000 1547.480957
36851.625000 993.179871 0.000000 1547.576050
36851.625000 993.179871 0.000000 1547.680054
36851.625000 993.179871 0.000000 1547.756958
36851.625000 993.179871 0.000000 1547.873047
36851.625000 993.179871 0.000000 1547.968018
36851.625000 993.179871 0.000000 1548.072021
36851.625000 993.179871 0.000000 1548.182007
36851.625000 993.179871 0.000000 1548.286987
36851.625000 993.179871 0.000000 1548.371948
36851.625000 993.179871 0.000000 1548.482056
36851.625000 993.179871 0.000000 1548.587036
36851.625000 993.179871 0.000000 1548.687012
36851.625000 993.179871 0.000000 1548.771973
36851.625000 993.179871 0.000000 1548.873047
36851.625000 993.179871 0.000000 1548.972046
36851.625000 993.179871 0.000000 1549.078003
36851.625000 993.179871 0.000000 1549.177979
36851.625000 993.179871 0.000000 1549.271973
36851.625000 993.179871 0.000000 1549.381958
36851.625000 993.179871 0.000000 1549.482056
36851.625000 993.179871 0.000000 1549.561035
36851.625000 993.179871 0.000000 1549.677002
36851.625000 993.179871 0.000000 1549.777954
36851.625000 993.179871 0.000000 1549.866943
36851.625000 993.179871 0.000000 1549.978027
36851.625000 993.179871 0.000000 1550.077026
36851.625000 993.179871 0.000000 1550.171997
36851.625000 993.179871 0.000000 1550.276978
36851.625000 993.179871 0.000000 1550.378052
36851.625000 993.179871 0.000000 1550.479004
36851.625000 993.179871 0.000000 1550.574951
36851.625000 993.179871 0.000000 1550.671021
36851.625000 993.179871 0.000000 1550.765015
36851.625000 993.179871 0.000000 1550.869995
36851.625000 993.179871 0.000000 1550.979980
36851.625000 993.179871 0.000000 1551.069946
36851.625000 993.179871 0.000000 1551.182983
36851.625000 993.179871 0.000000 1551.279053
36851.625000 993.179871 0.000000 1551.380981
36851.625000 993.179871 0.000000 1551.478027
36851.625000 993.179871 0.000000 1551.578003
36851.625000 993.179871 0.000000 1551.683960
36851.625000 993.179871 0.000000 1551.772949
36851.625000 993.179871 0.000000 1551.868042
36851.625000 993.179871 0.000000 1551.973022
36851.625000 993.179871 0.000000 1552.084961
36851.625000 993.179871 0.000000 1552.180054
36851.625000 993.179871 0.000000 1552.280029
36851.625000 993.179871 0.000000 1552.385010
36851.625000 993.179871 0.000000 1552.484985
36851.625000 993.179871 0.000000 1552.584961
36851.625000 993.179871 0.000000 1552.677979
36851.625000 993.179871 0.000000 1552.776978
36851.625000 993.179871 0.000000 1552.875000
36851.625000 993.179871 0.000000 1552.983032
36851.625000 993.179871 0.000000 1553.083008
36851.625000 993.179871 0.000000 1553.182007
36851.625000 993.179871 0.000000 1553.275024
36851.625000 993.179871 0.000000 1553.380005
36851.625000 993.179871 0.000000 1553.464966
36851.625000 993.179871 0.000000 1553.574951
36851.625000 993.179871 0.000000 1553.681030
36851.625000 993.179871 0.000000 1553.775024
36851.625000 993.179871 0.000000 1553.869995
36851.625000 993.179871 0.000000 1553.974976
36851.625000 993.179871 0.000000 1554.074951
36851.625000 993.179871 0.000000 1554.175049
36851.625000 993.179871 0.000000 1554.270020
36851.625000 993.179871 0.000000 1554.375977
36851.625000 993.179871 0.000000 1554.475952
36851.625000 993.179871 0.000000 1554.574951
36851.625000 993.179871 0.000000 1554.675049
36851.625000 993.179871 0.000000 1554.785034
36851.625000 993.179871 0.000000 1554.875000
36851.625000 993.179871 0.000000 1554.973999
36851.625000 993.179871 0.000000 1555.082031
36851.625000 993.179871 0.000000 1555.177002
36851.625000 993.179871 0.000000 1555.284058
36851.625000 993.179871 0.000000 1555.371948
36851.625000 993.179871 0.000000 1555.477051
36851.625000 993.179871 0.000000 1555.579956
36851.625000 993.179871 0.000000 1555.680054
36851.625000 993.179871 0.000000 1555.780029
36851.625000 993.179871 0.000000 1555.880005
36851.625000 993.179871 0.000000 1555.984985
36851.625000 993.179871 0.000000 1556.079956
36851.625000 993.179871 0.000000 1556.180054
36851.625000 993.179871 0.000000 1556.285034
36851.625000 993.179871 0.000000 1556.386963
36851.625000 993.179871 0.000000 1556.485962
36851.625000 993.179871 0.000000 1556.579956
36851.625000 993.179871 0.000000 1556.680054
36851.625000 993.179871 0.000000 1556.786987
36851.625000 993.179871 0.000000 1556.886963
36851.625000 993.179871 0.000000 1556.980957
36851.625000 993.179871 0.000000 1557.079956
36851.625000 993.179871 0.000000 1557.182007
36851.625000 993.179871 0.000000 1557.280029
36851.625000 993.179871 0.000000 1557.380005
36851.625000 993.179871 0.000000 1557.484985
36851.625000 993.179871 0.000000 1557.581055
36851.625000 993.179871 0.000000 1557.682983
36851.625000 993.179871 0.000000 1557.781006
36851.625000 993.179871 0.000000 1557.885986
36851.625000 993.179871 0.000000 1557.980957
36851.625000 993.179871 0.000000 1558.081055
36851.625000 993.179871 0.000000 1558.176025
36851.625000 993.179871 0.000000 1558.287964
36851.625000 993.179871 0.000000 1558.379028
36851.625000 993.179871 0.000000 1558.483032
36851.625000 993.179871 0.000000 1558.583008
36851.625000 993.179871 0.000000 1558.680054
36851.625000 993.179871 0.000000 1558.781982
36851.625000 993.179871 0.000000 1558.880005
36851.625000 993.179871 0.000000 1558.979980
36851.625000 993.179871 0.000000 1559.074951
36851.625000 993.179871 0.000000 1559.180054
36851.625000 993.179871 0.000000 1559.286011
36851.625000 993.179871 0.000000 1559.387939
36851.625000 993.179871 0.000000 1559.480957
36851.625000 993.179871 0.000000 1559.581055
36851.625000 993.179871 0.000000 1559.680054
36851.625000 993.179871 0.000000 1559.781006
36851.625000 993.179871 0.000000 1559.880005
36851.625000 993.179871 0.000000 1559.982056
36851.625000 993.179871 0.000000 1560.079956
36851.625000 993.179871 0.000000 1560.180054
36851.625000 993.179871 0.000000 1560.280029
36851.625000 993.179871 0.000000 1560.387939
36851.625000 993.179871 0.000000 1560.485962
36851.625000 993.179871 0.000000 1560.579956
36851.625000 993.179871 0.000000 1560.680054
36851.625000 993.179871 0.000000 1560.780029
36851.625000 993.179871 0.000000 1560.873047
36851.625000 993.179871 0.000000 1560.979980
36851.625000 993.179871 0.000000 1561.084961
36851.625000 993.179871 0.000000 1561.181030
36851.625000 993.179871 0.000000 1561.285034
36851.625000 993.179871 0.000000 1561.381958
36851.625000 993.179871 0.000000 1561.482056
36851.625000 993.179871 0.000000 1561.582031
36851.625000 993.179871 0.000000 1561.671997
36851.625000 993.179871 0.000000 1561.776978
36851.625000 993.179871 0.000000 1561.881958
36851.625000 993.179871 0.000000 1561.982056
36851.625000 993.179871 0.000000 1562.077026
36851.625000 993.179871 0.000000 1562.177002
36851.625000 993.179871 0.000000 1562.290039
36851.625000 993.179871 0.000000 1562.380005
36851.625000 993.179871 0.000000 1562.478027
36851.625000 993.179871 0.000000 1562.583008
36851.625000 993.179871 0.000000 1562.677002
36851.625000 993.179871 0.000000 1562.781982
36851.625000 993.179871 0.000000 1562.876953
36851.625000 993.179871 0.000000 1562.978027
36851.625000 993.179871 0.000000 1563.083984
36851.625000 993.179871 0.000000 1563.182983
36851.625000 993.179871 0.000000 1563.277954
36851.625000 993.179871 0.000000 1563.378052
36851.625000 993.179871 0.000000 1563.488037
36851.625000 993.179871 0.000000 1563.583008
36851.625000 993.179871 0.000000 1563.682983
36851.625000 993.179871 0.000000 1563.772949
36851.625000 993.179871 0.000000 1563.878052
36851.625000 993.179871 0.000000 1563.978027
36851.625000 993.179871 0.000000 1564.083008
36851.625000 993.179871 0.000000 1564.182983
36851.625000 993.179871 0.000000 1564.281982
36851.625000 993.179871 0.000000 1564.383057
36851.625000 993.179871 0.000000 1564.484985
36851.625000 993.179871 0.000000 1564.586060
36851.625000 993.179871 0.000000 1564.682007
36851.625000 993.179871 0.000000 1564.785034
36851.625000 993.179871 0.000000 1564.895020
36851.625000 993.179871 0.000000 1564.994995
36851.625000 993.179871 0.000000 1565.094971
36851.625000 993.179871 0.000000 1565.194946
36851.625000 993.179871 0.000000 1565.290039
36851.625000 993.179871 0.000000 1565.385986
36851.625000 993.179871 0.000000 1565.485962
36851.625000 993.179871 0.000000 1565.582031
36851.625000 993.179871 0.000000 1565.687012
36851.625000 993.179871 0.000000 1565.781982
36851.625000 993.179871 0.000000 1565.885986
36851.625000 993.179871 0.000000 1565.982056
36851.625000 993.179871 0.000000 1566.076050
36851.625000 993.179871 0.000000 1566.176025
36851.625000 993.179871 0.000000 1566.285034
36851.625000 993.179871 0.000000 1566.385986
36851.625000 993.179871 0.000000 1566.469971
36851.625000 993.179871 0.000000 1566.584961
36851.625000 993.179871 0.000000 1566.685059
36851.625000 993.179871 0.000000 1566.786011
36851.625000 993.179871 0.000000 1566.880005
36851.625000 993.179871 0.000000 1566.984985
36851.625000 993.179871 0.000000 1567.084961
36851.625000 993.179871 0.000000 1567.182007
36851.625000 993.179871 0.000000 1567.286987
36851.625000 993.179871 0.000000 1567.381958
36851.625000 993.179871 0.000000 1567.482056
36851.625000 993.179871 0.000000 1567.588989
36851.625000 993.179871 0.000000 1567.688965
36851.625000 993.179871 0.000000 1567.779053
36851.625000 993.179871 0.000000 1567.891968
36851.625000 993.179871 0.000000 1567.987061
36851.625000 993.179871 0.000000 1568.087036
36851.625000 993.179871 0.000000 1568.191040
36851.625000 993.179871 0.000000 1568.303955
36851.625000 993.179871 0.000000 1568.391968
36851.625000 993.179871 0.000000 1568.487061
36851.625000 993.179871 0.000000 1568.597046
36851.625000 993.179871 0.000000 1568.687012
36851.625000 993.179871 0.000000 1568.800049
36851.625000 993.179871 0.000000 1568.891968
36851.625000 993.179871 0.000000 1568.998047
36851.625000 993.179871 0.000000 1569.098999
36851.625000 993.179871 0.000000 1569.199951
36851.625000 993.179871 0.000000 1569.281982
36851.625000 993.179871 0.000000 1569.402954
36851.625000 993.179871 0.000000 1569.496948
36851.625000 993.179871 0.000000 1569.597046
36851.625000 993.179871 0.000000 1569.697021
36851.625000 993.179871 0.000000 1569.802002
36851.625000 993.179871 0.000000 1569.891968
36851.625000 993.179871 0.000000 1569.991943
36851.625000 993.179871 0.000000 1570.092041
36851.625000 993.179871 0.000000 1570.194946
36851.625000 993.179871 0.000000 1570.296997
36851.625000 993.179871 0.000000 1570.386963
36851.625000 993.179871 0.000000 1570.482056
36851.625000 993.179871 0.000000 1570.592041
36851.625000 993.179871 0.000000 1570.692993
36851.625000 993.179871 0.000000 1570.802979
36851.625000 993.179871 0.000000 1570.905029
36851.625000 993.179871 0.000000 1570.991943
36851.625000 993.179871 0.000000 1571.092041
36851.625000 993.179871 0.000000 1571.192993
36851.625000 993.179871 0.000000 1571.296997
36851.625000 993.179871 0.000000 1571.396973
36851.625000 993.179871 0.000000 1571.496948
36851.625000 993.179871 0.000000 1571.597046
36851.625000 993.179871 0.000000 1571.692017
36851.625000 993.179871 0.000000 1571.796997
36851.625000 993.179871 0.000000 1571.891968
36851.625000 993.179871 0.000000 1571.991943
36851.625000 993.179871 0.000000 1572.095947
36851.625000 993.179871 0.000000 1572.197021
36851.625000 993.179871 0.000000 1572.296021
36851.625000 993.179871 0.000000 1572.401978
36851.625000 993.179871 0.000000 1572.500977
36851.625000 993.179871 0.000000 1572.600952
36851.625000 993.179871 0.000000 1572.696045
36851.625000 993.179871 0.000000 1572.801025
36851.625000 993.179871 0.000000 1572.901001
36851.625000 993.179871 0.000000 1573.005981
36851.625000 993.179871 0.000000 1573.100952
36851.625000 993.179871 0.000000 1573.192017
36851.625000 993.179871 0.000000 1573.301025
36851.625000 993.179871 0.000000 1573.401001
36851.625000 993.179871 0.000000 1573.495972
36851.625000 993.179871 0.000000 1573.608032
36851.625000 993.179871 0.000000 1573.701050
36851.625000 993.179871 0.000000 1573.801025
36851.625000 993.179871 0.000000 1573.901978
36851.625000 993.179871 0.000000 1574.000977
36851.625000 993.179871 0.000000 1574.105957
36851.625000 993.179871 0.000000 1574.201050
36851.625000 993.179871 0.000000 1574.312988
36851.625000 993.179871 0.000000 1574.407959
36851.625000 993.179871 0.000000 1574.505005
36851.625000 993.179871 0.000000 1574.610962
36851.625000 993.179871 0.000000 1574.704956
36851.625000 993.179871 0.000000 1574.805054
36851.625000 993.179871 0.000000 1574.905029
36851.625000 993.179871 0.000000 1575.000000
36851.625000 993.179871 0.000000 1575.104980
36851.625000 993.179871 0.000000 1575.204956
36851.625000 993.179871 0.000000 1575.306030
36851.625000 993.179871 0.000000 1575.405029
36851.625000 993.179871 0.000000 1575.494995
36851.625000 993.179871 0.000000 1575.613037
36851.625000 993.179871 0.000000 1575.699951
36851.625000 993.179871 0.000000 1575.805054
36851.625000 993.179871 0.000000 1575.905029
36851.625000 993.179871 0.000000 1576.010986
36851.625000 993.179871 0.000000 1576.095947
36851.625000 993.179871 0.000000 1576.189941
36851.625000 993.179871 0.000000 1576.305054
36851.625000 993.179871 0.000000 1576.406006
36851.625000 993.179871 0.000000 1576.500977
36851.625000 993.179871 0.000000 1576.600952
36851.625000 993.179871 0.000000 1576.702026
36851.625000 993.179871 0.000000 1576.806030
36851.625000 993.179871 0.000000 1576.913940
36851.625000 993.179871 0.000000 1577.000977
36851.625000 993.179871 0.000000 1577.100952
36851.625000 993.179871 0.000000 1577.206055
36851.625000 993.179871 0.000000 1577.306030
36851.625000 993.179871 0.000000 1577.406982
36851.625000 993.179871 0.000000 1577.501953
36851.625000 993.179871 0.000000 1577.609009
36851.625000 993.179871 0.000000 1577.706055
36851.625000 993.179871 0.000000 1577.807983
36851.625000 993.179871 0.000000 1577.912964
36851.625000 993.179871 0.000000 1578.010010
36851.625000 993.179871 0.000000 1578.114990
36851.625000 993.179871 0.000000 1578.229980
36851.625000 993.179871 0.000000 1578.314941
36851.625000 993.179871 0.000000 1578.409058
36851.625000 993.179871 0.000000 1578.514038
36851.625000 993.179871 0.000000 1578.608032
36851.625000 993.179871 0.000000 1578.701050
36851.625000 993.179871 0.000000 1578.791016
36851.625000 993.179871 0.000000 1578.906982
36851.625000 993.179871 0.000000 1579.001953
36851.625000 993.179871 0.000000 1579.104004
36851.625000 993.179871 0.000000 1579.211060
36851.625000 993.179871 0.000000 1579.298950
36851.625000 993.179871 0.000000 1579.394043
36851.625000 993.179871 0.000000 1579.504028
36851.625000 993.179871 0.000000 1579.598999
36851.625000 993.179871 0.000000 1579.708984
36851.625000 993.179871 0.000000 1579.821045
36851.625000 993.179871 0.000000 1579.904053
36851.625000 993.179871 0.000000 1580.004028
36851.625000 993.179871 0.000000 1580.104004
36851.625000 993.179871 0.000000 1580.203979
36851.625000 993.179871 0.000000 1580.303955
36851.625000 993.179871 0.000000 1580.404053
36851.625000 993.179871 0.000000 1580.514038
36851.625000 993.179871 0.000000 1580.614014
36851.625000 993.179871 0.000000 1580.713989
36851.625000 993.179871 0.000000 1580.813965
36851.625000 993.179871 0.000000 1580.913940
36851.625000 993.179871 0.000000 1581.010010
36851.625000 993.179871 0.000000 1581.104980
36851.625000 993.179871 0.000000 1581.213013
36851.625000 993.179871 0.000000 1581.307983
36851.625000 993.179871 0.000000 1581.407959
36851.625000 993.179871 0.000000 1581.504028
36851.625000 993.179871 0.000000 1581.613037
36851.625000 993.179871 0.000000 1581.708984
36852.000000 993.179871 0.000000 1581.805054
36852.000000 993.179871 0.000000 1581.905029
36852.000000 993.179871 0.000000 1582.005981
36852.000000 993.179871 0.000000 1582.104004
36852.000000 993.179871 0.000000 1582.204956
36852.000000 993.179871 0.000000 1582.303955
36852.000000 993.179871 0.000000 1582.409058
36852.000000 993.179871 0.000000 1582.504028
36852.000000 993.179871 0.000000 1582.604980
36852.000000 993.179871 0.000000 1582.703979
36852.000000 993.179871 0.000000 1582.803955
36852.000000 993.179871 0.000000 1582.905029
36852.000000 993.179871 0.000000 1583.012939
36852.000000 993.179871 0.000000 1583.112061
36852.000000 993.179871 0.000000 1583.212036
36852.000000 993.179871 0.000000 1583.307983
36852.000000 993.179871 0.000000 1583.405029
36852.000000 993.179871 0.000000 1583.508057
36852.000000 993.179871 0.000000 1583.604980
36852.000000 993.179871 0.000000 1583.704956
36852.000000 993.179871 0.000000 1583.802002
36852.000000 993.179871 0.000000 1583.906006
36852.000000 993.179871 0.000000 1584.005005
36852.000000 993.179871 0.000000 1584.104004
36852.000000 993.179871 0.000000 1584.204956
36852.000000 993.179871 0.000000 1584.305054
36852.000000 993.179871 0.000000 1584.405029
36852.000000 993.179871 0.000000 1584.512939
36852.000000 993.179871 0.000000 1584.603027
36852.000000 993.179871 0.000000 1584.713013
36852.000000 993.179871 0.000000 1584.817993
36852.000000 993.179871 0.000000 1584.912964
36852.000000 993.179871 0.000000 1585.012939
36852.000000 993.179871 0.000000 1585.118042
36852.000000 993.179871 0.000000 1585.213013
36852.000000 993.179871 0.000000 1585.312988
36852.000000 993.179871 0.000000 1585.412964
36852.000000 993.179871 0.000000 1585.511963
36852.000000 993.179871 0.000000 1585.612061
36852.000000 993.179871 0.000000 1585.711060
36852.000000 993.179871 0.000000 1585.805054
36852.000000 993.179871 0.000000 1585.905029
36852.000000 993.179871 0.000000 1586.010010
36852.000000 993.179871 0.000000 1586.114990
36852.000000 993.179871 0.000000 1586.214966
36852.000000 993.179871 0.000000 1586.310059
36852.000000 993.179871 0.000000 1586.410034
36852.000000 993.179871 0.000000 1586.510010
36852.000000 993.179871 0.000000 1586.614990
36852.000000 993.179871 0.000000 1586.717041
36852.000000 993.179871 0.000000 1586.822998
36852.000000 993.179871 0.000000 1586.917969
36852.000000 993.179871 0.000000 1587.009033
36852.000000 993.179871 0.000000 1587.119019
36852.000000 993.179871 0.000000 1587.218994
36852.000000 993.179871 0.000000 1587.318970
36852.000000 993.179871 0.000000 1587.417969
36852.000000 993.179871 0.000000 1587.515991
36852.000000 993.179871 0.000000 1587.614990
36852.000000 993.179871 0.000000 1587.709961
36852.000000 993.179871 0.000000 1587.816040
36852.000000 993.179871 0.000000 1587.909058
36852.000000 993.179871 0.000000 1588.004028
36852.000000 993.179871 0.000000 1588.105957
36852.000000 993.179871 0.000000 1588.211060
36852.000000 993.179871 0.000000 1588.308960
36852.000000 993.179871 0.000000 1588.404053
36852.000000 993.179871 0.000000 1588.515015
36852.000000 993.179871 0.000000 1588.614014
36852.000000 993.179871 0.000000 1588.718018
36852.000000 993.179871 0.000000 1588.817993
36852.000000 993.179871 0.000000 1588.906982
36852.000000 993.179871 0.000000 1589.010986
36852.000000 993.179871 0.000000 1589.119995
36852.000000 993.179871 0.000000 1589.219971
36852.000000 993.179871 0.000000 1589.317017
36852.000000 993.179871 0.000000 1589.401001
36852.000000 993.179871 0.000000 1589.516968
36852.000000 993.179871 0.000000 1589.612061
36852.000000 993.179871 0.000000 1589.711060
36852.000000 993.179871 0.000000 1589.818970
36852.000000 993.179871 0.000000 1589.916992
36852.000000 993.179871 0.000000 1590.005981
36852.000000 993.179871 0.000000 1590.108032
36852.000000 993.179871 0.000000 1590.211060
36852.000000 993.179871 0.000000 1590.311035
36852.000000 993.179871 0.000000 1590.412964
36852.000000 993.179871 0.000000 1590.520996
36852.000000 993.179871 0.000000 1590.610962
36852.000000 993.179871 0.000000 1590.715942
36852.000000 993.179871 0.000000 1590.821045
36852.000000 993.179871 0.000000 1590.916992
36852.000000 993.179871 0.000000 1591.010986
36852.000000 993.179871 0.000000 1591.110962
36852.000000 993.179871 0.000000 1591.212036
36852.000000 993.179871 0.000000 1591.318970
36852.000000 993.179871 0.000000 1591.422974
36852.000000 993.179871 0.000000 1591.510986
36852.000000 993.179871 0.000000 1591.614014
36852.000000 993.179871 0.000000 1591.711060
36852.000000 993.179871 0.000000 1591.816040
36852.000000 993.179871 0.000000 1591.911987
36852.000000 993.179871 0.000000 1592.017944
36852.000000 993.179871 0.000000 1592.118042
36852.000000 993.179871 0.000000 1592.222046
36852.000000 993.179871 0.000000 1592.311035
36852.000000 993.179871 0.000000 1592.411987
36852.000000 993.179871 0.000000 1592.510986
36852.000000 993.179871 0.000000 1592.615967
36852.000000 993.179871 0.000000 1592.711060
36852.000000 993.179871 0.000000 1592.806030
36852.000000 993.179871 0.000000 1592.911987
36852.000000 993.179871 0.000000 1593.005981
36852.000000 993.179871 0.000000 1593.110962
36852.000000 993.179871 0.000000 1593.218994
36852.000000 993.179871 0.000000 1593.316040
36852.000000 993.179871 0.000000 1593.411011
36852.000000 993.179871 0.000000 1593.510986
36852.000000 993.179871 0.000000 1593.610962
36852.000000 993.179871 0.000000 1593.712036
36852.000000 993.179871 0.000000 1593.817017
36852.000000 993.179871 0.000000 1593.911987
36852.000000 993.179871 0.000000 1594.010986
36852.000000 993.179871 0.000000 1594.109985
36852.000000 993.179871 0.000000 1594.211060
36852.000000 993.179871 0.000000 1594.300049
36852.000000 993.179871 0.000000 1594.415039
36852.000000 993.179871 0.000000 1594.510010
36852.000000 993.179871 0.000000 1594.609985
36852.000000 993.179871 0.000000 1594.718994
36852.000000 993.179871 0.000000 1594.808960
36852.000000 993.179871 0.000000 1594.909058
36852.000000 993.179871 0.000000 1595.010010
36852.000000 993.179871 0.000000 1595.114014
36852.000000 993.179871 0.000000 1595.213989
36852.000000 993.179871 0.000000 1595.313965
36852.000000 993.179871 0.000000 1595.413940
36852.000000 993.179871 0.000000 1595.514038
36852.000000 993.179871 0.000000 1595.614014
36852.000000 993.179871 0.000000 1595.708984
36852.000000 993.179871 0.000000 1595.808960
36852.000000 993.179871 0.000000 1595.913940
36852.000000 993.179871 0.000000 1596.014038
36852.000000 993.179871 0.000000 1596.114014
36852.000000 993.179871 0.000000 1596.213989
36852.000000 993.179871 0.000000 1596.311035
36852.000000 993.179871 0.000000 1596.409058
36852.000000 993.179871 0.000000 1596.521973
36852.000000 993.179871 0.000000 1596.612061
36852.000000 993.179871 0.000000 1596.708984
36852.000000 993.179871 0.000000 1596.813965
36852.000000 993.179871 0.000000 1596.910034
36852.000000 993.179871 0.000000 1597.004028
36852.000000 993.179871 0.000000 1597.123047
36852.000000 993.179871 0.000000 1597.213013
36852.000000 993.179871 0.000000 1597.317993
36852.000000 993.179871 0.000000 1597.406006
36852.000000 993.179871 0.000000 1597.515991
36852.000000 993.179871 0.000000 1597.610962
36852.000000 993.179871 0.000000 1597.706055
36852.000000 993.179871 0.000000 1597.817017
36852.000000 993.179871 0.000000 1597.906006
36852.000000 993.179871 0.000000 1598.009033
36852.000000 993.179871 0.000000 1598.113037
36852.000000 993.179871 0.000000 1598.213013
36852.000000 993.179871 0.000000 1598.314941
36852.000000 993.179871 0.000000 1598.412964
36852.000000 993.179871 0.000000 1598.512939
36852.000000 993.179871 0.000000 1598.613037
36852.000000 993.179871 0.000000 1598.708008
36852.000000 993.179871 0.000000 1598.817993
36852.000000 993.179871 0.000000 1598.912964
36852.000000 993.179871 0.000000 1599.012939
36852.000000 993.179871 0.000000 1599.113037
36852.000000 993.179871 0.000000 1599.219971
36852.000000 993.179871 0.000000 1599.317993
36852.000000 993.179871 0.000000 1599.420044
36852.000000 993.179871 0.000000 1599.520020
36852.000000 993.179871 0.000000 1599.619995
36852.000000 993.179871 0.000000 1599.714966
36852.000000 993.179871 0.000000 1599.821045
36852.000000 993.179871 0.000000 1599.936035
36852.000000 993.179871 0.000000 1600.016968
36852.000000 993.179871 0.000000 1600.115967
36852.000000 993.179871 0.000000 1600.209961
36852.000000 993.179871 0.000000 1600.310059
36852.000000 993.179871 0.000000 1600.400024
36852.000000 993.179871 0.000000 1600.515015
36852.000000 993.179871 0.000000 1600.620972
36852.000000 993.179871 0.000000 1600.718994
36852.000000 993.179871 0.000000 1600.814941
36852.000000 993.179871 0.000000 1600.916992
36852.000000 993.179871 0.000000 1601.011963
36852.000000 993.179871 0.000000 1601.116943
36852.000000 993.179871 0.000000 1601.219971
36852.000000 993.179871 0.000000 1601.310059
36852.000000 993.179871 0.000000 1601.411987
36852.000000 993.179871 0.000000 1601.516968
36852.000000 993.179871 0.000000 1601.612061
36852.000000 993.179871 0.000000 1601.712036
36852.000000 993.179871 0.000000 1601.812012
36852.000000 993.179871 0.000000 1601.918945
36852.000000 993.179871 0.000000 1602.034058
36852.000000 993.179871 0.000000 1602.116943
36852.000000 993.179871 0.000000 1602.218994
36852.000000 993.179871 0.000000 1602.312012
36852.000000 993.179871 0.000000 1602.411987
36852.000000 993.179871 0.000000 1602.517944
36852.000000 993.179871 0.000000 1602.623047
36852.000000 993.179871 0.000000 1602.718018
36852.000000 993.179871 0.000000 1602.817017
36852.000000 993.179871 0.000000 1602.918945
36852.000000 993.179871 0.000000 1603.017944
36852.000000 993.179871 0.000000 1603.109985
36852.000000 993.179871 0.000000 1603.215942
36852.000000 993.179871 0.000000 1603.313965
36852.000000 993.179871 0.000000 1603.418945
36852.000000 993.179871 0.000000 1603.514038
36852.000000 993.179871 0.000000 1603.620972
36852.000000 993.179871 0.000000 1603.713013
36852.000000 993.179871 0.000000 1603.812012
36852.000000 993.179871 0.000000 1603.913940
36852.000000 993.179871 0.000000 1604.011963
36852.000000 993.179871 0.000000 1604.112061
36852.000000 993.179871 0.000000 1604.222046
36852.000000 993.179871 0.000000 1604.322021
36852.000000 993.179871 0.000000 1604.421997
36852.000000 993.179871 0.000000 1604.511963
36852.000000 993.179871 0.000000 1604.626953
36852.000000 993.179871 0.000000 1604.719971
36852.000000 993.179871 0.000000 1604.818970
36852.000000 993.179871 0.000000 1604.918945
36852.000000 993.179871 0.000000 1605.014038
36852.000000 993.179871 0.000000 1605.114014
36852.000000 993.179871 0.000000 1605.213989
36852.000000 993.179871 0.000000 1605.313965
36852.000000 993.179871 0.000000 1605.423950
36852.000000 993.179871 0.000000 1605.524048
36852.000000 993.179871 0.000000 1605.624023
36852.000000 993.179871 0.000000 1605.723999
36852.000000 993.179871 0.000000 1605.823975
36852.000000 993.179871 0.000000 1605.916016
36852.000000 993.179871 0.000000 1606.010986
36852.000000 993.179871 0.000000 1606.119995
36852.000000 993.179871 0.000000 1606.218994
36852.000000 993.179871 0.000000 1606.312012
36852.000000 993.179871 0.000000 1606.411987
36852.000000 993.179871 0.000000 1606.510010
36852.000000 993.179871 0.000000 1606.612061
36852.000000 993.179871 0.000000 1606.712036
36852.000000 993.179871 0.000000 1606.812012
36852.000000 993.179871 0.000000 1606.911987
36852.000000 993.179871 0.000000 1607.020020
36852.000000 993.179871 0.000000 1607.104980
36852.000000 993.179871 0.000000 1607.220947
36852.000000 993.179871 0.000000 1607.321045
36852.000000 993.179871 0.000000 1607.411011
36852.000000 993.179871 0.000000 1607.520996
36852.000000 993.179871 0.000000 1607.620972
36852.000000 993.179871 0.000000 1607.718994
36852.000000 993.179871 0.000000 1607.821045
36852.000000 993.179871 0.000000 1607.921997
36852.000000 993.179871 0.000000 1608.020020
36852.000000 993.179871 0.000000 1608.112061
36852.000000 993.179871 0.000000 1608.223999
36852.000000 993.179871 0.000000 1608.318970
36852.000000 993.179871 0.000000 1608.416992
36852.000000 993.179871 0.000000 1608.506958
36852.000000 993.179871 0.000000 1608.612061
36852.000000 993.179871 0.000000 1608.707031
36852.000000 993.179871 0.000000 1608.812012
36852.000000 993.179871 0.000000 1608.911987
36852.000000 993.179871 0.000000 1609.011963
36852.000000 993.179871 0.000000 1609.112061
36852.000000 993.179871 0.000000 1609.212036
36852.000000 993.179871 0.000000 1609.313965
36852.000000 993.179871 0.000000 1609.411987
36852.000000 993.179871 0.000000 1609.506958
36852.000000 993.179871 0.000000 1609.613037
36852.000000 993.179871 0.000000 1609.712036
36852.000000 993.179871 0.000000 1609.812012
36852.000000 993.179871 0.000000 1609.913940
36852.000000 993.179871 0.000000 1610.015015
36852.000000 993.179871 0.000000 1610.116943
36852.000000 993.179871 0.000000 1610.214966
36852.000000 993.179871 0.000000 1610.312012
36852.000000 993.179871 0.000000 1610.411987
36852.000000 993.179871 0.000000 1610.512939
36852.000000 993.179871 0.000000 1610.619019
36852.000000 993.179871 0.000000 1610.722046
36852.000000 993.179871 0.000000 1610.822021
36852.000000 993.179871 0.000000 1610.921997
36852.000000 993.179871 0.000000 1611.021973
36852.000000 993.179871 0.000000 1611.119019
36852.000000 993.179871 0.000000 1611.212036
36852.000000 993.179871 0.000000 1611.312012
36852.000000 993.179871 0.000000 1611.421021
36852.000000 993.179871 0.000000 1611.515991
36852.000000 993.179871 0.000000 1611.620972
36852.000000 993.179871 0.000000 1611.712036
36852.000000 993.179871 0.000000 1611.808960
36852.000000 993.179871 0.000000 1611.913940
36852.000000 993.179871 0.000000 1612.015015
36852.000000 993.179871 0.000000 1612.120972
36852.000000 993.179871 0.000000 1612.225952
36852.000000 993.179871 0.000000 1612.322998
36852.000000 993.179871 0.000000 1612.422974
36852.000000 993.179871 0.000000 1612.522949
36852.000000 993.179871 0.000000 1612.619995
36852.000000 993.179871 0.000000 1612.703979
36852.000000 993.179871 0.000000 1612.813965
36852.000000 993.179871 0.000000 1612.915039
36852.000000 993.179871 0.000000 1613.010986
36852.000000 993.179871 0.000000 1613.110962
36852.000000 993.179871 0.000000 1613.222046
36852.000000 993.179871 0.000000 1613.321045
36852.000000 993.179871 0.000000 1613.416016
36852.000000 993.179871 0.000000 1613.515991
36852.000000 993.179871 0.000000 1613.620972
36852.000000 993.179871 0.000000 1613.715942
36852.000000 993.179871 0.000000 1613.816040
36852.000000 993.179871 0.000000 1613.922974
36852.000000 993.179871 0.000000 1614.019043
36852.000000 993.179871 0.000000 1614.125977
36852.000000 993.179871 0.000000 1614.225952
36852.000000 993.179871 0.000000 1614.316040
36852.000000 993.179871 0.000000 1614.426025
36852.000000 993.179871 0.000000 1614.510986
36852.000000 993.179871 0.000000 1614.615967
36852.000000 993.179871 0.000000 1614.722046
36852.000000 993.179871 0.000000 1614.816040
36852.000000 993.179871 0.000000 1614.916016
36852.000000 993.179871 0.000000 1615.017944
36852.000000 993.179871 0.000000 1615.109985
36852.000000 993.179871 0.000000 1615.223999
36852.000000 993.179871 0.000000 1615.313965
36852.000000 993.179871 0.000000 1615.421021
36852.000000 993.179871 0.000000 1615.526001
36852.000000 993.179871 0.000000 1615.610962
36852.000000 993.179871 0.000000 1615.717041
36852.000000 993.179871 0.000000 1615.816040
36852.000000 993.179871 0.000000 1615.925049
36852.000000 993.179871 0.000000 1616.025024
36852.000000 993.179871 0.000000 1616.125000
36852.000000 993.179871 0.000000 1616.227051
36852.000000 993.179871 0.000000 1616.322021
36852.000000 993.179871 0.000000 1616.421021
36852.000000 993.179871 0.000000 1616.522949
36852.000000 993.179871 0.000000 1616.624023
36852.000000 993.179871 0.000000 1616.711060
36852.000000 993.179871 0.000000 1616.821045
36852.000000 993.179871 0.000000 1616.926025
36852.000000 993.179871 0.000000 1617.015991
36852.000000 993.179871 0.000000 1617.120972
36852.000000 993.179871 0.000000 1617.215942
36852.000000 993.179871 0.000000 1617.326050
36852.000000 993.179871 0.000000 1617.426025
36852.000000 993.179871 0.000000 1617.509033
36852.000000 993.179871 0.000000 1617.615967
36852.000000 993.179871 0.000000 1617.713989
36852.000000 993.179871 0.000000 1617.813965
36852.000000 993.179871 0.000000 1617.913940
36852.000000 993.179871 0.000000 1618.022949
36852.000000 993.179871 0.000000 1618.114990
36852.000000 993.179871 0.000000 1618.218994
36852.000000 993.179871 0.000000 1618.313965
36852.000000 993.179871 0.000000 1618.418945
36852.000000 993.179871 0.000000 1618.514038
36852.000000 993.179871 0.000000 1618.625000
36852.000000 993.179871 0.000000 1618.719971
36852.000000 993.179871 0.000000 1618.822021
36852.000000 993.179871 0.000000 1618.921021
36852.000000 993.179871 0.000000 1619.015015
36852.000000 993.179871 0.000000 1619.123047
36852.000000 993.179871 0.000000 1619.208984
36852.000000 993.179871 0.000000 1619.313965
36852.000000 993.179871 0.000000 1619.418945
36852.000000 993.179871 0.000000 1619.520020
36852.000000 993.179871 0.000000 1619.625000
36852.000000 993.179871 0.000000 1619.724976
36852.000000 993.179871 0.000000 1619.810059
36852.000000 993.179871 0.000000 1619.915039
36852.000000 993.179871 0.000000 1620.016968
36852.000000 993.179871 0.000000 1620.119019
36852.000000 993.179871 0.000000 1620.212036
36852.000000 993.179871 0.000000 1620.317017
36852.000000 993.179871 0.000000 1620.411987
36852.000000 993.179871 0.000000 1620.516968
36852.000000 993.179871 0.000000 1620.616943
36852.000000 993.179871 0.000000 1620.717041
36852.000000 993.179871 0.000000 1620.812012
36852.000000 993.179871 0.000000 1620.918945
36852.000000 993.179871 0.000000 1621.020020
36852.000000 993.179871 0.000000 1621.126953
36852.000000 993.179871 0.000000 1621.222046
36852.000000 993.179871 0.000000 1621.327026
36852.000000 993.179871 0.000000 1621.427002
36852.000000 993.179871 0.000000 1621.526978
36852.000000 993.179871 0.000000 1621.626953
36852.000000 993.179871 0.000000 1621.727051
36852.000000 993.179871 0.000000 1621.812012
36852.000000 993.179871 0.000000 1621.927002
36852.000000 993.179871 0.000000 1622.022949
36852.000000 993.179871 0.000000 1622.116943
36852.000000 993.179871 0.000000 1622.218994
36852.000000 993.179871 0.000000 1622.314941
36852.000000 993.179871 0.000000 1622.415039
36852.000000 993.179871 0.000000 1622.520020
36852.000000 993.179871 0.000000 1622.619995
36852.000000 993.179871 0.000000 1622.720947
36852.000000 993.179871 0.000000 1622.819946
36852.000000 993.179871 0.000000 1622.915039
36852.000000 993.179871 0.000000 1623.020020
36852.000000 993.179871 0.000000 1623.114990
36852.000000 993.179871 0.000000 1623.219971
36852.000000 993.179871 0.000000 1623.318970
36852.000000 993.179871 0.000000 1623.405029
36852.000000 993.179871 0.000000 1623.522949
36852.000000 993.179871 0.000000 1623.619995
36852.000000 993.179871 0.000000 1623.719971
36852.000000 993.179871 0.000000 1623.816040
36852.000000 993.179871 0.000000 1623.915039
36852.000000 993.179871 0.000000 1624.019043
36852.000000 993.179871 0.000000 1624.114990
36852.000000 993.179871 0.000000 1624.209961
36852.000000 993.179871 0.000000 1624.314941
36852.000000 993.179871 0.000000 1624.422974
36852.000000 993.179871 0.000000 1624.524048
36852.000000 993.179871 0.000000 1624.619995
36852.000000 993.179871 0.000000 1624.719971
36852.000000 993.179871 0.000000 1624.818970
36852.000000 993.179871 0.000000 1624.918945
36852.000000 993.179871 0.000000 1625.020020
36852.000000 993.179871 0.000000 1625.119019
36852.000000 993.179871 0.000000 1625.228027
36852.000000 993.179871 0.000000 1625.328003
36852.000000 993.179871 0.000000 1625.422974
36852.000000 993.179871 0.000000 1625.527954
36852.000000 993.179871 0.000000 1625.628052
36852.000000 993.179871 0.000000 1625.723022
36852.000000 993.179871 0.000000 1625.813965
36852.000000 993.179871 0.000000 1625.913940
36852.000000 993.179871 0.000000 1626.015015
36852.000000 993.179871 0.000000 1626.121948
36852.000000 993.179871 0.000000 1626.229004
36852.000000 993.179871 0.000000 1626.328979
36852.000000 993.179871 0.000000 1626.428955
36852.000000 993.179871 0.000000 1626.529053
36852.000000 993.179871 0.000000 1626.624023
36852.000000 993.179871 0.000000 1626.729004
36852.000000 993.179871 0.000000 1626.823975
36852.000000 993.179871 0.000000 1626.923950
36852.000000 993.179871 0.000000 1627.024048
36852.000000 993.179871 0.000000 1627.124023
36852.000000 993.179871 0.000000 1627.229004
36852.000000 993.179871 0.000000 1627.328979
36852.000000 993.179871 0.000000 1627.418945
36852.000000 993.179871 0.000000 1627.529053
36852.000000 993.179871 0.000000 1627.629028
36852.000000 993.179871 0.000000 1627.729004
36852.000000 993.179871 0.000000 1627.828979
36852.000000 993.179871 0.000000 1627.923950
36852.000000 993.179871 0.000000 1627.999023
36852.000000 993.179871 0.000000 1628.119019
36852.000000 993.179871 0.000000 1628.218994
36852.000000 993.179871 0.000000 1628.316040
36852.000000 993.179871 0.000000 1628.421021
36852.000000 993.179871 0.000000 1628.519043
36852.000000 993.179871 0.000000 1628.619019
36852.000000 993.179871 0.000000 1628.718994
36852.000000 993.179871 0.000000 1628.817993
36852.000000 993.179871 0.000000 1628.915039
36852.000000 993.179871 0.000000 1629.020020
36852.000000 993.179871 0.000000 1629.119019
36852.000000 993.179871 0.000000 1629.218994
36852.000000 993.179871 0.000000 1629.318970
36852.000000 993.179871 0.000000 1629.418945
36852.000000 993.179871 0.000000 1629.514038
36852.000000 993.179871 0.000000 1629.609009
36852.000000 993.179871 0.000000 1629.722046
36852.000000 993.179871 0.000000 1629.819946
36852.000000 993.179871 0.000000 1629.918945
36852.000000 993.179871 0.000000 1630.009033
36852.000000 993.179871 0.000000 1630.119019
36852.000000 993.179871 0.000000 1630.213989
36852.000000 993.179871 0.000000 1630.318970
36852.000000 993.179871 0.000000 1630.411011
36852.000000 993.179871 0.000000 1630.520020
36852.500000 993.179871 0.000000 1630.624023
36852.500000 993.179871 0.000000 1630.718994
36852.500000 993.179871 0.000000 1630.814941
36852.500000 993.179871 0.000000 1630.913940
36852.500000 993.179871 0.000000 1631.019043
36852.500000 993.179871 0.000000 1631.119019
36852.500000 993.179871 0.000000 1631.223999
36852.500000 993.179871 0.000000 1631.308960
36852.500000 993.179871 0.000000 1631.420044
36852.500000 993.179871 0.000000 1631.519043
36852.500000 993.179871 0.000000 1631.625000
36852.500000 993.179871 0.000000 1631.718994
36852.500000 993.179871 0.000000 1631.818970
36852.500000 993.179871 0.000000 1631.913940
36852.500000 993.179871 0.000000 1632.019043
36852.500000 993.179871 0.000000 1632.128052
36852.500000 993.179871 0.000000 1632.225952
36852.500000 993.179871 0.000000 1632.329956
36852.500000 993.179871 0.000000 1632.423950
36852.500000 993.179871 0.000000 1632.519043
36852.500000 993.179871 0.000000 1632.614014
36852.500000 993.179871 0.000000 1632.718994
36852.500000 993.179871 0.000000 1632.818970
36852.500000 993.179871 0.000000 1632.923950
36852.500000 993.179871 0.000000 1633.034058
36852.500000 993.179871 0.000000 1633.124023
36852.500000 993.179871 0.000000 1633.220947
36852.500000 993.179871 0.000000 1633.316040
36852.500000 993.179871 0.000000 1633.421021
36852.500000 993.179871 0.000000 1633.529053
36852.500000 993.179871 0.000000 1633.626953
36852.500000 993.179871 0.000000 1633.722046
36852.500000 993.179871 0.000000 1633.827026
36852.500000 993.179871 0.000000 1633.921997
36852.500000 993.179871 0.000000 1634.021973
36852.500000 993.179871 0.000000 1634.121948
36852.500000 993.179871 0.000000 1634.229004
36852.500000 993.179871 0.000000 1634.328979
36852.500000 993.179871 0.000000 1634.422974
36852.500000 993.179871 0.000000 1634.526978
36852.500000 993.179871 0.000000 1634.621948
36852.500000 993.179871 0.000000 1634.722046
36852.500000 993.179871 0.000000 1634.812012
36852.500000 993.179871 0.000000 1634.927979
36852.500000 993.179871 0.000000 1635.026978
36852.500000 993.179871 0.000000 1635.126953
36852.500000 993.179871 0.000000 1635.222046
36852.500000 993.179871 0.000000 1635.322021
36852.500000 993.179871 0.000000 1635.421997
36852.500000 993.179871 0.000000 1635.521973
36852.500000 993.179871 0.000000 1635.626953
36852.500000 993.179871 0.000000 1635.727051
36852.500000 993.179871 0.000000 1635.822021
36852.500000 993.179871 0.000000 1635.921997
36852.500000 993.179871 0.000000 1636.021973
36852.500000 993.179871 0.000000 1636.123047
36852.500000 993.179871 0.000000 1636.222046
36852.500000 993.179871 0.000000 1636.326050
36852.500000 993.179871 0.000000 1636.426025
36852.500000 993.179871 0.000000 1636.527954
36852.500000 993.179871 0.000000 1636.621948
36852.500000 993.179871 0.000000 1636.725952
36852.500000 993.179871 0.000000 1636.828003
36852.500000 993.179871 0.000000 1636.930054
36852.500000 993.179871 0.000000 1637.020996
36852.500000 993.179871 0.000000 1637.120972
36852.500000 993.179871 0.000000 1637.227051
36852.500000 993.179871 0.000000 1637.322021
36852.500000 993.179871 0.000000 1637.421997
36852.500000 993.179871 0.000000 1637.527954
36852.500000 993.179871 0.000000 1637.630981
36852.500000 993.179871 0.000000 1637.723999
36852.750000 993.179871 0.000000 1637.822021
36852.750000 993.179871 0.000000 1637.920044
36852.750000 993.179871 0.000000 1638.015015
36852.750000 993.179871 0.000000 1638.125000
36852.750000 993.179871 0.000000 1638.224976
36852.750000 993.179871 0.000000 1638.324951
36852.750000 993.179871 0.000000 1638.425049
36852.750000 993.179871 0.000000 1638.530029
36852.750000 993.179871 0.000000 1638.614990
36852.750000 993.179871 0.000000 1638.729004
36852.750000 993.179871 0.000000 1638.827026
36852.750000 993.179871 0.000000 1638.927979
36852.750000 993.179871 0.000000 1639.026001
36852.750000 993.179871 0.000000 1639.135986
36852.750000 993.179871 0.000000 1639.219971
36852.750000 993.179871 0.000000 1639.328003
36852.750000 993.179871 0.000000 1639.420044
36852.750000 993.179871 0.000000 1639.525024
36852.750000 993.179871 0.000000 1639.625000
36852.750000 993.179871 0.000000 1639.728027
36852.750000 993.179871 0.000000 1639.831055
36852.750000 993.179871 0.000000 1639.921021
36852.750000 993.179871 0.000000 1640.025024
36852.750000 993.179871 0.000000 1640.114990
36852.750000 993.179871 0.000000 1640.232056
36852.750000 993.179871 0.000000 1640.332031
36852.750000 993.179871 0.000000 1640.420044
36852.750000 993.179871 0.000000 1640.520020
36852.750000 993.179871 0.000000 1640.625977
36852.750000 993.179871 0.000000 1640.725952
36852.750000 993.179871 0.000000 1640.814941
36852.750000 993.179871 0.000000 1640.920044
36852.750000 993.179871 0.000000 1641.025024
36852.750000 993.179871 0.000000 1641.125000
36852.750000 993.179871 0.000000 1641.219971
36852.750000 993.179871 0.000000 1641.321045
36852.750000 993.179871 0.000000 1641.420044
36852.750000 993.179871 0.000000 1641.520996
36852.750000 993.179871 0.000000 1641.625977
36852.750000 993.179871 0.000000 1641.717041
36852.750000 993.179871 0.000000 1641.824951
36852.750000 993.179871 0.000000 1641.921021
36852.750000 993.179871 0.000000 1642.022949
36852.750000 993.179871 0.000000 1642.125000
36852.750000 993.179871 0.000000 1642.224976
36852.750000 993.179871 0.000000 1642.319946
36852.750000 993.179871 0.000000 1642.425049
36852.750000 993.179871 0.000000 1642.525024
36852.750000 993.179871 0.000000 1642.625000
36852.750000 993.179871 0.000000 1642.719971
36852.750000 993.179871 0.000000 1642.826050
36852.750000 993.179871 0.000000 1642.913940
36852.750000 993.179871 0.000000 1643.024048
36852.750000 993.179871 0.000000 1643.124023
36852.750000 993.179871 0.000000 1643.229004
36852.750000 993.179871 0.000000 1643.323975
36852.750000 993.179871 0.000000 1643.425049
36852.750000 993.179871 0.000000 1643.524048
36852.750000 993.179871 0.000000 1643.624023
36852.750000 993.179871 0.000000 1643.724976
36852.750000 993.179871 0.000000 1643.823975
36852.750000 993.179871 0.000000 1643.925049
36852.750000 993.179871 0.000000 1644.025024
36852.750000 993.179871 0.000000 1644.128052
36852.750000 993.179871 0.000000 1644.224976
36852.750000 993.179871 0.000000 1644.324951
36852.750000 993.179871 0.000000 1644.415039
36852.750000 993.179871 0.000000 1644.520020
36852.750000 993.179871 0.000000 1644.631958
36852.750000 993.179871 0.000000 1644.722046
36852.750000 993.179871 0.000000 1644.828003
36852.750000 993.179871 0.000000 1644.927979
36852.750000 993.179871 0.000000 1645.026001
36852.750000 993.179871 0.000000 1645.118042
36852.750000 993.179871 0.000000 1645.223022
36852.750000 993.179871 0.000000 1645.333008
36852.750000 993.179871 0.000000 1645.432983
36852.750000 993.179871 0.000000 1645.532959
36852.750000 993.179871 0.000000 1645.623047
36852.750000 993.179871 0.000000 1645.733032
36852.750000 993.179871 0.000000 1645.826050
36852.750000 993.179871 0.000000 1645.921021
36852.750000 993.179871 0.000000 1646.020996
36852.750000 993.179871 0.000000 1646.125977
36852.750000 993.179871 0.000000 1646.220947
36852.750000 993.179871 0.000000 1646.317993
36852.750000 993.179871 0.000000 1646.426025
36852.750000 993.179871 0.000000 1646.520996
36852.750000 993.179871 0.000000 1646.625977
36852.750000 993.179871 0.000000 1646.725952
36852.750000 993.179871 0.000000 1646.821045
36852.750000 993.179871 0.000000 1646.926025
36852.750000 993.179871 0.000000 1647.015991
36852.750000 993.179871 0.000000 1647.125977
36852.750000 993.179871 0.000000 1647.225952
36852.750000 993.179871 0.000000 1647.326050
36852.750000 993.179871 0.000000 1647.423950
36852.750000 993.179871 0.000000 1647.525024
36852.750000 993.179871 0.000000 1647.624023
36852.750000 993.179871 0.000000 1647.734009
36852.750000 993.179871 0.000000 1647.833984
36852.750000 993.179871 0.000000 1647.933960
36852.750000 993.179871 0.000000 1648.034058
36852.750000 993.179871 0.000000 1648.131958
36852.750000 993.179871 0.000000 1648.230957
36852.750000 993.179871 0.000000 1648.323975
36852.750000 993.179871 0.000000 1648.423950
36852.750000 993.179871 0.000000 1648.531006
36852.750000 993.179871 0.000000 1648.624023
36852.750000 993.179871 0.000000 1648.724976
36852.750000 993.179871 0.000000 1648.824951
36852.750000 993.179871 0.000000 1648.920044
36852.750000 993.179871 0.000000 1649.031982
36852.750000 993.179871 0.000000 1649.125000
36852.750000 993.179871 0.000000 1649.234009
36852.750000 993.179871 0.000000 1649.333984
36852.750000 993.179871 0.000000 1649.418945
36852.750000 993.179871 0.000000 1649.525024
36852.750000 993.179871 0.000000 1649.626953
36852.750000 993.179871 0.000000 1649.719971
36852.750000 993.179871 0.000000 1649.824951
36852.750000 993.179871 0.000000 1649.921021
36852.750000 993.179871 0.000000 1650.032959
36852.750000 993.179871 0.000000 1650.128052
36852.750000 993.179871 0.000000 1650.228027
36852.750000 993.179871 0.000000 1650.328003
36852.750000 993.179871 0.000000 1650.416016
36852.750000 993.179871 0.000000 1650.515991
36852.750000 993.179871 0.000000 1650.623047
36852.750000 993.179871 0.000000 1650.725952
36852.750000 993.179871 0.000000 1650.822021
36852.750000 993.179871 0.000000 1650.921021
36852.750000 993.179871 0.000000 1651.020996
36852.750000 993.179871 0.000000 1651.125000
36852.750000 993.179871 0.000000 1651.234985
36852.750000 993.179871 0.000000 1651.324951
36852.750000 993.179871 0.000000 1651.430054
36852.750000 993.179871 0.000000 1651.520996
36852.750000 993.179871 0.000000 1651.615967
36852.750000 993.179871 0.000000 1651.720947
36852.750000 993.179871 0.000000 1651.833984
36852.750000 993.179871 0.000000 1651.923950
36852.750000 993.179871 0.000000 1652.030029
36852.750000 993.179871 0.000000 1652.130005
36852.750000 993.179871 0.000000 1652.227051
36852.750000 993.179871 0.000000 1652.327026
36852.750000 993.179871 0.000000 1652.427002
36852.750000 993.179871 0.000000 1652.524048
36852.750000 993.179871 0.000000 1652.629028
36852.750000 993.179871 0.000000 1652.724976
36852.750000 993.179871 0.000000 1652.823975
36852.750000 993.179871 0.000000 1652.926025
36852.750000 993.179871 0.000000 1653.025024
36852.750000 993.179871 0.000000 1653.125000
36852.750000 993.179871 0.000000 1653.224976
36852.750000 993.179871 0.000000 1653.334961
36852.750000 993.179871 0.000000 1653.425049
36852.750000 993.179871 0.000000 1653.525024
36852.750000 993.179871 0.000000 1653.625000
36852.750000 993.179871 0.000000 1653.719971
36852.750000 993.179871 0.000000 1653.826050
36852.750000 993.179871 0.000000 1653.920044
36852.750000 993.179871 0.000000 1654.020020
36852.750000 993.179871 0.000000 1654.125000
36852.750000 993.179871 0.000000 1654.233032
36852.750000 993.179871 0.000000 1654.322998
36852.750000 993.179871 0.000000 1654.422974
36852.750000 993.179871 0.000000 1654.517944
36852.750000 993.179871 0.000000 1654.630005
36852.750000 993.179871 0.000000 1654.723022
36852.750000 993.179871 0.000000 1654.822998
36852.750000 993.179871 0.000000 1654.922974
36852.750000 993.179871 0.000000 1655.026001
36852.750000 993.179871 0.000000 1655.121948
36852.750000 993.179871 0.000000 1655.223999
36852.750000 993.179871 0.000000 1655.333008
36852.750000 993.179871 0.000000 1655.415039
36852.750000 993.179871 0.000000 1655.526978
36852.750000 993.179871 0.000000 1655.620972
36852.750000 993.179871 0.000000 1655.725952
36852.750000 993.179871 0.000000 1655.821045
36852.750000 993.179871 0.000000 1655.921021
36852.750000 993.179871 0.000000 1656.015991
36852.750000 993.179871 0.000000 1656.120972
36852.750000 993.179871 0.000000 1656.227051
36852.750000 993.179871 0.000000 1656.318970
36852.750000 993.179871 0.000000 1656.428955
36852.750000 993.179871 0.000000 1656.525024
36852.750000 993.179871 0.000000 1656.625000
36852.750000 993.179871 0.000000 1656.719971
36852.750000 993.179871 0.000000 1656.816040
36852.750000 993.179871 0.000000 1656.927979
36852.750000 993.179871 0.000000 1657.015015
36852.750000 993.179871 0.000000 1657.114990
36852.750000 993.179871 0.000000 1657.229980
36852.750000 993.179871 0.000000 1657.328003
36852.750000 993.179871 0.000000 1657.425049
36852.750000 993.179871 0.000000 1657.525024
36852.750000 993.179871 0.000000 1657.625977
36852.750000 993.179871 0.000000 1657.723999
36852.750000 993.179871 0.000000 1657.823975
36852.750000 993.179871 0.000000 1657.926025
36852.750000 993.179871 0.000000 1658.025024
36852.750000 993.179871 0.000000 1658.125000
36852.750000 993.179871 0.000000 1658.230957
36852.750000 993.179871 0.000000 1658.324951
36852.750000 993.179871 0.000000 1658.433960
36852.750000 993.179871 0.000000 1658.524048
36852.750000 993.179871 0.000000 1658.624023
36852.750000 993.179871 0.000000 1658.734009
36852.750000 993.179871 0.000000 1658.833984
36852.750000 993.179871 0.000000 1658.923950
36852.750000 993.179871 0.000000 1659.034058
36852.750000 993.179871 0.000000 1659.134033
36852.750000 993.179871 0.000000 1659.223999
36852.750000 993.179871 0.000000 1659.323975
36852.750000 993.179871 0.000000 1659.423950
36852.750000 993.179871 0.000000 1659.519043
36852.750000 993.179871 0.000000 1659.619995
36852.750000 993.179871 0.000000 1659.724976
36852.750000 993.179871 0.000000 1659.823975
36852.750000 993.179871 0.000000 1659.916992
36852.750000 993.179871 0.000000 1660.026978
36852.750000 993.179871 0.000000 1660.116943
36852.750000 993.179871 0.000000 1660.229004
36852.750000 993.179871 0.000000 1660.327026
36852.750000 993.179871 0.000000 1660.427002
36852.750000 993.179871 0.000000 1660.526978
36852.750000 993.179871 0.000000 1660.630005
36852.750000 993.179871 0.000000 1660.729980
36852.750000 993.179871 0.000000 1660.833008
36852.750000 993.179871 0.000000 1660.928955
36852.750000 993.179871 0.000000 1661.026978
36852.750000 993.179871 0.000000 1661.131958
36852.750000 993.179871 0.000000 1661.227051
36852.750000 993.179871 0.000000 1661.329956
36852.750000 993.179871 0.000000 1661.430054
36852.750000 993.179871 0.000000 1661.530029
36852.750000 993.179871 0.000000 1661.626953
36852.750000 993.179871 0.000000 1661.722046
36852.750000 993.179871 0.000000 1661.828003
36852.750000 993.179871 0.000000 1661.927002
36852.750000 993.179871 0.000000 1662.026978
36852.750000 993.179871 0.000000 1662.126953
36852.750000 993.179871 0.000000 1662.223999
36852.750000 993.179871 0.000000 1662.328003
36852.750000 993.179871 0.000000 1662.425049
36852.750000 993.179871 0.000000 1662.525024
36852.750000 993.179871 0.000000 1662.633057
36852.750000 993.179871 0.000000 1662.733032
36852.750000 993.179871 0.000000 1662.826050
36852.750000 993.179871 0.000000 1662.927979
36852.750000 993.179871 0.000000 1663.025024
36852.750000 993.179871 0.000000 1663.129028
36852.750000 993.179871 0.000000 1663.214966
36852.750000 993.179871 0.000000 1663.326050
36852.750000 993.179871 0.000000 1663.425049
36852.750000 993.179871 0.000000 1663.526001
36852.750000 993.179871 0.000000 1663.625000
36852.750000 993.179871 0.000000 1663.739990
36852.750000 993.179871 0.000000 1663.828003
36852.750000 993.179871 0.000000 1663.925049
36852.750000 993.179871 0.000000 1664.026001
36852.750000 993.179871 0.000000 1664.125000
36852.750000 993.179871 0.000000 1664.224976
36852.750000 993.179871 0.000000 1664.329956
36852.750000 993.179871 0.000000 1664.437988
36852.750000 993.179871 0.000000 1664.536011
36852.750000 993.179871 0.000000 1664.633057
36852.750000 993.179871 0.000000 1664.730957
36852.750000 993.179871 0.000000 1664.826050
36852.750000 993.179871 0.000000 1664.932007
36852.750000 993.179871 0.000000 1665.031006
36852.750000 993.179871 0.000000 1665.131958
36852.750000 993.179871 0.000000 1665.239990
36852.750000 993.179871 0.000000 1665.339966
36852.750000 993.179871 0.000000 1665.439941
36852.750000 993.179871 0.000000 1665.540039
36863.125000 993.179871 0.000000 1665.651001
36863.125000 993.179871 0.000000 1665.728027
36863.125000 993.179871 0.000000 1665.831055
36863.125000 993.179871 0.000000 1665.930054
36863.125000 993.179871 0.000000 1666.035034
36863.125000 993.179871 0.000000 1666.129028
36863.125000 993.179871 0.000000 1666.237061
36863.125000 993.179871 0.000000 1666.328979
36863.125000 993.179871 0.000000 1666.433960
36863.125000 993.179871 0.000000 1666.529053
36863.125000 993.179871 0.000000 1666.630005
36863.125000 993.179871 0.000000 1666.729004
36863.125000 993.179871 0.000000 1666.836060
36863.125000 993.179871 0.000000 1666.915039
36863.125000 993.179871 0.000000 1667.034058
36863.125000 993.179871 0.000000 1667.129028
36863.125000 993.179871 0.000000 1667.222046
36863.125000 993.179871 0.000000 1667.327026
36863.125000 993.179871 0.000000 1667.438965
36863.125000 993.179871 0.000000 1667.538940
36863.125000 993.179871 0.000000 1667.628052
36863.125000 993.179871 0.000000 1667.733032
36863.125000 993.179871 0.000000 1667.838013
36863.125000 993.179871 0.000000 1667.935059
36863.125000 993.179871 0.000000 1668.019043
36863.125000 993.179871 0.000000 1668.129028
36863.125000 993.179871 0.000000 1668.229004
36863.125000 993.179871 0.000000 1668.328979
36863.125000 993.179871 0.000000 1668.437012
36863.125000 993.179871 0.000000 1668.536987
36863.125000 993.179871 0.000000 1668.641968
36863.125000 993.179871 0.000000 1668.741943
36863.125000 993.179871 0.000000 1668.833008
36863.125000 993.179871 0.000000 1668.930054
36863.125000 993.179871 0.000000 1669.030029
36863.125000 993.179871 0.000000 1669.130005
36863.125000 993.179871 0.000000 1669.235962
36863.125000 993.179871 0.000000 1669.333984
36863.125000 993.179871 0.000000 1669.435059
36863.125000 993.179871 0.000000 1669.537964
36863.125000 993.179871 0.000000 1669.630981
36863.125000 993.179871 0.000000 1669.734009
36863.125000 993.179871 0.000000 1669.831055
36863.125000 993.179871 0.000000 1669.931030
36863.125000 993.179871 0.000000 1670.038940
36863.125000 993.179871 0.000000 1670.139038
36863.125000 993.179871 0.000000 1670.239014
36863.125000 993.179871 0.000000 1670.331055
36863.125000 993.179871 0.000000 1670.431030
36863.125000 993.179871 0.000000 1670.531006
36863.125000 993.179871 0.000000 1670.630981
36863.125000 993.179871 0.000000 1670.730957
36863.125000 993.179871 0.000000 1670.831055
36863.125000 993.179871 0.000000 1670.944946
36863.125000 993.179871 0.000000 1671.037964
36863.125000 993.179871 0.000000 1671.137939
36863.125000 993.179871 0.000000 1671.230957
36863.125000 993.179871 0.000000 1671.331055
36863.125000 993.179871 0.000000 1671.431030
36863.125000 993.179871 0.000000 1671.531006
36863.125000 993.179871 0.000000 1671.630981
36863.125000 993.179871 0.000000 1671.730957
36863.125000 993.179871 0.000000 1671.832031
36863.125000 993.179871 0.000000 1671.927979
36863.125000 993.179871 0.000000 1672.026978
36863.125000 993.179871 0.000000 1672.131958
36863.125000 993.179871 0.000000 1672.223022
36863.125000 993.179871 0.000000 1672.322998
36863.125000 993.179871 0.000000 1672.428955
36863.125000 993.179871 0.000000 1672.534058
36863.125000 993.179871 0.000000 1672.633057
36863.125000 993.179871 0.000000 1672.728027
36863.125000 993.179871 0.000000 1672.833008
36863.125000 993.179871 0.000000 1672.932983
36863.125000 993.179871 0.000000 1673.042969
36863.125000 993.179871 0.000000 1673.137939
36863.125000 993.179871 0.000000 1673.235962
36863.125000 993.179871 0.000000 1673.331055
36863.125000 993.179871 0.000000 1673.432983
36863.125000 993.179871 0.000000 1673.532959
36863.125000 993.179871 0.000000 1673.623047
36863.125000 993.179871 0.000000 1673.723022
36863.125000 993.179871 0.000000 1673.833008
36863.125000 993.179871 0.000000 1673.942017
36863.125000 993.179871 0.000000 1674.036987
36863.125000 993.179871 0.000000 1674.121948
36863.125000 993.179871 0.000000 1674.243042
36863.125000 993.179871 0.000000 1674.338013
36863.125000 993.179871 0.000000 1674.442993
36863.125000 993.179871 0.000000 1674.542969
36863.125000 993.179871 0.000000 1674.640015
36863.125000 993.179871 0.000000 1674.734985
36863.125000 993.179871 0.000000 1674.834961
36863.125000 993.179871 0.000000 1674.938965
36863.125000 993.179871 0.000000 1675.042969
36863.125000 993.179871 0.000000 1675.137939
36863.125000 993.179871 0.000000 1675.246948
36863.125000 993.179871 0.000000 1675.347046
36863.125000 993.179871 0.000000 1675.447021
36863.125000 993.179871 0.000000 1675.546997
36863.125000 993.179871 0.000000 1675.646973
36863.125000 993.179871 0.000000 1675.746948
36863.125000 993.179871 0.000000 1675.847046
36863.125000 993.179871 0.000000 1675.947021
36863.125000 993.179871 0.000000 1676.046997
36863.125000 993.179871 0.000000 1676.146973
36863.125000 993.179871 0.000000 1676.243042
36863.125000 993.179871 0.000000 1676.338013
36863.125000 993.179871 0.000000 1676.427979
36863.125000 993.179871 0.000000 1676.537964
36863.125000 993.179871 0.000000 1676.640015
36863.125000 993.179871 0.000000 1676.734985
36863.125000 993.179871 0.000000 1676.840942
36863.125000 993.179871 0.000000 1676.939941
36863.125000 993.179871 0.000000 1677.040039
36863.125000 993.179871 0.000000 1677.140991
36863.125000 993.179871 0.000000 1677.239990
36863.125000 993.179871 0.000000 1677.334961
36863.125000 993.179871 0.000000 1677.436035
36863.125000 993.179871 0.000000 1677.547974
36863.125000 993.179871 0.000000 1677.645020
36863.125000 993.179871 0.000000 1677.739990
36863.125000 993.179871 0.000000 1677.848022
36863.125000 993.179871 0.000000 1677.937012
36863.125000 993.179871 0.000000 1678.035034
36863.125000 993.179871 0.000000 1678.135010
36863.125000 993.179871 0.000000 1678.234985
36863.125000 993.179871 0.000000 1678.334961
36863.125000 993.179871 0.000000 1678.439941
36863.125000 993.179871 0.000000 1678.541992
36863.125000 993.179871 0.000000 1678.641968
36863.125000 993.179871 0.000000 1678.735962
36863.125000 993.179871 0.000000 1678.845947
36863.125000 993.179871 0.000000 1678.942017
36863.125000 993.179871 0.000000 1679.040039
36863.125000 993.179871 0.000000 1679.135010
36863.125000 993.179871 0.000000 1679.234985
36863.125000 993.179871 0.000000 1679.339966
36863.125000 993.179871 0.000000 1679.439941
36863.125000 993.179871 0.000000 1679.536011
36863.125000 993.179871 0.000000 1679.640991
36863.125000 993.179871 0.000000 1679.741943
36863.125000 993.179871 0.000000 1679.842041
36863.125000 993.179871 0.000000 1679.942017
36863.125000 993.179871 0.000000 1680.036011
36863.125000 993.179871 0.000000 1680.142944
36863.125000 993.179871 0.000000 1680.243042
36863.125000 993.179871 0.000000 1680.334961
36863.125000 993.179871 0.000000 1680.441040
36863.125000 993.179871 0.000000 1680.536987
36863.125000 993.179871 0.000000 1680.641968
36863.125000 993.179871 0.000000 1680.739014
36863.125000 993.179871 0.000000 1680.827026
36863.125000 993.179871 0.000000 1680.937012
36863.125000 993.179871 0.000000 1681.036987
36863.125000 993.179871 0.000000 1681.142944
36863.125000 993.179871 0.000000 1681.237061
36863.125000 993.179871 0.000000 1681.337036
36863.125000 993.179871 0.000000 1681.432007
36863.125000 993.179871 0.000000 1681.521973
36863.125000 993.179871 0.000000 1681.636963
36863.125000 993.179871 0.000000 1681.745972
36863.125000 993.179871 0.000000 1681.845947
36863.125000 993.179871 0.000000 1681.941040
36863.125000 993.179871 0.000000 1682.046021
36863.125000 993.179871 0.000000 1682.145996
36863.125000 993.179871 0.000000 1682.245972
36863.125000 993.179871 0.000000 1682.331055
36863.125000 993.179871 0.000000 1682.446045
36863.125000 993.179871 0.000000 1682.536987
36863.125000 993.179871 0.000000 1682.636963
36863.125000 993.179871 0.000000 1682.719971
36863.125000 993.179871 0.000000 1682.834961
36863.125000 993.179871 0.000000 1682.946045
36863.125000 993.179871 0.000000 1683.043945
36863.125000 993.179871 0.000000 1683.134033
36863.125000 993.179871 0.000000 1683.234009
36863.125000 993.179871 0.000000 1683.336060
36863.125000 993.179871 0.000000 1683.443970
36863.125000 993.179871 0.000000 1683.538940
36863.125000 993.179871 0.000000 1683.640991
36863.125000 993.179871 0.000000 1683.740967
36863.125000 993.179871 0.000000 1683.843994
36863.125000 993.179871 0.000000 1683.948975
36863.125000 993.179871 0.000000 1684.041992
36863.125000 993.179871 0.000000 1684.142944
36863.125000 993.179871 0.000000 1684.241943
36863.125000 993.179871 0.000000 1684.343018
36863.125000 993.179871 0.000000 1684.449951
36863.125000 993.179871 0.000000 1684.543945
36863.125000 993.179871 0.000000 1684.662964
36863.125000 993.179871 0.000000 1684.753052
36863.125000 993.179871 0.000000 1684.853027
36863.125000 993.179871 0.000000 1684.937988
36863.125000 993.179871 0.000000 1685.052979
36863.125000 993.179871 0.000000 1685.151001
36863.125000 993.179871 0.000000 1685.246948
36863.125000 993.179871 0.000000 1685.352051
36863.125000 993.179871 0.000000 1685.457031
36863.125000 993.179871 0.000000 1685.552979
36863.125000 993.179871 0.000000 1685.651978
36863.125000 993.179871 0.000000 1685.751953
36863.125000 993.179871 0.000000 1685.852051
36863.125000 993.179871 0.000000 1685.952026
36863.125000 993.179871 0.000000 1686.057007
36863.125000 993.179871 0.000000 1686.141968
36863.125000 993.179871 0.000000 1686.243042
36863.125000 993.179871 0.000000 1686.342041
36863.125000 993.179871 0.000000 1686.442017
36863.125000 993.179871 0.000000 1686.545044
36863.125000 993.179871 0.000000 1686.645020
36863.125000 993.179871 0.000000 1686.746948
36863.125000 993.179871 0.000000 1686.852051
36863.125000 993.179871 0.000000 1686.946045
36863.125000 993.179871 0.000000 1687.045044
36863.125000 993.179871 0.000000 1687.145020
36863.125000 993.179871 0.000000 1687.245972
36863.125000 993.179871 0.000000 1687.344971
36863.125000 993.179871 0.000000 1687.444946
36863.125000 993.179871 0.000000 1687.545044
36863.125000 993.179871 0.000000 1687.635010
36863.125000 993.179871 0.000000 1687.744995
36863.125000 993.179871 0.000000 1687.844971
36863.125000 993.179871 0.000000 1687.946045
36863.125000 993.179871 0.000000 1688.046021
36863.125000 993.179871 0.000000 1688.140991
36863.125000 993.179871 0.000000 1688.240967
36863.125000 993.179871 0.000000 1688.342041
36863.125000 993.179871 0.000000 1688.441040
36863.125000 993.179871 0.000000 1688.546997
36863.125000 993.179871 0.000000 1688.645996
36863.125000 993.179871 0.000000 1688.746948
36863.125000 993.179871 0.000000 1688.840942
36863.125000 993.179871 0.000000 1688.941040
36863.125000 993.179871 0.000000 1689.036011
36863.125000 993.179871 0.000000 1689.154053
36863.125000 993.179871 0.000000 1689.241943
36863.125000 993.179871 0.000000 1689.336060
36863.125000 993.179871 0.000000 1689.446045
36863.125000 993.179871 0.000000 1689.546021
36863.125000 993.179871 0.000000 1689.640991
36863.125000 993.179871 0.000000 1689.744019
36863.125000 993.179871 0.000000 1689.850952
36863.125000 993.179871 0.000000 1689.946045
36863.125000 993.179871 0.000000 1690.046021
36863.125000 993.179871 0.000000 1690.149048
36863.125000 993.179871 0.000000 1690.244995
36863.125000 993.179871 0.000000 1690.338989
36863.125000 993.179871 0.000000 1690.442993
36863.125000 993.179871 0.000000 1690.552979
36863.125000 993.179871 0.000000 1690.652954
36863.125000 993.179871 0.000000 1690.753052
36863.125000 993.179871 0.000000 1690.853027
36863.125000 993.179871 0.000000 1690.953003
36863.125000 993.179871 0.000000 1691.050049
36863.125000 993.179871 0.000000 1691.144043
36863.125000 993.179871 0.000000 1691.251953
36863.125000 993.179871 0.000000 1691.352051
36863.125000 993.179871 0.000000 1691.449951
36863.125000 993.179871 0.000000 1691.545044
36863.125000 993.179871 0.000000 1691.645020
36863.125000 993.179871 0.000000 1691.739990
36863.125000 993.179871 0.000000 1691.844971
36863.125000 993.179871 0.000000 1691.944946
36863.125000 993.179871 0.000000 1692.045044
36863.125000 993.179871 0.000000 1692.145020
36863.125000 993.179871 0.000000 1692.244995
36863.125000 993.179871 0.000000 1692.354004
36863.125000 993.179871 0.000000 1692.438965
36863.125000 993.179871 0.000000 1692.540039
36863.125000 993.179871 0.000000 1692.645996
36863.125000 993.179871 0.000000 1692.744995
36863.125000 993.179871 0.000000 1692.844971
36863.125000 993.179871 0.000000 1692.946045
36863.125000 993.179871 0.000000 1693.045044
36863.125000 993.179871 0.000000 1693.145020
36863.125000 993.179871 0.000000 1693.244995
36863.125000 993.179871 0.000000 1693.344971
36863.125000 993.179871 0.000000 1693.444946
36863.125000 993.179871 0.000000 1693.546997
36863.125000 993.179871 0.000000 1693.635010
36863.125000 993.179871 0.000000 1693.744995
36863.125000 993.179871 0.000000 1693.844971
36863.125000 993.179871 0.000000 1693.941040
36863.125000 993.179871 0.000000 1694.040039
36863.125000 993.179871 0.000000 1694.140015
36863.125000 993.179871 0.000000 1694.244995
36863.125000 993.179871 0.000000 1694.343018
36863.125000 993.179871 0.000000 1694.443970
36863.125000 993.179871 0.000000 1694.542969
36863.125000 993.179871 0.000000 1694.642944
36863.125000 993.179871 0.000000 1694.748047
36863.125000 993.179871 0.000000 1694.848999
36863.125000 993.179871 0.000000 1694.942993
36863.125000 993.179871 0.000000 1695.050049
36863.125000 993.179871 0.000000 1695.150024
36863.125000 993.179871 0.000000 1695.244019
36863.125000 993.179871 0.000000 1695.343018
36863.125000 993.179871 0.000000 1695.442993
36863.125000 993.179871 0.000000 1695.542969
36863.125000 993.179871 0.000000 1695.651001
36863.125000 993.179871 0.000000 1695.733032
36863.125000 993.179871 0.000000 1695.843994
36863.125000 993.179871 0.000000 1695.942993
36863.125000 993.179871 0.000000 1696.042969
36863.125000 993.179871 0.000000 1696.142944
36863.125000 993.179871 0.000000 1696.243042
36863.125000 993.179871 0.000000 1696.343018
36863.125000 993.179871 0.000000 1696.448975
36863.125000 993.179871 0.000000 1696.542969
36863.125000 993.179871 0.000000 1696.650024
36863.125000 993.179871 0.000000 1696.749023
36863.125000 993.179871 0.000000 1696.858032
36863.125000 993.179871 0.000000 1696.937012
36863.125000 993.179871 0.000000 1697.031982
36863.125000 993.179871 0.000000 1697.136963
36863.125000 993.179871 0.000000 1697.241943
36863.125000 993.179871 0.000000 1697.332031
36863.125000 993.179871 0.000000 1697.442017
36863.125000 993.179871 0.000000 1697.546997
36863.125000 993.179871 0.000000 1697.641968
36863.125000 993.179871 0.000000 1697.743042
36863.125000 993.179871 0.000000 1697.842041
36863.125000 993.179871 0.000000 1697.942017
36863.125000 993.179871 0.000000 1698.046997
36863.125000 993.179871 0.000000 1698.156006
36863.125000 993.179871 0.000000 1698.255981
36863.125000 993.179871 0.000000 1698.355957
36863.125000 993.179871 0.000000 1698.447998
36863.125000 993.179871 0.000000 1698.546997
36863.125000 993.179871 0.000000 1698.646973
36863.125000 993.179871 0.000000 1698.755981
36863.125000 993.179871 0.000000 1698.860962
36863.125000 993.179871 0.000000 1698.958984
36863.125000 993.179871 0.000000 1699.048950
36863.125000 993.179871 0.000000 1699.146973
36863.125000 993.179871 0.000000 1699.246948
36863.125000 993.179871 0.000000 1699.347046
36863.125000 993.179871 0.000000 1699.453979
36863.125000 993.179871 0.000000 1699.548950
36863.125000 993.179871 0.000000 1699.646973
36863.125000 993.179871 0.000000 1699.753052
36863.125000 993.179871 0.000000 1699.848999
36863.125000 993.179871 0.000000 1699.952026
36863.125000 993.179871 0.000000 1700.062012
36863.125000 993.179871 0.000000 1700.156982
36863.125000 993.179871 0.000000 1700.256958
36863.125000 993.179871 0.000000 1700.357056
36863.125000 993.179871 0.000000 1700.454956
36863.125000 993.179871 0.000000 1700.556030
36863.125000 993.179871 0.000000 1700.654053
36863.125000 993.179871 0.000000 1700.748047
36863.125000 993.179871 0.000000 1700.857056
36863.125000 993.179871 0.000000 1700.952026
36863.125000 993.179871 0.000000 1701.057007
36863.125000 993.179871 0.000000 1701.156982
36863.125000 993.179871 0.000000 1701.259033
36863.125000 993.179871 0.000000 1701.348022
36863.125000 993.179871 0.000000 1701.437988
36863.125000 993.179871 0.000000 1701.547974
36863.125000 993.179871 0.000000 1701.652954
36863.125000 993.179871 0.000000 1701.753052
36863.125000 993.179871 0.000000 1701.843018
36863.125000 993.179871 0.000000 1701.953003
36863.125000 993.179871 0.000000 1702.050049
36863.125000 993.179871 0.000000 1702.156982
36863.125000 993.179871 0.000000 1702.261963
36863.125000 993.179871 0.000000 1702.357056
36863.125000 993.179871 0.000000 1702.457031
36863.125000 993.179871 0.000000 1702.557007
36863.125000 993.179871 0.000000 1702.656982
36863.125000 993.179871 0.000000 1702.756958
36863.125000 993.179871 0.000000 1702.876953
36863.125000 993.179871 0.000000 1702.957031
36863.125000 993.179871 0.000000 1703.057007
36863.125000 993.179871 0.000000 1703.156982
36863.125000 993.179871 0.000000 1703.256958
36863.125000 993.179871 0.000000 1703.357056
36863.125000 993.179871 0.000000 1703.457031
36863.125000 993.179871 0.000000 1703.562988
36863.125000 993.179871 0.000000 1703.662964
36863.125000 993.179871 0.000000 1703.758057
36863.125000 993.179871 0.000000 1703.858032
36863.125000 993.179871 0.000000 1703.958008
36863.125000 993.179871 0.000000 1704.057983
36863.125000 993.179871 0.000000 1704.154053
36863.125000 993.179871 0.000000 1704.250977
36863.125000 993.179871 0.000000 1704.359009
36863.125000 993.179871 0.000000 1704.448975
36863.125000 993.179871 0.000000 1704.548950
36863.125000 993.179871 0.000000 1704.649048
36863.125000 993.179871 0.000000 1704.755005
36863.125000 993.179871 0.000000 1704.857056
36863.125000 993.179871 0.000000 1704.954956
36863.125000 993.179871 0.000000 1705.048950
36863.125000 993.179871 0.000000 1705.149048
36863.125000 993.179871 0.000000 1705.249023
36863.125000 993.179871 0.000000 1705.348999
36863.125000 993.179871 0.000000 1705.452026
36863.125000 993.179871 0.000000 1705.550049
36863.125000 993.179871 0.000000 1705.654053
36863.125000 993.179871 0.000000 1705.750000
36863.125000 993.179871 0.000000 1705.854004
36863.125000 993.179871 0.000000 1705.954956
36863.125000 993.179871 0.000000 1706.043945
36863.125000 993.179871 0.000000 1706.154053
36863.125000 993.179871 0.000000 1706.250977
36863.125000 993.179871 0.000000 1706.360962
36863.125000 993.179871 0.000000 1706.453979
36863.125000 993.179871 0.000000 1706.563965
36863.125000 993.179871 0.000000 1706.654053
36863.125000 993.179871 0.000000 1706.749023
36863.125000 993.179871 0.000000 1706.854004
36863.125000 993.179871 0.000000 1706.961060
36863.125000 993.179871 0.000000 1707.053955
36863.125000 993.179871 0.000000 1707.161011
36863.125000 993.179871 0.000000 1707.261963
36863.125000 993.179871 0.000000 1707.354004
36863.125000 993.179871 0.000000 1707.453979
36863.125000 993.179871 0.000000 1707.555054
36863.125000 993.179871 0.000000 1707.644043
36863.125000 993.179871 0.000000 1707.749023
36863.125000 993.179871 0.000000 1707.848999
36863.125000 993.179871 0.000000 1707.948975
36863.125000 993.179871 0.000000 1708.048950
36863.125000 993.179871 0.000000 1708.155029
36863.125000 993.179871 0.000000 1708.256958
36863.125000 993.179871 0.000000 1708.362061
36863.125000 993.179871 0.000000 1708.456055
36863.125000 993.179871 0.000000 1708.550049
36863.125000 993.179871 0.000000 1708.644043
36863.125000 993.179871 0.000000 1708.744019
36863.125000 993.179871 0.000000 1708.854004
36863.125000 993.179871 0.000000 1708.953979
36863.125000 993.179871 0.000000 1709.053955
36863.125000 993.179871 0.000000 1709.149048
36863.125000 993.179871 0.000000 1709.254028
36863.125000 993.179871 0.000000 1709.369019
36863.125000 993.179871 0.000000 1709.463989
36863.125000 993.179871 0.000000 1709.563965
36863.125000 993.179871 0.000000 1709.663940
36863.125000 993.179871 0.000000 1709.755005
36863.125000 993.179871 0.000000 1709.854980
36863.125000 993.179871 0.000000 1709.952026
36863.125000 993.179871 0.000000 1710.046997
36863.125000 993.179871 0.000000 1710.159058
36863.125000 993.179871 0.000000 1710.251953
36863.125000 993.179871 0.000000 1710.358032
36863.125000 993.179871 0.000000 1710.457031
36863.125000 993.179871 0.000000 1710.552002
36863.125000 993.179871 0.000000 1710.651978
36863.125000 993.179871 0.000000 1710.753052
36863.125000 993.179871 0.000000 1710.859985
36863.125000 993.179871 0.000000 1710.942017
36863.125000 993.179871 0.000000 1711.057983
36863.125000 993.179871 0.000000 1711.156982
36863.125000 993.179871 0.000000 1711.251953
36863.125000 993.179871 0.000000 1711.352051
36863.125000 993.179871 0.000000 1711.453003
36863.125000 993.179871 0.000000 1711.546997
36863.125000 993.179871 0.000000 1711.651978
36863.125000 993.179871 0.000000 1711.759033
36863.125000 993.179871 0.000000 1711.862061
36863.125000 993.179871 0.000000 1711.962036
36863.125000 993.179871 0.000000 1712.058960
36863.125000 993.179871 0.000000 1712.151978
36863.125000 993.179871 0.000000 1712.251953
36863.125000 993.179871 0.000000 1712.359009
36863.125000 993.179871 0.000000 1712.453003
36863.125000 993.179871 0.000000 1712.552002
36863.125000 993.179871 0.000000 1712.651978
36863.125000 993.179871 0.000000 1712.751953
36863.125000 993.179871 0.000000 1712.852051
36863.125000 993.179871 0.000000 1712.952026
36863.125000 993.179871 0.000000 1713.052002
36863.125000 993.179871 0.000000 1713.141968
36863.125000 993.179871 0.000000 1713.258057
36863.125000 993.179871 0.000000 1713.358032
36863.125000 993.179871 0.000000 1713.458008
36863.125000 993.179871 0.000000 1713.552979
36863.125000 993.179871 0.000000 1713.651978
36863.125000 993.179871 0.000000 1713.751953
36863.125000 993.179871 0.000000 1713.857056
36863.125000 993.179871 0.000000 1713.952026
36863.125000 993.179871 0.000000 1714.047974
36863.125000 993.179871 0.000000 1714.151978
36863.125000 993.179871 0.000000 1714.259033
36863.125000 993.179871 0.000000 1714.354004
36863.125000 993.179871 0.000000 1714.458984
36863.125000 993.179871 0.000000 1714.558960
36863.125000 993.179871 0.000000 1714.660034
36863.125000 993.179871 0.000000 1714.760010
36863.125000 993.179871 0.000000 1714.862061
36863.125000 993.179871 0.000000 1714.962036
36863.125000 993.179871 0.000000 1715.062012
36863.125000 993.179871 0.000000 1715.151978
36863.125000 993.179871 0.000000 1715.251953
36863.125000 993.179871 0.000000 1715.345947
36863.125000 993.179871 0.000000 1715.456055
36863.125000 993.179871 0.000000 1715.556030
36863.125000 993.179871 0.000000 1715.656006
36863.125000 993.179871 0.000000 1715.755981
36863.125000 993.179871 0.000000 1715.855957
36863.125000 993.179871 0.000000 1715.946045
36863.125000 993.179871 0.000000 1716.061035
36863.125000 993.179871 0.000000 1716.156006
36863.125000 993.179871 0.000000 1716.255981
36863.125000 993.179871 0.000000 1716.362061
36863.125000 993.179871 0.000000 1716.452026
36863.125000 993.179871 0.000000 1716.556030
36863.125000 993.179871 0.000000 1716.656006
36863.125000 993.179871 0.000000 1716.760986
36863.125000 993.179871 0.000000 1716.862061
36863.125000 993.179871 0.000000 1716.946045
36863.125000 993.179871 0.000000 1717.062012
36863.125000 993.179871 0.000000 1717.156006
36863.125000 993.179871 0.000000 1717.255981
36863.125000 993.179871 0.000000 1717.345947
36863.125000 993.179871 0.000000 1717.456055
36863.125000 993.179871 0.000000 1717.547974
36863.125000 993.179871 0.000000 1717.667969
36863.125000 993.179871 0.000000 1717.767944
36863.125000 993.179871 0.000000 1717.855957
36863.125000 993.179871 0.000000 1717.946045
36863.125000 993.179871 0.000000 1718.062988
36863.125000 993.179871 0.000000 1718.145996
36863.125000 993.179871 0.000000 1718.260986
36863.125000 993.179871 0.000000 1718.358032
36863.125000 993.179871 0.000000 1718.458008
36863.125000 993.179871 0.000000 1718.561035
36863.125000 993.179871 0.000000 1718.656006
36863.125000 993.179871 0.000000 1718.758057
36863.125000 993.179871 0.000000 1718.858032
36863.125000 993.179871 0.000000 1718.958008
36863.125000 993.179871 0.000000 1719.057983
36863.125000 993.179871 0.000000 1719.142944
36863.125000 993.179871 0.000000 1719.260010
36863.125000 993.179871 0.000000 1719.358032
36863.125000 993.179871 0.000000 1719.459961
36863.125000 993.179871 0.000000 1719.566040
36863.125000 993.179871 0.000000 1719.657959
36863.125000 993.179871 0.000000 1719.758057
36863.125000 993.179871 0.000000 1719.858032
36863.125000 993.179871 0.000000 1719.958008
36863.125000 993.179871 0.000000 1720.067017
36863.125000 993.179871 0.000000 1720.161987
36863.125000 993.179871 0.000000 1720.265991
36863.125000 993.179871 0.000000 1720.364990
36863.125000 993.179871 0.000000 1720.458008
36863.125000 993.179871 0.000000 1720.557983
36863.125000 993.179871 0.000000 1720.657959
36863.125000 993.179871 0.000000 1720.758057
36863.125000 993.179871 0.000000 1720.864014
36863.125000 993.179871 0.000000 1720.958008
36863.125000 993.179871 0.000000 1721.053955
36863.125000 993.179871 0.000000 1721.160034
36863.125000 993.179871 0.000000 1721.262939
36863.125000 993.179871 0.000000 1721.364990
36863.125000 993.179871 0.000000 1721.459961
36863.125000 993.179871 0.000000 1721.560059
36863.125000 993.179871 0.000000 1721.661987
36863.125000 993.179871 0.000000 1721.769043
36863.125000 993.179871 0.000000 1721.869019
36863.125000 993.179871 0.000000 1721.968994
36863.125000 993.179871 0.000000 1722.068970
36863.125000 993.179871 0.000000 1722.168945
36863.125000 993.179871 0.000000 1722.265015
36863.125000 993.179871 0.000000 1722.359985
36863.125000 993.179871 0.000000 1722.449951
36863.125000 993.179871 0.000000 1722.560059
36863.125000 993.179871 0.000000 1722.665039
36863.125000 993.179871 0.000000 1722.765015
36863.125000 993.179871 0.000000 1722.859985
36863.125000 993.179871 0.000000 1722.973999
36863.125000 993.179871 0.000000 1723.066040
36863.125000 993.179871 0.000000 1723.166992
36863.125000 993.179871 0.000000 1723.265015
36863.125000 993.179871 0.000000 1723.369995
36863.125000 993.179871 0.000000 1723.464966
36863.125000 993.179871 0.000000 1723.564941
36863.125000 993.179871 0.000000 1723.665039
36863.125000 993.179871 0.000000 1723.771973
36863.125000 993.179871 0.000000 1723.864990
36863.125000 993.179871 0.000000 1723.964966
36863.125000 993.179871 0.000000 1724.064941
36863.125000 993.179871 0.000000 1724.170044
36863.125000 993.179871 0.000000 1724.265991
36863.125000 993.179871 0.000000 1724.360962
36863.125000 993.179871 0.000000 1724.483032
36863.125000 993.179871 0.000000 1724.567993
36863.125000 993.179871 0.000000 1724.675049
36863.125000 993.179871 0.000000 1724.775024
36863.125000 993.179871 0.000000 1724.875000
36863.125000 993.179871 0.000000 1724.968018
36863.125000 993.179871 0.000000 1725.062988
36863.125000 993.179871 0.000000 1725.167969
36863.125000 993.179871 0.000000 1725.267944
36863.125000 993.179871 0.000000 1725.373047
36863.125000 993.179871 0.000000 1725.473022
36863.125000 993.179871 0.000000 1725.567993
36863.125000 993.179871 0.000000 1725.672974
36863.125000 993.179871 0.000000 1725.777954
36863.125000 993.179871 0.000000 1725.873047
36863.125000 993.179871 0.000000 1725.973022
36863.125000 993.179871 0.000000 1726.072998
36863.125000 993.179871 0.000000 1726.173950
36863.125000 993.179871 0.000000 1726.274048
36863.125000 993.179871 0.000000 1726.366943
36863.125000 993.179871 0.000000 1726.467041
36863.125000 993.179871 0.000000 1726.572021
36863.125000 993.179871 0.000000 1726.666992
36863.125000 993.179871 0.000000 1726.766968
36863.125000 993.179871 0.000000 1726.868042
36863.125000 993.179871 0.000000 1726.967041
36863.125000 993.179871 0.000000 1727.046997
36863.125000 993.179871 0.000000 1727.166992
36863.125000 993.179871 0.000000 1727.266968
36863.125000 993.179871 0.000000 1727.366943
36863.125000 993.179871 0.000000 1727.472046
36863.125000 993.179871 0.000000 1727.567993
36863.125000 993.179871 0.000000 1727.671997
36863.125000 993.179871 0.000000 1727.771973
36863.125000 993.179871 0.000000 1727.871948
36863.125000 993.179871 0.000000 1727.972046
36863.125000 993.179871 0.000000 1728.067017
36863.125000 993.179871 0.000000 1728.171997
36863.125000 993.179871 0.000000 1728.261963
36863.125000 993.179871 0.000000 1728.380005
36863.125000 993.179871 0.000000 1728.467041
36863.125000 993.179871 0.000000 1728.567993
36863.125000 993.179871 0.000000 1728.666992
36863.125000 993.179871 0.000000 1728.771973
36863.125000 993.179871 0.000000 1728.873047
36863.125000 993.179871 0.000000 1728.967041
36863.125000 993.179871 0.000000 1729.067017
36863.125000 993.179871 0.000000 1729.166992
36863.125000 993.179871 0.000000 1729.272949
36863.125000 993.179871 0.000000 1729.375977
36863.125000 993.179871 0.000000 1729.477051
36863.125000 993.179871 0.000000 1729.563965
36863.125000 993.179871 0.000000 1729.666992
36863.125000 993.179871 0.000000 1729.780029
36863.125000 993.179871 0.000000 1729.880005
36863.125000 993.179871 0.000000 1729.979980
36863.125000 993.179871 0.000000 1730.062012
36863.125000 993.179871 0.000000 1730.167969
36863.125000 993.179871 0.000000 1730.271973
36863.125000 993.179871 0.000000 1730.366943
36863.125000 993.179871 0.000000 1730.467041
36863.125000 993.179871 0.000000 1730.572021
36863.125000 993.179871 0.000000 1730.672974
36863.125000 993.179871 0.000000 1730.777954
36863.125000 993.179871 0.000000 1730.871948
36863.125000 993.179871 0.000000 1730.967041
36863.125000 993.179871 0.000000 1731.078003
36863.125000 993.179871 0.000000 1731.180054
36863.125000 993.179871 0.000000 1731.271973
36863.125000 993.179871 0.000000 1731.371948
36863.125000 993.179871 0.000000 1731.462036
36863.125000 993.179871 0.000000 1731.572998
36863.125000 993.179871 0.000000 1731.668945
36863.125000 993.179871 0.000000 1731.767944
36863.125000 993.179871 0.000000 1731.871948
36863.125000 993.179871 0.000000 1731.977051
36863.125000 993.179871 0.000000 1732.077026
36863.125000 993.179871 0.000000 1732.172974
36863.125000 993.179871 0.000000 1732.274048
36863.125000 993.179871 0.000000 1732.369019
36863.125000 993.179871 0.000000 1732.477051
36863.125000 993.179871 0.000000 1732.577026
36863.125000 993.179871 0.000000 1732.670044
36863.125000 993.179871 0.000000 1732.774048
36863.125000 993.179871 0.000000 1732.879028
36863.125000 993.179871 0.000000 1732.963013
36863.125000 993.179871 0.000000 1733.076050
36863.125000 993.179871 0.000000 1733.161011
36863.125000 993.179871 0.000000 1733.274048
36863.125000 993.179871 0.000000 1733.379028
36863.125000 993.179871 0.000000 1733.479004
36863.125000 993.179871 0.000000 1733.578979
36863.125000 993.179871 0.000000 1733.678955
36863.125000 993.179871 0.000000 1733.779053
36863.125000 993.179871 0.000000 1733.884033
36863.125000 993.179871 0.000000 1733.979004
36863.125000 993.179871 0.000000 1734.078979
36863.125000 993.179871 0.000000 1734.178955
36863.125000 993.179871 0.000000 1734.279053
36863.125000 993.179871 0.000000 1734.379028
36863.125000 993.179871 0.000000 1734.479004
36863.125000 993.179871 0.000000 1734.578979
36863.125000 993.179871 0.000000 1734.678955
36863.125000 993.179871 0.000000 1734.774048
36863.125000 993.179871 0.000000 1734.874023
36863.125000 993.179871 0.000000 1734.984009
36863.125000 993.179871 0.000000 1735.078979
36863.125000 993.179871 0.000000 1735.178955
36863.125000 993.179871 0.000000 1735.279053
36863.125000 993.179871 0.000000 1735.379028
36863.125000 993.179871 0.000000 1735.479004
36863.125000 993.179871 0.000000 1735.567993
36863.125000 993.179871 0.000000 1735.671021
36863.125000 993.179871 0.000000 1735.769043
36863.125000 993.179871 0.000000 1735.864014
36863.125000 993.179871 0.000000 1735.968994
36863.125000 993.179871 0.000000 1736.068970
36863.125000 993.179871 0.000000 1736.168945
36863.125000 993.179871 0.000000 1736.270020
36863.125000 993.179871 0.000000 1736.369019
36863.125000 993.179871 0.000000 1736.468994
36863.125000 993.179871 0.000000 1736.568970
36863.125000 993.179871 0.000000 1736.670044
36863.125000 993.179871 0.000000 1736.754028
36863.125000 993.179871 0.000000 1736.869019
36863.125000 993.179871 0.000000 1736.969971
36863.125000 993.179871 0.000000 1737.074951
36863.125000 993.179871 0.000000 1737.168945
36863.125000 993.179871 0.000000 1737.269043
36863.125000 993.179871 0.000000 1737.369019
36863.125000 993.179871 0.000000 1737.458984
36863.125000 993.179871 0.000000 1737.568970
36863.125000 993.179871 0.000000 1737.659058
36863.125000 993.179871 0.000000 1737.769043
36863.125000 993.179871 0.000000 1737.869995
36863.125000 993.179871 0.000000 1737.969971
36863.125000 993.179871 0.000000 1738.071045
36863.125000 993.179871 0.000000 1738.180054
36863.125000 993.179871 0.000000 1738.276001
36863.125000 993.179871 0.000000 1738.369995
36863.125000 993.179871 0.000000 1738.474976
36863.125000 993.179871 0.000000 1738.566040
36863.125000 993.179871 0.000000 1738.670044
36863.125000 993.179871 0.000000 1738.770020
36863.125000 993.179871 0.000000 1738.875977
36863.125000 993.179871 0.000000 1738.975952
36863.125000 993.179871 0.000000 1739.077026
36863.125000 993.179871 0.000000 1739.170044
36863.125000 993.179871 0.000000 1739.270996
36863.125000 993.179871 0.000000 1739.369995
36863.125000 993.179871 0.000000 1739.469971
36863.125000 993.179871 0.000000 1739.579956
36863.125000 993.179871 0.000000 1739.670044
36863.125000 993.179871 0.000000 1739.770020
36863.125000 993.179871 0.000000 1739.871948
36863.125000 993.179871 0.000000 1739.963989
36863.125000 993.179871 0.000000 1740.078979
36863.125000 993.179871 0.000000 1740.176025
36863.125000 993.179871 0.000000 1740.270020
36863.125000 993.179871 0.000000 1740.375977
36863.125000 993.179871 0.000000 1740.479004
36863.125000 993.179871 0.000000 1740.569946
36863.125000 993.179871 0.000000 1740.670044
36863.125000 993.179871 0.000000 1740.772949
36863.125000 993.179871 0.000000 1740.869995
36863.125000 993.179871 0.000000 1740.969971
36863.125000 993.179871 0.000000 1741.069946
36863.125000 993.179871 0.000000 1741.170044
36863.125000 993.179871 0.000000 1741.270020
36863.125000 993.179871 0.000000 1741.375000
36863.125000 993.179871 0.000000 1741.479004
36863.125000 993.179871 0.000000 1741.578979
36863.125000 993.179871 0.000000 1741.678955
36863.125000 993.179871 0.000000 1741.779053
36863.125000 993.179871 0.000000 1741.869995
36863.125000 993.179871 0.000000 1741.969971
36863.125000 993.179871 0.000000 1742.069946
36863.125000 993.179871 0.000000 1742.176025
36863.125000 993.179871 0.000000 1742.270020
36863.125000 993.179871 0.000000 1742.370972
36863.125000 993.179871 0.000000 1742.469971
36863.125000 993.179871 0.000000 1742.569946
36863.125000 993.179871 0.000000 1742.680054
36863.125000 993.179871 0.000000 1742.780029
36863.125000 993.179871 0.000000 1742.869995
36863.125000 993.179871 0.000000 1742.978027
36863.125000 993.179871 0.000000 1743.078003
36863.125000 993.179871 0.000000 1743.172974
36863.125000 993.179871 0.000000 1743.272949
36863.125000 993.179871 0.000000 1743.378052
36863.125000 993.179871 0.000000 1743.478027
36863.125000 993.179871 0.000000 1743.578003
36863.125000 993.179871 0.000000 1743.662964
36863.125000 993.179871 0.000000 1743.760010
36863.125000 993.179871 0.000000 1743.869995
36863.125000 993.179871 0.000000 1743.969971
36863.125000 993.179871 0.000000 1744.076050
36863.125000 993.179871 0.000000 1744.177979
36863.125000 993.179871 0.000000 1744.265015
36863.125000 993.179871 0.000000 1744.369995
36863.125000 993.179871 0.000000 1744.474976
36863.125000 993.179871 0.000000 1744.577026
36863.125000 993.179871 0.000000 1744.677002
36863.125000 993.179871 0.000000 1744.775024
36863.125000 993.179871 0.000000 1744.869019
36863.125000 993.179871 0.000000 1744.968994
36863.125000 993.179871 0.000000 1745.068970
36863.125000 993.179871 0.000000 1745.168945
36863.125000 993.179871 0.000000 1745.269043
36863.125000 993.179871 0.000000 1745.381958
36863.125000 993.179871 0.000000 1745.473999
36863.125000 993.179871 0.000000 1745.558960
36863.125000 993.179871 0.000000 1745.666992
36863.125000 993.179871 0.000000 1745.764038
36863.125000 993.179871 0.000000 1745.869019
36863.125000 993.179871 0.000000 1745.968994
36863.125000 993.179871 0.000000 1746.053955
36863.125000 993.179871 0.000000 1746.173950
36863.125000 993.179871 0.000000 1746.274048
36863.125000 993.179871 0.000000 1746.364014
36863.125000 993.179871 0.000000 1746.473999
36863.125000 993.179871 0.000000 1746.572021
36863.125000 993.179871 0.000000 1746.682007
36863.125000 993.179871 0.000000 1746.779053
36863.125000 993.179871 0.000000 1746.879028
36863.125000 993.179871 0.000000 1746.979004
36863.125000 993.179871 0.000000 1747.071045
36863.125000 993.179871 0.000000 1747.176025
36863.125000 993.179871 0.000000 1747.270996
36863.125000 993.179871 0.000000 1747.375977
36863.125000 993.179871 0.000000 1747.473999
36863.125000 993.179871 0.000000 1747.578979
36863.125000 993.179871 0.000000 1747.678955
36863.125000 993.179871 0.000000 1747.770020
36863.125000 993.179871 0.000000 1747.868042
36863.125000 993.179871 0.000000 1747.973022
36863.125000 993.179871 0.000000 1748.072998
36863.125000 993.179871 0.000000 1748.173950
36863.125000 993.179871 0.000000 1748.276001
36863.125000 993.179871 0.000000 1748.379028
36863.125000 993.179871 0.000000 1748.473022
36863.125000 993.179871 0.000000 1748.572998
36863.125000 993.179871 0.000000 1748.670044
36863.125000 993.179871 0.000000 1748.776978
36863.125000 993.179871 0.000000 1748.875000
36863.125000 993.179871 0.000000 1748.972046
36863.125000 993.179871 0.000000 1749.072021
36863.125000 993.179871 0.000000 1749.171997
36863.125000 993.179871 0.000000 1749.276978
36863.125000 993.179871 0.000000 1749.371948
36863.125000 993.179871 0.000000 1749.472046
36863.125000 993.179871 0.000000 1749.579956
36863.125000 993.179871 0.000000 1749.680054
36863.125000 993.179871 0.000000 1749.777954
36863.125000 993.179871 0.000000 1749.873047
36863.125000 993.179871 0.000000 1749.977051
36863.125000 993.179871 0.000000 1750.072021
36863.125000 993.179871 0.000000 1750.172974
36863.125000 993.179871 0.000000 1750.272949
36863.125000 993.179871 0.000000 1750.383057
36863.125000 993.179871 0.000000 1750.478027
36863.125000 993.179871 0.000000 1750.583008
36863.125000 993.179871 0.000000 1750.677979
36863.125000 993.179871 0.000000 1750.782959
36863.125000 993.179871 0.000000 1750.878052
36863.125000 993.179871 0.000000 1750.983032
36863.125000 993.179871 0.000000 1751.083008
36863.125000 993.179871 0.000000 1751.182983
36863.125000 993.179871 0.000000 1751.282959
36863.125000 993.179871 0.000000 1751.383057
36863.125000 993.179871 0.000000 1751.483032
36863.125000 993.179871 0.000000 1751.572998
36863.125000 993.179871 0.000000 1751.682983
36863.125000 993.179871 0.000000 1751.782959
36863.125000 993.179871 0.000000 1751.873047
36863.125000 993.179871 0.000000 1751.968994
36863.125000 993.179871 0.000000 1752.073975
36863.125000 993.179871 0.000000 1752.178955
36863.125000 993.179871 0.000000 1752.264038
36863.125000 993.179871 0.000000 1752.374023
36863.125000 993.179871 0.000000 1752.468994
36863.125000 993.179871 0.000000 1752.573975
36863.125000 993.179871 0.000000 1752.673950
36863.125000 993.179871 0.000000 1752.774048
36863.125000 993.179871 0.000000 1752.874023
36863.125000 993.179871 0.000000 1752.958984
36863.125000 993.179871 0.000000 1753.068970
36863.125000 993.179871 0.000000 1753.168945
36863.125000 993.179871 0.000000 1753.274048
36863.125000 993.179871 0.000000 1753.375000
36863.125000 993.179871 0.000000 1753.473999
36863.125000 993.179871 0.000000 1753.573975
36863.125000 993.179871 0.000000 1753.671997
36863.125000 993.179871 0.000000 1753.764038
36863.125000 993.179871 0.000000 1753.869019
36863.125000 993.179871 0.000000 1753.968994
36863.125000 993.179871 0.000000 1754.068970
36863.125000 993.179871 0.000000 1754.168945
36863.125000 993.179871 0.000000 1754.269043
36863.125000 993.179871 0.000000 1754.374023
36863.125000 993.179871 0.000000 1754.468994
36863.125000 993.179871 0.000000 1754.573975
36863.125000 993.179871 0.000000 1754.671021
36863.125000 993.179871 0.000000 1754.775024
36863.125000 993.179871 0.000000 1754.870972
36863.125000 993.179871 0.000000 1754.968994
36863.125000 993.179871 0.000000 1755.069946
36863.125000 993.179871 0.000000 1755.168945
36863.125000 993.179871 0.000000 1755.275024
36863.125000 993.179871 0.000000 1755.375000
36863.125000 993.179871 0.000000 1755.459961
36863.125000 993.179871 0.000000 1755.566040
36863.125000 993.179871 0.000000 1755.671021
36863.125000 993.179871 0.000000 1755.770996
36863.125000 993.179871 0.000000 1755.870972
36863.125000 993.179871 0.000000 1755.961060
36863.125000 993.179871 0.000000 1756.066040
36863.125000 993.179871 0.000000 1756.181030
36863.125000 993.179871 0.000000 1756.281006
36863.125000 993.179871 0.000000 1756.380981
36863.125000 993.179871 0.000000 1756.470947
36863.125000 993.179871 0.000000 1756.571045
36863.125000 993.179871 0.000000 1756.671021
36863.125000 993.179871 0.000000 1756.770996
36863.125000 993.179871 0.000000 1756.870972
36863.125000 993.179871 0.000000 1756.970947
36863.125000 993.179871 0.000000 1757.071045
36863.125000 993.179871 0.000000 1757.176025
36863.125000 993.179871 0.000000 1757.276001
36863.125000 993.179871 0.000000 1757.380981
36863.125000 993.179871 0.000000 1757.475952
36863.125000 993.179871 0.000000 1757.581055
36863.125000 993.179871 0.000000 1757.681030
36863.125000 993.179871 0.000000 1757.781006
36863.125000 993.179871 0.000000 1757.880005
36863.125000 993.179871 0.000000 1757.957031
36863.125000 993.179871 0.000000 1758.078003
36863.125000 993.179871 0.000000 1758.171021
36863.125000 993.179871 0.000000 1758.271973
36863.125000 993.179871 0.000000 1758.370972
36863.125000 993.179871 0.000000 1758.470947
36863.125000 993.179871 0.000000 1758.561035
36863.125000 993.179871 0.000000 1758.671021
36863.125000 993.179871 0.000000 1758.770996
36863.125000 993.179871 0.000000 1758.885010
36863.125000 993.179871 0.000000 1758.979980
36863.125000 993.179871 0.000000 1759.079956
36863.125000 993.179871 0.000000 1759.171021
36863.125000 993.179871 0.000000 1759.276001
36863.125000 993.179871 0.000000 1759.366943
36863.125000 993.179871 0.000000 1759.472046
36863.125000 993.179871 0.000000 1759.571045
36863.125000 993.179871 0.000000 1759.671021
36863.125000 993.179871 0.000000 1759.781006
36863.125000 993.179871 0.000000 1759.860962
36863.125000 993.179871 0.000000 1759.974976
36863.125000 993.179871 0.000000 1760.062012
36863.125000 993.179871 0.000000 1760.175049
36863.125000 993.179871 0.000000 1760.271973
36863.125000 993.179871 0.000000 1760.364990
36863.125000 993.179871 0.000000 1760.467041
36863.125000 993.179871 0.000000 1760.571045
36863.125000 993.179871 0.000000 1760.675049
36863.125000 993.179871 0.000000 1760.765015
36863.125000 993.179871 0.000000 1760.864990
36863.125000 993.179871 0.000000 1760.959961
36863.125000 993.179871 0.000000 1761.064941
36863.125000 993.179871 0.000000 1761.173950
36863.125000 993.179871 0.000000 1761.269043
36863.125000 993.179871 0.000000 1761.364014
36863.125000 993.179871 0.000000 1761.453979
36863.125000 993.179871 0.000000 1761.558960
36863.125000 993.179871 0.000000 1761.678955
36863.125000 993.179871 0.000000 1761.784058
36863.125000 993.179871 0.000000 1761.880981
36863.125000 993.179871 0.000000 1761.973999
36863.125000 993.179871 0.000000 1762.078979
36863.125000 993.179871 0.000000 1762.178955
36863.125000 993.179871 0.000000 1762.275024
36863.125000 993.179871 0.000000 1762.379028
36863.125000 993.179871 0.000000 1762.475952
36863.125000 993.179871 0.000000 1762.573975
36863.125000 993.179871 0.000000 1762.673950
36863.125000 993.179871 0.000000 1762.767944
36863.125000 993.179871 0.000000 1762.878052
36863.125000 993.179871 0.000000 1762.982056
36863.125000 993.179871 0.000000 1763.073975
36863.125000 993.179871 0.000000 1763.172974
36863.125000 993.179871 0.000000 1763.272949
36863.125000 993.179871 0.000000 1763.368042
36863.125000 993.179871 0.000000 1763.483032
36863.125000 993.179871 0.000000 1763.583008
36863.125000 993.179871 0.000000 1763.672974
36863.125000 993.179871 0.000000 1763.772949
36863.125000 993.179871 0.000000 1763.874023
36863.125000 993.179871 0.000000 1763.973022
36863.125000 993.179871 0.000000 1764.072998
36863.125000 993.179871 0.000000 1764.178955
36863.125000 993.179871 0.000000 1764.272949
36863.125000 993.179871 0.000000 1764.378052
36863.125000 993.179871 0.000000 1764.473022
36863.125000 993.179871 0.000000 1764.572021
36863.125000 993.179871 0.000000 1764.682007
36863.125000 993.179871 0.000000 1764.779053
36863.125000 993.179871 0.000000 1764.879028
36863.125000 993.179871 0.000000 1764.973022
36863.125000 993.179871 0.000000 1765.072998
36863.125000 993.179871 0.000000 1765.172974
36863.125000 993.179871 0.000000 1765.274048
36863.125000 993.179871 0.000000 1765.378052
36863.125000 993.179871 0.000000 1765.473022
36863.125000 993.179871 0.000000 1765.572998
36863.125000 993.179871 0.000000 1765.682983
36863.125000 993.179871 0.000000 1765.784058
36863.125000 993.179871 0.000000 1765.875977
36863.125000 993.179871 0.000000 1765.980957
36863.125000 993.179871 0.000000 1766.076050
36863.125000 993.179871 0.000000 1766.176025
36863.125000 993.179871 0.000000 1766.270996
36863.125000 993.179871 0.000000 1766.380981
36863.125000 993.179871 0.000000 1766.470947
36863.125000 993.179871 0.000000 1766.572021
36863.125000 993.179871 0.000000 1766.676025
36863.125000 993.179871 0.000000 1766.776001
36863.125000 993.179871 0.000000 1766.870972
36863.125000 993.179871 0.000000 1766.972046
36863.125000 993.179871 0.000000 1767.076050
36863.125000 993.179871 0.000000 1767.171997
36863.125000 993.179871 0.000000 1767.266968
36863.125000 993.179871 0.000000 1767.376953
36863.125000 993.179871 0.000000 1767.462036
36863.125000 993.179871 0.000000 1767.572021
36863.125000 993.179871 0.000000 1767.682007
36863.125000 993.179871 0.000000 1767.781982
36863.125000 993.179871 0.000000 1767.868042
36863.125000 993.179871 0.000000 1767.973999
36863.125000 993.179871 0.000000 1768.079956
36863.125000 993.179871 0.000000 1768.173950
36863.125000 993.179871 0.000000 1768.281982
36863.125000 993.179871 0.000000 1768.381958
36863.125000 993.179871 0.000000 1768.482056
36863.125000 993.179871 0.000000 1768.582031
36863.125000 993.179871 0.000000 1768.677979
36863.125000 993.179871 0.000000 1768.772949
36863.125000 993.179871 0.000000 1768.878052
36863.125000 993.179871 0.000000 1768.973022
36863.125000 993.179871 0.000000 1769.072998
36863.125000 993.179871 0.000000 1769.172974
36863.125000 993.179871 0.000000 1769.272949
36863.125000 993.179871 0.000000 1769.374023
36863.125000 993.179871 0.000000 1769.473999
36863.125000 993.179871 0.000000 1769.573975
36863.125000 993.179871 0.000000 1769.677002
36863.125000 993.179871 0.000000 1769.782959
36863.125000 993.179871 0.000000 1769.875000
36863.125000 993.179871 0.000000 1769.974976
36863.125000 993.179871 0.000000 1770.083008
36863.125000 993.179871 0.000000 1770.182983
36863.125000 993.179871 0.000000 1770.277954
36863.125000 993.179871 0.000000 1770.378052
36863.125000 993.179871 0.000000 1770.479980
36863.125000 993.179871 0.000000 1770.581055
36863.125000 993.179871 0.000000 1770.682007
36863.125000 993.179871 0.000000 1770.776001
36863.125000 993.179871 0.000000 1770.886963
36863.125000 993.179871 0.000000 1770.979004
36863.125000 993.179871 0.000000 1771.078003
36863.125000 993.179871 0.000000 1771.172974
36863.125000 993.179871 0.000000 1771.277954
36863.125000 993.179871 0.000000 1771.386963
36863.125000 993.179871 0.000000 1771.487061
36863.125000 993.179871 0.000000 1771.587036
36863.125000 993.179871 0.000000 1771.687012
36863.125000 993.179871 0.000000 1771.790039
36863.125000 993.179871 0.000000 1771.878052
36863.125000 993.179871 0.000000 1771.984009
36863.125000 993.179871 0.000000 1772.078003
36863.125000 993.179871 0.000000 1772.177979
36863.125000 993.179871 0.000000 1772.277954
36863.125000 993.179871 0.000000 1772.378052
36863.125000 993.179871 0.000000 1772.478027
36863.125000 993.179871 0.000000 1772.578979
36863.125000 993.179871 0.000000 1772.677979
36863.125000 993.179871 0.000000 1772.777954
36863.125000 993.179871 0.000000 1772.883057
36863.125000 993.179871 0.000000 1772.978027
36863.125000 993.179871 0.000000 1773.078003
36863.125000 993.179871 0.000000 1773.182983
36863.125000 993.179871 0.000000 1773.279053
36863.125000 993.179871 0.000000 1773.378052
36863.125000 993.179871 0.000000 1773.483032
36863.125000 993.179871 0.000000 1773.578003
36863.125000 993.179871 0.000000 1773.672974
36863.125000 993.179871 0.000000 1773.785034
36863.125000 993.179871 0.000000 1773.885986
36863.125000 993.179871 0.000000 1773.978027
36863.125000 993.179871 0.000000 1774.078003
36863.125000 993.179871 0.000000 1774.187988
36863.125000 993.179871 0.000000 1774.285034
36863.125000 993.179871 0.000000 1774.378052
36863.125000 993.179871 0.000000 1774.478027
36863.125000 993.179871 0.000000 1774.578003
36863.125000 993.179871 0.000000 1774.677979
36863.125000 993.179871 0.000000 1774.787964
36863.125000 993.179871 0.000000 1774.883057
36863.125000 993.179871 0.000000 1774.983032
36863.125000 993.179871 0.000000 1775.092041
36863.125000 993.179871 0.000000 1775.185059
36863.125000 993.179871 0.000000 1775.282959
36863.125000 993.179871 0.000000 1775.383057
36863.125000 993.179871 0.000000 1775.483032
36863.125000 993.179871 0.000000 1775.583008
36863.125000 993.179871 0.000000 1775.677979
36863.125000 993.179871 0.000000 1775.777954
36863.125000 993.179871 0.000000 1775.868042
36863.125000 993.179871 0.000000 1775.983032
36863.125000 993.179871 0.000000 1776.083008
36863.125000 993.179871 0.000000 1776.182983
36863.125000 993.179871 0.000000 1776.282959
36863.250000 993.179871 0.000000 1776.383057
36863.250000 993.179871 0.000000 1776.483032
36863.250000 993.179871 0.000000 1776.583008
36863.250000 993.179871 0.000000 1776.686035
36863.250000 993.179871 0.000000 1776.782959
36863.250000 993.179871 0.000000 1776.883057
36863.250000 993.179871 0.000000 1776.983032
36863.250000 993.179871 0.000000 1777.078003
36863.250000 993.179871 0.000000 1777.178955
36863.250000 993.179871 0.000000 1777.282959
36863.250000 993.179871 0.000000 1777.373047
36863.250000 993.179871 0.000000 1777.483032
36863.250000 993.179871 0.000000 1777.588989
36863.250000 993.179871 0.000000 1777.683960
36863.250000 993.179871 0.000000 1777.782959
36863.250000 993.179871 0.000000 1777.883057
36863.250000 993.179871 0.000000 1777.984985
36863.250000 993.179871 0.000000 1778.078003
36863.250000 993.179871 0.000000 1778.177979
36863.250000 993.179871 0.000000 1778.277954
36863.250000 993.179871 0.000000 1778.387939
36863.250000 993.179871 0.000000 1778.483032
36863.250000 993.179871 0.000000 1778.583008
36863.250000 993.179871 0.000000 1778.682983
36863.250000 993.179871 0.000000 1778.787964
36863.250000 993.179871 0.000000 1778.890015
36863.250000 993.179871 0.000000 1778.983032
36863.250000 993.179871 0.000000 1779.083008
36863.250000 993.179871 0.000000 1779.188965
36863.250000 993.179871 0.000000 1779.285034
36863.250000 993.179871 0.000000 1779.390015
36863.250000 993.179871 0.000000 1779.489990
36863.250000 993.179871 0.000000 1779.568970
36863.250000 993.179871 0.000000 1779.687988
36863.250000 993.179871 0.000000 1779.782959
36863.250000 993.179871 0.000000 1779.883057
36863.250000 993.179871 0.000000 1779.983032
36863.250000 993.179871 0.000000 1780.084961
36863.250000 993.179871 0.000000 1780.185059
36863.250000 993.179871 0.000000 1780.277954
36863.250000 993.179871 0.000000 1780.383057
36863.250000 993.179871 0.000000 1780.484009
36863.250000 993.179871 0.000000 1780.583008
36863.250000 993.179871 0.000000 1780.688965
36863.250000 993.179871 0.000000 1780.787964
36863.250000 993.179871 0.000000 1780.889038
36863.250000 993.179871 0.000000 1780.988037
36863.250000 993.179871 0.000000 1781.083008
36863.250000 993.179871 0.000000 1781.182983
36863.250000 993.179871 0.000000 1781.285034
36863.250000 993.179871 0.000000 1781.383057
36863.250000 993.179871 0.000000 1781.483032
36863.250000 993.179871 0.000000 1781.578003
36863.250000 993.179871 0.000000 1781.683960
36863.250000 993.179871 0.000000 1781.786011
36863.250000 993.179871 0.000000 1781.874023
36863.250000 993.179871 0.000000 1781.984009
36863.250000 993.179871 0.000000 1782.083984
36863.250000 993.179871 0.000000 1782.183960
36863.250000 993.179871 0.000000 1782.281006
36863.250000 993.179871 0.000000 1782.392944
36863.250000 993.179871 0.000000 1782.489014
36863.250000 993.179871 0.000000 1782.578979
36863.250000 993.179871 0.000000 1782.688965
36863.250000 993.179871 0.000000 1782.791016
36863.250000 993.179871 0.000000 1782.889038
36863.250000 993.179871 0.000000 1782.989014
36863.250000 993.179871 0.000000 1783.083984
36863.250000 993.179871 0.000000 1783.183960
36863.250000 993.179871 0.000000 1783.293945
36863.250000 993.179871 0.000000 1783.391968
36863.250000 993.179871 0.000000 1783.496948
36863.250000 993.179871 0.000000 1783.597046
36863.250000 993.179871 0.000000 1783.697021
36863.250000 993.179871 0.000000 1783.796997
36863.250000 993.179871 0.000000 1783.896973
36863.250000 993.179871 0.000000 1783.996948
36863.250000 993.179871 0.000000 1784.097046
36863.250000 993.179871 0.000000 1784.197021
36863.250000 993.179871 0.000000 1784.296997
36863.250000 993.179871 0.000000 1784.392944
36863.250000 993.179871 0.000000 1784.483032
36863.250000 993.179871 0.000000 1784.593018
36863.250000 993.179871 0.000000 1784.687012
36863.250000 993.179871 0.000000 1784.785034
36863.250000 993.179871 0.000000 1784.885010
36863.250000 993.179871 0.000000 1784.989014
36863.250000 993.179871 0.000000 1785.079956
36863.250000 993.179871 0.000000 1785.185059
36863.250000 993.179871 0.000000 1785.285034
36863.250000 993.179871 0.000000 1785.384033
36863.250000 993.179871 0.000000 1785.489014
36863.250000 993.179871 0.000000 1785.592041
36863.250000 993.179871 0.000000 1785.688965
36863.250000 993.179871 0.000000 1785.784058
36863.250000 993.179871 0.000000 1785.899048
36863.250000 993.179871 0.000000 1785.984009
36863.250000 993.179871 0.000000 1786.083984
36863.250000 993.179871 0.000000 1786.173950
36863.250000 993.179871 0.000000 1786.285034
36863.250000 993.179871 0.000000 1786.389038
36863.250000 993.179871 0.000000 1786.485962
36863.250000 993.179871 0.000000 1786.583984
36863.250000 993.179871 0.000000 1786.678955
36863.250000 993.179871 0.000000 1786.790039
36863.250000 993.179871 0.000000 1786.889038
36863.250000 993.179871 0.000000 1786.984009
36863.250000 993.179871 0.000000 1787.084961
36863.250000 993.179871 0.000000 1787.178955
36863.250000 993.179871 0.000000 1787.288940
36863.250000 993.179871 0.000000 1787.391968
36863.250000 993.179871 0.000000 1787.491943
36863.250000 993.179871 0.000000 1787.592041
36863.250000 993.179871 0.000000 1787.685059
36863.250000 993.179871 0.000000 1787.788940
36863.250000 993.179871 0.000000 1787.884033
36863.375000 993.179871 0.000000 1787.984009
36863.375000 993.179871 0.000000 1788.088989
36863.375000 993.179871 0.000000 1788.183960
36863.375000 993.179871 0.000000 1788.286987
36863.375000 993.179871 0.000000 1788.386963
36863.375000 993.179871 0.000000 1788.490967
36863.375000 993.179871 0.000000 1788.586060
36863.375000 993.179871 0.000000 1788.692993
36863.375000 993.179871 0.000000 1788.792969
36863.375000 993.179871 0.000000 1788.892944
36863.375000 993.179871 0.000000 1788.985962
36863.375000 993.179871 0.000000 1789.086060
36863.375000 993.179871 0.000000 1789.186035
36863.375000 993.179871 0.000000 1789.286987
36863.375000 993.179871 0.000000 1789.385986
36863.375000 993.179871 0.000000 1789.490967
36863.375000 993.179871 0.000000 1789.594971
36863.375000 993.179871 0.000000 1789.694946
36863.375000 993.179871 0.000000 1789.795044
36863.375000 993.179871 0.000000 1789.895020
36863.375000 993.179871 0.000000 1789.994995
36863.375000 993.179871 0.000000 1790.094971
36863.375000 993.179871 0.000000 1790.194946
36863.375000 993.179871 0.000000 1790.295044
36863.375000 993.179871 0.000000 1790.400024
36863.375000 993.179871 0.000000 1790.500000
36863.375000 993.179871 0.000000 1790.594971
36863.375000 993.179871 0.000000 1790.699951
36863.375000 993.179871 0.000000 1790.800049
36863.375000 993.179871 0.000000 1790.900024
36863.375000 993.179871 0.000000 1790.998047
36863.375000 993.179871 0.000000 1791.095947
36863.375000 993.179871 0.000000 1791.191040
36863.375000 993.179871 0.000000 1791.291016
36863.375000 993.179871 0.000000 1791.390991
36863.375000 993.179871 0.000000 1791.490967
36863.375000 993.179871 0.000000 1791.590942
36863.375000 993.179871 0.000000 1791.681030
36863.375000 993.179871 0.000000 1791.796021
36863.375000 993.179871 0.000000 1791.900024
36863.375000 993.179871 0.000000 1792.000000
36863.375000 993.179871 0.000000 1792.094971
36863.375000 993.179871 0.000000 1792.187012
36863.375000 993.179871 0.000000 1792.281006
36863.375000 993.179871 0.000000 1792.390991
36863.375000 993.179871 0.000000 1792.489990
36863.375000 993.179871 0.000000 1792.590942
36863.375000 993.179871 0.000000 1792.696045
36863.375000 993.179871 0.000000 1792.791016
36863.375000 993.179871 0.000000 1792.892944
36863.375000 993.179871 0.000000 1792.989990
36863.375000 993.179871 0.000000 1793.083008
36863.375000 993.179871 0.000000 1793.192993
36863.375000 993.179871 0.000000 1793.282959
36863.375000 993.179871 0.000000 1793.397949
36863.375000 993.179871 0.000000 1793.498047
36863.375000 993.179871 0.000000 1793.597046
36863.375000 993.179871 0.000000 1793.702026
36863.375000 993.179871 0.000000 1793.810059
36863.375000 993.179871 0.000000 1793.904053
36863.375000 993.179871 0.000000 1793.994995
36863.375000 993.179871 0.000000 1794.098999
36863.375000 993.179871 0.000000 1794.203979
36863.375000 993.179871 0.000000 1794.303955
36863.375000 993.179871 0.000000 1794.405029
36863.375000 993.179871 0.000000 1794.504028
36863.375000 993.179871 0.000000 1794.604004
36863.375000 993.179871 0.000000 1794.709961
36863.375000 993.179871 0.000000 1794.813965
36863.375000 993.179871 0.000000 1794.904053
36863.375000 993.179871 0.000000 1795.009033
36863.375000 993.179871 0.000000 1795.114014
36863.375000 993.179871 0.000000 1795.208984
36863.375000 993.179871 0.000000 1795.313965
36863.375000 993.179871 0.000000 1795.413940
36863.375000 993.179871 0.000000 1795.511963
36863.375000 993.179871 0.000000 1795.616943
36863.375000 993.179871 0.000000 1795.709961
36863.375000 993.179871 0.000000 1795.808960
36863.375000 993.179871 0.000000 1795.904053
36863.375000 993.179871 0.000000 1796.005005
36863.375000 993.179871 0.000000 1796.107056
36863.375000 993.179871 0.000000 1796.204956
36863.375000 993.179871 0.000000 1796.305054
36863.375000 993.179871 0.000000 1796.395020
36863.375000 993.179871 0.000000 1796.510010
36863.375000 993.179871 0.000000 1796.610962
36863.375000 993.179871 0.000000 1796.713013
36863.375000 993.179871 0.000000 1796.802979
36863.375000 993.179871 0.000000 1796.912964
36863.375000 993.179871 0.000000 1797.012939
36863.375000 993.179871 0.000000 1797.113037
36863.375000 993.179871 0.000000 1797.208008
36863.375000 993.179871 0.000000 1797.305054
36863.375000 993.179871 0.000000 1797.405029
36863.375000 993.179871 0.000000 1797.505005
36863.375000 993.179871 0.000000 1797.604980
36863.375000 993.179871 0.000000 1797.704956
36863.375000 993.179871 0.000000 1797.811035
36863.375000 993.179871 0.000000 1797.900024
36863.375000 993.179871 0.000000 1798.003052
36863.375000 993.179871 0.000000 1798.093018
36863.375000 993.179871 0.000000 1798.192993
36863.375000 993.179871 0.000000 1798.307983
36863.375000 993.179871 0.000000 1798.404053
36863.375000 993.179871 0.000000 1798.503052
36863.375000 993.179871 0.000000 1798.603027
36863.375000 993.179871 0.000000 1798.708008
36863.375000 993.179871 0.000000 1798.814941
36863.375000 993.179871 0.000000 1798.910034
36863.375000 993.179871 0.000000 1799.005005
36863.375000 993.179871 0.000000 1799.109985
36863.375000 993.179871 0.000000 1799.189941
36863.375000 993.179871 0.000000 1799.305054
36863.375000 993.179871 0.000000 1799.411011
36863.375000 993.179871 0.000000 1799.505005
36863.375000 993.179871 0.000000 1799.602051
36863.375000 993.179871 0.000000 1799.717041
36863.375000 993.179871 0.000000 1799.817017
36863.375000 993.179871 0.000000 1799.916992
36863.375000 993.179871 0.000000 1800.016968
36863.375000 993.179871 0.000000 1800.108032
36863.375000 993.179871 0.000000 1800.208008
36863.375000 993.179871 0.000000 1800.307007
36863.375000 993.179871 0.000000 1800.410034
36863.375000 993.179871 0.000000 1800.515015
36863.375000 993.179871 0.000000 1800.614990
36863.375000 993.179871 0.000000 1800.712036
36863.500000 993.179871 0.000000 1800.812012
36863.500000 993.179871 0.000000 1800.906982
36863.500000 993.179871 0.000000 1801.010010
36863.500000 993.179871 0.000000 1801.114990
36863.500000 993.179871 0.000000 1801.214966
36863.500000 993.179871 0.000000 1801.313965
36863.500000 993.179871 0.000000 1801.406982
36863.500000 993.179871 0.000000 1801.511963
36863.500000 993.179871 0.000000 1801.612061
36863.500000 993.179871 0.000000 1801.711060
36863.500000 993.179871 0.000000 1801.807007
36863.500000 993.179871 0.000000 1801.901978
36863.500000 993.179871 0.000000 1802.006958
36863.500000 993.179871 0.000000 1802.102051
36863.500000 993.179871 0.000000 1802.207031
36863.500000 993.179871 0.000000 1802.307007
36863.500000 993.179871 0.000000 1802.410034
36863.500000 993.179871 0.000000 1802.496948
36863.500000 993.179871 0.000000 1802.615967
36863.500000 993.179871 0.000000 1802.711060
36863.500000 993.179871 0.000000 1802.811035
36863.500000 993.179871 0.000000 1802.904053
36863.500000 993.179871 0.000000 1803.009033
36863.500000 993.179871 0.000000 1803.109009
36863.500000 993.179871 0.000000 1803.208984
36863.500000 993.179871 0.000000 1803.303955
36863.500000 993.179871 0.000000 1803.411011
36863.500000 993.179871 0.000000 1803.505981
36863.500000 993.179871 0.000000 1803.605957
36863.500000 993.179871 0.000000 1803.706055
36863.500000 993.179871 0.000000 1803.806030
36863.500000 993.179871 0.000000 1803.905029
36863.500000 993.179871 0.000000 1804.010010
36863.500000 993.179871 0.000000 1804.108032
36863.500000 993.179871 0.000000 1804.194946
36863.500000 993.179871 0.000000 1804.305054
36863.500000 993.179871 0.000000 1804.400024
36863.500000 993.179871 0.000000 1804.505981
36863.500000 993.179871 0.000000 1804.604980
36863.500000 993.179871 0.000000 1804.704956
36863.500000 993.179871 0.000000 1804.805054
36863.500000 993.179871 0.000000 1804.911011
36863.500000 993.179871 0.000000 1805.005005
36863.500000 993.179871 0.000000 1805.104980
36863.500000 993.179871 0.000000 1805.199951
36863.500000 993.179871 0.000000 1805.305054
36863.500000 993.179871 0.000000 1805.405029
36863.500000 993.179871 0.000000 1805.494995
36863.500000 993.179871 0.000000 1805.608032
36863.500000 993.179871 0.000000 1805.706055
36863.500000 993.179871 0.000000 1805.810059
36863.500000 993.179871 0.000000 1805.900024
36863.500000 993.179871 0.000000 1806.010010
36863.500000 993.179871 0.000000 1806.113037
36863.500000 993.179871 0.000000 1806.204956
36863.500000 993.179871 0.000000 1806.305054
36863.500000 993.179871 0.000000 1806.405029
36863.500000 993.179871 0.000000 1806.514038
36863.500000 993.179871 0.000000 1806.614014
36863.500000 993.179871 0.000000 1806.704956
36863.500000 993.179871 0.000000 1806.806030
36863.500000 993.179871 0.000000 1806.910034
36863.500000 993.179871 0.000000 1807.000000
36863.500000 993.179871 0.000000 1807.109985
36863.500000 993.179871 0.000000 1807.206055
36863.500000 993.179871 0.000000 1807.306030
36863.500000 993.179871 0.000000 1807.406006
36863.500000 993.179871 0.000000 1807.505981
36863.500000 993.179871 0.000000 1807.605957
36863.500000 993.179871 0.000000 1807.706055
36863.500000 993.179871 0.000000 1807.806030
36863.500000 993.179871 0.000000 1807.913940
36863.500000 993.179871 0.000000 1808.009033
36863.500000 993.179871 0.000000 1808.109985
36863.500000 993.179871 0.000000 1808.211060
36863.500000 993.179871 0.000000 1808.303955
36863.500000 993.179871 0.000000 1808.404053
36863.500000 993.179871 0.000000 1808.504028
36863.500000 993.179871 0.000000 1808.609985
36863.500000 993.179871 0.000000 1808.704956
36863.500000 993.179871 0.000000 1808.808960
36863.500000 993.179871 0.000000 1808.901001
36863.625000 993.179871 0.000000 1809.009033
36863.625000 993.179871 0.000000 1809.093994
36863.625000 993.179871 0.000000 1809.213989
36863.625000 993.179871 0.000000 1809.310059
36863.625000 993.179871 0.000000 1809.409058
36863.625000 993.179871 0.000000 1809.508057
36863.625000 993.179871 0.000000 1809.609985
36863.625000 993.179871 0.000000 1809.694946
36863.625000 993.179871 0.000000 1809.807983
36863.625000 993.179871 0.000000 1809.907959
36863.625000 993.179871 0.000000 1810.008057
36863.625000 993.179871 0.000000 1810.104004
36863.625000 993.179871 0.000000 1810.217041
36863.625000 993.179871 0.000000 1810.307007
36863.625000 993.179871 0.000000 1810.406982
36863.625000 993.179871 0.000000 1810.511963
36863.625000 993.179871 0.000000 1810.604980
36863.625000 993.179871 0.000000 1810.708008
36863.625000 993.179871 0.000000 1810.802979
36863.625000 993.179871 0.000000 1810.916016
36863.625000 993.179871 0.000000 1811.008057
36863.625000 993.179871 0.000000 1811.103027
36863.625000 993.179871 0.000000 1811.208008
36863.625000 993.179871 0.000000 1811.307983
36863.625000 993.179871 0.000000 1811.406982
36863.625000 993.179871 0.000000 1811.516968
36863.625000 993.179871 0.000000 1811.616943
36863.625000 993.179871 0.000000 1811.715942
36863.625000 993.179871 0.000000 1811.796021
36863.625000 993.179871 0.000000 1811.916016
36863.625000 993.179871 0.000000 1812.015991
36863.625000 993.179871 0.000000 1812.115967
36863.625000 993.179871 0.000000 1812.215942
36863.625000 993.179871 0.000000 1812.316040
36863.625000 993.179871 0.000000 1812.416016
36863.625000 993.179871 0.000000 1812.509033
36863.625000 993.179871 0.000000 1812.607056
36863.625000 993.179871 0.000000 1812.707031
36863.625000 993.179871 0.000000 1812.810059
36863.625000 993.179871 0.000000 1812.907959
36863.625000 993.179871 0.000000 1812.996948
36863.625000 993.179871 0.000000 1813.107056
36863.625000 993.179871 0.000000 1813.207031
36863.625000 993.179871 0.000000 1813.296997
36863.625000 993.179871 0.000000 1813.406982
36863.625000 993.179871 0.000000 1813.510010
36863.625000 993.179871 0.000000 1813.607056
36863.625000 993.179871 0.000000 1813.707031
36863.625000 993.179871 0.000000 1813.807007
36863.625000 993.179871 0.000000 1813.907959
36863.625000 993.179871 0.000000 1814.006958
36863.625000 993.179871 0.000000 1814.108032
36863.625000 993.179871 0.000000 1814.207031
36863.625000 993.179871 0.000000 1814.307007
36863.625000 993.179871 0.000000 1814.416016
36863.625000 993.179871 0.000000 1814.512939
36863.625000 993.179871 0.000000 1814.602051
36863.625000 993.179871 0.000000 1814.708008
36863.625000 993.179871 0.000000 1814.807007
36863.625000 993.179871 0.000000 1814.915039
36863.625000 993.179871 0.000000 1815.006958
36863.625000 993.179871 0.000000 1815.114990
36863.625000 993.179871 0.000000 1815.213013
36863.625000 993.179871 0.000000 1815.307007
36863.625000 993.179871 0.000000 1815.410034
36863.625000 993.179871 0.000000 1815.503052
36863.625000 993.179871 0.000000 1815.608032
36863.625000 993.179871 0.000000 1815.718018
36863.625000 993.179871 0.000000 1815.807983
36863.625000 993.179871 0.000000 1815.902954
36863.625000 993.179871 0.000000 1816.017944
36863.625000 993.179871 0.000000 1816.110962
36863.625000 993.179871 0.000000 1816.213013
36863.625000 993.179871 0.000000 1816.306030
36863.625000 993.179871 0.000000 1816.406006
36863.625000 993.179871 0.000000 1816.505981
36863.625000 993.179871 0.000000 1816.607056
36863.625000 993.179871 0.000000 1816.706055
36863.625000 993.179871 0.000000 1816.806030
36863.625000 993.179871 0.000000 1816.906006
36863.625000 993.179871 0.000000 1817.005981
36863.625000 993.179871 0.000000 1817.110962
36863.625000 993.179871 0.000000 1817.206055
36863.625000 993.179871 0.000000 1817.307007
36863.625000 993.179871 0.000000 1817.411011
36863.625000 993.179871 0.000000 1817.510010
36863.625000 993.179871 0.000000 1817.614014
36863.625000 993.179871 0.000000 1817.713989
36863.625000 993.179871 0.000000 1817.802002
36863.625000 993.179871 0.000000 1817.909058
36863.625000 993.179871 0.000000 1818.012939
36863.625000 993.179871 0.000000 1818.107056
36863.625000 993.179871 0.000000 1818.207031
36863.625000 993.179871 0.000000 1818.307007
36863.625000 993.179871 0.000000 1818.406982
36863.625000 993.179871 0.000000 1818.503052
36863.625000 993.179871 0.000000 1818.607056
36863.625000 993.179871 0.000000 1818.707031
36863.625000 993.179871 0.000000 1818.802002
36863.625000 993.179871 0.000000 1818.896973
36863.625000 993.179871 0.000000 1819.006958
36863.625000 993.179871 0.000000 1819.113037
36863.625000 993.179871 0.000000 1819.213013
36863.625000 993.179871 0.000000 1819.312988
36863.625000 993.179871 0.000000 1819.407959
36863.625000 993.179871 0.000000 1819.501953
36863.625000 993.179871 0.000000 1819.602051
36863.625000 993.179871 0.000000 1819.712036
36863.625000 993.179871 0.000000 1819.802002
36863.625000 993.179871 0.000000 1819.916992
36863.625000 993.179871 0.000000 1820.011963
36863.625000 993.179871 0.000000 1820.112061
36863.625000 993.179871 0.000000 1820.204956
36863.625000 993.179871 0.000000 1820.317017
36863.625000 993.179871 0.000000 1820.411987
36863.625000 993.179871 0.000000 1820.511963
36863.625000 993.179871 0.000000 1820.612061
36863.625000 993.179871 0.000000 1820.718018
36863.625000 993.179871 0.000000 1820.812012
36863.625000 993.179871 0.000000 1820.916992
36863.625000 993.179871 0.000000 1821.021973
36863.625000 993.179871 0.000000 1821.118042
36863.625000 993.179871 0.000000 1821.218018
36863.625000 993.179871 0.000000 1821.302002
36863.625000 993.179871 0.000000 1821.416992
36863.625000 993.179871 0.000000 1821.516968
36863.625000 993.179871 0.000000 1821.602051
36863.625000 993.179871 0.000000 1821.722046
36863.625000 993.179871 0.000000 1821.816040
36863.625000 993.179871 0.000000 1821.922974
36863.625000 993.179871 0.000000 1822.020996
36863.625000 993.179871 0.000000 1822.118042
36863.625000 993.179871 0.000000 1822.212036
36863.625000 993.179871 0.000000 1822.312012
36863.625000 993.179871 0.000000 1822.411987
36863.625000 993.179871 0.000000 1822.501953
36863.625000 993.179871 0.000000 1822.616943
36863.625000 993.179871 0.000000 1822.713013
36863.625000 993.179871 0.000000 1822.814941
36863.625000 993.179871 0.000000 1822.915039
36863.625000 993.179871 0.000000 1823.022949
36863.625000 993.179871 0.000000 1823.123047
36863.625000 993.179871 0.000000 1823.223022
36863.625000 993.179871 0.000000 1823.322998
36863.625000 993.179871 0.000000 1823.422974
36863.625000 993.179871 0.000000 1823.512939
36863.625000 993.179871 0.000000 1823.615967
36863.625000 993.179871 0.000000 1823.722046
36863.625000 993.179871 0.000000 1823.814941
36863.625000 993.179871 0.000000 1823.920044
36863.625000 993.179871 0.000000 1824.016968
36863.625000 993.179871 0.000000 1824.114990
36863.625000 993.179871 0.000000 1824.214966
36863.625000 993.179871 0.000000 1824.310059
36863.625000 993.179871 0.000000 1824.410034
36863.625000 993.179871 0.000000 1824.517944
36863.625000 993.179871 0.000000 1824.613037
36863.625000 993.179871 0.000000 1824.713013
36863.625000 993.179871 0.000000 1824.812988
36863.625000 993.179871 0.000000 1824.917969
36863.625000 993.179871 0.000000 1825.012939
36863.625000 993.179871 0.000000 1825.098999
36863.625000 993.179871 0.000000 1825.218994
36863.625000 993.179871 0.000000 1825.312988
36863.625000 993.179871 0.000000 1825.412964
36863.625000 993.179871 0.000000 1825.512939
36863.625000 993.179871 0.000000 1825.613037
36863.625000 993.179871 0.000000 1825.713013
36863.625000 993.179871 0.000000 1825.818970
36863.625000 993.179871 0.000000 1825.912964
36863.625000 993.179871 0.000000 1826.012939
36863.625000 993.179871 0.000000 1826.113037
36863.625000 993.179871 0.000000 1826.213013
36863.625000 993.179871 0.000000 1826.321045
36863.625000 993.179871 0.000000 1826.411011
36863.625000 993.179871 0.000000 1826.510986
36863.625000 993.179871 0.000000 1826.610962
36863.625000 993.179871 0.000000 1826.713989
36863.625000 993.179871 0.000000 1826.814941
36863.625000 993.179871 0.000000 1826.916016
36863.625000 993.179871 0.000000 1827.015991
36863.625000 993.179871 0.000000 1827.124023
36863.625000 993.179871 0.000000 1827.218018
36863.625000 993.179871 0.000000 1827.306030
36863.625000 993.179871 0.000000 1827.413940
36863.625000 993.179871 0.000000 1827.509033
36863.625000 993.179871 0.000000 1827.614014
36863.625000 993.179871 0.000000 1827.713989
36863.625000 993.179871 0.000000 1827.813965
36863.625000 993.179871 0.000000 1827.913940
36863.625000 993.179871 0.000000 1828.014038
36863.625000 993.179871 0.000000 1828.114014
36863.625000 993.179871 0.000000 1828.213989
36863.625000 993.179871 0.000000 1828.313965
36863.625000 993.179871 0.000000 1828.415039
36863.625000 993.179871 0.000000 1828.515015
36863.625000 993.179871 0.000000 1828.614990
36863.625000 993.179871 0.000000 1828.714966
36863.625000 993.179871 0.000000 1828.813965
36863.625000 993.179871 0.000000 1828.915039
36863.625000 993.179871 0.000000 1829.014038
36863.625000 993.179871 0.000000 1829.114990
36863.625000 993.179871 0.000000 1829.223999
36863.625000 993.179871 0.000000 1829.312012
36863.625000 993.179871 0.000000 1829.406982
36863.625000 993.179871 0.000000 1829.516968
36863.625000 993.179871 0.000000 1829.612061
36863.625000 993.179871 0.000000 1829.702026
36863.625000 993.179871 0.000000 1829.812012
36863.625000 993.179871 0.000000 1829.921997
36863.625000 993.179871 0.000000 1830.020020
36863.625000 993.179871 0.000000 1830.102051
36863.625000 993.179871 0.000000 1830.213013
36863.625000 993.179871 0.000000 1830.302002
36863.625000 993.179871 0.000000 1830.416992
36863.625000 993.179871 0.000000 1830.511963
36863.625000 993.179871 0.000000 1830.612061
36863.625000 993.179871 0.000000 1830.717041
36863.625000 993.179871 0.000000 1830.812012
36863.625000 993.179871 0.000000 1830.901978
36863.625000 993.179871 0.000000 1831.011963
36863.625000 993.179871 0.000000 1831.121948
36863.625000 993.179871 0.000000 1831.217041
36863.625000 993.179871 0.000000 1831.317017
36863.625000 993.179871 0.000000 1831.405029
36863.625000 993.179871 0.000000 1831.522949
36863.625000 993.179871 0.000000 1831.616943
36863.625000 993.179871 0.000000 1831.713013
36863.625000 993.179871 0.000000 1831.812012
36863.625000 993.179871 0.000000 1831.896973
36863.625000 993.179871 0.000000 1832.011963
36863.625000 993.179871 0.000000 1832.112061
36863.625000 993.179871 0.000000 1832.212036
36863.625000 993.179871 0.000000 1832.316040
36863.625000 993.179871 0.000000 1832.413940
36863.625000 993.179871 0.000000 1832.511963
36863.625000 993.179871 0.000000 1832.612061
36863.625000 993.179871 0.000000 1832.718018
36863.625000 993.179871 0.000000 1832.822998
36863.625000 993.179871 0.000000 1832.915039
36863.625000 993.179871 0.000000 1833.010010
36863.625000 993.179871 0.000000 1833.114990
36863.625000 993.179871 0.000000 1833.214966
36863.625000 993.179871 0.000000 1833.314941
36863.625000 993.179871 0.000000 1833.415039
36863.625000 993.179871 0.000000 1833.515015
36863.625000 993.179871 0.000000 1833.614990
36863.625000 993.179871 0.000000 1833.714966
36863.625000 993.179871 0.000000 1833.814941
36863.625000 993.179871 0.000000 1833.916016
36863.625000 993.179871 0.000000 1834.015015
36863.625000 993.179871 0.000000 1834.125000
36863.625000 993.179871 0.000000 1834.224976
36863.625000 993.179871 0.000000 1834.324951
36863.625000 993.179871 0.000000 1834.416016
36863.625000 993.179871 0.000000 1834.524048
36863.625000 993.179871 0.000000 1834.619995
36863.625000 993.179871 0.000000 1834.714966
36863.625000 993.179871 0.000000 1834.814941
36863.625000 993.179871 0.000000 1834.922974
36863.625000 993.179871 0.000000 1835.022949
36863.625000 993.179871 0.000000 1835.123047
36863.625000 993.179871 0.000000 1835.220947
36863.625000 993.179871 0.000000 1835.314941
36863.625000 993.179871 0.000000 1835.410034
36863.625000 993.179871 0.000000 1835.515015
36863.625000 993.179871 0.000000 1835.619019
36863.625000 993.179871 0.000000 1835.729004
36863.625000 993.179871 0.000000 1835.823975
36863.625000 993.179871 0.000000 1835.921021
36863.625000 993.179871 0.000000 1836.015991
36863.625000 993.179871 0.000000 1836.114990
36863.625000 993.179871 0.000000 1836.214966
36863.625000 993.179871 0.000000 1836.316040
36863.625000 993.179871 0.000000 1836.415039
36863.625000 993.179871 0.000000 1836.515015
36863.625000 993.179871 0.000000 1836.621948
36863.625000 993.179871 0.000000 1836.717041
36863.625000 993.179871 0.000000 1836.817017
36863.625000 993.179871 0.000000 1836.918945
36863.625000 993.179871 0.000000 1837.016968
36863.625000 993.179871 0.000000 1837.123047
36863.625000 993.179871 0.000000 1837.211060
36863.625000 993.179871 0.000000 1837.312012
36863.625000 993.179871 0.000000 1837.411987
36863.625000 993.179871 0.000000 1837.517944
36863.625000 993.179871 0.000000 1837.598022
36863.625000 993.179871 0.000000 1837.713013
36863.625000 993.179871 0.000000 1837.812988
36863.625000 993.179871 0.000000 1837.912964
36863.625000 993.179871 0.000000 1838.015015
36863.625000 993.179871 0.000000 1838.119995
36863.625000 993.179871 0.000000 1838.213013
36863.625000 993.179871 0.000000 1838.316040
36863.625000 993.179871 0.000000 1838.415039
36863.625000 993.179871 0.000000 1838.514038
36863.625000 993.179871 0.000000 1838.614014
36863.625000 993.179871 0.000000 1838.718994
36863.625000 993.179871 0.000000 1838.818970
36863.625000 993.179871 0.000000 1838.913940
36863.625000 993.179871 0.000000 1839.014038
36863.625000 993.179871 0.000000 1839.098999
36863.625000 993.179871 0.000000 1839.219971
36863.625000 993.179871 0.000000 1839.310059
36863.625000 993.179871 0.000000 1839.415039
36863.625000 993.179871 0.000000 1839.520020
36863.625000 993.179871 0.000000 1839.614990
36863.625000 993.179871 0.000000 1839.728027
36863.625000 993.179871 0.000000 1839.828003
36863.625000 993.179871 0.000000 1839.932983
36863.625000 993.179871 0.000000 1840.025024
36863.625000 993.179871 0.000000 1840.113037
36863.625000 993.179871 0.000000 1840.218994
36863.625000 993.179871 0.000000 1840.317993
36863.625000 993.179871 0.000000 1840.407959
36863.625000 993.179871 0.000000 1840.517944
36863.625000 993.179871 0.000000 1840.613037
36863.625000 993.179871 0.000000 1840.718018
36863.625000 993.179871 0.000000 1840.817993
36863.625000 993.179871 0.000000 1840.926025
36863.625000 993.179871 0.000000 1841.010986
36863.625000 993.179871 0.000000 1841.123047
36863.625000 993.179871 0.000000 1841.218018
36863.625000 993.179871 0.000000 1841.317993
36863.625000 993.179871 0.000000 1841.420044
36863.625000 993.179871 0.000000 1841.522949
36863.625000 993.179871 0.000000 1841.618042
36863.625000 993.179871 0.000000 1841.719971
36863.625000 993.179871 0.000000 1841.817993
36863.625000 993.179871 0.000000 1841.917969
36863.625000 993.179871 0.000000 1842.017944
36863.625000 993.179871 0.000000 1842.119995
36863.625000 993.179871 0.000000 1842.218018
36863.625000 993.179871 0.000000 1842.317993
36863.625000 993.179871 0.000000 1842.417969
36863.625000 993.179871 0.000000 1842.517944
36863.625000 993.179871 0.000000 1842.618042
36863.625000 993.179871 0.000000 1842.723999
36863.625000 993.179871 0.000000 1842.812012
36863.625000 993.179871 0.000000 1842.918945
36863.625000 993.179871 0.000000 1843.019043
36863.625000 993.179871 0.000000 1843.119019
36863.625000 993.179871 0.000000 1843.218994
36863.625000 993.179871 0.000000 1843.318970
36863.625000 993.179871 0.000000 1843.418945
36863.625000 993.179871 0.000000 1843.504028
36863.625000 993.179871 0.000000 1843.624023
36863.625000 993.179871 0.000000 1843.708984
36863.625000 993.179871 0.000000 1843.823975
36863.625000 993.179871 0.000000 1843.926025
36863.625000 993.179871 0.000000 1844.015991
36863.625000 993.179871 0.000000 1844.114990
36863.625000 993.179871 0.000000 1844.224976
36863.625000 993.179871 0.000000 1844.324951
36863.625000 993.179871 0.000000 1844.416992
36863.625000 993.179871 0.000000 1844.515991
36863.625000 993.179871 0.000000 1844.615967
36863.625000 993.179871 0.000000 1844.715942
36863.625000 993.179871 0.000000 1844.816040
36863.625000 993.179871 0.000000 1844.916016
36863.625000 993.179871 0.000000 1845.020996
36863.625000 993.179871 0.000000 1845.123047
36863.625000 993.179871 0.000000 1845.215942
36863.625000 993.179871 0.000000 1845.316040
36863.625000 993.179871 0.000000 1845.411011
36863.625000 993.179871 0.000000 1845.515991
36863.625000 993.179871 0.000000 1845.614990
36863.625000 993.179871 0.000000 1845.724976
36863.625000 993.179871 0.000000 1845.824951
36863.625000 993.179871 0.000000 1845.925049
36863.625000 993.179871 0.000000 1846.025024
36863.625000 993.179871 0.000000 1846.120972
36863.625000 993.179871 0.000000 1846.215942
36863.625000 993.179871 0.000000 1846.316040
36863.625000 993.179871 0.000000 1846.416016
36863.625000 993.179871 0.000000 1846.519043
36863.625000 993.179871 0.000000 1846.616943
36863.625000 993.179871 0.000000 1846.722046
36863.625000 993.179871 0.000000 1846.822021
36863.625000 993.179871 0.000000 1846.917969
36863.625000 993.179871 0.000000 1847.017944
36863.625000 993.179871 0.000000 1847.125000
36863.625000 993.179871 0.000000 1847.218018
36863.625000 993.179871 0.000000 1847.317993
36863.625000 993.179871 0.000000 1847.417969
36863.625000 993.179871 0.000000 1847.529053
36863.625000 993.179871 0.000000 1847.618042
36863.625000 993.179871 0.000000 1847.723022
36863.625000 993.179871 0.000000 1847.817993
36863.625000 993.179871 0.000000 1847.917969
36863.625000 993.179871 0.000000 1848.017944
36863.625000 993.179871 0.000000 1848.118042
36863.625000 993.179871 0.000000 1848.218018
36863.625000 993.179871 0.000000 1848.302979
36863.625000 993.179871 0.000000 1848.412964
36863.625000 993.179871 0.000000 1848.517944
36863.625000 993.179871 0.000000 1848.618042
36863.625000 993.179871 0.000000 1848.718018
36863.625000 993.179871 0.000000 1848.823975
36863.625000 993.179871 0.000000 1848.926025
36863.625000 993.179871 0.000000 1849.020020
36863.625000 993.179871 0.000000 1849.119019
36863.625000 993.179871 0.000000 1849.213989
36863.625000 993.179871 0.000000 1849.318970
36863.625000 993.179871 0.000000 1849.413940
36863.625000 993.179871 0.000000 1849.526978
36863.625000 993.179871 0.000000 1849.625000
36863.625000 993.179871 0.000000 1849.718994
36863.625000 993.179871 0.000000 1849.819946
36863.625000 993.179871 0.000000 1849.905029
36863.625000 993.179871 0.000000 1850.026001
36863.625000 993.179871 0.000000 1850.099976
36863.625000 993.179871 0.000000 1850.212036
36863.625000 993.179871 0.000000 1850.321045
36863.625000 993.179871 0.000000 1850.410034
36863.625000 993.179871 0.000000 1850.525024
36863.625000 993.179871 0.000000 1850.625000
36863.625000 993.179871 0.000000 1850.724976
36863.625000 993.179871 0.000000 1850.819946
36863.625000 993.179871 0.000000 1850.921997
36863.625000 993.179871 0.000000 1851.025024
36863.625000 993.179871 0.000000 1851.126953
36863.625000 993.179871 0.000000 1851.217041
36863.625000 993.179871 0.000000 1851.327026
36863.625000 993.179871 0.000000 1851.420044
36863.625000 993.179871 0.000000 1851.525024
36863.625000 993.179871 0.000000 1851.625000
36863.625000 993.179871 0.000000 1851.725952
36863.625000 993.179871 0.000000 1851.811035
36863.625000 993.179871 0.000000 1851.931030
36863.625000 993.179871 0.000000 1852.026001
36863.625000 993.179871 0.000000 1852.123047
36863.625000 993.179871 0.000000 1852.222046
36863.625000 993.179871 0.000000 1852.326050
36863.625000 993.179871 0.000000 1852.421021
36863.625000 993.179871 0.000000 1852.520996
36863.625000 993.179871 0.000000 1852.630005
36863.625000 993.179871 0.000000 1852.719971
36863.625000 993.179871 0.000000 1852.819946
36863.625000 993.179871 0.000000 1852.927979
36863.625000 993.179871 0.000000 1853.020996
36863.625000 993.179871 0.000000 1853.110962
36863.625000 993.179871 0.000000 1853.220947
36863.625000 993.179871 0.000000 1853.321045
36863.625000 993.179871 0.000000 1853.416016
36863.625000 993.179871 0.000000 1853.515991
36863.625000 993.179871 0.000000 1853.624023
36863.625000 993.179871 0.000000 1853.719971
36863.625000 993.179871 0.000000 1853.826050
36863.625000 993.179871 0.000000 1853.931030
36863.625000 993.179871 0.000000 1854.020020
36863.625000 993.179871 0.000000 1854.120972
36863.625000 993.179871 0.000000 1854.222046
36863.625000 993.179871 0.000000 1854.328003
36863.625000 993.179871 0.000000 1854.422974
36863.625000 993.179871 0.000000 1854.526001
36863.625000 993.179871 0.000000 1854.628052
36863.625000 993.179871 0.000000 1854.723999
36863.625000 993.179871 0.000000 1854.828979
36863.625000 993.179871 0.000000 1854.928955
36863.625000 993.179871 0.000000 1855.022949
36863.625000 993.179871 0.000000 1855.123047
36863.625000 993.179871 0.000000 1855.214966
36863.625000 993.179871 0.000000 1855.326050
36863.625000 993.179871 0.000000 1855.421021
36863.625000 993.179871 0.000000 1855.520996
36863.625000 993.179871 0.000000 1855.625977
36863.625000 993.179871 0.000000 1855.720947
36863.625000 993.179871 0.000000 1855.826050
36863.625000 993.179871 0.000000 1855.921021
36863.625000 993.179871 0.000000 1856.020996
36863.625000 993.179871 0.000000 1856.128052
36863.625000 993.179871 0.000000 1856.223022
36863.625000 993.179871 0.000000 1856.322998
36863.625000 993.179871 0.000000 1856.422974
36863.625000 993.179871 0.000000 1856.522949
36863.625000 993.179871 0.000000 1856.623047
36863.625000 993.179871 0.000000 1856.723022
36863.625000 993.179871 0.000000 1856.823975
36863.625000 993.179871 0.000000 1856.926025
36863.625000 993.179871 0.000000 1857.031006
36863.625000 993.179871 0.000000 1857.129028
36863.625000 993.179871 0.000000 1857.229980
36863.625000 993.179871 0.000000 1857.322021
36863.625000 993.179871 0.000000 1857.411011
36863.625000 993.179871 0.000000 1857.520996
36863.625000 993.179871 0.000000 1857.610962
36863.625000 993.179871 0.000000 1857.723022
36863.625000 993.179871 0.000000 1857.822998
36863.625000 993.179871 0.000000 1857.922974
36863.625000 993.179871 0.000000 1858.030029
36863.625000 993.179871 0.000000 1858.123047
36863.625000 993.179871 0.000000 1858.223022
36863.625000 993.179871 0.000000 1858.317993
36863.625000 993.179871 0.000000 1858.422974
36863.625000 993.179871 0.000000 1858.532959
36863.625000 993.179871 0.000000 1858.633057
36863.625000 993.179871 0.000000 1858.733032
36863.625000 993.179871 0.000000 1858.833008
36863.625000 993.179871 0.000000 1858.920044
36863.625000 993.179871 0.000000 1859.022949
36863.625000 993.179871 0.000000 1859.114014
36863.625000 993.179871 0.000000 1859.223999
36863.625000 993.179871 0.000000 1859.327026
36863.625000 993.179871 0.000000 1859.427002
36863.625000 993.179871 0.000000 1859.521973
36863.625000 993.179871 0.000000 1859.625000
36863.625000 993.179871 0.000000 1859.727051
36863.625000 993.179871 0.000000 1859.823975
36863.625000 993.179871 0.000000 1859.923950
36863.625000 993.179871 0.000000 1860.027954
36863.625000 993.179871 0.000000 1860.129028
36863.625000 993.179871 0.000000 1860.230957
36863.625000 993.179871 0.000000 1860.328003
36863.625000 993.179871 0.000000 1860.421997
36863.625000 993.179871 0.000000 1860.516968
36863.625000 993.179871 0.000000 1860.612061
36863.625000 993.179871 0.000000 1860.722046
36863.625000 993.179871 0.000000 1860.832031
36863.625000 993.179871 0.000000 1860.922974
36863.625000 993.179871 0.000000 1861.031982
36863.625000 993.179871 0.000000 1861.136963
36863.625000 993.179871 0.000000 1861.232056
36863.625000 993.179871 0.000000 1861.332031
36863.625000 993.179871 0.000000 1861.422974
36863.625000 993.179871 0.000000 1861.522949
36863.625000 993.179871 0.000000 1861.624023
36863.625000 993.179871 0.000000 1861.723999
36863.625000 993.179871 0.000000 1861.824951
36863.625000 993.179871 0.000000 1861.923950
36863.625000 993.179871 0.000000 1862.024048
36863.625000 993.179871 0.000000 1862.124023
36863.625000 993.179871 0.000000 1862.223999
36863.625000 993.179871 0.000000 1862.326050
36863.625000 993.179871 0.000000 1862.426025
36863.625000 993.179871 0.000000 1862.519043
36863.625000 993.179871 0.000000 1862.624023
36863.625000 993.179871 0.000000 1862.718994
36863.625000 993.179871 0.000000 1862.819946
36863.625000 993.179871 0.000000 1862.918945
36863.625000 993.179871 0.000000 1863.009033
36863.625000 993.179871 0.000000 1863.119019
36863.625000 993.179871 0.000000 1863.223999
36863.625000 993.179871 0.000000 1863.313965
36863.625000 993.179871 0.000000 1863.423950
36863.625000 993.179871 0.000000 1863.524048
36863.625000 993.179871 0.000000 1863.624023
36863.625000 993.179871 0.000000 1863.724976
36863.625000 993.179871 0.000000 1863.833008
36863.625000 993.179871 0.000000 1863.921997
36863.625000 993.179871 0.000000 1864.011963
36863.625000 993.179871 0.000000 1864.121948
36863.625000 993.179871 0.000000 1864.227051
36863.625000 993.179871 0.000000 1864.327026
36863.625000 993.179871 0.000000 1864.427002
36863.625000 993.179871 0.000000 1864.526978
36863.625000 993.179871 0.000000 1864.629028
36863.625000 993.179871 0.000000 1864.729004
36863.625000 993.179871 0.000000 1864.823975
36863.625000 993.179871 0.000000 1864.928955
36863.625000 993.179871 0.000000 1865.029053
36863.625000 993.179871 0.000000 1865.131958
36863.625000 993.179871 0.000000 1865.229004
36863.625000 993.179871 0.000000 1865.334961
36863.625000 993.179871 0.000000 1865.435059
36863.625000 993.179871 0.000000 1865.530029
36863.625000 993.179871 0.000000 1865.637939
36863.625000 993.179871 0.000000 1865.738037
36863.625000 993.179871 0.000000 1865.838013
36863.625000 993.179871 0.000000 1865.933960
36863.625000 993.179871 0.000000 1866.020020
36863.625000 993.179871 0.000000 1866.130005
36863.625000 993.179871 0.000000 1866.229980
36863.625000 993.179871 0.000000 1866.329956
36863.625000 993.179871 0.000000 1866.430054
36863.625000 993.179871 0.000000 1866.536987
36863.625000 993.179871 0.000000 1866.630005
36863.625000 993.179871 0.000000 1866.737061
36863.625000 993.179871 0.000000 1866.829956
36863.625000 993.179871 0.000000 1866.932007
36863.625000 993.179871 0.000000 1867.035034
36863.625000 993.179871 0.000000 1867.130005
36863.625000 993.179871 0.000000 1867.230957
36863.625000 993.179871 0.000000 1867.332031
36863.625000 993.179871 0.000000 1867.431030
36863.625000 993.179871 0.000000 1867.525024
36863.625000 993.179871 0.000000 1867.628052
36863.625000 993.179871 0.000000 1867.729980
36863.625000 993.179871 0.000000 1867.829956
36863.625000 993.179871 0.000000 1867.930054
36863.625000 993.179871 0.000000 1868.030029
36863.625000 993.179871 0.000000 1868.130981
36863.625000 993.179871 0.000000 1868.229980
36863.625000 993.179871 0.000000 1868.332031
36863.625000 993.179871 0.000000 1868.431030
36863.625000 993.179871 0.000000 1868.531006
36863.625000 993.179871 0.000000 1868.636963
36863.625000 993.179871 0.000000 1868.735962
36863.625000 993.179871 0.000000 1868.814941
36863.625000 993.179871 0.000000 1868.925049
36863.625000 993.179871 0.000000 1869.030029
36863.625000 993.179871 0.000000 1869.130981
36863.625000 993.179871 0.000000 1869.230957
36863.625000 993.179871 0.000000 1869.314941
36863.625000 993.179871 0.000000 1869.437012
36863.625000 993.179871 0.000000 1869.530029
36863.625000 993.179871 0.000000 1869.630005
36863.625000 993.179871 0.000000 1869.724976
36863.625000 993.179871 0.000000 1869.832031
36863.625000 993.179871 0.000000 1869.930054
36863.625000 993.179871 0.000000 1870.026978
36863.625000 993.179871 0.000000 1870.126953
36863.625000 993.179871 0.000000 1870.227051
36863.625000 993.179871 0.000000 1870.332031
36863.625000 993.179871 0.000000 1870.432983
36863.625000 993.179871 0.000000 1870.531982
36863.625000 993.179871 0.000000 1870.631958
36863.625000 993.179871 0.000000 1870.735962
36863.625000 993.179871 0.000000 1870.836060
36863.625000 993.179871 0.000000 1870.935059
36863.625000 993.179871 0.000000 1871.027954
36863.625000 993.179871 0.000000 1871.128052
36863.625000 993.179871 0.000000 1871.237061
36863.625000 993.179871 0.000000 1871.333984
36863.625000 993.179871 0.000000 1871.427979
36863.625000 993.179871 0.000000 1871.536011
36863.625000 993.179871 0.000000 1871.618042
36863.625000 993.179871 0.000000 1871.738037
36863.625000 993.179871 0.000000 1871.814941
36863.625000 993.179871 0.000000 1871.939941
36863.625000 993.179871 0.000000 1872.040039
36863.625000 993.179871 0.000000 1872.140015
36863.625000 993.179871 0.000000 1872.232056
36863.625000 993.179871 0.000000 1872.317993
36863.625000 993.179871 0.000000 1872.446045
36863.625000 993.179871 0.000000 1872.527954
36863.625000 993.179871 0.000000 1872.623047
36863.625000 993.179871 0.000000 1872.728027
36863.625000 993.179871 0.000000 1872.833008
36863.625000 993.179871 0.000000 1872.932983
36863.625000 993.179871 0.000000 1873.027954
36863.625000 993.179871 0.000000 1873.123047
36863.625000 993.179871 0.000000 1873.229004
36863.625000 993.179871 0.000000 1873.331055
36863.625000 993.179871 0.000000 1873.427979
36863.625000 993.179871 0.000000 1873.517944
36863.625000 993.179871 0.000000 1873.630981
36863.625000 993.179871 0.000000 1873.737061
36863.625000 993.179871 0.000000 1873.837036
36863.625000 993.179871 0.000000 1873.931030
36863.625000 993.179871 0.000000 1874.020996
36863.625000 993.179871 0.000000 1874.125977
36863.625000 993.179871 0.000000 1874.230957
36863.625000 993.179871 0.000000 1874.331055
36863.625000 993.179871 0.000000 1874.435059
36863.625000 993.179871 0.000000 1874.540039
36863.625000 993.179871 0.000000 1874.625977
36863.625000 993.179871 0.000000 1874.730957
36863.625000 993.179871 0.000000 1874.826050
36863.625000 993.179871 0.000000 1874.916016
36863.625000 993.179871 0.000000 1875.031982
36863.625000 993.179871 0.000000 1875.130005
36863.625000 993.179871 0.000000 1875.229980
36863.625000 993.179871 0.000000 1875.334961
36863.625000 993.179871 0.000000 1875.433960
36863.625000 993.179871 0.000000 1875.530029
36863.625000 993.179871 0.000000 1875.630005
36863.625000 993.179871 0.000000 1875.732056
36863.625000 993.179871 0.000000 1875.829956
36863.625000 993.179871 0.000000 1875.932983
36863.625000 993.179871 0.000000 1876.032959
36863.625000 993.179871 0.000000 1876.128052
36863.625000 993.179871 0.000000 1876.234009
36863.625000 993.179871 0.000000 1876.322998
36863.625000 993.179871 0.000000 1876.427979
36863.625000 993.179871 0.000000 1876.531006
36863.625000 993.179871 0.000000 1876.628052
36863.625000 993.179871 0.000000 1876.729004
36863.625000 993.179871 0.000000 1876.827026
36863.625000 993.179871 0.000000 1876.927002
36863.625000 993.179871 0.000000 1877.032959
36863.625000 993.179871 0.000000 1877.137939
36863.625000 993.179871 0.000000 1877.228027
36863.625000 993.179871 0.000000 1877.333008
36863.625000 993.179871 0.000000 1877.423950
36863.750000 993.179871 0.000000 1877.537964
36863.750000 993.179871 0.000000 1877.628052
36863.750000 993.179871 0.000000 1877.729004
36863.750000 993.179871 0.000000 1877.828003
36863.750000 993.179871 0.000000 1877.935059
36863.750000 993.179871 0.000000 1878.035034
36863.750000 993.179871 0.000000 1878.128052
36863.750000 993.179871 0.000000 1878.228027
36863.750000 993.179871 0.000000 1878.328003
36863.750000 993.179871 0.000000 1878.412964
36863.750000 993.179871 0.000000 1878.532959
36863.750000 993.179871 0.000000 1878.628052
36863.750000 993.179871 0.000000 1878.723022
36863.750000 993.179871 0.000000 1878.831055
36863.750000 993.179871 0.000000 1878.926025
36863.750000 993.179871 0.000000 1879.036987
36863.750000 993.179871 0.000000 1879.130981
36863.750000 993.179871 0.000000 1879.230957
36863.750000 993.179871 0.000000 1879.337036
36863.750000 993.179871 0.000000 1879.433960
36863.750000 993.179871 0.000000 1879.534058
36863.750000 993.179871 0.000000 1879.634033
36863.750000 993.179871 0.000000 1879.734009
36863.750000 993.179871 0.000000 1879.828979
36863.750000 993.179871 0.000000 1879.928955
36863.750000 993.179871 0.000000 1880.024048
36863.750000 993.179871 0.000000 1880.129028
36863.750000 993.179871 0.000000 1880.234985
36863.750000 993.179871 0.000000 1880.328979
36863.750000 993.179871 0.000000 1880.432983
36863.750000 993.179871 0.000000 1880.532959
36863.750000 993.179871 0.000000 1880.633057
36863.750000 993.179871 0.000000 1880.733032
36863.750000 993.179871 0.000000 1880.836060
36863.750000 993.179871 0.000000 1880.932983
36863.750000 993.179871 0.000000 1881.037964
36863.750000 993.179871 0.000000 1881.135986
36863.750000 993.179871 0.000000 1881.228027
36863.750000 993.179871 0.000000 1881.334961
36863.750000 993.179871 0.000000 1881.442993
36863.750000 993.179871 0.000000 1881.531006
36863.750000 993.179871 0.000000 1881.635010
36863.750000 993.179871 0.000000 1881.737061
36863.750000 993.179871 0.000000 1881.837036
36863.750000 993.179871 0.000000 1881.935059
36863.750000 993.179871 0.000000 1882.035034
36863.750000 993.179871 0.000000 1882.129028
36863.750000 993.179871 0.000000 1882.239014
36863.750000 993.179871 0.000000 1882.333984
36863.750000 993.179871 0.000000 1882.433960
36863.750000 993.179871 0.000000 1882.540039
36863.750000 993.179871 0.000000 1882.640015
36863.750000 993.179871 0.000000 1882.734985
36863.750000 993.179871 0.000000 1882.842041
36863.750000 993.179871 0.000000 1882.935059
36863.750000 993.179871 0.000000 1883.037964
36863.750000 993.179871 0.000000 1883.130005
36863.750000 993.179871 0.000000 1883.234985
36863.750000 993.179871 0.000000 1883.334961
36863.750000 993.179871 0.000000 1883.435059
36863.750000 993.179871 0.000000 1883.535034
36863.750000 993.179871 0.000000 1883.635010
36863.750000 993.179871 0.000000 1883.737061
36863.750000 993.179871 0.000000 1883.840942
36863.750000 993.179871 0.000000 1883.936035
36863.750000 993.179871 0.000000 1884.034058
36863.750000 993.179871 0.000000 1884.124023
36863.750000 993.179871 0.000000 1884.235962
36863.750000 993.179871 0.000000 1884.333984
36863.750000 993.179871 0.000000 1884.435059
36863.750000 993.179871 0.000000 1884.524048
36863.750000 993.179871 0.000000 1884.634033
36863.750000 993.179871 0.000000 1884.734009
36863.750000 993.179871 0.000000 1884.828979
36863.750000 993.179871 0.000000 1884.938965
36863.750000 993.179871 0.000000 1885.034058
36863.750000 993.179871 0.000000 1885.133057
36863.750000 993.179871 0.000000 1885.241943
36863.750000 993.179871 0.000000 1885.333008
36863.750000 993.179871 0.000000 1885.435059
36863.750000 993.179871 0.000000 1885.535034
36863.750000 993.179871 0.000000 1885.635986
36863.750000 993.179871 0.000000 1885.743042
36863.750000 993.179871 0.000000 1885.843018
36863.750000 993.179871 0.000000 1885.942993
36863.750000 993.179871 0.000000 1886.027954
36863.750000 993.179871 0.000000 1886.137939
36863.750000 993.179871 0.000000 1886.230957
36863.750000 993.179871 0.000000 1886.337036
36863.750000 993.179871 0.000000 1886.432007
36863.750000 993.179871 0.000000 1886.537964
36863.750000 993.179871 0.000000 1886.631958
36863.750000 993.179871 0.000000 1886.732056
36863.750000 993.179871 0.000000 1886.838989
36863.750000 993.179871 0.000000 1886.942017
36863.750000 993.179871 0.000000 1887.026978
36863.750000 993.179871 0.000000 1887.136963
36863.750000 993.179871 0.000000 1887.232056
36863.750000 993.179871 0.000000 1887.340942
36863.750000 993.179871 0.000000 1887.441040
36863.750000 993.179871 0.000000 1887.541016
36863.750000 993.179871 0.000000 1887.636963
36863.750000 993.179871 0.000000 1887.739014
36863.750000 993.179871 0.000000 1887.832031
36863.750000 993.179871 0.000000 1887.932007
36863.750000 993.179871 0.000000 1888.031982
36863.750000 993.179871 0.000000 1888.131958
36863.750000 993.179871 0.000000 1888.239990
36863.750000 993.179871 0.000000 1888.337036
36863.750000 993.179871 0.000000 1888.438965
36863.750000 993.179871 0.000000 1888.536987
36863.750000 993.179871 0.000000 1888.630005
36863.750000 993.179871 0.000000 1888.738037
36863.750000 993.179871 0.000000 1888.839966
36863.750000 993.179871 0.000000 1888.942993
36863.750000 993.179871 0.000000 1889.042969
36863.750000 993.179871 0.000000 1889.136963
36863.750000 993.179871 0.000000 1889.234985
36863.750000 993.179871 0.000000 1889.334961
36863.750000 993.179871 0.000000 1889.435059
36863.750000 993.179871 0.000000 1889.545044
36863.750000 993.179871 0.000000 1889.642944
36863.750000 993.179871 0.000000 1889.738037
36863.750000 993.179871 0.000000 1889.843018
36863.750000 993.179871 0.000000 1889.925049
36863.750000 993.179871 0.000000 1890.043945
36863.750000 993.179871 0.000000 1890.145020
36863.750000 993.179871 0.000000 1890.232056
36863.750000 993.179871 0.000000 1890.339966
36863.750000 993.179871 0.000000 1890.432007
36863.750000 993.179871 0.000000 1890.531982
36863.750000 993.179871 0.000000 1890.633057
36863.750000 993.179871 0.000000 1890.732056
36863.750000 993.179871 0.000000 1890.832031
36863.750000 993.179871 0.000000 1890.927002
36863.750000 993.179871 0.000000 1891.026978
36863.750000 993.179871 0.000000 1891.137939
36863.750000 993.179871 0.000000 1891.232056
36863.750000 993.179871 0.000000 1891.332031
36863.750000 993.179871 0.000000 1891.432007
36863.750000 993.179871 0.000000 1891.531982
36863.750000 993.179871 0.000000 1891.616943
36863.750000 993.179871 0.000000 1891.732056
36863.750000 993.179871 0.000000 1891.838013
36863.750000 993.179871 0.000000 1891.932007
36863.750000 993.179871 0.000000 1892.037964
36863.750000 993.179871 0.000000 1892.136963
36863.750000 993.179871 0.000000 1892.237061
36863.750000 993.179871 0.000000 1892.336060
36863.750000 993.179871 0.000000 1892.435059
36863.750000 993.179871 0.000000 1892.535034
36863.750000 993.179871 0.000000 1892.635010
36863.750000 993.179871 0.000000 1892.735962
36863.750000 993.179871 0.000000 1892.834961
36863.750000 993.179871 0.000000 1892.941040
36863.750000 993.179871 0.000000 1893.037964
36863.750000 993.179871 0.000000 1893.142944
36863.750000 993.179871 0.000000 1893.243042
36863.750000 993.179871 0.000000 1893.334961
36863.750000 993.179871 0.000000 1893.415039
36863.750000 993.179871 0.000000 1893.535034
36863.750000 993.179871 0.000000 1893.635010
36863.750000 993.179871 0.000000 1893.735962
36863.750000 993.179871 0.000000 1893.834961
36863.750000 993.179871 0.000000 1893.935059
36863.750000 993.179871 0.000000 1894.035034
36863.750000 993.179871 0.000000 1894.135010
36863.750000 993.179871 0.000000 1894.237061
36863.750000 993.179871 0.000000 1894.337036
36863.750000 993.179871 0.000000 1894.437988
36863.750000 993.179871 0.000000 1894.532959
36863.750000 993.179871 0.000000 1894.637939
36863.750000 993.179871 0.000000 1894.733032
36863.750000 993.179871 0.000000 1894.822998
36863.750000 993.179871 0.000000 1894.942993
36863.750000 993.179871 0.000000 1895.041016
36863.750000 993.179871 0.000000 1895.133057
36863.750000 993.179871 0.000000 1895.233032
36863.750000 993.179871 0.000000 1895.322998
36863.750000 993.179871 0.000000 1895.432983
36863.750000 993.179871 0.000000 1895.527954
36863.750000 993.179871 0.000000 1895.636963
36863.750000 993.179871 0.000000 1895.733032
36863.750000 993.179871 0.000000 1895.832031
36863.750000 993.179871 0.000000 1895.937012
36863.750000 993.179871 0.000000 1896.026978
36863.750000 993.179871 0.000000 1896.141968
36863.750000 993.179871 0.000000 1896.245972
36863.750000 993.179871 0.000000 1896.333008
36863.750000 993.179871 0.000000 1896.439941
36863.750000 993.179871 0.000000 1896.543945
36863.750000 993.179871 0.000000 1896.644043
36863.750000 993.179871 0.000000 1896.732056
36863.750000 993.179871 0.000000 1896.832031
36863.750000 993.179871 0.000000 1896.927002
36863.750000 993.179871 0.000000 1897.038940
36863.750000 993.179871 0.000000 1897.124023
36863.750000 993.179871 0.000000 1897.232056
36863.750000 993.179871 0.000000 1897.332031
36863.750000 993.179871 0.000000 1897.432007
36863.750000 993.179871 0.000000 1897.531982
36863.750000 993.179871 0.000000 1897.621948
36863.750000 993.179871 0.000000 1897.737061
36863.750000 993.179871 0.000000 1897.832031
36863.750000 993.179871 0.000000 1897.932007
36863.750000 993.179871 0.000000 1898.031982
36863.750000 993.179871 0.000000 1898.131958
36863.750000 993.179871 0.000000 1898.232056
36863.750000 993.179871 0.000000 1898.332031
36863.750000 993.179871 0.000000 1898.416992
36863.750000 993.179871 0.000000 1898.532959
36863.750000 993.179871 0.000000 1898.631958
36863.750000 993.179871 0.000000 1898.733032
36863.750000 993.179871 0.000000 1898.837036
36863.750000 993.179871 0.000000 1898.937012
36863.750000 993.179871 0.000000 1899.037964
36863.750000 993.179871 0.000000 1899.131958
36863.750000 993.179871 0.000000 1899.237061
36863.875000 993.179871 0.000000 1899.328003
36863.875000 993.179871 0.000000 1899.421997
36863.875000 993.179871 0.000000 1899.521973
36863.875000 993.179871 0.000000 1899.631958
36863.875000 993.179871 0.000000 1899.734009
36863.875000 993.179871 0.000000 1899.833984
36863.875000 993.179871 0.000000 1899.936035
36863.875000 993.179871 0.000000 1900.035034
36863.875000 993.179871 0.000000 1900.130981
36863.875000 993.179871 0.000000 1900.234985
36863.875000 993.179871 0.000000 1900.342041
36863.875000 993.179871 0.000000 1900.432983
36863.875000 993.179871 0.000000 1900.535034
36863.875000 993.179871 0.000000 1900.635010
36863.875000 993.179871 0.000000 1900.740967
36863.875000 993.179871 0.000000 1900.834961
36863.875000 993.179871 0.000000 1900.939941
36863.875000 993.179871 0.000000 1901.040039
36863.875000 993.179871 0.000000 1901.150024
36863.875000 993.179871 0.000000 1901.240967
36863.875000 993.179871 0.000000 1901.334961
36863.875000 993.179871 0.000000 1901.436035
36863.875000 993.179871 0.000000 1901.525024
36863.875000 993.179871 0.000000 1901.640015
36863.875000 993.179871 0.000000 1901.741943
36863.875000 993.179871 0.000000 1901.848022
36863.875000 993.179871 0.000000 1901.942993
36863.875000 993.179871 0.000000 1902.032959
36863.875000 993.179871 0.000000 1902.140015
36863.875000 993.179871 0.000000 1902.239990
36863.875000 993.179871 0.000000 1902.343018
36863.875000 993.179871 0.000000 1902.432983
36863.875000 993.179871 0.000000 1902.541016
36863.875000 993.179871 0.000000 1902.639038
36863.875000 993.179871 0.000000 1902.739014
36863.875000 993.179871 0.000000 1902.843994
36863.875000 993.179871 0.000000 1902.938965
36863.875000 993.179871 0.000000 1903.062988
36863.875000 993.179871 0.000000 1903.142944
36863.875000 993.179871 0.000000 1903.243042
36863.875000 993.179871 0.000000 1903.333008
36863.875000 993.179871 0.000000 1903.437988
36863.875000 993.179871 0.000000 1903.541992
36863.875000 993.179871 0.000000 1903.631958
36863.875000 993.179871 0.000000 1903.744995
36863.875000 993.179871 0.000000 1903.842041
36863.875000 993.179871 0.000000 1903.932007
36863.875000 993.179871 0.000000 1904.041992
36863.875000 993.179871 0.000000 1904.151978
36863.875000 993.179871 0.000000 1904.250977
36863.875000 993.179871 0.000000 1904.350952
36863.875000 993.179871 0.000000 1904.451050
36863.875000 993.179871 0.000000 1904.546021
36863.875000 993.179871 0.000000 1904.640991
36863.875000 993.179871 0.000000 1904.755981
36863.875000 993.179871 0.000000 1904.845947
36863.875000 993.179871 0.000000 1904.951050
36863.875000 993.179871 0.000000 1905.051025
36863.875000 993.179871 0.000000 1905.131958
36863.875000 993.179871 0.000000 1905.243042
36863.875000 993.179871 0.000000 1905.347046
36863.875000 993.179871 0.000000 1905.447021
36863.875000 993.179871 0.000000 1905.541992
36863.875000 993.179871 0.000000 1905.642944
36863.875000 993.179871 0.000000 1905.741943
36863.875000 993.179871 0.000000 1905.832031
36863.875000 993.179871 0.000000 1905.949951
36863.875000 993.179871 0.000000 1906.050049
36863.875000 993.179871 0.000000 1906.146973
36863.875000 993.179871 0.000000 1906.244019
36863.875000 993.179871 0.000000 1906.329956
36863.875000 993.179871 0.000000 1906.452026
36863.875000 993.179871 0.000000 1906.551025
36863.875000 993.179871 0.000000 1906.645020
36863.875000 993.179871 0.000000 1906.744019
36863.875000 993.179871 0.000000 1906.843994
36863.875000 993.179871 0.000000 1906.948975
36863.875000 993.179871 0.000000 1907.034058
36863.875000 993.179871 0.000000 1907.139038
36863.875000 993.179871 0.000000 1907.244019
36863.875000 993.179871 0.000000 1907.343994
36863.875000 993.179871 0.000000 1907.438965
36863.875000 993.179871 0.000000 1907.538940
36863.875000 993.179871 0.000000 1907.639038
36863.875000 993.179871 0.000000 1907.748047
36863.875000 993.179871 0.000000 1907.843994
36863.875000 993.179871 0.000000 1907.943970
36863.875000 993.179871 0.000000 1908.043945
36863.875000 993.179871 0.000000 1908.145020
36863.875000 993.179871 0.000000 1908.248047
36863.875000 993.179871 0.000000 1908.343018
36863.875000 993.179871 0.000000 1908.442993
36863.875000 993.179871 0.000000 1908.547974
36863.875000 993.179871 0.000000 1908.642944
36863.875000 993.179871 0.000000 1908.743042
36863.875000 993.179871 0.000000 1908.843994
36863.875000 993.179871 0.000000 1908.947998
36863.875000 993.179871 0.000000 1909.042969
36863.875000 993.179871 0.000000 1909.128052
36863.875000 993.179871 0.000000 1909.238037
36863.875000 993.179871 0.000000 1909.343018
36863.875000 993.179871 0.000000 1909.451050
36863.875000 993.179871 0.000000 1909.551025
36863.875000 993.179871 0.000000 1909.656006
36863.875000 993.179871 0.000000 1909.750000
36863.875000 993.179871 0.000000 1909.848022
36863.875000 993.179871 0.000000 1909.942993
36863.875000 993.179871 0.000000 1910.048950
36863.875000 993.179871 0.000000 1910.142944
36863.875000 993.179871 0.000000 1910.243042
36863.875000 993.179871 0.000000 1910.348022
36863.875000 993.179871 0.000000 1910.442017
36863.875000 993.179871 0.000000 1910.541992
36863.875000 993.179871 0.000000 1910.646973
36863.875000 993.179871 0.000000 1910.746948
36863.875000 993.179871 0.000000 1910.854004
36863.875000 993.179871 0.000000 1910.937012
36863.875000 993.179871 0.000000 1911.046997
36863.875000 993.179871 0.000000 1911.141968
36863.875000 993.179871 0.000000 1911.246948
36863.875000 993.179871 0.000000 1911.348022
36863.875000 993.179871 0.000000 1911.447021
36863.875000 993.179871 0.000000 1911.541992
36863.875000 993.179871 0.000000 1911.646973
36863.875000 993.179871 0.000000 1911.746948
36863.875000 993.179871 0.000000 1911.847046
36863.875000 993.179871 0.000000 1911.953003
36863.875000 993.179871 0.000000 1912.036987
36863.875000 993.179871 0.000000 1912.152954
36863.875000 993.179871 0.000000 1912.241943
36863.875000 993.179871 0.000000 1912.352051
36863.875000 993.179871 0.000000 1912.447021
36863.875000 993.179871 0.000000 1912.552002
36863.875000 993.179871 0.000000 1912.656982
36863.875000 993.179871 0.000000 1912.749023
36863.875000 993.179871 0.000000 1912.844971
36863.875000 993.179871 0.000000 1912.938965
36863.875000 993.179871 0.000000 1913.038940
36863.875000 993.179871 0.000000 1913.149048
36863.875000 993.179871 0.000000 1913.245972
36863.875000 993.179871 0.000000 1913.354004
36863.875000 993.179871 0.000000 1913.443970
36863.875000 993.179871 0.000000 1913.543945
36863.875000 993.179871 0.000000 1913.650024
36863.875000 993.179871 0.000000 1913.744995
36863.875000 993.179871 0.000000 1913.845947
36863.875000 993.179871 0.000000 1913.942993
36863.875000 993.179871 0.000000 1914.034058
36863.875000 993.179871 0.000000 1914.144043
36863.875000 993.179871 0.000000 1914.249023
36863.875000 993.179871 0.000000 1914.343994
36863.875000 993.179871 0.000000 1914.443970
36863.875000 993.179871 0.000000 1914.552002
36863.875000 993.179871 0.000000 1914.644043
36863.875000 993.179871 0.000000 1914.744019
36863.875000 993.179871 0.000000 1914.850952
36863.875000 993.179871 0.000000 1914.946045
36863.875000 993.179871 0.000000 1915.047974
36863.875000 993.179871 0.000000 1915.145996
36863.875000 993.179871 0.000000 1915.245972
36863.875000 993.179871 0.000000 1915.345947
36863.875000 993.179871 0.000000 1915.446045
36863.875000 993.179871 0.000000 1915.531006
36863.875000 993.179871 0.000000 1915.656006
36863.875000 993.179871 0.000000 1915.755005
36863.875000 993.179871 0.000000 1915.849976
36863.875000 993.179871 0.000000 1915.959961
36863.875000 993.179871 0.000000 1916.055054
36863.875000 993.179871 0.000000 1916.150024
36863.875000 993.179871 0.000000 1916.255005
36863.875000 993.179871 0.000000 1916.354980
36863.875000 993.179871 0.000000 1916.454956
36863.875000 993.179871 0.000000 1916.548950
36863.875000 993.179871 0.000000 1916.646973
36863.875000 993.179871 0.000000 1916.746948
36863.875000 993.179871 0.000000 1916.845947
36863.875000 993.179871 0.000000 1916.946045
36863.875000 993.179871 0.000000 1917.041992
36863.875000 993.179871 0.000000 1917.146973
36863.875000 993.179871 0.000000 1917.246948
36863.875000 993.179871 0.000000 1917.348022
36863.875000 993.179871 0.000000 1917.447021
36863.875000 993.179871 0.000000 1917.546997
36863.875000 993.179871 0.000000 1917.641968
36863.875000 993.179871 0.000000 1917.741943
36863.875000 993.179871 0.000000 1917.843018
36863.875000 993.179871 0.000000 1917.947021
36863.875000 993.179871 0.000000 1918.026978
36863.875000 993.179871 0.000000 1918.154053
36863.875000 993.179871 0.000000 1918.251953
36863.875000 993.179871 0.000000 1918.342041
36863.875000 993.179871 0.000000 1918.447998
36863.875000 993.179871 0.000000 1918.541992
36863.875000 993.179871 0.000000 1918.646973
36863.875000 993.179871 0.000000 1918.750977
36863.875000 993.179871 0.000000 1918.844971
36863.875000 993.179871 0.000000 1918.944946
36863.875000 993.179871 0.000000 1919.055054
36863.875000 993.179871 0.000000 1919.155029
36863.875000 993.179871 0.000000 1919.253052
36863.875000 993.179871 0.000000 1919.349976
36863.875000 993.179871 0.000000 1919.444946
36863.875000 993.179871 0.000000 1919.540039
36863.875000 993.179871 0.000000 1919.645996
36863.875000 993.179871 0.000000 1919.750000
36863.875000 993.179871 0.000000 1919.847046
36863.875000 993.179871 0.000000 1919.952026
36863.875000 993.179871 0.000000 1920.052002
36863.875000 993.179871 0.000000 1920.145020
36863.875000 993.179871 0.000000 1920.255005
36863.875000 993.179871 0.000000 1920.354980
36863.875000 993.179871 0.000000 1920.454956
36863.875000 993.179871 0.000000 1920.555054
36863.875000 993.179871 0.000000 1920.650024
36863.875000 993.179871 0.000000 1920.755005
36863.875000 993.179871 0.000000 1920.849976
36863.875000 993.179871 0.000000 1920.935059
36863.875000 993.179871 0.000000 1921.045044
36863.875000 993.179871 0.000000 1921.145020
36863.875000 993.179871 0.000000 1921.244995
36863.875000 993.179871 0.000000 1921.344971
36863.875000 993.179871 0.000000 1921.444946
36863.875000 993.179871 0.000000 1921.545044
36863.875000 993.179871 0.000000 1921.645020
36863.875000 993.179871 0.000000 1921.744995
36863.875000 993.179871 0.000000 1921.844971
36863.875000 993.179871 0.000000 1921.944946
36863.875000 993.179871 0.000000 1922.045044
36863.875000 993.179871 0.000000 1922.151001
36863.875000 993.179871 0.000000 1922.244995
36863.875000 993.179871 0.000000 1922.344971
36863.875000 993.179871 0.000000 1922.444946
36863.875000 993.179871 0.000000 1922.545044
36863.875000 993.179871 0.000000 1922.654053
36863.875000 993.179871 0.000000 1922.754028
36863.875000 993.179871 0.000000 1922.852051
36863.875000 993.179871 0.000000 1922.944946
36863.875000 993.179871 0.000000 1923.051025
36863.875000 993.179871 0.000000 1923.151001
36863.875000 993.179871 0.000000 1923.250000
36863.875000 993.179871 0.000000 1923.350952
36863.875000 993.179871 0.000000 1923.451050
36863.875000 993.179871 0.000000 1923.550049
36863.875000 993.179871 0.000000 1923.645020
36863.875000 993.179871 0.000000 1923.744995
36863.875000 993.179871 0.000000 1923.837036
36863.875000 993.179871 0.000000 1923.944946
36863.875000 993.179871 0.000000 1924.045044
36863.875000 993.179871 0.000000 1924.141968
36863.875000 993.179871 0.000000 1924.246948
36863.875000 993.179871 0.000000 1924.347046
36863.875000 993.179871 0.000000 1924.447998
36863.875000 993.179871 0.000000 1924.547974
36863.875000 993.179871 0.000000 1924.659058
36863.875000 993.179871 0.000000 1924.759033
36863.875000 993.179871 0.000000 1924.847046
36863.875000 993.179871 0.000000 1924.952026
36863.875000 993.179871 0.000000 1925.046997
36863.875000 993.179871 0.000000 1925.159058
36863.875000 993.179871 0.000000 1925.241943
36863.875000 993.179871 0.000000 1925.347046
36863.875000 993.179871 0.000000 1925.447021
36863.875000 993.179871 0.000000 1925.546997
36863.875000 993.179871 0.000000 1925.646973
36863.875000 993.179871 0.000000 1925.754028
36863.875000 993.179871 0.000000 1925.848022
36863.875000 993.179871 0.000000 1925.952026
36863.875000 993.179871 0.000000 1926.052002
36863.875000 993.179871 0.000000 1926.150024
36863.875000 993.179871 0.000000 1926.250000
36863.875000 993.179871 0.000000 1926.349976
36863.875000 993.179871 0.000000 1926.453003
36863.875000 993.179871 0.000000 1926.552002
36863.875000 993.179871 0.000000 1926.651978
36863.875000 993.179871 0.000000 1926.750000
36863.875000 993.179871 0.000000 1926.848022
36863.875000 993.179871 0.000000 1926.958984
36863.875000 993.179871 0.000000 1927.058960
36863.875000 993.179871 0.000000 1927.159058
36863.875000 993.179871 0.000000 1927.259033
36863.875000 993.179871 0.000000 1927.357056
36863.875000 993.179871 0.000000 1927.454956
36863.875000 993.179871 0.000000 1927.557983
36863.875000 993.179871 0.000000 1927.650024
36863.875000 993.179871 0.000000 1927.750000
36863.875000 993.179871 0.000000 1927.857056
36863.875000 993.179871 0.000000 1927.949951
36863.875000 993.179871 0.000000 1928.051025
36863.875000 993.179871 0.000000 1928.150024
36863.875000 993.179871 0.000000 1928.250977
36863.875000 993.179871 0.000000 1928.347046
36863.875000 993.179871 0.000000 1928.449951
36863.875000 993.179871 0.000000 1928.552979
36863.875000 993.179871 0.000000 1928.656982
36863.875000 993.179871 0.000000 1928.750977
36863.875000 993.179871 0.000000 1928.850952
36863.875000 993.179871 0.000000 1928.947998
36863.875000 993.179871 0.000000 1929.056030
36863.875000 993.179871 0.000000 1929.161011
36863.875000 993.179871 0.000000 1929.260986
36863.875000 993.179871 0.000000 1929.360962
36863.875000 993.179871 0.000000 1929.461060
36863.875000 993.179871 0.000000 1929.562012
36863.875000 993.179871 0.000000 1929.667969
36863.875000 993.179871 0.000000 1929.775024
36863.875000 993.179871 0.000000 1929.869995
36863.875000 993.179871 0.000000 1929.969971
36863.875000 993.179871 0.000000 1930.069946
36863.875000 993.179871 0.000000 1930.163940
36863.875000 993.179871 0.000000 1930.260986
36863.875000 993.179871 0.000000 1930.359009
36863.875000 993.179871 0.000000 1930.463989
36863.875000 993.179871 0.000000 1930.563965
36863.875000 993.179871 0.000000 1930.666992
36863.875000 993.179871 0.000000 1930.764038
36863.875000 993.179871 0.000000 1930.859009
36863.875000 993.179871 0.000000 1930.972046
36863.875000 993.179871 0.000000 1931.072021
36863.875000 993.179871 0.000000 1931.163940
36863.875000 993.179871 0.000000 1931.264038
36863.875000 993.179871 0.000000 1931.353027
36863.875000 993.179871 0.000000 1931.463989
36863.875000 993.179871 0.000000 1931.553955
36863.875000 993.179871 0.000000 1931.663940
36863.875000 993.179871 0.000000 1931.764038
36863.875000 993.179871 0.000000 1931.860962
36863.875000 993.179871 0.000000 1931.958984
36863.875000 993.179871 0.000000 1932.064941
36863.875000 993.179871 0.000000 1932.161011
36863.875000 993.179871 0.000000 1932.260986
36863.875000 993.179871 0.000000 1932.362061
36863.875000 993.179871 0.000000 1932.465942
36863.875000 993.179871 0.000000 1932.556030
36863.875000 993.179871 0.000000 1932.665039
36863.875000 993.179871 0.000000 1932.760010
36863.875000 993.179871 0.000000 1932.859985
36863.875000 993.179871 0.000000 1932.959961
36863.875000 993.179871 0.000000 1933.066040
36863.875000 993.179871 0.000000 1933.161011
36863.875000 993.179871 0.000000 1933.260986
36863.875000 993.179871 0.000000 1933.360962
36863.875000 993.179871 0.000000 1933.461060
36863.875000 993.179871 0.000000 1933.571045
36863.875000 993.179871 0.000000 1933.671021
36863.875000 993.179871 0.000000 1933.760986
36863.875000 993.179871 0.000000 1933.860962
36863.875000 993.179871 0.000000 1933.969971
36863.875000 993.179871 0.000000 1934.064941
36863.875000 993.179871 0.000000 1934.163940
36863.875000 993.179871 0.000000 1934.259033
36863.875000 993.179871 0.000000 1934.369995
36863.875000 993.179871 0.000000 1934.465942
36863.875000 993.179871 0.000000 1934.563965
36863.875000 993.179871 0.000000 1934.661987
36863.875000 993.179871 0.000000 1934.760010
36863.875000 993.179871 0.000000 1934.850952
36863.875000 993.179871 0.000000 1934.972046
36863.875000 993.179871 0.000000 1935.060059
36863.875000 993.179871 0.000000 1935.165039
36863.875000 993.179871 0.000000 1935.260986
36863.875000 993.179871 0.000000 1935.368042
36863.875000 993.179871 0.000000 1935.454956
36863.875000 993.179871 0.000000 1935.560059
36863.875000 993.179871 0.000000 1935.670044
36863.875000 993.179871 0.000000 1935.766968
36863.875000 993.179871 0.000000 1935.864990
36863.875000 993.179871 0.000000 1935.968018
36863.875000 993.179871 0.000000 1936.050049
36863.875000 993.179871 0.000000 1936.165039
36863.875000 993.179871 0.000000 1936.270996
36863.875000 993.179871 0.000000 1936.370972
36863.875000 993.179871 0.000000 1936.449951
36863.875000 993.179871 0.000000 1936.564941
36863.875000 993.179871 0.000000 1936.665039
36863.875000 993.179871 0.000000 1936.765015
36863.875000 993.179871 0.000000 1936.864990
36863.875000 993.179871 0.000000 1936.974976
36863.875000 993.179871 0.000000 1937.074951
36863.875000 993.179871 0.000000 1937.165039
36863.875000 993.179871 0.000000 1937.275024
36863.875000 993.179871 0.000000 1937.369995
36863.875000 993.179871 0.000000 1937.474976
36863.875000 993.179871 0.000000 1937.569946
36863.875000 993.179871 0.000000 1937.666016
36863.875000 993.179871 0.000000 1937.765015
36863.875000 993.179871 0.000000 1937.865967
36863.875000 993.179871 0.000000 1937.951050
36863.875000 993.179871 0.000000 1938.064941
36863.875000 993.179871 0.000000 1938.166016
36863.875000 993.179871 0.000000 1938.265015
36863.875000 993.179871 0.000000 1938.365967
36863.875000 993.179871 0.000000 1938.449951
36863.875000 993.179871 0.000000 1938.569946
36863.875000 993.179871 0.000000 1938.676025
36863.875000 993.179871 0.000000 1938.776001
36863.875000 993.179871 0.000000 1938.869995
36863.875000 993.179871 0.000000 1938.965942
36863.875000 993.179871 0.000000 1939.063965
36863.875000 993.179871 0.000000 1939.165039
36863.875000 993.179871 0.000000 1939.270020
36863.875000 993.179871 0.000000 1939.369019
36863.875000 993.179871 0.000000 1939.470947
36863.875000 993.179871 0.000000 1939.566040
36863.875000 993.179871 0.000000 1939.666016
36863.875000 993.179871 0.000000 1939.765991
36863.875000 993.179871 0.000000 1939.866943
36863.875000 993.179871 0.000000 1939.965942
36863.875000 993.179871 0.000000 1940.071045
36863.875000 993.179871 0.000000 1940.171021
36863.875000 993.179871 0.000000 1940.270996
36863.875000 993.179871 0.000000 1940.370972
36863.875000 993.179871 0.000000 1940.465942
36863.875000 993.179871 0.000000 1940.566040
36863.875000 993.179871 0.000000 1940.666016
36863.875000 993.179871 0.000000 1940.770020
36863.875000 993.179871 0.000000 1940.879028
36863.875000 993.179871 0.000000 1940.979980
36863.875000 993.179871 0.000000 1941.072998
36863.875000 993.179871 0.000000 1941.162964
36863.875000 993.179871 0.000000 1941.280029
36863.875000 993.179871 0.000000 1941.380981
36863.875000 993.179871 0.000000 1941.479004
36863.875000 993.179871 0.000000 1941.576050
36863.875000 993.179871 0.000000 1941.677002
36863.875000 993.179871 0.000000 1941.781006
36863.875000 993.179871 0.000000 1941.880005
36863.875000 993.179871 0.000000 1941.969971
36863.875000 993.179871 0.000000 1942.074951
36863.875000 993.179871 0.000000 1942.170044
36863.875000 993.179871 0.000000 1942.276978
36863.875000 993.179871 0.000000 1942.376953
36863.875000 993.179871 0.000000 1942.479980
36863.875000 993.179871 0.000000 1942.579956
36863.875000 993.179871 0.000000 1942.680054
36863.875000 993.179871 0.000000 1942.781006
36863.875000 993.179871 0.000000 1942.880005
36863.875000 993.179871 0.000000 1942.984985
36863.875000 993.179871 0.000000 1943.082031
36863.875000 993.179871 0.000000 1943.180054
36863.875000 993.179871 0.000000 1943.282959
36863.875000 993.179871 0.000000 1943.380005
36863.875000 993.179871 0.000000 1943.479980
36863.875000 993.179871 0.000000 1943.579956
36863.875000 993.179871 0.000000 1943.680054
36863.875000 993.179871 0.000000 1943.780029
36863.875000 993.179871 0.000000 1943.880005
36863.875000 993.179871 0.000000 1943.978027
36863.875000 993.179871 0.000000 1944.082031
36863.875000 993.179871 0.000000 1944.178955
36863.875000 993.179871 0.000000 1944.280029
36863.875000 993.179871 0.000000 1944.378052
36863.875000 993.179871 0.000000 1944.477051
36863.875000 993.179871 0.000000 1944.576050
36863.875000 993.179871 0.000000 1944.676025
36863.875000 993.179871 0.000000 1944.781006
36863.875000 993.179871 0.000000 1944.875977
36863.875000 993.179871 0.000000 1944.980957
36863.875000 993.179871 0.000000 1945.088013
36863.875000 993.179871 0.000000 1945.176025
36863.875000 993.179871 0.000000 1945.276001
36863.875000 993.179871 0.000000 1945.384033
36863.875000 993.179871 0.000000 1945.479980
36863.875000 993.179871 0.000000 1945.578979
36863.875000 993.179871 0.000000 1945.678955
36863.875000 993.179871 0.000000 1945.777954
36863.875000 993.179871 0.000000 1945.884033
36863.875000 993.179871 0.000000 1945.975952
36863.875000 993.179871 0.000000 1946.081055
36863.875000 993.179871 0.000000 1946.183960
36863.875000 993.179871 0.000000 1946.288940
36863.875000 993.179871 0.000000 1946.380981
36863.875000 993.179871 0.000000 1946.475952
36863.875000 993.179871 0.000000 1946.582031
36863.875000 993.179871 0.000000 1946.681030
36863.875000 993.179871 0.000000 1946.776001
36863.875000 993.179871 0.000000 1946.880981
36863.875000 993.179871 0.000000 1946.975952
36863.875000 993.179871 0.000000 1947.076050
36863.875000 993.179871 0.000000 1947.182007
36863.875000 993.179871 0.000000 1947.292969
36863.875000 993.179871 0.000000 1947.380981
36863.875000 993.179871 0.000000 1947.485962
36863.875000 993.179871 0.000000 1947.581055
36863.875000 993.179871 0.000000 1947.688965
36863.875000 993.179871 0.000000 1947.787964
36863.875000 993.179871 0.000000 1947.885986
36863.875000 993.179871 0.000000 1947.980957
36863.875000 993.179871 0.000000 1948.086060
36863.875000 993.179871 0.000000 1948.181030
36863.875000 993.179871 0.000000 1948.286011
36863.875000 993.179871 0.000000 1948.380981
36863.875000 993.179871 0.000000 1948.488037
36863.875000 993.179871 0.000000 1948.566040
36863.875000 993.179871 0.000000 1948.681030
36863.875000 993.179871 0.000000 1948.786011
36863.875000 993.179871 0.000000 1948.886963
36863.875000 993.179871 0.000000 1948.970947
36864.000000 993.179871 0.000000 1949.086060
36864.000000 993.179871 0.000000 1949.181030
36864.000000 993.179871 0.000000 1949.286011
36864.000000 993.179871 0.000000 1949.380981
36864.000000 993.179871 0.000000 1949.475952
36864.000000 993.179871 0.000000 1949.576050
36864.000000 993.179871 0.000000 1949.681030
36864.000000 993.179871 0.000000 1949.781006
36864.000000 993.179871 0.000000 1949.885986
36864.000000 993.179871 0.000000 1949.980957
36864.000000 993.179871 0.000000 1950.086060
36864.000000 993.179871 0.000000 1950.194946
36864.000000 993.179871 0.000000 1950.281006
36864.000000 993.179871 0.000000 1950.381958
36864.000000 993.179871 0.000000 1950.487061
36864.000000 993.179871 0.000000 1950.587036
36864.000000 993.179871 0.000000 1950.682007
36864.000000 993.179871 0.000000 1950.791016
36864.000000 993.179871 0.000000 1950.886963
36864.000000 993.179871 0.000000 1950.989990
36864.000000 993.179871 0.000000 1951.083008
36864.125000 993.179871 0.000000 1951.186035
36864.125000 993.179871 0.000000 1951.281982
36864.125000 993.179871 0.000000 1951.391968
36864.125000 993.179871 0.000000 1951.489014
36864.125000 993.179871 0.000000 1951.583008
36864.125000 993.179871 0.000000 1951.682983
36864.125000 993.179871 0.000000 1951.791016
36864.125000 993.179871 0.000000 1951.886963
36864.125000 993.179871 0.000000 1951.982056
36864.125000 993.179871 0.000000 1952.082031
36864.125000 993.179871 0.000000 1952.182007
36864.125000 993.179871 0.000000 1952.282959
36864.125000 993.179871 0.000000 1952.381958
36864.125000 993.179871 0.000000 1952.482056
36864.125000 993.179871 0.000000 1952.582031
36864.125000 993.179871 0.000000 1952.682007
36864.125000 993.179871 0.000000 1952.781982
36864.125000 993.179871 0.000000 1952.881958
36864.125000 993.179871 0.000000 1952.977051
36864.125000 993.179871 0.000000 1953.087036
36864.125000 993.179871 0.000000 1953.183960
36864.125000 993.179871 0.000000 1953.286011
36864.125000 993.179871 0.000000 1953.392944
36864.125000 993.179871 0.000000 1953.490967
36864.125000 993.179871 0.000000 1953.590942
36864.125000 993.179871 0.000000 1953.691040
36864.125000 993.179871 0.000000 1953.785034
36864.125000 993.179871 0.000000 1953.880005
36864.125000 993.179871 0.000000 1953.984985
36864.125000 993.179871 0.000000 1954.086060
36864.125000 993.179871 0.000000 1954.185059
36864.125000 993.179871 0.000000 1954.286011
36864.125000 993.179871 0.000000 1954.385010
36864.125000 993.179871 0.000000 1954.506958
36864.125000 993.179871 0.000000 1954.583008
36864.125000 993.179871 0.000000 1954.692017
36864.125000 993.179871 0.000000 1954.791992
36864.125000 993.179871 0.000000 1954.885010
36864.125000 993.179871 0.000000 1954.984985
36864.125000 993.179871 0.000000 1955.086060
36864.125000 993.179871 0.000000 1955.182983
36864.125000 993.179871 0.000000 1955.285034
36864.125000 993.179871 0.000000 1955.385010
36864.125000 993.179871 0.000000 1955.491943
36864.125000 993.179871 0.000000 1955.592041
36864.125000 993.179871 0.000000 1955.682983
36864.125000 993.179871 0.000000 1955.786987
36864.125000 993.179871 0.000000 1955.885010
36864.125000 993.179871 0.000000 1955.984985
36864.125000 993.179871 0.000000 1956.093018
36864.125000 993.179871 0.000000 1956.180054
36864.125000 993.179871 0.000000 1956.285034
36864.125000 993.179871 0.000000 1956.385010
36864.125000 993.179871 0.000000 1956.484985
36864.125000 993.179871 0.000000 1956.584961
36864.125000 993.179871 0.000000 1956.685059
36864.125000 993.179871 0.000000 1956.785034
36864.125000 993.179871 0.000000 1956.885010
36864.125000 993.179871 0.000000 1956.984985
36864.125000 993.179871 0.000000 1957.089966
36864.125000 993.179871 0.000000 1957.194946
36864.125000 993.179871 0.000000 1957.295044
36864.125000 993.179871 0.000000 1957.395020
36864.125000 993.179871 0.000000 1957.489990
36864.125000 993.179871 0.000000 1957.584961
36864.125000 993.179871 0.000000 1957.689941
36864.125000 993.179871 0.000000 1957.786011
36864.125000 993.179871 0.000000 1957.885010
36864.125000 993.179871 0.000000 1957.985962
36864.125000 993.179871 0.000000 1958.088013
36864.125000 993.179871 0.000000 1958.192017
36864.125000 993.179871 0.000000 1958.266968
36864.125000 993.179871 0.000000 1958.383057
36864.125000 993.179871 0.000000 1958.489990
36864.125000 993.179871 0.000000 1958.589966
36864.125000 993.179871 0.000000 1958.687988
36864.125000 993.179871 0.000000 1958.782959
36864.125000 993.179871 0.000000 1958.878052
36864.125000 993.179871 0.000000 1958.988037
36864.125000 993.179871 0.000000 1959.093018
36864.125000 993.179871 0.000000 1959.176025
36864.125000 993.179871 0.000000 1959.281006
36864.125000 993.179871 0.000000 1959.391968
36864.125000 993.179871 0.000000 1959.487061
36864.125000 993.179871 0.000000 1959.582031
36864.125000 993.179871 0.000000 1959.686035
36864.125000 993.179871 0.000000 1959.786011
36864.125000 993.179871 0.000000 1959.880981
36864.125000 993.179871 0.000000 1959.985962
36864.125000 993.179871 0.000000 1960.093018
36864.125000 993.179871 0.000000 1960.171021
36864.125000 993.179871 0.000000 1960.286987
36864.125000 993.179871 0.000000 1960.383057
36864.125000 993.179871 0.000000 1960.494019
36864.125000 993.179871 0.000000 1960.581055
36864.125000 993.179871 0.000000 1960.686035
36864.125000 993.179871 0.000000 1960.792969
36864.125000 993.179871 0.000000 1960.886963
36864.125000 993.179871 0.000000 1960.987061
36864.125000 993.179871 0.000000 1961.081055
36864.125000 993.179871 0.000000 1961.166016
36864.125000 993.179871 0.000000 1961.284058
36864.125000 993.179871 0.000000 1961.380981
36864.125000 993.179871 0.000000 1961.485962
36864.125000 993.179871 0.000000 1961.582031
36864.125000 993.179871 0.000000 1961.686035
36864.125000 993.179871 0.000000 1961.781006
36864.125000 993.179871 0.000000 1961.885986
36864.125000 993.179871 0.000000 1961.975952
36864.125000 993.179871 0.000000 1962.084961
36864.125000 993.179871 0.000000 1962.189941
36864.125000 993.179871 0.000000 1962.286011
36864.125000 993.179871 0.000000 1962.380981
36864.125000 993.179871 0.000000 1962.480957
36864.125000 993.179871 0.000000 1962.586060
36864.125000 993.179871 0.000000 1962.691040
36864.125000 993.179871 0.000000 1962.786011
36864.125000 993.179871 0.000000 1962.899048
36864.125000 993.179871 0.000000 1962.990967
36864.125000 993.179871 0.000000 1963.093018
36864.125000 993.179871 0.000000 1963.192993
36864.125000 993.179871 0.000000 1963.287964
36864.125000 993.179871 0.000000 1963.370972
36864.125000 993.179871 0.000000 1963.480957
36864.125000 993.179871 0.000000 1963.586060
36864.125000 993.179871 0.000000 1963.676025
36864.125000 993.179871 0.000000 1963.791016
36864.125000 993.179871 0.000000 1963.890991
36864.125000 993.179871 0.000000 1963.990967
36864.125000 993.179871 0.000000 1964.090942
36864.125000 993.179871 0.000000 1964.191040
36864.125000 993.179871 0.000000 1964.291016
36864.125000 993.179871 0.000000 1964.397949
36864.125000 993.179871 0.000000 1964.487061
36864.125000 993.179871 0.000000 1964.587036
36864.125000 993.179871 0.000000 1964.687012
36864.125000 993.179871 0.000000 1964.791992
36864.125000 993.179871 0.000000 1964.886963
36864.125000 993.179871 0.000000 1965.001953
36864.125000 993.179871 0.000000 1965.097046
36864.125000 993.179871 0.000000 1965.197021
36864.125000 993.179871 0.000000 1965.287964
36864.125000 993.179871 0.000000 1965.394043
36864.125000 993.179871 0.000000 1965.493042
36864.125000 993.179871 0.000000 1965.588989
36864.125000 993.179871 0.000000 1965.673950
36864.125000 993.179871 0.000000 1965.788940
36864.125000 993.179871 0.000000 1965.889038
36864.125000 993.179871 0.000000 1965.993042
36864.125000 993.179871 0.000000 1966.088989
36864.125000 993.179871 0.000000 1966.197021
36864.125000 993.179871 0.000000 1966.291016
36864.125000 993.179871 0.000000 1966.380981
36864.125000 993.179871 0.000000 1966.485962
36864.125000 993.179871 0.000000 1966.586060
36864.125000 993.179871 0.000000 1966.686035
36864.125000 993.179871 0.000000 1966.786011
36864.125000 993.179871 0.000000 1966.891968
36864.125000 993.179871 0.000000 1966.987061
36864.125000 993.179871 0.000000 1967.087036
36864.125000 993.179871 0.000000 1967.187012
36864.125000 993.179871 0.000000 1967.295044
36864.125000 993.179871 0.000000 1967.395020
36864.125000 993.179871 0.000000 1967.494995
36864.125000 993.179871 0.000000 1967.594971
36864.125000 993.179871 0.000000 1967.699951
36864.125000 993.179871 0.000000 1967.800049
36864.125000 993.179871 0.000000 1967.891968
36864.125000 993.179871 0.000000 1967.982056
36864.125000 993.179871 0.000000 1968.087036
36864.125000 993.179871 0.000000 1968.187012
36864.125000 993.179871 0.000000 1968.286987
36864.125000 993.179871 0.000000 1968.386963
36864.125000 993.179871 0.000000 1968.477051
36864.125000 993.179871 0.000000 1968.592041
36864.125000 993.179871 0.000000 1968.687012
36864.125000 993.179871 0.000000 1968.784058
36864.125000 993.179871 0.000000 1968.886963
36864.125000 993.179871 0.000000 1968.993042
36864.125000 993.179871 0.000000 1969.092041
36864.125000 993.179871 0.000000 1969.188965
36864.125000 993.179871 0.000000 1969.287964
36864.125000 993.179871 0.000000 1969.391968
36864.125000 993.179871 0.000000 1969.494019
36864.125000 993.179871 0.000000 1969.593994
36864.125000 993.179871 0.000000 1969.687988
36864.125000 993.179871 0.000000 1969.786987
36864.125000 993.179871 0.000000 1969.886963
36864.125000 993.179871 0.000000 1969.987061
36864.125000 993.179871 0.000000 1970.087036
36864.125000 993.179871 0.000000 1970.187988
36864.125000 993.179871 0.000000 1970.296021
36864.125000 993.179871 0.000000 1970.395996
36864.125000 993.179871 0.000000 1970.494019
36864.125000 993.179871 0.000000 1970.589966
36864.125000 993.179871 0.000000 1970.692017
36864.125000 993.179871 0.000000 1970.791992
36864.125000 993.179871 0.000000 1970.896973
36864.125000 993.179871 0.000000 1970.996948
36864.125000 993.179871 0.000000 1971.097046
36864.125000 993.179871 0.000000 1971.197021
36864.125000 993.179871 0.000000 1971.296997
36864.125000 993.179871 0.000000 1971.389038
36864.125000 993.179871 0.000000 1971.489014
36864.125000 993.179871 0.000000 1971.588989
36864.125000 993.179871 0.000000 1971.688965
36864.125000 993.179871 0.000000 1971.791016
36864.125000 993.179871 0.000000 1971.887939
36864.125000 993.179871 0.000000 1971.990967
36864.125000 993.179871 0.000000 1972.099976
36864.125000 993.179871 0.000000 1972.199951
36864.125000 993.179871 0.000000 1972.310059
36864.125000 993.179871 0.000000 1972.410034
36864.125000 993.179871 0.000000 1972.510010
36864.125000 993.179871 0.000000 1972.604980
36864.125000 993.179871 0.000000 1972.691040
36864.125000 993.179871 0.000000 1972.807007
36864.125000 993.179871 0.000000 1972.901001
36864.125000 993.179871 0.000000 1973.000977
36864.125000 993.179871 0.000000 1973.107056
36864.125000 993.179871 0.000000 1973.203003
36864.125000 993.179871 0.000000 1973.307007
36864.125000 993.179871 0.000000 1973.401001
36864.125000 993.179871 0.000000 1973.495972
36864.125000 993.179871 0.000000 1973.600952
36864.125000 993.179871 0.000000 1973.706055
36864.125000 993.179871 0.000000 1973.812988
36864.125000 993.179871 0.000000 1973.901001
36864.125000 993.179871 0.000000 1974.006958
36864.125000 993.179871 0.000000 1974.107056
36864.125000 993.179871 0.000000 1974.208984
36864.125000 993.179871 0.000000 1974.296997
36864.125000 993.179871 0.000000 1974.396973
36864.125000 993.179871 0.000000 1974.501953
36864.125000 993.179871 0.000000 1974.607056
36864.125000 993.179871 0.000000 1974.702026
36864.125000 993.179871 0.000000 1974.802002
36864.125000 993.179871 0.000000 1974.902954
36864.125000 993.179871 0.000000 1975.010986
36864.125000 993.179871 0.000000 1975.108032
36864.125000 993.179871 0.000000 1975.202026
36864.125000 993.179871 0.000000 1975.291992
36864.125000 993.179871 0.000000 1975.401978
36864.125000 993.179871 0.000000 1975.509033
36864.125000 993.179871 0.000000 1975.604004
36864.125000 993.179871 0.000000 1975.708984
36864.125000 993.179871 0.000000 1975.807007
36864.125000 993.179871 0.000000 1975.904053
36864.125000 993.179871 0.000000 1976.015015
36864.125000 993.179871 0.000000 1976.104004
36864.125000 993.179871 0.000000 1976.211060
36864.125000 993.179871 0.000000 1976.303955
36864.125000 993.179871 0.000000 1976.405029
36864.125000 993.179871 0.000000 1976.504028
36864.125000 993.179871 0.000000 1976.609009
36864.125000 993.179871 0.000000 1976.698975
36864.125000 993.179871 0.000000 1976.806030
36864.125000 993.179871 0.000000 1976.906006
36864.125000 993.179871 0.000000 1977.015015
36864.125000 993.179871 0.000000 1977.114990
36864.125000 993.179871 0.000000 1977.214966
36864.125000 993.179871 0.000000 1977.314941
36864.125000 993.179871 0.000000 1977.415039
36864.125000 993.179871 0.000000 1977.515015
36864.125000 993.179871 0.000000 1977.609009
36864.125000 993.179871 0.000000 1977.708984
36864.125000 993.179871 0.000000 1977.810059
36864.125000 993.179871 0.000000 1977.910034
36864.125000 993.179871 0.000000 1978.012939
36864.125000 993.179871 0.000000 1978.109985
36864.125000 993.179871 0.000000 1978.219971
36864.125000 993.179871 0.000000 1978.310059
36864.125000 993.179871 0.000000 1978.410034
36864.125000 993.179871 0.000000 1978.510010
36864.125000 993.179871 0.000000 1978.604980
36864.125000 993.179871 0.000000 1978.707031
36864.125000 993.179871 0.000000 1978.807007
36864.125000 993.179871 0.000000 1978.906982
36864.125000 993.179871 0.000000 1979.008057
36864.125000 993.179871 0.000000 1979.103027
36864.125000 993.179871 0.000000 1979.213013
36864.125000 993.179871 0.000000 1979.302979
36864.125000 993.179871 0.000000 1979.402954
36864.125000 993.179871 0.000000 1979.508057
36864.125000 993.179871 0.000000 1979.609009
36864.125000 993.179871 0.000000 1979.707031
36864.125000 993.179871 0.000000 1979.801025
36864.125000 993.179871 0.000000 1979.906982
36864.125000 993.179871 0.000000 1980.016968
36864.125000 993.179871 0.000000 1980.103027
36864.125000 993.179871 0.000000 1980.207031
36864.125000 993.179871 0.000000 1980.312012
36864.125000 993.179871 0.000000 1980.411987
36864.125000 993.179871 0.000000 1980.517944
36864.125000 993.179871 0.000000 1980.607056
36864.125000 993.179871 0.000000 1980.707031
36864.125000 993.179871 0.000000 1980.807007
36864.125000 993.179871 0.000000 1980.906982
36864.125000 993.179871 0.000000 1981.009033
36864.125000 993.179871 0.000000 1981.109009
36864.125000 993.179871 0.000000 1981.213989
36864.125000 993.179871 0.000000 1981.308960
36864.125000 993.179871 0.000000 1981.413940
36864.125000 993.179871 0.000000 1981.510010
36864.125000 993.179871 0.000000 1981.613037
36864.125000 993.179871 0.000000 1981.703979
36864.125000 993.179871 0.000000 1981.806030
36864.125000 993.179871 0.000000 1981.906982
36864.125000 993.179871 0.000000 1982.006958
36864.125000 993.179871 0.000000 1982.107056
36864.125000 993.179871 0.000000 1982.207031
36864.125000 993.179871 0.000000 1982.308960
36864.125000 993.179871 0.000000 1982.412964
36864.125000 993.179871 0.000000 1982.508057
36864.125000 993.179871 0.000000 1982.613037
36864.125000 993.179871 0.000000 1982.708008
36864.125000 993.179871 0.000000 1982.802979
36864.125000 993.179871 0.000000 1982.912964
36864.125000 993.179871 0.000000 1983.010986
36864.125000 993.179871 0.000000 1983.116943
36864.125000 993.179871 0.000000 1983.213013
36864.125000 993.179871 0.000000 1983.314941
36864.125000 993.179871 0.000000 1983.397949
36864.125000 993.179871 0.000000 1983.508057
36864.125000 993.179871 0.000000 1983.608032
36864.125000 993.179871 0.000000 1983.708008
36864.125000 993.179871 0.000000 1983.807983
36864.125000 993.179871 0.000000 1983.907959
36864.125000 993.179871 0.000000 1984.011963
36864.125000 993.179871 0.000000 1984.102051
36864.125000 993.179871 0.000000 1984.207031
36864.125000 993.179871 0.000000 1984.312012
36864.125000 993.179871 0.000000 1984.401978
36864.125000 993.179871 0.000000 1984.506958
36864.125000 993.179871 0.000000 1984.607056
36864.125000 993.179871 0.000000 1984.712036
36864.125000 993.179871 0.000000 1984.817017
36864.125000 993.179871 0.000000 1984.916992
36864.125000 993.179871 0.000000 1985.015991
36864.125000 993.179871 0.000000 1985.109985
36864.125000 993.179871 0.000000 1985.208008
36864.125000 993.179871 0.000000 1985.307983
36864.125000 993.179871 0.000000 1985.407959
36864.125000 993.179871 0.000000 1985.512939
36864.125000 993.179871 0.000000 1985.608032
36864.125000 993.179871 0.000000 1985.708984
36864.125000 993.179871 0.000000 1985.807983
36864.125000 993.179871 0.000000 1985.897949
36864.125000 993.179871 0.000000 1986.015015
36864.125000 993.179871 0.000000 1986.110962
36864.125000 993.179871 0.000000 1986.209961
36864.125000 993.179871 0.000000 1986.312012
36864.125000 993.179871 0.000000 1986.418945
36864.125000 993.179871 0.000000 1986.519043
36864.125000 993.179871 0.000000 1986.619019
36864.125000 993.179871 0.000000 1986.718994
36864.125000 993.179871 0.000000 1986.814941
36864.125000 993.179871 0.000000 1986.910034
36864.125000 993.179871 0.000000 1987.010986
36864.125000 993.179871 0.000000 1987.115967
36864.125000 993.179871 0.000000 1987.214966
36864.125000 993.179871 0.000000 1987.318970
36864.125000 993.179871 0.000000 1987.410034
36864.125000 993.179871 0.000000 1987.510010
36864.125000 993.179871 0.000000 1987.609985
36864.125000 993.179871 0.000000 1987.709961
36864.125000 993.179871 0.000000 1987.816040
36864.125000 993.179871 0.000000 1987.916016
36864.125000 993.179871 0.000000 1988.010010
36864.125000 993.179871 0.000000 1988.109985
36864.125000 993.179871 0.000000 1988.209961
36864.125000 993.179871 0.000000 1988.316040
36864.125000 993.179871 0.000000 1988.410034
36864.125000 993.179871 0.000000 1988.510986
36864.125000 993.179871 0.000000 1988.605957
36864.125000 993.179871 0.000000 1988.713989
36864.125000 993.179871 0.000000 1988.808960
36864.125000 993.179871 0.000000 1988.910034
36864.125000 993.179871 0.000000 1989.009033
36864.125000 993.179871 0.000000 1989.119019
36864.125000 993.179871 0.000000 1989.218994
36864.125000 993.179871 0.000000 1989.317993
36864.125000 993.179871 0.000000 1989.407959
36864.125000 993.179871 0.000000 1989.498047
36864.125000 993.179871 0.000000 1989.598022
36864.125000 993.179871 0.000000 1989.697998
36864.125000 993.179871 0.000000 1989.807983
36864.125000 993.179871 0.000000 1989.915039
36864.125000 993.179871 0.000000 1990.006958
36864.125000 993.179871 0.000000 1990.105957
36864.125000 993.179871 0.000000 1990.206055
36864.125000 993.179871 0.000000 1990.311035
36864.125000 993.179871 0.000000 1990.411011
36864.125000 993.179871 0.000000 1990.511963
36864.125000 993.179871 0.000000 1990.605957
36864.125000 993.179871 0.000000 1990.715942
36864.125000 993.179871 0.000000 1990.811035
36864.125000 993.179871 0.000000 1990.916016
36864.125000 993.179871 0.000000 1991.017944
36864.125000 993.179871 0.000000 1991.110962
36864.125000 993.179871 0.000000 1991.211060
36864.125000 993.179871 0.000000 1991.316040
36864.125000 993.179871 0.000000 1991.416016
36864.125000 993.179871 0.000000 1991.520020
36864.125000 993.179871 0.000000 1991.625000
36864.125000 993.179871 0.000000 1991.724976
36864.125000 993.179871 0.000000 1991.829956
36864.125000 993.179871 0.000000 1991.918945
36864.125000 993.179871 0.000000 1992.024048
36864.125000 993.179871 0.000000 1992.124023
36864.125000 993.179871 0.000000 1992.213989
36864.125000 993.179871 0.000000 1992.318970
36864.125000 993.179871 0.000000 1992.423950
36864.125000 993.179871 0.000000 1992.511963
36864.125000 993.179871 0.000000 1992.625000
36864.125000 993.179871 0.000000 1992.724976
36864.125000 993.179871 0.000000 1992.819946
36864.125000 993.179871 0.000000 1992.911987
36864.125000 993.179871 0.000000 1993.017944
36864.125000 993.179871 0.000000 1993.116943
36864.125000 993.179871 0.000000 1993.202026
36864.125000 993.179871 0.000000 1993.307007
36864.125000 993.179871 0.000000 1993.418945
36864.125000 993.179871 0.000000 1993.519043
36864.125000 993.179871 0.000000 1993.616943
36864.125000 993.179871 0.000000 1993.718018
36864.125000 993.179871 0.000000 1993.816040
36864.125000 993.179871 0.000000 1993.921997
36864.125000 993.179871 0.000000 1994.011963
36864.125000 993.179871 0.000000 1994.126953
36864.125000 993.179871 0.000000 1994.214966
36864.125000 993.179871 0.000000 1994.312988
36864.125000 993.179871 0.000000 1994.417969
36864.125000 993.179871 0.000000 1994.512939
36864.125000 993.179871 0.000000 1994.618042
36864.125000 993.179871 0.000000 1994.718018
36864.125000 993.179871 0.000000 1994.812988
36864.125000 993.179871 0.000000 1994.913940
36864.125000 993.179871 0.000000 1995.012939
36864.125000 993.179871 0.000000 1995.113037
36864.125000 993.179871 0.000000 1995.223999
36864.125000 993.179871 0.000000 1995.312988
36864.125000 993.179871 0.000000 1995.417969
36864.125000 993.179871 0.000000 1995.504028
36864.125000 993.179871 0.000000 1995.604980
36864.125000 993.179871 0.000000 1995.727051
36864.125000 993.179871 0.000000 1995.817017
36864.125000 993.179871 0.000000 1995.921997
36864.125000 993.179871 0.000000 1996.016968
36864.125000 993.179871 0.000000 1996.113037
36864.125000 993.179871 0.000000 1996.215942
36864.125000 993.179871 0.000000 1996.312988
36864.125000 993.179871 0.000000 1996.412964
36864.125000 993.179871 0.000000 1996.503052
36864.125000 993.179871 0.000000 1996.613037
36864.125000 993.179871 0.000000 1996.713013
36864.125000 993.179871 0.000000 1996.807983
36864.125000 993.179871 0.000000 1996.917969
36864.125000 993.179871 0.000000 1997.006958
36864.125000 993.179871 0.000000 1997.126953
36864.125000 993.179871 0.000000 1997.227051
36864.125000 993.179871 0.000000 1997.322021
36864.125000 993.179871 0.000000 1997.421997
36864.125000 993.179871 0.000000 1997.526978
36864.125000 993.179871 0.000000 1997.612061
36864.125000 993.179871 0.000000 1997.727051
36864.125000 993.179871 0.000000 1997.802979
36864.125000 993.179871 0.000000 1997.911987
36864.125000 993.179871 0.000000 1998.014038
36864.125000 993.179871 0.000000 1998.116943
36864.125000 993.179871 0.000000 1998.218018
36864.125000 993.179871 0.000000 1998.317017
36864.125000 993.179871 0.000000 1998.413940
36864.125000 993.179871 0.000000 1998.521973
36864.125000 993.179871 0.000000 1998.626953
36864.125000 993.179871 0.000000 1998.727051
36864.125000 993.179871 0.000000 1998.817017
36864.125000 993.179871 0.000000 1998.911987
36864.125000 993.179871 0.000000 1999.011963
36864.125000 993.179871 0.000000 1999.112061
36864.125000 993.179871 0.000000 1999.217041
36864.125000 993.179871 0.000000 1999.312988
36864.125000 993.179871 0.000000 1999.416992
36864.125000 993.179871 0.000000 1999.501953
36864.125000 993.179871 0.000000 1999.623047
36864.125000 993.179871 0.000000 1999.717041
36864.125000 993.179871 0.000000 1999.817017
36864.125000 993.179871 0.000000 1999.916992
36864.125000 993.179871 0.000000 2000.017944
36864.125000 993.179871 0.000000 2000.114014
36864.125000 993.179871 0.000000 2000.198975
36864.125000 993.179871 0.000000 2000.318970
36864.125000 993.179871 0.000000 2000.415039
36864.125000 993.179871 0.000000 2000.522949
36864.125000 993.179871 0.000000 2000.604980
36864.125000 993.179871 0.000000 2000.714966
36864.125000 993.179871 0.000000 2000.819946
36864.125000 993.179871 0.000000 2000.915039
36864.125000 993.179871 0.000000 2001.020020
36864.125000 993.179871 0.000000 2001.114990
36864.125000 993.179871 0.000000 2001.214966
36864.125000 993.179871 0.000000 2001.319946
36864.125000 993.179871 0.000000 2001.415039
36864.125000 993.179871 0.000000 2001.515015
36864.125000 993.179871 0.000000 2001.614990
36864.125000 993.179871 0.000000 2001.714966
36864.125000 993.179871 0.000000 2001.814941
36864.125000 993.179871 0.000000 2001.915039
36864.125000 993.179871 0.000000 2002.015015
36864.125000 993.179871 0.000000 2002.109009
36864.125000 993.179871 0.000000 2002.229004
36864.125000 993.179871 0.000000 2002.328979
36864.125000 993.179871 0.000000 2002.423950
36864.125000 993.179871 0.000000 2002.529053
36864.125000 993.179871 0.000000 2002.629028
36864.125000 993.179871 0.000000 2002.719971
36864.125000 993.179871 0.000000 2002.814941
36864.125000 993.179871 0.000000 2002.920044
36864.125000 993.179871 0.000000 2003.010010
36864.125000 993.179871 0.000000 2003.119995
36864.125000 993.179871 0.000000 2003.217041
36864.125000 993.179871 0.000000 2003.319946
36864.125000 993.179871 0.000000 2003.416992
36864.125000 993.179871 0.000000 2003.521973
36864.125000 993.179871 0.000000 2003.621948
36864.125000 993.179871 0.000000 2003.718018
36864.125000 993.179871 0.000000 2003.817017
36864.125000 993.179871 0.000000 2003.921997
36864.125000 993.179871 0.000000 2004.021973
36864.125000 993.179871 0.000000 2004.123047
36864.125000 993.179871 0.000000 2004.213013
36864.125000 993.179871 0.000000 2004.327026
36864.125000 993.179871 0.000000 2004.427979
36864.125000 993.179871 0.000000 2004.520996
36864.125000 993.179871 0.000000 2004.629028
36864.125000 993.179871 0.000000 2004.729004
36864.125000 993.179871 0.000000 2004.828979
36864.125000 993.179871 0.000000 2004.921997
36864.125000 993.179871 0.000000 2005.021973
36864.125000 993.179871 0.000000 2005.121948
36864.125000 993.179871 0.000000 2005.222046
36864.125000 993.179871 0.000000 2005.317993
36864.125000 993.179871 0.000000 2005.417969
36864.125000 993.179871 0.000000 2005.516968
36864.125000 993.179871 0.000000 2005.618042
36864.125000 993.179871 0.000000 2005.722046
36864.125000 993.179871 0.000000 2005.822021
36864.125000 993.179871 0.000000 2005.916992
36864.125000 993.179871 0.000000 2006.024048
36864.125000 993.179871 0.000000 2006.121948
36864.125000 993.179871 0.000000 2006.207031
36864.125000 993.179871 0.000000 2006.322021
36864.125000 993.179871 0.000000 2006.421997
36864.125000 993.179871 0.000000 2006.519043
36864.125000 993.179871 0.000000 2006.625977
36864.125000 993.179871 0.000000 2006.730957
36864.125000 993.179871 0.000000 2006.831055
36864.125000 993.179871 0.000000 2006.921997
36864.125000 993.179871 0.000000 2007.021973
36864.125000 993.179871 0.000000 2007.116943
36864.125000 993.179871 0.000000 2007.208008
36864.125000 993.179871 0.000000 2007.317993
36864.125000 993.179871 0.000000 2007.418945
36864.125000 993.179871 0.000000 2007.517944
36864.125000 993.179871 0.000000 2007.619019
36864.125000 993.179871 0.000000 2007.718018
36864.125000 993.179871 0.000000 2007.823975
36864.125000 993.179871 0.000000 2007.918945
36864.125000 993.179871 0.000000 2008.019043
36864.125000 993.179871 0.000000 2008.118042
36864.125000 993.179871 0.000000 2008.223022
36864.125000 993.179871 0.000000 2008.312988
36864.125000 993.179871 0.000000 2008.412964
36864.125000 993.179871 0.000000 2008.517944
36864.125000 993.179871 0.000000 2008.618042
36864.125000 993.179871 0.000000 2008.718018
36864.125000 993.179871 0.000000 2008.807983
36864.125000 993.179871 0.000000 2008.922974
36864.125000 993.179871 0.000000 2009.025024
36864.125000 993.179871 0.000000 2009.123047
36864.125000 993.179871 0.000000 2009.220947
36864.125000 993.179871 0.000000 2009.319946
36864.125000 993.179871 0.000000 2009.420044
36864.125000 993.179871 0.000000 2009.520020
36864.125000 993.179871 0.000000 2009.619995
36864.125000 993.179871 0.000000 2009.719971
36864.125000 993.179871 0.000000 2009.819946
36864.125000 993.179871 0.000000 2009.920044
36864.125000 993.179871 0.000000 2010.024048
36864.125000 993.179871 0.000000 2010.124023
36864.125000 993.179871 0.000000 2010.218994
36864.125000 993.179871 0.000000 2010.319946
36864.125000 993.179871 0.000000 2010.418945
36864.125000 993.179871 0.000000 2010.519043
36864.125000 993.179871 0.000000 2010.609009
36864.125000 993.179871 0.000000 2010.718994
36864.125000 993.179871 0.000000 2010.818970
36864.125000 993.179871 0.000000 2010.918945
36864.125000 993.179871 0.000000 2011.020020
36864.125000 993.179871 0.000000 2011.119019
36864.125000 993.179871 0.000000 2011.208984
36864.125000 993.179871 0.000000 2011.323975
36864.125000 993.179871 0.000000 2011.422974
36864.125000 993.179871 0.000000 2011.520020
36864.125000 993.179871 0.000000 2011.626953
36864.125000 993.179871 0.000000 2011.724976
36864.125000 993.179871 0.000000 2011.826050
36864.125000 993.179871 0.000000 2011.927002
36864.125000 993.179871 0.000000 2012.029053
36864.125000 993.179871 0.000000 2012.109985
36864.125000 993.179871 0.000000 2012.219971
36864.125000 993.179871 0.000000 2012.324951
36864.125000 993.179871 0.000000 2012.425049
36864.125000 993.179871 0.000000 2012.519043
36864.125000 993.179871 0.000000 2012.621948
36864.125000 993.179871 0.000000 2012.724976
36864.125000 993.179871 0.000000 2012.818970
36864.125000 993.179871 0.000000 2012.918945
36864.125000 993.179871 0.000000 2013.019043
36864.125000 993.179871 0.000000 2013.128052
36864.125000 993.179871 0.000000 2013.232056
36864.125000 993.179871 0.000000 2013.327026
36864.125000 993.179871 0.000000 2013.427002
36864.125000 993.179871 0.000000 2013.526978
36864.125000 993.179871 0.000000 2013.624023
36864.125000 993.179871 0.000000 2013.714966
36864.125000 993.179871 0.000000 2013.818970
36864.125000 993.179871 0.000000 2013.918945
36864.125000 993.179871 0.000000 2014.024048
36864.125000 993.179871 0.000000 2014.124023
36864.125000 993.179871 0.000000 2014.223999
36864.125000 993.179871 0.000000 2014.318970
36864.125000 993.179871 0.000000 2014.418945
36864.125000 993.179871 0.000000 2014.520020
36864.125000 993.179871 0.000000 2014.619995
36864.125000 993.179871 0.000000 2014.719971
36864.125000 993.179871 0.000000 2014.814941
36864.125000 993.179871 0.000000 2014.920044
36864.125000 993.179871 0.000000 2015.020020
36864.125000 993.179871 0.000000 2015.119995
36864.125000 993.179871 0.000000 2015.219971
36864.125000 993.179871 0.000000 2015.319946
36864.125000 993.179871 0.000000 2015.416992
36864.125000 993.179871 0.000000 2015.517944
36864.125000 993.179871 0.000000 2015.618042
36864.125000 993.179871 0.000000 2015.719971
36864.125000 993.179871 0.000000 2015.822998
36864.125000 993.179871 0.000000 2015.921997
36864.125000 993.179871 0.000000 2016.011963
36864.125000 993.179871 0.000000 2016.120972
36864.125000 993.179871 0.000000 2016.220947
36864.125000 993.179871 0.000000 2016.321045
36864.125000 993.179871 0.000000 2016.427979
36864.125000 993.179871 0.000000 2016.526978
36864.125000 993.179871 0.000000 2016.620972
36864.125000 993.179871 0.000000 2016.720947
36864.125000 993.179871 0.000000 2016.829956
36864.125000 993.179871 0.000000 2016.928955
36864.125000 993.179871 0.000000 2017.019043
36864.125000 993.179871 0.000000 2017.123047
36864.125000 993.179871 0.000000 2017.223022
36864.125000 993.179871 0.000000 2017.322998
36864.125000 993.179871 0.000000 2017.423950
36864.125000 993.179871 0.000000 2017.531006
36864.125000 993.179871 0.000000 2017.625977
36864.125000 993.179871 0.000000 2017.723999
36864.125000 993.179871 0.000000 2017.832031
36864.125000 993.179871 0.000000 2017.927002
36864.125000 993.179871 0.000000 2018.022949
36864.125000 993.179871 0.000000 2018.131958
36864.125000 993.179871 0.000000 2018.232056
36864.125000 993.179871 0.000000 2018.332031
36864.125000 993.179871 0.000000 2018.421021
36864.125000 993.179871 0.000000 2018.529053
36864.125000 993.179871 0.000000 2018.623047
36864.125000 993.179871 0.000000 2018.718994
36864.125000 993.179871 0.000000 2018.822998
36864.125000 993.179871 0.000000 2018.922974
36864.125000 993.179871 0.000000 2019.022949
36864.125000 993.179871 0.000000 2019.123047
36864.125000 993.179871 0.000000 2019.223022
36864.125000 993.179871 0.000000 2019.322998
36864.125000 993.179871 0.000000 2019.422974
36864.125000 993.179871 0.000000 2019.522949
36864.125000 993.179871 0.000000 2019.623047
36864.125000 993.179871 0.000000 2019.723999
36864.125000 993.179871 0.000000 2019.823975
36864.125000 993.179871 0.000000 2019.931030
36864.125000 993.179871 0.000000 2020.031982
36864.125000 993.179871 0.000000 2020.118042
36864.125000 993.179871 0.000000 2020.213013
36864.125000 993.179871 0.000000 2020.328003
36864.125000 993.179871 0.000000 2020.425049
36864.125000 993.179871 0.000000 2020.525024
36864.125000 993.179871 0.000000 2020.620972
36864.125000 993.179871 0.000000 2020.723022
36864.125000 993.179871 0.000000 2020.822998
36864.125000 993.179871 0.000000 2020.927979
36864.125000 993.179871 0.000000 2021.022949
36864.125000 993.179871 0.000000 2021.123047
36864.125000 993.179871 0.000000 2021.223022
36864.125000 993.179871 0.000000 2021.326050
36864.125000 993.179871 0.000000 2021.422974
36864.125000 993.179871 0.000000 2021.517944
36864.125000 993.179871 0.000000 2021.623047
36864.125000 993.179871 0.000000 2021.727051
36864.125000 993.179871 0.000000 2021.821045
36864.125000 993.179871 0.000000 2021.931030
36864.125000 993.179871 0.000000 2022.036011
36864.125000 993.179871 0.000000 2022.121948
36864.125000 993.179871 0.000000 2022.227051
36864.125000 993.179871 0.000000 2022.327026
36864.125000 993.179871 0.000000 2022.427979
36864.125000 993.179871 0.000000 2022.522949
36864.125000 993.179871 0.000000 2022.613037
36864.125000 993.179871 0.000000 2022.713013
36864.125000 993.179871 0.000000 2022.822998
36864.125000 993.179871 0.000000 2022.918945
36864.125000 993.179871 0.000000 2023.026978
36864.125000 993.179871 0.000000 2023.131958
36864.125000 993.179871 0.000000 2023.230957
36864.125000 993.179871 0.000000 2023.323975
36864.125000 993.179871 0.000000 2023.426025
36864.125000 993.179871 0.000000 2023.527954
36864.125000 993.179871 0.000000 2023.625977
36864.125000 993.179871 0.000000 2023.728027
36864.125000 993.179871 0.000000 2023.826050
36864.125000 993.179871 0.000000 2023.916016
36864.125000 993.179871 0.000000 2024.020996
36864.125000 993.179871 0.000000 2024.125977
36864.125000 993.179871 0.000000 2024.227051
36864.125000 993.179871 0.000000 2024.326050
36864.125000 993.179871 0.000000 2024.421997
36864.125000 993.179871 0.000000 2024.527954
36864.125000 993.179871 0.000000 2024.626953
36864.125000 993.179871 0.000000 2024.727051
36864.125000 993.179871 0.000000 2024.826050
36864.125000 993.179871 0.000000 2024.926025
36864.125000 993.179871 0.000000 2025.035034
36864.125000 993.179871 0.000000 2025.140015
36864.125000 993.179871 0.000000 2025.232056
36864.125000 993.179871 0.000000 2025.321045
36864.125000 993.179871 0.000000 2025.426025
36864.125000 993.179871 0.000000 2025.526978
36864.125000 993.179871 0.000000 2025.625977
36864.125000 993.179871 0.000000 2025.730957
36864.125000 993.179871 0.000000 2025.826050
36864.125000 993.179871 0.000000 2025.926025
36864.125000 993.179871 0.000000 2026.026001
36864.125000 993.179871 0.000000 2026.129028
36864.125000 993.179871 0.000000 2026.243042
36864.125000 993.179871 0.000000 2026.327026
36864.125000 993.179871 0.000000 2026.432007
36864.125000 993.179871 0.000000 2026.526978
36864.125000 993.179871 0.000000 2026.621948
36864.125000 993.179871 0.000000 2026.727051
36864.125000 993.179871 0.000000 2026.827026
36864.125000 993.179871 0.000000 2026.927002
36864.125000 993.179871 0.000000 2027.031982
36864.125000 993.179871 0.000000 2027.135010
36864.125000 993.179871 0.000000 2027.234985
36864.125000 993.179871 0.000000 2027.333008
36864.125000 993.179871 0.000000 2027.427002
36864.125000 993.179871 0.000000 2027.521973
36864.125000 993.179871 0.000000 2027.641968
36864.125000 993.179871 0.000000 2027.732056
36864.125000 993.179871 0.000000 2027.837036
36864.125000 993.179871 0.000000 2027.947021
36864.125000 993.179871 0.000000 2028.046997
36864.125000 993.179871 0.000000 2028.141968
36864.125000 993.179871 0.000000 2028.246948
36864.125000 993.179871 0.000000 2028.342041
36864.125000 993.179871 0.000000 2028.447021
36864.125000 993.179871 0.000000 2028.541992
36864.125000 993.179871 0.000000 2028.646973
36864.125000 993.179871 0.000000 2028.746948
36864.125000 993.179871 0.000000 2028.837036
36864.125000 993.179871 0.000000 2028.935059
36864.125000 993.179871 0.000000 2029.034058
36864.125000 993.179871 0.000000 2029.135010
36864.125000 993.179871 0.000000 2029.239014
36864.125000 993.179871 0.000000 2029.333984
36864.125000 993.179871 0.000000 2029.439941
36864.125000 993.179871 0.000000 2029.524048
36864.125000 993.179871 0.000000 2029.639038
36864.125000 993.179871 0.000000 2029.734009
36864.125000 993.179871 0.000000 2029.833984
36864.125000 993.179871 0.000000 2029.935059
36864.125000 993.179871 0.000000 2030.031982
36864.125000 993.179871 0.000000 2030.125000
36864.125000 993.179871 0.000000 2030.237061
36864.125000 993.179871 0.000000 2030.339966
36864.125000 993.179871 0.000000 2030.435059
36864.125000 993.179871 0.000000 2030.535034
36864.125000 993.179871 0.000000 2030.630981
36864.125000 993.179871 0.000000 2030.734985
36864.125000 993.179871 0.000000 2030.840942
36864.125000 993.179871 0.000000 2030.936035
36864.125000 993.179871 0.000000 2031.035034
36864.125000 993.179871 0.000000 2031.135010
36864.125000 993.179871 0.000000 2031.234985
36864.125000 993.179871 0.000000 2031.336060
36864.125000 993.179871 0.000000 2031.435059
36864.125000 993.179871 0.000000 2031.535034
36864.125000 993.179871 0.000000 2031.635010
36864.125000 993.179871 0.000000 2031.734985
36864.125000 993.179871 0.000000 2031.844971
36864.125000 993.179871 0.000000 2031.943970
36864.125000 993.179871 0.000000 2032.043945
36864.125000 993.179871 0.000000 2032.149048
36864.125000 993.179871 0.000000 2032.241943
36864.125000 993.179871 0.000000 2032.343994
36864.125000 993.179871 0.000000 2032.443970
36864.125000 993.179871 0.000000 2032.548950
36864.125000 993.179871 0.000000 2032.639038
36864.125000 993.179871 0.000000 2032.744019
36864.125000 993.179871 0.000000 2032.833984
36864.125000 993.179871 0.000000 2032.942993
36864.125000 993.179871 0.000000 2033.042969
36864.125000 993.179871 0.000000 2033.140015
36864.125000 993.179871 0.000000 2033.234985
36864.125000 993.179871 0.000000 2033.334961
36864.125000 993.179871 0.000000 2033.437012
36864.125000 993.179871 0.000000 2033.536011
36864.125000 993.179871 0.000000 2033.637939
36864.125000 993.179871 0.000000 2033.735962
36864.125000 993.179871 0.000000 2033.837036
36864.125000 993.179871 0.000000 2033.937988
36864.125000 993.179871 0.000000 2034.037964
36864.125000 993.179871 0.000000 2034.140015
36864.125000 993.179871 0.000000 2034.234009
36864.125000 993.179871 0.000000 2034.338013
36864.125000 993.179871 0.000000 2034.439941
36864.125000 993.179871 0.000000 2034.526978
36864.125000 993.179871 0.000000 2034.646973
36864.125000 993.179871 0.000000 2034.744995
36864.125000 993.179871 0.000000 2034.839966
36864.125000 993.179871 0.000000 2034.944946
36864.125000 993.179871 0.000000 2035.045044
36864.125000 993.179871 0.000000 2035.131958
36864.125000 993.179871 0.000000 2035.237061
36864.125000 993.179871 0.000000 2035.333984
36864.125000 993.179871 0.000000 2035.432983
36864.125000 993.179871 0.000000 2035.532959
36864.125000 993.179871 0.000000 2035.628052
36864.125000 993.179871 0.000000 2035.733032
36864.125000 993.179871 0.000000 2035.833008
36864.125000 993.179871 0.000000 2035.932983
36864.125000 993.179871 0.000000 2036.036987
36864.125000 993.179871 0.000000 2036.136963
36864.125000 993.179871 0.000000 2036.240967
36864.125000 993.179871 0.000000 2036.345947
36864.125000 993.179871 0.000000 2036.446045
36864.125000 993.179871 0.000000 2036.531982
36864.125000 993.179871 0.000000 2036.637939
36864.125000 993.179871 0.000000 2036.733032
36864.125000 993.179871 0.000000 2036.827026
36864.125000 993.179871 0.000000 2036.932007
36864.125000 993.179871 0.000000 2037.026978
36864.125000 993.179871 0.000000 2037.136963
36864.125000 993.179871 0.000000 2037.222046
36864.125000 993.179871 0.000000 2037.337036
36864.125000 993.179871 0.000000 2037.437012
36864.125000 993.179871 0.000000 2037.531982
36864.125000 993.179871 0.000000 2037.626953
36864.125000 993.179871 0.000000 2037.724976
36864.125000 993.179871 0.000000 2037.836060
36864.125000 993.179871 0.000000 2037.941040
36864.125000 993.179871 0.000000 2038.041016
36864.125000 993.179871 0.000000 2038.134033
36864.125000 993.179871 0.000000 2038.241943
36864.125000 993.179871 0.000000 2038.342041
36864.125000 993.179871 0.000000 2038.442017
36864.125000 993.179871 0.000000 2038.541992
36864.125000 993.179871 0.000000 2038.641968
36864.125000 993.179871 0.000000 2038.734009
36864.125000 993.179871 0.000000 2038.833984
36864.125000 993.179871 0.000000 2038.939941
36864.125000 993.179871 0.000000 2039.034058
36864.125000 993.179871 0.000000 2039.124023
36864.125000 993.179871 0.000000 2039.239014
36864.125000 993.179871 0.000000 2039.336060
36864.125000 993.179871 0.000000 2039.437012
36864.125000 993.179871 0.000000 2039.536011
36864.125000 993.179871 0.000000 2039.639038
36864.125000 993.179871 0.000000 2039.735962
36864.125000 993.179871 0.000000 2039.836060
36864.125000 993.179871 0.000000 2039.941040
36864.125000 993.179871 0.000000 2040.036011
36864.125000 993.179871 0.000000 2040.135986
36864.125000 993.179871 0.000000 2040.238037
36864.125000 993.179871 0.000000 2040.343018
36864.125000 993.179871 0.000000 2040.437012
36864.125000 993.179871 0.000000 2040.531982
36864.125000 993.179871 0.000000 2040.636963
36864.125000 993.179871 0.000000 2040.741943
36864.125000 993.179871 0.000000 2040.842041
36864.125000 993.179871 0.000000 2040.942017
36864.125000 993.179871 0.000000 2041.022949
36864.125000 993.179871 0.000000 2041.135010
36864.125000 993.179871 0.000000 2041.218018
36864.125000 993.179871 0.000000 2041.336060
36864.125000 993.179871 0.000000 2041.441040
36864.125000 993.179871 0.000000 2041.540039
36864.125000 993.179871 0.000000 2041.633057
36864.125000 993.179871 0.000000 2041.733032
36864.125000 993.179871 0.000000 2041.833008
36864.125000 993.179871 0.000000 2041.937988
36864.125000 993.179871 0.000000 2042.038940
36864.125000 993.179871 0.000000 2042.139038
36864.125000 993.179871 0.000000 2042.239014
36864.125000 993.179871 0.000000 2042.333984
36864.125000 993.179871 0.000000 2042.433960
36864.125000 993.179871 0.000000 2042.534058
36864.125000 993.179871 0.000000 2042.639038
36864.125000 993.179871 0.000000 2042.744019
36864.125000 993.179871 0.000000 2042.837036
36864.125000 993.179871 0.000000 2042.933960
36864.125000 993.179871 0.000000 2043.034058
36864.125000 993.179871 0.000000 2043.134033
36864.125000 993.179871 0.000000 2043.239014
36864.125000 993.179871 0.000000 2043.333984
36864.125000 993.179871 0.000000 2043.433960
36864.125000 993.179871 0.000000 2043.535034
36864.125000 993.179871 0.000000 2043.634033
36864.125000 993.179871 0.000000 2043.739014
36864.125000 993.179871 0.000000 2043.832031
36864.125000 993.179871 0.000000 2043.942017
36864.250000 993.179871 0.000000 2044.034058
36864.250000 993.179871 0.000000 2044.134033
36864.250000 993.179871 0.000000 2044.245972
36864.250000 993.179871 0.000000 2044.343994
36864.250000 993.179871 0.000000 2044.443970
36864.250000 993.179871 0.000000 2044.552002
36864.250000 993.179871 0.000000 2044.656982
36864.250000 993.179871 0.000000 2044.756958
36864.250000 993.179871 0.000000 2044.843994
36864.250000 993.179871 0.000000 2044.957031
36864.250000 993.179871 0.000000 2045.041016
36864.250000 993.179871 0.000000 2045.145996
36864.250000 993.179871 0.000000 2045.251953
36864.250000 993.179871 0.000000 2045.353027
36864.250000 993.179871 0.000000 2045.451050
36864.250000 993.179871 0.000000 2045.560059
36864.250000 993.179871 0.000000 2045.660034
36864.250000 993.179871 0.000000 2045.750977
36864.250000 993.179871 0.000000 2045.845947
36864.250000 993.179871 0.000000 2045.946045
36864.250000 993.179871 0.000000 2046.051025
36864.250000 993.179871 0.000000 2046.151978
36864.250000 993.179871 0.000000 2046.245972
36864.250000 993.179871 0.000000 2046.350952
36864.250000 993.179871 0.000000 2046.452026
36864.250000 993.179871 0.000000 2046.546997
36864.250000 993.179871 0.000000 2046.652954
36864.250000 993.179871 0.000000 2046.750977
36864.250000 993.179871 0.000000 2046.852051
36864.250000 993.179871 0.000000 2046.947021
36864.250000 993.179871 0.000000 2047.052002
36864.250000 993.179871 0.000000 2047.144043
36864.250000 993.179871 0.000000 2047.249023
36864.250000 993.179871 0.000000 2047.348999
36864.250000 993.179871 0.000000 2047.442993
36864.250000 993.179871 0.000000 2047.547974
36864.250000 993.179871 0.000000 2047.647949
36864.250000 993.179871 0.000000 2047.755005
36864.250000 993.179871 0.000000 2047.850952
36864.250000 993.179871 0.000000 2047.949951
36864.250000 993.179871 0.000000 2048.032959
36864.250000 993.179871 0.000000 2048.138916
36864.250000 993.179871 0.000000 2048.239014
36864.250000 993.179871 0.000000 2048.339111
36864.250000 993.179871 0.000000 2048.447998
36864.250000 993.179871 0.000000 2048.549072
36864.250000 993.179871 0.000000 2048.648926
36864.250000 993.179871 0.000000 2048.750977
36864.250000 993.179871 0.000000 2048.845947
36864.250000 993.179871 0.000000 2048.946045
36864.250000 993.179871 0.000000 2049.058105
36864.250000 993.179871 0.000000 2049.153076
36864.250000 993.179871 0.000000 2049.249023
36864.250000 993.179871 0.000000 2049.351074
36864.250000 993.179871 0.000000 2049.465088
36864.250000 993.179871 0.000000 2049.554932
36864.250000 993.179871 0.000000 2049.650879
36864.250000 993.179871 0.000000 2049.748047
36864.250000 993.179871 0.000000 2049.841064
36864.250000 993.179871 0.000000 2049.940918
36864.250000 993.179871 0.000000 2050.058105
36864.250000 993.179871 0.000000 2050.150879
36864.250000 993.179871 0.000000 2050.230957
36864.250000 993.179871 0.000000 2050.360107
36864.250000 993.179871 0.000000 2050.451904
36864.250000 993.179871 0.000000 2050.555908
36864.250000 993.179871 0.000000 2050.650879
36864.250000 993.179871 0.000000 2050.746094
36864.250000 993.179871 0.000000 2050.851074
36864.250000 993.179871 0.000000 2050.950928
36864.250000 993.179871 0.000000 2051.048096
36864.250000 993.179871 0.000000 2051.150879
36864.250000 993.179871 0.000000 2051.251953
36864.250000 993.179871 0.000000 2051.360107
36864.250000 993.179871 0.000000 2051.437988
36864.250000 993.179871 0.000000 2051.545898
36864.250000 993.179871 0.000000 2051.645996
36864.250000 993.179871 0.000000 2051.750977
36864.250000 993.179871 0.000000 2051.841064
36864.250000 993.179871 0.000000 2051.950928
36864.250000 993.179871 0.000000 2052.058105
36864.250000 993.179871 0.000000 2052.154053
36864.250000 993.179871 0.000000 2052.260986
36864.250000 993.179871 0.000000 2052.354004
36864.250000 993.179871 0.000000 2052.458008
36864.250000 993.179871 0.000000 2052.561035
36864.250000 993.179871 0.000000 2052.656006
36864.250000 993.179871 0.000000 2052.747070
36864.250000 993.179871 0.000000 2052.846924
36864.250000 993.179871 0.000000 2052.952881
36864.250000 993.179871 0.000000 2053.047119
36864.250000 993.179871 0.000000 2053.146973
36864.250000 993.179871 0.000000 2053.247070
36864.250000 993.179871 0.000000 2053.352051
36864.250000 993.179871 0.000000 2053.447021
36864.250000 993.179871 0.000000 2053.541992
36864.250000 993.179871 0.000000 2053.648926
36864.250000 993.179871 0.000000 2053.747070
36864.250000 993.179871 0.000000 2053.846924
36864.250000 993.179871 0.000000 2053.959961
36864.250000 993.179871 0.000000 2054.060059
36864.250000 993.179871 0.000000 2054.149902
36864.250000 993.179871 0.000000 2054.251953
36864.250000 993.179871 0.000000 2054.352051
36864.250000 993.179871 0.000000 2054.456055
36864.250000 993.179871 0.000000 2054.555908
36864.250000 993.179871 0.000000 2054.656006
36864.250000 993.179871 0.000000 2054.739014
36864.250000 993.179871 0.000000 2054.850098
36864.250000 993.179871 0.000000 2054.949951
36864.250000 993.179871 0.000000 2055.053955
36864.250000 993.179871 0.000000 2055.144043
36864.250000 993.179871 0.000000 2055.254883
36864.250000 993.179871 0.000000 2055.349121
36864.250000 993.179871 0.000000 2055.449951
36864.250000 993.179871 0.000000 2055.543945
36864.250000 993.179871 0.000000 2055.648926
36864.250000 993.179871 0.000000 2055.749023
36864.250000 993.179871 0.000000 2055.849121
36864.250000 993.179871 0.000000 2055.958984
36864.250000 993.179871 0.000000 2056.059082
36864.250000 993.179871 0.000000 2056.149902
36864.250000 993.179871 0.000000 2056.240967
36864.250000 993.179871 0.000000 2056.339111
36864.250000 993.179871 0.000000 2056.455078
36864.250000 993.179871 0.000000 2056.553955
36864.250000 993.179871 0.000000 2056.648926
36864.250000 993.179871 0.000000 2056.753906
36864.250000 993.179871 0.000000 2056.849121
36864.250000 993.179871 0.000000 2056.961914
36864.250000 993.179871 0.000000 2057.052002
36864.250000 993.179871 0.000000 2057.160889
36864.250000 993.179871 0.000000 2057.259033
36864.250000 993.179871 0.000000 2057.358887
36864.250000 993.179871 0.000000 2057.454102
36864.250000 993.179871 0.000000 2057.559082
36864.250000 993.179871 0.000000 2057.658936
36864.250000 993.179871 0.000000 2057.753906
36864.250000 993.179871 0.000000 2057.854980
36864.250000 993.179871 0.000000 2057.948975
36864.250000 993.179871 0.000000 2058.060059
36864.250000 993.179871 0.000000 2058.159912
36864.250000 993.179871 0.000000 2058.254883
36864.250000 993.179871 0.000000 2058.354980
36864.250000 993.179871 0.000000 2058.448975
36864.250000 993.179871 0.000000 2058.549072
36864.250000 993.179871 0.000000 2058.654053
36864.250000 993.179871 0.000000 2058.753906
36864.250000 993.179871 0.000000 2058.852051
36864.250000 993.179871 0.000000 2058.959961
36864.250000 993.179871 0.000000 2059.060059
36864.250000 993.179871 0.000000 2059.164062
36864.250000 993.179871 0.000000 2059.259033
36864.250000 993.179871 0.000000 2059.364014
36864.250000 993.179871 0.000000 2059.459961
36864.250000 993.179871 0.000000 2059.552002
36864.250000 993.179871 0.000000 2059.652100
36864.250000 993.179871 0.000000 2059.752930
36864.250000 993.179871 0.000000 2059.856934
36864.250000 993.179871 0.000000 2059.951904
36864.250000 993.179871 0.000000 2060.052002
36864.250000 993.179871 0.000000 2060.156982
36864.250000 993.179871 0.000000 2060.257080
36864.250000 993.179871 0.000000 2060.357910
36864.250000 993.179871 0.000000 2060.460938
36864.250000 993.179871 0.000000 2060.561035
36864.250000 993.179871 0.000000 2060.657959
36864.250000 993.179871 0.000000 2060.758057
36864.250000 993.179871 0.000000 2060.864014
36864.250000 993.179871 0.000000 2060.958008
36864.250000 993.179871 0.000000 2061.058105
36864.250000 993.179871 0.000000 2061.153076
36864.250000 993.179871 0.000000 2061.258057
36864.250000 993.179871 0.000000 2061.353027
36864.250000 993.179871 0.000000 2061.457031
36864.250000 993.179871 0.000000 2061.558105
36864.250000 993.179871 0.000000 2061.656982
36864.250000 993.179871 0.000000 2061.760010
36864.250000 993.179871 0.000000 2061.864014
36864.250000 993.179871 0.000000 2061.959961
36864.250000 993.179871 0.000000 2062.065918
36864.250000 993.179871 0.000000 2062.166016
36864.250000 993.179871 0.000000 2062.260986
36864.250000 993.179871 0.000000 2062.363037
36864.250000 993.179871 0.000000 2062.452881
36864.250000 993.179871 0.000000 2062.566895
36864.250000 993.179871 0.000000 2062.654053
36864.250000 993.179871 0.000000 2062.758057
36864.250000 993.179871 0.000000 2062.856934
36864.250000 993.179871 0.000000 2062.957031
36864.250000 993.179871 0.000000 2063.056885
36864.250000 993.179871 0.000000 2063.157959
36864.250000 993.179871 0.000000 2063.247070
36864.250000 993.179871 0.000000 2063.357910
36864.250000 993.179871 0.000000 2063.457031
36864.250000 993.179871 0.000000 2063.547119
36864.250000 993.179871 0.000000 2063.652100
36864.250000 993.179871 0.000000 2063.761963
36864.250000 993.179871 0.000000 2063.860107
36864.250000 993.179871 0.000000 2063.968994
36864.250000 993.179871 0.000000 2064.063965
36864.250000 993.179871 0.000000 2064.165039
36864.250000 993.179871 0.000000 2064.256104
36864.250000 993.179871 0.000000 2064.354980
36864.250000 993.179871 0.000000 2064.462891
36864.250000 993.179871 0.000000 2064.568115
36864.250000 993.179871 0.000000 2064.663086
36864.250000 993.179871 0.000000 2064.750000
36864.250000 993.179871 0.000000 2064.854980
36864.250000 993.179871 0.000000 2064.955078
36864.250000 993.179871 0.000000 2065.054932
36864.250000 993.179871 0.000000 2065.159912
36864.250000 993.179871 0.000000 2065.260986
36864.250000 993.179871 0.000000 2065.360107
36864.250000 993.179871 0.000000 2065.458008
36864.250000 993.179871 0.000000 2065.550049
36864.250000 993.179871 0.000000 2065.655029
36864.250000 993.179871 0.000000 2065.754883
36864.250000 993.179871 0.000000 2065.864990
36864.250000 993.179871 0.000000 2065.959961
36864.250000 993.179871 0.000000 2066.061035
36864.250000 993.179871 0.000000 2066.155029
36864.250000 993.179871 0.000000 2066.254883
36864.250000 993.179871 0.000000 2066.354980
36864.250000 993.179871 0.000000 2066.440918
36864.250000 993.179871 0.000000 2066.560059
36864.250000 993.179871 0.000000 2066.658936
36864.250000 993.179871 0.000000 2066.759033
36864.250000 993.179871 0.000000 2066.858887
36864.250000 993.179871 0.000000 2066.958984
36864.250000 993.179871 0.000000 2067.049072
36864.250000 993.179871 0.000000 2067.158936
36864.250000 993.179871 0.000000 2067.243896
36864.250000 993.179871 0.000000 2067.358887
36864.250000 993.179871 0.000000 2067.458984
36864.250000 993.179871 0.000000 2067.565918
36864.250000 993.179871 0.000000 2067.660889
36864.250000 993.179871 0.000000 2067.764893
36864.250000 993.179871 0.000000 2067.860107
36864.250000 993.179871 0.000000 2067.969971
36864.250000 993.179871 0.000000 2068.054932
36864.250000 993.179871 0.000000 2068.165039
36864.250000 993.179871 0.000000 2068.270020
36864.250000 993.179871 0.000000 2068.370117
36864.250000 993.179871 0.000000 2068.455078
36864.250000 993.179871 0.000000 2068.561035
36864.250000 993.179871 0.000000 2068.657959
36864.250000 993.179871 0.000000 2068.756104
36864.250000 993.179871 0.000000 2068.845947
36864.250000 993.179871 0.000000 2068.966064
36864.250000 993.179871 0.000000 2069.055908
36864.250000 993.179871 0.000000 2069.158936
36864.250000 993.179871 0.000000 2069.263916
36864.250000 993.179871 0.000000 2069.358887
36864.250000 993.179871 0.000000 2069.460938
36864.250000 993.179871 0.000000 2069.561035
36864.250000 993.179871 0.000000 2069.644043
36864.250000 993.179871 0.000000 2069.760010
36864.250000 993.179871 0.000000 2069.854980
36864.250000 993.179871 0.000000 2069.955078
36864.250000 993.179871 0.000000 2070.060059
36864.250000 993.179871 0.000000 2070.149902
36864.250000 993.179871 0.000000 2070.260010
36864.250000 993.179871 0.000000 2070.366943
36864.250000 993.179871 0.000000 2070.459961
36864.250000 993.179871 0.000000 2070.565918
36864.250000 993.179871 0.000000 2070.655029
36864.250000 993.179871 0.000000 2070.754883
36864.250000 993.179871 0.000000 2070.850098
36864.250000 993.179871 0.000000 2070.949951
36864.250000 993.179871 0.000000 2071.054932
36864.250000 993.179871 0.000000 2071.156006
36864.250000 993.179871 0.000000 2071.260986
36864.250000 993.179871 0.000000 2071.354980
36864.250000 993.179871 0.000000 2071.455078
36864.250000 993.179871 0.000000 2071.550049
36864.250000 993.179871 0.000000 2071.662109
36864.250000 993.179871 0.000000 2071.759033
36864.250000 993.179871 0.000000 2071.849121
36864.250000 993.179871 0.000000 2071.954102
36864.250000 993.179871 0.000000 2072.055908
36864.250000 993.179871 0.000000 2072.150879
36864.250000 993.179871 0.000000 2072.263916
36864.250000 993.179871 0.000000 2072.355957
36864.250000 993.179871 0.000000 2072.456055
36864.250000 993.179871 0.000000 2072.555908
36864.250000 993.179871 0.000000 2072.656006
36864.250000 993.179871 0.000000 2072.757080
36864.250000 993.179871 0.000000 2072.855957
36864.250000 993.179871 0.000000 2072.958984
36864.250000 993.179871 0.000000 2073.061035
36864.250000 993.179871 0.000000 2073.156006
36864.250000 993.179871 0.000000 2073.256104
36864.250000 993.179871 0.000000 2073.357910
36864.250000 993.179871 0.000000 2073.452881
36864.250000 993.179871 0.000000 2073.558105
36864.250000 993.179871 0.000000 2073.660889
36864.250000 993.179871 0.000000 2073.759033
36864.250000 993.179871 0.000000 2073.866943
36864.250000 993.179871 0.000000 2073.968018
36864.250000 993.179871 0.000000 2074.062012
36864.250000 993.179871 0.000000 2074.158936
36864.250000 993.179871 0.000000 2074.259033
36864.250000 993.179871 0.000000 2074.354004
36864.250000 993.179871 0.000000 2074.454102
36864.250000 993.179871 0.000000 2074.559082
36864.250000 993.179871 0.000000 2074.659912
36864.250000 993.179871 0.000000 2074.754883
36864.250000 993.179871 0.000000 2074.860107
36864.250000 993.179871 0.000000 2074.954102
36864.250000 993.179871 0.000000 2075.060059
36864.250000 993.179871 0.000000 2075.162109
36864.250000 993.179871 0.000000 2075.259033
36864.250000 993.179871 0.000000 2075.354004
36864.250000 993.179871 0.000000 2075.448975
36864.250000 993.179871 0.000000 2075.554932
36864.250000 993.179871 0.000000 2075.660889
36864.250000 993.179871 0.000000 2075.754883
36864.250000 993.179871 0.000000 2075.854980
36864.250000 993.179871 0.000000 2075.945068
36864.250000 993.179871 0.000000 2076.060059
36864.250000 993.179871 0.000000 2076.164062
36864.250000 993.179871 0.000000 2076.259033
36864.250000 993.179871 0.000000 2076.365967
36864.250000 993.179871 0.000000 2076.454102
36864.250000 993.179871 0.000000 2076.559082
36864.250000 993.179871 0.000000 2076.655029
36864.250000 993.179871 0.000000 2076.764893
36864.250000 993.179871 0.000000 2076.858887
36864.250000 993.179871 0.000000 2076.961914
36864.250000 993.179871 0.000000 2077.069092
36864.250000 993.179871 0.000000 2077.164062
36864.250000 993.179871 0.000000 2077.263916
36864.250000 993.179871 0.000000 2077.364014
36864.250000 993.179871 0.000000 2077.454102
36864.250000 993.179871 0.000000 2077.564941
36864.250000 993.179871 0.000000 2077.662109
36864.250000 993.179871 0.000000 2077.759033
36864.250000 993.179871 0.000000 2077.854004
36864.250000 993.179871 0.000000 2077.956055
36864.250000 993.179871 0.000000 2078.055908
36864.250000 993.179871 0.000000 2078.156006
36864.250000 993.179871 0.000000 2078.256104
36864.250000 993.179871 0.000000 2078.355957
36864.250000 993.179871 0.000000 2078.461914
36864.250000 993.179871 0.000000 2078.551025
36864.250000 993.179871 0.000000 2078.650879
36864.250000 993.179871 0.000000 2078.750977
36864.250000 993.179871 0.000000 2078.866943
36864.250000 993.179871 0.000000 2078.961914
36864.250000 993.179871 0.000000 2079.055908
36864.250000 993.179871 0.000000 2079.156006
36864.250000 993.179871 0.000000 2079.260986
36864.250000 993.179871 0.000000 2079.355957
36864.250000 993.179871 0.000000 2079.456055
36864.250000 993.179871 0.000000 2079.555908
36864.250000 993.179871 0.000000 2079.648926
36864.250000 993.179871 0.000000 2079.759033
36864.250000 993.179871 0.000000 2079.854004
36864.250000 993.179871 0.000000 2079.964111
36864.250000 993.179871 0.000000 2080.065918
36864.250000 993.179871 0.000000 2080.158936
36864.250000 993.179871 0.000000 2080.259033
36864.250000 993.179871 0.000000 2080.358887
36864.250000 993.179871 0.000000 2080.461914
36864.250000 993.179871 0.000000 2080.553955
36864.250000 993.179871 0.000000 2080.658936
36864.250000 993.179871 0.000000 2080.759033
36864.250000 993.179871 0.000000 2080.854004
36864.250000 993.179871 0.000000 2080.958984
36864.250000 993.179871 0.000000 2081.059082
36864.250000 993.179871 0.000000 2081.159912
36864.250000 993.179871 0.000000 2081.260010
36864.250000 993.179871 0.000000 2081.365967
36864.250000 993.179871 0.000000 2081.470947
36864.250000 993.179871 0.000000 2081.565918
36864.250000 993.179871 0.000000 2081.665039
36864.250000 993.179871 0.000000 2081.780029
36864.250000 993.179871 0.000000 2081.875000
36864.250000 993.179871 0.000000 2081.965088
36864.250000 993.179871 0.000000 2082.061035
36864.250000 993.179871 0.000000 2082.162109
36864.250000 993.179871 0.000000 2082.260010
36864.250000 993.179871 0.000000 2082.356934
36864.250000 993.179871 0.000000 2082.457031
36864.250000 993.179871 0.000000 2082.562988
36864.250000 993.179871 0.000000 2082.656982
36864.250000 993.179871 0.000000 2082.757080
36864.250000 993.179871 0.000000 2082.862061
36864.250000 993.179871 0.000000 2082.957031
36864.250000 993.179871 0.000000 2083.062988
36864.250000 993.179871 0.000000 2083.156982
36864.250000 993.179871 0.000000 2083.254883
36864.250000 993.179871 0.000000 2083.358887
36864.250000 993.179871 0.000000 2083.458984
36864.250000 993.179871 0.000000 2083.559082
36864.250000 993.179871 0.000000 2083.658936
36864.250000 993.179871 0.000000 2083.760010
36864.250000 993.179871 0.000000 2083.854004
36864.250000 993.179871 0.000000 2083.955078
36864.250000 993.179871 0.000000 2084.054932
36864.250000 993.179871 0.000000 2084.154053
36864.250000 993.179871 0.000000 2084.263916
36864.250000 993.179871 0.000000 2084.358887
36864.250000 993.179871 0.000000 2084.470947
36864.250000 993.179871 0.000000 2084.572021
36864.250000 993.179871 0.000000 2084.672119
36864.250000 993.179871 0.000000 2084.764893
36864.250000 993.179871 0.000000 2084.864014
36864.250000 993.179871 0.000000 2084.954102
36864.250000 993.179871 0.000000 2085.064941
36864.250000 993.179871 0.000000 2085.164062
36864.250000 993.179871 0.000000 2085.259033
36864.250000 993.179871 0.000000 2085.366943
36864.250000 993.179871 0.000000 2085.468018
36864.250000 993.179871 0.000000 2085.566895
36864.250000 993.179871 0.000000 2085.668945
36864.250000 993.179871 0.000000 2085.767090
36864.250000 993.179871 0.000000 2085.866943
36864.250000 993.179871 0.000000 2085.971924
36864.250000 993.179871 0.000000 2086.064941
36864.250000 993.179871 0.000000 2086.176025
36864.250000 993.179871 0.000000 2086.275879
36864.250000 993.179871 0.000000 2086.375977
36864.250000 993.179871 0.000000 2086.474121
36864.250000 993.179871 0.000000 2086.568115
36864.250000 993.179871 0.000000 2086.667969
36864.250000 993.179871 0.000000 2086.770020
36864.250000 993.179871 0.000000 2086.876953
36864.250000 993.179871 0.000000 2086.977051
36864.250000 993.179871 0.000000 2087.076904
36864.250000 993.179871 0.000000 2087.166992
36864.250000 993.179871 0.000000 2087.245117
36864.250000 993.179871 0.000000 2087.364990
36864.250000 993.179871 0.000000 2087.465088
36864.250000 993.179871 0.000000 2087.571045
36864.250000 993.179871 0.000000 2087.666016
36864.250000 993.179871 0.000000 2087.771973
36864.250000 993.179871 0.000000 2087.871094
36864.250000 993.179871 0.000000 2087.967041
36864.250000 993.179871 0.000000 2088.079102
36864.250000 993.179871 0.000000 2088.166992
36864.250000 993.179871 0.000000 2088.272949
36864.250000 993.179871 0.000000 2088.372070
36864.250000 993.179871 0.000000 2088.467041
36864.250000 993.179871 0.000000 2088.566895
36864.250000 993.179871 0.000000 2088.672119
36864.250000 993.179871 0.000000 2088.781982
36864.250000 993.179871 0.000000 2088.876953
36864.250000 993.179871 0.000000 2088.977051
36864.250000 993.179871 0.000000 2089.070068
36864.250000 993.179871 0.000000 2089.165039
36864.250000 993.179871 0.000000 2089.271973
36864.250000 993.179871 0.000000 2089.365967
36864.250000 993.179871 0.000000 2089.471924
36864.250000 993.179871 0.000000 2089.572021
36864.250000 993.179871 0.000000 2089.660889
36864.250000 993.179871 0.000000 2089.766113
36864.250000 993.179871 0.000000 2089.874023
36864.250000 993.179871 0.000000 2089.958984
36864.250000 993.179871 0.000000 2090.073975
36864.250000 993.179871 0.000000 2090.174072
36864.250000 993.179871 0.000000 2090.269043
36864.250000 993.179871 0.000000 2090.368896
36864.250000 993.179871 0.000000 2090.468994
36864.250000 993.179871 0.000000 2090.572021
36864.250000 993.179871 0.000000 2090.668945
36864.250000 993.179871 0.000000 2090.770996
36864.250000 993.179871 0.000000 2090.868896
36864.250000 993.179871 0.000000 2090.974121
36864.250000 993.179871 0.000000 2091.076904
36864.250000 993.179871 0.000000 2091.177002
36864.250000 993.179871 0.000000 2091.277100
36864.250000 993.179871 0.000000 2091.382080
36864.250000 993.179871 0.000000 2091.477051
36864.250000 993.179871 0.000000 2091.569092
36864.250000 993.179871 0.000000 2091.674072
36864.250000 993.179871 0.000000 2091.769043
36864.250000 993.179871 0.000000 2091.864990
36864.250000 993.179871 0.000000 2091.976074
36864.250000 993.179871 0.000000 2092.072021
36864.250000 993.179871 0.000000 2092.169922
36864.250000 993.179871 0.000000 2092.269043
36864.250000 993.179871 0.000000 2092.372070
36864.250000 993.179871 0.000000 2092.468994
36864.250000 993.179871 0.000000 2092.580078
36864.250000 993.179871 0.000000 2092.668945
36864.250000 993.179871 0.000000 2092.769043
36864.250000 993.179871 0.000000 2092.875000
36864.250000 993.179871 0.000000 2092.979004
36864.250000 993.179871 0.000000 2093.070068
36864.250000 993.179871 0.000000 2093.168945
36864.250000 993.179871 0.000000 2093.269043
36864.250000 993.179871 0.000000 2093.378906
36864.250000 993.179871 0.000000 2093.468994
36864.250000 993.179871 0.000000 2093.569092
36864.250000 993.179871 0.000000 2093.674072
36864.250000 993.179871 0.000000 2093.774902
36864.250000 993.179871 0.000000 2093.867920
36864.250000 993.179871 0.000000 2093.968994
36864.250000 993.179871 0.000000 2094.069092
36864.250000 993.179871 0.000000 2094.174072
36864.250000 993.179871 0.000000 2094.269043
36864.250000 993.179871 0.000000 2094.368896
36864.250000 993.179871 0.000000 2094.477051
36864.250000 993.179871 0.000000 2094.576904
36864.250000 993.179871 0.000000 2094.677979
36864.250000 993.179871 0.000000 2094.769043
36864.250000 993.179871 0.000000 2094.872070
36864.250000 993.179871 0.000000 2094.968994
36864.250000 993.179871 0.000000 2095.073975
36864.250000 993.179871 0.000000 2095.167969
36864.250000 993.179871 0.000000 2095.269043
36864.250000 993.179871 0.000000 2095.370117
36864.250000 993.179871 0.000000 2095.474121
36864.250000 993.179871 0.000000 2095.569092
36864.250000 993.179871 0.000000 2095.668945
36864.250000 993.179871 0.000000 2095.781982
36864.250000 993.179871 0.000000 2095.872070
36864.250000 993.179871 0.000000 2095.971924
36864.250000 993.179871 0.000000 2096.072021
36864.250000 993.179871 0.000000 2096.173096
36864.250000 993.179871 0.000000 2096.271973
36864.250000 993.179871 0.000000 2096.376953
36864.250000 993.179871 0.000000 2096.472900
36864.250000 993.179871 0.000000 2096.582031
36864.250000 993.179871 0.000000 2096.677002
36864.250000 993.179871 0.000000 2096.777100
36864.250000 993.179871 0.000000 2096.873047
36864.250000 993.179871 0.000000 2096.971924
36864.250000 993.179871 0.000000 2097.076904
36864.250000 993.179871 0.000000 2097.177002
36864.250000 993.179871 0.000000 2097.267090
36864.250000 993.179871 0.000000 2097.382080
36864.250000 993.179871 0.000000 2097.487061
36864.250000 993.179871 0.000000 2097.586914
36864.250000 993.179871 0.000000 2097.681885
36864.250000 993.179871 0.000000 2097.784912
36864.250000 993.179871 0.000000 2097.889893
36864.250000 993.179871 0.000000 2097.985107
36864.250000 993.179871 0.000000 2098.084961
36864.250000 993.179871 0.000000 2098.198975
36864.250000 993.179871 0.000000 2098.290039
36864.250000 993.179871 0.000000 2098.385010
36864.250000 993.179871 0.000000 2098.499023
36864.250000 993.179871 0.000000 2098.599121
36864.250000 993.179871 0.000000 2098.688965
36864.250000 993.179871 0.000000 2098.799072
36864.250000 993.179871 0.000000 2098.884033
36864.250000 993.179871 0.000000 2098.991943
36864.250000 993.179871 0.000000 2099.076904
36864.250000 993.179871 0.000000 2099.196045
36864.250000 993.179871 0.000000 2099.274902
36864.250000 993.179871 0.000000 2099.389893
36864.250000 993.179871 0.000000 2099.479980
36864.250000 993.179871 0.000000 2099.603027
36864.250000 993.179871 0.000000 2099.685059
36864.250000 993.179871 0.000000 2099.788086
36864.250000 993.179871 0.000000 2099.885010
36864.250000 993.179871 0.000000 2099.982910
36864.250000 993.179871 0.000000 2100.093018
36864.250000 993.179871 0.000000 2100.185059
36864.250000 993.179871 0.000000 2100.295898
36864.250000 993.179871 0.000000 2100.385010
36864.250000 993.179871 0.000000 2100.485107
36864.250000 993.179871 0.000000 2100.584961
36864.250000 993.179871 0.000000 2100.687012
36864.250000 993.179871 0.000000 2100.787109
36864.250000 993.179871 0.000000 2100.887939
36864.250000 993.179871 0.000000 2100.988037
36864.250000 993.179871 0.000000 2101.086914
36864.250000 993.179871 0.000000 2101.187012
36864.250000 993.179871 0.000000 2101.288086
36864.250000 993.179871 0.000000 2101.382080
36864.250000 993.179871 0.000000 2101.487061
36864.250000 993.179871 0.000000 2101.592041
36864.250000 993.179871 0.000000 2101.688965
36864.250000 993.179871 0.000000 2101.789062
36864.250000 993.179871 0.000000 2101.878906
36864.250000 993.179871 0.000000 2101.989014
36864.250000 993.179871 0.000000 2102.093018
36864.250000 993.179871 0.000000 2102.197998
36864.250000 993.179871 0.000000 2102.292969
36864.250000 993.179871 0.000000 2102.388916
36864.250000 993.179871 0.000000 2102.489014
36864.250000 993.179871 0.000000 2102.583984
36864.250000 993.179871 0.000000 2102.690918
36864.250000 993.179871 0.000000 2102.790039
36864.250000 993.179871 0.000000 2102.888916
36864.250000 993.179871 0.000000 2102.989014
36864.250000 993.179871 0.000000 2103.094971
36864.250000 993.179871 0.000000 2103.208984
36864.250000 993.179871 0.000000 2103.292969
36864.250000 993.179871 0.000000 2103.397949
36864.250000 993.179871 0.000000 2103.498047
36864.250000 993.179871 0.000000 2103.597900
36864.250000 993.179871 0.000000 2103.697998
36864.250000 993.179871 0.000000 2103.798096
36864.250000 993.179871 0.000000 2103.897949
36864.250000 993.179871 0.000000 2103.998047
36864.250000 993.179871 0.000000 2104.097900
36864.250000 993.179871 0.000000 2104.197998
36864.250000 993.179871 0.000000 2104.297119
36864.250000 993.179871 0.000000 2104.386963
36864.250000 993.179871 0.000000 2104.497070
36864.250000 993.179871 0.000000 2104.592041
36864.250000 993.179871 0.000000 2104.684082
36864.250000 993.179871 0.000000 2104.790039
36864.250000 993.179871 0.000000 2104.885010
36864.250000 993.179871 0.000000 2104.989014
36864.250000 993.179871 0.000000 2105.093994
36864.250000 993.179871 0.000000 2105.204102
36864.250000 993.179871 0.000000 2105.303955
36864.250000 993.179871 0.000000 2105.398926
36864.250000 993.179871 0.000000 2105.499023
36864.250000 993.179871 0.000000 2105.599121
36864.250000 993.179871 0.000000 2105.698975
36864.250000 993.179871 0.000000 2105.799072
36864.250000 993.179871 0.000000 2105.892090
36867.000000 993.179871 0.000000 2106.001953
36867.000000 993.179871 0.000000 2106.094971
36867.000000 993.179871 0.000000 2106.188965
36867.000000 993.179871 0.000000 2106.302979
36867.000000 993.179871 0.000000 2106.403076
36867.000000 993.179871 0.000000 2106.498047
36867.000000 993.179871 0.000000 2106.595947
36867.000000 993.179871 0.000000 2106.696045
36867.000000 993.179871 0.000000 2106.790039
36867.000000 993.179871 0.000000 2106.899902
36867.000000 993.179871 0.000000 2106.996094
36867.000000 993.179871 0.000000 2107.094971
36867.000000 993.179871 0.000000 2107.202881
36867.000000 993.179871 0.000000 2107.291016
36867.000000 993.179871 0.000000 2107.397949
36867.000000 993.179871 0.000000 2107.495117
36867.000000 993.179871 0.000000 2107.595947
36867.000000 993.179871 0.000000 2107.696045
36867.000000 993.179871 0.000000 2107.795898
36867.000000 993.179871 0.000000 2107.895996
36867.000000 993.179871 0.000000 2107.996094
36867.000000 993.179871 0.000000 2108.101074
36867.000000 993.179871 0.000000 2108.198975
36867.000000 993.179871 0.000000 2108.295898
36867.000000 993.179871 0.000000 2108.398926
36867.000000 993.179871 0.000000 2108.495117
36867.000000 993.179871 0.000000 2108.593018
36867.000000 993.179871 0.000000 2108.697998
36867.000000 993.179871 0.000000 2108.798096
36867.000000 993.179871 0.000000 2108.893066
36867.000000 993.179871 0.000000 2109.003906
36867.000000 993.179871 0.000000 2109.114014
36867.000000 993.179871 0.000000 2109.193115
36867.000000 993.179871 0.000000 2109.292969
36867.000000 993.179871 0.000000 2109.409912
36867.000000 993.179871 0.000000 2109.504883
36867.000000 993.179871 0.000000 2109.610107
36867.000000 993.179871 0.000000 2109.697998
36867.000000 993.179871 0.000000 2109.811035
36867.000000 993.179871 0.000000 2109.903076
36867.000000 993.179871 0.000000 2110.010010
36867.000000 993.179871 0.000000 2110.111084
36867.000000 993.179871 0.000000 2110.210938
36867.000000 993.179871 0.000000 2110.311035
36867.000000 993.179871 0.000000 2110.385986
36867.000000 993.179871 0.000000 2110.500977
36867.000000 993.179871 0.000000 2110.601074
36867.000000 993.179871 0.000000 2110.700928
36867.000000 993.179871 0.000000 2110.801025
36867.000000 993.179871 0.000000 2110.902100
36867.000000 993.179871 0.000000 2111.006104
36867.000000 993.179871 0.000000 2111.095947
36867.000000 993.179871 0.000000 2111.200928
36867.000000 993.179871 0.000000 2111.300049
36867.000000 993.179871 0.000000 2111.405029
36867.000000 993.179871 0.000000 2111.506104
36867.000000 993.179871 0.000000 2111.604980
36867.000000 993.179871 0.000000 2111.708984
36867.000000 993.179871 0.000000 2111.803955
36867.000000 993.179871 0.000000 2111.905029
36867.000000 993.179871 0.000000 2111.999023
36867.000000 993.179871 0.000000 2112.105957
36867.000000 993.179871 0.000000 2112.204102
36867.000000 993.179871 0.000000 2112.303955
36867.000000 993.179871 0.000000 2112.407959
36867.000000 993.179871 0.000000 2112.508057
36867.000000 993.179871 0.000000 2112.604004
36867.000000 993.179871 0.000000 2112.694092
36867.000000 993.179871 0.000000 2112.806885
36867.000000 993.179871 0.000000 2112.904053
36867.000000 993.179871 0.000000 2113.003906
36867.000000 993.179871 0.000000 2113.108887
36867.000000 993.179871 0.000000 2113.209961
36867.000000 993.179871 0.000000 2113.305908
36867.000000 993.179871 0.000000 2113.408936
36867.000000 993.179871 0.000000 2113.504883
36867.000000 993.179871 0.000000 2113.600098
36867.000000 993.179871 0.000000 2113.704102
36867.000000 993.179871 0.000000 2113.812012
36867.000000 993.179871 0.000000 2113.905029
36867.000000 993.179871 0.000000 2114.013916
36867.000000 993.179871 0.000000 2114.108887
36867.000000 993.179871 0.000000 2114.214111
36867.000000 993.179871 0.000000 2114.310059
36867.000000 993.179871 0.000000 2114.394043
36867.000000 993.179871 0.000000 2114.503906
36867.000000 993.179871 0.000000 2114.604004
36867.000000 993.179871 0.000000 2114.697021
36867.000000 993.179871 0.000000 2114.802979
36867.000000 993.179871 0.000000 2114.910889
36867.000000 993.179871 0.000000 2115.003906
36867.000000 993.179871 0.000000 2115.111084
36867.000000 993.179871 0.000000 2115.210938
36867.000000 993.179871 0.000000 2115.309082
36867.000000 993.179871 0.000000 2115.404053
36867.000000 993.179871 0.000000 2115.503906
36867.000000 993.179871 0.000000 2115.605957
36867.000000 993.179871 0.000000 2115.706055
36867.000000 993.179871 0.000000 2115.805908
36867.000000 993.179871 0.000000 2115.907959
36867.000000 993.179871 0.000000 2116.009033
36867.000000 993.179871 0.000000 2116.112061
36867.000000 993.179871 0.000000 2116.211914
36867.000000 993.179871 0.000000 2116.305908
36867.000000 993.179871 0.000000 2116.410889
36867.000000 993.179871 0.000000 2116.506104
36867.000000 993.179871 0.000000 2116.605957
36867.000000 993.179871 0.000000 2116.702881
36867.000000 993.179871 0.000000 2116.805908
36867.000000 993.179871 0.000000 2116.908936
36867.000000 993.179871 0.000000 2117.003906
36867.000000 993.179871 0.000000 2117.099121
36867.000000 993.179871 0.000000 2117.205078
36867.000000 993.179871 0.000000 2117.310059
36867.000000 993.179871 0.000000 2117.405029
36867.000000 993.179871 0.000000 2117.503906
36867.000000 993.179871 0.000000 2117.604980
36867.000000 993.179871 0.000000 2117.709961
36867.000000 993.179871 0.000000 2117.809082
36867.000000 993.179871 0.000000 2117.904053
36867.000000 993.179871 0.000000 2118.000000
36867.000000 993.179871 0.000000 2118.112061
36867.000000 993.179871 0.000000 2118.204102
36867.000000 993.179871 0.000000 2118.310059
36867.000000 993.179871 0.000000 2118.408936
36867.000000 993.179871 0.000000 2118.509033
36867.000000 993.179871 0.000000 2118.604004
36867.000000 993.179871 0.000000 2118.710938
36867.000000 993.179871 0.000000 2118.823975
36867.000000 993.179871 0.000000 2118.922119
36867.000000 993.179871 0.000000 2119.024902
36867.000000 993.179871 0.000000 2119.128906
36867.000000 993.179871 0.000000 2119.237061
36867.000000 993.179871 0.000000 2119.342041
36867.000000 993.179871 0.000000 2119.437012
36867.000000 993.179871 0.000000 2119.537109
36867.000000 993.179871 0.000000 2119.636963
36867.000000 993.179871 0.000000 2119.737061
36867.000000 993.179871 0.000000 2119.843994
36867.000000 993.179871 0.000000 2119.928955
36867.000000 993.179871 0.000000 2120.029053
36867.000000 993.179871 0.000000 2120.145020
36867.000000 993.179871 0.000000 2120.239014
36867.000000 993.179871 0.000000 2120.340088
36867.000000 993.179871 0.000000 2120.438965
36867.000000 993.179871 0.000000 2120.539062
36867.000000 993.179871 0.000000 2120.638916
36867.000000 993.179871 0.000000 2120.743896
36867.000000 993.179871 0.000000 2120.833984
36867.000000 993.179871 0.000000 2120.933105
36867.000000 993.179871 0.000000 2121.041992
36867.000000 993.179871 0.000000 2121.136963
36867.000000 993.179871 0.000000 2121.237061
36867.000000 993.179871 0.000000 2121.343994
36867.000000 993.179871 0.000000 2121.441895
36867.000000 993.179871 0.000000 2121.541992
36867.000000 993.179871 0.000000 2121.636963
36867.000000 993.179871 0.000000 2121.741943
36867.000000 993.179871 0.000000 2121.842041
36867.000000 993.179871 0.000000 2121.938965
36867.000000 993.179871 0.000000 2122.037109
36867.000000 993.179871 0.000000 2122.136963
36867.000000 993.179871 0.000000 2122.241943
36867.000000 993.179871 0.000000 2122.336914
36867.000000 993.179871 0.000000 2122.437012
36867.000000 993.179871 0.000000 2122.537109
36867.000000 993.179871 0.000000 2122.638916
36867.000000 993.179871 0.000000 2122.740967
36867.000000 993.179871 0.000000 2122.845947
36867.000000 993.179871 0.000000 2122.946045
36867.000000 993.179871 0.000000 2123.052979
36867.000000 993.179871 0.000000 2123.147949
36867.000000 993.179871 0.000000 2123.249023
36867.000000 993.179871 0.000000 2123.346924
36867.000000 993.179871 0.000000 2123.439941
36867.000000 993.179871 0.000000 2123.540039
36867.000000 993.179871 0.000000 2123.645020
36867.000000 993.179871 0.000000 2123.736084
36867.000000 993.179871 0.000000 2123.840088
36867.000000 993.179871 0.000000 2123.940918
36867.000000 993.179871 0.000000 2124.041016
36867.000000 993.179871 0.000000 2124.139893
36867.000000 993.179871 0.000000 2124.245117
36867.000000 993.179871 0.000000 2124.346924
36867.000000 993.179871 0.000000 2124.447998
36867.000000 993.179871 0.000000 2124.548096
36867.000000 993.179871 0.000000 2124.644043
36867.000000 993.179871 0.000000 2124.742920
36867.000000 993.179871 0.000000 2124.837891
36867.000000 993.179871 0.000000 2124.937012
36867.000000 993.179871 0.000000 2125.039062
36867.000000 993.179871 0.000000 2125.136963
36867.000000 993.179871 0.000000 2125.237061
36867.000000 993.179871 0.000000 2125.333008
36867.000000 993.179871 0.000000 2125.438965
36867.000000 993.179871 0.000000 2125.541992
36867.000000 993.179871 0.000000 2125.645996
36867.000000 993.179871 0.000000 2125.748047
36867.000000 993.179871 0.000000 2125.841064
36867.000000 993.179871 0.000000 2125.939941
36867.000000 993.179871 0.000000 2126.040039
36867.000000 993.179871 0.000000 2126.139893
36867.000000 993.179871 0.000000 2126.239990
36867.000000 993.179871 0.000000 2126.347900
36867.000000 993.179871 0.000000 2126.443115
36867.000000 993.179871 0.000000 2126.548096
36867.000000 993.179871 0.000000 2126.639893
36867.000000 993.179871 0.000000 2126.736084
36867.000000 993.179871 0.000000 2126.840088
36867.000000 993.179871 0.000000 2126.952881
36867.000000 993.179871 0.000000 2127.044922
36867.000000 993.179871 0.000000 2127.149902
36867.000000 993.179871 0.000000 2127.246094
36867.000000 993.179871 0.000000 2127.354004
36867.000000 993.179871 0.000000 2127.451904
36867.000000 993.179871 0.000000 2127.552002
36867.000000 993.179871 0.000000 2127.649902
36867.000000 993.179871 0.000000 2127.740967
36867.000000 993.179871 0.000000 2127.844971
36867.000000 993.179871 0.000000 2127.945068
36867.000000 993.179871 0.000000 2128.044922
36867.000000 993.179871 0.000000 2128.145020
36867.000000 993.179871 0.000000 2128.248047
36867.000000 993.179871 0.000000 2128.340088
