280.875000 0.000000 0.000000 1.720000
286.250000 0.000000 0.000000 1.815000
288.375000 0.000000 0.000000 1.925000
290.250000 0.000000 0.000000 2.020000
291.625000 0.000000 0.000000 2.125000
293.250000 0.000000 0.000000 2.220000
294.000000 0.000000 0.000000 2.315000
294.500000 0.000000 0.000000 2.425000
295.625000 0.000000 0.000000 2.525000
295.875000 0.000000 0.000000 2.620000
296.250000 0.000000 0.000000 2.725000
297.000000 0.000000 0.000000 2.820000
297.125000 0.000000 0.000000 2.930000
297.250000 0.000000 0.000000 3.025000
297.875000 0.000000 0.000000 3.125000
298.125000 0.000000 0.000000 3.220000
298.375000 0.000000 0.000000 3.315000
298.500000 0.000000 0.000000 3.425000
298.750000 0.000000 0.000000 3.525000
299.250000 0.000000 0.000000 3.630000
299.875000 0.000000 0.000000 3.720000
299.875000 0.000000 0.000000 3.825000
300.000000 0.000000 0.000000 3.915000
300.125000 0.000000 0.000000 4.025000
300.750000 0.000000 0.000000 4.116000
300.875000 0.000000 0.000000 4.220000
300.875000 0.000000 0.000000 4.315000
301.250000 0.000000 0.000000 4.425000
301.375000 0.000000 0.000000 4.525000
301.375000 0.000000 0.000000 4.620000
301.500000 0.000000 0.000000 4.725000
301.500000 0.000000 0.000000 4.815000
301.500000 0.000000 0.000000 4.925000
301.500000 0.000000 0.000000 5.021000
301.875000 0.000000 0.000000 5.125000
301.875000 0.000000 0.000000 5.215000
301.875000 0.000000 0.000000 5.325000
301.875000 0.000000 0.000000 5.420000
302.250000 0.000000 0.000000 5.525000
302.375000 0.000000 0.000000 5.615000
302.625000 0.000000 0.000000 5.725000
302.625000 0.000000 0.000000 5.815000
302.750000 0.000000 0.000000 5.920000
302.875000 0.000000 0.000000 6.015000
302.875000 0.000000 0.000000 6.120000
303.000000 0.000000 0.000000 6.215000
303.125000 0.000000 0.000000 6.320000
303.125000 0.000000 0.000000 6.425000
303.250000 0.000000 0.000000 6.520000
303.250000 0.000000 0.000000 6.625000
303.375000 0.000000 0.000000 6.725000
303.375000 0.000000 0.000000 6.825000
303.375000 0.000000 0.000000 6.925000
303.375000 0.000000 0.000000 7.025000
303.375000 0.000000 0.000000 7.125000
303.500000 0.000000 0.000000 7.225000
303.500000 0.000000 0.000000 7.315000
303.625000 0.000000 0.000000 7.425000
303.625000 0.000000 0.000000 7.515000
303.750000 0.000000 0.000000 7.615000
303.750000 0.000000 0.000000 7.730000
303.750000 0.000000 0.000000 7.820000
303.750000 0.000000 0.000000 7.930000
303.750000 0.000000 0.000000 8.025000
303.750000 0.000000 0.000000 8.120000
303.750000 0.000000 0.000000 8.225000
303.750000 0.000000 0.000000 8.315000
303.750000 0.000000 0.000000 8.425000
303.750000 0.000000 0.000000 8.525000
303.750000 0.000000 0.000000 8.630000
303.750000 0.000000 0.000000 8.720000
303.750000 0.000000 0.000000 8.820000
303.750000 0.000000 0.000000 8.925000
303.750000 0.000000 0.000000 9.020000
303.875000 0.000000 0.000000 9.115000
303.875000 0.000000 0.000000 9.220000
303.875000 0.000000 0.000000 9.320000
303.875000 0.000000 0.000000 9.425000
303.875000 0.000000 0.000000 9.525000
303.875000 0.000000 0.000000 9.620000
304.000000 0.000000 0.000000 9.725000
304.000000 0.000000 0.000000 9.820000
304.000000 0.000000 0.000000 9.925000
304.000000 0.000000 0.000000 10.025000
304.000000 0.000000 0.000000 10.125000
304.000000 0.000000 0.000000 10.225000
304.000000 0.000000 0.000000 10.320000
304.000000 0.000000 0.000000 10.425000
304.250000 0.000000 0.000000 10.510000
304.375000 0.000000 0.000000 10.625000
304.500000 0.000000 0.000000 10.725000
304.500000 0.000000 0.000000 10.825000
304.500000 0.000000 0.000000 10.925000
304.500000 0.000000 0.000000 11.020000
304.500000 0.000000 0.000000 11.125000
304.500000 0.000000 0.000000 11.225000
304.625000 0.000000 0.000000 11.320000
304.625000 0.000000 0.000000 11.425000
304.625000 0.000000 0.000000 11.510000
304.625000 0.000000 0.000000 11.620000
304.625000 0.000000 0.000000 11.730000
304.625000 0.000000 0.000000 11.815000
304.625000 0.000000 0.000000 11.925000
304.625000 0.000000 0.000000 12.025000
304.625000 0.000000 0.000000 12.126000
304.625000 0.000000 0.000000 12.220000
304.750000 0.000000 0.000000 12.320000
304.875000 0.000000 0.000000 12.425000
304.875000 0.000000 0.000000 12.515000
304.875000 0.000000 0.000000 12.625000
304.875000 0.000000 0.000000 12.725000
304.875000 0.000000 0.000000 12.825000
304.875000 0.000000 0.000000 12.925000
304.875000 0.000000 0.000000 13.020000
304.875000 0.000000 0.000000 13.125000
305.000000 0.000000 0.000000 13.210000
305.000000 0.000000 0.000000 13.325000
305.000000 0.000000 0.000000 13.425000
305.125000 0.000000 0.000000 13.520000
305.125000 0.000000 0.000000 13.625000
305.125000 0.000000 0.000000 13.725000
305.125000 0.000000 0.000000 13.821000
305.125000 0.000000 0.000000 13.925000
305.125000 0.000000 0.000000 14.020000
305.125000 0.000000 0.000000 14.120000
305.125000 0.000000 0.000000 14.225000
305.250000 0.000000 0.000000 14.325000
305.250000 0.000000 0.000000 14.425000
305.250000 0.000000 0.000000 14.516000
305.250000 0.000000 0.000000 14.625000
305.250000 0.000000 0.000000 14.725000
305.375000 0.000000 0.000000 14.820000
305.375000 0.000000 0.000000 14.925000
305.375000 0.000000 0.000000 15.021000
305.375000 0.000000 0.000000 15.125000
305.375000 0.000000 0.000000 15.220000
305.375000 0.000000 0.000000 15.325000
305.375000 0.000000 0.000000 15.420000
305.375000 0.000000 0.000000 15.540000
305.375000 0.000000 0.000000 15.620000
305.500000 0.000000 0.000000 15.725000
305.500000 0.000000 0.000000 15.815000
305.625000 0.000000 0.000000 15.915000
305.625000 0.000000 0.000000 16.020000
305.625000 0.000000 0.000000 16.120001
305.625000 0.000000 0.000000 16.225000
305.750000 0.000000 0.000000 16.315001
305.750000 0.000000 0.000000 16.430000
305.875000 0.000000 0.000000 16.525000
305.875000 0.000000 0.000000 16.625000
306.000000 0.000000 0.000000 16.719999
306.000000 0.000000 0.000000 16.825001
306.000000 0.000000 0.000000 16.920000
306.000000 0.000000 0.000000 17.030001
306.000000 0.000000 0.000000 17.125000
306.000000 0.000000 0.000000 17.225000
306.000000 0.000000 0.000000 17.350000
306.500000 0.000000 0.000000 17.424999
306.500000 0.000000 0.000000 17.537001
306.500000 0.000000 0.000000 17.622000
306.500000 0.000000 0.000000 17.732000
306.500000 0.000000 0.000000 17.832001
306.500000 0.000000 0.000000 17.931999
306.500000 0.000000 0.000000 18.032000
306.500000 0.000000 0.000000 18.125000
306.500000 0.000000 0.000000 18.215000
306.500000 0.000000 0.000000 18.315001
306.500000 0.000000 0.000000 18.424999
306.500000 0.000000 0.000000 18.520000
306.500000 0.000000 0.000000 18.620001
389.250000 0.000000 0.309000 18.725000
397.250000 0.007025 0.309000 18.826000
430.125000 0.007025 0.309000 18.934999
451.375000 0.007025 0.309000 19.025000
475.375000 0.007025 0.309000 19.129999
500.375000 0.176184 0.309000 19.226000
528.500000 0.176184 0.309000 19.325001
561.000000 0.376246 0.309000 19.420000
596.375000 0.587996 0.309000 19.525000
631.625000 0.788746 0.243000 19.625000
663.000000 0.998620 0.243000 19.725000
692.500000 1.199870 0.243000 19.820000
725.375000 1.401077 0.243000 19.924999
755.125000 1.602326 0.243000 20.030001
780.750000 1.803550 0.243000 20.125000
806.000000 2.004750 0.243000 20.225000
831.500000 2.205979 0.243000 20.320000
854.500000 2.407335 0.243000 20.424999
874.625000 2.608560 0.243000 20.525000
966.250000 2.822825 0.235000 20.632000
985.250000 3.023054 0.235000 20.726999
1004.000000 3.224304 0.235000 20.827000
1024.250000 3.425580 0.235000 20.927000
1043.250000 3.626856 0.235000 21.027000
1060.000000 3.828258 0.235000 21.132000
1080.000000 4.029510 0.235000 21.226999
1097.500000 4.230361 0.235000 21.332001
1114.500000 4.431413 0.235000 21.427000
1131.625000 4.632790 0.235000 21.527000
1147.750000 4.833867 0.258000 21.627001
1166.375000 4.833867 0.258000 21.716999
1182.250000 5.236271 0.258000 21.827000
1199.750000 5.437526 0.258000 21.927000
1215.500000 5.638727 0.258000 22.027000
1228.500000 5.839752 0.258000 22.127001
1243.000000 6.041300 0.258000 22.226999
1257.125000 6.242577 0.258000 22.327000
1270.875000 6.443957 0.258000 22.431999
1286.875000 6.645188 0.258000 22.527000
1307.375000 6.845560 0.245000 22.627001
1328.500000 6.845560 0.245000 22.728001
1346.500000 7.055143 0.245000 22.827000
1361.625000 7.227938 0.245000 22.927999
1372.500000 7.369647 0.245000 23.032000
1382.000000 7.486013 0.245000 23.117001
1390.000000 7.557048 0.245000 23.232000
1396.125000 7.597073 0.245000 23.327000
1401.875000 7.597073 0.245000 23.431999
1406.250000 7.606217 0.245000 23.527000
1409.500000 7.606217 0.223000 23.627001
1426.500000 7.606217 0.223000 23.716999
1431.500000 7.606217 0.223000 23.822001
1436.125000 7.606217 0.223000 23.927000
1440.125000 7.666765 0.223000 24.027000
1446.625000 7.666765 0.223000 24.127001
1452.750000 7.666765 0.223000 24.232000
1459.875000 7.867640 0.223000 24.327000
1468.375000 7.867640 0.223000 24.434000
1477.625000 8.076546 0.223000 24.532000
1491.125000 8.280146 0.204000 24.632000
1502.500000 8.480740 0.204000 24.726999
1515.375000 8.689138 0.204000 24.827000
1527.250000 8.896389 0.204000 24.927000
1540.000000 9.097744 0.204000 25.032000
1553.125000 9.299149 0.204000 25.127001
1567.625000 9.500403 0.204000 25.216999
1581.625000 9.701559 0.204000 25.332001
1595.500000 9.902816 0.204000 25.427000
1610.125000 10.104246 0.204000 25.524000
1640.875000 10.304674 0.227000 25.636999
1659.625000 10.512397 0.227000 25.726999
1677.625000 10.512397 0.227000 25.827000
1690.125000 10.691210 0.227000 25.927000
1712.375000 10.839431 0.227000 26.037001
1724.500000 10.945087 0.227000 26.127001
1733.875000 11.020103 0.227000 26.222000
1741.250000 11.058302 0.227000 26.332001
1747.625000 11.065899 0.227000 26.427000
1752.375000 11.065899 0.227000 26.527000
1755.625000 11.065899 0.230000 26.627001
1771.875000 11.065899 0.230000 26.716999
1784.875000 11.065899 0.230000 26.832001
1797.250000 11.065899 0.230000 26.927000
1806.500000 11.065899 0.230000 27.017000
1811.000000 11.065899 0.230000 27.118999
1814.500000 11.065899 0.230000 27.226999
1817.750000 11.067999 0.230000 27.332001
1819.375000 11.067999 0.230000 27.427000
1821.250000 11.067999 0.230000 27.527000
1826.625000 11.067999 0.205000 27.632000
1831.750000 11.067999 0.205000 27.722000
1834.875000 11.268805 0.205000 27.832001
1837.750000 11.292778 0.205000 27.927000
1839.875000 11.293553 0.205000 28.027000
1842.375000 11.293553 0.205000 28.127001
1844.250000 11.293553 0.205000 28.226999
1845.750000 11.293553 0.205000 28.322001
1847.250000 11.293553 0.205000 28.431999
1847.875000 11.293553 0.205000 28.533001
1849.250000 11.293553 0.201000 28.628000
1853.250000 11.293553 0.201000 28.726999
1859.625000 11.293553 0.201000 28.834000
1862.750000 11.293553 0.201000 28.927000
1864.625000 11.293553 0.201000 29.021999
1868.000000 11.293553 0.201000 29.117001
1872.000000 11.293553 0.201000 29.233000
1874.375000 11.293553 0.201000 29.327000
1875.750000 11.293553 0.201000 29.431999
1877.500000 11.293553 0.201000 29.527000
1877.625000 11.293553 0.200000 29.632999
1877.875000 11.293553 0.200000 29.733000
1878.625000 11.293553 0.200000 29.827999
1879.375000 11.293553 0.200000 29.927999
1881.125000 11.293553 0.200000 30.028000
1884.875000 11.293553 0.200000 30.128000
1889.375000 11.469998 0.200000 30.218000
1895.125000 11.671314 0.200000 30.333000
1901.500000 11.671314 0.200000 30.423000
1910.750000 11.896791 0.200000 30.528000
1923.875000 12.102867 0.228000 30.628000
1936.875000 12.312674 0.228000 30.728001
1949.375000 12.513974 0.228000 30.827999
1965.750000 12.715226 0.228000 30.933001
1980.125000 12.916305 0.228000 31.023001
1996.750000 13.117553 0.228000 31.128000
2014.625000 13.318904 0.228000 31.228001
2029.250000 13.519973 0.228000 31.327999
2048.625000 13.720997 0.228000 31.433001
2068.000000 13.922276 0.228000 31.528000
2089.000000 14.123529 0.228000 31.618000
2112.500000 14.332964 0.319000 31.718000
2128.750000 14.548391 0.319000 31.833000
2145.250000 14.749504 0.319000 31.933001
2162.000000 14.950876 0.319000 32.018002
2177.500000 15.152153 0.319000 32.127998
2194.750000 15.353407 0.319000 32.233002
2212.125000 15.554693 0.319000 32.327999
2231.125000 15.755941 0.319000 32.428001
2253.625000 15.957157 0.319000 32.542999
2270.875000 16.158451 0.319000 32.638000
2288.250000 16.361881 0.314000 32.728001
2303.000000 16.553621 0.314000 32.818001
2316.750000 16.553621 0.314000 32.928001
2326.750000 16.718477 0.314000 33.022999
2335.250000 16.852419 0.314000 33.127998
2344.625000 16.943825 0.314000 33.233002
2355.250000 16.943825 0.314000 33.327999
2361.500000 17.008839 0.314000 33.428001
2369.375000 17.008839 0.314000 33.518002
2373.250000 17.047668 0.314000 33.627998
2379.250000 17.063459 0.281000 33.728001
2380.625000 17.063459 0.281000 33.827999
2385.375000 17.063459 0.281000 33.928001
2390.000000 17.063459 0.281000 34.028000
2397.625000 17.063459 0.281000 34.123001
2404.750000 17.268221 0.281000 34.233002
2413.125000 17.469343 0.281000 34.327999
2421.625000 17.469343 0.281000 34.432999
2431.375000 17.710793 0.281000 34.533001
2442.000000 17.912109 0.261000 34.627998
2451.375000 18.113361 0.261000 34.717999
2461.750000 18.314608 0.261000 34.827999
2471.250000 18.515734 0.261000 34.932999
2482.000000 18.717060 0.261000 35.028000
2492.000000 18.918461 0.261000 35.132999
2501.125000 19.119661 0.261000 35.228001
2509.625000 19.320963 0.261000 35.333000
2521.250000 19.522308 0.261000 35.428001
2528.875000 19.723564 0.261000 35.518002
2538.000000 19.924751 0.281000 35.632999
2546.500000 20.125996 0.281000 35.737999
2557.000000 20.327240 0.281000 35.827999
2567.750000 20.528484 0.281000 35.932999
2579.750000 20.735727 0.281000 36.028000
2588.750000 20.941116 0.281000 36.118000
2595.750000 21.142416 0.281000 36.233002
2603.500000 21.343666 0.281000 36.327999
2610.500000 21.545042 0.281000 36.428001
2617.250000 21.750315 0.281000 36.518002
2627.000000 21.957764 0.281000 36.627998
2633.625000 22.159014 0.302000 36.728001
2641.750000 22.360264 0.302000 36.833000
2647.500000 22.561514 0.302000 36.928001
2653.625000 22.762665 0.302000 37.033001
2660.375000 22.963915 0.302000 37.112999
2666.625000 23.165165 0.302000 37.217999
2672.625000 23.366415 0.302000 37.327999
2679.125000 23.567665 0.302000 37.428001
2685.375000 23.768915 0.302000 37.528000
2691.750000 23.970165 0.302000 37.627998
2700.625000 24.170912 0.305000 37.728001
2709.250000 24.372234 0.305000 37.813000
2716.250000 24.573389 0.305000 37.928001
2723.000000 24.774569 0.305000 38.033001
2730.625000 24.975748 0.305000 38.138000
2738.750000 25.176992 0.305000 38.233002
2748.625000 25.378490 0.305000 38.327999
2757.875000 25.579718 0.305000 38.432999
2766.250000 25.780836 0.305000 38.528000
2776.875000 25.982014 0.305000 38.627998
2784.125000 26.183365 0.297000 38.734001
2792.125000 26.394588 0.297000 38.827999
2800.000000 26.597986 0.297000 38.929001
2809.500000 26.847332 0.297000 39.033001
2819.500000 27.048567 0.297000 39.127998
2830.000000 27.249722 0.297000 39.234001
2837.875000 27.450994 0.297000 39.327999
2844.875000 27.652243 0.297000 39.428001
2852.125000 27.863613 0.297000 39.537998
2860.000000 28.065208 0.297000 39.627998
2879.250000 28.274614 0.349000 39.737999
2888.250000 28.482840 0.349000 39.827999
2896.750000 28.482840 0.349000 39.917999
2905.625000 28.684139 0.349000 40.013000
2915.500000 29.086491 0.349000 40.132999
2923.125000 29.287943 0.349000 40.228001
2930.750000 29.287943 0.349000 40.318001
2938.750000 29.690475 0.349000 40.433998
2945.125000 29.891829 0.349000 40.528000
2953.750000 30.093456 0.349000 40.627998
2968.875000 30.093456 0.344000 40.728001
2977.500000 30.298414 0.344000 40.827999
2984.625000 30.515413 0.344000 40.928001
2992.625000 30.716787 0.344000 41.018002
3000.375000 30.918161 0.344000 41.118000
3006.500000 31.119259 0.344000 41.233002
3015.500000 31.340658 0.344000 41.339001
3023.125000 31.562283 0.344000 41.428001
3031.375000 31.763657 0.344000 41.533001
3040.500000 31.965031 0.344000 41.618999
3059.625000 32.168629 0.371000 41.728001
3071.375000 32.375816 0.371000 41.823002
3081.000000 32.585064 0.371000 41.938000
3090.125000 32.790367 0.371000 42.035000
3106.125000 32.991615 0.371000 42.145000
3113.875000 33.192844 0.371000 42.235001
3124.250000 33.394077 0.371000 42.345001
3132.500000 33.595318 0.371000 42.435001
3143.875000 33.796562 0.371000 42.535000
3152.250000 33.997799 0.371000 42.634998
3170.250000 34.199051 0.362000 42.740002
3180.125000 34.403984 0.362000 42.827999
3188.375000 34.613285 0.362000 42.928001
3195.750000 34.814529 0.362000 43.028000
3203.500000 35.017776 0.362000 43.127998
3212.250000 35.227024 0.362000 43.228001
3219.250000 35.438271 0.362000 43.327999
3227.500000 35.659641 0.362000 43.432999
3234.500000 35.860912 0.362000 43.528000
3243.750000 36.062183 0.362000 43.627998
3257.625000 36.282043 0.357000 43.737999
3267.875000 36.489769 0.357000 43.827999
3275.250000 36.691025 0.357000 43.923000
3283.250000 36.892277 0.357000 44.033001
3292.500000 37.093407 0.357000 44.127998
3301.125000 37.294460 0.357000 44.233002
3309.125000 37.495689 0.357000 44.327999
3319.625000 37.696693 0.357000 44.428001
3329.750000 37.897823 0.357000 44.528000
3339.625000 38.099079 0.290000 44.627998
3349.500000 38.300358 0.290000 44.728001
3359.750000 38.503639 0.290000 44.827999
3369.875000 38.712917 0.290000 44.928001
3377.250000 38.914272 0.290000 45.028000
3386.500000 38.914272 0.290000 45.123001
3398.000000 39.316753 0.290000 45.233002
3409.000000 39.518135 0.290000 45.327999
3420.875000 39.518135 0.290000 45.417999
3432.375000 39.920666 0.290000 45.528000
3444.750000 40.121746 0.294000 45.627998
3458.875000 40.322418 0.294000 45.728001
3472.250000 40.523773 0.294000 45.833000
3485.000000 40.725025 0.294000 45.928001
3495.750000 40.725025 0.294000 46.020000
3509.500000 41.127731 0.294000 46.132999
3521.750000 41.328983 0.294000 46.228001
3536.000000 41.530235 0.294000 46.327999
3551.375000 41.731262 0.294000 46.428001
3564.125000 41.932384 0.294000 46.533001
3576.750000 41.932384 0.292000 46.623001
3590.250000 42.334862 0.292000 46.728001
3605.625000 42.536213 0.292000 46.827999
3619.250000 42.737717 0.292000 46.938000
3631.375000 42.939091 0.292000 47.033001
3645.000000 43.140312 0.292000 47.127998
3660.625000 43.341534 0.292000 47.237999
3675.375000 43.542908 0.292000 47.327999
3690.250000 43.744156 0.292000 47.428001
3705.625000 43.744156 0.292000 47.519001
3721.000000 44.146477 0.292000 47.632999
3743.250000 44.146477 0.312000 47.728001
3760.250000 44.368073 0.312000 47.827999
3774.625000 44.605202 0.312000 47.932999
3792.000000 44.806446 0.312000 48.033001
3809.000000 45.009823 0.312000 48.127998
3824.375000 45.219231 0.312000 48.228001
3841.625000 45.420361 0.312000 48.333000
3860.375000 45.621605 0.312000 48.428001
3877.500000 45.822849 0.312000 48.533001
3897.375000 46.024067 0.312000 48.627998
3930.750000 46.225487 0.363000 48.728001
3946.875000 46.429764 0.363000 48.827999
3965.750000 46.630390 0.363000 48.928001
3986.625000 46.831787 0.363000 49.028000
4009.500000 47.033043 0.363000 49.123001
4025.875000 47.234409 0.363000 49.234001
4044.500000 47.435486 0.363000 49.327999
4065.125000 47.636734 0.363000 49.432999
4083.250000 47.837982 0.363000 49.528000
4100.875000 48.039230 0.363000 49.623001
4127.375000 48.240479 0.343000 49.733002
4146.250000 48.444454 0.343000 49.827999
4165.750000 48.645088 0.343000 49.923000
4182.250000 48.846416 0.343000 50.018002
4201.875000 49.047523 0.343000 50.127998
4215.125000 49.248627 0.343000 50.238998
4232.125000 49.451603 0.343000 50.334000
4246.375000 49.652840 0.343000 50.424000
4258.500000 49.862167 0.343000 50.528000
4272.500000 50.067463 0.343000 50.632999
4292.750000 50.284676 0.372000 50.714001
4306.500000 50.491501 0.372000 50.827999
4321.625000 50.692684 0.372000 50.928001
4335.375000 50.893684 0.372000 51.013000
4346.750000 51.094982 0.372000 51.127998
4355.250000 51.316387 0.372000 51.228001
4365.500000 51.517635 0.372000 51.327999
4378.250000 51.718929 0.372000 51.432999
4389.625000 51.920002 0.372000 51.528000
4400.750000 52.121174 0.372000 51.618000
4454.250000 52.326294 0.348000 51.734001
4470.250000 52.529278 0.348000 51.827999
4486.125000 52.730526 0.348000 51.932999
4498.250000 52.931850 0.348000 52.028000
4509.875000 53.133186 0.348000 52.132999
4520.500000 53.334419 0.348000 52.228001
4533.375000 53.539635 0.348000 52.314999
4551.875000 53.746964 0.348000 52.428001
4566.875000 53.948063 0.348000 52.533001
4576.250000 54.165493 0.348000 52.625999
4602.125000 54.370026 0.352000 52.733002
4618.750000 54.370026 0.352000 52.813000
4633.000000 54.784935 0.352000 52.939999
4651.500000 54.986164 0.352000 53.035000
4669.125000 55.187393 0.352000 53.139999
4686.125000 55.388626 0.352000 53.235001
4700.125000 55.589874 0.352000 53.334999
4710.625000 55.791248 0.352000 53.435001
4724.125000 55.791248 0.352000 53.525002
4735.875000 56.193722 0.352000 53.634998
4763.375000 56.402069 0.356000 53.744999
4779.250000 56.402069 0.356000 53.834999
4791.125000 56.611446 0.356000 53.928001
4810.250000 56.817947 0.356000 54.033001
4821.500000 57.019661 0.356000 54.127998
4838.375000 57.239887 0.356000 54.241001
4857.375000 57.441116 0.356000 54.335999
4873.625000 57.642353 0.356000 54.441002
4889.625000 57.847530 0.356000 54.533001
4905.000000 58.048634 0.356000 54.632999
4936.000000 58.249371 0.361000 54.728001
4950.750000 58.459229 0.361000 54.827999
4963.500000 58.660305 0.361000 54.932999
4978.375000 58.861553 0.361000 55.028000
4991.500000 59.062653 0.361000 55.127998
5009.250000 59.266129 0.361000 55.234001
5024.375000 59.467377 0.361000 55.333000
5041.500000 59.678825 0.361000 55.443001
5054.250000 59.888199 0.361000 55.528000
5070.250000 60.089424 0.361000 55.623001
5093.750000 60.290653 0.370000 55.698002
5124.750000 60.506546 0.370000 55.834000
5145.750000 60.686752 0.370000 55.929001
5163.625000 60.834103 0.370000 56.034000
5181.125000 60.834103 0.370000 56.129002
5198.750000 60.948071 0.370000 56.234001
5205.750000 61.029217 0.370000 56.334000
5218.500000 61.029217 0.370000 56.433998
5225.250000 61.100254 0.370000 56.528999
5231.375000 61.100254 0.370000 56.629002
5255.375000 61.120304 0.378000 56.747002
5258.625000 61.120304 0.378000 56.828999
5263.250000 61.128422 0.378000 56.933998
5268.125000 61.128422 0.378000 57.028999
5271.125000 61.128422 0.378000 57.129002
5273.875000 61.128422 0.378000 57.229000
5277.875000 61.233059 0.378000 57.330002
5281.125000 61.233059 0.378000 57.424999
5286.500000 61.437534 0.378000 57.525002
5291.625000 61.641930 0.378000 57.634998
5306.250000 61.641930 0.341000 57.735001
5314.625000 61.860329 0.341000 57.830002
5323.250000 62.068882 0.341000 57.919998
5331.625000 62.287128 0.341000 58.029999
5341.500000 62.488247 0.341000 58.125000
5351.500000 62.689522 0.341000 58.230000
5363.125000 62.902634 0.341000 58.335999
5373.250000 63.104240 0.341000 58.431999
5386.375000 63.305660 0.341000 58.535999
5397.250000 63.509056 0.341000 58.625999
5441.875000 63.718227 0.383000 58.730999
5455.500000 63.937664 0.383000 58.835999
5469.625000 64.138710 0.383000 58.931000
5479.375000 64.340233 0.383000 59.026001
5490.875000 64.541367 0.383000 59.131001
5504.875000 64.742577 0.383000 59.236000
5517.250000 64.943832 0.383000 59.326000
5528.375000 65.145073 0.383000 59.431000
5538.750000 65.346443 0.383000 59.527000
5553.500000 65.547836 0.383000 59.631001
5565.000000 65.769234 0.414000 59.745998
5578.750000 65.978745 0.414000 59.831001
5590.875000 66.183594 0.414000 59.932999
5601.250000 66.391045 0.414000 60.035999
5611.000000 66.391045 0.414000 60.116001
5622.750000 66.602417 0.414000 60.236000
5634.625000 66.803566 0.414000 60.331001
5647.875000 67.045341 0.414000 60.431000
5660.500000 67.266968 0.414000 60.521000
5672.375000 67.468224 0.414000 60.625999
5682.375000 67.683853 0.414000 60.743000
5700.500000 67.885101 0.461000 60.833000
5709.750000 68.087563 0.461000 60.932999
5720.000000 68.293922 0.461000 61.026001
5727.500000 68.513817 0.461000 61.132000
5736.875000 68.716820 0.461000 61.242001
5748.500000 68.917686 0.461000 61.337002
5758.125000 69.128799 0.461000 61.437000
5766.000000 69.337883 0.461000 61.526001
5775.625000 69.539101 0.461000 61.626999
5784.625000 69.748489 0.461000 61.735001
5793.750000 69.948975 0.482000 61.834999
5801.125000 70.156334 0.482000 61.935001
5808.750000 70.357559 0.482000 62.044998
5816.000000 70.562790 0.482000 62.127998
5824.125000 70.771637 0.482000 62.236000
5830.875000 70.972862 0.482000 62.335999
5839.500000 71.174110 0.482000 62.436001
5848.375000 71.375473 0.482000 62.535999
5855.375000 71.375473 0.482000 62.623001
5861.625000 71.580765 0.482000 62.729000
5875.250000 71.781998 0.459000 62.833000
5881.750000 71.990211 0.459000 62.928001
5889.250000 72.191841 0.459000 63.018002
5896.125000 72.602318 0.459000 63.143002
5902.750000 72.602318 0.459000 63.228001
5911.750000 72.803436 0.459000 63.333000
5918.000000 73.044853 0.459000 63.417999
5925.375000 73.246368 0.459000 63.533001
5931.875000 73.465500 0.459000 63.637001
5938.000000 73.697136 0.459000 63.738998
5949.375000 73.899498 0.477000 63.827999
5955.625000 74.100975 0.477000 63.928001
5964.875000 74.302147 0.477000 64.029999
5970.875000 74.503548 0.477000 64.133003
5976.875000 74.704773 0.477000 64.218002
5983.875000 74.906319 0.477000 64.333000
5991.000000 75.107559 0.477000 64.430000
5996.250000 75.311127 0.477000 64.528999
6001.375000 75.512672 0.477000 64.624001
6006.250000 75.713890 0.477000 64.734001
6014.375000 75.914124 0.447000 64.829002
6020.500000 76.136299 0.447000 64.933998
6024.625000 76.337509 0.447000 65.033997
6030.375000 76.538605 0.447000 65.134003
6033.750000 76.741829 0.447000 65.228996
6038.750000 76.951050 0.447000 65.334000
6043.875000 77.152542 0.447000 65.429001
6048.625000 77.355782 0.447000 65.528999
6052.750000 77.565079 0.447000 65.639000
6061.625000 77.766060 0.367000 65.728996
6065.875000 77.976089 0.367000 65.834000
6070.375000 78.177322 0.367000 65.924004
6075.750000 78.378555 0.367000 66.028999
6080.250000 78.579865 0.367000 66.128998
6086.625000 78.783272 0.367000 66.230003
6092.750000 78.984283 0.367000 66.330002
6100.375000 79.185493 0.367000 66.440002
6105.875000 79.386871 0.367000 66.529999
6111.125000 79.587845 0.367000 66.636002
6119.500000 79.788414 0.331000 66.739998
6125.125000 79.997032 0.331000 66.834999
6131.625000 80.198265 0.331000 66.930000
6136.000000 80.399612 0.331000 67.029999
6140.125000 80.600861 0.331000 67.135002
6145.125000 80.802238 0.331000 67.235001
6153.000000 81.003296 0.331000 67.330002
6161.250000 81.204544 0.331000 67.430000
6171.750000 81.405350 0.331000 67.529999
6179.000000 81.606575 0.331000 67.629997
6189.875000 81.606575 0.342000 67.724998
6200.875000 82.023590 0.342000 67.845001
6211.875000 82.224838 0.342000 67.940002
6224.125000 82.426086 0.342000 68.044998
6235.000000 82.627335 0.342000 68.139999
6247.375000 82.828461 0.342000 68.239998
6264.250000 83.029716 0.342000 68.339996
6286.750000 83.230972 0.342000 68.440002
6308.625000 83.432228 0.342000 68.540001
6332.250000 83.633484 0.342000 68.639999
6355.125000 83.633484 0.382000 68.730003
6372.750000 84.035484 0.382000 68.839996
6389.250000 84.035484 0.382000 68.934998
6403.750000 84.438103 0.382000 69.040001
6423.875000 84.639351 0.382000 69.144997
6439.375000 84.639351 0.382000 69.237999
6456.125000 84.846794 0.382000 69.336998
6471.250000 85.062294 0.382000 69.430000
6486.875000 85.265572 0.382000 69.529999
6500.250000 85.476768 0.382000 69.635002
6513.250000 85.716270 0.382000 69.730003
6521.500000 85.917389 0.426000 69.820000
6533.125000 86.136963 0.426000 69.939003
6542.375000 86.338089 0.426000 70.043999
6553.000000 86.539215 0.426000 70.143997
6563.000000 86.740463 0.426000 70.238998
6572.750000 86.941711 0.426000 70.338997
6583.000000 87.142960 0.426000 70.439003
6591.875000 87.344460 0.426000 70.539001
6600.750000 87.545708 0.426000 70.639000
6610.000000 87.747070 0.397000 70.738998
6632.750000 87.954674 0.397000 70.838997
6643.875000 88.169304 0.397000 70.944000
6649.750000 88.373886 0.397000 71.049004
6658.250000 88.373886 0.397000 71.128998
6669.000000 88.601990 0.397000 71.249001
6677.250000 88.803970 0.397000 71.323997
6684.875000 89.012825 0.397000 71.444000
6691.875000 89.214058 0.397000 71.539001
6700.125000 89.415413 0.397000 71.639000
6707.750000 89.616783 0.400000 71.738998
6717.000000 89.818832 0.400000 71.824997
6723.000000 90.040154 0.400000 71.934998
6730.875000 90.241409 0.400000 72.035004
6737.125000 90.442719 0.400000 72.135002
6745.375000 90.643974 0.400000 72.235001
6752.125000 90.845108 0.400000 72.334999
6758.750000 91.046364 0.400000 72.430000
6765.000000 91.247574 0.400000 72.535004
6771.250000 91.448807 0.400000 72.629997
6778.250000 91.652313 0.382000 72.730003
6785.250000 91.861359 0.382000 72.824997
6792.125000 92.062660 0.382000 72.930000
6798.750000 92.265923 0.382000 73.036003
6805.375000 92.265923 0.382000 73.120003
6810.125000 92.696510 0.382000 73.235001
6817.625000 92.696510 0.382000 73.330002
6823.625000 92.897713 0.382000 73.430000
6828.750000 93.106247 0.382000 73.525002
6852.500000 93.307358 0.382000 73.638000
6861.125000 93.514336 0.382000 73.733002
6866.875000 93.715813 0.403000 73.837997
6872.875000 93.916565 0.403000 73.932999
6885.000000 94.154022 0.403000 74.032997
6893.250000 94.359169 0.403000 74.133003
6898.125000 94.570534 0.403000 74.227997
6905.500000 94.771805 0.403000 74.337997
6912.500000 94.973061 0.403000 74.438004
6920.750000 95.174339 0.403000 74.533997
6927.250000 95.377480 0.403000 74.638000
6936.125000 95.586678 0.406000 74.742996
6945.875000 95.806396 0.406000 74.837997
6958.250000 96.007851 0.406000 74.933998
6969.875000 96.212807 0.406000 75.040001
6979.625000 96.424034 0.406000 75.125000
6987.625000 96.625511 0.406000 75.245003
6996.625000 96.833061 0.406000 75.338997
7005.500000 97.058548 0.406000 75.434998
7011.000000 97.259758 0.406000 75.535004
7018.375000 97.460846 0.406000 75.635002
7034.375000 97.665131 0.392000 75.735001
7042.750000 97.872879 0.392000 75.838997
7048.000000 98.073494 0.392000 75.932999
7052.125000 98.274734 0.392000 76.032997
7064.875000 98.474892 0.392000 76.138000
7068.500000 98.474892 0.392000 76.227997
7071.875000 98.675797 0.392000 76.322998
7075.250000 98.881073 0.392000 76.438004
7078.500000 99.122749 0.392000 76.540001
7083.875000 99.338181 0.392000 76.639999
7093.750000 99.545410 0.397000 76.733002
7099.125000 99.751579 0.397000 76.833000
7105.625000 99.952980 0.397000 76.928001
7110.500000 100.153465 0.397000 77.047997
7114.625000 100.366570 0.397000 77.133003
7119.500000 100.575920 0.397000 77.233002
7124.375000 100.777191 0.397000 77.333000
7128.625000 100.986595 0.397000 77.446999
7136.875000 101.187836 0.397000 77.546997
7139.500000 101.388947 0.397000 77.637001
7165.000000 101.590210 0.369000 77.747002
7168.125000 101.791069 0.369000 77.836998
7171.625000 101.992188 0.369000 77.940002
7176.000000 102.199409 0.369000 78.035004
7179.875000 102.400520 0.369000 78.129997
7184.375000 102.603882 0.369000 78.236000
7187.625000 102.813095 0.369000 78.331001
7191.875000 103.014328 0.369000 78.434998
7195.625000 103.215584 0.369000 78.535004
7199.875000 103.416779 0.369000 78.635002
7204.250000 103.617943 0.393000 78.735001
7207.125000 103.843872 0.393000 78.843002
7209.125000 104.049217 0.393000 78.930000
7212.375000 104.250587 0.393000 79.040001
7216.750000 104.451950 0.393000 79.129997
7220.250000 104.653191 0.393000 79.239998
7223.250000 104.854523 0.393000 79.339996
7225.875000 105.055832 0.393000 79.434998
7228.625000 105.258713 0.393000 79.536003
7231.375000 105.468025 0.393000 79.635002
7235.750000 105.669312 0.393000 79.735001
7239.375000 105.870041 0.393000 79.839996
7241.750000 106.071198 0.393000 79.930000
7244.250000 106.272469 0.393000 80.040001
7247.500000 106.473701 0.393000 80.129997
7249.875000 106.674950 0.393000 80.235001
7251.875000 106.876205 0.393000 80.339996
7254.625000 107.077721 0.393000 80.434998
7257.250000 107.278717 0.393000 80.535004
7260.250000 107.278717 0.393000 80.642998
7267.125000 107.488464 0.376000 80.727997
7272.125000 107.691803 0.376000 80.845001
7274.250000 107.895279 0.376000 80.934998
7276.125000 108.119263 0.376000 81.044998
7278.875000 108.119263 0.376000 81.135002
7282.250000 108.321823 0.376000 81.239998
7286.000000 108.321823 0.376000 81.341003
7287.750000 108.526276 0.376000 81.434998
7289.375000 108.727798 0.376000 81.535004
7293.125000 108.932152 0.376000 81.635002
7299.750000 109.133339 0.346000 81.735001
7302.375000 109.334435 0.346000 81.834999
7304.625000 109.553391 0.346000 81.934998
7308.500000 109.760017 0.346000 82.042999
7310.625000 109.961136 0.346000 82.148003
7312.125000 110.166397 0.346000 82.230003
7314.375000 110.367554 0.346000 82.334999
7317.625000 110.568909 0.346000 82.434998
7319.250000 110.770317 0.346000 82.540001
7320.875000 110.971718 0.346000 82.635002
7326.625000 111.172813 0.335000 82.739998
7329.750000 111.381493 0.335000 82.834999
7338.875000 111.592468 0.335000 82.945000
7341.125000 111.793495 0.335000 83.035004
7341.875000 111.996902 0.335000 83.135002
7343.375000 112.206146 0.335000 83.235001
7346.750000 112.407387 0.335000 83.339996
7348.625000 112.608345 0.335000 83.445000
7350.000000 112.813896 0.335000 83.540001
7351.875000 113.021194 0.335000 83.639999
7357.500000 113.021194 0.363000 83.730003
7360.375000 113.230415 0.363000 83.839996
7362.500000 113.452698 0.363000 83.940002
7364.375000 113.668045 0.363000 84.040001
7366.000000 113.871323 0.363000 84.125000
7370.250000 114.074432 0.363000 84.239998
7374.125000 114.313797 0.363000 84.345001
7378.250000 114.515060 0.363000 84.440002
7381.750000 114.718330 0.363000 84.535004
7386.125000 114.927933 0.363000 84.639999
7394.750000 115.131065 0.366000 84.750999
7400.750000 115.335579 0.366000 84.845001
7406.125000 115.536674 0.366000 84.945000
7413.625000 115.737785 0.366000 85.050003
7420.625000 115.959267 0.366000 85.144997
7436.625000 116.160500 0.366000 85.248001
7450.625000 116.414459 0.366000 85.350998
7463.375000 116.615692 0.366000 85.438004
7474.250000 116.824768 0.366000 85.550003
7488.125000 117.028114 0.366000 85.651001
7503.625000 117.235962 0.370000 85.745003
7517.250000 117.441322 0.370000 85.845001
7535.500000 117.642570 0.370000 85.945000
7554.375000 117.642570 0.370000 86.040001
7572.375000 117.843697 0.370000 86.135002
7585.625000 118.246284 0.370000 86.245003
7598.250000 118.246284 0.370000 86.339996
7607.125000 118.449341 0.370000 86.445000
7613.375000 118.658600 0.370000 86.540001
7621.250000 118.859856 0.370000 86.639999
7638.625000 119.061356 0.398000 86.749001
7660.750000 119.279297 0.398000 86.838997
7675.000000 119.485397 0.398000 86.948997
7687.500000 119.662720 0.398000 87.043999
7695.750000 119.825409 0.398000 87.149002
7708.250000 119.825409 0.398000 87.244003
7717.500000 119.945610 0.398000 87.338997
7722.500000 119.945610 0.398000 87.444000
7729.625000 120.084702 0.398000 87.549004
7739.000000 120.084702 0.398000 87.643997
7762.375000 120.289612 0.405000 87.738998
7769.000000 120.289612 0.405000 87.844002
7777.750000 120.492416 0.405000 87.954002
7785.000000 120.492416 0.405000 88.054001
7793.125000 120.708130 0.405000 88.153999
7803.000000 120.916603 0.405000 88.250999
7814.625000 121.149422 0.405000 88.349998
7822.500000 121.356750 0.405000 88.439003
7833.750000 121.557884 0.405000 88.549004
7841.875000 121.759132 0.405000 88.643997
7857.000000 121.960381 0.396000 88.744003
7866.750000 122.167900 0.396000 88.848999
7877.375000 122.381126 0.396000 88.955002
7885.625000 122.381126 0.396000 89.043999
7897.625000 122.590355 0.396000 89.143997
7906.500000 122.791534 0.396000 89.244003
7915.500000 122.994789 0.396000 89.344002
7922.750000 123.204140 0.396000 89.449997
7931.375000 123.415390 0.396000 89.560997
7939.250000 123.661438 0.396000 89.651001
7945.750000 123.868332 0.410000 89.738998
7959.375000 124.069473 0.410000 89.838997
7967.125000 124.270645 0.410000 89.948997
7978.375000 124.471741 0.410000 90.039001
7988.375000 124.673103 0.410000 90.143997
8000.000000 124.878624 0.410000 90.249001
8009.000000 125.085815 0.410000 90.344002
8016.625000 125.287117 0.410000 90.452003
8023.500000 125.492661 0.410000 90.555000
8036.875000 125.694107 0.410000 90.640999
8046.500000 125.895737 0.422000 90.750999
8054.625000 126.102379 0.422000 90.831001
8060.500000 126.327652 0.422000 90.950996
8068.375000 126.528954 0.422000 91.041000
8079.000000 126.730179 0.422000 91.125999
8086.625000 126.941376 0.422000 91.240997
8098.750000 127.142677 0.422000 91.346001
8115.375000 127.343918 0.422000 91.441002
8126.875000 127.545166 0.422000 91.536003
8133.250000 127.766563 0.422000 91.651001
8141.500000 127.967812 0.440000 91.753998
8152.000000 128.169052 0.440000 91.841003
8167.375000 128.370316 0.440000 91.941002
8187.125000 128.579437 0.440000 92.041000
8204.000000 128.784454 0.440000 92.147003
8219.625000 128.784454 0.440000 92.232002
8234.000000 129.200928 0.440000 92.350998
8253.125000 129.200928 0.440000 92.441002
8271.125000 129.607162 0.440000 92.545998
8287.750000 129.607162 0.440000 92.640999
8301.625000 129.808533 0.440000 92.740997
8314.875000 130.009811 0.438000 92.841003
8332.000000 130.210922 0.438000 92.931000
8346.500000 130.617569 0.438000 93.051003
8362.500000 130.617569 0.438000 93.130997
8373.250000 131.026306 0.438000 93.250999
8386.000000 131.026306 0.438000 93.325996
8397.750000 131.237732 0.438000 93.447998
8410.000000 131.443161 0.438000 93.530998
8419.875000 131.650528 0.438000 93.638000
8431.375000 131.879974 0.438000 93.740997
8444.000000 132.093292 0.461000 93.841003
8456.125000 132.301987 0.461000 93.936996
8467.625000 132.512863 0.461000 94.058998
8478.000000 132.713989 0.461000 94.139000
8486.750000 132.915359 0.461000 94.253998
8495.625000 133.116608 0.461000 94.348999
8505.375000 133.317856 0.461000 94.450996
8514.500000 133.523148 0.461000 94.536003
8526.000000 133.724365 0.461000 94.640999
8538.000000 133.925583 0.461000 94.746002
8558.500000 134.126831 0.491000 94.860001
8574.750000 134.334778 0.491000 94.955002
8585.500000 134.557388 0.491000 95.051003
8597.125000 134.758667 0.491000 95.146004
8612.500000 134.980270 0.491000 95.250999
8627.750000 135.183517 0.491000 95.346001
8640.125000 135.394943 0.491000 95.450996
8651.875000 135.604172 0.491000 95.541000
8663.375000 135.805496 0.491000 95.655998
8676.125000 136.006897 0.491000 95.740997
8699.125000 136.215149 0.495000 95.846001
8716.125000 136.215149 0.495000 95.950996
8730.375000 136.440826 0.495000 96.045998
8743.000000 136.641663 0.495000 96.146004
8756.625000 136.848709 0.495000 96.260002
8769.375000 137.051682 0.495000 96.352997
8781.625000 137.258789 0.495000 96.458000
8790.375000 137.486130 0.495000 96.545998
8801.875000 137.687378 0.495000 96.641998
8814.750000 137.888611 0.495000 96.740997
8832.000000 138.100006 0.515000 96.831001
8844.625000 138.308487 0.515000 96.956001
8856.500000 138.509613 0.515000 97.045998
8863.750000 138.714905 0.515000 97.136002
8878.375000 138.922134 0.515000 97.246002
8890.250000 139.143600 0.515000 97.350998
8900.375000 139.344849 0.515000 97.445999
8909.375000 139.546265 0.515000 97.556000
8916.875000 139.747513 0.515000 97.651001
8926.000000 139.747513 0.515000 97.725998
8946.375000 140.149841 0.551000 97.841003
8959.875000 140.354462 0.551000 97.947998
8969.000000 140.563461 0.551000 98.052002
8975.875000 140.764709 0.551000 98.156998
8985.750000 140.975937 0.551000 98.246002
8997.500000 141.185318 0.551000 98.356003
9004.250000 141.394669 0.551000 98.459999
9016.750000 141.595901 0.551000 98.555000
9027.375000 141.595901 0.551000 98.649002
9034.750000 141.803024 0.551000 98.737999
9045.500000 142.004272 0.551000 98.843002
9058.375000 142.211456 0.565000 98.943001
9069.750000 142.414093 0.565000 99.054001
9079.250000 142.615341 0.565000 99.138000
9089.250000 142.817551 0.565000 99.244003
9097.625000 143.046402 0.565000 99.343002
9108.125000 143.247513 0.565000 99.443001
9116.500000 143.448486 0.565000 99.547997
9126.125000 143.649780 0.565000 99.648003
9133.250000 143.862793 0.565000 99.759003
9142.125000 144.071655 0.575000 99.848000
9150.625000 144.281525 0.575000 99.938004
9159.750000 144.482788 0.575000 100.044998
9166.375000 144.688293 0.575000 100.139999
9174.750000 144.889526 0.575000 100.245003
9184.125000 145.090805 0.575000 100.349998
9192.375000 145.298370 0.575000 100.438004
9199.000000 145.499619 0.575000 100.542999
9206.625000 145.700851 0.575000 100.653000
9214.000000 145.901978 0.575000 100.752998
9220.000000 146.107162 0.575000 100.845001
9236.125000 146.315765 0.625000 100.949997
9243.500000 146.518158 0.625000 101.053001
9254.875000 146.719513 0.625000 101.157997
9264.000000 146.719513 0.625000 101.241997
9270.125000 146.928940 0.625000 101.347000
9276.750000 147.129929 0.625000 101.442001
9284.250000 147.331161 0.625000 101.547997
9291.125000 147.534012 0.625000 101.641998
9295.875000 147.759537 0.625000 101.751999
9302.750000 147.960785 0.625000 101.845001
9341.750000 148.166107 0.632000 101.949997
9354.500000 148.374420 0.632000 102.044998
9362.500000 148.553696 0.632000 102.144997
9369.500000 148.699600 0.632000 102.245003
9372.875000 148.812317 0.632000 102.345001
9379.500000 148.892075 0.632000 102.440002
9387.375000 148.892075 0.632000 102.544998
9390.500000 148.939636 0.632000 102.651001
9391.875000 148.953598 0.632000 102.745003
9392.250000 148.953842 0.632000 102.839996
9402.125000 148.953842 0.610000 102.949997
9404.750000 148.953842 0.610000 103.044998
9406.250000 148.953842 0.610000 103.160004
9407.125000 148.953842 0.610000 103.254997
9407.625000 148.977676 0.610000 103.360001
9409.500000 148.977676 0.610000 103.440002
9412.250000 148.977676 0.610000 103.529999
9414.625000 149.063583 0.610000 103.644997
9417.000000 149.063583 0.610000 103.745003
9419.625000 149.282501 0.557000 103.855003
9423.125000 149.282501 0.557000 103.958000
9426.750000 149.492142 0.557000 104.025002
9430.500000 149.712112 0.557000 104.139999
9434.625000 149.918793 0.557000 104.245003
9440.125000 150.140671 0.557000 104.345001
9444.875000 150.354187 0.557000 104.441002
9449.625000 150.563278 0.557000 104.544998
9454.125000 150.766525 0.557000 104.644997
9458.375000 150.976028 0.557000 104.740997
9462.375000 151.177185 0.557000 104.839996
9466.375000 151.388794 0.579000 104.955002
9471.125000 151.589890 0.579000 105.044998
9475.375000 151.791168 0.579000 105.146004
9479.500000 151.992691 0.579000 105.245003
9483.875000 152.193771 0.579000 105.345001
9487.375000 152.395020 0.579000 105.449997
9490.750000 152.596237 0.579000 105.550003
9495.500000 152.797592 0.579000 105.644997
9500.500000 153.006821 0.579000 105.749001
9504.125000 153.208054 0.579000 105.853996
9527.375000 153.417419 0.625000 105.954002
9531.000000 153.623154 0.625000 106.054001
9535.000000 153.623154 0.625000 106.143997
9539.250000 153.824402 0.625000 106.239998
9542.500000 154.027267 0.625000 106.345001
9545.750000 154.228531 0.625000 106.445000
9549.750000 154.429642 0.625000 106.541000
9553.500000 154.831787 0.625000 106.650002
9557.250000 155.033081 0.625000 106.764999
9564.125000 155.234390 0.571000 106.855003
9569.000000 155.234390 0.571000 106.955002
9572.125000 155.439285 0.571000 107.055000
9575.750000 155.641998 0.571000 107.144997
9579.625000 155.847672 0.571000 107.254997
9583.000000 156.053894 0.571000 107.349998
9587.375000 156.254242 0.571000 107.455002
9590.500000 156.455597 0.571000 107.550003
9595.000000 156.656830 0.571000 107.654999
9599.000000 156.858078 0.571000 107.760002
9601.625000 157.059326 0.545000 107.860001
9605.875000 157.269043 0.545000 107.949997
9609.375000 157.472824 0.545000 108.051003
9614.500000 157.472824 0.545000 108.140999
9619.625000 157.673950 0.545000 108.240997
9625.000000 157.875320 0.545000 108.341003
9629.750000 158.277817 0.545000 108.450996
9633.625000 158.277817 0.545000 108.544998
9637.250000 158.489243 0.545000 108.644997
9640.125000 158.702332 0.545000 108.745003
9649.625000 158.907578 0.565000 108.849998
9652.875000 159.110245 0.565000 108.945000
9656.500000 159.341995 0.565000 109.051003
9660.625000 159.543518 0.565000 109.144997
9665.750000 159.744766 0.565000 109.245003
9670.250000 159.946030 0.565000 109.345001
9674.875000 160.157455 0.565000 109.445000
9680.250000 160.364975 0.565000 109.553001
9685.250000 160.570312 0.565000 109.644997
9688.000000 160.771622 0.565000 109.739998
9694.250000 160.980942 0.510000 109.845001
9700.375000 161.184418 0.510000 109.945000
9704.500000 161.184418 0.510000 110.044998
9707.125000 161.387283 0.510000 110.144997
9714.000000 161.594101 0.510000 110.245003
9718.500000 161.827972 0.510000 110.349998
9721.500000 162.031525 0.510000 110.446999
9725.250000 162.234833 0.510000 110.553001
9729.250000 162.444214 0.510000 110.641998
9736.875000 162.645294 0.510000 110.737000
9742.375000 162.846664 0.575000 110.848000
9745.000000 163.047729 0.575000 110.946999
9750.125000 163.251251 0.575000 111.046997
9752.000000 163.251251 0.575000 111.141998
9758.375000 163.460175 0.575000 111.241997
9764.500000 163.656342 0.575000 111.351997
9766.875000 163.825684 0.575000 111.446999
9770.125000 164.025909 0.575000 111.537003
9772.875000 164.225937 0.575000 111.664001
9775.375000 164.225937 0.575000 111.749001
9782.500000 164.430801 0.479000 111.853996
9785.875000 164.657959 0.479000 111.952003
9790.750000 164.862946 0.479000 112.046997
9792.875000 165.069717 0.479000 112.132004
9796.250000 165.314270 0.479000 112.260002
9798.750000 165.515366 0.479000 112.355003
9799.625000 165.720383 0.479000 112.442001
9801.000000 165.921646 0.479000 112.542000
9801.625000 165.921646 0.479000 112.639000
9802.125000 166.328613 0.479000 112.749001
9803.875000 166.528702 0.462000 112.844002
9804.750000 166.528702 0.462000 112.944000
9805.500000 166.738083 0.462000 113.043999
9805.875000 166.949371 0.462000 113.143997
9806.250000 167.160553 0.462000 113.244003
9806.375000 167.362045 0.462000 113.348999
9806.500000 167.573318 0.462000 113.444000
9806.500000 167.776825 0.462000 113.549004
9806.875000 167.986282 0.462000 113.653999
9807.500000 168.197739 0.462000 113.744003
9809.125000 168.419067 0.466000 113.848999
9809.250000 168.627304 0.466000 113.948997
9809.500000 168.828445 0.466000 114.058998
9809.500000 169.029541 0.466000 114.149002
9809.500000 169.246735 0.466000 114.244003
9809.875000 169.451797 0.466000 114.348999
9810.125000 169.653046 0.466000 114.444000
9810.375000 169.854065 0.466000 114.554001
9810.625000 170.055435 0.466000 114.649002
9812.250000 170.256744 0.466000 114.744003
9813.500000 170.457428 0.434000 114.844002
9814.875000 170.657761 0.434000 114.956001
9815.500000 170.827225 0.434000 115.049004
9816.250000 170.960220 0.434000 115.146004
9817.250000 170.960220 0.434000 115.244003
9817.875000 171.062912 0.434000 115.348999
9818.875000 171.138840 0.434000 115.448997
9819.625000 171.174713 0.434000 115.549004
9821.125000 171.179916 0.434000 115.653999
9822.750000 171.179916 0.434000 115.747002
9823.500000 171.179916 0.451000 115.848999
9823.750000 171.179916 0.451000 115.948997
9826.375000 171.179916 0.451000 116.043999
9827.750000 171.179916 0.451000 116.154999
9828.125000 171.179916 0.451000 116.234001
9828.375000 171.179916 0.451000 116.353996
9828.625000 171.179916 0.451000 116.444000
9828.625000 171.179916 0.451000 116.549004
9828.625000 171.360413 0.451000 116.649002
9828.750000 171.360413 0.451000 116.744003
9829.250000 171.568466 0.444000 116.844002
9829.750000 171.777618 0.444000 116.954002
9829.750000 171.777618 0.444000 117.049004
9830.125000 171.980515 0.444000 117.153999
9830.500000 172.223969 0.444000 117.249001
9831.125000 172.443436 0.444000 117.338997
9831.375000 172.666855 0.444000 117.455002
9831.625000 172.876144 0.444000 117.549004
9831.875000 173.097809 0.444000 117.658997
9832.125000 173.305389 0.444000 117.751999
9832.625000 173.506149 0.444000 117.857002
9833.000000 173.706711 0.444000 117.952003
9833.000000 173.907669 0.444000 118.065002
9833.125000 174.114548 0.444000 118.154999
9833.125000 174.319794 0.444000 118.247002
9833.125000 174.521317 0.444000 118.347000
9833.375000 174.736588 0.444000 118.446999
9833.375000 174.944336 0.444000 118.546997
9833.375000 175.145767 0.444000 118.647003
9833.500000 175.347397 0.444000 118.751999
9836.125000 175.550369 0.427000 118.847000
9837.125000 175.550369 0.427000 118.954002
9837.500000 175.753174 0.427000 119.049004
9837.750000 175.958633 0.427000 119.150002
9837.875000 175.958633 0.427000 119.249001
9837.875000 176.159042 0.427000 119.353996
9838.000000 176.364990 0.427000 119.444000
9838.875000 176.572266 0.427000 119.549004
9839.750000 176.775711 0.427000 119.649002
9841.000000 176.978867 0.427000 119.755997
9854.625000 176.978867 0.421000 119.848999
9857.250000 177.179993 0.421000 119.954002
9887.875000 177.383667 0.421000 120.058998
9889.125000 177.383667 0.421000 120.149002
9891.000000 177.602325 0.421000 120.246002
9892.000000 177.810196 0.421000 120.348999
9893.375000 178.018372 0.421000 120.444000
9895.375000 178.219666 0.421000 120.554001
9896.875000 178.420792 0.421000 120.649002
9898.000000 178.622147 0.421000 120.749001
9903.000000 178.823578 0.485000 120.848999
9908.250000 179.027451 0.485000 120.955002
9909.500000 179.228775 0.485000 121.045998
9910.125000 179.430023 0.485000 121.149002
9911.500000 179.641373 0.485000 121.249001
9912.375000 179.842468 0.485000 121.355003
9913.500000 180.045609 0.485000 121.448997
9915.125000 180.256866 0.485000 121.559998
9917.000000 180.458115 0.485000 121.648003
9918.375000 180.659439 0.485000 121.745003
9919.125000 180.868423 0.532000 121.848999
9920.625000 181.071487 0.532000 121.952003
9922.125000 181.281036 0.532000 122.049004
9923.625000 181.482422 0.532000 122.153999
9924.500000 181.686020 0.532000 122.254997
9925.750000 181.897522 0.532000 122.370003
9927.000000 182.098526 0.532000 122.459999
9928.500000 182.299774 0.532000 122.555000
9929.500000 182.501022 0.532000 122.660004
9930.875000 182.702148 0.532000 122.760002
9932.375000 182.903381 0.514000 122.860001
9933.250000 183.112396 0.514000 122.959000
9934.625000 183.112396 0.514000 123.049004
9936.500000 183.514587 0.514000 123.153999
9937.875000 183.715637 0.514000 123.253998
9939.250000 183.715637 0.514000 123.349998
9941.250000 184.117783 0.514000 123.454002
9942.750000 184.319153 0.514000 123.558998
9944.375000 184.319153 0.514000 123.649002
9945.500000 184.524323 0.514000 123.750999
9947.000000 184.741470 0.514000 123.853996
9949.125000 184.982758 0.553000 123.948997
9949.250000 185.194183 0.553000 124.043999
9950.500000 185.395294 0.553000 124.153999
9951.875000 185.606674 0.553000 124.253998
9953.625000 185.828049 0.553000 124.359001
9954.375000 186.029083 0.553000 124.448997
9955.250000 186.230240 0.553000 124.554001
9956.250000 186.431549 0.553000 124.649002
9957.625000 186.632401 0.553000 124.749001
9959.125000 186.833389 0.553000 124.862999
9960.250000 187.052750 0.555000 124.962997
9961.375000 187.253891 0.555000 125.068001
9962.500000 187.455154 0.555000 125.157997
9965.000000 187.656418 0.555000 125.263000
9966.125000 187.859955 0.555000 125.349998
9966.875000 188.061615 0.555000 125.455002
9968.625000 188.262741 0.555000 125.549004
9970.875000 188.463852 0.555000 125.658997
9972.625000 188.665115 0.555000 125.753998
9978.375000 188.866364 0.555000 125.860001
9992.000000 189.070343 0.558000 125.956001
9993.250000 189.277512 0.558000 126.049004
9995.375000 189.481857 0.558000 126.153999
9998.750000 189.695358 0.558000 126.253998
10002.375000 189.904953 0.558000 126.353996
10005.625000 190.105728 0.558000 126.448997
10009.750000 190.308838 0.558000 126.555000
10014.750000 190.518250 0.558000 126.649002
10017.625000 190.719650 0.558000 126.744003
10021.625000 190.920898 0.558000 126.844002
10031.125000 191.125168 0.569000 126.948997
10036.500000 191.125168 0.569000 127.054001
10043.500000 191.334610 0.569000 127.153999
10048.875000 191.555756 0.569000 127.249001
10054.125000 191.762939 0.569000 127.353996
10061.250000 191.968338 0.569000 127.448997
10065.375000 192.169418 0.569000 127.549004
10070.625000 192.370590 0.569000 127.654999
10074.500000 192.571854 0.569000 127.749001
10079.250000 192.772781 0.569000 127.839996
10084.875000 192.994385 0.575000 127.948997
10088.375000 193.225739 0.575000 128.054001
10092.125000 193.439545 0.575000 128.160004
10095.875000 193.648849 0.575000 128.244003
10100.000000 193.852173 0.575000 128.348999
10103.625000 194.061996 0.575000 128.453995
10110.500000 194.263397 0.575000 128.554001
10121.250000 194.465027 0.575000 128.658005
10127.125000 194.674820 0.575000 128.764999
10130.750000 194.875687 0.575000 128.848007
10141.500000 195.084000 0.555000 128.953003
10146.125000 195.291046 0.555000 129.059006
10150.625000 195.500076 0.555000 129.153000
10154.750000 195.701355 0.555000 129.253006
10159.125000 195.902573 0.555000 129.358002
10164.000000 196.104065 0.555000 129.453003
10168.875000 196.305588 0.555000 129.548004
10171.875000 196.507111 0.555000 129.653000
10175.500000 196.708618 0.555000 129.759995
10181.125000 196.927567 0.555000 129.867004
10196.375000 197.130280 0.588000 129.962997
10202.625000 197.335388 0.588000 130.052994
10207.375000 197.536392 0.588000 130.153000
10211.375000 197.737228 0.588000 130.253006
10218.000000 197.938477 0.588000 130.358002
10221.750000 197.938477 0.588000 130.445999
10228.375000 198.340714 0.588000 130.552994
10233.375000 198.340714 0.588000 130.647995
10238.000000 198.581940 0.588000 130.753006
10241.375000 198.783035 0.588000 130.852997
10247.500000 199.002762 0.659000 130.962006
10251.750000 199.223602 0.659000 131.052002
10257.750000 199.434982 0.659000 131.162003
10260.750000 199.646378 0.659000 131.257004
10264.375000 199.847794 0.659000 131.362000
10271.125000 200.069321 0.659000 131.464005
10274.500000 200.270416 0.659000 131.554993
10280.250000 200.471664 0.659000 131.651993
10284.375000 200.672943 0.659000 131.757004
10290.000000 200.873932 0.659000 131.860001
10308.375000 201.091171 0.646000 131.960007
10315.125000 201.293854 0.646000 132.052994
10321.125000 201.495087 0.646000 132.151993
10325.750000 201.696426 0.646000 132.251999
10331.250000 201.899597 0.646000 132.362000
10335.500000 202.108871 0.646000 132.453003
10339.750000 202.310135 0.646000 132.546997
10347.750000 202.543671 0.646000 132.662003
10353.250000 202.765076 0.646000 132.768005
10358.750000 202.765076 0.646000 132.841995
10365.875000 202.974442 0.646000 132.962997
10415.000000 203.182755 0.692000 133.057999
10422.000000 203.367386 0.692000 133.153000
10427.250000 203.572342 0.692000 133.251999
10432.875000 203.572342 0.692000 133.356995
10439.125000 203.773193 0.692000 133.462006
10442.000000 203.773193 0.692000 133.552002
10445.500000 203.773193 0.692000 133.647003
10447.875000 203.955658 0.692000 133.753006
10451.875000 203.955658 0.692000 133.854004
10455.250000 204.158844 0.676000 133.957993
10458.875000 204.366653 0.676000 134.052994
10465.250000 204.573074 0.676000 134.160004
10471.250000 204.782074 0.676000 134.264999
10476.625000 204.983078 0.676000 134.350998
10481.375000 205.191849 0.676000 134.453003
10486.000000 205.191849 0.676000 134.533005
10490.375000 205.431183 0.676000 134.632996
10495.625000 205.662430 0.676000 134.733002
10501.375000 205.875809 0.676000 134.832993
10507.625000 206.115295 0.676000 134.932999
10543.875000 206.336456 0.655000 135.037994
10550.375000 206.546082 0.655000 135.132996
10556.750000 206.753632 0.655000 135.218002
10561.875000 206.959122 0.655000 135.332993
10566.250000 207.160248 0.655000 135.432999
10570.500000 207.361328 0.655000 135.533005
10575.500000 207.564621 0.655000 135.639008
10580.250000 207.767517 0.655000 135.725006
10584.625000 207.968674 0.655000 135.835007
10588.000000 208.170059 0.655000 135.938995
10594.500000 208.371094 0.655000 136.031006
10597.875000 208.572815 0.771000 136.125000
10603.375000 208.572815 0.771000 136.229996
10606.500000 208.776733 0.771000 136.330994
10612.000000 209.187271 0.771000 136.438995
10616.500000 209.388489 0.771000 136.544006
10620.875000 209.589981 0.771000 136.639008
10624.750000 209.791092 0.771000 136.744003
10628.625000 209.791092 0.771000 136.837006
10634.125000 209.998215 0.771000 136.936996
10651.750000 210.204224 0.696000 137.042007
10659.000000 210.408905 0.696000 137.136993
10667.875000 210.552689 0.696000 137.235001
10677.000000 210.662918 0.696000 137.335007
10683.750000 210.662918 0.696000 137.429993
10688.875000 210.751480 0.696000 137.535004
10696.250000 210.802841 0.696000 137.641998
10699.750000 210.802841 0.696000 137.735001
10702.625000 210.802841 0.696000 137.830002
10704.375000 210.813950 0.696000 137.929993
10717.125000 210.813950 0.667000 138.035004
10719.625000 210.813950 0.667000 138.115005
10721.250000 210.813950 0.667000 138.229996
10722.750000 210.941116 0.667000 138.335007
10723.750000 210.941116 0.667000 138.431000
10725.500000 210.941116 0.667000 138.516006
10728.000000 211.143387 0.667000 138.630997
10732.000000 211.143387 0.667000 138.716003
10736.875000 211.345245 0.667000 138.837006
10742.625000 211.547455 0.667000 138.931000
10745.625000 211.747543 0.662000 139.035995
10749.250000 211.948334 0.662000 139.130997
10752.625000 212.149643 0.662000 139.231003
10755.875000 212.350922 0.662000 139.330994
10758.750000 212.552429 0.662000 139.440994
10764.375000 212.753693 0.662000 139.535995
10768.000000 212.955032 0.662000 139.626007
10774.125000 213.158447 0.662000 139.735992
10779.375000 213.367783 0.662000 139.834000
10783.750000 213.367783 0.662000 139.906006
10788.375000 213.770462 0.706000 140.026001
10793.375000 213.971619 0.706000 140.132004
10798.000000 213.971619 0.706000 140.201004
10802.625000 214.374100 0.706000 140.335999
10808.000000 214.575485 0.706000 140.432999
10812.625000 214.778336 0.706000 140.531006
10816.750000 214.987595 0.706000 140.630997
10822.500000 215.188858 0.706000 140.731995
10826.750000 215.390121 0.706000 140.830994
10831.500000 215.597107 0.706000 140.938995
10835.375000 215.798218 0.654000 141.039001
10839.375000 215.798218 0.654000 141.128998
10844.125000 216.207657 0.654000 141.238998
10846.875000 216.408905 0.654000 141.339005
10850.500000 216.610031 0.654000 141.438995
10854.500000 216.610031 0.654000 141.516998
10857.750000 216.817444 0.654000 141.630997
10861.500000 217.026535 0.654000 141.731003
10865.375000 217.267975 0.654000 141.830994
10872.750000 217.469193 0.654000 141.916000
10875.750000 217.670425 0.597000 142.020996
10879.250000 217.871628 0.597000 142.126007
10882.250000 218.093353 0.597000 142.231003
10884.375000 218.304596 0.597000 142.330994
10888.375000 218.505814 0.597000 142.431000
10894.250000 218.706970 0.597000 142.535995
10897.125000 218.908188 0.597000 142.621002
10899.875000 219.109268 0.597000 142.735992
10902.125000 219.310455 0.597000 142.835999
10904.375000 219.511627 0.597000 142.931000
10916.750000 219.712128 0.653000 143.035995
10919.625000 219.917908 0.653000 143.130997
10922.500000 220.147415 0.653000 143.220993
10924.000000 220.358673 0.653000 143.335999
10925.375000 220.559952 0.653000 143.431000
10927.000000 220.761322 0.653000 143.520996
10928.875000 220.974701 0.653000 143.641998
10930.250000 221.184158 0.653000 143.731995
10932.625000 221.385406 0.653000 143.830994
10934.000000 221.586731 0.653000 143.916000
10967.250000 221.787979 0.633000 144.035995
10969.750000 221.997665 0.633000 144.126007
10971.875000 222.199173 0.633000 144.240997
10973.250000 222.199173 0.633000 144.315994
10974.750000 222.601685 0.633000 144.436005
10976.250000 222.803055 0.633000 144.520996
10978.000000 223.003922 0.633000 144.636002
10981.000000 223.209091 0.633000 144.733002
10983.250000 223.209091 0.633000 144.813004
10985.125000 223.611496 0.633000 144.932999
10990.875000 223.812256 0.659000 145.033997
11006.500000 223.812256 0.659000 145.138000
11012.000000 224.002029 0.659000 145.240997
11022.625000 224.155060 0.659000 145.341003
11026.000000 224.280396 0.659000 145.436005
11028.125000 224.372528 0.659000 145.541000
11031.750000 224.431839 0.659000 145.645996
11033.500000 224.458313 0.659000 145.740997
11034.625000 224.459564 0.659000 145.841003
11035.500000 224.459564 0.659000 145.927002
11035.500000 224.459564 0.652000 146.042007
11036.250000 224.459564 0.652000 146.141998
11037.250000 224.459564 0.652000 146.242004
11037.625000 224.463013 0.652000 146.330002
11038.000000 224.463013 0.652000 146.425003
11039.125000 224.480042 0.652000 146.535004
11039.750000 224.480042 0.652000 146.634995
11040.375000 224.480042 0.652000 146.735001
11040.500000 224.503098 0.652000 146.835007
11040.750000 224.503098 0.652000 146.934998
11041.750000 224.503098 0.599000 147.035004
11042.750000 224.627930 0.599000 147.125000
11042.875000 224.627930 0.599000 147.225006
11043.625000 224.831024 0.599000 147.330002
11044.250000 224.831024 0.599000 147.425003
11045.000000 225.050491 0.599000 147.524994
11045.500000 225.301819 0.599000 147.615005
11047.000000 225.508408 0.599000 147.720001
11047.375000 225.729828 0.599000 147.835999
11048.000000 225.931198 0.599000 147.934998
11049.250000 226.143692 0.582000 148.035004
11049.750000 226.349136 0.582000 148.134995
11050.500000 226.554291 0.582000 148.235001
11051.250000 226.755280 0.582000 148.335007
11052.125000 226.956390 0.582000 148.434998
11053.875000 227.157669 0.582000 148.529999
11055.125000 227.358948 0.582000 148.636002
11056.250000 227.562088 0.582000 148.731003
11056.875000 227.763489 0.582000 148.830994
11057.500000 227.763489 0.582000 148.927994
11058.875000 228.169907 0.670000 149.037994
11059.875000 228.370422 0.670000 149.132996
11061.000000 228.571472 0.670000 149.233002
11062.375000 228.571472 0.670000 149.317993
11064.125000 228.973953 0.670000 149.432999
11065.875000 229.177124 0.670000 149.533997
11067.875000 229.386383 0.670000 149.638000
11069.375000 229.595932 0.670000 149.746994
11070.750000 229.805389 0.670000 149.845993
11072.250000 229.805389 0.670000 149.931000
11074.500000 230.006866 0.643000 150.046005
11075.375000 230.212753 0.643000 150.145996
11076.250000 230.419006 0.643000 150.246994
11079.750000 230.622513 0.643000 150.339996
11081.375000 230.835617 0.643000 150.447006
11082.375000 231.084717 0.643000 150.542007
11083.625000 231.285828 0.643000 150.641998
11085.375000 231.488831 0.643000 150.738007
11086.625000 231.691681 0.643000 150.834000
11092.750000 231.935486 0.643000 150.934998
11095.500000 232.138046 0.647000 151.044998
11097.375000 232.346405 0.647000 151.139999
11098.625000 232.555603 0.647000 151.238998
11100.000000 232.756699 0.647000 151.339005
11102.250000 232.957901 0.647000 151.438995
11106.500000 233.159546 0.647000 151.539001
11107.375000 233.159546 0.647000 151.634003
11109.750000 233.364899 0.647000 151.735001
11112.875000 233.572159 0.647000 151.828995
11114.625000 233.773361 0.647000 151.934006
11117.375000 233.974487 0.629000 152.009003
11119.375000 234.186554 0.629000 152.139008
11122.500000 234.435577 0.629000 152.233994
11125.125000 234.636490 0.629000 152.324005
11126.625000 234.861649 0.629000 152.436005
11129.875000 235.062943 0.629000 152.535995
11131.625000 235.264679 0.629000 152.645996
11133.625000 235.475769 0.629000 152.746994
11137.875000 235.678879 0.629000 152.845993
11140.500000 235.888504 0.629000 152.936005
11145.125000 236.089859 0.623000 153.035995
11148.000000 236.290894 0.623000 153.138000
11150.000000 236.532669 0.623000 153.238007
11153.875000 236.733673 0.623000 153.337997
11156.625000 236.934891 0.623000 153.438004
11158.000000 237.135742 0.623000 153.533005
11159.125000 237.351196 0.623000 153.645004
11160.125000 237.552170 0.623000 153.738007
11161.500000 237.759598 0.623000 153.837997
11162.250000 237.960724 0.623000 153.932999
11173.000000 238.171494 0.644000 154.042999
11174.250000 238.381622 0.644000 154.138000
11174.500000 238.582504 0.644000 154.242996
11175.625000 238.785660 0.644000 154.339005
11176.000000 238.994797 0.644000 154.442993
11178.000000 239.197815 0.644000 154.544006
11179.375000 239.197815 0.644000 154.628006
11180.625000 239.400864 0.644000 154.738007
11181.875000 239.604218 0.644000 154.837997
11182.875000 239.809494 0.644000 154.947006
11184.250000 240.018616 0.621000 155.037003
11185.000000 240.223511 0.621000 155.147003
11185.625000 240.481140 0.621000 155.246994
11185.750000 240.692017 0.621000 155.352005
11185.875000 240.893265 0.621000 155.451996
11186.250000 241.094482 0.621000 155.546997
11187.125000 241.295837 0.621000 155.651993
11187.625000 241.501114 0.621000 155.742996
11187.750000 241.718719 0.621000 155.847000
11188.000000 241.960571 0.621000 155.942001
11188.125000 242.161804 0.642000 156.042007
11188.375000 242.371017 0.642000 156.141998
11188.750000 242.574158 0.642000 156.242004
11189.625000 242.781708 0.642000 156.339996
11189.750000 242.982956 0.642000 156.440002
11190.375000 243.184250 0.642000 156.539993
11191.250000 243.385574 0.642000 156.639999
11192.125000 243.586609 0.642000 156.740005
11192.625000 243.787781 0.642000 156.839996
11194.375000 243.787781 0.642000 156.925003
11194.750000 244.000793 0.642000 157.041000
11195.500000 244.278702 0.688000 157.139008
11198.125000 244.481964 0.688000 157.240005
11198.500000 244.733566 0.688000 157.334000
11200.125000 244.944794 0.688000 157.438995
11201.500000 245.145889 0.688000 157.541000
11203.125000 245.346893 0.688000 157.639999
11205.250000 245.560013 0.688000 157.744995
11206.125000 245.769348 0.688000 157.843994
11208.875000 245.970627 0.688000 157.944000
11211.000000 246.174286 0.638000 158.044998
11214.000000 246.374878 0.638000 158.145996
11216.500000 246.374878 0.638000 158.229004
11218.750000 246.783569 0.638000 158.334000
11221.250000 246.984894 0.638000 158.438995
11225.375000 247.186050 0.638000 158.539001
11228.750000 247.387329 0.638000 158.634003
11233.625000 247.387329 0.638000 158.723999
11238.250000 247.790070 0.638000 158.839005
11244.750000 247.990936 0.638000 158.938995
11254.875000 247.990936 0.602000 159.033997
11262.875000 248.402771 0.602000 159.143997
11273.750000 248.402771 0.602000 159.238998
11284.250000 248.605988 0.602000 159.339005
11295.125000 248.815613 0.602000 159.440002
11310.500000 249.028763 0.602000 159.518997
11321.000000 249.236542 0.602000 159.647995
11332.125000 249.437790 0.602000 159.753006
11345.250000 249.639191 0.602000 159.832993
11356.125000 249.866531 0.602000 159.934006
11366.250000 250.085831 0.608000 160.039993
11377.625000 250.286789 0.608000 160.139999
11392.000000 250.488068 0.608000 160.229996
11404.125000 250.691422 0.608000 160.339996
11415.250000 250.900574 0.608000 160.440002
11425.875000 251.101669 0.608000 160.548004
11436.250000 251.307373 0.608000 160.647003
11447.375000 251.512680 0.608000 160.748001
11455.875000 251.721802 0.608000 160.839996
11465.375000 251.959000 0.608000 160.931000
11474.875000 252.170258 0.608000 161.042007
11482.750000 252.392868 0.671000 161.147003
11490.500000 252.392868 0.671000 161.222000
11499.375000 252.805405 0.671000 161.341003
11508.375000 253.014786 0.671000 161.440994
11519.750000 253.216049 0.671000 161.541000
11527.125000 253.417404 0.671000 161.641006
11533.375000 253.618652 0.671000 161.742996
11542.375000 253.819901 0.671000 161.841003
11550.250000 253.819901 0.671000 161.931000
11559.500000 254.222961 0.671000 162.050995
11566.500000 254.424057 0.643000 162.151001
11577.125000 254.625168 0.643000 162.251007
11586.250000 254.826416 0.643000 162.350998
11590.875000 255.027786 0.643000 162.451004
11596.750000 255.229156 0.643000 162.550995
11601.375000 255.430374 0.643000 162.641006
11607.125000 255.633667 0.643000 162.740997
11613.625000 255.836533 0.643000 162.841003
11620.625000 256.043518 0.643000 162.940994
11624.750000 256.244751 0.643000 163.041000
11635.375000 256.244751 0.625000 163.141006
11640.250000 256.449280 0.625000 163.240997
11645.750000 256.684357 0.625000 163.341003
11649.375000 256.885498 0.625000 163.442001
11655.875000 257.086761 0.625000 163.531998
11661.125000 257.287842 0.625000 163.641998
11665.125000 257.489288 0.625000 163.740997
11668.250000 257.710480 0.625000 163.845993
11670.500000 257.911743 0.625000 163.936005
11678.750000 258.113159 0.622000 164.035995
11683.875000 258.313782 0.622000 164.141006
11688.750000 258.524902 0.622000 164.242004
11692.000000 258.736664 0.622000 164.341003
11695.875000 258.978027 0.622000 164.436005
11699.500000 259.179413 0.622000 164.531006
11702.125000 259.390656 0.622000 164.641998
11705.125000 259.591888 0.622000 164.740997
11709.000000 259.793152 0.622000 164.826004
11712.750000 259.996490 0.622000 164.940994
11715.500000 260.199646 0.622000 165.041000
11719.625000 260.406433 0.649000 165.141006
11723.250000 260.607727 0.649000 165.240997
11724.875000 260.808838 0.649000 165.341003
11727.125000 261.018280 0.649000 165.447006
11729.750000 261.221558 0.649000 165.541000
11732.125000 261.422821 0.649000 165.641006
11735.000000 261.624207 0.649000 165.735992
11737.875000 261.825714 0.649000 165.841995
11749.375000 262.029144 0.649000 165.945999
11755.500000 262.029144 0.608000 166.041000
11759.625000 262.244202 0.608000 166.130997
11766.625000 262.454590 0.608000 166.248993
11771.250000 262.660431 0.608000 166.345993
11776.875000 262.865845 0.608000 166.445999
11780.625000 263.067078 0.608000 166.535995
11785.625000 263.298706 0.608000 166.630997
11791.000000 263.499725 0.608000 166.731003
11794.250000 263.731079 0.608000 166.845993
11800.375000 263.935394 0.608000 166.940994
11804.250000 264.140106 0.587000 167.046005
11808.375000 264.140106 0.587000 167.141006
11812.375000 264.359070 0.587000 167.225998
11815.625000 264.577576 0.587000 167.341003
11818.000000 264.808960 0.587000 167.440994
11820.625000 265.060547 0.587000 167.541000
11823.875000 265.282043 0.587000 167.641006
11827.750000 265.487915 0.587000 167.740997
11830.875000 265.697235 0.587000 167.841003
11834.125000 265.902435 0.587000 167.947998
11836.500000 266.109985 0.587000 168.041000
11850.000000 266.312073 0.655000 168.145996
11854.625000 266.312073 0.655000 168.240997
11858.000000 266.519836 0.655000 168.341003
11860.625000 266.720978 0.655000 168.445999
11864.250000 266.922241 0.655000 168.526993
11866.375000 267.123474 0.655000 168.641998
11869.000000 267.324829 0.655000 168.740997
11871.125000 267.576599 0.655000 168.835999
11873.625000 267.777832 0.655000 168.931000
11875.875000 267.978973 0.587000 169.035995
11877.875000 268.179840 0.587000 169.141006
11879.875000 268.411224 0.587000 169.240997
11882.500000 268.616882 0.587000 169.348007
11885.625000 268.854218 0.587000 169.431000
11888.375000 269.065552 0.587000 169.535995
11890.375000 269.266541 0.587000 169.645996
11893.125000 269.467773 0.587000 169.735992
11896.125000 269.669159 0.587000 169.841003
11898.375000 269.890564 0.587000 169.945999
11907.750000 270.091644 0.578000 170.041000
11911.125000 270.301331 0.578000 170.141006
11914.375000 270.504517 0.578000 170.246002
11916.625000 270.714050 0.578000 170.335999
11918.000000 270.917480 0.578000 170.447006
11920.125000 271.126434 0.578000 170.541000
11922.125000 271.327728 0.578000 170.645996
11930.625000 271.536987 0.578000 170.744995
11934.750000 271.742126 0.578000 170.847000
11937.875000 271.943390 0.578000 170.947006
11943.375000 271.943390 0.572000 171.041000
11948.375000 272.151245 0.572000 171.145996
11952.375000 272.360718 0.572000 171.246002
11954.750000 272.582092 0.572000 171.332001
11957.000000 272.783203 0.572000 171.421005
11960.000000 272.984436 0.572000 171.541000
11963.375000 273.201843 0.572000 171.641006
11966.375000 273.409332 0.572000 171.735992
11969.125000 273.628571 0.572000 171.841003
11972.750000 273.880310 0.572000 171.940994
11975.875000 274.101807 0.568000 172.041000
11980.500000 274.304840 0.568000 172.141998
11984.000000 274.523865 0.568000 172.251007
11986.250000 274.523865 0.568000 172.315994
11989.000000 274.926453 0.568000 172.440994
11992.375000 275.127716 0.568000 172.531006
11995.375000 275.328735 0.568000 172.641006
11998.625000 275.529907 0.568000 172.740997
12002.750000 275.738892 0.568000 172.854996
12006.500000 275.940277 0.568000 172.949997
12013.000000 276.147980 0.538000 173.050003
12017.875000 276.349213 0.538000 173.149994
12021.500000 276.349213 0.538000 173.240997
12026.000000 276.558594 0.538000 173.341003
12029.375000 276.783875 0.538000 173.440994
12033.000000 276.993622 0.538000 173.539993
12038.625000 277.205109 0.538000 173.639999
12043.875000 277.406372 0.538000 173.731995
12047.375000 277.607727 0.538000 173.845001
12050.875000 277.848907 0.538000 173.945007
12056.000000 278.050171 0.531000 174.044998
12061.375000 278.251190 0.531000 174.151001
12064.500000 278.454346 0.531000 174.246002
12066.625000 278.685852 0.531000 174.326004
12069.750000 278.905334 0.531000 174.434998
12072.750000 279.116455 0.531000 174.539993
12075.250000 279.327759 0.531000 174.645004
12077.625000 279.529053 0.531000 174.740005
12080.000000 279.730255 0.531000 174.839996
12081.625000 279.931641 0.531000 174.945007
12086.500000 280.140625 0.519000 175.048996
12088.750000 280.347443 0.519000 175.139999
12092.000000 280.550934 0.519000 175.244995
12093.625000 280.751801 0.519000 175.345993
12096.250000 280.953064 0.519000 175.442001
12098.625000 281.154327 0.519000 175.546005
12101.875000 281.359467 0.519000 175.643005
12104.250000 281.564484 0.519000 175.746994
12106.750000 281.765503 0.519000 175.839996
12109.250000 281.968658 0.519000 175.940994
12112.625000 282.175629 0.519000 176.048996
12118.750000 282.175629 0.605000 176.143997
12121.125000 282.377686 0.605000 176.242996
12124.625000 282.779572 0.605000 176.352997
12127.625000 282.779572 0.605000 176.447998
12129.125000 283.182159 0.605000 176.552994
12130.625000 283.383148 0.605000 176.653000
12133.000000 283.584381 0.605000 176.753006
12137.750000 283.584381 0.605000 176.852005
12140.125000 283.793732 0.605000 176.951996
12141.625000 283.995117 0.605000 177.039993
12144.625000 284.197693 0.533000 177.151993
12145.750000 284.406769 0.533000 177.242004
12148.375000 284.644226 0.533000 177.345001
12150.000000 284.855530 0.533000 177.445007
12152.250000 285.056671 0.533000 177.550003
12155.750000 285.265533 0.533000 177.649994
12157.125000 285.503082 0.533000 177.725006
12160.750000 285.710480 0.533000 177.839996
12164.250000 285.913391 0.533000 177.934998
12165.875000 286.122559 0.578000 178.020004
12167.750000 286.328186 0.578000 178.126999
12170.375000 286.539429 0.578000 178.242004
12172.000000 286.740570 0.578000 178.337006
12174.250000 286.941864 0.578000 178.442001
12176.875000 287.143280 0.578000 178.542007
12179.375000 287.346436 0.578000 178.643005
12182.125000 287.547821 0.578000 178.742996
12185.500000 287.757172 0.578000 178.841995
12187.375000 287.958191 0.578000 178.932007
12189.750000 288.159454 0.554000 179.052002
12192.500000 288.360565 0.554000 179.147003
12193.750000 288.578033 0.554000 179.255005
12194.625000 288.779419 0.554000 179.350006
12196.625000 288.980682 0.554000 179.449997
12198.750000 289.181946 0.554000 179.544998
12200.625000 289.383209 0.554000 179.645004
12202.250000 289.383209 0.554000 179.729996
12203.375000 289.584198 0.554000 179.817001
12206.750000 289.990997 0.554000 179.942001
12209.000000 290.192261 0.554000 180.037003
12217.000000 290.192261 0.571000 180.126999
12219.250000 290.402863 0.571000 180.222000
12223.250000 290.612671 0.571000 180.322006
12225.000000 290.823944 0.571000 180.412003
12228.000000 291.025238 0.571000 180.537003
12230.375000 291.226654 0.571000 180.636993
12232.750000 291.431946 0.571000 180.753006
12236.875000 291.643066 0.571000 180.847000
12240.875000 291.850128 0.571000 180.942001
12244.000000 292.051483 0.583000 181.054001
12247.625000 292.256226 0.583000 181.149002
12251.250000 292.457458 0.583000 181.253998
12254.250000 292.666687 0.583000 181.341995
12257.250000 292.875854 0.583000 181.417007
12259.125000 293.077087 0.583000 181.546997
12261.625000 293.278320 0.583000 181.641998
12264.875000 293.483429 0.583000 181.746994
12268.125000 293.710693 0.583000 181.854996
12271.625000 293.911957 0.583000 181.947006
12274.875000 294.120941 0.583000 182.050995
12285.750000 294.321808 0.591000 182.151001
12289.125000 294.579834 0.591000 182.255997
12292.500000 294.781219 0.591000 182.356003
12295.000000 294.984833 0.591000 182.447006
12299.000000 295.186035 0.591000 182.548004
12303.000000 295.186035 0.591000 182.628006
12306.250000 295.616486 0.591000 182.755997
12309.375000 295.616486 0.591000 182.848007
12312.500000 295.821625 0.591000 182.947006
12315.500000 296.031158 0.591000 183.016998
12326.375000 296.236694 0.640000 183.121994
12328.500000 296.461456 0.640000 183.242996
12330.750000 296.682922 0.640000 183.352997
12332.875000 296.886047 0.640000 183.417007
12335.375000 297.095184 0.640000 183.546997
12337.750000 297.296173 0.640000 183.621994
12339.625000 297.497437 0.640000 183.746994
12341.625000 297.698395 0.640000 183.828003
12345.250000 297.908173 0.640000 183.940994
12352.000000 298.109161 0.640000 184.050995
12361.125000 298.310394 0.643000 184.156006
12364.625000 298.518585 0.643000 184.251007
12366.625000 298.719696 0.643000 184.343002
12369.625000 298.945068 0.643000 184.457993
12371.000000 299.154083 0.643000 184.546997
12372.875000 299.355347 0.643000 184.641998
12375.625000 299.558319 0.643000 184.733002
12377.500000 299.767822 0.643000 184.841995
12380.500000 299.969086 0.643000 184.947006
12381.750000 300.170258 0.643000 185.046997
12383.875000 300.371399 0.688000 185.141998
12384.125000 300.574310 0.688000 185.248001
12384.375000 300.775574 0.688000 185.352997
12385.500000 300.984802 0.688000 185.436996
12386.750000 301.185944 0.688000 185.522003
12387.625000 301.387360 0.688000 185.647003
12387.750000 301.612396 0.688000 185.748993
12388.375000 301.813477 0.688000 185.843994
12388.875000 302.014923 0.688000 185.940002
12389.750000 302.014923 0.688000 186.029007
12391.250000 302.420898 0.652000 186.149002
12392.375000 302.630188 0.652000 186.246002
12392.750000 302.630188 0.652000 186.330994
12393.000000 303.032440 0.652000 186.445999
12393.625000 303.233673 0.652000 186.546005
12394.375000 303.434845 0.652000 186.641006
12394.750000 303.434845 0.652000 186.735992
12395.250000 303.837769 0.652000 186.850998
12396.000000 304.039124 0.652000 186.951004
12399.625000 304.240417 0.652000 187.041000
12403.250000 304.448853 0.597000 187.151001
12403.500000 304.448853 0.597000 187.240997
12404.375000 304.665466 0.597000 187.356003
12405.875000 304.876190 0.597000 187.440994
12406.875000 305.085327 0.597000 187.531006
12407.125000 305.286957 0.597000 187.647003
12407.625000 305.492767 0.597000 187.751999
12408.500000 305.700104 0.597000 187.841995
12408.625000 305.901428 0.597000 187.951004
12408.625000 306.102692 0.597000 188.050995
12410.375000 306.303894 0.609000 188.147995
12411.125000 306.506012 0.609000 188.231995
12412.000000 306.707550 0.609000 188.356995
12413.125000 306.908783 0.609000 188.451996
12414.125000 307.176483 0.609000 188.544998
12414.250000 307.383789 0.609000 188.638000
12414.750000 307.383789 0.609000 188.725998
12415.500000 307.802429 0.609000 188.845993
12416.375000 308.003784 0.609000 188.945999
12416.875000 308.205048 0.609000 189.041000
12418.750000 308.407867 0.657000 189.145996
12420.125000 308.614349 0.657000 189.240997
12420.875000 308.614349 0.657000 189.326004
12422.250000 309.016876 0.657000 189.440994
12423.125000 309.016876 0.657000 189.531006
12424.500000 309.220154 0.657000 189.630997
12424.875000 309.439392 0.657000 189.731003
12425.750000 309.641052 0.657000 189.834000
12427.000000 309.848053 0.657000 189.949005
12428.375000 310.049438 0.657000 190.033997
12430.875000 310.250702 0.619000 190.136002
12431.750000 310.454803 0.619000 190.244995
12432.125000 310.662018 0.619000 190.330002
12433.625000 310.883575 0.619000 190.429993
12434.000000 311.084595 0.619000 190.541000
12435.125000 311.286072 0.619000 190.639999
12437.875000 311.489410 0.619000 190.735001
12438.875000 311.700775 0.619000 190.841003
12441.250000 311.909943 0.619000 190.925003
12442.375000 312.111298 0.619000 191.057999
12446.000000 312.318420 0.603000 191.153000
12449.875000 312.518890 0.603000 191.257996
12453.875000 312.725861 0.603000 191.360992
12458.500000 312.927124 0.603000 191.451004
12463.125000 313.128326 0.603000 191.565994
12468.000000 313.329437 0.603000 191.666000
12475.250000 313.530548 0.603000 191.755997
12481.500000 313.731781 0.603000 191.841003
12487.500000 313.932770 0.603000 191.936005
12492.375000 314.133881 0.603000 192.056000
12502.625000 314.335297 0.601000 192.130997
12512.500000 314.537506 0.601000 192.246994
12520.000000 314.779327 0.601000 192.356995
12527.125000 314.980560 0.601000 192.451996
12536.375000 315.181793 0.601000 192.548004
12544.750000 315.384766 0.601000 192.643997
12553.125000 315.586151 0.601000 192.753006
12561.750000 315.787537 0.601000 192.854004
12571.000000 316.006012 0.601000 192.938004
12576.750000 316.208313 0.601000 193.052994
12600.875000 316.208313 0.564000 193.153000
12607.375000 316.415771 0.564000 193.253006
12617.000000 316.621155 0.564000 193.352997
12623.375000 316.873993 0.564000 193.453003
12630.750000 317.075012 0.564000 193.548004
12641.500000 317.276031 0.564000 193.654007
12647.000000 317.276031 0.564000 193.727997
12649.625000 317.497650 0.564000 193.828003
12654.250000 317.698883 0.564000 193.923004
12659.875000 317.908112 0.564000 194.031998
12673.750000 318.316772 0.606000 194.151993
12680.875000 318.316772 0.606000 194.251999
12684.250000 318.534637 0.606000 194.352005
12688.125000 318.735779 0.606000 194.432007
12692.000000 318.937042 0.606000 194.546997
12695.125000 319.140015 0.606000 194.656998
12698.500000 319.554443 0.606000 194.768997
12702.875000 319.554443 0.606000 194.858002
12706.500000 319.773743 0.606000 194.927002
12709.125000 319.978882 0.606000 195.059998
12712.250000 320.198486 0.606000 195.151001
12727.875000 320.402527 0.690000 195.255997
12735.500000 320.612213 0.690000 195.356003
12741.250000 320.819000 0.690000 195.451004
12745.250000 321.020477 0.690000 195.531006
12754.875000 321.221741 0.690000 195.660995
12760.500000 321.443085 0.690000 195.755997
12766.750000 321.644318 0.690000 195.856003
12772.375000 321.876190 0.690000 195.955994
12779.875000 322.077026 0.690000 196.050995
12783.375000 322.278503 0.690000 196.151001
12788.000000 322.479492 0.666000 196.251007
12793.500000 322.688934 0.666000 196.350006
12797.750000 322.890198 0.666000 196.460007
12805.750000 323.091461 0.666000 196.544998
12814.125000 323.292816 0.666000 196.664993
12822.000000 323.493927 0.666000 196.759995
12831.000000 323.694946 0.666000 196.845001
12852.375000 323.694946 0.666000 196.934998
12869.500000 324.115509 0.666000 197.059998
12884.000000 324.316986 0.667000 197.164001
12898.125000 324.518158 0.667000 197.259003
12910.250000 324.719482 0.667000 197.348999
12924.125000 324.719482 0.667000 197.438995
12937.500000 325.123932 0.667000 197.554001
12950.000000 325.123932 0.667000 197.649002
12960.250000 325.333435 0.667000 197.738998
12973.750000 325.735687 0.667000 197.854004
12983.375000 325.735687 0.667000 197.949005
13003.625000 325.936920 0.667000 198.039993
13018.625000 326.140564 0.667000 198.134995
13027.875000 326.349609 0.667000 198.264008
13040.000000 326.554718 0.667000 198.354004
13070.625000 326.756195 0.791000 198.449005
13085.500000 326.959869 0.791000 198.563995
13094.750000 327.170471 0.791000 198.660004
13104.125000 327.371948 0.791000 198.759995
13113.375000 327.573120 0.791000 198.850006
13120.125000 327.773987 0.791000 198.970993
13129.375000 327.977112 0.791000 199.054993
13137.375000 328.178345 0.791000 199.149994
13145.000000 328.387604 0.791000 199.255997
13183.875000 328.590698 0.811000 199.365005
13192.875000 328.791077 0.811000 199.451004
13202.125000 328.999023 0.811000 199.561005
13211.500000 329.200226 0.811000 199.651001
13218.625000 329.401428 0.811000 199.755997
13226.250000 329.602661 0.811000 199.850998
13231.000000 329.804108 0.811000 199.955994
13235.625000 330.005341 0.811000 200.037003
13242.250000 330.206635 0.811000 200.151001
13247.625000 330.414307 0.788000 200.261002
13253.000000 330.650085 0.788000 200.356003
13259.500000 330.887573 0.788000 200.459000
13264.000000 331.088837 0.788000 200.548996
13270.625000 331.290253 0.788000 200.639008
13275.500000 331.491577 0.788000 200.753998
13280.875000 331.692932 0.788000 200.848999
13286.500000 331.893982 0.788000 200.959000
13290.625000 332.097198 0.788000 201.039993
13296.875000 332.306641 0.788000 201.158997
13301.250000 332.507965 0.774000 201.248993
13307.375000 332.709290 0.774000 201.354004
13311.000000 332.924835 0.774000 201.460999
13316.000000 332.924835 0.774000 201.548996
13321.125000 333.132507 0.774000 201.649002
13325.375000 333.333893 0.774000 201.733994
13327.875000 333.535095 0.774000 201.848999
13335.000000 333.937469 0.774000 201.953995
13339.250000 333.937469 0.774000 202.035995
13344.625000 334.140533 0.774000 202.126007
13348.875000 334.371979 0.774000 202.250000
13358.000000 334.573334 0.931000 202.348999
13363.000000 334.787079 0.931000 202.444000
13366.750000 334.997620 0.931000 202.524002
13370.625000 335.204651 0.931000 202.679001
13373.375000 335.406097 0.931000 202.740005
13376.750000 335.609528 0.931000 202.848999
13379.750000 335.822906 0.931000 202.934006
13383.875000 336.029938 0.931000 203.039001
13387.500000 336.233307 0.931000 203.149002
13392.500000 336.434418 0.931000 203.259995
13396.125000 336.635498 0.931000 203.334000
13415.125000 336.844696 0.988000 203.459000
13420.750000 337.045563 0.988000 203.554001
13424.000000 337.266968 0.988000 203.639008
13427.000000 337.510590 0.988000 203.759003
13430.750000 337.721802 0.988000 203.858994
13434.250000 337.931152 0.988000 203.949005
13437.375000 337.931152 0.988000 204.039001
13440.375000 338.132416 0.988000 204.134003
13451.250000 338.353760 0.988000 204.253998
13454.375000 338.563782 0.988000 204.343994
13461.875000 338.769043 1.024000 204.434006
13465.500000 338.769043 1.024000 204.539993
13469.875000 338.969330 1.024000 204.654007
13472.500000 339.173065 1.024000 204.744003
13477.000000 339.173065 1.024000 204.852005
13479.625000 339.374237 1.024000 204.962006
13481.375000 339.575867 1.024000 205.054993
13484.250000 339.575867 1.024000 205.149994
13486.750000 339.783813 1.024000 205.255005
13489.625000 340.199280 1.024000 205.367996
13494.750000 340.405060 0.951000 205.468002
13497.500000 340.405060 0.951000 205.548004
13500.125000 340.610931 0.951000 205.662994
13503.625000 340.812164 0.951000 205.768005
13505.500000 341.037720 0.951000 205.854996
13508.000000 341.238983 0.951000 205.934998
13509.875000 341.440247 0.951000 206.059998
13514.125000 341.645386 0.951000 206.160004
13517.125000 341.852753 0.951000 206.235992
13518.875000 342.054169 0.951000 206.339996
13523.625000 342.255493 0.961000 206.462006
13526.125000 342.457550 0.961000 206.561005
13527.625000 342.657806 0.961000 206.660004
13530.250000 342.859467 0.961000 206.759995
13532.750000 343.060760 0.961000 206.845993
13534.750000 343.268219 0.961000 206.962997
13537.750000 343.475800 0.961000 207.041000
13539.500000 343.677185 0.961000 207.160995
13541.625000 343.882446 0.961000 207.255997
13543.875000 344.089539 0.961000 207.345993
13546.875000 344.292877 0.993000 207.466003
13550.250000 344.507416 0.993000 207.541000
13551.500000 344.728638 0.993000 207.645996
13552.875000 344.931946 0.993000 207.742996
13553.500000 345.133209 0.993000 207.841003
13556.250000 345.342499 0.993000 207.957001
13557.500000 345.551758 0.993000 208.056000
13560.375000 345.755981 0.993000 208.160995
13561.875000 345.755981 0.993000 208.255997
13563.000000 345.964172 0.993000 208.332001
13573.875000 346.176697 0.935000 208.479996
13575.500000 346.176697 0.935000 208.550003
13576.625000 346.377045 0.935000 208.649994
13577.500000 346.377045 0.935000 208.748001
13578.750000 346.581787 0.935000 208.865997
13580.125000 346.789917 0.935000 208.955994
13583.250000 346.994171 0.935000 209.059006
13585.250000 347.220306 0.935000 209.145996
13586.875000 347.421814 0.935000 209.237000
13588.875000 347.647217 0.886000 209.358002
13590.625000 347.848602 0.886000 209.453003
13591.000000 348.055786 0.886000 209.546005
13591.375000 348.257172 0.886000 209.656006
13593.125000 348.470642 0.886000 209.766006
13596.375000 348.470642 0.886000 209.845993
13598.375000 348.887360 0.886000 209.964005
13600.625000 349.094452 0.886000 210.072006
13602.125000 349.299866 0.886000 210.158997
13603.875000 349.500916 0.886000 210.259003
13607.125000 349.704529 0.980000 210.365997
13608.750000 349.704529 0.980000 210.440002
13609.750000 349.918152 0.980000 210.559998
13611.125000 350.125732 0.980000 210.654999
13612.625000 350.357239 0.980000 210.740005
13613.875000 350.558319 0.980000 210.837997
13615.000000 350.784119 0.980000 210.945007
13616.125000 350.991547 0.980000 211.059998
13619.625000 351.192780 0.980000 211.160004
13621.875000 351.394012 0.980000 211.264999
13624.000000 351.595367 0.980000 211.360001
13634.625000 351.796570 0.972000 211.464996
13636.000000 352.004395 0.972000 211.565994
13637.375000 352.212616 0.972000 211.645004
13638.500000 352.421936 0.972000 211.740005
13639.750000 352.623169 0.972000 211.869995
13640.375000 352.824219 0.972000 211.964996
13641.875000 353.025177 0.972000 212.065002
13645.375000 353.236420 0.972000 212.164993
13649.125000 353.438385 0.972000 212.251007
13651.500000 353.438385 0.972000 212.341003
13658.250000 353.607178 0.983000 212.453003
13659.500000 353.751129 0.983000 212.567993
13660.125000 353.882507 0.983000 212.667999
13661.000000 353.882507 0.983000 212.770004
13661.375000 354.010376 0.983000 212.858002
13662.250000 354.010376 0.983000 212.968994
13662.375000 354.010376 0.983000 213.063004
13663.250000 354.010376 0.983000 213.167999
13664.375000 354.219849 0.983000 213.257996
13665.000000 354.219849 0.983000 213.341995
13665.250000 354.438934 1.017000 213.447006
13665.875000 354.650146 1.017000 213.567001
13666.250000 354.850586 1.017000 213.662003
13666.750000 355.055756 1.017000 213.751999
13667.375000 355.262970 1.017000 213.867004
13668.000000 355.464233 1.017000 213.957001
13668.750000 355.665344 1.017000 214.046997
13669.625000 355.866486 1.017000 214.156998
13670.625000 356.070129 1.017000 214.272995
13671.875000 356.271332 1.017000 214.347000
13673.125000 356.474976 1.017000 214.473999
13675.125000 356.712311 0.979000 214.546997
13676.500000 356.946136 0.979000 214.667007
13676.750000 357.147766 0.979000 214.761993
13677.500000 357.348969 0.979000 214.873993
13678.250000 357.552795 0.979000 214.973007
13678.375000 357.754211 0.979000 215.063004
13678.625000 357.955536 0.979000 215.167999
13679.000000 358.156860 0.979000 215.263000
13679.000000 358.156860 0.979000 215.343002
13679.125000 358.559235 0.979000 215.457993
13679.250000 358.760590 0.979000 215.563004
13679.500000 358.962006 0.979000 215.667999
13680.000000 359.166290 0.979000 215.763000
13682.625000 359.166290 1.235000 215.848007
13690.000000 359.369995 1.235000 215.968002
13691.500000 359.523804 1.235000 216.067993
13717.000000 359.649963 1.235000 216.179001
13717.125000 359.649963 1.235000 216.268005
13717.625000 359.850800 1.235000 216.375000
13718.375000 359.850800 1.235000 216.449005
13718.625000 360.054443 1.235000 216.561005
13719.125000 360.255188 1.235000 216.666000
13719.375000 360.255188 1.235000 216.755997
13719.750000 360.460907 1.235000 216.863007
13720.625000 360.668823 1.172000 216.973007
13720.875000 360.881165 1.172000 217.059006
13721.375000 361.085938 1.172000 217.158005
13721.625000 361.289032 1.172000 217.278000
13722.125000 361.490265 1.172000 217.367996
13722.375000 361.691742 1.172000 217.468002
13722.875000 361.893127 1.172000 217.578003
13723.875000 362.098328 1.172000 217.664993
13724.250000 362.299438 1.172000 217.750000
13725.750000 362.500793 0.979000 217.863998
13726.000000 362.702484 0.979000 217.983994
13726.500000 362.913910 0.979000 218.069000
13727.500000 363.121124 0.979000 218.145004
13728.000000 363.322083 0.979000 218.274002
13728.375000 363.523193 0.979000 218.343994
13728.875000 363.724426 0.979000 218.475006
13729.000000 363.925629 0.979000 218.563995
13729.750000 364.126862 0.979000 218.669998
13730.250000 364.327972 0.979000 218.768997
13730.500000 364.529022 0.979000 218.843994
13731.375000 364.732422 1.001000 218.973999
13732.250000 364.937866 1.001000 219.074005
13733.000000 365.142975 1.001000 219.160004
13733.750000 365.346008 1.001000 219.264999
13734.500000 365.555511 1.001000 219.375000
13735.125000 365.756836 1.001000 219.464005
13736.000000 365.968536 1.001000 219.544006
13737.875000 366.170135 1.001000 219.662003
13738.375000 366.377502 1.001000 219.761993
13738.875000 366.628754 1.001000 219.873001
13747.625000 366.829926 0.892000 219.962997
13749.250000 367.033875 0.892000 220.061996
13750.375000 367.235016 0.892000 220.177994
13750.875000 367.436768 0.892000 220.263000
13751.250000 367.436768 0.892000 220.341995
13751.250000 367.839569 0.892000 220.466995
13751.750000 368.044861 0.892000 220.570007
13752.500000 368.044861 0.892000 220.653000
13753.250000 368.312561 0.892000 220.781998
13753.750000 368.533905 0.892000 220.869995
13754.875000 368.741577 0.892000 220.977005
13755.625000 368.949249 1.045000 221.082001
13756.250000 369.158539 1.045000 221.169998
13757.000000 369.361725 1.045000 221.268005
13757.375000 369.565094 1.045000 221.348999
13758.125000 369.774261 1.045000 221.473007
13758.500000 369.975250 1.045000 221.563004
13759.000000 370.178619 1.045000 221.662994
13759.250000 370.422333 1.045000 221.766006
13760.625000 370.633759 1.045000 221.875000
13761.000000 370.834930 1.045000 221.964996
13762.125000 371.043823 1.045000 222.078995
13764.125000 371.247101 1.080000 222.175003
13764.625000 371.453949 1.080000 222.279007
13765.250000 371.655090 1.080000 222.373993
13766.000000 371.857025 1.080000 222.464005
13766.500000 372.058136 1.080000 222.554001
13767.750000 372.058136 1.080000 222.643997
13768.625000 372.495056 1.080000 222.781006
13769.750000 372.698303 1.080000 222.880005
13770.375000 372.698303 1.080000 222.968002
13770.750000 372.903809 1.080000 223.056000
13771.250000 373.104797 0.966000 223.160004
13771.625000 373.307983 0.966000 223.264008
13771.750000 373.720093 0.966000 223.380005
13772.000000 373.720093 0.966000 223.464005
13772.250000 373.931458 0.966000 223.578995
13772.875000 374.140961 0.966000 223.666000
13774.000000 374.341888 0.966000 223.779007
13774.625000 374.553619 0.966000 223.869995
13775.000000 374.763031 0.966000 223.973999
13775.875000 374.966431 0.966000 224.080002
13776.750000 375.169952 0.966000 224.149994
13779.500000 375.379120 1.060000 224.274002
13780.250000 375.583771 1.060000 224.363998
13780.250000 375.784149 1.060000 224.468994
13780.625000 375.989655 1.060000 224.578995
13781.625000 376.196655 1.060000 224.679001
13782.000000 376.397888 1.060000 224.772003
13782.625000 376.599060 1.060000 224.875000
13783.000000 376.809906 1.060000 224.968994
13783.500000 377.053589 1.060000 225.074005
13784.250000 377.262726 1.060000 225.164001
13785.000000 377.464478 1.060000 225.264008
13787.125000 377.665100 1.076000 225.384003
13787.875000 377.887177 1.076000 225.479004
13788.125000 378.088440 1.076000 225.578995
13794.000000 378.306122 1.076000 225.671997
13794.500000 378.507507 1.076000 225.781998
13795.250000 378.713043 1.076000 225.873993
13796.625000 378.914337 1.076000 225.973999
13798.000000 378.914337 1.076000 226.063995
13798.875000 379.120178 1.076000 226.169006
13799.375000 379.326019 1.076000 226.250000
13800.500000 379.326019 0.997000 226.373993
13801.500000 379.548737 0.997000 226.466003
13802.125000 379.751495 0.997000 226.580002
13803.000000 379.751495 0.997000 226.675995
13804.000000 379.956024 0.997000 226.774002
13804.750000 380.159637 0.997000 226.869003
13805.000000 380.366760 0.997000 226.953995
13806.000000 380.568512 0.997000 227.085999
13806.625000 380.775818 0.997000 227.179001
13807.625000 380.977051 0.997000 227.289001
13807.875000 381.178436 0.942000 227.378998
13808.750000 381.388184 0.942000 227.459000
13809.625000 381.589417 0.942000 227.578995
13810.125000 381.790436 0.942000 227.664001
13811.125000 381.991791 0.942000 227.774002
13812.125000 382.193268 0.942000 227.858994
13814.125000 382.394623 0.942000 227.988998
13815.250000 382.595215 0.942000 228.078995
13816.750000 382.796082 0.942000 228.179001
13817.875000 382.997192 0.942000 228.274002
13818.375000 383.198425 0.942000 228.373993
13822.750000 383.406219 0.989000 228.473999
13824.250000 383.406219 0.989000 228.554993
13825.375000 383.810028 0.989000 228.669006
13827.750000 384.011383 0.989000 228.779007
13830.000000 384.220306 0.989000 228.867996
13831.500000 384.220306 0.989000 228.953995
13833.125000 384.425842 0.989000 229.069000
13837.750000 384.635193 0.989000 229.175995
13839.750000 384.857117 0.989000 229.264008
13841.750000 385.062469 0.989000 229.380997
13843.875000 385.266754 1.002000 229.468994
13846.125000 385.468506 1.002000 229.563995
13849.125000 385.680023 1.002000 229.649994
13851.625000 385.893433 1.002000 229.768997
13855.625000 386.107147 1.002000 229.860001
13858.000000 386.316528 1.002000 229.949997
13859.750000 386.517517 1.002000 230.044998
13863.625000 386.729248 1.002000 230.169998
13875.500000 386.937317 0.408000 230.270004
13878.750000 386.937317 0.408000 230.354996
13882.250000 387.353790 0.408000 230.481003
13885.125000 387.353790 0.408000 230.541000
13888.750000 387.554626 0.408000 230.654999
13890.750000 387.763824 0.408000 230.764999
13894.000000 387.985413 0.408000 230.860001
13897.500000 388.216888 0.408000 230.970001
13901.000000 388.418121 0.408000 231.074997
13908.250000 388.623077 0.408000 231.169998
13916.125000 388.829712 0.408000 231.250000
13998.500000 389.026581 0.408000 231.348007
14003.125000 389.179352 0.972000 231.481995
14011.000000 389.293579 0.972000 231.582001
14018.250000 389.293579 0.972000 231.682007
14023.000000 389.382690 0.972000 231.776993
14038.500000 389.426514 0.972000 231.882004
14044.750000 389.437469 0.972000 231.975998
14046.750000 389.437469 0.972000 232.070999
14053.000000 389.437469 0.972000 232.175995
14057.250000 389.437469 0.972000 232.261002
14058.500000 389.437469 0.972000 232.367996
14065.500000 389.437469 0.972000 232.453003
14066.375000 389.437469 0.972000 232.572998
14069.000000 389.437469 1.101000 232.667999
14072.500000 389.437714 1.101000 232.757996
14075.375000 389.437714 1.101000 232.850006
14077.750000 389.472076 1.101000 232.979996
14079.500000 389.472076 1.101000 233.057007
14081.000000 389.472076 1.101000 233.177994
14082.125000 389.587830 1.101000 233.270996
14084.625000 389.587830 1.101000 233.380005
14086.750000 389.791595 1.101000 233.470993
14088.375000 389.791595 1.101000 233.561005
14091.125000 389.996094 1.101000 233.682007
14091.875000 390.201324 1.101000 233.776993
14093.500000 390.439178 1.101000 233.867004
14096.000000 390.652191 1.361000 233.972000
14096.625000 390.854553 1.361000 234.056000
14098.000000 391.057953 1.361000 234.179993
14098.750000 391.057953 1.361000 234.246994
14099.375000 391.460358 1.361000 234.367004
14100.000000 391.661591 1.361000 234.466995
14100.125000 391.661591 1.361000 234.548004
14100.250000 392.075775 1.361000 234.673004
14100.500000 392.075775 1.361000 234.757004
14101.000000 392.285004 1.361000 234.852005
14101.875000 392.693481 1.361000 234.977005
14102.375000 392.693481 1.361000 235.046997
14103.500000 393.099854 1.159000 235.171997
14103.750000 393.099854 1.159000 235.266998
14104.000000 393.501923 1.159000 235.378998
14104.875000 393.501923 1.159000 235.466995
14105.000000 393.706909 1.159000 235.548004
14105.500000 393.914185 1.159000 235.671997
14106.375000 394.115387 1.159000 235.759995
14107.000000 394.316589 1.159000 235.871994
14107.625000 394.517731 1.159000 235.947006
14108.000000 394.719025 1.159000 236.054993
14108.125000 394.926331 1.159000 236.164001
14108.250000 395.129700 1.159000 236.266998
14108.250000 395.334869 1.159000 236.352005
14108.875000 395.544312 1.348000 236.468002
14109.500000 395.746826 1.348000 236.548996
14109.750000 395.953705 1.348000 236.686005
14110.000000 396.184692 1.348000 236.766006
14110.250000 396.385895 1.348000 236.873001
14110.375000 396.590973 1.348000 236.953003
14110.500000 396.792297 1.348000 237.067993
14110.875000 396.993561 1.348000 237.177994
14111.375000 397.194794 1.348000 237.272995
14111.750000 397.399689 1.348000 237.352005
14112.125000 397.606537 1.348000 237.460999
14112.375000 397.808136 1.348000 237.567993
14112.375000 398.009277 1.348000 237.666000
14116.500000 398.210846 1.344000 237.768005
14116.625000 398.413025 1.344000 237.863007
14116.750000 398.622009 1.344000 237.992996
14117.000000 398.823608 1.344000 238.078003
14117.125000 399.024872 1.344000 238.182999
14117.625000 399.243988 1.344000 238.276993
14117.625000 399.445374 1.344000 238.358994
14117.750000 399.650482 1.344000 238.459000
14118.000000 399.867310 1.344000 238.561996
14118.125000 400.074890 1.344000 238.662003
14118.375000 400.074890 1.344000 238.757004
14120.250000 400.272339 1.344000 238.873001
14120.875000 400.436859 1.344000 238.977997
14121.750000 400.568176 1.409000 239.082993
14122.125000 400.702698 1.409000 239.175995
14123.375000 400.702698 1.409000 239.263000
14133.125000 400.752136 1.409000 239.363998
14133.500000 400.767365 1.409000 239.472000
14134.375000 400.767365 1.409000 239.570999
14136.000000 400.767365 1.409000 239.675995
14136.875000 400.767365 1.409000 239.770996
14137.125000 400.767365 1.409000 239.876007
14137.125000 400.767365 1.409000 239.970993
14137.125000 400.767365 1.409000 240.076004
14137.375000 400.767792 1.409000 240.175995
14137.375000 400.767792 1.409000 240.257004
14138.250000 400.767792 1.269000 240.371002
14138.250000 400.767792 1.269000 240.455994
14138.500000 400.767792 1.269000 240.570007
14138.625000 400.801453 1.269000 240.669998
14138.625000 400.801453 1.269000 240.794998
14138.625000 400.801453 1.269000 240.889999
14138.625000 400.801453 1.269000 240.977997
14139.000000 401.015503 1.269000 241.065002
14139.000000 401.220795 1.269000 241.154999
14139.000000 401.220795 1.269000 241.261993
14139.000000 401.426514 1.269000 241.362000
14139.250000 401.627747 1.269000 241.477005
14139.375000 401.829041 1.269000 241.567001
14139.375000 402.030762 1.337000 241.667007
14139.375000 402.232117 1.337000 241.781998
14139.375000 402.634644 1.337000 241.886993
14139.375000 402.634644 1.337000 241.977997
14139.375000 402.837891 1.337000 242.063004
14139.375000 403.077301 1.337000 242.177002
14139.375000 403.288147 1.337000 242.272003
14139.375000 403.489655 1.337000 242.356995
14139.375000 403.690643 1.337000 242.477005
14139.500000 403.891968 1.337000 242.572006
14139.500000 404.097473 1.337000 242.656998
14139.500000 404.304779 1.337000 242.772003
14139.500000 404.506042 1.261000 242.871994
14139.500000 404.707306 1.261000 242.972000
14139.500000 404.908600 1.261000 243.076996
14139.500000 405.110046 1.261000 243.182999
14139.500000 405.311584 1.261000 243.279007
14139.625000 405.514893 1.261000 243.367004
14139.625000 405.724457 1.261000 243.481995
14139.750000 405.929871 1.261000 243.574005
14139.750000 406.130981 1.261000 243.679001
14139.750000 406.338013 1.261000 243.772995
14139.750000 406.539398 1.261000 243.847000
14139.750000 406.745117 1.261000 243.979004
14140.125000 406.946472 1.348000 244.072006
14140.125000 407.147217 1.348000 244.177002
14140.250000 407.147217 1.348000 244.227997
14140.500000 407.353088 1.348000 244.326996
14140.625000 407.554535 1.348000 244.436996
14140.625000 407.956665 1.348000 244.546997
14140.875000 408.157776 1.348000 244.651993
14141.000000 408.359009 1.348000 244.742004
14141.125000 408.560242 1.348000 244.841995
14141.125000 408.560242 1.348000 244.940002
14141.375000 408.761444 1.348000 245.022003
14141.500000 408.962036 1.348000 245.136002
14141.750000 409.173737 1.348000 245.240997
14142.375000 409.375275 1.348000 245.337006
14147.875000 409.576569 1.314000 245.449005
14149.250000 409.781891 1.314000 245.541000
14150.625000 409.998962 1.314000 245.641006
14152.875000 410.210327 1.314000 245.735992
14156.500000 410.411560 1.314000 245.847000
14160.375000 410.614960 1.314000 245.931000
14164.000000 410.824127 1.314000 246.042007
14166.250000 411.027618 1.314000 246.132004
14168.125000 411.237030 1.314000 246.235992
14180.750000 411.445953 1.314000 246.341003
14185.000000 411.656097 1.314000 246.421005
14188.500000 411.831482 1.314000 246.537003
14191.750000 411.831482 1.314000 246.641006
14195.375000 412.027283 1.291000 246.735992
14200.000000 412.027283 1.291000 246.845993
14203.375000 412.201080 1.291000 246.940994
14206.625000 412.201080 1.291000 247.041000
14210.375000 412.403290 1.291000 247.145004
14214.500000 412.403290 1.291000 247.220993
14217.625000 412.403290 1.291000 247.341003
14221.875000 412.604858 1.291000 247.453995
14225.375000 412.825897 1.291000 247.526993
14230.625000 413.036560 1.291000 247.632004
14234.875000 413.240967 1.291000 247.737000
14239.375000 413.442291 1.291000 247.832001
14246.125000 413.442291 1.291000 247.917007
14251.625000 413.693817 1.319000 248.031998
14260.000000 413.895142 1.319000 248.117996
14266.000000 414.096252 1.319000 248.227005
14272.875000 414.498840 1.319000 248.347000
14280.375000 414.498840 1.319000 248.432007
14287.625000 414.729736 1.319000 248.507996
14294.250000 414.934601 1.319000 248.634003
14302.625000 415.146362 1.319000 248.729004
14308.625000 415.347595 1.319000 248.834000
14316.750000 415.568970 1.319000 248.944000
14323.500000 415.770111 1.319000 249.044006
14329.625000 415.971344 1.319000 249.149002
14338.875000 416.172455 1.319000 249.244003
14346.375000 416.373566 1.319000 249.343994
14352.375000 416.584808 1.454000 249.444000
14360.750000 416.785614 1.454000 249.529007
14367.750000 416.986603 1.454000 249.628998
14375.250000 417.187958 1.454000 249.729004
14381.500000 417.390961 1.454000 249.834000
14388.750000 417.600342 1.454000 249.934006
14394.500000 417.801544 1.454000 250.033997
14400.750000 418.003265 1.454000 250.128998
14409.250000 418.204407 1.454000 250.223999
14415.500000 418.406036 1.454000 250.339005
14423.000000 418.607574 1.454000 250.438995
14427.500000 418.808990 1.454000 250.539001
14432.250000 419.040344 1.454000 250.639008
14437.375000 419.253448 1.454000 250.740005
14446.625000 419.462402 1.393000 250.834000
14453.000000 419.671021 1.393000 250.929993
14458.750000 419.880157 1.393000 251.029007
14460.875000 420.085541 1.393000 251.130997
14464.625000 420.297028 1.393000 251.246002
14468.625000 420.297028 1.393000 251.320999
14473.000000 420.699219 1.393000 251.436005
14477.875000 420.904602 1.393000 251.541000
14482.250000 421.109741 1.393000 251.636002
14485.375000 421.314789 1.393000 251.740997
14492.125000 421.515717 1.393000 251.841995
14494.875000 421.515717 1.393000 251.932007
14500.250000 421.716797 1.278000 252.026993
14507.500000 421.918152 1.278000 252.130997
14513.125000 422.187622 1.278000 252.242004
14516.500000 422.388458 1.278000 252.345001
14518.750000 422.597382 1.278000 252.436005
14522.500000 422.804382 1.278000 252.537003
14526.000000 423.011505 1.278000 252.641006
14529.625000 423.212708 1.278000 252.735992
14533.125000 423.414032 1.278000 252.852997
14536.000000 423.621552 1.278000 252.938004
14541.125000 423.834869 1.278000 253.014008
14548.000000 424.041840 1.278000 253.117996
14552.125000 424.243195 1.278000 253.223007
14565.750000 424.470886 1.185000 253.328003
14571.375000 424.673981 1.185000 253.432999
14575.125000 424.878235 1.185000 253.535004
14578.875000 425.083252 1.185000 253.636993
14582.875000 425.284637 1.185000 253.757004
14587.875000 425.487915 1.185000 253.837997
14592.250000 425.695068 1.185000 253.951004
14597.250000 425.896332 1.185000 254.035995
14602.625000 426.101349 1.185000 254.132996
14607.000000 426.302582 1.185000 254.227997
14612.125000 426.503845 1.185000 254.332993
14616.000000 426.705109 1.185000 254.442993
14621.125000 426.906036 1.185000 254.533005
14668.625000 427.106537 1.347000 254.628006
14673.500000 427.310272 1.347000 254.742996
14681.875000 427.310272 1.347000 254.822998
14689.625000 427.511749 1.347000 254.923004
14696.750000 427.713074 1.347000 255.018005
14705.250000 427.914307 1.347000 255.123001
14718.375000 428.338531 1.347000 255.248993
14731.125000 428.338531 1.347000 255.317993
14744.250000 428.547668 1.347000 255.427994
14755.750000 428.748779 1.347000 255.542999
14762.750000 428.950043 1.347000 255.617996
14770.000000 429.151398 1.347000 255.733002
14779.125000 429.352783 1.347000 255.837997
14786.250000 429.761261 1.347000 255.951004
14802.250000 429.761261 1.472000 256.039001
14812.625000 429.964752 1.472000 256.143005
14822.750000 430.165009 1.472000 256.250000
14834.250000 430.400513 1.472000 256.324005
14846.000000 430.604248 1.472000 256.434998
14858.125000 430.809723 1.472000 256.528015
14870.375000 431.012848 1.472000 256.632996
14903.750000 431.215912 1.472000 256.738007
14914.500000 431.427063 1.472000 256.833008
14924.125000 431.632385 1.472000 256.923004
14936.500000 431.839386 1.472000 257.046997
14947.125000 431.839386 1.472000 257.152008
14956.875000 432.083221 1.472000 257.220001
14967.250000 432.288147 1.472000 257.354004
14980.125000 432.489410 1.438000 257.437988
14992.500000 432.693665 1.438000 257.542999
15001.500000 432.896637 1.438000 257.632996
15006.625000 433.097382 1.438000 257.734985
15012.000000 433.306763 1.438000 257.842987
15017.500000 433.507965 1.438000 257.942993
15021.750000 433.709351 1.438000 258.028015
15026.500000 433.910645 1.438000 258.138000
15028.875000 434.112244 1.438000 258.222992
15034.625000 434.317261 1.438000 258.339996
15039.000000 434.518402 1.438000 258.445007
15042.625000 434.725372 1.438000 258.549011
15046.500000 434.928497 1.438000 258.639008
15049.250000 435.143585 1.438000 258.721008
15053.125000 435.356903 1.438000 258.832001
15058.250000 435.588013 1.572000 258.946014
15061.375000 435.797089 1.572000 259.040985
15064.375000 435.998322 1.572000 259.140991
15065.875000 436.199890 1.572000 259.235992
15068.000000 436.401031 1.572000 259.326996
15069.375000 436.608002 1.572000 259.441010
15073.000000 436.813354 1.572000 259.531006
15078.000000 436.813354 1.572000 259.626007
15081.125000 437.217468 1.572000 259.742004
15084.375000 437.418457 1.572000 259.846985
15086.000000 437.627899 1.572000 259.950989
15087.375000 437.829071 1.572000 260.036011
15090.625000 437.829071 1.572000 260.126007
15092.750000 438.042419 1.572000 260.226013
15095.625000 438.251862 1.572000 260.341003
15098.125000 438.453156 1.572000 260.441986
15115.750000 438.656189 1.634000 260.540985
15120.125000 438.888062 1.634000 260.615997
15124.750000 439.089600 1.634000 260.746002
15129.750000 439.290588 1.634000 260.838013
15132.875000 439.503815 1.634000 260.936005
15135.125000 439.717285 1.634000 261.026001
15138.875000 439.926727 1.634000 261.127014
15141.250000 440.164093 1.634000 261.247009
15144.375000 440.365204 1.634000 261.334991
15148.000000 440.596832 1.634000 261.436005
15150.875000 440.797974 1.634000 261.536011
15154.125000 440.999329 1.634000 261.630005
15157.875000 441.200806 1.634000 261.720001
15160.875000 441.402191 1.634000 261.825989
15162.875000 441.603149 1.634000 261.963013
15164.625000 441.810486 1.634000 262.045013
15167.750000 442.011627 1.744000 262.143005
15169.750000 442.212921 1.744000 262.250000
15171.750000 442.414124 1.744000 262.333008
15173.875000 442.621368 1.744000 262.428009
15175.875000 442.822510 1.744000 262.535004
15177.375000 443.028198 1.744000 262.643005
15181.250000 443.241943 1.744000 262.748993
15185.250000 443.457336 1.744000 262.838013
15187.125000 443.662903 1.744000 262.937988
15188.875000 443.866394 1.744000 263.044006
15190.750000 444.067719 1.744000 263.144012
15195.375000 444.067719 1.744000 263.227997
15198.250000 444.268951 1.744000 263.333008
15200.000000 444.470306 1.744000 263.433014
15200.875000 444.679474 1.591000 263.537994
15201.875000 444.882904 1.591000 263.632996
15203.250000 445.106506 1.591000 263.738007
15204.000000 445.313873 1.591000 263.834015
15205.500000 445.521301 1.591000 263.936005
15206.125000 445.722565 1.591000 264.040985
15207.750000 445.929779 1.591000 264.135010
15209.000000 446.163513 1.591000 264.234009
15212.000000 446.364502 1.591000 264.343994
15214.125000 446.573547 1.591000 264.433990
15214.875000 446.774780 1.591000 264.544006
15216.125000 446.975891 1.591000 264.640015
15216.875000 447.178894 1.591000 264.750000
15218.625000 447.390015 1.591000 264.835999
15219.875000 447.609711 1.591000 264.928986
15254.250000 447.831146 1.478000 265.053986
15256.750000 448.033661 1.478000 265.144012
15259.250000 448.240631 1.478000 265.243988
15260.750000 448.444275 1.478000 265.334991
15262.375000 448.653625 1.478000 265.441986
15263.875000 448.854492 1.478000 265.533997
15265.125000 449.055847 1.478000 265.644012
15267.125000 449.256927 1.478000 265.734009
15267.750000 449.256927 1.478000 265.829010
15271.000000 449.664917 1.478000 265.951996
15274.625000 449.866150 1.478000 266.041992
15277.250000 450.067261 1.478000 266.147003
15280.125000 450.274750 1.478000 266.248993
15281.750000 450.481750 1.478000 266.342987
15285.250000 450.682495 1.405000 266.453003
15287.875000 450.682495 1.405000 266.532990
15290.375000 450.883606 1.405000 266.628998
15292.000000 451.088593 1.405000 266.739014
15293.875000 451.491272 1.405000 266.845001
15297.000000 451.491272 1.405000 266.928986
15301.500000 451.700623 1.405000 267.045013
15303.125000 451.901855 1.405000 267.139008
15304.625000 452.103149 1.405000 267.243988
15307.375000 452.304047 1.405000 267.334015
15309.250000 452.505432 1.405000 267.428986
15312.875000 452.708679 1.405000 267.523987
15327.625000 452.911560 1.108000 267.635010
15331.000000 453.138763 1.108000 267.729004
15334.250000 453.356232 1.108000 267.834015
15347.250000 453.557556 1.108000 267.951996
15351.625000 453.764526 1.108000 268.032013
15355.750000 453.969940 1.108000 268.140991
15359.375000 454.181488 1.108000 268.247009
15361.500000 454.386108 1.108000 268.338989
15366.125000 454.593567 1.108000 268.428986
15373.625000 454.826660 1.108000 268.544006
15376.625000 455.034058 1.108000 268.639008
15379.500000 455.234650 1.108000 268.739014
15383.000000 455.444092 1.108000 268.841003
15387.625000 455.647308 1.199000 268.944000
15392.500000 455.852722 1.199000 269.045990
15394.875000 456.060181 1.199000 269.144989
15396.500000 456.263458 1.199000 269.239014
15398.250000 456.468750 1.199000 269.346985
15399.625000 456.468750 1.199000 269.433990
15403.875000 456.875885 1.199000 269.539001
15407.875000 457.077271 1.199000 269.649994
15411.250000 457.282776 1.199000 269.746002
15413.000000 457.486023 1.199000 269.842010
15414.750000 457.687164 1.199000 269.941986
15417.125000 457.687164 1.199000 270.039001
15419.125000 457.892670 1.210000 270.139008
15422.250000 458.294647 1.210000 270.243988
15424.875000 458.495911 1.210000 270.348999
15428.875000 458.495911 1.210000 270.438995
15431.750000 458.900330 1.210000 270.545013
15433.875000 458.900330 1.210000 270.639008
15436.250000 459.109802 1.210000 270.743988
15437.500000 459.341217 1.210000 270.834015
15447.750000 459.566986 1.210000 270.928986
15451.625000 459.782074 1.210000 271.033997
15455.500000 459.985046 1.210000 271.144012
15457.875000 460.186310 1.210000 271.243988
15463.125000 460.387573 1.210000 271.348999
15468.000000 460.589050 1.139000 271.438995
15470.375000 460.797974 1.139000 271.549011
15473.500000 461.007202 1.139000 271.648987
15476.000000 461.214661 1.139000 271.734009
15479.875000 461.419891 1.139000 271.838989
15480.875000 461.625580 1.139000 271.945007
15483.750000 461.625580 1.139000 272.036011
15486.500000 461.829498 1.139000 272.132996
15488.250000 462.030548 1.139000 272.239014
15497.750000 462.030548 1.139000 272.341003
15501.500000 462.152374 1.139000 272.450989
15504.500000 462.199371 1.139000 272.533997
15507.750000 462.213501 1.139000 272.644012
15509.625000 462.213501 1.350000 272.747986
15510.375000 462.213501 1.350000 272.838989
15512.500000 462.217987 1.350000 272.929993
15513.750000 462.217987 1.350000 273.033997
15515.750000 462.237274 1.350000 273.131012
15516.250000 462.237274 1.350000 273.239014
15516.250000 462.237274 1.350000 273.324005
15517.125000 462.281555 1.350000 273.433990
15519.125000 462.281555 1.350000 273.539001
15520.375000 462.281555 1.350000 273.645996
15522.750000 462.494598 1.350000 273.753998
15524.000000 462.494598 1.350000 273.855011
15525.250000 462.696198 1.350000 273.940002
15527.500000 462.904175 1.350000 274.044006
15529.500000 463.105225 1.340000 274.128998
15531.750000 463.308167 1.340000 274.255005
15535.000000 463.517059 1.340000 274.348999
15537.500000 463.728424 1.340000 274.444000
15540.125000 463.949005 1.340000 274.545013
15560.000000 464.152039 1.340000 274.649994
15562.625000 464.353546 1.340000 274.743988
15565.500000 464.353546 1.340000 274.848999
15569.500000 464.587250 1.340000 274.944000
15574.250000 464.805420 1.340000 275.039001
15576.500000 465.041779 1.340000 275.139008
15582.125000 465.242462 1.340000 275.223999
15586.875000 465.443695 1.340000 275.339996
15591.375000 465.664886 1.208000 275.449005
15598.250000 465.872253 1.208000 275.558014
15601.375000 466.073822 1.208000 275.653015
15618.000000 466.073822 1.208000 275.752991
15620.625000 466.279083 1.208000 275.842987
15625.000000 466.451843 1.208000 275.947998
15635.000000 466.591400 1.208000 276.053009
15644.375000 466.706085 1.208000 276.143005
15651.500000 466.775940 1.208000 276.240997
15659.125000 466.775940 1.208000 276.346985
15665.625000 466.816895 1.208000 276.441010
15675.000000 466.817169 1.208000 276.545990
15681.125000 466.817169 1.208000 276.625000
15687.750000 466.817169 1.169000 276.726013
15695.125000 466.817169 1.169000 276.835999
15698.875000 466.817169 1.169000 276.932007
15704.750000 466.817169 1.169000 277.050995
15706.375000 466.819489 1.169000 277.140991
15708.125000 466.819489 1.169000 277.235992
15708.500000 466.826141 1.169000 277.351013
15711.500000 466.826141 1.169000 277.442993
15714.750000 466.845459 1.169000 277.540985
15718.125000 466.845459 1.169000 277.651001
15721.500000 466.845459 1.169000 277.746002
15723.250000 466.845459 1.169000 277.841003
15724.875000 467.051117 1.169000 277.925995
15727.750000 467.253693 1.167000 278.040985
15729.375000 467.253693 1.167000 278.145996
15731.125000 467.462128 1.167000 278.242004
15732.125000 467.677490 1.167000 278.338013
15733.625000 467.878754 1.167000 278.436005
15737.125000 468.091888 1.167000 278.552002
15742.125000 468.300964 1.167000 278.645996
15745.875000 468.508331 1.167000 278.748993
15749.000000 468.709595 1.167000 278.854004
15751.125000 468.910706 1.167000 278.949005
15754.125000 469.112213 1.167000 279.053986
15756.125000 469.317902 1.167000 279.148010
15774.250000 469.519745 1.077000 279.253998
15778.125000 469.727264 1.077000 279.359009
15781.625000 469.937134 1.077000 279.434998
15785.375000 470.138214 1.077000 279.553986
15787.750000 470.353882 1.077000 279.644012
15791.250000 470.555511 1.077000 279.746002
15794.125000 470.762970 1.077000 279.843994
15796.625000 470.964691 1.077000 279.954010
15799.375000 471.165833 1.077000 280.049011
15801.625000 471.367096 1.077000 280.148987
15804.875000 471.578094 1.077000 280.244995
15806.250000 471.805664 1.077000 280.348999
15808.750000 472.011108 1.077000 280.445007
15811.500000 472.212524 1.303000 280.539001
15814.125000 472.419952 1.303000 280.657013
15817.500000 472.623199 1.303000 280.743988
15820.625000 472.826385 1.303000 280.838989
15823.375000 473.027740 1.303000 280.944000
15825.875000 473.228912 1.303000 281.044006
15827.500000 473.436035 1.303000 281.157013
15829.625000 473.641663 1.303000 281.264008
15831.375000 473.854950 1.303000 281.369995
15833.750000 474.058289 1.303000 281.463989
15836.625000 474.265625 1.303000 281.553986
15838.375000 474.265625 1.303000 281.645996
15842.375000 474.486877 1.303000 281.748993
15853.375000 474.688110 1.142000 281.859009
15856.250000 475.095856 1.142000 281.968994
15858.125000 475.095856 1.142000 282.044006
15860.875000 475.497803 1.142000 282.169006
15863.250000 475.497803 1.142000 282.259003
15865.125000 475.699066 1.142000 282.359009
15867.500000 476.103943 1.142000 282.470001
15869.000000 476.103943 1.142000 282.549988
15870.875000 476.305084 1.142000 282.664001
15873.125000 476.536438 1.142000 282.765015
15875.375000 476.737274 1.142000 282.865997
15877.375000 476.946655 1.142000 282.959015
15879.875000 477.147766 1.168000 283.058990
15882.125000 477.358521 1.168000 283.161011
15883.500000 477.559814 1.168000 283.264008
15885.500000 477.760925 1.168000 283.355988
15888.500000 477.974548 1.168000 283.464996
15890.250000 478.185852 1.168000 283.549011
15892.000000 478.395050 1.168000 283.664001
15893.750000 478.596191 1.168000 283.753998
15895.875000 478.797577 1.168000 283.843994
15897.375000 479.000854 1.168000 283.959015
15899.125000 479.205811 1.168000 284.057007
15901.000000 479.407318 1.168000 284.157013
15902.125000 479.610657 1.168000 284.253998
15903.750000 479.811951 1.168000 284.362000
15906.500000 480.028229 1.251000 284.441986
15908.625000 480.231293 1.251000 284.562012
15910.750000 480.436218 1.251000 284.648010
15912.625000 480.638306 1.251000 284.761993
15913.875000 480.638306 1.251000 284.852997
15915.250000 480.839874 1.251000 284.950012
15915.875000 480.839874 1.251000 285.056000
15916.625000 481.041840 1.251000 285.165985
15917.000000 481.041840 1.251000 285.260986
15918.250000 481.041840 1.251000 285.360992
15919.000000 481.041840 1.251000 285.457001
15919.375000 481.212677 1.251000 285.571991
15920.375000 481.212677 1.251000 285.671997
15921.000000 481.212677 1.251000 285.768005
15923.250000 481.212677 1.328000 285.856995
15924.000000 481.212677 1.328000 285.967987
15924.625000 481.388702 1.328000 286.053009
15925.750000 481.388702 1.328000 286.171997
15926.875000 481.588776 1.328000 286.272003
15928.000000 481.588776 1.328000 286.367004
15929.125000 481.789276 1.328000 286.453003
15930.250000 481.996002 1.328000 286.571991
15931.250000 482.213440 1.328000 286.670013
15932.375000 482.419128 1.328000 286.769012
15933.125000 482.620483 1.328000 286.873993
15934.250000 482.831543 1.328000 286.963989
15936.750000 483.032837 1.155000 287.076996
15938.625000 483.260162 1.155000 287.161987
15941.500000 483.461517 1.155000 287.272003
15943.750000 483.666962 1.155000 287.368988
15945.000000 483.876434 1.155000 287.477997
15946.500000 484.077576 1.155000 287.583008
15948.875000 484.278809 1.155000 287.648010
15951.875000 484.496338 1.155000 287.770996
15954.125000 484.697357 1.155000 287.876007
15956.625000 484.898773 1.155000 287.971008
15957.750000 485.100220 1.155000 288.050995
15958.500000 485.301697 1.155000 288.161011
15959.625000 485.523071 1.116000 288.281006
15961.375000 485.723633 1.116000 288.381012
15962.375000 485.924622 1.116000 288.480988
15963.500000 486.126099 1.116000 288.591003
15965.000000 486.337738 1.116000 288.686005
15968.125000 486.539337 1.116000 288.796997
15971.500000 486.746735 1.116000 288.884003
15973.750000 486.953888 1.116000 288.971985
15976.000000 486.953888 1.116000 289.062012
15979.000000 487.365814 1.116000 289.177002
15983.000000 487.365814 1.116000 289.252014
15984.875000 487.566925 1.116000 289.362000
15987.125000 487.971680 1.116000 289.477997
15989.000000 487.971680 1.225000 289.552002
15992.000000 488.180847 1.225000 289.661987
15996.500000 488.582611 1.225000 289.782013
16001.625000 488.582611 1.225000 289.872009
16006.250000 488.785797 1.225000 289.973999
16010.500000 489.190247 1.225000 290.088989
16013.125000 489.391632 1.225000 290.183990
16014.875000 489.391632 1.225000 290.266998
16017.875000 489.596649 1.225000 290.376007
16020.500000 489.807739 1.225000 290.480988
16022.750000 490.009033 1.225000 290.571014
16024.750000 490.210327 1.225000 290.665985
16026.250000 490.612793 1.225000 290.795990
16030.250000 490.612793 1.105000 290.888000
16034.125000 490.824310 1.105000 290.976013
16035.375000 491.025665 1.105000 291.067993
16037.375000 491.231354 1.105000 291.195007
16039.250000 491.436615 1.105000 291.281006
16041.625000 491.645966 1.105000 291.390991
16048.750000 491.891266 1.105000 291.480988
16052.000000 492.120819 1.105000 291.591003
16054.250000 492.323700 1.105000 291.675995
16060.125000 492.526733 1.105000 291.786011
16062.875000 492.735931 1.105000 291.881012
16064.875000 492.936859 1.105000 291.976013
16087.125000 493.150726 1.122000 292.071991
16090.500000 493.352234 1.122000 292.182007
16095.000000 493.352234 1.122000 292.277008
16097.625000 493.761749 1.122000 292.391998
16099.500000 493.964996 1.122000 292.488007
16101.250000 493.964996 1.122000 292.576996
16104.750000 494.174377 1.122000 292.647003
16108.625000 494.383392 1.122000 292.790009
16111.375000 494.602539 1.122000 292.880005
16113.250000 494.803650 1.122000 292.983002
16115.625000 495.005096 1.122000 293.052002
16119.000000 495.210175 1.122000 293.171997
16129.125000 495.411438 1.127000 293.282013
16132.500000 495.611694 1.127000 293.372009
16135.125000 495.816406 1.127000 293.493011
16142.875000 496.070435 1.127000 293.596985
16144.875000 496.295990 1.127000 293.673004
16146.625000 496.509583 1.127000 293.781006
16148.625000 496.711060 1.127000 293.875000
16150.250000 496.912292 1.127000 293.959991
16153.875000 497.113770 1.127000 294.059998
16155.500000 497.314911 1.127000 294.170013
16157.000000 497.520355 1.127000 294.274994
16158.750000 497.721771 1.127000 294.391998
16160.625000 497.928833 1.127000 294.484985
16164.625000 498.138123 1.134000 294.579987
16167.000000 498.138123 1.134000 294.660004
16174.875000 498.347534 1.134000 294.760010
16177.750000 498.749695 1.134000 294.885010
16181.875000 498.950897 1.134000 294.984985
16184.625000 498.950897 1.134000 295.071991
16187.500000 499.357788 1.134000 295.191986
16190.500000 499.357788 1.134000 295.265015
16192.125000 499.766052 1.134000 295.385010
16193.375000 499.966949 1.134000 295.484985
16194.625000 500.172485 1.134000 295.587006
16195.750000 500.172485 1.134000 295.684998
16197.000000 500.390564 1.125000 295.785004
16199.250000 500.591522 1.125000 295.875000
16200.875000 500.993561 1.125000 295.994995
16201.875000 500.993561 1.125000 296.084991
16205.375000 501.195068 1.125000 296.183014
16207.875000 501.401764 1.125000 296.278015
16211.125000 501.605133 1.125000 296.363007
16212.875000 501.816254 1.125000 296.468994
16215.125000 502.037720 1.125000 296.584015
16216.875000 502.238831 1.125000 296.696991
16220.000000 502.480225 1.125000 296.783997
16221.625000 502.693176 1.125000 296.880005
16223.375000 502.912628 1.125000 296.987000
16231.125000 503.119812 1.147000 297.092010
16234.000000 503.339294 1.147000 297.195007
16235.875000 503.542175 1.147000 297.294006
16236.875000 503.745636 1.147000 297.388000
16238.250000 503.969147 1.147000 297.494995
16239.875000 504.176514 1.147000 297.588013
16241.375000 504.377777 1.147000 297.678009
16243.625000 504.578918 1.147000 297.792999
16244.750000 504.780090 1.147000 297.888000
16246.500000 504.983398 1.147000 297.998993
16247.500000 505.192383 1.147000 298.088989
16248.500000 505.393494 1.147000 298.188995
16249.625000 505.595032 1.147000 298.282990
16255.000000 505.796753 1.144000 298.389008
16255.875000 505.796753 1.144000 298.488007
16256.375000 505.999237 1.144000 298.592987
16256.875000 506.200317 1.144000 298.687988
16257.875000 506.443817 1.144000 298.792999
16259.750000 506.653259 1.144000 298.888000
16261.750000 506.857697 1.144000 298.990997
16263.375000 507.058624 1.144000 299.088989
16265.875000 507.058624 1.144000 299.192993
16266.875000 507.259308 1.144000 299.283997
16267.750000 507.465393 1.144000 299.402008
16268.375000 507.465393 1.144000 299.467987
16270.000000 507.884979 1.144000 299.598999
16271.125000 508.098602 1.144000 299.690002
16272.125000 508.307587 1.338000 299.799011
16273.250000 508.307587 1.338000 299.888000
16274.250000 508.516968 1.338000 299.988007
16275.625000 508.718170 1.338000 300.088989
16276.750000 508.919403 1.338000 300.183990
16278.375000 509.172913 1.338000 300.282990
16280.000000 509.382080 1.338000 300.388000
16281.000000 509.585388 1.338000 300.493011
16281.875000 509.801025 1.338000 300.591003
16283.125000 510.002563 1.338000 300.681000
16284.125000 510.205933 1.338000 300.794006
16285.625000 510.407471 1.338000 300.890991
16287.250000 510.608490 1.338000 300.980988
16288.250000 510.877991 1.338000 301.091003
16293.250000 511.083282 1.262000 301.196991
16299.875000 511.287445 1.262000 301.298004
16301.500000 511.488037 1.262000 301.403015
16303.000000 511.488037 1.262000 301.476013
16304.250000 511.898895 1.262000 301.601990
16305.000000 512.108032 1.262000 301.696014
16305.625000 512.309204 1.262000 301.795990
16306.625000 512.510498 1.262000 301.895996
16308.250000 512.510498 1.262000 301.931000
16310.375000 512.741821 1.262000 302.040985
16311.500000 512.943237 1.262000 302.145996
16313.125000 513.144409 1.262000 302.226013
16342.125000 513.347778 1.008000 302.316986
16345.000000 513.549805 1.008000 302.433014
16346.250000 513.767029 1.008000 302.536011
16348.000000 513.972412 1.008000 302.631012
16349.125000 514.177490 1.008000 302.734985
16350.375000 514.378601 1.008000 302.839996
16352.500000 514.581482 1.008000 302.950989
16354.125000 514.782593 1.008000 303.036011
16357.250000 514.991516 1.008000 303.156006
16358.625000 514.991516 1.008000 303.240997
16360.125000 515.193359 1.008000 303.341003
16361.500000 515.396790 1.008000 303.436005
16363.375000 515.396790 1.008000 303.526001
16366.125000 515.597717 1.035000 303.614014
16367.000000 515.597717 1.035000 303.721008
16368.000000 515.801392 1.035000 303.817993
16368.750000 516.005615 1.035000 303.941986
16369.500000 516.215881 1.035000 304.020996
16370.000000 516.425781 1.035000 304.131012
16371.250000 516.627075 1.035000 304.226013
16372.500000 516.828430 1.035000 304.325989
16373.375000 517.029724 1.035000 304.432007
16375.625000 517.251526 1.035000 304.536011
16377.625000 517.452881 1.035000 304.631012
16380.750000 517.660156 1.035000 304.735992
16382.750000 517.869507 1.082000 304.835999
16384.125000 517.869507 1.082000 304.920990
16386.125000 518.281921 1.082000 305.042999
16387.500000 518.483215 1.082000 305.138000
16389.125000 518.690552 1.082000 305.230988
16392.125000 518.891785 1.082000 305.335999
16394.500000 519.093140 1.082000 305.436005
16396.250000 519.294556 1.082000 305.531006
16398.625000 519.495728 1.082000 305.635986
16399.500000 519.696899 1.082000 305.730988
16401.375000 519.898682 1.082000 305.835999
16404.375000 520.101685 1.082000 305.936005
16405.875000 520.101685 1.082000 306.026001
16410.375000 520.515076 1.040000 306.138000
16412.375000 520.515076 1.040000 306.216003
16413.625000 520.720703 1.040000 306.333008
16415.875000 521.125061 1.040000 306.441986
16418.375000 521.125061 1.040000 306.531006
16421.875000 521.326172 1.040000 306.615997
16423.750000 521.549011 1.040000 306.735992
16426.875000 521.752258 1.040000 306.816010
16444.875000 521.974182 1.040000 306.941010
16457.500000 521.974182 1.040000 307.020996
16461.500000 522.115417 1.040000 307.131989
16465.500000 522.319153 1.040000 307.260986
16466.750000 522.319153 1.040000 307.341003
16468.875000 522.524536 1.039000 307.446014
16472.125000 522.728027 1.039000 307.545990
16474.250000 522.937805 1.039000 307.643005
16477.625000 523.145691 1.039000 307.738007
16482.625000 523.350952 1.039000 307.845001
16486.000000 523.555969 1.039000 307.933014
16488.500000 523.757324 1.039000 308.036987
16489.875000 523.958740 1.039000 308.127014
16492.125000 524.159851 1.039000 308.243988
16494.875000 524.365112 1.039000 308.343994
16496.375000 524.571899 1.039000 308.432007
16498.375000 524.773132 1.039000 308.532013
16509.250000 524.973450 1.001000 308.636993
16512.250000 525.173523 1.001000 308.755005
16513.625000 525.380554 1.001000 308.852997
16514.875000 525.584045 1.001000 308.944000
16517.625000 525.785278 1.001000 309.049011
16519.875000 525.986389 1.001000 309.144012
16522.250000 526.187622 1.001000 309.243988
16523.375000 526.394958 1.001000 309.337006
16530.750000 526.394958 1.001000 309.441986
16539.000000 526.600830 1.001000 309.516998
16541.250000 526.779541 1.001000 309.636993
16546.500000 526.940063 1.001000 309.742004
16551.500000 527.057312 1.001000 309.837006
16560.000000 527.057312 1.016000 309.941986
16574.250000 527.057312 1.016000 310.039001
16579.375000 527.205933 1.016000 310.139008
16582.250000 527.207275 1.016000 310.234985
16587.250000 527.207275 1.016000 310.338989
16590.625000 527.207275 1.016000 310.444000
16592.375000 527.207275 1.016000 310.539001
16594.500000 527.207275 1.016000 310.639008
16599.875000 527.207275 1.016000 310.743988
16602.625000 527.207275 1.016000 310.838989
16604.375000 527.207275 1.016000 310.944000
16605.250000 527.207275 1.016000 311.039001
16609.625000 527.207275 0.925000 311.144989
16610.625000 527.207275 0.925000 311.234009
16612.000000 527.210144 0.925000 311.319000
16612.500000 527.210144 0.925000 311.433990
16613.625000 527.210144 0.925000 311.539001
16614.250000 527.261780 0.925000 311.634003
16615.000000 527.261780 0.925000 311.737000
16615.625000 527.344543 0.925000 311.842010
16616.500000 527.344543 0.925000 311.950012
16617.250000 527.344543 0.925000 312.040009
16617.875000 527.567322 0.925000 312.144989
16618.125000 527.767395 0.925000 312.244995
16622.000000 527.767395 0.906000 312.345001
16625.750000 527.975342 0.906000 312.440002
16626.250000 528.179626 0.906000 312.546997
16626.625000 528.382812 0.906000 312.649994
16627.125000 528.592102 0.906000 312.737000
16628.125000 528.793274 0.906000 312.842010
16628.750000 529.012512 0.906000 312.950989
16629.125000 529.213745 0.906000 313.045990
16630.375000 529.435242 0.906000 313.151001
16631.000000 529.646362 0.906000 313.256012
16631.500000 529.646362 0.906000 313.332001
16631.625000 530.056824 0.906000 313.441986
16634.625000 530.260315 0.969000 313.541992
16635.000000 530.260315 0.969000 313.641998
16635.750000 530.469055 0.969000 313.742004
16636.125000 530.669800 0.969000 313.837006
16636.750000 530.901123 0.969000 313.937012
16637.250000 531.122314 0.969000 314.027008
16638.125000 531.323181 0.969000 314.149994
16641.625000 531.526184 0.969000 314.242004
16643.250000 531.734375 0.969000 314.342010
16648.250000 531.914551 0.969000 314.441986
16650.750000 532.056213 0.969000 314.536987
16656.875000 532.165039 0.969000 314.635010
16658.000000 532.165039 0.926000 314.730011
16660.875000 532.244995 0.926000 314.846985
16667.250000 532.290222 0.926000 314.957001
16668.375000 532.304688 0.926000 315.024994
16674.375000 532.304688 0.926000 315.144989
16675.125000 532.304688 0.926000 315.226013
16698.750000 532.304688 0.926000 315.360992
16699.250000 532.304688 0.926000 315.440002
16700.875000 532.304810 0.926000 315.554993
16701.625000 532.304810 0.926000 315.652008
16702.250000 532.309875 0.926000 315.739990
16703.125000 532.309875 0.929000 315.846008
16703.375000 532.320190 0.929000 315.941010
16703.875000 532.320190 0.929000 316.040985
16704.375000 532.320190 0.929000 316.141998
16704.750000 532.320190 0.929000 316.242004
16704.875000 532.523499 0.929000 316.351013
16705.375000 532.724548 0.929000 316.436005
16705.375000 532.724548 0.929000 316.540985
16705.500000 532.929016 0.929000 316.644012
16706.125000 533.129944 0.929000 316.752014
16706.375000 533.353577 0.929000 316.829010
16706.625000 533.564697 0.929000 316.949005
16709.125000 533.783630 0.908000 317.049988
16709.375000 533.992065 0.908000 317.132996
16710.000000 534.193420 0.908000 317.243011
16710.125000 534.404663 0.908000 317.333008
16710.500000 534.605774 0.908000 317.437988
16711.000000 534.809021 0.908000 317.548004
16711.125000 535.022339 0.908000 317.643005
16711.875000 535.229614 0.908000 317.748993
16711.875000 535.430542 0.908000 317.838013
16712.375000 535.658020 0.908000 317.942993
16712.375000 535.867126 0.908000 318.032990
16712.375000 536.068665 0.908000 318.154999
16713.750000 536.277893 0.912000 318.238007
16713.750000 536.484436 0.912000 318.342987
16713.875000 536.685791 0.912000 318.447998
16714.000000 536.887207 0.912000 318.542999
16714.500000 537.088623 0.912000 318.644989
16714.750000 537.088623 0.912000 318.737000
16715.875000 537.498840 0.912000 318.856995
16717.750000 537.498840 0.912000 318.944000
16725.500000 537.704712 0.912000 319.050995
16727.250000 537.889832 0.912000 319.156006
16734.375000 538.072632 0.912000 319.256012
16740.500000 538.201538 0.912000 319.352997
16762.875000 538.283081 0.915000 319.454010
16765.875000 538.333191 0.915000 319.549011
16770.625000 538.351196 0.915000 319.662994
16772.875000 538.351196 0.915000 319.757996
16776.625000 538.351318 0.915000 319.850006
16780.625000 538.351318 0.915000 319.945007
16783.000000 538.351318 0.915000 320.057007
16789.250000 538.351318 0.915000 320.161987
16791.500000 538.351318 0.915000 320.244995
16792.000000 538.351318 0.915000 320.355011
16793.000000 538.351318 0.915000 320.434998
16795.000000 538.351318 0.915000 320.550995
16798.250000 538.351318 0.915000 320.651001
16799.625000 538.351318 0.955000 320.750000
16800.750000 538.351318 0.955000 320.850006
16801.125000 538.351318 0.955000 320.950012
16801.500000 538.351318 0.955000 321.054993
16801.750000 538.351318 0.955000 321.145996
16802.750000 538.352173 0.955000 321.250000
16803.000000 538.352173 0.955000 321.345001
16803.625000 538.352173 0.955000 321.445007
16804.500000 538.373962 0.955000 321.552002
16804.750000 538.373962 0.955000 321.644989
16804.875000 538.404724 0.955000 321.750000
16806.750000 538.404724 0.881000 321.858002
16807.375000 538.404724 0.881000 321.954987
16807.875000 538.404724 0.881000 322.059998
16808.750000 538.404724 0.881000 322.148010
16809.125000 538.605957 0.881000 322.238007
16810.250000 538.812561 0.881000 322.342987
16811.000000 538.812561 0.881000 322.447998
16812.125000 539.015564 0.881000 322.544006
16812.375000 539.232117 0.881000 322.664001
16812.625000 539.433228 0.881000 322.748993
16813.750000 539.634583 0.881000 322.829010
16814.125000 539.836121 0.881000 322.933990
16814.875000 540.036499 0.865000 323.049011
16816.625000 540.260071 0.865000 323.148987
16817.625000 540.487549 0.865000 323.243988
16818.625000 540.698547 0.865000 323.348999
16819.375000 540.899597 0.865000 323.445007
16820.750000 541.101074 0.865000 323.549011
16822.625000 541.302307 0.865000 323.644012
16824.500000 541.515625 0.865000 323.748993
16825.250000 541.730652 0.865000 323.842010
16826.125000 541.931763 0.865000 323.959015
16827.375000 541.931763 0.865000 324.040009
16829.625000 542.348328 0.865000 324.158997
16830.875000 542.348328 0.958000 324.234009
16832.750000 542.749878 0.958000 324.354004
16834.500000 542.955017 0.958000 324.450989
16835.750000 542.955017 0.958000 324.533997
16836.875000 543.368896 0.958000 324.661987
16838.250000 543.570251 0.958000 324.761993
16840.125000 543.771729 0.958000 324.862000
16841.125000 543.977417 0.958000 324.959015
16842.375000 544.180786 0.958000 325.059998
16843.750000 544.180786 0.958000 325.148987
16844.875000 544.382080 0.958000 325.247009
16846.250000 544.627319 0.958000 325.359009
16850.375000 544.832764 0.912000 325.458008
16851.250000 545.041992 0.912000 325.537994
16854.000000 545.251770 0.912000 325.661987
16854.625000 545.455078 0.912000 325.766998
16857.125000 545.664795 0.912000 325.851013
16857.750000 545.866333 0.912000 325.946014
16858.625000 546.075623 0.912000 326.039001
16859.500000 546.276855 0.912000 326.160004
16860.375000 546.486206 0.912000 326.250000
16861.375000 546.687805 0.912000 326.364990
16862.125000 546.889038 0.912000 326.466003
16862.750000 547.106018 0.912000 326.562988
16867.500000 547.307251 0.950000 326.643005
16868.625000 547.513306 0.950000 326.763000
16870.250000 547.740967 0.950000 326.860992
16871.375000 547.942322 0.950000 326.955994
16872.375000 548.143738 0.950000 327.057007
16873.125000 548.143738 0.950000 327.131012
16873.875000 548.598755 0.950000 327.266998
16875.000000 548.598755 0.950000 327.351013
16876.250000 548.807922 0.950000 327.446014
16876.875000 549.011230 0.950000 327.550995
16878.000000 549.220642 0.950000 327.656006
16878.750000 549.421936 0.950000 327.756012
16880.750000 549.653259 0.973000 327.851013
16881.750000 549.854431 0.973000 327.951996
16882.375000 550.055664 0.973000 328.040985
16883.500000 550.257202 0.973000 328.156006
16884.000000 550.458252 0.973000 328.265991
16885.250000 550.659424 0.973000 328.360992
16887.125000 550.860718 0.973000 328.455994
16887.875000 551.061951 0.973000 328.561005
16889.875000 551.263550 0.973000 328.651001
16891.125000 551.464661 0.973000 328.752014
16892.375000 551.675781 0.973000 328.851013
16893.375000 551.877136 0.973000 328.950989
16893.875000 552.078491 0.973000 329.045990
16912.875000 552.280029 0.952000 329.166992
16913.500000 552.497192 0.952000 329.252014
16915.000000 552.702454 0.952000 329.343994
16916.500000 552.905334 0.952000 329.458008
16918.125000 553.106506 0.952000 329.545013
16919.625000 553.307495 0.952000 329.657990
16923.125000 553.516724 0.952000 329.757996
16926.125000 553.716980 0.952000 329.858002
16928.500000 553.917480 0.952000 329.937988
16931.125000 554.085144 0.952000 330.044006
16936.125000 554.219604 0.952000 330.153015
16937.875000 554.219604 0.952000 330.252991
16940.125000 554.318726 0.906000 330.354004
16942.000000 554.392639 0.906000 330.447998
16943.875000 554.426270 0.906000 330.548004
16944.750000 554.430786 0.906000 330.649994
16945.875000 554.430786 0.906000 330.752991
16948.000000 554.430786 0.906000 330.852997
16952.125000 554.430786 0.906000 330.954987
16960.000000 554.430786 0.906000 331.063995
16962.250000 554.430786 0.906000 331.158997
16963.250000 554.430786 0.906000 331.238007
16965.125000 554.430786 0.906000 331.358002
16968.125000 554.430786 0.906000 331.454010
16969.375000 554.430786 0.957000 331.548004
16973.625000 554.430786 0.957000 331.662994
16976.250000 554.430786 0.957000 331.748993
16976.625000 554.430786 0.957000 331.858002
16977.500000 554.430786 0.957000 331.953003
16979.875000 554.430786 0.957000 332.062988
16980.375000 554.430786 0.957000 332.158997
16982.250000 554.430786 0.957000 332.263000
16982.625000 554.444397 0.957000 332.342987
16983.000000 554.444397 0.957000 332.463013
16983.375000 554.444397 0.957000 332.542999
16983.875000 554.444397 0.957000 332.664001
16984.625000 554.611694 0.957000 332.757996
16985.250000 554.611694 0.931000 332.856995
16986.125000 554.818665 0.931000 332.957001
16987.125000 555.021362 0.931000 333.049011
16988.250000 555.223572 0.931000 333.157013
16989.500000 555.424316 0.931000 333.252014
16990.250000 555.625488 0.931000 333.367004
16991.250000 555.830383 0.931000 333.463989
16992.750000 556.067993 0.931000 333.552002
16993.750000 556.269287 0.931000 333.652008
16994.375000 556.470764 0.931000 333.761993
16994.500000 556.681763 0.931000 333.858002
16996.000000 556.899353 0.931000 333.964996
16998.875000 557.100464 1.007000 334.059998
16999.750000 557.100464 1.007000 334.149994
17001.000000 557.338196 1.007000 334.266998
17001.750000 557.539185 1.007000 334.354004
17002.750000 557.754028 1.007000 334.454987
17003.375000 557.954529 1.007000 334.556000
17004.000000 558.159912 1.007000 334.670013
17004.500000 558.379395 1.007000 334.760010
17005.000000 558.580811 1.007000 334.855011
17005.375000 558.792664 1.007000 334.945007
17005.750000 558.993958 1.007000 335.066010
17006.250000 559.195557 1.007000 335.164001
17006.375000 559.396790 1.007000 335.255005
17007.875000 559.600098 1.084000 335.345001
17012.750000 559.804138 1.084000 335.440002
17013.500000 560.013245 1.084000 335.569000
17014.000000 560.214722 1.084000 335.669006
17014.125000 560.417969 1.084000 335.765015
17014.375000 560.619202 1.084000 335.855011
17014.750000 560.820435 1.084000 335.950989
17016.000000 561.021790 1.084000 336.071991
17016.125000 561.226868 1.084000 336.166992
17016.375000 561.436035 1.084000 336.265991
17017.250000 561.647034 1.084000 336.355988
17018.250000 561.852356 1.084000 336.463013
17018.500000 562.053467 0.940000 336.572998
17019.750000 562.267639 0.940000 336.649994
17020.250000 562.480957 0.940000 336.750000
17020.750000 562.689941 0.940000 336.855011
17021.750000 562.903076 0.940000 336.959991
17023.125000 563.104675 0.940000 337.066010
17024.375000 563.310181 0.940000 337.153015
17025.875000 563.511414 0.940000 337.256989
17027.125000 563.712646 0.940000 337.358002
17030.250000 563.914062 0.940000 337.475006
17032.250000 564.119202 0.940000 337.554993
17036.375000 564.325989 0.940000 337.662994
17040.875000 564.527222 0.940000 337.763000
17057.375000 564.728088 0.986000 337.858002
17066.000000 564.930176 0.986000 337.971985
17073.875000 565.131409 0.986000 338.057007
17087.125000 565.336731 0.986000 338.164001
17096.000000 565.545776 0.986000 338.263000
17107.250000 565.747314 0.986000 338.372986
17115.250000 565.952332 0.986000 338.475006
17130.250000 566.155701 0.986000 338.570007
17138.875000 566.155701 0.986000 338.652008
17147.125000 566.358215 0.986000 338.772003
17153.375000 566.562317 0.986000 338.878998
17157.500000 566.562317 0.986000 338.967987
17162.500000 566.562317 0.953000 339.050995
17165.500000 566.763733 0.953000 339.157990
17170.250000 566.763733 0.953000 339.273987
17175.125000 566.883301 0.953000 339.368988
17177.125000 566.883301 0.953000 339.484009
17180.375000 566.883301 0.953000 339.574005
17183.750000 567.088318 0.953000 339.669006
17187.875000 567.294128 0.953000 339.778015
17193.500000 567.294128 0.953000 339.855988
17197.375000 567.700562 0.953000 339.976013
17201.375000 567.910156 0.953000 340.079987
17204.625000 568.111389 0.953000 340.179993
17210.875000 568.312866 0.936000 340.279999
17217.000000 568.312866 0.936000 340.368011
17222.375000 568.542297 0.936000 340.468994
17228.000000 568.744080 0.936000 340.569000
17231.125000 568.945435 0.936000 340.648987
17234.250000 569.150818 0.936000 340.760986
17239.375000 569.359924 0.936000 340.873993
17241.750000 569.563049 0.936000 340.973999
17245.500000 569.770569 0.936000 341.063995
17251.500000 569.971558 0.936000 341.164001
17254.250000 570.172913 0.936000 341.273010
17259.125000 570.374207 0.936000 341.364014
17261.250000 570.575134 0.936000 341.459015
17269.375000 570.778809 0.991000 341.563995
17274.875000 570.983459 0.991000 341.674011
17279.000000 571.184143 0.991000 341.769012
17285.625000 571.385437 0.991000 341.868988
17290.250000 571.586426 0.991000 341.963989
17294.750000 571.787537 0.991000 342.063995
17296.500000 571.997131 0.991000 342.157990
17301.750000 572.202148 0.991000 342.259003
17306.625000 572.428589 0.991000 342.348999
17324.750000 572.628418 0.991000 342.479004
17328.375000 572.796936 0.991000 342.565002
17335.875000 572.929626 0.991000 342.671997
17340.500000 572.929626 0.991000 342.773987
17346.125000 573.030701 1.044000 342.875000
17348.625000 573.030701 1.044000 342.967987
17353.750000 573.143433 1.044000 343.071014
17358.750000 573.143433 1.044000 343.170990
17360.125000 573.143799 1.044000 343.240997
17361.125000 573.143799 1.044000 343.351013
17362.625000 573.143799 1.044000 343.468994
17367.500000 573.143799 1.044000 343.566010
17370.625000 573.143799 1.044000 343.661011
17372.125000 573.143799 1.044000 343.777008
17375.625000 573.143799 1.044000 343.854004
17375.625000 573.143799 1.044000 343.971985
17383.750000 573.143799 0.995000 344.071991
17384.500000 573.143799 0.995000 344.161987
17387.375000 573.143799 0.995000 344.266998
17388.125000 573.143799 0.995000 344.362000
17389.375000 573.144836 0.995000 344.467010
17390.125000 573.144836 0.995000 344.549988
17391.375000 573.144836 0.995000 344.652008
17394.375000 573.144836 0.995000 344.769012
17396.000000 573.337402 0.995000 344.862000
17398.500000 573.337402 0.995000 344.963013
17400.000000 573.554810 0.995000 345.066986
17401.875000 573.757996 0.995000 345.170013
17404.625000 573.958679 0.950000 345.252014
17407.625000 574.171753 0.950000 345.356995
17410.875000 574.374878 0.950000 345.462006
17413.875000 574.582520 0.950000 345.566986
17418.625000 574.793762 0.950000 345.666992
17422.750000 574.994873 0.950000 345.766998
17426.250000 575.196106 0.950000 345.862000
17430.875000 575.397339 0.950000 345.967010
17434.750000 575.598389 0.950000 346.066986
17438.000000 575.799622 0.950000 346.171997
17441.750000 576.000916 0.950000 346.261993
17443.500000 576.202148 0.950000 346.377014
17449.000000 576.402344 0.937000 346.471985
17453.500000 576.604248 0.937000 346.562012
17456.250000 576.815674 0.937000 346.677002
17459.250000 577.018860 0.937000 346.777008
17461.875000 577.230103 0.937000 346.877014
17465.625000 577.441406 0.937000 346.971985
17469.750000 577.650635 0.937000 347.071991
17472.500000 577.853821 0.937000 347.173004
17477.375000 578.065430 0.937000 347.278015
17481.750000 578.065430 0.937000 347.372009
17484.250000 578.294739 0.937000 347.471985
17487.500000 578.508240 0.937000 347.576996
17493.500000 578.717651 0.906000 347.661987
17499.250000 578.924316 0.906000 347.761993
17504.750000 579.124817 0.906000 347.872009
17512.000000 579.325867 0.906000 347.988007
17519.125000 579.529602 0.906000 348.083008
17524.875000 579.744873 0.906000 348.157013
17530.375000 579.950134 0.906000 348.277008
17536.250000 580.151489 0.906000 348.356995
17541.875000 580.356628 0.906000 348.470001
17545.750000 580.584351 0.906000 348.582001
17549.625000 580.785767 0.906000 348.677002
17553.500000 580.989258 0.906000 348.752014
17558.500000 581.228699 0.906000 348.881012
17563.500000 581.428772 1.071000 348.981995
17569.000000 581.631409 1.071000 349.066986
17572.750000 581.832703 1.071000 349.171997
17575.875000 582.033752 1.071000 349.277008
17580.000000 582.234863 1.071000 349.362000
17582.500000 582.436157 1.071000 349.477997
17585.375000 582.637817 1.071000 349.566986
17588.250000 582.841309 1.071000 349.657990
17590.500000 583.052856 1.071000 349.782990
17595.000000 583.253906 1.071000 349.877991
17597.625000 583.455261 1.071000 349.979004
17601.375000 583.658813 1.071000 350.067993
17608.250000 583.865234 1.048000 350.173004
17612.375000 584.069031 1.048000 350.278015
17617.125000 584.274353 1.048000 350.380005
17620.000000 584.475464 1.048000 350.475006
17624.875000 584.682922 1.048000 350.578003
17628.375000 584.682922 1.048000 350.667999
17632.500000 584.924255 1.048000 350.782990
17639.125000 585.125244 1.048000 350.878998
17642.500000 585.328369 1.048000 350.981995
17648.250000 585.529358 1.048000 351.072998
17657.250000 585.730591 1.048000 351.157990
17660.375000 585.940308 1.048000 351.257996
17665.375000 586.145325 1.048000 351.358002
17668.125000 586.352478 0.978000 351.488007
17671.750000 586.554260 0.978000 351.578003
17675.500000 586.755554 0.978000 351.687988
17678.750000 586.956909 0.978000 351.782990
17682.875000 587.158142 0.978000 351.863007
17685.375000 587.359253 0.978000 351.984985
17689.250000 587.564392 0.978000 352.072998
17694.250000 587.771606 0.978000 352.183990
17698.750000 587.977051 0.978000 352.285004
17704.375000 588.186279 0.978000 352.372986
17707.125000 588.399475 0.978000 352.472992
17710.875000 588.606873 0.992000 352.578003
17714.125000 588.809448 0.992000 352.673004
17717.000000 589.028870 0.992000 352.760986
17723.125000 589.229858 0.992000 352.895996
17726.750000 589.437561 0.992000 352.988007
17731.625000 589.646606 0.992000 353.084991
17736.875000 589.847778 0.992000 353.190002
17739.750000 590.069397 0.992000 353.274994
17744.875000 590.280579 0.992000 353.380005
17749.375000 590.481567 0.992000 353.480011
17753.875000 590.690308 0.992000 353.584015
17757.625000 590.903320 0.992000 353.695007
17759.875000 591.104675 0.977000 353.785004
17764.250000 591.305542 0.977000 353.885010
17769.125000 591.512512 0.977000 353.988007
17772.500000 591.713745 0.977000 354.078003
17776.000000 591.914917 0.977000 354.187988
17777.875000 592.116028 0.977000 354.289001
17793.125000 592.335266 0.977000 354.386993
17798.500000 592.538208 0.977000 354.497986
17803.500000 592.739563 0.977000 354.592987
17811.250000 592.944946 0.977000 354.695007
17816.250000 593.145752 0.977000 354.790009
17822.125000 593.145752 0.977000 354.869995
17827.250000 593.547852 0.977000 354.997986
17834.125000 593.748352 1.007000 355.089996
17842.125000 593.949768 1.007000 355.190002
17847.750000 594.150757 1.007000 355.295013
17852.500000 594.351562 1.007000 355.390015
17856.625000 594.552612 1.007000 355.494995
17861.250000 594.754089 1.007000 355.589996
17865.500000 594.955627 1.007000 355.690002
17867.875000 595.157288 1.007000 355.785004
17872.375000 595.157288 1.007000 355.876007
17875.875000 595.562073 1.007000 355.990997
17879.625000 595.763306 1.007000 356.091003
17882.250000 595.763306 1.007000 356.181000
17899.000000 596.164795 0.978000 356.298004
17903.500000 596.164795 0.978000 356.342987
17907.750000 596.367004 0.978000 356.437988
17912.750000 596.568359 0.978000 356.526001
17917.375000 596.774048 0.978000 356.630005
17919.875000 596.984924 0.978000 356.739990
17923.125000 597.209900 0.978000 356.842010
17925.000000 597.411133 0.978000 356.946991
17930.250000 597.612244 0.978000 357.036987
17934.750000 597.819580 0.978000 357.130005
17936.875000 598.020630 0.978000 357.221985
17938.250000 598.221497 0.978000 357.329987
17943.500000 598.435059 0.978000 357.441010
17946.625000 598.642517 0.984000 357.540985
17950.625000 598.642517 0.984000 357.626007
17954.375000 598.910522 0.984000 357.721008
17957.625000 599.113953 0.984000 357.846985
17962.000000 599.324829 0.984000 357.946991
17965.500000 599.526978 0.984000 358.033997
17968.750000 599.731812 0.984000 358.144989
17973.750000 599.731812 0.984000 358.229004
17976.250000 599.933655 0.984000 358.324005
17978.000000 600.136780 0.984000 358.433990
17982.375000 600.368530 0.984000 358.516998
17986.500000 600.574036 0.984000 358.631012
17990.875000 600.781372 0.967000 358.739990
17994.125000 600.982788 0.967000 358.824005
17998.250000 601.192322 0.967000 358.941010
18003.000000 601.397766 0.967000 359.027008
18008.375000 601.600830 0.967000 359.141998
18012.875000 601.808228 0.967000 359.218994
18016.250000 602.017639 0.967000 359.329010
18020.625000 602.223145 0.967000 359.431000
18023.875000 602.424377 0.967000 359.519012
18025.750000 602.641663 0.967000 359.639008
18028.750000 602.842712 0.967000 359.734009
18031.250000 603.054443 0.967000 359.819000
18036.000000 603.255371 1.039000 359.933990
18039.000000 603.475586 1.039000 360.032013
18041.375000 603.684692 1.039000 360.145996
18043.500000 603.887939 1.039000 360.235992
18045.625000 604.091064 1.039000 360.346985
18048.000000 604.302429 1.039000 360.425995
18049.875000 604.511841 1.039000 360.531006
18051.625000 604.713257 1.039000 360.626007
18053.750000 604.914368 1.039000 360.735992
18056.375000 605.117859 1.039000 360.846985
18058.250000 605.319031 1.039000 360.936005
18060.250000 605.528564 1.039000 361.031006
18061.625000 605.528564 1.007000 361.126007
18064.375000 605.953186 1.007000 361.242004
18067.000000 605.953186 1.007000 361.335999
18070.375000 606.168518 1.007000 361.446014
18073.875000 606.378296 1.007000 361.536987
18078.000000 606.585571 1.007000 361.635986
18081.000000 606.786987 1.007000 361.751007
18085.500000 606.992188 1.007000 361.825989
18090.000000 607.209473 1.007000 361.929993
18092.125000 607.420959 1.007000 362.026001
18094.500000 607.622131 1.007000 362.127014
18098.375000 607.825012 1.007000 362.242004
18106.000000 608.030579 0.925000 362.343994
18110.625000 608.230652 0.925000 362.454010
18113.125000 608.431396 0.925000 362.544006
18115.375000 608.636719 0.925000 362.648987
18120.625000 608.838013 0.925000 362.735992
18125.875000 609.039001 0.925000 362.841003
18130.750000 609.248108 0.925000 362.953003
18134.125000 609.455566 0.925000 363.053009
18135.875000 609.658691 0.925000 363.148987
18138.125000 609.863892 0.925000 363.246002
18141.000000 610.065491 0.925000 363.334991
18144.000000 610.266663 0.925000 363.450989
18145.750000 610.468018 0.976000 363.540985
18147.875000 610.669006 0.976000 363.640991
18150.125000 610.890137 0.976000 363.735992
18151.250000 611.111328 0.976000 363.825989
18153.750000 611.316650 0.976000 363.950989
18155.375000 611.523804 0.976000 364.041992
18162.000000 611.737488 0.976000 364.136993
18165.750000 611.947021 0.976000 364.231995
18167.625000 612.150513 0.976000 364.326996
18172.375000 612.367615 0.976000 364.434998
18175.625000 612.367615 0.976000 364.524994
18177.625000 612.791992 0.976000 364.640991
18179.375000 613.005249 0.976000 364.747009
18181.250000 613.005249 1.029000 364.829987
18183.875000 613.212830 1.029000 364.946014
18187.125000 613.413452 1.029000 365.040009
18192.875000 613.618652 1.029000 365.151001
18195.750000 613.865601 1.029000 365.244995
18197.125000 614.066711 1.029000 365.350006
18199.750000 614.273560 1.029000 365.453003
18203.375000 614.475220 1.029000 365.526001
18206.875000 614.678528 1.029000 365.631012
18213.000000 614.879517 1.029000 365.744995
18216.000000 615.080200 1.029000 365.850006
18218.875000 615.281555 1.029000 365.959015
18220.250000 615.491028 1.029000 366.049011
18221.875000 615.692261 1.048000 366.131012
18224.500000 615.895569 1.048000 366.250000
18228.000000 616.096558 1.048000 366.339996
18231.750000 616.297913 1.048000 366.445007
18234.250000 616.499268 1.048000 366.524994
18237.375000 616.700500 1.048000 366.640015
18241.250000 616.905762 1.048000 366.747009
18245.500000 617.107239 1.048000 366.842010
18249.625000 617.308472 1.048000 366.932007
18255.250000 617.513916 1.048000 367.046997
18260.375000 617.721252 1.048000 367.136993
18264.875000 617.952454 1.048000 367.226990
18273.375000 618.153381 0.974000 367.321991
18279.625000 618.364075 0.974000 367.433014
18284.375000 618.565063 0.974000 367.546997
18287.750000 618.765991 0.974000 367.652008
18290.125000 618.967102 0.974000 367.738007
18292.500000 619.168213 0.974000 367.846985
18295.625000 619.371338 0.974000 367.941986
18299.500000 619.582336 0.974000 368.042999
18302.250000 619.791260 0.974000 368.131989
18306.000000 619.791260 0.974000 368.220001
18308.875000 620.195923 0.974000 368.350006
18313.375000 620.397095 0.974000 368.437988
18318.500000 620.616882 0.991000 368.557007
18322.625000 620.818054 0.991000 368.647003
18329.125000 621.019165 0.991000 368.756989
18334.250000 621.220398 0.991000 368.856995
18338.750000 621.425415 0.991000 368.949005
18343.500000 621.634583 0.991000 369.042999
18346.625000 621.634583 0.991000 369.136993
18350.875000 621.846008 0.991000 369.231995
18354.750000 622.055420 0.991000 369.342010
18359.625000 622.256775 0.991000 369.437012
18365.625000 622.462158 0.991000 369.536987
18373.625000 622.870789 0.991000 369.666992
18394.000000 622.870789 0.981000 369.747986
18404.125000 623.089417 0.981000 369.842010
18413.500000 623.295410 0.981000 369.937012
18424.125000 623.496521 0.981000 370.032013
18437.500000 623.697449 0.981000 370.136993
18449.000000 623.898560 0.981000 370.237000
18460.375000 624.099792 0.981000 370.329010
18472.500000 624.301208 0.981000 370.427002
18484.000000 624.502441 0.981000 370.548004
18495.875000 624.703491 0.981000 370.641998
18507.625000 624.906738 0.981000 370.742004
18518.875000 625.116089 0.981000 370.846985
18540.625000 625.317322 1.004000 370.946991
18556.250000 625.526550 1.004000 371.046997
18571.375000 625.733887 1.004000 371.152008
18583.750000 625.934998 1.004000 371.247009
18596.000000 626.136108 1.004000 371.342010
18609.500000 626.339355 1.004000 371.451996
18622.250000 626.559204 1.004000 371.546997
18642.250000 626.812195 1.004000 371.654999
18654.250000 626.812195 1.004000 371.751007
18665.625000 627.040344 1.004000 371.841003
18686.875000 627.243103 1.004000 371.925995
18698.250000 627.243103 1.004000 372.040985
18719.750000 627.243103 0.962000 372.135986
18727.750000 627.454285 0.962000 372.252014
18737.125000 627.454285 0.962000 372.355988
18743.750000 627.577637 0.962000 372.450989
18750.750000 627.577637 0.962000 372.540985
18757.625000 627.577637 0.962000 372.635986
18764.500000 627.750488 0.962000 372.740997
18772.750000 627.750488 0.962000 372.860992
18780.500000 627.970398 0.962000 372.950989
18790.750000 628.175110 0.962000 373.050995
18801.375000 628.375366 0.962000 373.145996
18814.000000 628.576721 0.962000 373.240997
18830.750000 628.785461 1.056000 373.329987
18844.000000 628.988342 1.056000 373.432007
18858.375000 629.191895 1.056000 373.532990
18868.125000 629.401245 1.056000 373.640991
18883.000000 629.612793 1.056000 373.742004
18893.125000 629.612793 1.056000 373.830994
18903.750000 630.023499 1.056000 373.946014
18915.375000 630.023499 1.056000 374.040985
18925.250000 630.256836 1.056000 374.152008
18936.750000 630.490601 1.056000 374.230988
18947.375000 630.698303 1.056000 374.346008
18957.750000 630.899475 1.056000 374.441010
18969.250000 631.106873 0.998000 374.535004
18976.375000 631.319763 0.998000 374.652008
18987.125000 631.527344 0.998000 374.747986
18997.750000 631.810608 0.998000 374.854004
19006.000000 632.017700 0.998000 374.946991
19014.000000 632.017700 0.998000 375.027008
19022.250000 632.424011 0.998000 375.153992
19031.125000 632.631592 0.998000 375.247009
19045.125000 632.834412 0.998000 375.351990
19053.625000 632.834412 0.998000 375.432007
19060.500000 633.042236 0.998000 375.546997
19067.500000 633.245850 0.998000 375.641998
19074.250000 633.464661 0.973000 375.747009
19081.500000 633.682190 0.973000 375.842010
19088.750000 633.885437 0.973000 375.941986
19095.000000 634.106995 0.973000 376.046997
19099.500000 634.308228 0.973000 376.141998
19104.625000 634.509644 0.973000 376.247009
19109.750000 634.711060 0.973000 376.342010
19115.125000 634.912170 0.973000 376.437012
19121.125000 635.113220 0.973000 376.541992
19126.500000 635.314514 0.973000 376.647003
19132.000000 635.515686 0.973000 376.742004
19136.375000 635.716919 0.973000 376.851990
19147.875000 635.918335 1.004000 376.962006
19153.375000 636.118958 1.004000 377.052002
19156.875000 636.320068 1.004000 377.157013
19159.500000 636.521423 1.004000 377.252014
19163.500000 636.722656 1.004000 377.356995
19167.000000 636.924133 1.004000 377.451996
19171.000000 637.125488 1.004000 377.557007
19175.250000 637.326721 1.004000 377.661987
19180.875000 637.528076 1.004000 377.756989
19184.500000 637.729431 1.004000 377.846985
19188.875000 637.930481 1.004000 377.941986
19191.875000 638.132019 1.004000 378.046997
19229.125000 638.340820 1.014000 378.152008
19234.500000 638.550598 1.014000 378.247009
19239.125000 638.751892 1.014000 378.351990
19254.125000 638.959412 1.014000 378.454987
19258.750000 639.160767 1.014000 378.554993
19263.250000 639.361877 1.014000 378.649994
19268.375000 639.563232 1.014000 378.750000
19277.250000 639.763855 1.014000 378.851013
19284.250000 639.763855 1.014000 378.941986
19289.500000 639.962952 1.014000 379.041992
19296.000000 640.111694 1.014000 379.145996
19303.250000 640.245850 1.014000 379.246002
19308.375000 640.321838 1.026000 379.341003
19312.500000 640.321838 1.026000 379.436005
19316.500000 640.366211 1.026000 379.531006
19319.250000 640.377380 1.026000 379.645996
19321.250000 640.377380 1.026000 379.747986
19323.625000 640.377380 1.026000 379.842010
19325.500000 640.377380 1.026000 379.947998
19327.625000 640.377380 1.026000 380.031006
19330.375000 640.377380 1.026000 380.135986
19331.625000 640.486877 1.026000 380.246002
19333.500000 640.486877 1.026000 380.341003
19335.750000 640.486877 1.026000 380.451996
19338.750000 640.690063 1.007000 380.540985
19342.125000 640.690063 1.007000 380.658997
19345.000000 640.894775 1.007000 380.738007
19348.625000 641.103027 1.007000 380.847992
19353.125000 641.305298 1.007000 380.958008
19358.625000 641.305298 1.007000 381.053009
19362.000000 641.477722 1.007000 381.149994
19367.000000 641.590149 1.007000 381.243011
19371.375000 641.683655 1.007000 381.352997
19372.875000 641.683655 1.007000 381.447998
19375.500000 641.683655 1.007000 381.553986
19378.625000 641.885925 1.007000 381.648987
19380.375000 641.885925 1.026000 381.739990
19382.250000 642.090637 1.026000 381.842987
19385.375000 642.293457 1.026000 381.950012
19388.000000 642.293457 1.026000 382.039001
19389.875000 642.501770 1.026000 382.148987
19392.000000 642.721558 1.026000 382.239014
19393.375000 642.922791 1.026000 382.348999
19397.500000 643.135803 1.026000 382.444000
19401.625000 643.345398 1.026000 382.545013
19404.250000 643.550415 1.026000 382.644012
19406.750000 643.751892 1.026000 382.752991
19409.375000 643.953308 1.026000 382.841003
19420.875000 644.154053 0.977000 382.946014
19426.375000 644.357666 0.977000 383.050995
19429.250000 644.567444 0.977000 383.145996
19430.375000 644.776672 0.977000 383.251007
19434.375000 644.986023 0.977000 383.346008
19439.500000 645.229370 0.977000 383.467010
19443.250000 645.438965 0.977000 383.536011
19446.875000 645.640320 0.977000 383.635986
19450.125000 645.841675 0.977000 383.746002
19452.125000 646.042908 0.977000 383.846985
19454.625000 646.244263 0.977000 383.957001
19456.125000 646.445251 1.044000 384.050995
19457.875000 646.646484 1.044000 384.151001
19459.875000 646.847229 1.044000 384.251007
19462.250000 647.048340 1.044000 384.355988
19463.625000 647.249878 1.044000 384.446014
19465.125000 647.455139 1.044000 384.540985
19467.375000 647.455139 1.044000 384.635986
19476.000000 647.741394 1.044000 384.760986
19478.625000 647.949158 1.044000 384.841003
19481.750000 648.152161 1.044000 384.950989
19484.125000 648.353333 1.044000 385.057007
19486.750000 648.554443 1.044000 385.157013
19489.625000 648.755615 1.044000 385.256012
19496.500000 648.960632 0.996000 385.355011
19500.750000 649.162964 0.996000 385.445007
19508.375000 649.369812 0.996000 385.554993
19511.125000 649.571045 0.996000 385.654999
19513.250000 649.772034 0.996000 385.750000
19516.750000 649.982910 0.996000 385.845001
19520.375000 650.184814 0.996000 385.955994
19523.125000 650.184814 0.996000 386.049988
19526.875000 650.594177 0.996000 386.160004
19530.250000 650.594177 0.996000 386.244995
19533.500000 650.797302 0.996000 386.350006
19536.750000 650.998840 0.996000 386.440002
19541.250000 651.201965 1.000000 386.540009
19546.125000 651.411133 1.000000 386.654999
19550.375000 651.632629 1.000000 386.750000
19557.875000 651.854126 1.000000 386.850006
19564.125000 652.055115 1.000000 386.954987
19569.250000 652.256226 1.000000 387.049988
19574.500000 652.457153 1.000000 387.140991
19583.250000 652.658142 1.000000 387.244995
19591.125000 652.862366 1.000000 387.359985
19597.375000 653.043030 1.000000 387.459991
19604.375000 653.191101 1.000000 387.554993
19610.250000 653.303467 1.000000 387.644989
19627.500000 653.303467 1.003000 387.760010
19634.000000 653.432983 1.003000 387.885010
19638.750000 653.432983 1.003000 387.954987
19642.625000 653.442993 1.003000 388.053009
19645.250000 653.442993 1.003000 388.164001
19647.125000 653.442993 1.003000 388.247986
19656.375000 653.442993 1.003000 388.347992
19661.500000 653.442993 1.003000 388.444000
19663.250000 653.442993 1.003000 388.553009
19691.625000 653.442993 1.003000 388.648010
19693.125000 653.442993 1.003000 388.757996
19695.250000 653.444092 1.003000 388.859009
19696.500000 653.444092 1.003000 388.958008
19709.125000 653.444092 0.991000 389.050995
19709.875000 653.444092 0.991000 389.158997
19711.250000 653.444092 0.991000 389.252991
19712.625000 653.444092 0.991000 389.352997
19714.875000 653.527222 0.991000 389.464996
19715.875000 653.527222 0.991000 389.562012
19717.750000 653.527222 0.991000 389.648010
19718.250000 653.527222 0.991000 389.752991
19718.875000 653.731018 0.991000 389.858002
19720.250000 653.931213 0.991000 389.962006
19721.375000 654.135803 0.991000 390.057007
19722.125000 654.341919 0.991000 390.166992
19725.750000 654.341919 1.000000 390.261993
19726.375000 654.549500 1.000000 390.367004
19726.625000 654.777222 1.000000 390.457001
19727.500000 654.988586 1.000000 390.552002
19728.500000 655.189819 1.000000 390.661987
19730.125000 655.391174 1.000000 390.756989
19731.375000 655.592407 1.000000 390.846008
19736.250000 655.799500 1.000000 390.960999
19742.500000 656.002563 1.000000 391.066010
19747.000000 656.172729 1.000000 391.156006
19748.500000 656.305603 1.000000 391.243011
19752.500000 656.408752 1.000000 391.352997
19755.875000 656.408752 0.996000 391.458008
19759.875000 656.478271 0.996000 391.548004
19768.125000 656.515015 0.996000 391.657990
19770.125000 656.521301 0.996000 391.752991
19771.000000 656.521301 0.996000 391.847992
19773.000000 656.521301 0.996000 391.942993
19777.000000 656.521301 0.996000 392.058014
19782.125000 656.521301 0.996000 392.160004
19791.750000 656.521301 0.996000 392.257996
19797.000000 656.521301 0.996000 392.342987
19801.375000 656.521301 0.996000 392.453003
19802.125000 656.521301 0.996000 392.553009
19802.875000 656.521301 0.987000 392.634003
19804.000000 656.521301 0.987000 392.743011
19804.625000 656.521301 0.987000 392.864990
19805.375000 656.521301 0.987000 392.953003
19808.250000 656.521301 0.987000 393.042999
19818.500000 656.521301 0.987000 393.157990
19820.000000 656.521301 0.987000 393.252991
19820.125000 656.521301 0.987000 393.352997
19821.250000 656.521301 0.987000 393.459991
19821.250000 656.521301 0.987000 393.553009
19890.500000 656.521301 0.987000 393.669006
19890.625000 656.521301 0.949000 393.765015
19891.250000 656.521301 0.949000 393.864990
19892.125000 656.521301 0.949000 393.960999
19892.250000 656.521301 0.949000 394.071014
19892.625000 656.521301 0.949000 394.144989
19893.250000 656.521301 0.949000 394.265015
19893.375000 656.521301 0.949000 394.360992
19893.875000 656.521301 0.949000 394.445007
19894.750000 656.521301 0.949000 394.566010
19895.625000 656.521301 0.949000 394.654999
19924.125000 656.521301 0.949000 394.739990
19924.125000 656.521301 0.949000 394.863007
19924.500000 656.521301 0.948000 394.942993
19942.250000 656.521301 0.948000 395.072998
19947.625000 656.521301 0.948000 395.167999
19947.875000 656.521301 0.948000 395.263000
19948.125000 656.528809 0.948000 395.350006
19948.625000 656.528809 0.948000 395.464996
19948.875000 656.528809 0.948000 395.553009
19949.125000 656.528809 0.948000 395.667999
19949.500000 656.528809 0.948000 395.763000
19949.750000 656.731140 0.948000 395.868988
19950.625000 656.731140 0.948000 395.954010
19950.875000 656.934692 0.948000 396.058014
19951.125000 657.143066 0.937000 396.153015
19951.500000 657.344177 0.937000 396.274994
19951.625000 657.344177 0.937000 396.358002
19951.625000 657.549133 0.937000 396.447998
19952.125000 657.750305 0.937000 396.562988
19952.875000 657.951660 0.937000 396.648010
19953.625000 658.174744 0.937000 396.764008
19954.000000 658.386108 0.937000 396.868011
19955.000000 658.595642 0.937000 396.972992
19955.500000 658.807007 0.937000 397.067993
19957.000000 659.008362 0.937000 397.178009
19961.750000 659.219116 0.957000 397.263000
19962.750000 659.422974 0.957000 397.368011
19964.250000 659.629822 0.957000 397.458008
19966.250000 659.831055 0.957000 397.572998
19971.625000 660.044373 0.957000 397.669006
19975.375000 660.251892 0.957000 397.772003
19979.250000 660.453247 0.957000 397.867004
19982.750000 660.684937 0.957000 397.971985
19985.375000 660.886292 0.957000 398.071991
19988.500000 661.091492 0.957000 398.158997
19991.375000 661.296631 0.957000 398.243988
19995.125000 661.500305 0.957000 398.372009
19998.750000 661.707581 0.957000 398.464996
20001.750000 661.916748 1.078000 398.563995
20004.250000 662.117615 1.078000 398.664001
20007.000000 662.318726 1.078000 398.778992
20009.625000 662.520081 1.078000 398.868988
20012.750000 662.721436 1.078000 398.973999
20014.375000 662.922546 1.078000 399.069000
20016.250000 663.123840 1.078000 399.164001
20017.500000 663.325195 1.078000 399.264008
20024.750000 663.527100 1.078000 399.364990
20028.750000 663.527100 1.078000 399.459015
20031.125000 663.717346 1.078000 399.563995
20033.250000 663.874573 1.078000 399.644012
20035.625000 663.998840 1.078000 399.764008
20039.375000 663.998840 1.077000 399.851013
20042.875000 663.998840 1.077000 399.954010
20044.625000 664.166931 1.077000 400.071991
20047.000000 664.178040 1.077000 400.147003
20048.375000 664.178040 1.077000 400.272003
20051.250000 664.178040 1.077000 400.369995
20052.375000 664.178040 1.077000 400.459015
20056.000000 664.178040 1.077000 400.570007
20056.250000 664.178040 1.077000 400.665985
20056.375000 664.178040 1.077000 400.770996
20057.625000 664.178040 1.077000 400.859009
20067.375000 664.178040 1.077000 400.964996
20067.500000 664.178040 1.077000 401.058990
20070.250000 664.178040 1.134000 401.158997
20070.625000 664.178040 1.134000 401.266998
20071.000000 664.178040 1.134000 401.364014
20071.500000 664.178040 1.134000 401.449005
20072.125000 664.178040 1.134000 401.563995
20072.375000 664.178040 1.134000 401.658997
20072.875000 664.194580 1.134000 401.748993
20073.250000 664.194580 1.134000 401.864014
20074.000000 664.194580 1.134000 401.963989
20074.875000 664.194580 1.134000 402.058990
20076.125000 664.406616 1.134000 402.164001
20076.500000 664.406616 1.134000 402.253998
20077.000000 664.613708 1.134000 402.359009
20084.000000 664.817505 1.097000 402.459015
20084.500000 664.817505 1.097000 402.549011
20085.125000 665.018127 1.097000 402.658997
20085.375000 665.223572 1.097000 402.746002
20087.000000 665.440125 1.097000 402.865997
20087.375000 665.641479 1.097000 402.962006
20087.750000 665.863098 1.097000 403.050995
20088.125000 666.064270 1.097000 403.156006
20088.750000 666.265625 1.097000 403.266998
20089.875000 666.466980 1.097000 403.346008
20091.250000 666.668152 1.097000 403.472992
20094.750000 666.873291 1.097000 403.562988
20095.625000 667.099426 1.097000 403.678009
20096.125000 667.330627 1.103000 403.773010
20096.875000 667.533997 1.103000 403.864014
20098.750000 667.745056 1.103000 403.963013
20100.375000 667.954407 1.103000 404.067993
20101.375000 668.157654 1.103000 404.157990
20101.750000 668.366882 1.103000 404.252991
20102.500000 668.568237 1.103000 404.358002
20103.500000 668.771729 1.103000 404.458008
20104.125000 668.972961 1.103000 404.567993
20104.250000 669.178406 1.103000 404.656006
20104.500000 669.379639 1.103000 404.778015
20105.000000 669.586426 1.103000 404.873993
20105.250000 669.795776 1.103000 404.972992
20121.125000 670.002686 1.090000 405.067993
20122.750000 670.203064 1.090000 405.170990
20123.500000 670.412048 1.090000 405.274994
20124.125000 670.613403 1.090000 405.380005
20124.375000 670.814758 1.090000 405.475006
20124.875000 670.814758 1.090000 405.565002
20125.250000 671.217224 1.090000 405.679993
20125.375000 671.217224 1.090000 405.769012
20125.625000 671.627991 1.090000 405.884003
20126.125000 671.627991 1.090000 405.973999
20126.125000 671.829102 1.090000 406.069000
20126.875000 672.030334 1.090000 406.174011
20128.500000 672.231567 1.001000 406.273010
20130.125000 672.437744 1.001000 406.365997
20131.125000 672.667053 1.001000 406.466003
20131.750000 672.876160 1.001000 406.566010
20132.375000 673.085571 1.001000 406.665985
20134.250000 673.286560 1.001000 406.770996
20134.500000 673.489441 1.001000 406.865997
20135.125000 673.690613 1.001000 406.960999
20135.750000 673.894287 1.001000 407.072998
20138.375000 674.101746 1.001000 407.167999
20138.875000 674.306824 1.001000 407.278015
20139.250000 674.508179 1.001000 407.363007
20139.500000 674.709351 1.001000 407.463013
20139.625000 674.920593 1.127000 407.572998
20141.500000 675.121826 1.127000 407.662994
20143.500000 675.323303 1.127000 407.752991
20145.000000 675.524353 1.127000 407.852997
20146.750000 675.729492 1.127000 407.967987
20147.375000 675.938660 1.127000 408.066010
20149.000000 676.141418 1.127000 408.170990
20149.875000 676.345703 1.127000 408.268005
20152.625000 676.345703 1.127000 408.371002
20154.500000 676.546997 1.127000 408.466003
20157.000000 676.546997 1.127000 408.566010
20158.750000 676.712708 1.127000 408.665985
20159.875000 676.712708 1.127000 408.770996
20160.875000 676.875549 1.127000 408.865997
20161.250000 676.875549 1.139000 408.976013
20162.875000 676.875549 1.139000 409.066010
20163.750000 677.076111 1.139000 409.181000
20163.875000 677.076111 1.139000 409.276001
20164.875000 677.286072 1.139000 409.381012
20165.500000 677.490295 1.139000 409.471008
20166.875000 677.490295 1.139000 409.571991
20167.750000 677.696716 1.139000 409.664001
20171.250000 677.941467 1.139000 409.765991
20174.000000 678.145203 1.139000 409.871002
20175.125000 678.315796 1.139000 409.960999
20175.875000 678.452881 1.139000 410.071014
20177.750000 678.452881 1.152000 410.161011
20179.250000 678.582581 1.152000 410.266998
20192.000000 678.643982 1.152000 410.381012
20192.875000 678.673767 1.152000 410.466003
20194.125000 678.675049 1.152000 410.566010
20194.250000 678.675049 1.152000 410.665985
20196.750000 678.675049 1.152000 410.760986
20198.125000 678.675049 1.152000 410.865997
20198.625000 678.675049 1.152000 410.960999
20202.250000 678.675049 1.152000 411.071014
20205.000000 678.675049 1.152000 411.165985
20218.125000 678.675049 1.152000 411.277008
20222.000000 678.675049 1.152000 411.365997
20226.875000 678.675049 1.135000 411.467987
20228.125000 678.675049 1.135000 411.561005
20228.500000 678.675049 1.135000 411.665985
20228.750000 678.676086 1.135000 411.765991
20229.625000 678.676086 1.135000 411.875000
20229.625000 678.685364 1.135000 411.975006
20230.000000 678.685364 1.135000 412.071991
20230.250000 678.685364 1.135000 412.171997
20230.375000 678.728333 1.135000 412.256989
20232.875000 678.728333 1.135000 412.356995
20233.125000 678.728333 1.135000 412.476990
20233.500000 678.897400 1.135000 412.571014
20233.875000 678.897400 1.135000 412.661011
20235.125000 679.107422 1.048000 412.765991
20235.875000 679.107422 1.048000 412.865997
20237.375000 679.309143 1.048000 412.955994
20238.375000 679.509460 1.048000 413.066010
20238.875000 679.718140 1.048000 413.170990
20240.125000 679.920898 1.048000 413.260986
20241.875000 680.130432 1.048000 413.365997
20243.000000 680.332092 1.048000 413.471008
20244.375000 680.533447 1.048000 413.566010
20245.750000 680.734558 1.048000 413.670990
20247.250000 680.935852 1.048000 413.765991
20249.875000 681.143311 1.048000 413.868988
20252.500000 681.344421 1.048000 413.979004
20255.375000 681.551270 1.127000 414.066986
20260.375000 681.752625 1.127000 414.166992
20264.625000 681.961975 1.127000 414.265991
20268.875000 681.961975 1.127000 414.355988
20274.125000 682.364258 1.127000 414.466003
20278.625000 682.565430 1.127000 414.566010
20285.750000 682.766479 1.127000 414.671997
20290.875000 682.967590 1.127000 414.765991
20296.375000 683.168701 1.127000 414.865997
20303.125000 683.369690 1.127000 414.966003
20309.000000 683.570679 1.127000 415.066010
20315.750000 683.771851 1.127000 415.170990
20323.250000 683.974854 1.127000 415.272003
20331.500000 684.184387 1.176000 415.365997
20339.000000 684.385254 1.176000 415.466003
20345.250000 684.586670 1.176000 415.571014
20353.375000 684.788147 1.176000 415.675995
20361.500000 684.788147 1.176000 415.760986
20369.375000 684.991577 1.176000 415.865997
20377.750000 685.402039 1.176000 415.971008
20386.625000 685.402039 1.176000 416.066010
20393.875000 685.603394 1.176000 416.161011
20407.750000 685.814575 1.176000 416.265991
20416.000000 686.018127 1.176000 416.360992
20423.250000 686.198486 1.176000 416.466003
20430.500000 686.345642 1.176000 416.571014
20438.875000 686.458435 1.176000 416.662994
20442.625000 686.540344 1.204000 416.757996
20447.500000 686.589661 1.204000 416.863007
20459.375000 686.608643 1.204000 416.971985
20460.500000 686.608643 1.204000 417.062012
20460.750000 686.608887 1.204000 417.166992
20464.500000 686.608887 1.204000 417.277008
20465.500000 686.608887 1.204000 417.371002
20468.375000 686.608887 1.204000 417.463013
20470.125000 686.608887 1.204000 417.567993
20471.000000 686.608887 1.204000 417.662994
20473.125000 686.611145 1.204000 417.768005
20474.125000 686.611145 1.204000 417.868011
20476.125000 686.614929 1.204000 417.963013
20477.375000 686.614929 1.204000 418.067993
20478.375000 686.626038 1.194000 418.164001
20478.875000 686.626038 1.194000 418.273010
20479.125000 686.626038 1.194000 418.378998
20479.500000 686.626038 1.194000 418.479004
20480.500000 686.745667 1.194000 418.566010
20481.750000 686.745667 1.194000 418.662994
20482.125000 686.954163 1.194000 418.768005
20483.250000 687.157104 1.194000 418.868011
20485.125000 687.359253 1.194000 418.975006
20496.625000 687.359253 1.194000 419.067993
20498.875000 687.507690 1.194000 419.174011
20501.625000 687.626343 1.194000 419.263000
20503.125000 687.710632 1.194000 419.342987
20504.375000 687.760193 1.194000 419.477997
20509.875000 687.776733 1.155000 419.572998
20511.375000 687.776733 1.155000 419.662994
20512.125000 687.776733 1.155000 419.768005
20512.375000 687.776733 1.155000 419.872986
20513.125000 687.776733 1.155000 419.963013
20513.625000 687.776733 1.155000 420.072998
20513.750000 687.776733 1.155000 420.169006
20514.000000 687.777527 1.155000 420.268005
20514.875000 687.777527 1.155000 420.358002
20522.375000 687.777527 1.155000 420.467987
20531.000000 687.777527 1.155000 420.572998
20538.000000 687.793457 1.155000 420.673004
20538.250000 687.793457 1.155000 420.776001
20538.375000 687.793457 1.273000 420.865997
20539.750000 687.793457 1.273000 420.960999
20541.875000 687.793457 1.273000 421.056000
20553.500000 687.793457 1.273000 421.175995
20554.000000 687.793457 1.273000 421.272003
20554.250000 687.793457 1.273000 421.372009
20554.375000 687.808228 1.273000 421.471008
20554.875000 687.808228 1.273000 421.580994
20555.500000 687.808228 1.273000 421.675995
20555.875000 687.852234 1.273000 421.781006
20556.625000 687.852234 1.273000 421.872986
20556.750000 687.852234 1.273000 421.957001
20556.875000 688.053406 1.273000 422.066010
20557.500000 688.257202 1.273000 422.165985
20559.250000 688.257202 1.150000 422.265991
20559.875000 688.460388 1.150000 422.365997
20560.125000 688.663940 1.150000 422.466003
20561.125000 688.867920 1.150000 422.566010
20561.250000 689.079163 1.150000 422.665985
20561.500000 689.280212 1.150000 422.770996
20563.125000 689.531982 1.150000 422.871002
20564.625000 689.743225 1.150000 422.971008
20565.000000 689.944336 1.150000 423.066010
20565.750000 690.147705 1.150000 423.170990
20566.625000 690.356873 1.150000 423.265991
20567.000000 690.557922 1.150000 423.365997
20567.125000 690.759277 1.150000 423.471008
20567.875000 690.960693 1.159000 423.566010
20568.125000 691.161438 1.159000 423.670990
20569.375000 691.362427 1.159000 423.765991
20569.875000 691.569519 1.159000 423.864014
20570.000000 691.770630 1.159000 423.984009
20570.125000 691.976013 1.159000 424.071014
20570.875000 692.179626 1.159000 424.166992
20571.250000 692.388794 1.159000 424.265991
20571.250000 692.590393 1.159000 424.365997
20572.000000 692.590393 1.159000 424.460999
20572.375000 692.992737 1.159000 424.566010
20572.625000 693.195862 1.159000 424.666992
20572.750000 693.195862 1.159000 424.765991
20573.125000 693.405029 1.159000 424.865997
20574.000000 693.606384 1.191000 424.966003
20574.500000 693.820679 1.191000 425.072998
20575.125000 694.028687 1.191000 425.165985
20575.625000 694.238098 1.191000 425.256012
20576.000000 694.467651 1.191000 425.365997
20576.250000 694.671265 1.191000 425.467010
20576.750000 694.882324 1.191000 425.571991
20577.125000 695.083557 1.191000 425.677002
20577.500000 695.288879 1.191000 425.766998
20579.250000 695.505432 1.191000 425.867004
20581.125000 695.728088 1.191000 425.967010
20582.750000 695.894592 1.191000 426.076996
20583.750000 695.894592 1.191000 426.166992
20600.125000 696.030884 1.191000 426.268005
20602.875000 696.142090 1.225000 426.372986
20604.250000 696.142090 1.225000 426.467987
20606.250000 696.242859 1.225000 426.566986
20607.250000 696.246826 1.225000 426.666992
20608.750000 696.246826 1.225000 426.777008
20614.125000 696.246826 1.225000 426.885010
20614.250000 696.246826 1.225000 426.962006
20614.500000 696.246826 1.225000 427.075989
20615.250000 696.246826 1.225000 427.186005
20618.750000 696.246826 1.225000 427.282990
20618.750000 696.246948 1.225000 427.362000
20618.750000 696.246948 1.225000 427.471985
20619.000000 696.249207 1.225000 427.571991
20619.375000 696.249207 1.225000 427.667999
20619.625000 696.249756 1.242000 427.756989
20620.125000 696.249756 1.242000 427.867004
20620.500000 696.249756 1.242000 427.976990
20620.500000 696.265808 1.242000 428.062012
20620.500000 696.265808 1.242000 428.166992
20620.625000 696.265808 1.242000 428.268005
20620.875000 696.265808 1.242000 428.367004
20621.000000 696.467285 1.242000 428.467010
20621.125000 696.668152 1.242000 428.566986
20621.500000 696.668152 1.242000 428.667999
20621.625000 696.875793 1.242000 428.772003
20622.000000 697.081116 1.242000 428.872009
20622.375000 697.292358 1.242000 428.976990
20622.500000 697.493652 1.242000 429.066986
20622.500000 697.694275 1.187000 429.166992
20622.875000 697.901733 1.187000 429.269012
20622.875000 698.109375 1.187000 429.377014
20623.000000 698.310974 1.187000 429.471985
20623.125000 698.512207 1.187000 429.569000
20623.375000 698.713257 1.187000 429.671997
20623.750000 698.914368 1.187000 429.777008
20625.500000 699.115723 1.187000 429.872009
20626.250000 699.316833 1.187000 429.976990
20626.625000 699.517944 1.187000 430.078003
20627.250000 699.719177 1.187000 430.171997
20627.625000 699.922180 1.187000 430.256989
20628.250000 700.129761 1.187000 430.376007
20629.000000 700.330872 1.187000 430.476013
20629.750000 700.532104 1.187000 430.575989
20632.250000 700.733215 1.367000 430.673004
20633.125000 700.941956 1.367000 430.769989
20633.875000 701.143005 1.367000 430.869995
20634.500000 701.343811 1.367000 430.970001
20635.250000 701.544861 1.367000 431.075989
20636.125000 701.745972 1.367000 431.175995
20637.750000 701.947083 1.367000 431.279999
20638.500000 702.148193 1.367000 431.375000
20639.000000 702.355286 1.367000 431.480011
20639.750000 702.584351 1.367000 431.584991
20640.375000 702.785950 1.367000 431.665009
20640.625000 702.993469 1.367000 431.774994
20641.250000 703.204651 1.367000 431.877014
20641.750000 703.406311 1.367000 431.975006
20644.125000 703.607056 1.200000 432.079987
20644.750000 703.811523 1.200000 432.179993
20645.375000 704.014465 1.200000 432.277008
20645.375000 704.220154 1.200000 432.385986
20645.375000 704.425537 1.200000 432.492004
20645.750000 704.626648 1.200000 432.584991
20646.000000 704.827515 1.200000 432.684998
20646.125000 705.028992 1.200000 432.777008
20646.375000 705.230103 1.200000 432.880005
20646.875000 705.431213 1.200000 432.975006
20647.625000 705.632324 1.200000 433.075012
20649.625000 705.847656 1.200000 433.182007
20654.500000 706.057007 1.200000 433.276001
20659.375000 706.266357 1.200000 433.385010
20665.125000 706.266357 1.240000 433.484985
20672.250000 706.474915 1.240000 433.575989
20679.250000 706.675659 1.240000 433.674988
20687.625000 706.882812 1.240000 433.779999
20694.625000 707.093628 1.240000 433.875000
20702.500000 707.294678 1.240000 433.985992
20711.500000 707.500305 1.240000 434.084991
20717.000000 707.707275 1.240000 434.170013
20723.625000 707.912354 1.240000 434.285004
20733.500000 707.912354 1.240000 434.380005
20738.000000 707.912354 1.240000 434.484985
20743.250000 708.121948 1.240000 434.595001
20750.375000 708.325134 1.240000 434.684998
20755.875000 708.325134 1.240000 434.790009
20763.625000 708.558472 1.258000 434.885010
20770.625000 708.763611 1.258000 434.964996
20778.500000 708.985535 1.258000 435.080994
20784.625000 709.215027 1.258000 435.179993
20792.125000 709.416382 1.258000 435.274994
20799.750000 709.617493 1.258000 435.386993
20806.500000 709.617493 1.258000 435.424988
20813.125000 709.838867 1.258000 435.529999
20820.625000 710.070312 1.258000 435.635010
20827.375000 710.331909 1.258000 435.734985
20833.125000 710.533142 1.258000 435.829987
20839.625000 710.752014 1.258000 435.944000
20845.125000 710.953003 1.258000 436.044006
20850.125000 711.160645 1.258000 436.135986
20855.500000 711.369934 1.224000 436.230988
20860.875000 711.369934 1.224000 436.321014
20867.625000 711.571289 1.224000 436.427002
20874.000000 711.974060 1.224000 436.536011
20880.625000 711.974060 1.224000 436.626007
20886.000000 712.376526 1.224000 436.735992
20890.750000 712.376526 1.224000 436.821014
20897.125000 712.781067 1.224000 436.936005
20903.000000 712.982361 1.224000 437.041992
20907.750000 713.191345 1.224000 437.135986
20914.250000 713.392456 1.224000 437.235992
20920.875000 713.597595 1.224000 437.342987
20931.500000 713.798828 1.136000 437.442993
20937.000000 714.000061 1.136000 437.542999
20943.125000 714.000061 1.136000 437.635986
20949.500000 714.227417 1.136000 437.716003
20956.250000 714.459045 1.136000 437.837006
20962.125000 714.700500 1.136000 437.931000
20970.750000 714.905396 1.136000 438.042999
20976.625000 715.106628 1.136000 438.138000
20982.500000 715.338013 1.136000 438.238007
20988.375000 715.569275 1.136000 438.338013
20993.625000 715.770813 1.136000 438.437988
21001.750000 715.978149 1.136000 438.531006
21008.125000 716.179321 1.136000 438.631989
21047.625000 716.383362 1.127000 438.743011
21056.875000 716.585510 1.127000 438.833008
21065.375000 716.786560 1.127000 438.933014
21073.125000 716.997681 1.127000 439.042999
21085.000000 717.202820 1.127000 439.135010
21095.250000 717.202820 1.127000 439.222992
21107.000000 717.611206 1.127000 439.338013
21116.625000 717.814331 1.127000 439.438995
21128.375000 718.015564 1.127000 439.539001
21139.875000 718.015564 1.127000 439.632996
21151.375000 718.224915 1.127000 439.738007
21162.625000 718.456299 1.127000 439.833008
21173.250000 718.708191 1.127000 439.937988
21187.000000 718.909058 1.102000 440.032990
21199.250000 719.156738 1.102000 440.132996
21212.000000 719.362183 1.102000 440.239990
21221.875000 719.569397 1.102000 440.334991
21231.500000 719.770508 1.102000 440.437012
21243.875000 719.971680 1.102000 440.537994
21257.000000 720.172913 1.102000 440.638000
21267.250000 720.376038 1.102000 440.734009
21274.000000 720.578186 1.102000 440.828003
21286.500000 720.578186 1.102000 440.933014
21298.750000 720.771362 1.102000 441.032990
21307.000000 720.931702 1.102000 441.132996
21313.500000 721.058533 1.102000 441.222992
21324.500000 721.058533 1.115000 441.333008
21330.000000 721.058533 1.115000 441.433014
21335.375000 721.228943 1.115000 441.537994
21337.125000 721.244446 1.115000 441.631989
21344.750000 721.244446 1.115000 441.733002
21346.250000 721.244446 1.115000 441.833008
21349.375000 721.244446 1.115000 441.933014
21352.000000 721.244446 1.115000 442.032990
21364.250000 721.244446 1.115000 442.135010
21364.875000 721.244446 1.115000 442.233002
21372.625000 721.244446 1.115000 442.333008
21374.375000 721.244446 1.115000 442.433014
21375.875000 721.244446 1.115000 442.532990
21416.875000 721.244446 1.182000 442.643005
21417.625000 721.244446 1.182000 442.733002
21419.875000 721.244446 1.182000 442.833008
21421.375000 721.244446 1.182000 442.928009
21421.500000 721.244446 1.182000 443.031006
21421.750000 721.244446 1.182000 443.135010
21422.500000 721.244446 1.182000 443.244995
21423.625000 721.244446 1.182000 443.328003
21424.250000 721.244446 1.182000 443.428009
21425.125000 721.244446 1.182000 443.532013
21425.750000 721.244446 1.182000 443.631989
21425.750000 721.244446 1.182000 443.737000
21426.625000 721.244446 1.182000 443.832001
21427.250000 721.244446 1.118000 443.937012
21428.625000 721.244446 1.118000 444.032013
21428.750000 721.244446 1.118000 444.144012
21429.125000 721.244446 1.118000 444.239014
21429.250000 721.244446 1.118000 444.338989
21430.000000 721.244446 1.118000 444.442993
21431.375000 721.244446 1.118000 444.537994
21431.375000 721.244446 1.118000 444.631989
21431.875000 721.245667 1.118000 444.737000
21431.875000 721.245667 1.118000 444.837006
21433.500000 721.245667 1.118000 444.944000
21434.000000 721.245667 1.118000 445.027008
21437.125000 721.245667 1.107000 445.136993
21438.000000 721.245667 1.107000 445.237000
21438.000000 721.245667 1.107000 445.332001
21438.125000 721.245667 1.107000 445.437012
21438.250000 721.245667 1.107000 445.532013
21438.500000 721.245667 1.107000 445.640015
21438.875000 721.245667 1.107000 445.726990
21439.750000 721.245667 1.107000 445.832001
21450.625000 721.245667 1.107000 445.937012
21451.000000 721.245667 1.107000 446.036987
21451.125000 721.245667 1.107000 446.125000
21451.875000 721.248169 1.107000 446.230011
21451.875000 721.248169 1.036000 446.332001
21452.000000 721.248169 1.036000 446.432007
21452.250000 721.252319 1.036000 446.526001
21452.500000 721.252319 1.036000 446.631012
21452.875000 721.252319 1.036000 446.730988
21453.750000 721.345886 1.036000 446.825989
21454.875000 721.345886 1.036000 446.933014
21455.875000 721.345886 1.036000 447.039001
21462.375000 721.560791 1.036000 447.134003
21464.500000 721.660583 1.036000 447.233002
21466.750000 721.727539 1.036000 447.333008
21468.625000 721.761353 1.036000 447.428009
21470.625000 721.761353 1.036000 447.523010
21473.250000 721.765991 1.105000 447.644012
21474.125000 721.765991 1.105000 447.727997
21477.375000 721.765991 1.105000 447.841003
21478.750000 721.765991 1.105000 447.923004
21485.750000 721.765991 1.105000 448.024994
21486.250000 721.765991 1.105000 448.127991
21486.875000 721.765991 1.105000 448.233002
21492.000000 721.765991 1.105000 448.328003
21492.625000 721.765991 1.105000 448.433014
21494.250000 721.765991 1.105000 448.528992
21494.750000 721.789062 1.105000 448.632996
21495.500000 721.789062 1.105000 448.739014
21498.500000 721.789062 0.996000 448.822998
21499.875000 721.990234 0.996000 448.933014
21501.250000 721.990234 0.996000 449.032990
21502.250000 722.190369 0.996000 449.134003
21503.625000 722.190369 0.996000 449.222992
21507.000000 722.407959 0.996000 449.328003
21510.000000 722.614624 0.996000 449.428009
21513.750000 722.832214 0.996000 449.528015
21517.625000 723.053528 0.996000 449.627991
21520.500000 723.268738 0.996000 449.727997
21525.375000 723.477966 0.996000 449.838013
21529.000000 723.679199 0.996000 449.929993
21537.625000 723.885559 1.040000 450.029999
21542.125000 724.085999 1.040000 450.132996
21546.375000 724.291199 1.040000 450.238007
21551.375000 724.291199 1.040000 450.328003
21554.625000 724.493591 1.040000 450.437988
21559.875000 724.709656 1.040000 450.537994
21564.250000 724.918579 1.040000 450.643005
21570.500000 725.126282 1.040000 450.738007
21576.000000 725.326782 1.040000 450.838013
21581.875000 725.527893 1.040000 450.933014
21590.250000 725.729126 1.040000 451.037994
21594.625000 725.930237 1.040000 451.143005
21599.875000 726.131470 1.003000 451.238007
21606.625000 726.332214 1.003000 451.338013
21610.125000 726.533569 1.003000 451.428009
21614.875000 726.533569 1.003000 451.519989
21620.875000 726.935852 1.003000 451.639008
21626.625000 727.143494 1.003000 451.726990
21632.750000 727.344788 1.003000 451.830994
21638.250000 727.546204 1.003000 451.931000
21643.500000 727.747681 1.003000 452.036011
21662.125000 727.950012 1.003000 452.135986
21674.750000 727.950012 1.003000 452.230988
21680.375000 728.140808 1.003000 452.332001
21685.875000 728.304321 1.003000 452.432007
21690.250000 728.429260 1.003000 452.536987
21695.875000 728.522400 1.307000 452.621002
21699.750000 728.578369 1.307000 452.730988
21703.625000 728.578369 1.307000 452.826996
21707.375000 728.601868 1.307000 452.920990
21714.500000 728.602539 1.307000 453.031006
21716.000000 728.602539 1.307000 453.121002
21717.750000 728.602539 1.307000 453.230988
21718.750000 728.608215 1.307000 453.342010
21719.500000 728.608215 1.307000 453.431000
21720.875000 728.636169 1.307000 453.531006
21722.125000 728.638184 1.307000 453.628998
21722.875000 728.638184 1.307000 453.735992
21723.250000 728.638184 1.307000 453.835999
21724.375000 728.638428 1.148000 453.931000
21756.125000 728.638428 1.148000 454.042999
21760.625000 728.638428 1.148000 454.131012
21761.250000 728.638428 1.148000 454.230988
21762.250000 728.644653 1.148000 454.346008
21762.625000 728.644653 1.148000 454.431000
21763.125000 728.644653 1.148000 454.520996
21768.500000 728.644653 1.148000 454.631012
21769.375000 728.644653 1.148000 454.735992
21773.125000 728.763916 1.148000 454.841003
21773.250000 728.763916 1.148000 454.931000
21774.000000 728.777222 1.148000 455.031006
21774.625000 728.777222 0.951000 455.131012
21775.250000 728.777222 0.951000 455.230988
21775.875000 728.979858 0.951000 455.341003
21776.625000 728.979858 0.951000 455.436005
21778.125000 729.186340 0.951000 455.531006
21781.125000 729.186340 0.951000 455.631989
21783.125000 729.390808 0.951000 455.742004
21784.250000 729.608826 0.951000 455.830994
21785.750000 729.815796 0.951000 455.931000
21787.750000 730.023010 0.951000 456.031006
21790.125000 730.224182 0.951000 456.140991
21791.625000 730.427429 0.951000 456.230988
21795.750000 730.636719 1.021000 456.330994
21798.000000 730.841492 1.021000 456.451996
21801.125000 731.060364 1.021000 456.531006
21804.500000 731.279907 1.021000 456.635986
21806.875000 731.488953 1.021000 456.751007
21809.750000 731.690186 1.021000 456.832001
21812.500000 731.899658 1.021000 456.929993
21817.000000 732.104553 1.021000 457.035004
21825.500000 732.306763 1.021000 457.140015
21827.750000 732.306763 1.021000 457.225006
21831.500000 732.508606 1.021000 457.329987
21833.125000 732.508606 1.017000 457.434998
21835.625000 732.713806 1.017000 457.535004
21838.500000 732.713806 1.017000 457.630005
21840.250000 732.918701 1.017000 457.734985
21842.375000 733.121521 1.017000 457.829987
21844.500000 733.325073 1.017000 457.934998
21847.250000 733.534668 1.017000 458.029999
21850.375000 733.742371 1.017000 458.138000
21853.375000 733.951477 1.017000 458.237000
21856.000000 734.152832 1.017000 458.346985
21857.875000 734.354187 1.017000 458.440002
21860.875000 734.561218 1.017000 458.540009
21863.500000 734.762939 1.006000 458.640015
21866.125000 734.966125 1.006000 458.735992
21869.375000 735.175232 1.006000 458.829987
21872.625000 735.376465 1.006000 458.929993
21875.625000 735.583862 1.006000 459.040009
21880.125000 735.793335 1.006000 459.130005
21883.375000 736.000488 1.006000 459.230011
21886.250000 736.201721 1.006000 459.339996
21890.000000 736.403320 1.006000 459.429993
21893.250000 736.604187 1.006000 459.540009
21897.375000 736.805298 1.006000 459.630005
21901.250000 737.006592 1.006000 459.730011
21904.750000 737.207520 1.008000 459.839996
21907.625000 737.207520 1.008000 459.929993
21910.000000 737.618774 1.008000 460.035004
21912.000000 737.618774 1.008000 460.130005
21914.375000 737.822021 1.008000 460.229004
21918.125000 738.028748 1.008000 460.329987
21920.750000 738.231873 1.008000 460.429993
21924.375000 738.433350 1.008000 460.535004
21927.500000 738.836304 1.008000 460.640015
21930.375000 739.039307 1.008000 460.740997
21933.000000 739.039307 1.008000 460.830994
21935.500000 739.254517 1.008000 460.929993
21951.125000 739.499939 0.992000 461.032013
21954.125000 739.710266 0.992000 461.131989
21958.750000 739.919373 0.992000 461.240997
21961.875000 740.124390 0.992000 461.346985
21966.500000 740.325256 0.992000 461.429993
21969.875000 740.532654 0.992000 461.529999
21972.625000 740.733704 0.992000 461.635010
21975.750000 740.934692 0.992000 461.730011
21980.625000 741.135925 0.992000 461.829987
21983.750000 741.336975 0.992000 461.942993
21987.625000 741.544312 0.992000 462.037994
21990.875000 741.749817 0.992000 462.140015
21998.875000 741.951172 1.010000 462.239990
22001.750000 742.165100 1.010000 462.334991
22006.625000 742.368225 1.010000 462.429993
22010.250000 742.587891 1.010000 462.536011
22013.000000 742.789368 1.010000 462.630005
22016.750000 742.990417 1.010000 462.730011
22019.875000 743.191711 1.010000 462.825012
22022.875000 743.393127 1.010000 462.929993
22026.125000 743.604248 1.010000 463.035004
22029.875000 743.805359 1.010000 463.135010
22032.125000 744.015198 1.010000 463.243988
22036.125000 744.216431 1.010000 463.348999
22039.000000 744.417542 1.010000 463.449005
22044.125000 744.620178 1.009000 463.540009
22048.125000 744.824890 1.009000 463.635010
22050.250000 745.026123 1.009000 463.739990
22053.500000 745.229126 1.009000 463.842987
22055.125000 745.229126 1.009000 463.929993
22057.750000 745.641357 1.009000 464.036011
22059.250000 745.641357 1.009000 464.130005
22061.875000 745.854431 1.009000 464.235992
22065.250000 746.072021 1.009000 464.339996
22067.875000 746.297424 1.009000 464.441010
22071.000000 746.514709 1.009000 464.529999
22074.250000 746.716003 1.018000 464.635010
22076.875000 746.926575 1.018000 464.748993
22079.750000 747.136108 1.018000 464.829987
22082.750000 747.339417 1.018000 464.929993
22085.500000 747.544983 1.018000 465.036987
22089.750000 747.750427 1.018000 465.144012
22092.375000 747.964050 1.018000 465.244995
22095.000000 748.167297 1.018000 465.339996
22098.500000 748.376343 1.018000 465.440002
22102.250000 748.577332 1.018000 465.529999
22105.375000 748.788574 1.018000 465.630005
22108.500000 748.989807 1.018000 465.730011
22115.500000 749.205383 1.012000 465.839996
22118.375000 749.412048 1.012000 465.929993
22121.875000 749.613220 1.012000 466.035004
22124.250000 749.834351 1.012000 466.140015
22126.500000 750.037720 1.012000 466.240997
22128.500000 750.248779 1.012000 466.346008
22130.375000 750.450012 1.012000 466.436005
22132.250000 750.651489 1.012000 466.540985
22133.500000 750.852539 1.012000 466.631012
22135.125000 751.060120 1.012000 466.734009
22137.000000 751.261353 1.012000 466.829010
22138.125000 751.462708 1.012000 466.938995
22139.500000 751.663818 1.020000 467.044006
22140.500000 751.869019 1.020000 467.140991
22142.250000 752.070374 1.020000 467.251007
22144.000000 752.271729 1.020000 467.341003
22145.125000 752.473328 1.020000 467.446014
22146.750000 752.676636 1.020000 467.536987
22149.125000 752.885620 1.020000 467.635986
22152.250000 752.885620 1.020000 467.730988
22155.000000 753.288330 1.020000 467.835999
22157.625000 753.288330 1.020000 467.934998
22159.125000 753.497375 1.020000 468.029999
22163.250000 753.700500 1.020000 468.135010
22168.625000 753.901978 1.018000 468.234985
22171.250000 754.107056 1.018000 468.334991
22174.875000 754.307068 1.018000 468.440002
22177.750000 754.548584 1.018000 468.540009
22180.125000 754.757690 1.018000 468.635010
22183.750000 754.958679 1.018000 468.740997
22185.750000 755.159790 1.018000 468.839996
22188.250000 755.360657 1.018000 468.929993
22191.250000 755.561890 1.018000 469.029999
22194.000000 755.762878 1.018000 469.141998
22195.750000 755.966125 1.018000 469.251007
22198.125000 756.175476 1.018000 469.334991
22211.875000 756.379028 1.030000 469.441010
22214.000000 756.582031 1.030000 469.540985
22215.500000 756.790649 1.030000 469.635010
22217.000000 757.000488 1.030000 469.734985
22219.500000 757.201843 1.030000 469.845001
22221.750000 757.403137 1.030000 469.936005
22222.500000 757.633911 1.030000 470.045990
22223.625000 757.837280 1.030000 470.140015
22224.750000 757.837280 1.030000 470.237000
22225.500000 758.045959 1.030000 470.334991
22227.500000 758.252319 1.030000 470.441986
22229.125000 758.457275 1.030000 470.535004
22230.625000 758.658813 1.030000 470.640015
22232.000000 758.885925 1.030000 470.734985
22235.875000 759.086548 1.067000 470.834991
22238.875000 759.288513 1.067000 470.937988
22241.000000 759.492615 1.067000 471.035004
22242.125000 759.693970 1.067000 471.135010
22243.500000 759.895203 1.067000 471.234985
22245.250000 760.096191 1.067000 471.345001
22246.750000 760.297729 1.067000 471.434998
22248.125000 760.499084 1.067000 471.535004
22249.500000 760.700317 1.067000 471.640015
22251.375000 760.901611 1.067000 471.734985
22253.000000 761.102600 1.067000 471.839996
22253.875000 761.304260 1.067000 471.934998
22255.875000 761.517212 1.082000 472.040009
22256.875000 761.725708 1.082000 472.140015
22258.375000 761.935730 1.082000 472.234985
22259.500000 762.136841 1.082000 472.334991
22261.000000 762.343689 1.082000 472.437988
22261.625000 762.544922 1.082000 472.537994
22262.500000 762.746216 1.082000 472.643005
22263.125000 762.947449 1.082000 472.733002
22264.375000 763.148621 1.082000 472.838013
22265.250000 763.349670 1.082000 472.937988
22266.625000 763.562866 1.082000 473.042999
22267.625000 763.772095 1.082000 473.132996
22269.875000 763.978943 1.068000 473.233002
22270.750000 763.978943 1.068000 473.338013
22271.625000 764.185181 1.068000 473.450989
22273.125000 764.414246 1.068000 473.545990
22274.125000 764.624451 1.068000 473.636993
22274.625000 764.829773 1.068000 473.743011
22275.500000 765.030884 1.068000 473.838013
22276.000000 765.232117 1.068000 473.949005
22277.250000 765.433533 1.068000 474.032990
22278.375000 765.634888 1.068000 474.138000
22279.625000 765.836060 1.068000 474.238007
22280.375000 766.037231 1.068000 474.342987
22282.125000 766.238586 1.040000 474.442993
22283.500000 766.445923 1.040000 474.532990
22284.875000 766.651367 1.040000 474.643005
22285.875000 766.854614 1.040000 474.747986
22287.750000 767.060181 1.040000 474.846008
22288.875000 767.261353 1.040000 474.936005
22290.000000 767.464966 1.040000 475.041992
22290.625000 767.674622 1.040000 475.136993
22291.750000 767.885803 1.040000 475.237000
22294.875000 768.107056 1.040000 475.335999
22296.375000 768.308411 1.040000 475.436005
22297.750000 768.509827 1.040000 475.536011
22299.625000 768.711121 1.031000 475.640991
22300.875000 768.922485 1.031000 475.735992
22301.875000 769.123657 1.031000 475.846008
22303.500000 769.325134 1.031000 475.941010
22304.875000 769.526367 1.031000 476.045990
22306.875000 769.737427 1.031000 476.147003
22310.000000 769.938538 1.031000 476.240997
22313.000000 770.141724 1.031000 476.346008
22315.500000 770.346680 1.031000 476.447998
22316.875000 770.547058 1.031000 476.548004
22319.375000 770.754517 1.031000 476.640991
22320.625000 770.963623 1.031000 476.755005
22322.625000 771.164978 1.083000 476.859985
22324.625000 771.365845 1.083000 476.950012
22325.375000 771.567200 1.083000 477.054993
22325.875000 771.768555 1.083000 477.154999
22326.750000 771.969788 1.083000 477.250000
22328.250000 772.171143 1.083000 477.350006
22330.875000 772.372375 1.083000 477.450012
22333.375000 772.573608 1.083000 477.545013
22334.250000 772.774719 1.083000 477.649994
22336.125000 772.976196 1.083000 477.760010
22337.875000 773.177429 1.083000 477.850006
22340.875000 773.378662 1.083000 477.954987
22342.875000 773.580444 1.083000 478.059998
22345.875000 773.788269 1.088000 478.149994
22348.875000 773.992615 1.088000 478.255005
22351.750000 774.193848 1.088000 478.359985
22354.625000 774.193848 1.088000 478.445007
22358.000000 774.612427 1.088000 478.562988
22360.625000 774.612427 1.088000 478.643005
22362.750000 774.837708 1.088000 478.743011
22368.625000 775.045105 1.088000 478.852997
22375.375000 775.246216 1.088000 478.949005
22380.250000 775.451599 1.088000 479.044006
22390.875000 775.653076 1.088000 479.153992
22394.375000 775.653076 1.088000 479.248993
22397.125000 775.854797 1.112000 479.343994
22399.750000 775.854797 1.112000 479.449005
22401.750000 776.056885 1.112000 479.532990
22403.875000 776.260864 1.112000 479.648010
22407.750000 776.466187 1.112000 479.752991
22411.375000 776.666931 1.112000 479.848999
22413.000000 776.868225 1.112000 479.942993
22415.750000 777.069214 1.112000 480.048004
22417.250000 777.270691 1.112000 480.148010
22419.500000 777.471985 1.112000 480.243011
22422.125000 777.673523 1.112000 480.352997
22423.000000 777.874573 1.112000 480.454010
22424.125000 778.083740 1.112000 480.553009
22426.875000 778.286926 1.134000 480.648010
22428.125000 778.497375 1.134000 480.747986
22429.875000 778.706848 1.134000 480.852997
22431.250000 778.914185 1.134000 480.958008
22432.000000 779.119446 1.134000 481.058014
22433.250000 779.322571 1.134000 481.153992
22434.125000 779.523926 1.134000 481.253998
22435.125000 779.733276 1.134000 481.352997
22435.625000 779.934875 1.134000 481.458008
22437.375000 780.136108 1.134000 481.562988
22438.750000 780.337341 1.134000 481.662994
22441.750000 780.538574 1.134000 481.757996
22442.625000 780.739685 1.134000 481.863007
22443.250000 780.940918 1.176000 481.958008
22446.500000 781.141663 1.176000 482.062988
22448.375000 781.342896 1.176000 482.162994
22448.625000 781.544006 1.176000 482.257996
22449.375000 781.745239 1.176000 482.368011
22451.500000 781.946472 1.176000 482.467987
22453.125000 782.147705 1.176000 482.558014
22454.625000 782.348938 1.176000 482.662994
22455.625000 782.550171 1.176000 482.757996
22456.750000 782.751160 1.176000 482.858002
22457.750000 782.952271 1.176000 482.958008
22459.375000 783.153503 1.176000 483.062988
22460.375000 783.354614 1.176000 483.157990
22462.250000 783.555237 1.058000 483.257996
22463.250000 783.756348 1.058000 483.363007
22464.625000 783.957703 1.058000 483.453003
22466.250000 784.161011 1.058000 483.553986
22467.750000 784.370361 1.058000 483.657990
22469.250000 784.571472 1.058000 483.757996
22471.625000 784.772705 1.058000 483.858002
22474.375000 784.973938 1.058000 483.958008
22477.250000 785.175049 1.058000 484.062988
22480.375000 785.376282 1.058000 484.167999
22482.500000 785.577759 1.058000 484.257996
22485.375000 785.778992 1.058000 484.368011
22487.750000 785.778992 1.058000 484.454010
22490.625000 786.184998 1.102000 484.559998
22493.000000 786.184998 1.102000 484.648010
22496.875000 786.422363 1.102000 484.752991
22500.125000 786.623718 1.102000 484.858002
22502.750000 786.826721 1.102000 484.953003
22506.750000 787.041870 1.102000 485.058014
22510.000000 787.271606 1.102000 485.154999
22512.500000 787.475098 1.102000 485.260010
22516.250000 787.715942 1.102000 485.365997
22518.750000 787.920837 1.102000 485.459991
22522.000000 788.126099 1.102000 485.553009
22524.375000 788.327271 1.102000 485.651001
22528.250000 788.528564 1.102000 485.760986
22538.125000 788.729553 1.249000 485.850006
22542.250000 788.933472 1.249000 485.959991
22545.125000 789.134644 1.249000 486.049988
22548.375000 789.335815 1.249000 486.160004
22551.125000 789.541260 1.249000 486.256989
22554.250000 789.742859 1.249000 486.367004
22556.500000 789.950073 1.249000 486.450012
22562.250000 790.161194 1.249000 486.559998
22566.375000 790.362915 1.249000 486.665009
22571.125000 790.564026 1.249000 486.760010
22576.375000 790.765137 1.249000 486.869995
22581.875000 790.966858 1.249000 486.970001
22588.500000 791.168335 1.249000 487.070007
22620.000000 791.369080 1.178000 487.160004
22629.875000 791.572937 1.178000 487.269989
22640.000000 791.774170 1.178000 487.369995
22646.500000 791.985413 1.178000 487.470001
22653.500000 792.186890 1.178000 487.570007
22659.375000 792.390137 1.178000 487.665985
22664.750000 792.390137 1.178000 487.750000
22671.625000 792.603455 1.178000 487.855011
22683.875000 792.810669 1.178000 487.957001
22690.875000 793.228821 1.178000 488.067993
22698.250000 793.228821 1.178000 488.162994
22704.500000 793.467957 1.178000 488.265015
22710.875000 793.675415 1.178000 488.364990
22716.500000 793.876648 1.213000 488.459991
22725.750000 794.081482 1.213000 488.562012
22732.500000 794.282715 1.213000 488.666992
22738.625000 794.489990 1.213000 488.760010
22746.875000 794.691101 1.213000 488.855011
22754.625000 794.930298 1.213000 488.964996
22761.625000 795.130371 1.213000 489.067993
22766.500000 795.130371 1.213000 489.154999
22779.000000 795.331726 1.213000 489.268005
22786.875000 795.474548 1.213000 489.363007
22793.750000 795.555054 1.213000 489.472992
22796.875000 795.555054 1.213000 489.567993
22799.250000 795.607971 1.213000 489.662994
22807.375000 795.607971 1.111000 489.773010
22812.500000 795.607971 1.111000 489.872986
22822.250000 795.618103 1.111000 489.963013
22824.375000 795.618103 1.111000 490.053009
22825.000000 795.619507 1.111000 490.167999
22826.750000 795.619507 1.111000 490.274994
22827.125000 795.619507 1.111000 490.364990
22828.250000 795.640625 1.111000 490.470001
22830.625000 795.640625 1.111000 490.565002
22834.500000 795.736938 1.111000 490.674988
22836.250000 795.736938 1.111000 490.765015
22839.750000 795.736938 1.111000 490.865997
22851.125000 795.941223 1.066000 490.964996
22854.250000 795.941223 1.066000 491.062012
22858.000000 796.146545 1.066000 491.160004
22862.250000 796.348145 1.066000 491.265015
22867.250000 796.348145 1.066000 491.363007
22873.125000 796.553589 1.066000 491.464996
22879.125000 796.762573 1.066000 491.559998
22884.875000 796.975891 1.066000 491.654999
22986.625000 797.176819 1.066000 491.766998
22997.500000 797.359619 1.066000 491.856995
23005.875000 797.511902 1.066000 491.967010
23014.750000 797.622437 1.066000 492.066986
23035.500000 797.700806 1.013000 492.157013
23040.125000 797.700806 1.013000 492.265015
23043.125000 797.747620 1.013000 492.356995
23044.500000 797.758850 1.013000 492.467010
23046.125000 797.761108 1.013000 492.557007
23046.875000 797.761108 1.013000 492.666992
23048.375000 797.761108 1.013000 492.768005
23049.000000 797.773682 1.013000 492.867004
23049.125000 797.773682 1.013000 492.967010
23049.750000 797.783264 1.013000 493.066986
23051.625000 797.783264 1.013000 493.167999
23053.250000 797.783264 1.013000 493.257996
23055.500000 797.783264 1.092000 493.368011
23056.875000 797.886047 1.092000 493.467010
23059.000000 797.886047 1.092000 493.566986
23061.750000 798.103577 1.092000 493.666992
23065.625000 798.303650 1.092000 493.773987
23071.125000 798.303650 1.092000 493.864014
23077.375000 798.511841 1.092000 493.967010
23084.875000 798.738647 1.092000 494.066986
23094.500000 798.945862 1.092000 494.166992
23104.625000 799.151489 1.092000 494.261993
23116.000000 799.352905 1.092000 494.362000
23126.000000 799.554321 1.092000 494.467010
23136.500000 799.755554 1.092000 494.557007
23148.875000 799.961792 1.018000 494.657013
23160.125000 800.163452 1.018000 494.766998
23171.000000 800.371765 1.018000 494.867004
23179.875000 800.572937 1.018000 494.967010
23189.250000 800.773926 1.018000 495.066986
23199.875000 800.981262 1.018000 495.165009
23211.250000 801.186340 1.018000 495.278015
23242.625000 801.398193 1.018000 495.371002
23255.375000 801.599121 1.018000 495.464996
23278.500000 801.599121 1.018000 495.570007
23291.625000 801.800598 1.018000 495.670013
23303.750000 802.008484 1.018000 495.765015
23322.750000 802.216858 1.073000 495.876007
23333.750000 802.216858 1.073000 495.959991
23346.375000 802.422607 1.073000 496.070007
23359.625000 802.631714 1.073000 496.170990
23373.750000 802.832825 1.073000 496.265015
23388.875000 803.040405 1.073000 496.369995
23402.125000 803.248047 1.073000 496.471008
23414.875000 803.457825 1.073000 496.562012
23428.250000 803.670532 1.073000 496.661987
23442.625000 803.873779 1.073000 496.773010
23454.875000 804.075012 1.073000 496.859985
23467.875000 804.276672 1.073000 496.976990
23478.250000 804.477783 1.073000 497.071991
23495.625000 804.685120 1.139000 497.160004
23508.875000 804.927551 1.139000 497.265015
23521.000000 805.133484 1.139000 497.364990
23530.625000 805.334717 1.139000 497.470001
23540.625000 805.566467 1.139000 497.570007
23560.750000 805.775696 1.139000 497.660004
23571.875000 805.775696 1.139000 497.755005
23581.500000 805.982544 1.139000 497.871002
23599.000000 806.185669 1.139000 497.967010
23610.750000 806.293091 1.139000 498.071991
23663.250000 806.367615 1.139000 498.170013
23676.750000 806.367615 1.139000 498.269989
23684.250000 806.410095 1.139000 498.359985
23704.125000 806.419800 1.130000 498.459991
23708.000000 806.419800 1.130000 498.571991
23712.750000 806.419800 1.130000 498.666992
23715.125000 806.419800 1.130000 498.769012
23720.500000 806.419800 1.130000 498.860992
23722.750000 806.419800 1.130000 498.975006
23723.750000 806.450684 1.130000 499.065002
23725.500000 806.450684 1.130000 499.161987
23727.625000 806.450684 1.130000 499.266998
23730.125000 806.494934 1.130000 499.367004
23732.375000 806.494934 1.130000 499.471985
23736.125000 806.494934 1.130000 499.557007
23739.250000 806.697449 1.130000 499.667999
23743.500000 806.697449 1.206000 499.766998
23747.750000 806.899902 1.206000 499.862000
23753.750000 806.899902 1.206000 499.967010
23758.000000 807.102661 1.206000 500.062012
23763.750000 807.329956 1.206000 500.166992
23771.875000 807.544373 1.206000 500.266998
23779.125000 807.769836 1.206000 500.368011
23786.875000 807.971130 1.206000 500.467010
23795.000000 808.172546 1.206000 500.566986
23803.250000 808.374023 1.206000 500.666992
23809.875000 808.583374 1.206000 500.766998
23814.750000 808.786560 1.206000 500.867004
23820.125000 808.987610 1.056000 500.967010
23826.250000 809.188660 1.056000 501.059998
23831.750000 809.389893 1.056000 501.166992
23838.750000 809.607117 1.056000 501.274994
23843.250000 809.812500 1.056000 501.367004
23848.000000 810.013245 1.056000 501.467010
23852.750000 810.214478 1.056000 501.562012
23858.125000 810.415833 1.056000 501.666992
23863.750000 810.617249 1.056000 501.761993
23872.750000 810.818481 1.056000 501.867004
23879.250000 811.019653 1.056000 501.971985
23884.750000 811.223083 1.056000 502.072998
23891.625000 811.432312 1.056000 502.166992
23896.250000 811.633240 1.056000 502.266998
23901.250000 811.834473 1.281000 502.367004
23907.125000 812.035706 1.281000 502.467010
23912.500000 812.035706 1.281000 502.557007
23917.625000 812.236816 1.281000 502.661987
23922.750000 812.639404 1.281000 502.766998
23928.000000 812.842712 1.281000 502.868011
23934.375000 812.842712 1.281000 502.963989
23940.375000 813.249451 1.281000 503.075012
23945.375000 813.249451 1.281000 503.157013
24003.500000 813.484436 1.281000 503.273010
24016.875000 813.692627 1.281000 503.364990
24025.625000 813.869812 1.281000 503.475006
24031.875000 814.015503 1.281000 503.565002
24038.750000 814.132935 1.281000 503.670013
24045.375000 814.132935 1.171000 503.774994
24059.875000 814.132935 1.171000 503.864990
24061.750000 814.262329 1.171000 503.975006
24064.125000 814.269592 1.171000 504.065002
24066.250000 814.270081 1.171000 504.177002
24067.125000 814.270081 1.171000 504.252014
24068.750000 814.270081 1.171000 504.372009
24069.625000 814.283630 1.171000 504.472992
24070.000000 814.283630 1.171000 504.562988
24070.375000 814.283630 1.171000 504.661987
24070.750000 814.300537 1.171000 504.752014
24071.125000 814.300537 1.171000 504.867004
24071.875000 814.300537 1.171000 504.962006
24073.125000 814.459839 1.171000 505.070007
24074.000000 814.459839 1.259000 505.171997
24075.625000 814.459839 1.259000 505.261993
24078.000000 814.665222 1.259000 505.362000
24079.500000 814.865479 1.259000 505.470001
24081.250000 814.865479 1.259000 505.552002
24083.750000 815.068298 1.259000 505.671997
24085.875000 815.277039 1.259000 505.761993
24088.250000 815.478333 1.259000 505.862000
24091.250000 815.681213 1.259000 505.971985
24093.500000 815.890564 1.259000 506.076996
24097.125000 816.091736 1.259000 506.166992
24099.500000 816.296997 1.259000 506.277008
24104.375000 816.502441 1.023000 506.381012
24108.625000 816.711548 1.023000 506.476013
24111.375000 816.912476 1.023000 506.566010
24113.625000 817.113464 1.023000 506.682007
24117.000000 817.316589 1.023000 506.778015
24120.250000 817.520142 1.023000 506.877014
24123.000000 817.729675 1.023000 506.967010
24125.375000 817.930664 1.023000 507.082001
24126.875000 818.131653 1.023000 507.171997
24128.625000 818.332947 1.023000 507.277008
24130.500000 818.534241 1.023000 507.372009
24133.000000 818.735901 1.023000 507.476990
24135.000000 818.937134 1.023000 507.566986
24136.250000 819.138245 1.035000 507.671997
24138.750000 819.359680 1.035000 507.772003
24140.750000 819.578552 1.035000 507.876007
24143.250000 819.779785 1.035000 507.980011
24145.250000 819.983215 1.035000 508.076996
24147.750000 820.214478 1.035000 508.177002
24150.375000 820.415527 1.035000 508.278992
24156.125000 820.622375 1.035000 508.377014
24159.625000 820.820374 1.035000 508.476990
24174.250000 820.984924 1.035000 508.576996
24178.500000 820.984924 1.035000 508.677002
24190.375000 821.113525 1.035000 508.786011
24194.375000 821.213196 1.002000 508.877014
24197.625000 821.282959 1.002000 508.987000
24201.000000 821.320435 1.002000 509.087006
24202.250000 821.320435 1.002000 509.175995
24203.000000 821.327209 1.002000 509.270996
24203.250000 821.327209 1.002000 509.381989
24204.750000 821.343384 1.002000 509.476013
24205.750000 821.343384 1.002000 509.585999
24207.500000 821.343384 1.002000 509.681000
24208.750000 821.343384 1.002000 509.781006
24211.000000 821.546021 1.002000 509.876007
24213.375000 821.748047 1.002000 509.980988
24220.875000 821.748047 0.955000 510.080994
24223.375000 821.958618 0.955000 510.181000
24227.750000 822.161621 0.955000 510.286011
24230.625000 822.369324 0.955000 510.385986
24233.125000 822.570007 0.955000 510.487000
24236.375000 822.771362 0.955000 510.585999
24240.000000 822.972717 0.955000 510.686005
24243.500000 823.180054 0.955000 510.789001
24253.875000 823.381348 0.955000 510.894012
24256.625000 823.381348 0.955000 510.989014
24261.375000 823.590088 0.955000 511.084015
24264.875000 823.992676 0.949000 511.194000
24269.375000 823.992676 0.949000 511.289001
24273.750000 824.193909 0.949000 511.381012
24278.000000 824.395142 0.949000 511.476013
24281.250000 824.600159 0.949000 511.580994
24284.375000 824.811768 0.949000 511.675995
24286.875000 825.012939 0.949000 511.781006
24291.625000 825.214355 0.949000 511.881012
24296.625000 825.415405 0.949000 511.980988
24300.875000 825.616699 0.949000 512.080994
24303.625000 825.817932 0.949000 512.181030
24305.625000 826.018799 0.949000 512.286987
24307.625000 826.222229 0.949000 512.382019
24311.500000 826.431580 0.975000 512.481018
24314.250000 826.632751 0.975000 512.580994
24317.375000 826.834106 0.975000 512.685974
24321.000000 827.035583 0.975000 512.781006
24326.000000 827.236877 0.975000 512.885986
24330.500000 827.438232 0.975000 512.976990
24335.250000 827.659668 0.975000 513.080994
24339.625000 827.917725 0.975000 513.189026
24343.875000 828.123352 0.975000 513.283997
24348.500000 828.324646 0.975000 513.380981
24353.625000 828.559448 0.975000 513.482971
24359.125000 828.760681 0.975000 513.588013
24363.000000 828.970093 0.975000 513.681030
24368.250000 829.179688 1.059000 513.781006
24375.000000 829.380493 1.059000 513.880981
24381.625000 829.583862 1.059000 513.981018
24388.250000 829.793274 1.059000 514.080994
24394.125000 829.994446 1.059000 514.185974
24400.250000 830.195374 1.059000 514.286011
24409.500000 830.398743 1.059000 514.390991
24415.125000 830.398743 1.059000 514.484009
24422.000000 830.618164 1.059000 514.580994
24430.625000 830.819885 1.059000 514.681030
24439.375000 831.024780 1.059000 514.786011
24448.625000 831.246155 1.059000 514.890991
24458.250000 831.457520 1.059000 514.986023
24475.500000 831.662415 1.076000 515.085999
24485.250000 831.862427 1.076000 515.185974
24494.125000 832.069763 1.076000 515.294006
24502.250000 832.270630 1.076000 515.393982
24511.000000 832.471863 1.076000 515.484009
24518.875000 832.676819 1.076000 515.586975
24529.500000 832.877869 1.076000 515.690979
24536.500000 833.079285 1.076000 515.781006
24543.500000 833.280884 1.076000 515.890991
24550.500000 833.482361 1.076000 515.991028
24557.250000 833.683350 1.076000 516.096008
24565.875000 833.884583 1.076000 516.190979
24572.625000 834.085693 1.076000 516.291016
24579.625000 834.291626 1.002000 516.390991
24589.000000 834.493713 1.002000 516.495972
24627.875000 834.702454 1.002000 516.596008
24636.875000 834.702454 1.002000 516.690002
24644.750000 834.931946 1.002000 516.786011
24653.875000 835.137512 1.002000 516.887024
24661.125000 835.358093 1.002000 516.981018
24671.875000 835.575134 1.002000 517.088989
24685.750000 835.783875 1.002000 517.192017
24703.500000 835.783875 1.002000 517.286987
24713.250000 835.990601 1.002000 517.392029
24722.875000 836.192566 1.002000 517.492004
24728.500000 836.192566 1.002000 517.591980
24742.500000 836.396484 1.114000 517.692017
24748.750000 836.396484 1.114000 517.791992
24752.750000 836.600281 1.114000 517.893005
24759.250000 836.804382 1.114000 517.992981
24764.125000 836.804382 1.114000 518.093018
24769.125000 837.039185 1.114000 518.190002
24774.000000 837.248291 1.114000 518.289001
24779.000000 837.449463 1.114000 518.398987
24804.500000 837.657593 1.114000 518.499023
24812.625000 837.873474 1.114000 518.598999
24821.000000 838.037903 1.114000 518.689026
24825.375000 838.037903 1.114000 518.789978
24836.125000 838.197144 1.114000 518.890015
24841.875000 838.197144 1.062000 518.997986
24844.000000 838.319092 1.062000 519.090027
24846.500000 838.319092 1.062000 519.190979
24849.625000 838.447021 1.062000 519.289978
24854.375000 838.447021 1.062000 519.390015
24856.875000 838.447021 1.062000 519.489990
24859.750000 838.656494 1.062000 519.590027
24863.750000 838.656494 1.062000 519.690002
24867.000000 838.910278 1.062000 519.797974
24873.750000 839.127625 1.062000 519.898010
24878.125000 839.328125 1.062000 519.997986
24882.000000 839.533264 1.062000 520.090027
24885.875000 839.734863 1.062000 520.190002
24891.250000 839.936096 1.063000 520.289978
24896.250000 840.137329 1.063000 520.390015
24901.375000 840.340210 1.063000 520.495972
24905.500000 840.549622 1.063000 520.590027
24910.750000 840.750732 1.063000 520.690002
24914.000000 840.750732 1.063000 520.783020
24919.125000 841.163574 1.063000 520.890015
24928.250000 841.163574 1.063000 520.991028
24937.625000 841.371338 1.063000 521.056030
24946.000000 841.574463 1.063000 521.192993
24952.375000 841.777893 1.063000 521.286011
24960.625000 842.010986 1.063000 521.385010
24967.375000 842.236572 1.063000 521.494995
24977.375000 842.468262 1.063000 521.591980
24990.875000 842.707153 1.071000 521.692017
24996.250000 842.910339 1.071000 521.786987
25006.375000 843.115601 1.071000 521.887024
25015.875000 843.322632 1.071000 521.981995
25025.125000 843.523865 1.071000 522.086975
25035.375000 843.725342 1.071000 522.187012
25044.250000 843.926575 1.071000 522.286987
25053.875000 844.127869 1.071000 522.387024
25065.500000 844.328918 1.071000 522.492004
25072.625000 844.530029 1.071000 522.591980
25081.000000 844.530029 1.071000 522.677002
25092.000000 844.932312 1.071000 522.781982
25100.500000 845.135254 1.071000 522.887024
25135.625000 845.338196 0.996000 522.992004
25143.500000 845.338196 0.996000 523.088013
25151.750000 845.543030 0.996000 523.187012
25159.500000 845.764404 0.996000 523.276978
25168.625000 846.015747 0.996000 523.392029
25178.625000 846.217102 0.996000 523.492004
25185.125000 846.428345 0.996000 523.586975
25193.125000 846.629456 0.996000 523.687012
25201.125000 846.832703 0.996000 523.786987
25207.625000 847.072144 0.996000 523.892029
25215.000000 847.283630 0.996000 523.987000
25221.375000 847.486877 0.996000 524.081970
25228.875000 847.696228 0.996000 524.187012
25240.125000 847.904968 1.008000 524.281982
25250.875000 848.118469 1.008000 524.392029
25258.375000 848.322083 1.008000 524.492004
25265.000000 848.322083 1.008000 524.577026
25274.250000 848.565613 1.008000 524.682007
25280.875000 848.770874 1.008000 524.776978
25287.125000 848.973816 1.008000 524.888000
25299.000000 849.203186 1.008000 524.992004
25307.125000 849.403381 1.008000 525.086975
25318.750000 849.609619 1.008000 525.187012
25328.250000 849.782715 1.008000 525.286987
25339.875000 849.922852 1.008000 525.387024
25365.375000 850.029724 1.008000 525.500000
25376.250000 850.029724 1.012000 525.593018
25393.000000 850.138733 1.012000 525.692017
25399.625000 850.138733 1.012000 525.786987
25407.375000 850.158508 1.012000 525.872009
25414.625000 850.158508 1.012000 525.981995
25418.375000 850.158508 1.012000 526.091980
25419.500000 850.158508 1.012000 526.197998
25427.000000 850.158508 1.012000 526.291992
25429.125000 850.158508 1.012000 526.392029
25432.000000 850.158508 1.012000 526.492004
25433.125000 850.158508 1.012000 526.591980
25435.250000 850.158508 1.012000 526.687012
25435.750000 850.158508 1.012000 526.786987
25437.000000 850.158508 1.016000 526.877014
25438.625000 850.158508 1.016000 526.987000
25439.500000 850.325684 1.016000 527.086975
25441.250000 850.325684 1.016000 527.189026
25443.375000 850.531311 1.016000 527.291992
25444.875000 850.735474 1.016000 527.387024
25447.125000 850.735474 1.016000 527.492981
25463.500000 850.937561 1.016000 527.591980
25467.375000 851.150208 1.016000 527.689026
25475.250000 851.336121 1.016000 527.791992
25477.875000 851.336121 1.016000 527.887024
25479.500000 851.536804 1.016000 527.987000
25482.250000 851.743652 1.016000 528.093018
25505.750000 851.946899 0.982000 528.187012
25508.250000 852.173035 0.982000 528.291992
25517.625000 852.380920 0.982000 528.392029
25520.125000 852.587463 0.982000 528.487000
25523.875000 852.793396 0.982000 528.586975
25527.000000 853.000732 0.982000 528.697021
25528.125000 853.212158 0.982000 528.793030
25529.750000 853.415588 0.982000 528.895020
25533.750000 853.617065 0.982000 529.000000
25537.625000 853.821960 0.982000 529.091980
25539.125000 853.821960 0.982000 529.187012
25543.250000 854.224487 0.982000 529.291992
25545.250000 854.224487 0.982000 529.377014
25549.250000 854.429688 0.992000 529.489990
25551.375000 854.636658 0.992000 529.586975
25554.875000 854.837402 0.992000 529.687012
25560.250000 854.837402 0.992000 529.791992
25562.625000 855.043579 0.992000 529.892029
25564.625000 855.245178 0.992000 529.987000
25567.125000 855.448853 0.992000 530.093018
25568.750000 855.448853 0.992000 530.187012
25573.125000 855.668274 0.992000 530.293030
25575.750000 855.781860 0.992000 530.377014
25579.000000 855.858826 0.992000 530.492004
25581.250000 855.858826 0.992000 530.586975
25594.750000 855.899475 0.992000 530.692017
25598.875000 855.907410 0.992000 530.788025
25602.000000 855.907410 1.058000 530.888000
25603.250000 855.907410 1.058000 530.987976
25617.500000 855.907410 1.058000 531.094971
25618.625000 855.907410 1.058000 531.203003
25619.875000 855.907410 1.058000 531.297974
25620.500000 855.907410 1.058000 531.388000
25622.250000 855.907410 1.058000 531.497986
25627.875000 855.907410 1.058000 531.598022
25633.375000 855.907410 1.058000 531.697998
25651.250000 855.907410 1.058000 531.802979
25655.625000 855.907410 1.058000 531.882996
25657.625000 855.907410 1.058000 531.992981
25659.750000 855.907410 1.058000 532.088013
25661.750000 855.907410 0.971000 532.192993
25666.875000 855.907410 0.971000 532.289978
25669.125000 855.907410 0.971000 532.393005
25671.125000 855.907410 0.971000 532.487976
25671.250000 855.907410 0.971000 532.593018
25671.500000 855.907410 0.971000 532.687988
25672.250000 855.907410 0.971000 532.778015
25673.125000 855.907410 0.971000 532.892029
25673.625000 855.907410 0.971000 532.992981
25674.375000 856.122437 0.971000 533.088013
25675.125000 856.122437 0.971000 533.187988
25676.250000 856.327454 0.971000 533.273010
25677.750000 856.536987 0.961000 533.393005
25678.625000 856.739197 0.961000 533.487976
25679.875000 856.939453 0.961000 533.588013
25681.875000 857.140442 0.961000 533.692993
25685.375000 857.343811 0.961000 533.788025
25687.125000 857.544800 0.961000 533.893982
25689.375000 857.745911 0.961000 533.989014
25692.250000 857.947144 0.961000 534.088989
25693.625000 857.947144 0.961000 534.171997
25694.375000 858.355347 0.961000 534.286987
25695.625000 858.556702 0.961000 534.392029
25697.250000 858.760071 0.961000 534.492004
25699.000000 858.969238 0.961000 534.588013
25700.625000 858.969238 0.941000 534.687012
25701.625000 859.178406 0.941000 534.791992
25703.500000 859.416443 0.941000 534.893005
25704.625000 859.624695 0.941000 534.992004
25706.375000 859.830200 0.941000 535.091980
25707.625000 860.033691 0.941000 535.187988
25708.750000 860.033691 0.941000 535.291992
25711.500000 860.033691 0.941000 535.392029
25713.000000 860.249939 0.941000 535.487000
25714.125000 860.249939 0.941000 535.586975
25715.000000 860.415100 0.941000 535.687012
25716.375000 860.415100 0.941000 535.791992
25717.375000 860.633789 0.941000 535.887024
25719.000000 860.633789 0.952000 535.992004
25719.750000 860.835999 0.952000 536.093994
25721.375000 861.047119 0.952000 536.192017
25723.125000 861.248230 0.952000 536.283997
25724.625000 861.449402 0.952000 536.388977
25726.125000 861.650635 0.952000 536.489014
25727.625000 861.854126 0.952000 536.588989
25729.500000 862.063293 0.952000 536.689026
25730.875000 862.294861 0.952000 536.789001
25732.000000 862.495972 0.952000 536.890015
25733.125000 862.697327 0.952000 536.989014
25734.500000 862.908813 0.952000 537.086975
25737.500000 863.119690 0.929000 537.189026
25739.125000 863.323853 0.929000 537.297974
25739.875000 863.529419 0.929000 537.395020
25741.625000 863.730713 0.929000 537.489990
25744.875000 863.932007 0.929000 537.590027
25746.625000 864.133423 0.929000 537.692993
25747.875000 864.338318 0.929000 537.789978
25749.500000 864.547546 0.929000 537.890015
25751.750000 864.756775 0.929000 537.989990
25753.375000 864.959778 0.929000 538.091003
25754.500000 865.169128 0.929000 538.190002
25755.500000 865.372498 0.929000 538.291016
25756.625000 865.372498 0.939000 538.390015
25758.375000 865.581909 0.939000 538.474976
25759.500000 865.783813 0.939000 538.593018
25761.500000 865.986877 0.939000 538.690002
25762.750000 866.195984 0.939000 538.789978
25763.875000 866.398804 0.939000 538.890015
25765.875000 866.608521 0.939000 538.989990
25767.875000 866.809692 0.939000 539.091003
25772.000000 867.010986 0.939000 539.190979
25773.750000 867.217896 0.939000 539.280029
25777.375000 867.414856 0.939000 539.398987
25779.000000 867.566040 0.939000 539.487000
25780.375000 867.681519 0.939000 539.585022
25784.000000 867.681519 0.947000 539.690979
25788.000000 867.681519 0.947000 539.793030
25788.875000 867.820496 0.947000 539.885010
25790.750000 867.829224 0.947000 539.989990
25793.250000 867.829224 0.947000 540.090027
25795.625000 867.829224 0.947000 540.190002
25798.125000 867.829224 0.947000 540.289978
25800.375000 867.829224 0.947000 540.390015
25803.000000 867.829224 0.947000 540.489990
25804.250000 867.829224 0.947000 540.591003
25805.500000 867.829224 0.947000 540.679993
25806.625000 867.829224 0.947000 540.789978
25806.875000 867.829224 0.916000 540.890015
25807.000000 867.829224 0.916000 541.000000
25808.000000 867.829224 0.916000 541.096008
25808.375000 867.829224 0.916000 541.195984
25808.625000 867.829224 0.916000 541.289978
25808.750000 867.829224 0.916000 541.385010
25809.125000 867.829224 0.916000 541.491028
25809.125000 867.833191 0.916000 541.591980
25809.500000 867.833191 0.916000 541.692017
25809.875000 867.833191 0.916000 541.788025
25809.875000 867.861511 0.916000 541.892029
25810.500000 867.861511 0.916000 541.997009
25810.625000 867.861511 0.899000 542.093018
25811.125000 868.024475 0.899000 542.193970
25812.000000 868.024475 0.899000 542.291992
25812.625000 868.241821 0.899000 542.393005
25813.625000 868.241821 0.899000 542.492004
25815.375000 868.480896 0.899000 542.591980
25817.250000 868.702515 0.899000 542.700012
25821.000000 868.903503 0.899000 542.794983
25823.625000 869.133057 0.899000 542.898987
25825.250000 869.352356 0.899000 542.992004
25826.750000 869.561707 0.899000 543.091980
25828.625000 869.763367 0.899000 543.187012
25830.625000 869.968384 0.899000 543.294006
25862.375000 870.181030 0.912000 543.393005
25866.125000 870.181030 0.912000 543.487000
25868.500000 870.592896 0.912000 543.593018
25870.750000 870.592896 0.912000 543.687012
25872.500000 870.794312 0.912000 543.789001
25874.875000 870.997742 0.912000 543.890015
25877.000000 871.198975 0.912000 543.989014
25878.375000 871.603271 0.912000 544.094971
25881.250000 871.810669 0.912000 544.197998
25883.125000 872.011902 0.912000 544.297974
25884.000000 872.011902 0.912000 544.343018
25885.375000 872.233276 0.912000 544.439026
25887.000000 872.436646 0.912000 544.534973
25888.250000 872.642395 0.918000 544.629028
25889.625000 872.851196 0.918000 544.734009
25891.000000 873.054443 0.918000 544.833984
25892.250000 873.263733 0.918000 544.937012
25893.375000 873.464783 0.918000 545.033997
25894.875000 873.464783 0.918000 545.124023
25896.500000 873.881104 0.918000 545.236023
25898.125000 873.881104 0.918000 545.328979
25899.750000 874.092224 0.918000 545.434021
25901.000000 874.299683 0.918000 545.541992
25902.750000 874.507385 0.918000 545.635010
25903.500000 874.732849 0.918000 545.734985
25910.000000 874.935913 0.936000 545.835999
25910.875000 875.172180 0.936000 545.934021
25911.125000 875.373413 0.936000 546.039001
25911.500000 875.580872 0.936000 546.146973
25912.500000 875.781982 0.936000 546.229004
25913.875000 875.987122 0.936000 546.336975
25923.875000 876.190674 0.936000 546.442993
25926.000000 876.390930 0.936000 546.539001
25927.125000 876.390930 0.936000 546.646973
25928.500000 876.597168 0.936000 546.747009
25929.875000 876.801880 0.936000 546.844971
25931.500000 877.005737 0.936000 546.939026
25933.250000 877.214966 0.936000 547.038025
25939.250000 877.415100 0.952000 547.138000
25940.875000 877.617859 0.952000 547.242981
25941.875000 877.821411 0.952000 547.343018
25943.750000 878.032959 0.952000 547.458008
25945.500000 878.254089 0.952000 547.557983
25947.000000 878.461548 0.952000 547.656006
25948.125000 878.698975 0.952000 547.749023
25948.750000 878.904114 0.952000 547.846008
25950.250000 879.105347 0.952000 547.935974
25952.125000 879.310486 0.952000 548.043030
25953.000000 879.511719 0.952000 548.148987
25954.000000 879.713074 0.952000 548.247986
25959.250000 879.919922 0.977000 548.348022
25960.250000 879.919922 0.977000 548.443970
25960.875000 880.127563 0.977000 548.544006
25961.500000 880.538208 0.977000 548.651978
25961.875000 880.538208 0.977000 548.750000
25962.375000 880.745422 0.977000 548.841003
25962.750000 880.948547 0.977000 548.950989
25963.000000 881.350891 0.977000 549.056030
25963.375000 881.350891 0.977000 549.155029
25963.625000 881.559875 0.977000 549.255005
25964.250000 881.760986 0.977000 549.349976
25964.375000 881.961975 0.977000 549.440979
25964.875000 882.163086 0.977000 549.544983
25968.625000 882.364502 1.053000 549.645996
25969.500000 882.610779 1.053000 549.744995
25969.625000 882.818970 1.053000 549.844971
25970.125000 883.020081 1.053000 549.945007
25970.625000 883.225525 1.053000 550.046021
25971.875000 883.432800 1.053000 550.145020
25973.000000 883.644531 1.053000 550.247009
25974.000000 883.845764 1.053000 550.344971
25975.000000 884.087280 1.053000 550.445007
25976.000000 884.305115 1.053000 550.552979
25977.250000 884.506714 1.053000 550.653015
25978.125000 884.707703 1.053000 550.752991
25979.125000 884.908936 1.006000 550.853027
25979.875000 885.118774 1.006000 550.953003
25980.500000 885.320007 1.006000 551.047974
25981.250000 885.531738 1.006000 551.145020
25981.750000 885.531738 1.006000 551.242004
25982.125000 885.742859 1.006000 551.341980
25982.750000 885.952087 1.006000 551.442017
25983.000000 886.171204 1.006000 551.551025
25983.875000 886.372437 1.006000 551.651001
25985.000000 886.573669 1.006000 551.750977
25985.750000 886.805176 1.006000 551.851013
25986.250000 887.040710 1.006000 551.953003
25986.750000 887.250061 1.006000 552.041992
25993.000000 887.457581 0.969000 552.142029
26003.000000 887.674255 0.969000 552.247009
26003.875000 887.674255 0.969000 552.336975
26004.500000 887.878601 0.969000 552.442017
26005.375000 888.080688 0.969000 552.541992
26006.125000 888.281921 0.969000 552.646973
26006.875000 888.483276 0.969000 552.755981
26007.750000 888.712402 0.969000 552.841003
26008.875000 888.923767 0.969000 552.948975
26010.250000 889.130737 0.969000 553.049988
26012.875000 889.372253 0.969000 553.148987
26015.250000 889.575500 0.969000 553.249023
26018.875000 889.821411 0.936000 553.349976
26023.000000 890.028381 0.936000 553.455017
26027.000000 890.237793 0.936000 553.549011
26032.000000 890.439026 0.936000 553.643982
26035.875000 890.640259 0.936000 553.744019
26040.250000 890.851257 0.936000 553.854004
26043.000000 891.059509 0.936000 553.939026
26045.625000 891.059509 0.936000 554.049011
26052.625000 891.260071 0.936000 554.148987
26054.375000 891.465637 0.936000 554.244019
26058.000000 891.465637 0.936000 554.343994
26059.750000 891.673157 0.936000 554.434021
26061.375000 891.878052 0.936000 554.544983
26070.000000 892.080933 0.983000 554.656982
26073.875000 892.290527 0.983000 554.757019
26075.750000 892.491638 0.983000 554.856995
26076.750000 892.692749 0.983000 554.956970
26077.625000 892.893738 0.983000 555.049011
26080.000000 893.099365 0.983000 555.153992
26080.875000 893.300415 0.983000 555.244019
26083.625000 893.531921 0.983000 555.348999
26084.000000 893.743164 0.983000 555.448975
26086.000000 893.944458 0.983000 555.533997
26086.500000 894.145691 0.983000 555.638977
26089.125000 894.352783 0.983000 555.739014
26092.500000 894.558044 0.983000 555.848999
26094.125000 894.759216 0.975000 555.960999
26094.875000 894.960388 0.975000 556.049011
26095.625000 895.163757 0.975000 556.138977
26096.625000 895.373230 0.975000 556.252014
26097.750000 895.574524 0.975000 556.348999
26100.125000 895.777649 0.975000 556.455017
26101.250000 895.981079 0.975000 556.549011
26107.750000 896.185486 0.975000 556.648987
26114.625000 896.185486 0.975000 556.754028
26128.000000 896.372864 0.975000 556.849976
26132.125000 896.527039 0.975000 556.939026
26148.000000 896.646790 0.975000 557.049011
26151.625000 896.745300 0.975000 557.148987
26156.375000 896.793335 0.975000 557.249023
26162.375000 896.793335 0.975000 557.343994
26164.750000 896.808228 0.975000 557.448975
26167.375000 896.808228 0.975000 557.539978
26167.875000 896.808228 0.975000 557.648987
26170.125000 896.808228 0.975000 557.749023
26247.875000 896.808228 0.975000 557.856995
26248.875000 896.808228 0.975000 557.952026
26251.000000 896.808228 0.975000 558.057007
26252.500000 896.808228 0.975000 558.148987
26253.750000 896.857117 0.975000 558.260986
26255.000000 896.857117 0.975000 558.348999
26256.375000 896.857117 0.975000 558.448975
26259.250000 897.036865 1.021000 558.549011
26260.500000 897.036865 1.021000 558.653992
26261.875000 897.237549 1.021000 558.744019
26262.250000 897.237549 1.021000 558.849976
26262.625000 897.442078 1.021000 558.939026
26263.000000 897.679321 1.021000 559.052002
26263.750000 897.880798 1.021000 559.153992
26264.250000 898.082031 1.021000 559.239014
26265.250000 898.283386 1.021000 559.348999
26265.625000 898.484619 1.021000 559.448975
26265.875000 898.685852 1.021000 559.549988
26266.625000 898.886841 1.021000 559.650024
26267.250000 899.088135 0.941000 559.744019
26268.000000 899.295593 0.941000 559.836975
26268.375000 899.497009 0.941000 559.953979
26269.125000 899.698181 0.941000 560.046997
26270.250000 899.899536 0.941000 560.151978
26271.000000 900.100769 0.941000 560.247009
26272.125000 900.316162 0.941000 560.354004
26273.125000 900.316162 0.941000 560.442017
26274.750000 900.726440 0.941000 560.547974
26276.500000 900.726440 0.941000 560.638000
26278.000000 900.987976 0.941000 560.742981
26280.000000 901.219421 0.941000 560.848022
26281.125000 901.424438 0.941000 560.950012
26287.500000 901.631042 0.952000 561.052979
26288.875000 901.844543 0.952000 561.146973
26290.375000 902.070374 0.952000 561.254028
26291.375000 902.271423 0.952000 561.351013
26292.875000 902.472412 0.952000 561.450012
26294.500000 902.673340 0.952000 561.565002
26295.375000 902.874451 0.952000 561.635986
26296.750000 903.085632 0.952000 561.750000
26298.125000 903.286743 0.952000 561.849976
26299.875000 903.497986 0.952000 561.960999
26302.625000 903.701355 0.952000 562.046021
26305.250000 903.903259 0.952000 562.146973
26307.625000 904.108521 0.971000 562.252991
26310.250000 904.312195 0.971000 562.359009
26313.250000 904.513306 0.971000 562.458984
26317.375000 904.714539 0.971000 562.559021
26321.000000 904.915649 0.971000 562.656006
26324.750000 905.116882 0.971000 562.750977
26329.125000 905.318298 0.971000 562.854004
26331.875000 905.519409 0.971000 562.958984
26338.875000 905.720886 0.971000 563.054016
26344.250000 905.922119 0.971000 563.158997
26350.000000 906.129272 0.971000 563.242004
26354.750000 906.338379 0.971000 563.351013
26359.125000 906.338379 0.971000 563.434021
26369.375000 906.748474 0.943000 563.551025
26376.000000 906.748474 0.943000 563.651001
26451.875000 906.958801 0.943000 563.750000
26458.000000 907.139648 0.943000 563.844971
26462.125000 907.342896 0.943000 563.960022
26465.750000 907.342896 0.943000 564.065002
26471.875000 907.544312 0.943000 564.155029
26476.375000 907.745239 0.943000 564.257019
26486.125000 907.745239 0.943000 564.351990
26493.375000 907.924866 0.943000 564.442993
26501.250000 908.048767 0.943000 564.526978
26503.875000 908.152832 0.943000 564.642029
26513.625000 908.202515 0.943000 564.741028
26521.750000 908.202515 0.967000 564.851013
26526.125000 908.202515 0.967000 564.945984
26531.250000 908.219116 0.967000 565.051025
26534.125000 908.219116 0.967000 565.151001
26535.250000 908.227844 0.967000 565.245972
26539.125000 908.227844 0.967000 565.351013
26543.000000 908.249329 0.967000 565.445984
26545.375000 908.249329 0.967000 565.552002
26547.875000 908.249329 0.967000 565.645996
26549.500000 908.286133 0.967000 565.726013
26550.375000 908.286133 0.967000 565.854004
26551.500000 908.286133 0.967000 565.950989
26559.875000 908.400635 0.889000 566.046021
26561.750000 908.400635 0.889000 566.135986
26563.750000 908.400635 0.889000 566.250977
26565.125000 908.605103 0.889000 566.351990
26566.750000 908.806152 0.889000 566.447021
26578.625000 908.806152 0.889000 566.531006
26579.875000 909.011841 0.889000 566.659973
26581.750000 909.247986 0.889000 566.760010
26584.375000 909.448975 0.889000 566.854980
26586.625000 909.649902 0.889000 566.955994
26588.375000 909.857239 0.889000 567.051025
26590.500000 910.064758 0.889000 567.153015
26597.000000 910.265991 0.863000 567.245972
26601.125000 910.475708 0.863000 567.351013
26603.125000 910.677002 0.863000 567.455017
26604.875000 910.886658 0.863000 567.575012
26606.875000 911.089539 0.863000 567.640991
26608.125000 911.320923 0.863000 567.752991
26609.625000 911.531921 0.863000 567.835999
26610.500000 911.745483 0.863000 567.956970
26611.375000 911.946716 0.863000 568.051025
26612.125000 912.158142 0.863000 568.145996
26613.625000 912.359314 0.863000 568.250977
26614.750000 912.568237 0.863000 568.346008
26616.000000 912.769409 0.863000 568.450989
26622.625000 912.970642 0.938000 568.551025
26623.875000 913.177979 0.938000 568.651978
26624.125000 913.378845 0.938000 568.750977
26624.375000 913.580017 0.938000 568.851013
26625.750000 913.781372 0.938000 568.945984
26626.750000 913.982849 0.938000 569.051025
26628.000000 914.184082 0.938000 569.151001
26629.750000 914.397522 0.938000 569.257019
26631.750000 914.397522 0.938000 569.336975
26632.125000 914.806946 0.938000 569.458984
26633.625000 914.806946 0.938000 569.551025
26634.625000 915.032288 0.938000 569.651001
26635.625000 915.233765 0.938000 569.755981
26640.500000 915.434998 0.970000 569.846008
26643.750000 915.642029 0.970000 569.956970
26645.375000 915.856323 0.970000 570.051025
26647.375000 916.062378 0.970000 570.146973
26648.625000 916.263672 0.970000 570.231018
26649.625000 916.464844 0.970000 570.351013
26649.875000 916.669922 0.970000 570.450989
26650.125000 916.897339 0.970000 570.551025
26650.125000 917.121216 0.970000 570.648010
26650.125000 917.324524 0.970000 570.752991
26651.250000 917.525696 0.970000 570.843018
26651.875000 917.727478 0.970000 570.953979
26652.500000 917.928833 0.936000 571.043030
26654.125000 918.129578 0.936000 571.159973
26656.875000 918.129578 0.936000 571.239990
26657.750000 918.532166 0.936000 571.353027
26659.375000 918.732971 0.936000 571.447998
26661.875000 918.934143 0.936000 571.547974
26663.625000 919.137268 0.936000 571.643982
26667.125000 919.137268 0.936000 571.742981
26670.625000 919.548096 0.936000 571.853027
26674.500000 919.548096 0.936000 571.942993
26679.125000 919.749329 0.936000 572.038025
26682.750000 920.151917 0.936000 572.153015
26688.250000 920.353027 0.936000 572.247986
26700.875000 920.353027 0.963000 572.333008
26706.000000 920.759888 0.963000 572.453003
26712.500000 920.759888 0.963000 572.547974
26716.875000 921.176453 0.963000 572.659973
26723.125000 921.379578 0.963000 572.760986
26728.250000 921.581055 0.963000 572.861023
26733.750000 921.581055 0.963000 572.955994
26738.750000 921.782166 0.963000 573.051025
26742.750000 921.983398 0.963000 573.153015
26747.125000 922.212830 0.963000 573.250000
26752.750000 922.424072 0.963000 573.348022
26759.250000 922.631409 0.963000 573.453003
26764.750000 922.832703 0.963000 573.547974
26771.750000 923.040283 0.963000 573.661011
26777.250000 923.241394 0.963000 573.750977
26781.750000 923.442505 1.044000 573.833008
26788.000000 923.643433 1.044000 573.945984
26793.750000 923.844666 1.044000 574.056030
26798.625000 924.045898 1.044000 574.140991
26803.625000 924.257385 1.044000 574.250977
26808.250000 924.460388 1.044000 574.357971
26813.875000 924.663513 1.044000 574.442993
26824.000000 924.864868 1.044000 574.552979
26831.500000 925.066101 1.044000 574.648010
26838.625000 925.269714 1.044000 574.752991
26846.000000 925.501038 1.044000 574.843018
26852.000000 925.732605 1.044000 574.942993
26856.500000 925.942139 1.044000 575.047974
26869.125000 926.144409 1.005000 575.143005
26875.625000 926.144409 1.005000 575.242981
26882.375000 926.352844 1.005000 575.343018
26886.750000 926.552979 1.005000 575.442993
26890.625000 926.965698 1.005000 575.552979
26896.625000 926.965698 1.005000 575.651978
26901.500000 927.214905 1.005000 575.747009
26906.250000 927.438171 1.005000 575.853027
26911.750000 927.645386 1.005000 575.955994
26917.625000 927.846741 1.005000 576.060974
26922.250000 928.047729 1.005000 576.156006
26926.375000 928.252991 1.005000 576.252014
26930.625000 928.455994 0.962000 576.354004
26939.000000 928.656982 0.962000 576.458984
26944.875000 928.866150 0.962000 576.546997
26949.875000 929.073853 0.962000 576.651001
26953.250000 929.275208 0.962000 576.755981
26957.875000 929.496582 0.962000 576.856018
26962.625000 929.697815 0.962000 576.955994
26967.000000 929.899048 0.962000 577.056030
26972.500000 930.114441 0.962000 577.146973
26980.375000 930.323669 0.962000 577.252014
26985.125000 930.524963 0.962000 577.341980
26989.125000 930.738342 0.962000 577.447998
26996.500000 930.947571 0.937000 577.546997
27001.250000 931.148254 0.937000 577.646973
27008.500000 931.349487 0.937000 577.752014
27013.000000 931.550842 0.937000 577.841980
27016.875000 931.754272 0.937000 577.958008
27020.625000 931.955505 0.937000 578.033997
27024.375000 932.182983 0.937000 578.156982
27032.250000 932.386108 0.937000 578.247009
27037.625000 932.587524 0.937000 578.351990
27041.625000 932.788940 0.937000 578.452026
27045.000000 932.990173 0.937000 578.552002
27052.375000 933.191528 0.937000 578.646973
27058.625000 933.392883 0.937000 578.747009
27061.875000 933.594116 0.991000 578.851990
27066.625000 933.794617 0.991000 578.947021
27073.500000 933.794617 0.991000 579.041992
27078.500000 934.207275 0.991000 579.151978
27084.500000 934.207275 0.991000 579.247009
27089.125000 934.609741 0.991000 579.351990
27093.250000 934.812927 0.991000 579.453003
27099.000000 934.812927 0.991000 579.546997
27107.500000 935.054688 0.991000 579.653015
27117.875000 935.255981 0.991000 579.747986
27122.000000 935.497864 0.991000 579.854004
27127.625000 935.702820 0.991000 579.942993
27136.375000 935.905701 0.991000 580.059021
27150.750000 936.106873 1.015000 580.153992
27161.375000 936.314392 1.015000 580.244019
27170.625000 936.529297 1.015000 580.346985
27178.875000 936.529297 1.015000 580.443970
27187.000000 936.935364 1.015000 580.559021
27191.875000 937.142883 1.015000 580.656982
27198.875000 937.348145 1.015000 580.754028
27207.125000 937.549500 1.015000 580.854004
27211.500000 937.549500 1.015000 580.948975
27216.375000 937.750732 1.015000 581.039001
27220.375000 937.959900 1.015000 581.151001
27224.375000 938.163025 1.015000 581.254028
27229.000000 938.364258 0.890000 581.354004
27232.500000 938.772278 0.890000 581.461975
27239.375000 938.772278 0.890000 581.549011
27242.375000 938.977661 0.890000 581.653992
27246.375000 939.219360 0.890000 581.758972
27250.500000 939.430359 0.890000 581.864014
27254.000000 939.631470 0.890000 581.963989
27256.750000 939.832825 0.890000 582.059021
27259.875000 940.034058 0.890000 582.164001
27262.000000 940.237549 0.890000 582.247009
27270.500000 940.438843 0.890000 582.346985
27275.875000 940.642151 0.890000 582.445984
27280.875000 940.843506 0.936000 582.552979
27288.500000 941.050232 0.936000 582.656006
27293.250000 941.255310 0.936000 582.745972
27296.250000 941.458984 0.936000 582.836975
27300.875000 941.659973 0.936000 582.947021
27304.250000 941.865173 0.936000 583.049011
27308.000000 942.066528 0.936000 583.158997
27316.250000 942.267761 0.936000 583.254028
27322.375000 942.507080 0.936000 583.348999
27325.000000 942.708191 0.936000 583.453003
27329.375000 942.909241 0.936000 583.547974
27333.000000 943.120605 0.936000 583.643005
27339.750000 943.321716 0.900000 583.737976
27345.500000 943.530457 0.900000 583.848022
27349.500000 943.735962 0.900000 583.947998
27354.875000 943.937195 0.900000 584.047974
27360.875000 944.138428 0.900000 584.153992
27364.625000 944.339783 0.900000 584.252991
27367.750000 944.540649 0.900000 584.333008
27372.375000 944.741821 0.900000 584.448975
27376.000000 944.943115 0.900000 584.547974
27379.250000 945.144470 0.900000 584.653992
27383.375000 945.345337 0.900000 584.747986
27387.875000 945.560608 0.900000 584.859985
27390.875000 945.761597 0.900000 584.955017
27406.500000 945.969666 0.983000 585.049988
27415.375000 946.170593 0.983000 585.158020
27420.625000 946.170593 0.983000 585.247986
27426.750000 946.412048 0.983000 585.354980
27429.750000 946.613037 0.983000 585.455017
27433.125000 946.824707 0.983000 585.549011
27437.125000 947.032227 0.983000 585.648010
27447.500000 947.234375 0.983000 585.750977
27458.500000 947.437500 0.983000 585.854980
27478.125000 947.611755 0.983000 585.955017
27485.500000 947.754822 0.983000 586.049988
27506.875000 947.754822 0.983000 586.145020
27518.875000 947.891541 0.926000 586.255005
27522.625000 947.891541 0.926000 586.348022
27533.500000 947.984009 0.926000 586.437988
27541.375000 947.994385 0.926000 586.547974
27546.000000 947.994385 0.926000 586.648010
27549.125000 947.994385 0.926000 586.752991
27554.750000 947.994385 0.926000 586.848022
27558.500000 947.994385 0.926000 586.937988
27561.375000 947.994385 0.926000 587.043030
27564.625000 947.994385 0.926000 587.153015
27566.250000 947.995361 0.926000 587.255005
27568.500000 947.995361 0.926000 587.344971
27574.125000 947.995361 0.941000 587.447998
27576.875000 947.995361 0.941000 587.543030
27578.125000 948.008240 0.941000 587.663025
27578.625000 948.008240 0.941000 587.757996
27581.625000 948.008240 0.941000 587.870972
27584.125000 948.087219 0.941000 587.971008
27584.875000 948.087219 0.941000 588.065979
27586.000000 948.087219 0.941000 588.171021
27587.375000 948.301453 0.941000 588.270996
27589.375000 948.301453 0.941000 588.372009
27591.375000 948.508606 0.941000 588.455994
27593.000000 948.717773 0.941000 588.570984
27594.500000 948.924500 0.952000 588.674011
27597.000000 949.129639 0.952000 588.760986
27599.250000 949.351196 0.952000 588.866028
27600.625000 949.554260 0.952000 588.971985
27603.125000 949.755615 0.952000 589.062012
27603.875000 949.965088 0.952000 589.161011
27604.875000 950.166321 0.952000 589.255981
27606.375000 950.367310 0.952000 589.366028
27607.625000 950.568726 0.952000 589.460999
27609.250000 950.770203 0.952000 589.565979
27609.750000 950.971436 0.952000 589.658020
27614.000000 951.172241 0.952000 589.765991
27617.750000 951.373596 0.952000 589.861023
27624.750000 951.373596 0.922000 589.950989
27626.750000 951.575562 0.922000 590.060974
27628.500000 951.781311 0.922000 590.156006
27629.625000 952.196228 0.922000 590.278015
27632.875000 952.196228 0.922000 590.356018
27633.625000 952.435364 0.922000 590.461975
27634.875000 952.644653 0.922000 590.565979
27635.875000 952.849915 0.922000 590.656006
27636.000000 953.057312 0.922000 590.765991
27637.250000 953.258240 0.922000 590.870972
27638.625000 953.461243 0.922000 590.971008
27640.000000 953.672729 0.922000 591.070984
27643.250000 953.882263 0.956000 591.161011
27644.625000 954.085815 0.956000 591.265991
27646.875000 954.294678 0.956000 591.361023
27648.000000 954.525635 0.956000 591.455994
27648.500000 954.726562 0.956000 591.570984
27650.750000 954.934387 0.956000 591.666016
27652.625000 955.149841 0.956000 591.765991
27653.625000 955.351196 0.956000 591.861023
27654.750000 955.552307 0.956000 591.960999
27655.750000 955.753418 0.956000 592.070984
27657.500000 955.954773 0.956000 592.161011
27661.125000 956.155762 0.956000 592.245972
27662.125000 956.356689 0.949000 592.351013
27663.625000 956.557922 0.949000 592.445984
27664.875000 956.758972 0.949000 592.565979
27666.250000 956.960266 0.949000 592.661011
27668.625000 957.163879 0.949000 592.757019
27672.375000 957.364990 0.949000 592.867004
27674.125000 957.566223 0.949000 592.961975
27675.875000 957.769653 0.949000 593.078003
27677.375000 957.978882 0.949000 593.166992
27678.750000 958.180115 0.949000 593.267029
27680.000000 958.381714 0.949000 593.362000
27680.500000 958.586914 0.949000 593.453979
27681.500000 958.788208 0.949000 593.567017
27682.500000 958.995361 0.949000 593.661987
27691.750000 959.204773 0.999000 593.767029
27693.625000 959.204773 0.999000 593.862000
27695.625000 959.435547 0.999000 593.966980
27696.250000 959.636719 0.999000 594.031006
27696.750000 959.849915 0.999000 594.171997
27697.250000 960.051636 0.999000 594.262024
27698.375000 960.252808 0.999000 594.372009
27699.125000 960.453857 0.999000 594.466980
27700.250000 960.669128 0.999000 594.568970
27700.750000 960.870239 0.999000 594.666992
27701.500000 961.077637 0.999000 594.762024
27702.375000 961.285034 0.999000 594.872009
27703.250000 961.502502 0.999000 594.973022
27705.750000 961.703979 0.936000 595.072998
27706.375000 961.905212 0.936000 595.172974
27707.125000 962.146606 0.936000 595.267029
27707.625000 962.357849 0.936000 595.351990
27708.500000 962.560974 0.936000 595.471985
27709.375000 962.770264 0.936000 595.562012
27710.625000 962.979614 0.936000 595.671997
27711.250000 963.180786 0.936000 595.771973
27712.000000 963.392273 0.936000 595.867004
27713.375000 963.593323 0.936000 595.971985
27714.625000 963.802307 0.936000 596.070984
27716.125000 964.003418 0.936000 596.181030
27717.375000 964.208740 0.932000 596.273010
27718.250000 964.417786 0.932000 596.372009
27719.000000 964.619141 0.932000 596.471985
27720.750000 964.820496 0.932000 596.562012
27722.125000 965.021729 0.932000 596.661987
27723.250000 965.222717 0.932000 596.771973
27724.375000 965.424011 0.932000 596.872009
27725.375000 965.625366 0.932000 596.971985
27726.125000 965.826843 0.932000 597.072021
27727.375000 966.034302 0.932000 597.174988
27728.750000 966.239563 0.932000 597.262024
27729.750000 966.440552 0.932000 597.372009
27730.625000 966.440552 0.935000 597.461975
27732.250000 966.643921 0.935000 597.562012
27734.125000 967.054382 0.935000 597.685974
27734.750000 967.255615 0.935000 597.781006
27735.625000 967.255615 0.935000 597.872986
27736.500000 967.460693 0.935000 597.968994
27737.625000 967.671997 0.935000 598.062988
27738.750000 967.877380 0.935000 598.158020
27740.750000 968.095032 0.935000 598.273010
27742.250000 968.296204 0.935000 598.370972
27743.500000 968.513855 0.935000 598.476013
27744.500000 968.715088 0.935000 598.570984
27745.625000 968.916321 0.962000 598.663025
27750.750000 969.117188 0.962000 598.780029
27751.875000 969.326538 0.962000 598.875000
27752.875000 969.534119 0.962000 598.963013
27753.375000 969.742065 0.962000 599.075989
27758.375000 969.943298 0.962000 599.177979
27760.625000 970.148560 0.962000 599.268005
27761.625000 970.349670 0.962000 599.357971
27762.500000 970.555481 0.962000 599.469971
27764.625000 970.756714 0.962000 599.573975
27764.875000 970.976074 0.962000 599.669006
27765.750000 971.187439 0.962000 599.752991
27767.000000 971.396484 0.966000 599.867981
27767.875000 971.599121 0.966000 599.963989
27769.250000 971.808472 0.966000 600.067993
27769.500000 972.009705 0.966000 600.172974
27770.250000 972.221130 0.966000 600.273010
27771.000000 972.426208 0.966000 600.380981
27773.000000 972.629700 0.966000 600.473022
27774.000000 972.835388 0.966000 600.567993
27774.875000 973.036926 0.966000 600.672974
27776.000000 973.238037 0.966000 600.768005
27776.625000 973.441223 0.966000 600.861023
27777.375000 973.650452 0.966000 600.973022
27778.000000 973.851807 0.952000 601.067993
27779.125000 974.052551 0.952000 601.172974
27779.625000 974.257996 0.952000 601.270020
27780.375000 974.465088 0.952000 601.372986
27781.000000 974.674561 0.952000 601.476990
27781.375000 974.875977 0.952000 601.567017
27782.375000 975.077209 0.952000 601.671997
27782.750000 975.278198 0.952000 601.771973
27783.375000 975.278198 0.952000 601.857971
27784.125000 975.481567 0.952000 601.956970
27784.750000 975.692749 0.952000 602.067017
27785.625000 975.902100 0.952000 602.161987
27786.000000 976.113403 0.952000 602.267029
27791.750000 976.314575 0.941000 602.364990
27792.625000 976.519226 0.941000 602.471985
27794.000000 976.726746 0.941000 602.567017
27794.500000 976.940002 0.941000 602.671997
27794.750000 977.141479 0.941000 602.767029
27795.000000 977.342712 0.941000 602.872009
27796.500000 977.543884 0.941000 602.969971
27797.000000 977.759521 0.941000 603.080017
27797.500000 977.966797 0.941000 603.171997
27797.500000 978.168030 0.941000 603.281982
27797.625000 978.369202 0.941000 603.372986
27798.000000 978.570435 0.941000 603.487000
27798.000000 978.776001 0.941000 603.583984
27798.375000 978.983276 1.019000 603.695984
27798.750000 979.192749 1.019000 603.783997
27799.000000 979.399963 1.019000 603.877014
27799.000000 979.637695 1.019000 603.995972
27799.125000 979.846558 1.019000 604.085999
27799.375000 980.047791 1.019000 604.181030
27799.375000 980.249023 1.019000 604.276978
27799.500000 980.456543 1.019000 604.367004
27799.500000 980.664001 1.019000 604.476990
27799.500000 980.864868 1.019000 604.581970
27799.500000 981.066406 1.019000 604.692993
27799.500000 981.267761 1.019000 604.771973
27799.625000 981.469299 0.975000 604.882019
27799.750000 981.670044 0.975000 604.981995
27800.250000 981.871277 0.975000 605.091980
27800.500000 982.072388 0.975000 605.187012
27800.750000 982.283752 0.975000 605.296997
27800.875000 982.487183 0.975000 605.388000
27800.875000 982.716431 0.975000 605.487000
27801.250000 982.917664 0.975000 605.581970
27801.875000 983.118774 0.975000 605.677002
27802.125000 983.322083 0.975000 605.773010
27802.250000 983.531372 0.975000 605.887024
27802.375000 983.531372 0.975000 605.971985
27802.875000 983.933716 0.975000 606.091980
27807.875000 984.142700 0.987000 606.187012
27811.875000 984.142700 0.987000 606.281982
27812.500000 984.349121 0.987000 606.377014
27813.250000 984.562378 0.987000 606.482971
27814.250000 984.781738 0.987000 606.575012
27814.750000 984.988708 0.987000 606.684998
27816.375000 985.189941 0.987000 606.775024
27821.750000 985.394592 0.987000 606.866028
27830.250000 985.600769 0.987000 606.984985
27834.500000 985.784790 0.987000 607.059998
27837.500000 985.927429 0.987000 607.159973
27839.500000 986.034912 0.987000 607.267029
27841.625000 986.112427 0.942000 607.383972
27843.625000 986.112427 0.942000 607.489014
27846.000000 986.170105 0.942000 607.583984
27848.250000 986.174500 0.942000 607.679993
27856.125000 986.174500 0.942000 607.781006
27862.125000 986.174500 0.942000 607.885010
27880.625000 986.174500 0.942000 607.976990
27888.250000 986.174500 0.942000 608.085022
27888.625000 986.174500 0.942000 608.176025
27889.875000 986.194824 0.942000 608.265991
27890.000000 986.194824 0.942000 608.359985
27890.500000 986.194824 0.942000 608.474976
27899.000000 986.369507 0.942000 608.594971
27903.125000 986.369507 0.977000 608.684998
27913.000000 986.369507 0.977000 608.799988
27913.500000 986.449951 0.977000 608.885010
27914.625000 986.449951 0.977000 608.984985
27916.750000 986.449951 0.977000 609.085022
27917.750000 986.449951 0.977000 609.184998
27917.875000 986.460327 0.977000 609.284973
27918.125000 986.460327 0.977000 609.375000
27918.500000 986.460327 0.977000 609.484985
27918.625000 986.660889 0.977000 609.590027
27918.875000 986.660889 0.977000 609.681030
27918.875000 986.867432 0.977000 609.786011
27936.375000 987.084351 0.880000 609.875000
27937.000000 987.084351 0.880000 609.984009
27937.125000 987.309631 0.880000 610.073975
27937.625000 987.518066 0.880000 610.174011
27937.875000 987.743530 0.880000 610.280029
27938.375000 987.952881 0.880000 610.374023
27938.500000 988.153931 0.880000 610.473999
27938.750000 988.354736 0.880000 610.573975
27939.375000 988.561462 0.880000 610.677002
27939.750000 988.771057 0.880000 610.773987
27939.750000 988.974304 0.880000 610.882019
27939.875000 989.179565 0.880000 610.986023
27940.125000 989.381165 0.880000 611.073975
27940.625000 989.381165 0.988000 611.174011
27941.000000 989.621643 0.988000 611.289001
27941.375000 989.825806 0.988000 611.374023
27941.500000 990.026978 0.988000 611.471008
27941.500000 990.238098 0.988000 611.573975
27941.750000 990.441345 0.988000 611.677979
27941.750000 990.654907 0.988000 611.773010
27941.750000 990.864014 0.988000 611.875977
27941.750000 991.071533 0.988000 611.973022
27942.000000 991.272766 0.988000 612.072998
27942.125000 991.474182 0.988000 612.179016
27942.375000 991.675781 0.988000 612.273010
27945.500000 991.884766 0.930000 612.382019
27945.750000 992.091431 0.930000 612.481995
27946.000000 992.292297 0.930000 612.580994
27946.125000 992.501404 0.930000 612.685974
27946.125000 992.708801 0.930000 612.773010
27946.250000 992.917786 0.930000 612.872986
27946.250000 993.118896 0.930000 612.973022
27946.375000 993.320190 0.930000 613.072998
27947.500000 993.553711 0.930000 613.172974
27947.750000 993.758972 0.930000 613.273010
27947.875000 993.968689 0.930000 613.380005
27948.000000 994.176086 0.930000 613.473022
27948.125000 994.382996 0.930000 613.575989
27949.750000 994.591553 0.981000 613.677979
27949.750000 994.591553 0.981000 613.773010
27950.500000 994.794617 0.981000 613.885010
27950.750000 995.019714 0.981000 613.973022
27950.750000 995.221069 0.981000 614.072998
27950.750000 995.422485 0.981000 614.182983
27950.875000 995.629700 0.981000 614.273010
27951.375000 995.836853 0.981000 614.379028
27952.125000 996.038086 0.981000 614.487000
27952.375000 996.245117 0.981000 614.572021
27952.500000 996.446533 0.981000 614.677002
27952.625000 996.647705 0.981000 614.802979
27956.875000 996.848938 0.932000 614.882019
27958.000000 997.056030 0.932000 614.992004
27958.625000 997.257690 0.932000 615.078979
27959.750000 997.464905 0.932000 615.177002
27960.250000 997.666260 0.932000 615.278015
27960.250000 997.867371 0.932000 615.382019
27960.625000 998.068665 0.932000 615.476990
27960.875000 998.270203 0.932000 615.581970
27961.000000 998.471802 0.932000 615.677002
27961.250000 998.673340 0.932000 615.776978
27961.500000 998.874512 0.932000 615.882996
27961.625000 999.075562 0.932000 615.976990
27961.875000 999.276794 0.911000 616.081970
27962.125000 999.486206 0.911000 616.185974
27963.500000 999.689575 0.911000 616.276978
27964.375000 999.902954 0.911000 616.387024
27964.500000 1000.132385 0.911000 616.471985
27965.125000 1000.333679 0.911000 616.577026
27965.625000 1000.544983 0.911000 616.677002
27965.750000 1000.746094 0.911000 616.776978
27966.000000 1000.947327 0.911000 616.877991
27966.125000 1001.148376 0.911000 616.976990
27966.250000 1001.349731 0.911000 617.086975
27967.500000 1001.552734 0.949000 617.187012
27968.000000 1001.762146 0.949000 617.271973
27969.125000 1002.003296 0.949000 617.398987
27969.875000 1002.003296 0.949000 617.476990
27970.875000 1002.234802 0.949000 617.557007
27971.875000 1002.446106 0.949000 617.677002
27974.375000 1002.647278 0.949000 617.781982
27974.750000 1002.847900 0.949000 617.877014
27976.125000 1003.052551 0.949000 617.987000
27977.125000 1003.258850 0.949000 618.077026
27977.500000 1003.460266 0.949000 618.177002
27978.250000 1003.682007 0.949000 618.281982
27979.750000 1003.883240 0.949000 618.377014
27982.875000 1004.084473 0.999000 618.481995
27983.625000 1004.292786 0.999000 618.577026
27985.125000 1004.494019 0.999000 618.682007
27985.750000 1004.705322 0.999000 618.781982
27986.000000 1004.937073 0.999000 618.879028
27986.250000 1005.160522 0.999000 618.981995
27986.875000 1005.370239 0.999000 619.078003
27987.250000 1005.571228 0.999000 619.177002
27987.500000 1005.772278 0.999000 619.288025
27988.125000 1005.973572 0.999000 619.382019
27988.250000 1006.182434 0.999000 619.495972
27989.125000 1006.383545 0.999000 619.580994
27989.750000 1006.584778 0.999000 619.684998
27993.250000 1006.792236 1.010000 619.789978
27994.125000 1006.993958 1.010000 619.882996
27994.375000 1006.993958 1.010000 619.971985
27994.750000 1007.217285 1.010000 620.083984
27995.000000 1007.424561 1.010000 620.182983
27995.125000 1007.647949 1.010000 620.283020
27995.375000 1007.849182 1.010000 620.385986
27995.625000 1008.056519 1.010000 620.486023
27997.750000 1008.257996 1.010000 620.585999
27998.625000 1008.462036 1.010000 620.681030
27999.375000 1008.663147 1.010000 620.786011
28000.750000 1008.868103 1.010000 620.877014
28001.250000 1009.117798 0.968000 620.997009
28002.250000 1009.318237 0.968000 621.091980
28002.875000 1009.521484 0.968000 621.197021
28003.125000 1009.722778 0.968000 621.297974
28004.250000 1009.924011 0.968000 621.403015
28005.125000 1010.125244 0.968000 621.502991
28005.875000 1010.334473 0.968000 621.591980
28006.500000 1010.535828 0.968000 621.697998
28007.375000 1010.737061 0.968000 621.794006
28008.375000 1010.938171 0.968000 621.892029
28008.750000 1011.139343 0.968000 621.997009
28008.875000 1011.350525 0.968000 622.083008
28009.500000 1011.583923 0.968000 622.192993
28010.000000 1011.784729 0.969000 622.293030
28011.000000 1011.985962 0.969000 622.393005
28011.875000 1012.187317 0.969000 622.492981
28012.625000 1012.388550 0.969000 622.598999
28013.875000 1012.589600 0.969000 622.692993
28014.625000 1012.790894 0.969000 622.788025
28017.500000 1012.992065 0.969000 622.900024
28018.125000 1013.193420 0.969000 622.997986
28018.250000 1013.394470 0.969000 623.093018
28018.750000 1013.605896 0.969000 623.197998
28019.750000 1013.811035 0.969000 623.299988
28021.000000 1014.012146 0.969000 623.395996
28022.000000 1014.214905 0.923000 623.500977
28023.375000 1014.416260 0.923000 623.596008
28023.875000 1014.625488 0.923000 623.705017
28024.750000 1014.826843 0.923000 623.804993
28025.375000 1015.028198 0.923000 623.905029
28027.625000 1015.229187 0.923000 624.005005
28027.875000 1015.430298 0.923000 624.104980
28032.250000 1015.631165 0.923000 624.205017
28033.500000 1015.631165 0.923000 624.294983
28034.625000 1015.833374 0.923000 624.395020
28035.375000 1016.039612 0.923000 624.497986
28037.000000 1016.039612 0.923000 624.598022
28041.375000 1016.260864 0.973000 624.692993
28047.000000 1016.260864 0.973000 624.799011
28048.500000 1016.466797 0.973000 624.879028
28049.750000 1016.466797 0.973000 625.002014
28050.500000 1016.688049 0.973000 625.101990
28051.750000 1016.915161 0.973000 625.202026
28052.500000 1017.115601 0.973000 625.289001
28053.500000 1017.316833 0.973000 625.398987
28054.500000 1017.518066 0.973000 625.499023
28055.375000 1017.719543 0.973000 625.596008
28056.125000 1017.922791 0.973000 625.693970
28056.875000 1018.132263 0.973000 625.794006
28063.625000 1018.333496 0.920000 625.895020
28065.375000 1018.539185 0.920000 625.999023
28067.125000 1018.539185 0.920000 626.093994
28068.750000 1018.949402 0.920000 626.198975
28070.500000 1018.949402 0.920000 626.294006
28071.125000 1019.150513 0.920000 626.393982
28072.125000 1019.351685 0.920000 626.440002
28073.250000 1019.553223 0.920000 626.533997
28074.250000 1019.764709 0.920000 626.633972
28075.000000 1019.989868 0.920000 626.731995
28075.250000 1020.193054 0.920000 626.835999
28075.500000 1020.402161 0.920000 626.935974
28076.375000 1020.605408 0.934000 627.031982
28077.125000 1020.814453 0.934000 627.135986
28077.875000 1021.019653 0.934000 627.232971
28079.000000 1021.220764 0.934000 627.338013
28082.000000 1021.421509 0.934000 627.442993
28083.250000 1021.629028 0.934000 627.531006
28083.500000 1021.629028 0.934000 627.620972
28084.125000 1022.031189 0.934000 627.731018
28086.000000 1022.031189 0.934000 627.820984
28086.875000 1022.232605 0.934000 627.926025
28087.375000 1022.642944 0.934000 628.034973
28087.750000 1022.844421 0.934000 628.140015
28088.625000 1023.045654 0.934000 628.239990
28093.750000 1023.045654 0.935000 628.335022
28094.375000 1023.247742 0.935000 628.429993
28095.500000 1023.455566 0.935000 628.544983
28097.375000 1023.686768 0.935000 628.640015
28098.875000 1023.906128 0.935000 628.739014
28100.250000 1024.109375 0.935000 628.828979
28101.000000 1024.312866 0.935000 628.939026
28104.125000 1024.513672 0.935000 629.044006
28107.375000 1024.719116 0.935000 629.137024
28110.250000 1024.922363 0.935000 629.224976
28116.000000 1025.126099 0.935000 629.338989
28120.875000 1025.335083 0.935000 629.429016
28125.125000 1025.536255 0.935000 629.528992
28131.875000 1025.743774 0.963000 629.619019
28134.875000 1025.945679 0.963000 629.729004
28138.500000 1026.152466 0.963000 629.828979
28141.250000 1026.353638 0.963000 629.919006
28144.750000 1026.557007 0.963000 630.034973
28147.875000 1026.766357 0.963000 630.124023
28152.125000 1026.971680 0.963000 630.229004
28155.000000 1026.971680 0.963000 630.323975
28159.125000 1027.379883 0.963000 630.429016
28163.125000 1027.581055 0.963000 630.528992
28167.125000 1027.782104 0.963000 630.629028
28171.125000 1027.782104 0.963000 630.724976
28175.375000 1028.184326 0.963000 630.833984
28196.875000 1028.184326 1.104000 630.929993
28203.000000 1028.390381 1.104000 631.033997
28207.375000 1028.616211 1.104000 631.129028
28210.875000 1028.829224 1.104000 631.229980
28215.875000 1029.054810 1.104000 631.333984
28220.375000 1029.256104 1.104000 631.429016
28226.375000 1029.457275 1.104000 631.528992
28231.375000 1029.658325 1.104000 631.629028
28239.500000 1029.859863 1.104000 631.737000
28248.250000 1030.066772 1.104000 631.831970
28258.500000 1030.273804 1.104000 631.932007
28266.125000 1030.479004 1.104000 632.039001
28271.875000 1030.684570 1.104000 632.124023
28281.375000 1030.885376 1.019000 632.229004
28290.500000 1031.086304 1.019000 632.338989
28299.250000 1031.297363 1.019000 632.443970
28308.625000 1031.504761 1.019000 632.526978
28312.125000 1031.706055 1.019000 632.627014
28317.125000 1031.907104 1.019000 632.737000
28322.750000 1032.108398 1.019000 632.827026
28334.875000 1032.309570 1.019000 632.932007
28344.000000 1032.510986 1.019000 633.028992
28352.750000 1032.722534 1.019000 633.127014
28358.625000 1032.953979 1.019000 633.231995
28363.750000 1033.167114 1.019000 633.331970
28371.000000 1033.370361 1.019000 633.429016
28380.125000 1033.574951 0.968000 633.520996
28390.875000 1033.785278 0.968000 633.629028
28399.250000 1033.785278 0.968000 633.726990
28406.750000 1033.992554 0.968000 633.827026
28417.625000 1034.395142 0.968000 633.932007
28425.375000 1034.604492 0.968000 634.046021
28436.125000 1034.805908 0.968000 634.135986
28448.250000 1035.006958 0.968000 634.236023
28457.875000 1035.208008 0.968000 634.346008
28465.375000 1035.409180 0.968000 634.435974
28472.125000 1035.610596 0.968000 634.541016
28478.375000 1035.817627 0.968000 634.643982
28498.500000 1036.023804 0.968000 634.742981
28507.875000 1036.023804 0.968000 634.838013
28522.250000 1036.227783 0.968000 634.942017
28530.375000 1036.477539 0.968000 635.031982
28538.875000 1036.678711 0.968000 635.132019
28548.125000 1036.880127 0.968000 635.226990
28556.875000 1037.081177 0.968000 635.327026
28563.875000 1037.282227 0.968000 635.432007
28573.125000 1037.483521 0.968000 635.526978
28581.750000 1037.695190 0.968000 635.637024
28596.000000 1037.896362 0.968000 635.737000
28606.625000 1038.097412 0.968000 635.841980
28631.625000 1038.298706 0.974000 635.937012
28641.500000 1038.502808 0.974000 636.041992
28649.000000 1038.703369 0.974000 636.142029
28662.875000 1038.904663 0.974000 636.242004
28674.375000 1039.105713 0.974000 636.336975
28683.500000 1039.308960 0.974000 636.429016
28689.875000 1039.509888 0.974000 636.528015
28697.250000 1039.721191 0.974000 636.627991
28709.750000 1039.924561 0.974000 636.728027
28726.625000 1040.153809 0.974000 636.833008
28739.875000 1040.365112 0.974000 636.937988
28745.875000 1040.566406 0.974000 637.028015
28761.000000 1040.767700 0.974000 637.127991
28771.875000 1040.968994 0.974000 637.228027
28780.250000 1041.170410 0.974000 637.330017
28789.875000 1041.379761 0.974000 637.432007
28803.875000 1041.591064 0.974000 637.536987
28813.375000 1041.798462 0.974000 637.630005
28821.875000 1042.003906 0.974000 637.729980
28830.000000 1042.223145 0.974000 637.835999
28838.375000 1042.223145 0.974000 637.927979
28853.375000 1042.428345 0.974000 638.028015
28864.125000 1042.830811 0.974000 638.138000
28872.500000 1042.830811 0.974000 638.229004
28880.500000 1043.235718 0.974000 638.333984
28895.125000 1043.235718 1.000000 638.429016
28910.750000 1043.443970 1.000000 638.539001
28922.625000 1043.645142 1.000000 638.640015
28934.000000 1043.870850 1.000000 638.729980
28941.625000 1044.099854 1.000000 638.828979
28947.625000 1044.323242 1.000000 638.939026
28957.125000 1044.532471 1.000000 639.028992
28966.125000 1044.733887 1.000000 639.148987
28986.875000 1044.936890 1.000000 639.229004
29000.875000 1045.148926 1.000000 639.338013
29021.625000 1045.148926 1.000000 639.419006
29033.000000 1045.338623 1.000000 639.528992
29046.750000 1045.541016 1.000000 639.633972
29060.625000 1045.541016 1.086000 639.739014
29068.250000 1045.541016 1.086000 639.828979
29075.125000 1045.743652 1.086000 639.934021
29083.875000 1045.743652 1.086000 640.039001
29094.625000 1045.743652 1.086000 640.145996
29107.625000 1045.927979 1.086000 640.234009
29123.500000 1045.927979 1.086000 640.333984
29138.000000 1046.134155 1.086000 640.434021
29152.875000 1046.134155 1.086000 640.539978
29165.375000 1046.327393 1.086000 640.635010
29173.000000 1046.327393 1.086000 640.734009
29183.500000 1046.485840 1.086000 640.840027
29190.875000 1046.485840 0.984000 640.940979
29198.500000 1046.690063 0.984000 641.041016
29207.250000 1046.690063 0.984000 641.138977
29219.000000 1046.899170 0.984000 641.231995
29231.875000 1047.100586 0.984000 641.341980
29240.375000 1047.304932 0.984000 641.452026
29249.875000 1047.526123 0.984000 641.536987
29262.750000 1047.727417 0.984000 641.646973
29273.250000 1047.936523 0.984000 641.745972
29286.125000 1048.137817 0.984000 641.846008
29294.500000 1048.344971 0.984000 641.939026
29304.750000 1048.548218 0.984000 642.033997
29319.875000 1048.753418 0.984000 642.133972
29331.625000 1048.958618 0.994000 642.234009
29338.125000 1049.166748 0.994000 642.330994
29346.250000 1049.372070 0.994000 642.434021
29355.625000 1049.581177 0.994000 642.533997
29364.125000 1049.790527 0.994000 642.638977
29372.500000 1049.991943 0.994000 642.744019
29379.750000 1050.193237 0.994000 642.848999
29391.500000 1050.394531 0.994000 642.943970
29404.625000 1050.595825 0.994000 643.049011
29417.000000 1050.797241 0.994000 643.133972
29428.750000 1051.000488 0.994000 643.239990
29438.375000 1051.000488 0.994000 643.333984
29450.625000 1051.219849 0.994000 643.439026
29465.500000 1051.421143 1.006000 643.528992
29480.000000 1051.628052 1.006000 643.635986
29490.375000 1051.829834 1.006000 643.739014
29500.250000 1052.057129 1.006000 643.833984
29511.625000 1052.300415 1.006000 643.945007
29522.875000 1052.509521 1.006000 644.039001
29535.625000 1052.710815 1.006000 644.129028
29548.625000 1052.912109 1.006000 644.234009
29560.500000 1053.113403 1.006000 644.328979
29571.750000 1053.314575 1.006000 644.434021
29581.500000 1053.516235 1.006000 644.539001
29591.875000 1053.717529 1.006000 644.638977
29605.125000 1053.928711 1.006000 644.734009
29617.625000 1054.131714 1.078000 644.833984
29630.250000 1054.335938 1.078000 644.947998
29638.125000 1054.547363 1.078000 645.028992
29648.000000 1054.748413 1.078000 645.140015
29656.250000 1054.955688 1.078000 645.231995
29668.625000 1055.156982 1.078000 645.341980
29680.000000 1055.368408 1.078000 645.439026
29692.375000 1055.573608 1.078000 645.533997
29711.000000 1055.778809 1.078000 645.638977
29720.500000 1055.983643 1.078000 645.739014
29733.125000 1056.184937 1.078000 645.833984
29749.375000 1056.386108 1.078000 645.939026
29760.750000 1056.587158 1.078000 646.028992
29774.125000 1056.788452 1.069000 646.138977
29787.750000 1056.989136 1.069000 646.234009
29796.000000 1057.190308 1.069000 646.338989
29805.750000 1057.393433 1.069000 646.434021
29818.625000 1057.596680 1.069000 646.539001
29834.000000 1057.803833 1.069000 646.633972
29846.250000 1058.005005 1.069000 646.734009
29856.000000 1058.210083 1.069000 646.841003
29883.000000 1058.413696 1.069000 646.942017
29901.750000 1058.413696 1.069000 647.041016
29927.375000 1058.607178 1.069000 647.132019
29944.750000 1058.766357 1.069000 647.236023
29984.875000 1058.887695 1.069000 647.338013
29998.125000 1058.978638 1.069000 647.435974
30012.125000 1058.978638 1.094000 647.536011
30021.625000 1059.046265 1.094000 647.640991
30028.625000 1059.046265 1.094000 647.731018
30033.625000 1059.115356 1.094000 647.835999
30042.125000 1059.115356 1.094000 647.942017
30046.750000 1059.115356 1.094000 648.031006
30053.875000 1059.115356 1.094000 648.133972
30062.250000 1059.317139 1.094000 648.231018
30072.250000 1059.317139 1.094000 648.330994
30079.750000 1059.518921 1.094000 648.429016
30090.250000 1059.720093 1.094000 648.539001
30100.625000 1059.948242 1.094000 648.633972
30111.375000 1060.159180 1.094000 648.739014
30160.500000 1060.364258 1.093000 648.838989
30170.875000 1060.570557 1.093000 648.934021
30185.875000 1060.779785 1.093000 649.039001
30195.625000 1060.981201 1.093000 649.133972
30205.375000 1061.186768 1.093000 649.245972
30217.625000 1061.394165 1.093000 649.333984
30229.250000 1061.595337 1.093000 649.443970
30240.625000 1061.796509 1.093000 649.533997
30253.000000 1061.998169 1.093000 649.638977
30262.625000 1062.199707 1.093000 649.734985
30270.875000 1062.401123 1.093000 649.838989
30279.125000 1062.602417 1.093000 649.939026
30289.375000 1062.803833 1.093000 650.033997
30304.000000 1063.012695 1.073000 650.143982
30310.625000 1063.215942 1.073000 650.239014
30317.125000 1063.417236 1.073000 650.338989
30327.250000 1063.417236 1.073000 650.434021
30336.375000 1063.618530 1.073000 650.528992
30344.500000 1063.821777 1.073000 650.638977
30353.375000 1064.041382 1.073000 650.739990
30361.250000 1064.291016 1.073000 650.843018
30372.500000 1064.522217 1.073000 650.947998
30379.875000 1064.725708 1.073000 651.033997
30385.625000 1064.926636 1.073000 651.138977
30393.125000 1065.127930 1.073000 651.234985
30400.125000 1065.329346 1.073000 651.343994
30406.125000 1065.550659 1.124000 651.434021
30411.875000 1065.758911 1.124000 651.539001
30417.250000 1065.960205 1.124000 651.638977
30424.125000 1066.179810 1.124000 651.737976
30431.750000 1066.380981 1.124000 651.838013
30438.000000 1066.582031 1.124000 651.942993
30444.000000 1066.783447 1.124000 652.033020
30448.125000 1066.983887 1.124000 652.132996
30452.500000 1067.191650 1.124000 652.232971
30467.375000 1067.191650 1.124000 652.343018
30513.875000 1067.399536 1.124000 652.437988
30518.500000 1067.584106 1.124000 652.543030
30523.125000 1067.584106 1.124000 652.632996
30526.750000 1067.584106 1.124000 652.723022
30552.375000 1067.790039 1.150000 652.843018
30559.625000 1067.790039 1.150000 652.932983
30563.875000 1067.996216 1.150000 653.038025
30570.875000 1067.996216 1.150000 653.143982
30579.125000 1068.197632 1.150000 653.237976
30588.375000 1068.399170 1.150000 653.335022
30594.250000 1068.600952 1.150000 653.434998
30608.375000 1068.810791 1.150000 653.539978
30616.875000 1069.044312 1.150000 653.651001
30625.875000 1069.245361 1.150000 653.741028
30635.625000 1069.448730 1.150000 653.831970
30648.000000 1069.651733 1.150000 653.953003
30657.375000 1069.853027 1.150000 654.043030
30669.000000 1070.053833 1.150000 654.143005
30681.500000 1070.255249 1.150000 654.242981
30695.000000 1070.456421 1.150000 654.348022
30708.500000 1070.657837 1.150000 654.447998
30719.875000 1070.865234 1.150000 654.546021
30732.875000 1071.066650 1.150000 654.640991
30746.500000 1071.066650 1.150000 654.734985
30762.250000 1071.275879 1.150000 654.835022
30788.750000 1071.477173 1.150000 654.934998
30802.375000 1071.678223 1.150000 655.020020
30814.875000 1071.899902 1.150000 655.140991
30830.375000 1072.151978 1.150000 655.239990
30844.000000 1072.375488 1.150000 655.344971
30870.375000 1072.585205 1.090000 655.440979
30891.875000 1072.794800 1.090000 655.549011
30905.250000 1073.004395 1.090000 655.648987
30918.625000 1073.205811 1.090000 655.754028
30932.250000 1073.426392 1.090000 655.841980
30944.250000 1073.633911 1.090000 655.942993
30957.000000 1073.855225 1.090000 656.046997
30970.250000 1074.066650 1.090000 656.146973
30979.375000 1074.270020 1.090000 656.236023
30997.375000 1074.477661 1.090000 656.335999
31006.625000 1074.679077 1.090000 656.442017
31018.000000 1074.880005 1.090000 656.536011
31028.250000 1075.081421 1.090000 656.635986
31040.625000 1075.282837 1.090000 656.736023
31055.000000 1075.484131 1.189000 656.836975
31071.125000 1075.693970 1.189000 656.945984
31085.125000 1075.895142 1.189000 657.046021
31096.500000 1076.096680 1.189000 657.145996
31107.375000 1076.298096 1.189000 657.236023
31116.625000 1076.499268 1.189000 657.341003
31129.625000 1076.700195 1.189000 657.435974
31139.750000 1076.901489 1.189000 657.541016
31148.625000 1077.102661 1.189000 657.642029
31203.375000 1077.302856 1.189000 657.745972
31214.375000 1077.302856 1.189000 657.835999
31222.625000 1077.539917 1.189000 657.935974
31233.750000 1077.765015 1.189000 658.046021
31241.125000 1077.765015 1.189000 658.143005
31250.875000 1078.013550 1.196000 658.242981
31258.250000 1078.219971 1.196000 658.348022
31268.500000 1078.427124 1.196000 658.440979
31276.500000 1078.628174 1.196000 658.541016
31283.375000 1078.829224 1.196000 658.640991
31291.125000 1079.030518 1.196000 658.752014
31297.875000 1079.233765 1.196000 658.846008
31307.375000 1079.442505 1.196000 658.935974
31319.000000 1079.643799 1.196000 659.046021
31327.375000 1079.846802 1.196000 659.137024
31338.000000 1080.056030 1.196000 659.247009
31347.000000 1080.257446 1.196000 659.331970
31355.625000 1080.458496 1.196000 659.445984
31365.375000 1080.670044 1.196000 659.541016
31376.375000 1080.871094 1.196000 659.651001
31388.625000 1081.072021 1.281000 659.741028
31394.250000 1081.273071 1.281000 659.846008
31405.125000 1081.474365 1.281000 659.950989
31414.375000 1081.676025 1.281000 660.036011
31422.875000 1081.879272 1.281000 660.146973
31431.750000 1082.098511 1.281000 660.245972
31444.375000 1082.300049 1.281000 660.341003
31453.375000 1082.507080 1.281000 660.448975
31463.750000 1082.712402 1.281000 660.546021
31478.000000 1082.915649 1.281000 660.651978
31489.000000 1083.116699 1.281000 660.737000
31499.875000 1083.325806 1.281000 660.841980
31511.250000 1083.528687 1.281000 660.952026
31521.250000 1083.733887 1.281000 661.047974
31547.125000 1083.940308 1.226000 661.143005
31561.250000 1084.147705 1.226000 661.242004
31573.125000 1084.348999 1.226000 661.348022
31585.500000 1084.550293 1.226000 661.447998
31595.375000 1084.550293 1.226000 661.539978
31604.500000 1084.963135 1.226000 661.646973
31615.875000 1084.963135 1.226000 661.742004
31626.500000 1085.164429 1.226000 661.841980
31637.125000 1085.365723 1.226000 661.932007
31648.375000 1085.566895 1.226000 662.043030
31657.375000 1085.768188 1.226000 662.137024
31668.750000 1086.049805 1.226000 662.247009
31680.375000 1086.251099 1.226000 662.338013
31693.750000 1086.454224 1.226000 662.448975
31738.750000 1086.655396 1.257000 662.552979
31751.625000 1086.859985 1.257000 662.643005
31771.125000 1087.062622 1.257000 662.747986
31784.125000 1087.271851 1.257000 662.838013
31797.250000 1087.478882 1.257000 662.940979
31812.125000 1087.680054 1.257000 663.056030
31827.625000 1087.891357 1.257000 663.156006
31840.250000 1088.092651 1.257000 663.241028
31859.250000 1088.294067 1.257000 663.356018
31879.750000 1088.495239 1.257000 663.442993
31896.000000 1088.703003 1.257000 663.547974
31917.000000 1088.912109 1.257000 663.643005
31933.125000 1089.151855 1.257000 663.752014
31949.500000 1089.363037 1.257000 663.851990
31977.750000 1089.572510 1.257000 663.955994
32010.125000 1089.776001 1.203000 664.051025
32038.875000 1089.976318 1.203000 664.151001
32070.125000 1089.976318 1.203000 664.245972
32104.750000 1090.378540 1.203000 664.351013
32144.500000 1090.378540 1.203000 664.445984
32184.375000 1090.580200 1.203000 664.541016
32218.750000 1090.982910 1.203000 664.651001
32249.625000 1090.982910 1.203000 664.745972
32281.000000 1091.385132 1.203000 664.851013
32311.375000 1091.385132 1.203000 664.937012
32341.875000 1091.789429 1.203000 665.052002
32369.375000 1091.789429 1.203000 665.146973
32401.125000 1092.069336 1.203000 665.247009
32504.000000 1092.270264 1.135000 665.351013
32533.875000 1092.479980 1.135000 665.447021
32564.250000 1092.681274 1.135000 665.546021
32591.000000 1092.882202 1.135000 665.645996
32620.875000 1093.083374 1.135000 665.744995
32650.000000 1093.292480 1.135000 665.854980
32677.250000 1093.493652 1.135000 665.958984
32702.125000 1093.694946 1.135000 666.054993
32726.250000 1093.899902 1.135000 666.155029
32754.750000 1093.899902 1.135000 666.244995
32784.875000 1094.100952 1.135000 666.364990
32820.125000 1094.301514 1.135000 666.469971
32847.500000 1094.301514 1.135000 666.544983
32873.000000 1094.544922 1.135000 666.664978
32894.000000 1094.788574 1.135000 666.739990
32947.375000 1094.995972 1.338000 666.854980
32971.750000 1095.197876 1.338000 666.953003
32998.875000 1095.404541 1.338000 667.046021
33023.500000 1095.606079 1.338000 667.146973
33045.875000 1095.807617 1.338000 667.250977
33072.625000 1096.028931 1.338000 667.346008
33098.125000 1096.230469 1.338000 667.460999
33124.250000 1096.431274 1.338000 667.565979
33147.000000 1096.642456 1.338000 667.655029
33171.375000 1096.852051 1.338000 667.755005
33192.875000 1097.061401 1.338000 667.854004
33216.375000 1097.272827 1.338000 667.958984
33236.500000 1097.479736 1.338000 668.041992
33261.375000 1097.683105 1.338000 668.153015
33284.375000 1097.884644 1.338000 668.237976
33310.625000 1098.091919 1.337000 668.356018
33333.625000 1098.295044 1.337000 668.437012
33355.250000 1098.504150 1.337000 668.546021
33373.250000 1098.705566 1.337000 668.640991
33395.250000 1098.906494 1.337000 668.750977
33420.750000 1099.109741 1.337000 668.846985
33442.250000 1099.311035 1.337000 668.952026
33461.500000 1099.512329 1.337000 669.046997
33486.125000 1099.713257 1.337000 669.142029
33507.750000 1099.916626 1.337000 669.252014
33526.500000 1100.125854 1.337000 669.346985
33547.875000 1100.328857 1.337000 669.458008
33566.125000 1100.530273 1.337000 669.552002
33585.500000 1100.734985 1.337000 669.653015
33663.500000 1100.943604 1.307000 669.755005
33690.000000 1100.943604 1.307000 669.849976
33712.500000 1101.198242 1.307000 669.945007
33733.750000 1101.411621 1.307000 670.049988
33754.875000 1101.612915 1.307000 670.150024
33777.625000 1101.813965 1.307000 670.255005
33798.250000 1102.015259 1.307000 670.344971
33817.000000 1102.216309 1.307000 670.445007
33843.000000 1102.419556 1.307000 670.554993
33861.500000 1102.629150 1.307000 670.645020
33878.375000 1102.830322 1.307000 670.750000
33899.375000 1103.031616 1.307000 670.853027
33917.750000 1103.238647 1.307000 670.958008
33936.250000 1103.439941 1.307000 671.057983
33956.250000 1103.641235 1.294000 671.153015
33973.625000 1103.842041 1.294000 671.252991
33989.500000 1104.043213 1.294000 671.349976
34007.875000 1104.248047 1.294000 671.450012
34025.250000 1104.449097 1.294000 671.554993
34044.125000 1104.680176 1.294000 671.651978
34063.125000 1104.880981 1.294000 671.739990
34083.750000 1105.082397 1.294000 671.851013
34102.875000 1105.285889 1.294000 671.960022
34144.750000 1105.491821 1.294000 672.049988
34197.500000 1105.691895 1.294000 672.150024
34231.375000 1105.854736 1.294000 672.247009
34260.750000 1105.854736 1.294000 672.346985
34301.375000 1105.990967 1.294000 672.453979
34315.750000 1106.134155 1.294000 672.557983
34333.875000 1106.134155 1.276000 672.655029
34344.125000 1106.243408 1.276000 672.752014
34355.125000 1106.243408 1.276000 672.846985
34362.250000 1106.243408 1.276000 672.947021
34374.625000 1106.331543 1.276000 673.046997
34383.250000 1106.331543 1.276000 673.151978
34395.625000 1106.534424 1.276000 673.257019
34407.875000 1106.534424 1.276000 673.348022
34421.250000 1106.742065 1.276000 673.447021
34436.250000 1106.948975 1.276000 673.552002
34455.875000 1107.151855 1.276000 673.651978
34473.375000 1107.353027 1.276000 673.742004
34493.750000 1107.554199 1.276000 673.851990
34516.125000 1107.759399 1.276000 673.956970
34542.250000 1107.966187 1.322000 674.046997
34563.375000 1107.966187 1.322000 674.142029
34587.875000 1108.386230 1.322000 674.257019
34607.500000 1108.386230 1.322000 674.346985
34623.500000 1108.587769 1.322000 674.452026
34644.750000 1108.789062 1.322000 674.546997
34666.125000 1109.191650 1.322000 674.656982
34682.500000 1109.401001 1.322000 674.765991
34700.250000 1109.401001 1.322000 674.856018
34718.000000 1109.803345 1.322000 674.966003
34736.375000 1110.004517 1.322000 675.065979
34753.250000 1110.004517 1.322000 675.146973
34772.750000 1110.212036 1.322000 675.257019
34791.000000 1110.453247 1.322000 675.351990
34818.250000 1110.670776 1.322000 675.447021
34837.375000 1110.872070 1.273000 675.557983
34854.500000 1111.087524 1.273000 675.653992
34871.875000 1111.298706 1.273000 675.763977
34885.375000 1111.500122 1.273000 675.853027
34899.250000 1111.703369 1.273000 675.948975
34917.750000 1111.912720 1.273000 676.049011
34936.375000 1112.114136 1.273000 676.155029
34949.375000 1112.317383 1.273000 676.254028
34966.250000 1112.526733 1.273000 676.348999
34984.125000 1112.727905 1.273000 676.453979
35000.125000 1112.929321 1.273000 676.554016
35014.500000 1113.130615 1.273000 676.648987
35027.375000 1113.331909 1.273000 676.749023
35041.250000 1113.532837 1.273000 676.854004
35066.625000 1113.734253 1.330000 676.948975
35082.500000 1113.937988 1.330000 677.049011
35093.500000 1114.139404 1.330000 677.148987
35107.000000 1114.346680 1.330000 677.257019
35121.250000 1114.553833 1.330000 677.354980
35131.625000 1114.759155 1.330000 677.447021
35143.500000 1114.960449 1.330000 677.552002
35156.625000 1115.161621 1.330000 677.651978
35168.750000 1115.362793 1.330000 677.747009
35179.875000 1115.573608 1.330000 677.856995
35191.750000 1115.774780 1.330000 677.961975
35203.250000 1115.976074 1.330000 678.057007
35217.875000 1116.179443 1.330000 678.148010
35231.250000 1116.388550 1.330000 678.252991
35246.500000 1116.589844 1.257000 678.346985
35261.375000 1116.790527 1.257000 678.452026
35273.000000 1116.991821 1.257000 678.557007
35285.500000 1117.193237 1.257000 678.656982
35300.125000 1117.404785 1.257000 678.767029
35315.250000 1117.606079 1.257000 678.856995
35328.625000 1117.807617 1.257000 678.952026
35337.500000 1118.008911 1.257000 679.062012
35349.125000 1118.210205 1.257000 679.151978
35362.750000 1118.411377 1.257000 679.242004
35374.875000 1118.612793 1.257000 679.357971
35386.125000 1118.814087 1.257000 679.447021
35399.000000 1119.015137 1.257000 679.546997
35409.750000 1119.224243 1.257000 679.651001
35420.875000 1119.425537 1.257000 679.750977
35433.125000 1119.626831 1.257000 679.856018
35444.250000 1119.828003 1.257000 679.945984
35472.750000 1120.029419 1.428000 680.060974
35486.625000 1120.230225 1.428000 680.161011
35501.000000 1120.431396 1.428000 680.255981
35513.625000 1120.632812 1.428000 680.356018
35531.000000 1120.835938 1.428000 680.466980
35542.875000 1121.037354 1.428000 680.552002
35555.375000 1121.238525 1.428000 680.651978
35568.750000 1121.439697 1.428000 680.752014
35579.875000 1121.640869 1.428000 680.846985
35593.125000 1121.842163 1.428000 680.952026
35605.125000 1122.043335 1.428000 681.052002
35617.750000 1122.244629 1.428000 681.151978
35631.375000 1122.445923 1.428000 681.247009
35644.250000 1122.646973 1.428000 681.356995
35655.625000 1122.848267 1.428000 681.452026
35681.375000 1122.848267 1.263000 681.546997
35694.625000 1123.055908 1.263000 681.651978
35706.000000 1123.293091 1.263000 681.752014
35721.250000 1123.526367 1.263000 681.857971
35736.125000 1123.737305 1.263000 681.953003
35750.750000 1123.940674 1.263000 682.052002
35761.125000 1124.148071 1.263000 682.156982
35771.625000 1124.351562 1.263000 682.247986
35782.250000 1124.552734 1.263000 682.351990
35809.375000 1124.761841 1.263000 682.452026
35823.000000 1124.963135 1.263000 682.560974
35836.250000 1125.182129 1.263000 682.656006
35847.500000 1125.393433 1.263000 682.760986
35858.625000 1125.594604 1.263000 682.861023
35868.625000 1125.795898 1.263000 682.955994
35910.250000 1125.997192 1.312000 683.051025
35925.125000 1126.211304 1.312000 683.166016
35937.750000 1126.412598 1.312000 683.255981
35950.625000 1126.613647 1.312000 683.356018
35964.375000 1126.814697 1.312000 683.460999
35977.250000 1127.036133 1.312000 683.565979
35990.375000 1127.239380 1.312000 683.651978
36005.375000 1127.440796 1.312000 683.757996
36018.500000 1127.646362 1.312000 683.848999
36034.875000 1127.646362 1.312000 683.947021
36046.125000 1128.054688 1.312000 684.052002
36059.625000 1128.255981 1.312000 684.156982
36073.625000 1128.461670 1.312000 684.254028
36087.750000 1128.668823 1.312000 684.356995
36102.125000 1128.668823 1.312000 684.447998
36127.625000 1128.869995 1.311000 684.554016
36147.250000 1129.071777 1.311000 684.643982
36164.000000 1129.303223 1.311000 684.749023
36179.875000 1129.514404 1.311000 684.854004
36192.875000 1129.715454 1.311000 684.948975
36206.250000 1129.916626 1.311000 685.049988
36220.125000 1130.117676 1.311000 685.159973
36230.625000 1130.322632 1.311000 685.250000
36240.875000 1130.525635 1.311000 685.343994
36262.375000 1130.525635 1.311000 685.453979
36279.375000 1130.727661 1.311000 685.549011
36296.625000 1130.853027 1.311000 685.653992
36311.250000 1130.934204 1.311000 685.749023
36322.750000 1130.982178 1.311000 685.849976
36347.375000 1130.997192 1.311000 685.953979
36352.625000 1130.997192 1.380000 686.059021
36356.000000 1130.997192 1.380000 686.158997
36357.000000 1130.997192 1.380000 686.254028
36358.250000 1130.997192 1.380000 686.359009
36363.000000 1130.997192 1.380000 686.448975
36366.000000 1130.997192 1.380000 686.554016
36368.125000 1130.997192 1.380000 686.643982
36371.500000 1130.997192 1.380000 686.763977
36373.125000 1130.997192 1.380000 686.861023
36374.750000 1130.997192 1.380000 686.953979
36377.500000 1130.997192 1.380000 687.049011
36379.375000 1130.997192 1.380000 687.148987
36382.625000 1130.997681 1.380000 687.257996
36385.375000 1130.997681 1.380000 687.362976
36402.750000 1130.997681 1.191000 687.458008
36406.125000 1130.997681 1.191000 687.554993
36409.125000 1131.198364 1.191000 687.653992
36410.875000 1131.198364 1.191000 687.749023
36412.625000 1131.401978 1.191000 687.848999
36414.875000 1131.611450 1.191000 687.947998
36418.000000 1131.813965 1.191000 688.054016
36420.125000 1132.022949 1.191000 688.148010
36423.625000 1132.223999 1.191000 688.247986
36427.625000 1132.427246 1.191000 688.357971
36431.375000 1132.427246 1.191000 688.447998
36433.875000 1132.636353 1.191000 688.547974
36438.125000 1132.837769 1.191000 688.648010
36441.500000 1133.129028 1.116000 688.752991
36444.625000 1133.329712 1.116000 688.848022
36447.875000 1133.530884 1.116000 688.955994
36450.625000 1133.738037 1.116000 689.051025
36453.750000 1133.943481 1.116000 689.156982
36456.875000 1134.153076 1.116000 689.252014
36460.000000 1134.354248 1.116000 689.356018
36462.125000 1134.563599 1.116000 689.445984
36465.625000 1134.764648 1.116000 689.551025
36467.875000 1134.965942 1.116000 689.661011
36470.500000 1135.167114 1.116000 689.765991
36473.000000 1135.388550 1.116000 689.856018
36477.375000 1135.599854 1.116000 689.956970
36479.625000 1135.807251 1.116000 690.051025
36503.250000 1136.015747 1.188000 690.156006
36507.750000 1136.216309 1.188000 690.255981
36512.250000 1136.417480 1.188000 690.356995
36514.250000 1136.618896 1.188000 690.450989
36518.500000 1136.820312 1.188000 690.551025
36523.625000 1137.021484 1.188000 690.656006
36526.875000 1137.223267 1.188000 690.755981
36530.875000 1137.424561 1.188000 690.856018
36535.875000 1137.627808 1.188000 690.952026
36541.250000 1137.829102 1.188000 691.046997
36546.250000 1138.030518 1.188000 691.142029
36550.500000 1138.231812 1.188000 691.257019
36554.625000 1138.433105 1.188000 691.351990
36558.500000 1138.634521 1.188000 691.452026
36562.125000 1138.835938 1.321000 691.557007
36566.250000 1139.036743 1.321000 691.656982
36571.250000 1139.242188 1.321000 691.757019
36577.625000 1139.449707 1.321000 691.856995
36581.375000 1139.650879 1.321000 691.952026
36584.750000 1139.852295 1.321000 692.052002
36589.125000 1140.053589 1.321000 692.158020
36593.375000 1140.254883 1.321000 692.252014
36596.250000 1140.456299 1.321000 692.356995
36600.500000 1140.657227 1.321000 692.447021
36604.750000 1140.858276 1.321000 692.557007
36608.375000 1141.061279 1.321000 692.653992
36613.625000 1141.270264 1.321000 692.763977
36619.250000 1141.475586 1.321000 692.854004
36622.125000 1141.676758 1.321000 692.953979
36646.000000 1141.882690 1.249000 693.059021
36650.500000 1141.882690 1.249000 693.155029
36654.000000 1142.177002 1.249000 693.270020
36657.375000 1142.378662 1.249000 693.349976
36660.625000 1142.588013 1.249000 693.448975
36664.250000 1142.791382 1.249000 693.559021
36667.125000 1143.000488 1.249000 693.653992
36670.250000 1143.207764 1.249000 693.755005
36673.375000 1143.443359 1.249000 693.854004
36677.500000 1143.644531 1.249000 693.953979
36682.375000 1143.845703 1.249000 694.054016
36685.875000 1144.046753 1.249000 694.151001
36689.750000 1144.247925 1.249000 694.254028
36693.000000 1144.449219 1.249000 694.354004
36703.625000 1144.669556 1.241000 694.463989
36707.250000 1144.875122 1.241000 694.559021
36709.500000 1145.076538 1.241000 694.658997
36712.000000 1145.277710 1.241000 694.754028
36714.875000 1145.479004 1.241000 694.854004
36717.750000 1145.680176 1.241000 694.960022
36720.875000 1145.883423 1.241000 695.054016
36723.625000 1146.086426 1.241000 695.155029
36726.750000 1146.293457 1.241000 695.254028
36730.125000 1146.494751 1.241000 695.354004
36732.750000 1146.696045 1.241000 695.453979
36735.500000 1146.897217 1.241000 695.554016
36738.750000 1147.098633 1.241000 695.653992
36742.125000 1147.302002 1.241000 695.755005
36752.250000 1147.302002 1.293000 695.848999
36757.500000 1147.507935 1.293000 695.953979
36761.375000 1147.714600 1.293000 696.054016
36764.125000 1147.915649 1.293000 696.158997
36767.750000 1148.177368 1.293000 696.258972
36772.375000 1148.378540 1.293000 696.359985
36775.875000 1148.581909 1.293000 696.453979
36779.750000 1148.791016 1.293000 696.554016
36783.875000 1148.996094 1.293000 696.661011
36786.250000 1149.207520 1.293000 696.760986
36790.250000 1149.408813 1.293000 696.861023
36793.250000 1149.616089 1.293000 696.953979
36797.125000 1149.821411 1.293000 697.072998
36801.125000 1150.027222 1.293000 697.163025
36808.375000 1150.228149 1.246000 697.263000
36813.000000 1150.436523 1.246000 697.362976
36816.375000 1150.647949 1.246000 697.468018
36821.250000 1150.849121 1.246000 697.567993
36826.250000 1151.084717 1.246000 697.669983
36831.125000 1151.294189 1.246000 697.768982
36834.375000 1151.497314 1.246000 697.859009
36838.000000 1151.706421 1.246000 697.960022
36842.750000 1151.909668 1.246000 698.070007
36860.125000 1152.123291 1.246000 698.164001
36863.875000 1152.329956 1.246000 698.258972
36867.250000 1152.532837 1.246000 698.359985
36870.375000 1152.733765 1.246000 698.469971
36872.375000 1152.935303 1.246000 698.565002
36882.500000 1153.136597 1.257000 698.659973
36886.250000 1153.136597 1.257000 698.760010
36892.375000 1153.346558 1.257000 698.862976
36895.875000 1153.554321 1.257000 698.958008
36898.125000 1153.757568 1.257000 699.057983
36901.750000 1153.997070 1.257000 699.158997
36905.375000 1154.218384 1.257000 699.257996
36908.125000 1154.419434 1.257000 699.357971
36916.125000 1154.620850 1.257000 699.458984
36918.500000 1154.834229 1.257000 699.559021
36921.750000 1155.037720 1.257000 699.674988
36925.250000 1155.245239 1.257000 699.773010
36927.875000 1155.446655 1.257000 699.857971
36931.250000 1155.654297 1.257000 699.963013
36935.375000 1155.859497 1.390000 700.052979
36938.250000 1156.060669 1.390000 700.158020
36939.875000 1156.262085 1.390000 700.257996
36941.875000 1156.465454 1.390000 700.357971
36944.125000 1156.674316 1.390000 700.463013
36947.750000 1156.879883 1.390000 700.557983
36950.500000 1157.085571 1.390000 700.671997
36952.875000 1157.288940 1.390000 700.763000
36956.250000 1157.510742 1.390000 700.867981
36960.125000 1157.712036 1.390000 700.960022
36962.875000 1157.913330 1.390000 701.057983
36965.125000 1158.140991 1.390000 701.166016
36966.750000 1158.342285 1.390000 701.265991
36969.750000 1158.551392 1.390000 701.364990
36979.250000 1158.762817 1.203000 701.474976
36982.750000 1158.972656 1.203000 701.570007
36984.875000 1159.173828 1.203000 701.664978
36986.250000 1159.376953 1.203000 701.760986
36987.875000 1159.578369 1.203000 701.861023
36989.750000 1159.781860 1.203000 701.966980
36991.250000 1159.991089 1.203000 702.065979
36995.000000 1160.194092 1.203000 702.171997
36996.500000 1160.399414 1.203000 702.268982
36998.250000 1160.600830 1.203000 702.369019
37001.875000 1160.600830 1.203000 702.466003
37005.500000 1160.866943 1.203000 702.570984
37010.000000 1161.067993 1.203000 702.674988
37013.625000 1161.277466 1.203000 702.775024
37022.750000 1161.478516 1.208000 702.869995
37028.625000 1161.684326 1.208000 702.971985
37034.375000 1161.884766 1.208000 703.075012
37041.250000 1162.092529 1.208000 703.169983
37047.750000 1162.301880 1.208000 703.268982
37054.000000 1162.503174 1.208000 703.374023
37061.500000 1162.710938 1.208000 703.456970
37068.500000 1162.936279 1.208000 703.562012
37075.375000 1163.145752 1.208000 703.668030
37112.875000 1163.348389 1.208000 703.762024
37129.500000 1163.542236 1.208000 703.867981
37178.500000 1163.542236 1.208000 703.958984
37186.750000 1163.702271 1.208000 704.067993
37201.750000 1163.853027 1.208000 704.164978
37206.125000 1163.853027 1.208000 704.263000
37211.625000 1163.997437 1.287000 704.356995
37216.375000 1163.997437 1.287000 704.463989
37222.125000 1164.180054 1.287000 704.568970
37224.375000 1164.180054 1.287000 704.653992
37233.625000 1164.180054 1.287000 704.758972
37247.000000 1164.360107 1.287000 704.859009
37250.875000 1164.360107 1.287000 704.958984
37254.625000 1164.565063 1.287000 705.060974
37260.375000 1164.765259 1.287000 705.159973
37265.125000 1164.971924 1.287000 705.260010
37272.250000 1165.174561 1.287000 705.359985
37282.875000 1165.395996 1.287000 705.476013
37288.500000 1165.395996 1.287000 705.559998
37292.875000 1165.629517 1.287000 705.664978
37299.375000 1165.906982 1.287000 705.760986
37310.500000 1166.110352 1.442000 705.859985
37316.625000 1166.311890 1.442000 705.969971
37321.500000 1166.512817 1.442000 706.059998
37327.000000 1166.713867 1.442000 706.169983
37331.250000 1166.914917 1.442000 706.250000
37336.125000 1167.148315 1.442000 706.359985
37339.625000 1167.377930 1.442000 706.466003
37345.000000 1167.585693 1.442000 706.567993
37349.375000 1167.794678 1.442000 706.671997
37353.875000 1167.998047 1.442000 706.768005
37357.625000 1168.199585 1.442000 706.872986
37360.500000 1168.400757 1.442000 706.968018
37362.625000 1168.606201 1.442000 707.059998
37366.250000 1168.807739 1.442000 707.159973
37368.000000 1169.010986 1.442000 707.265015
37375.875000 1169.010986 1.377000 707.359985
37379.000000 1169.216431 1.377000 707.455017
37385.250000 1169.421265 1.377000 707.565002
37387.250000 1169.622559 1.377000 707.661987
37389.375000 1169.878296 1.377000 707.757019
37391.625000 1170.079346 1.377000 707.856995
37393.875000 1170.280640 1.377000 707.956970
37397.125000 1170.481812 1.377000 708.062012
37400.375000 1170.683105 1.377000 708.161987
37402.500000 1170.894897 1.377000 708.268982
37424.750000 1171.104492 1.377000 708.362000
37427.125000 1171.309570 1.377000 708.466980
37428.625000 1171.510864 1.377000 708.562012
37431.125000 1171.510864 1.377000 708.661987
37432.375000 1171.715820 1.377000 708.752014
37433.875000 1171.715820 1.386000 708.864990
37435.750000 1171.923218 1.386000 708.960022
37436.875000 1172.124268 1.386000 709.049988
37439.000000 1172.327759 1.386000 709.172974
37439.625000 1172.539307 1.386000 709.268005
37440.375000 1172.764893 1.386000 709.349976
37442.250000 1172.977905 1.386000 709.460022
37442.500000 1173.187500 1.386000 709.549988
37443.250000 1173.388672 1.386000 709.664978
37444.000000 1173.596069 1.386000 709.762024
37447.375000 1173.801270 1.386000 709.864990
37448.750000 1174.010254 1.386000 709.968994
37451.125000 1174.219727 1.386000 710.062988
37453.875000 1174.420776 1.386000 710.163025
37456.625000 1174.621948 1.386000 710.263000
37458.500000 1174.823486 1.386000 710.357971
37474.375000 1175.024780 1.373000 710.458008
37477.625000 1175.235474 1.373000 710.562988
37480.000000 1175.440674 1.373000 710.663025
37485.250000 1175.440674 1.373000 710.757996
37488.625000 1175.843140 1.373000 710.862976
37491.750000 1175.843140 1.373000 710.958984
37495.375000 1176.044312 1.373000 711.057983
37498.875000 1176.245850 1.373000 711.158020
37501.375000 1176.517212 1.373000 711.260986
37505.875000 1176.724487 1.373000 711.366028
37511.250000 1176.928467 1.373000 711.463013
37513.625000 1177.128662 1.373000 711.567993
37518.125000 1177.331543 1.373000 711.658020
37520.750000 1177.538208 1.373000 711.763000
37526.500000 1177.754150 1.373000 711.872986
37532.125000 1177.955688 1.336000 711.958008
37536.875000 1178.156860 1.336000 712.057983
37540.750000 1178.371948 1.336000 712.164978
37544.000000 1178.573242 1.336000 712.271973
37546.875000 1178.776123 1.336000 712.362000
37551.625000 1178.977539 1.336000 712.460022
37554.875000 1178.977539 1.336000 712.549988
37557.875000 1179.217041 1.336000 712.659973
37563.500000 1179.498779 1.336000 712.755005
37568.750000 1179.699707 1.336000 712.869995
37573.750000 1179.904663 1.336000 712.965027
37577.375000 1180.111694 1.336000 713.065979
37581.375000 1180.317017 1.336000 713.155029
37587.375000 1180.524414 1.336000 713.260010
37591.500000 1180.727295 1.336000 713.375977
37608.500000 1180.942871 1.275000 713.465027
37612.375000 1181.143311 1.275000 713.565002
37617.000000 1181.344238 1.275000 713.659973
37621.625000 1181.545776 1.275000 713.760986
37625.375000 1181.747192 1.275000 713.859985
37629.875000 1181.948608 1.275000 713.960022
37635.625000 1182.151978 1.275000 714.059998
37640.250000 1182.363647 1.275000 714.164978
37644.750000 1182.573242 1.275000 714.260010
37647.750000 1182.774902 1.275000 714.359985
37651.875000 1182.975952 1.275000 714.460022
37657.250000 1183.177124 1.275000 714.559998
37661.000000 1183.378052 1.275000 714.664978
37664.250000 1183.609741 1.275000 714.775024
37668.500000 1183.810913 1.275000 714.854980
37694.250000 1183.810913 1.337000 714.950012
37698.875000 1184.020630 1.337000 715.059998
37705.750000 1184.226440 1.337000 715.166016
37711.375000 1184.426514 1.337000 715.260010
37716.625000 1184.426514 1.337000 715.369995
37722.250000 1184.635254 1.337000 715.460022
37726.250000 1184.635254 1.337000 715.562012
37729.250000 1184.635254 1.337000 715.669983
37730.625000 1184.635254 1.337000 715.765991
37738.375000 1184.635254 1.337000 715.869995
37744.750000 1184.772339 1.337000 715.960022
37747.125000 1184.772339 1.337000 716.059998
37751.125000 1184.772339 1.337000 716.155029
37753.375000 1184.772339 1.337000 716.260010
37756.125000 1184.772339 1.239000 716.362000
37756.875000 1184.772339 1.239000 716.466980
37757.250000 1184.772339 1.239000 716.565002
37758.125000 1184.775879 1.239000 716.666016
37759.625000 1184.775879 1.239000 716.767029
37761.500000 1184.777710 1.239000 716.862000
37763.750000 1184.777710 1.239000 716.961975
37764.875000 1184.796387 1.239000 717.062012
37765.000000 1184.796387 1.239000 717.166992
37766.000000 1184.796387 1.239000 717.267029
37766.625000 1184.796387 1.239000 717.362000
37767.375000 1184.908691 1.239000 717.461975
37768.125000 1184.908691 1.239000 717.552002
37768.250000 1185.109863 1.239000 717.663025
37768.750000 1185.314209 1.239000 717.762024
37769.500000 1185.314209 1.230000 717.862976
37770.500000 1185.527954 1.230000 717.961975
37771.250000 1185.734741 1.230000 718.067993
37772.375000 1185.943726 1.230000 718.161987
37773.500000 1186.174927 1.230000 718.262024
37774.000000 1186.375977 1.230000 718.362000
37774.500000 1186.587158 1.230000 718.461975
37775.500000 1186.812744 1.230000 718.562012
37776.750000 1187.023682 1.230000 718.661987
37777.125000 1187.236694 1.230000 718.762024
37777.625000 1187.441895 1.230000 718.862000
37778.750000 1187.643188 1.230000 718.961975
37779.500000 1187.844360 1.230000 719.057007
37780.125000 1188.045410 1.230000 719.161987
37781.875000 1188.246704 1.230000 719.262024
37782.500000 1188.455688 1.206000 719.362000
37783.375000 1188.658936 1.206000 719.461975
37784.625000 1188.860107 1.206000 719.567993
37785.125000 1188.860107 1.206000 719.617004
37785.750000 1189.121582 1.206000 719.721985
37786.500000 1189.333008 1.206000 719.831970
37787.375000 1189.534424 1.206000 719.932007
37788.375000 1189.771851 1.206000 720.031982
37788.875000 1189.979126 1.206000 720.132996
37789.750000 1190.208374 1.206000 720.221985
37791.000000 1190.429688 1.206000 720.331970
37792.250000 1190.630859 1.206000 720.427002
37793.125000 1190.832153 1.206000 720.531982
37793.750000 1191.033325 1.206000 720.632019
37794.875000 1191.234497 1.206000 720.731995
37797.750000 1191.435791 1.234000 720.831970
37799.000000 1191.639771 1.234000 720.932007
37799.750000 1191.639771 1.234000 721.017029
37800.250000 1192.042603 1.234000 721.127014
37800.750000 1192.243896 1.234000 721.231995
37801.625000 1192.445068 1.234000 721.336975
37802.125000 1192.646240 1.234000 721.432007
37803.250000 1192.847412 1.234000 721.531982
37804.250000 1193.052246 1.234000 721.629028
37808.375000 1193.254517 1.234000 721.734009
37811.875000 1193.254517 1.234000 721.833984
37815.625000 1193.443237 1.234000 721.934021
37819.750000 1193.608032 1.234000 722.033997
37820.500000 1193.608032 1.234000 722.119019
37822.125000 1193.799683 1.271000 722.223999
37822.500000 1193.902100 1.271000 722.333984
37823.000000 1193.902100 1.271000 722.434021
37823.625000 1193.902100 1.271000 722.533997
37824.875000 1194.079834 1.271000 722.633972
37825.375000 1194.079834 1.271000 722.734009
37826.125000 1194.287231 1.271000 722.841003
37826.625000 1194.287231 1.271000 722.940979
37826.625000 1194.487427 1.271000 723.033997
37827.500000 1194.690186 1.271000 723.138977
37827.875000 1194.897217 1.271000 723.234009
37828.125000 1195.098511 1.271000 723.333984
37828.625000 1195.299805 1.271000 723.434021
37829.500000 1195.500854 1.271000 723.533997
37830.000000 1195.702393 1.271000 723.633972
37830.625000 1195.903809 1.258000 723.734009
37831.125000 1196.104980 1.258000 723.833984
37831.375000 1196.311890 1.258000 723.945007
37831.500000 1196.553223 1.258000 724.041992
37832.375000 1196.774414 1.258000 724.142029
37833.750000 1196.985962 1.258000 724.236023
37834.250000 1197.191162 1.258000 724.335022
37834.250000 1197.392700 1.258000 724.434021
37835.250000 1197.594116 1.258000 724.539001
37837.375000 1197.795532 1.258000 724.629028
37837.625000 1197.996704 1.258000 724.734009
37837.750000 1198.198120 1.258000 724.833984
37838.000000 1198.399292 1.258000 724.934021
37838.125000 1198.600586 1.258000 725.039001
37838.250000 1198.801880 1.287000 725.133972
37838.500000 1198.801880 1.287000 725.218994
37838.875000 1199.204346 1.287000 725.333984
37839.500000 1199.405762 1.287000 725.434021
37839.625000 1199.607178 1.287000 725.533997
37840.000000 1199.808105 1.287000 725.643982
37840.625000 1199.808105 1.287000 725.724976
37840.750000 1200.210815 1.287000 725.835022
37841.000000 1200.412354 1.287000 725.937012
37842.750000 1200.613647 1.287000 726.033997
37845.875000 1200.613647 1.287000 726.129028
37857.250000 1200.874146 1.287000 726.229004
37859.125000 1201.078735 1.287000 726.333984
37860.250000 1201.217285 1.287000 726.434021
37862.500000 1201.322998 1.287000 726.533997
37869.750000 1201.322998 1.392000 726.629028
37876.000000 1201.398071 1.392000 726.734009
37877.500000 1201.440674 1.392000 726.836975
37878.750000 1201.444336 1.392000 726.934998
37880.000000 1201.444336 1.392000 727.044006
37880.500000 1201.444336 1.392000 727.133972
37881.000000 1201.445312 1.392000 727.234009
37881.500000 1201.445312 1.392000 727.330994
37882.000000 1201.445312 1.392000 727.414978
37882.375000 1201.518433 1.392000 727.528992
37882.750000 1201.518433 1.392000 727.633972
37883.125000 1201.518433 1.392000 727.734009
37883.500000 1201.735718 1.392000 727.823975
37883.750000 1201.949829 1.392000 727.934998
37884.625000 1202.162354 1.392000 728.036987
37887.125000 1202.162354 1.256000 728.119019
37888.500000 1202.399780 1.256000 728.236023
37889.750000 1202.603149 1.256000 728.323975
37890.625000 1202.804321 1.256000 728.434021
37891.250000 1203.005737 1.256000 728.533997
37892.375000 1203.206787 1.256000 728.638000
37892.750000 1203.482178 1.256000 728.732971
37893.250000 1203.693726 1.256000 728.833008
37894.000000 1203.899048 1.256000 728.937988
37894.375000 1204.103882 1.256000 729.034973
37895.000000 1204.305176 1.256000 729.135010
37895.625000 1204.506348 1.256000 729.244995
37896.000000 1204.707397 1.256000 729.344971
37896.375000 1204.908691 1.256000 729.434998
37899.625000 1205.109741 1.210000 729.534973
37900.375000 1205.109741 1.210000 729.635010
37900.750000 1205.313721 1.210000 729.734985
37900.875000 1205.716309 1.210000 729.840027
37904.000000 1205.917969 1.210000 729.950012
37904.500000 1206.119263 1.210000 730.044983
37904.875000 1206.320679 1.210000 730.145020
37905.375000 1206.320679 1.210000 730.229980
37906.000000 1206.723022 1.210000 730.340027
37906.625000 1206.924561 1.210000 730.445007
37907.500000 1207.125610 1.210000 730.544983
37908.750000 1207.326904 1.210000 730.645020
37909.500000 1207.326904 1.210000 730.737000
37909.750000 1207.733887 1.210000 730.841980
37912.750000 1207.940552 1.278000 730.947021
37914.750000 1207.940552 1.278000 731.039978
37917.750000 1208.142090 1.278000 731.142029
37919.250000 1208.393799 1.278000 731.247009
37919.875000 1208.599243 1.278000 731.341980
37920.500000 1208.800171 1.278000 731.442017
37921.000000 1209.009521 1.278000 731.536987
37929.250000 1209.209717 1.278000 731.640991
37930.625000 1209.424683 1.278000 731.745972
37932.750000 1209.424683 1.278000 731.841003
37933.125000 1209.644165 1.278000 731.934998
37933.625000 1209.644165 1.278000 732.036011
37934.125000 1209.848511 1.278000 732.135010
37934.500000 1210.056274 1.278000 732.226990
37935.000000 1210.262329 1.278000 732.346985
37935.375000 1210.466309 1.244000 732.447021
37935.750000 1210.673584 1.244000 732.546997
37936.125000 1210.874878 1.244000 732.642029
37936.625000 1210.874878 1.244000 732.731995
37937.375000 1211.076172 1.244000 732.831970
37938.250000 1211.488770 1.244000 732.947021
37938.875000 1211.488770 1.244000 733.036987
37939.750000 1211.891235 1.244000 733.146973
37940.750000 1212.092407 1.244000 733.247009
37941.750000 1212.092407 1.244000 733.343994
37942.875000 1212.499512 1.244000 733.448975
37944.625000 1212.499512 1.244000 733.543030
37946.125000 1212.706787 1.244000 733.632019
37948.500000 1212.948242 1.244000 733.747986
37950.500000 1213.161133 1.245000 733.846985
37952.625000 1213.361572 1.245000 733.932007
37955.000000 1213.562744 1.245000 734.049011
37957.625000 1213.781982 1.245000 734.142029
37959.625000 1213.983276 1.245000 734.242004
37963.250000 1214.200317 1.245000 734.349976
37965.500000 1214.401978 1.245000 734.450012
37969.000000 1214.603149 1.245000 734.547974
37972.250000 1214.810669 1.245000 734.655029
37976.875000 1215.015991 1.245000 734.745972
37980.000000 1215.221802 1.245000 734.841980
37982.875000 1215.221802 1.245000 734.940979
37986.000000 1215.414185 1.245000 735.046021
37987.125000 1215.618164 1.245000 735.135986
37987.875000 1215.618164 1.172000 735.241028
37990.625000 1215.819336 1.172000 735.348022
37991.625000 1215.819336 1.172000 735.447021
37992.625000 1216.020386 1.172000 735.541016
37993.500000 1216.226074 1.172000 735.640991
37994.625000 1216.433838 1.172000 735.745972
37996.000000 1216.635132 1.172000 735.846985
37997.000000 1216.836670 1.172000 735.945984
38001.625000 1216.836670 1.172000 736.036011
38003.000000 1217.039673 1.172000 736.142029
38004.500000 1217.324463 1.172000 736.241028
38005.375000 1217.324463 1.172000 736.354004
38012.125000 1217.489868 1.172000 736.445984
38012.875000 1217.625122 1.174000 736.546021
38013.125000 1217.625122 1.174000 736.653015
38013.250000 1217.625122 1.174000 736.745972
38013.625000 1217.827026 1.174000 736.846985
38014.375000 1217.827026 1.174000 736.950989
38014.750000 1218.033203 1.174000 737.051025
38015.625000 1218.240112 1.174000 737.151001
38016.375000 1218.456421 1.174000 737.245972
38017.125000 1218.661865 1.174000 737.346985
38017.750000 1218.867188 1.174000 737.453979
38018.375000 1219.068237 1.174000 737.549011
38019.000000 1219.269653 1.174000 737.653992
38019.500000 1219.471191 1.174000 737.754028
38020.125000 1219.678589 1.174000 737.851990
38020.750000 1219.879639 1.174000 737.947021
38021.500000 1220.080933 1.202000 738.046997
38022.000000 1220.284302 1.202000 738.148010
38022.250000 1220.284302 1.202000 738.247009
38022.625000 1220.697021 1.202000 738.353027
38023.750000 1220.697021 1.202000 738.447021
38024.750000 1220.898438 1.202000 738.546997
38025.000000 1221.137939 1.202000 738.646973
38025.375000 1221.369629 1.202000 738.747009
38026.000000 1221.570801 1.202000 738.846985
38026.500000 1221.781982 1.202000 738.947021
38026.875000 1221.983398 1.202000 739.047974
38027.125000 1222.194824 1.202000 739.146973
38027.875000 1222.395630 1.202000 739.247009
38028.500000 1222.599121 1.202000 739.346985
38029.125000 1222.807617 1.149000 739.447021
38029.375000 1223.039185 1.149000 739.546021
38029.750000 1223.260132 1.149000 739.648010
38030.250000 1223.471313 1.149000 739.747009
38030.875000 1223.672852 1.149000 739.846985
38031.375000 1223.875977 1.149000 739.953003
38031.625000 1224.077271 1.149000 740.052979
38032.625000 1224.278442 1.149000 740.153015
38034.000000 1224.481689 1.149000 740.254028
38034.625000 1224.682739 1.149000 740.338989
38037.375000 1224.883789 1.149000 740.453979
38037.875000 1225.085083 1.149000 740.554016
38038.125000 1225.286255 1.149000 740.653992
38038.250000 1225.493408 1.149000 740.742004
38038.250000 1225.702881 1.260000 740.844971
38039.125000 1225.912231 1.260000 740.945007
38040.125000 1226.113647 1.260000 741.044983
38042.000000 1226.315063 1.260000 741.150024
38042.875000 1226.516235 1.260000 741.250000
38043.125000 1226.725952 1.260000 741.354004
38043.625000 1226.928955 1.260000 741.450012
38044.250000 1226.928955 1.260000 741.530029
38044.500000 1227.130249 1.260000 741.648010
38045.000000 1227.412476 1.260000 741.755005
38045.125000 1227.634033 1.260000 741.854980
38045.250000 1227.835327 1.260000 741.955017
38046.000000 1228.036743 1.260000 742.054993
38046.750000 1228.237915 1.260000 742.150024
38047.000000 1228.439087 1.260000 742.244995
38047.250000 1228.680542 1.179000 742.340027
38048.500000 1228.922119 1.179000 742.460022
38049.000000 1229.123291 1.179000 742.559998
38049.375000 1229.324585 1.179000 742.650024
38049.625000 1229.526001 1.179000 742.755005
38050.625000 1229.727417 1.179000 742.859985
38051.125000 1229.930908 1.179000 742.945984
38052.000000 1230.138062 1.179000 743.044006
38052.125000 1230.349243 1.179000 743.153992
38052.375000 1230.349243 1.179000 743.244019
38054.750000 1230.556274 1.179000 743.340027
38057.625000 1230.762817 1.179000 743.445007
38066.500000 1230.914917 1.179000 743.549988
38067.000000 1230.914917 1.179000 743.640015
38068.375000 1231.036011 1.179000 743.747986
38090.375000 1231.119263 1.258000 743.851990
38090.625000 1231.119263 1.258000 743.955994
38091.500000 1231.145508 1.258000 744.051025
38091.750000 1231.145508 1.258000 744.151978
38092.125000 1231.145508 1.258000 744.252014
38092.625000 1231.145508 1.258000 744.356995
38093.625000 1231.348999 1.258000 744.445007
38094.250000 1231.348999 1.258000 744.552002
38095.125000 1231.555176 1.258000 744.650024
38096.000000 1231.771973 1.258000 744.755005
38096.750000 1231.972046 1.258000 744.849976
38097.125000 1232.179199 1.258000 744.958984
38097.750000 1232.402832 1.258000 745.059021
38098.250000 1232.603882 1.258000 745.158997
38098.375000 1232.827271 1.258000 745.260010
38098.750000 1233.058838 1.347000 745.359985
38099.125000 1233.260132 1.347000 745.460022
38099.375000 1233.461304 1.347000 745.559998
38099.500000 1233.670410 1.347000 745.653992
38099.625000 1233.875732 1.347000 745.755981
38100.000000 1234.082764 1.347000 745.848999
38100.000000 1234.283936 1.347000 745.948975
38100.375000 1234.283936 1.347000 746.039001
38101.125000 1234.686157 1.347000 746.148987
38101.500000 1234.887329 1.347000 746.249023
38101.875000 1235.088379 1.347000 746.354004
38103.375000 1235.088379 1.347000 746.434021
38104.375000 1235.490723 1.347000 746.549011
38105.000000 1235.700073 1.347000 746.658020
38105.375000 1235.901367 1.347000 746.763000
38106.750000 1236.102783 1.347000 746.853027
38107.875000 1236.304199 1.382000 746.958008
38108.750000 1236.304199 1.382000 747.047974
38109.500000 1236.706909 1.382000 747.158020
38110.875000 1236.910034 1.382000 747.254028
38111.500000 1236.910034 1.382000 747.348999
38112.125000 1237.119263 1.382000 747.440002
38113.125000 1237.531372 1.382000 747.562988
38113.750000 1237.531372 1.382000 747.658020
38115.250000 1237.762695 1.382000 747.757996
38116.500000 1237.963867 1.382000 747.844971
38116.875000 1238.169189 1.382000 747.950012
38117.375000 1238.372314 1.382000 748.051025
38118.250000 1238.581543 1.382000 748.151001
38118.750000 1238.784912 1.382000 748.250977
38120.250000 1239.006714 1.382000 748.353027
38124.125000 1239.215820 1.265000 748.450989
38124.625000 1239.418457 1.265000 748.557983
38125.375000 1239.628174 1.265000 748.651978
38125.750000 1239.849365 1.265000 748.745972
38126.000000 1240.050415 1.265000 748.846008
38126.500000 1240.253540 1.265000 748.956970
38126.875000 1240.474609 1.265000 749.057007
38126.875000 1240.675781 1.265000 749.156982
38127.000000 1240.675781 1.265000 749.231018
38127.250000 1241.086792 1.265000 749.351013
38128.125000 1241.295776 1.265000 749.450989
38129.250000 1241.499146 1.265000 749.551025
38129.875000 1241.708252 1.265000 749.651001
38130.125000 1241.911377 1.265000 749.750977
38132.750000 1241.911377 1.273000 749.841003
38134.125000 1242.318359 1.273000 749.955017
38134.625000 1242.519653 1.273000 750.054993
38135.250000 1242.519653 1.273000 750.146973
38136.000000 1242.744873 1.273000 750.252014
38136.375000 1242.946411 1.273000 750.351990
38136.875000 1243.147705 1.273000 750.452026
38137.625000 1243.349243 1.273000 750.552979
38138.375000 1243.550659 1.273000 750.651978
38139.125000 1243.753906 1.273000 750.752014
38140.750000 1243.962769 1.273000 750.856018
38141.500000 1244.164185 1.273000 750.956970
38142.750000 1244.365479 1.273000 751.057983
38143.375000 1244.568726 1.273000 751.158020
38143.625000 1244.778198 1.273000 751.252014
38144.250000 1244.979614 1.261000 751.351990
38145.250000 1245.180786 1.261000 751.453003
38145.875000 1245.383789 1.261000 751.556030
38146.750000 1245.592773 1.261000 751.661987
38147.250000 1245.793457 1.261000 751.762024
38148.125000 1245.994751 1.261000 751.862000
38149.125000 1246.197998 1.261000 751.952026
38150.250000 1246.399414 1.261000 752.052002
38150.750000 1246.602661 1.261000 752.151978
38151.750000 1246.811890 1.261000 752.242004
38153.000000 1247.061279 1.261000 752.353027
38154.125000 1247.262329 1.261000 752.452026
38156.000000 1247.463379 1.261000 752.552002
38156.500000 1247.668701 1.261000 752.651978
38158.250000 1247.875854 1.261000 752.752014
38158.875000 1248.077148 1.261000 752.848022
38159.625000 1248.284180 1.258000 752.966980
38160.250000 1248.507568 1.258000 753.052002
38161.250000 1248.710693 1.258000 753.158997
38162.000000 1248.917847 1.258000 753.234985
38163.625000 1249.120728 1.258000 753.351990
38165.000000 1249.322144 1.258000 753.450012
38166.625000 1249.531494 1.258000 753.549988
38168.875000 1249.740601 1.258000 753.650024
38169.875000 1249.944092 1.258000 753.760986
38175.875000 1249.944092 1.258000 753.848999
38180.875000 1250.151855 1.258000 753.950012
38186.875000 1250.357910 1.258000 754.051025
38188.250000 1250.576294 1.258000 754.159973
38206.750000 1250.576294 1.258000 754.255981
38209.375000 1250.786621 1.258000 754.338989
38211.250000 1250.786621 1.250000 754.458008
38213.250000 1250.990601 1.250000 754.552979
38214.625000 1251.205200 1.250000 754.658020
38217.000000 1251.412842 1.250000 754.752991
38219.500000 1251.633423 1.250000 754.862976
38220.375000 1251.834839 1.250000 754.947998
38222.000000 1252.038086 1.250000 755.060974
38222.500000 1252.243408 1.250000 755.156982
38224.250000 1252.453003 1.250000 755.250000
38225.000000 1252.658447 1.250000 755.356995
38225.500000 1252.658447 1.250000 755.450012
38226.125000 1253.067261 1.250000 755.554993
38227.250000 1253.272827 1.250000 755.656982
38227.625000 1253.272827 1.250000 755.755005
38228.875000 1253.490112 1.250000 755.849976
38235.875000 1253.691406 1.327000 755.953979
38237.250000 1253.900879 1.327000 756.059021
38238.750000 1254.107056 1.327000 756.164001
38240.000000 1254.308228 1.327000 756.252014
38241.125000 1254.511719 1.327000 756.340027
38241.625000 1254.712891 1.327000 756.453003
38242.250000 1254.914185 1.327000 756.544983
38243.125000 1255.119141 1.327000 756.655029
38244.250000 1255.356567 1.327000 756.750977
38246.250000 1255.563965 1.327000 756.854980
38247.250000 1255.769165 1.327000 756.945007
38248.625000 1255.969971 1.327000 757.049988
38250.000000 1256.195557 1.327000 757.156982
38252.000000 1256.396606 1.327000 757.257019
38253.125000 1256.598022 1.327000 757.372009
38254.125000 1256.798950 1.246000 757.452026
38256.500000 1257.000122 1.246000 757.560974
38257.250000 1257.208984 1.246000 757.666016
38258.875000 1257.428589 1.246000 757.750000
38261.125000 1257.629517 1.246000 757.844971
38262.500000 1257.834717 1.246000 757.956970
38264.000000 1258.034912 1.246000 758.052002
38269.250000 1258.239136 1.246000 758.166992
38270.500000 1258.239136 1.246000 758.267029
38271.125000 1258.442627 1.246000 758.362976
38272.500000 1258.646729 1.246000 758.461975
38274.250000 1258.646729 1.246000 758.562012
38277.125000 1258.847534 1.246000 758.661987
38279.125000 1259.097656 1.246000 758.762024
38281.000000 1259.298218 1.246000 758.856995
38285.875000 1259.498657 1.340000 758.956970
38287.625000 1259.727173 1.340000 759.057007
38289.750000 1259.928833 1.340000 759.151978
38291.625000 1260.129883 1.340000 759.252991
38293.500000 1260.343506 1.340000 759.362976
38294.375000 1260.552734 1.340000 759.452026
38296.625000 1260.753906 1.340000 759.552002
38299.750000 1260.955566 1.340000 759.656982
38303.125000 1261.156738 1.340000 759.747009
38304.125000 1261.358154 1.340000 759.851990
38305.500000 1261.567749 1.340000 759.950989
38307.125000 1261.768677 1.340000 760.052002
38308.750000 1261.768677 1.340000 760.145996
38309.625000 1261.999878 1.340000 760.250977
38312.000000 1262.201294 1.277000 760.356018
38315.000000 1262.401489 1.277000 760.455994
38316.875000 1262.601807 1.277000 760.546021
38318.250000 1262.803101 1.277000 760.651001
38320.250000 1263.004272 1.277000 760.752991
38322.625000 1263.219727 1.277000 760.856995
38324.375000 1263.432861 1.277000 760.958984
38327.000000 1263.634155 1.277000 761.051025
38329.750000 1263.839355 1.277000 761.145996
38331.500000 1264.040649 1.277000 761.250977
38332.875000 1264.241821 1.277000 761.351013
38334.625000 1264.443115 1.277000 761.455994
38336.125000 1264.644287 1.277000 761.554016
38338.375000 1264.845703 1.277000 761.658997
38340.500000 1265.052979 1.277000 761.750977
38342.250000 1265.258057 1.338000 761.853027
38344.250000 1265.498047 1.338000 761.955994
38346.625000 1265.701172 1.338000 762.057007
38348.375000 1265.902588 1.338000 762.151978
38350.250000 1266.135498 1.338000 762.242981
38351.750000 1266.337036 1.338000 762.362976
38353.000000 1266.538208 1.338000 762.468018
38354.625000 1266.739502 1.338000 762.562988
38355.625000 1266.946777 1.338000 762.651001
38356.625000 1267.148071 1.338000 762.750977
38358.000000 1267.349121 1.338000 762.848999
38359.375000 1267.550049 1.338000 762.955994
38360.250000 1267.771362 1.338000 763.056030
38361.625000 1267.972534 1.338000 763.156006
38363.625000 1268.173706 1.338000 763.255981
38365.500000 1268.375122 1.260000 763.346008
38369.000000 1268.576416 1.260000 763.440979
38371.125000 1268.781494 1.260000 763.557983
38373.875000 1268.982544 1.260000 763.661011
38377.500000 1269.189819 1.260000 763.755981
38381.625000 1269.401001 1.260000 763.861023
38386.750000 1269.602173 1.260000 763.955994
38391.500000 1269.803467 1.260000 764.046021
38396.000000 1270.008545 1.260000 764.158020
38399.500000 1270.008545 1.260000 764.245972
38403.500000 1270.417480 1.260000 764.356018
38408.750000 1270.417480 1.260000 764.445984
38413.625000 1270.620728 1.260000 764.536011
38419.250000 1270.831787 1.260000 764.656006
38424.375000 1271.133545 1.260000 764.750977
38434.250000 1271.352783 1.276000 764.856018
38439.375000 1271.561401 1.276000 764.955994
38443.250000 1271.781006 1.276000 765.051025
38448.625000 1271.982300 1.276000 765.145996
38454.000000 1272.190918 1.276000 765.255981
38458.000000 1272.190918 1.276000 765.356995
38462.250000 1272.393433 1.276000 765.455994
38467.250000 1272.597046 1.276000 765.546021
38470.750000 1272.597046 1.276000 765.651001
38472.875000 1272.597046 1.276000 765.760986
38486.875000 1272.797119 1.276000 765.846008
38526.625000 1272.797119 1.276000 765.945984
38528.500000 1272.810791 1.276000 766.046021
38554.250000 1272.810791 1.276000 766.156006
38561.500000 1272.810791 1.276000 766.252991
38563.750000 1272.810791 1.322000 766.356995
38570.000000 1272.810791 1.322000 766.456970
38572.750000 1272.810791 1.322000 766.547974
38575.250000 1272.810791 1.322000 766.653015
38575.250000 1272.810791 1.322000 766.755005
38594.875000 1272.810791 1.322000 766.861023
38599.875000 1272.810791 1.322000 766.958008
38601.875000 1272.810791 1.322000 767.057983
38603.375000 1272.811768 1.322000 767.153015
38609.250000 1272.811768 1.322000 767.252991
38611.750000 1272.812744 1.322000 767.348022
38612.125000 1272.812744 1.322000 767.432983
38613.250000 1272.813599 1.322000 767.552979
38613.625000 1272.815552 1.322000 767.648010
38613.875000 1272.815552 1.261000 767.754028
38614.375000 1272.815552 1.261000 767.853027
38614.625000 1272.840576 1.261000 767.947998
38616.250000 1272.840576 1.261000 768.047974
38617.500000 1272.840576 1.261000 768.153015
38618.500000 1272.840576 1.261000 768.250000
38619.500000 1273.044922 1.261000 768.353027
38621.250000 1273.044922 1.261000 768.447998
38621.875000 1273.246948 1.261000 768.560974
38622.375000 1273.454590 1.261000 768.656006
38624.375000 1273.657471 1.261000 768.754028
38627.625000 1273.864868 1.261000 768.859009
38629.875000 1274.070190 1.261000 768.948975
38632.375000 1274.271484 1.261000 769.054016
38635.125000 1274.472900 1.261000 769.148987
38644.125000 1274.681396 1.235000 769.249023
38648.375000 1274.884766 1.235000 769.354004
38650.625000 1275.085938 1.235000 769.463989
38653.000000 1275.287109 1.235000 769.549011
38656.000000 1275.287109 1.235000 769.643982
38657.875000 1275.549072 1.235000 769.750000
38660.875000 1275.750244 1.235000 769.854980
38662.500000 1275.961426 1.235000 769.943970
38664.250000 1276.162231 1.235000 770.049011
38667.375000 1276.363281 1.235000 770.153992
38668.875000 1276.564331 1.235000 770.239014
38671.000000 1276.765259 1.235000 770.348999
38672.875000 1276.966431 1.235000 770.456970
38675.250000 1277.171997 1.235000 770.546021
38682.875000 1277.373657 1.193000 770.656006
38686.125000 1277.575806 1.193000 770.750977
38688.125000 1277.779541 1.193000 770.853027
38690.750000 1277.982666 1.193000 770.963989
38694.125000 1278.183594 1.193000 771.064026
38696.625000 1278.385010 1.193000 771.153992
38698.125000 1278.586426 1.193000 771.258972
38700.750000 1278.787964 1.193000 771.354004
38702.500000 1278.993286 1.193000 771.445984
38705.625000 1279.197876 1.193000 771.536011
38709.000000 1279.405396 1.193000 771.645996
38711.500000 1279.606934 1.193000 771.755981
38713.125000 1279.808594 1.193000 771.861023
38714.625000 1280.010132 1.193000 771.952026
38717.625000 1280.243286 1.324000 772.052002
38719.750000 1280.447266 1.324000 772.148010
38721.125000 1280.648804 1.324000 772.252014
38722.250000 1280.850098 1.324000 772.346985
38723.500000 1281.051270 1.324000 772.458008
38725.125000 1281.254517 1.324000 772.546997
38726.750000 1281.463379 1.324000 772.642029
38728.750000 1281.664673 1.324000 772.757019
38730.125000 1281.866089 1.324000 772.846985
38734.375000 1282.069336 1.324000 772.958008
38736.500000 1282.270630 1.324000 773.057983
38738.875000 1282.472046 1.324000 773.148010
38740.625000 1282.673584 1.324000 773.252991
38742.375000 1282.876831 1.324000 773.348022
38743.750000 1283.086060 1.324000 773.453003
38749.875000 1283.286865 1.272000 773.557983
38756.125000 1283.496704 1.272000 773.658020
38758.375000 1283.706055 1.272000 773.767029
38760.750000 1283.909180 1.272000 773.857971
38762.750000 1284.114990 1.272000 773.955017
38765.875000 1284.316406 1.272000 774.059998
38767.750000 1284.523682 1.272000 774.153015
38769.375000 1284.724731 1.272000 774.257996
38771.125000 1284.925903 1.272000 774.348022
38772.375000 1284.925903 1.272000 774.447998
38787.750000 1285.125977 1.272000 774.557983
38790.125000 1285.330811 1.272000 774.653015
38791.875000 1285.546753 1.272000 774.747986
38793.375000 1285.747314 1.272000 774.859009
38800.500000 1285.949341 1.242000 774.947998
38803.750000 1285.949341 1.242000 775.038025
38806.250000 1286.371338 1.242000 775.164978
38807.250000 1286.572388 1.242000 775.255005
38808.375000 1286.773682 1.242000 775.354980
38809.625000 1286.773682 1.242000 775.450989
38811.000000 1286.980957 1.242000 775.552979
38812.000000 1287.192139 1.242000 775.648010
38814.000000 1287.463623 1.242000 775.749023
38814.750000 1287.667236 1.242000 775.848022
38816.125000 1287.876465 1.242000 775.953003
38817.250000 1288.109375 1.242000 776.062988
38818.625000 1288.316772 1.242000 776.151978
38822.375000 1288.530151 1.242000 776.263000
38829.875000 1288.731689 1.244000 776.357971
38831.250000 1288.937012 1.244000 776.447998
38832.125000 1289.147827 1.244000 776.546997
38832.750000 1289.356934 1.244000 776.651978
38833.875000 1289.558228 1.244000 776.747009
38834.250000 1289.759155 1.244000 776.846985
38835.125000 1289.960083 1.244000 776.947021
38836.000000 1290.161377 1.244000 777.060974
38837.125000 1290.362671 1.244000 777.146973
38838.000000 1290.563965 1.244000 777.247009
38839.125000 1290.765259 1.244000 777.346985
38840.750000 1290.966309 1.244000 777.456970
38841.500000 1291.167358 1.244000 777.552002
38842.500000 1291.368408 1.244000 777.656982
38843.750000 1291.569580 1.244000 777.742004
38848.250000 1291.770630 1.284000 777.851990
38849.750000 1291.971558 1.284000 777.947021
38850.500000 1292.172852 1.284000 778.041992
38851.000000 1292.377930 1.284000 778.151978
38851.750000 1292.377930 1.284000 778.257019
38852.125000 1292.581665 1.284000 778.357971
38853.000000 1292.784546 1.284000 778.476990
38853.375000 1292.784546 1.284000 778.567017
38864.375000 1292.784546 1.284000 778.658020
38864.875000 1292.955688 1.284000 778.737976
38867.250000 1292.955688 1.284000 778.848999
38868.375000 1292.977295 1.284000 778.948975
38869.375000 1292.980957 1.284000 779.049011
38869.500000 1292.980957 1.284000 779.148987
38871.625000 1292.999023 1.276000 779.255005
38872.000000 1292.999023 1.276000 779.354004
38874.125000 1292.999023 1.276000 779.453979
38874.875000 1292.999023 1.276000 779.554016
38875.000000 1293.075684 1.276000 779.653992
38875.625000 1293.075684 1.276000 779.754028
38876.625000 1293.277344 1.276000 779.859009
38878.125000 1293.277344 1.276000 779.958008
38878.750000 1293.483154 1.276000 780.062988
38879.000000 1293.691772 1.276000 780.153015
38879.625000 1293.918457 1.276000 780.239014
38880.000000 1294.121704 1.276000 780.354004
38880.500000 1294.351074 1.276000 780.453979
38881.250000 1294.552246 1.276000 780.549011
38881.750000 1294.753418 1.233000 780.648987
38882.625000 1294.958740 1.233000 780.749023
38883.625000 1295.166016 1.233000 780.848999
38884.250000 1295.367065 1.233000 780.953979
38884.750000 1295.568237 1.233000 781.049011
38885.875000 1295.771606 1.233000 781.159973
38887.125000 1295.980957 1.233000 781.249023
38888.000000 1296.184204 1.233000 781.354980
38889.250000 1296.393921 1.233000 781.456970
38889.750000 1296.595093 1.233000 781.549011
38890.625000 1296.796509 1.233000 781.653992
38891.875000 1296.796509 1.233000 781.744019
38893.625000 1296.997559 1.233000 781.838989
38895.125000 1297.401978 1.233000 781.953979
38897.000000 1297.401978 1.233000 782.049011
38902.375000 1297.631592 1.234000 782.148987
38904.750000 1297.855835 1.234000 782.249023
38907.500000 1298.083740 1.234000 782.354980
38911.000000 1298.284912 1.234000 782.468018
38913.250000 1298.493774 1.234000 782.552979
38917.000000 1298.695068 1.234000 782.653015
38920.625000 1298.896118 1.234000 782.754028
38925.000000 1299.099487 1.234000 782.857971
38928.625000 1299.307007 1.234000 782.956970
38953.750000 1299.510254 1.234000 783.057983
38958.625000 1299.712158 1.234000 783.158020
38966.250000 1299.916748 1.234000 783.257996
38970.875000 1299.916748 1.234000 783.367981
38975.125000 1300.132690 1.234000 783.466980
38979.500000 1300.132690 1.297000 783.556030
38984.125000 1300.338501 1.297000 783.659973
38989.125000 1300.338501 1.297000 783.754028
38994.125000 1300.556274 1.297000 783.848999
38997.875000 1300.761719 1.297000 783.950989
39003.125000 1300.990601 1.297000 784.044006
39008.250000 1301.209961 1.297000 784.153992
39014.000000 1301.413208 1.297000 784.255005
39019.500000 1301.622437 1.297000 784.348999
39026.250000 1301.823608 1.297000 784.453979
39031.500000 1302.024902 1.297000 784.544006
39038.375000 1302.226074 1.297000 784.648987
39044.500000 1302.427246 1.297000 784.758972
39052.500000 1302.628296 1.297000 784.848999
39061.125000 1302.829590 1.297000 784.950989
39069.875000 1303.034790 1.320000 785.057007
39077.000000 1303.235962 1.320000 785.156006
39083.875000 1303.439453 1.320000 785.252014
39091.875000 1303.648560 1.320000 785.356018
39103.375000 1303.849854 1.320000 785.450989
39115.000000 1304.051270 1.320000 785.546021
39121.500000 1304.256592 1.320000 785.653015
39128.125000 1304.463989 1.320000 785.750977
39135.750000 1304.463989 1.320000 785.846008
39147.875000 1304.685425 1.320000 785.945984
39158.750000 1304.886719 1.320000 786.056030
39168.875000 1305.088257 1.320000 786.156006
39179.375000 1305.331787 1.320000 786.250977
39187.250000 1305.551025 1.320000 786.351013
39194.625000 1305.752319 1.320000 786.455994
39206.375000 1305.952393 1.236000 786.551025
39213.625000 1306.159790 1.236000 786.630981
39221.500000 1306.360718 1.236000 786.750977
39231.500000 1306.561890 1.236000 786.851013
39237.625000 1306.763306 1.236000 786.950989
39243.375000 1306.964478 1.236000 787.056030
39250.375000 1307.165894 1.236000 787.156982
39261.250000 1307.395630 1.236000 787.254028
39269.375000 1307.608887 1.236000 787.356018
39275.750000 1307.818604 1.236000 787.460022
39282.375000 1308.019775 1.236000 787.559998
39287.750000 1308.221069 1.236000 787.664978
39292.875000 1308.422485 1.236000 787.760010
39299.375000 1308.624023 1.236000 787.859985
39307.000000 1308.825195 1.344000 787.955017
39312.875000 1309.036621 1.344000 788.065002
39318.375000 1309.238037 1.344000 788.156982
39323.875000 1309.471558 1.344000 788.255981
39329.125000 1309.672729 1.344000 788.351013
39336.500000 1309.878296 1.344000 788.445984
39344.750000 1310.085449 1.344000 788.551025
39351.875000 1310.286743 1.344000 788.651001
39358.250000 1310.488159 1.344000 788.755981
39365.750000 1310.689331 1.344000 788.851013
39371.125000 1310.890503 1.344000 788.955994
39376.250000 1311.091675 1.344000 789.056030
39382.875000 1311.293091 1.344000 789.156006
39388.625000 1311.496338 1.344000 789.262024
39394.125000 1311.705566 1.344000 789.351013
39400.500000 1311.906860 1.425000 789.450989
39407.125000 1312.109863 1.425000 789.552002
39412.500000 1312.109863 1.425000 789.651001
39417.000000 1312.399536 1.425000 789.760986
39423.625000 1312.601074 1.425000 789.851013
39429.000000 1312.802612 1.425000 789.955994
39434.375000 1313.003784 1.425000 790.051025
39440.125000 1313.209106 1.425000 790.158020
39446.875000 1313.430542 1.425000 790.257996
39453.500000 1313.632080 1.425000 790.362976
39460.125000 1313.833252 1.425000 790.468018
39466.375000 1314.034546 1.425000 790.557983
39472.000000 1314.241943 1.425000 790.651978
39477.750000 1314.443115 1.425000 790.750977
39486.625000 1314.645020 1.425000 790.851013
39493.250000 1314.846191 1.425000 790.955994
39501.750000 1315.055420 1.428000 791.051025
39508.125000 1315.256714 1.428000 791.155029
39513.750000 1315.457886 1.428000 791.255005
39520.875000 1315.659180 1.428000 791.351013
39527.125000 1315.864624 1.428000 791.461975
39535.125000 1316.072144 1.428000 791.546021
39540.000000 1316.297607 1.428000 791.651001
39545.750000 1316.498779 1.428000 791.750977
39550.625000 1316.708008 1.428000 791.851013
39557.250000 1316.909790 1.428000 791.950989
39567.875000 1317.115723 1.428000 792.057007
39573.750000 1317.322998 1.428000 792.151001
39579.375000 1317.523804 1.428000 792.255981
39596.625000 1317.724854 1.428000 792.351013
39603.750000 1317.926270 1.428000 792.469971
39609.500000 1318.135620 1.366000 792.559998
39616.250000 1318.337036 1.366000 792.664978
39622.250000 1318.538452 1.366000 792.760010
39627.625000 1318.739380 1.366000 792.864990
39633.500000 1318.944580 1.366000 792.956970
39639.250000 1319.153809 1.366000 793.051025
39644.500000 1319.153809 1.366000 793.150024
39650.625000 1319.433960 1.366000 793.250000
39659.750000 1319.657227 1.366000 793.356995
39666.625000 1319.862671 1.366000 793.445984
39673.000000 1320.068726 1.366000 793.562988
39679.250000 1320.270508 1.366000 793.663025
39685.375000 1320.471680 1.366000 793.757996
39694.500000 1320.673096 1.366000 793.867981
39703.250000 1320.873901 1.366000 793.958008
39708.750000 1321.074219 1.517000 794.062988
39716.875000 1321.283325 1.517000 794.158020
39722.000000 1321.484375 1.517000 794.263000
39727.000000 1321.689819 1.517000 794.354980
39735.625000 1321.891113 1.517000 794.450012
39743.500000 1322.102417 1.517000 794.549988
39750.000000 1322.303711 1.517000 794.650024
39755.500000 1322.515137 1.517000 794.752014
39762.125000 1322.716309 1.517000 794.849976
39775.125000 1322.917725 1.517000 794.950989
39783.250000 1323.129272 1.517000 795.056030
39791.250000 1323.342896 1.517000 795.155029
39798.125000 1323.544189 1.517000 795.250000
39805.000000 1323.753296 1.517000 795.349976
39814.875000 1323.962402 1.517000 795.458984
39821.125000 1324.163696 1.517000 795.564026
39831.500000 1324.364868 1.619000 795.658997
39838.875000 1324.566162 1.619000 795.758972
39846.875000 1324.767334 1.619000 795.854980
39854.750000 1324.970459 1.619000 795.945007
39861.625000 1325.171631 1.619000 796.049988
39870.000000 1325.372925 1.619000 796.151001
39878.500000 1325.574219 1.619000 796.244995
39886.125000 1325.775757 1.619000 796.359985
39895.250000 1325.977051 1.619000 796.450012
39908.000000 1326.178345 1.619000 796.551025
39917.000000 1326.379761 1.619000 796.651978
39938.875000 1326.583862 1.619000 796.750000
39949.000000 1326.583862 1.619000 796.849976
40005.250000 1326.776367 1.619000 796.960022
40054.375000 1326.936035 1.619000 797.059998
40069.500000 1327.063354 1.619000 797.151001
40081.000000 1327.166748 1.476000 797.255005
40092.625000 1327.226685 1.476000 797.351013
40110.875000 1327.247070 1.476000 797.463013
40117.625000 1327.247070 1.476000 797.554993
40123.750000 1327.247559 1.476000 797.655029
40147.125000 1327.247559 1.476000 797.755005
40153.875000 1327.247559 1.476000 797.861023
40160.625000 1327.247559 1.476000 797.950012
40165.125000 1327.247559 1.476000 798.039978
40168.500000 1327.247559 1.476000 798.155029
40203.375000 1327.247559 1.476000 798.244995
40258.250000 1327.247559 1.476000 798.356018
40272.500000 1327.247559 1.476000 798.452026
40284.875000 1327.247559 1.476000 798.551025
40289.250000 1327.247559 1.476000 798.651001
40292.000000 1327.247559 1.418000 798.755981
40299.000000 1327.247559 1.418000 798.846008
40308.500000 1327.253052 1.418000 798.955994
40314.250000 1327.253052 1.418000 799.052002
40324.000000 1327.253052 1.418000 799.151978
40325.875000 1327.253052 1.418000 799.255981
40327.750000 1327.253052 1.418000 799.356018
40341.125000 1327.253296 1.418000 799.460999
40343.500000 1327.253296 1.418000 799.559021
40344.500000 1327.259399 1.418000 799.658997
40346.750000 1327.259399 1.418000 799.763977
40348.750000 1327.259399 1.418000 799.859009
40349.750000 1327.259399 1.418000 799.947021
40352.125000 1327.455078 1.418000 800.064026
40357.500000 1327.455078 1.418000 800.161987
40361.375000 1327.699463 1.373000 800.257019
40366.750000 1327.903076 1.373000 800.351990
40373.500000 1328.104248 1.373000 800.466980
40380.000000 1328.309204 1.373000 800.559021
40387.375000 1328.510498 1.373000 800.658997
40395.000000 1328.711914 1.373000 800.763000
40402.125000 1328.919312 1.373000 800.851990
40410.250000 1328.919312 1.373000 800.934021
40418.000000 1329.164673 1.373000 801.039001
40425.250000 1329.365967 1.373000 801.119019
40439.500000 1329.575317 1.373000 801.231995
40454.875000 1329.774048 1.373000 801.333008
40469.500000 1329.942993 1.373000 801.432983
40482.500000 1330.078491 1.373000 801.541016
40493.500000 1330.184082 1.373000 801.635986
40500.250000 1330.184082 1.307000 801.736023
40533.125000 1330.298340 1.307000 801.836975
40543.000000 1330.340576 1.307000 801.932007
40548.000000 1330.340576 1.307000 802.031982
40554.125000 1330.350708 1.307000 802.140015
40563.000000 1330.350708 1.307000 802.224976
40568.625000 1330.350708 1.307000 802.340027
40570.875000 1330.350708 1.307000 802.432007
40577.125000 1330.350708 1.307000 802.521973
40579.750000 1330.350708 1.307000 802.627014
40582.250000 1330.354614 1.307000 802.731995
40585.375000 1330.354614 1.307000 802.831970
40589.500000 1330.354614 1.307000 802.932007
40590.250000 1330.377563 1.307000 803.036987
40592.000000 1330.377563 1.307000 803.137024
40595.375000 1330.377563 1.343000 803.231995
40597.000000 1330.410522 1.343000 803.331970
40599.500000 1330.410522 1.343000 803.443970
40601.750000 1330.410522 1.343000 803.531982
40603.000000 1330.410522 1.343000 803.632019
40603.875000 1330.618408 1.343000 803.732971
40605.250000 1330.618408 1.343000 803.836975
40606.625000 1330.822754 1.343000 803.952026
40608.500000 1331.046265 1.343000 804.033020
40610.750000 1331.289429 1.343000 804.132996
40613.250000 1331.498901 1.343000 804.228027
40614.875000 1331.700073 1.343000 804.331970
40616.750000 1331.901367 1.343000 804.437012
40618.250000 1332.102661 1.343000 804.533020
40621.250000 1332.303955 1.343000 804.632019
40625.500000 1332.511597 1.271000 804.731995
40628.000000 1332.718140 1.271000 804.833008
40630.000000 1332.927612 1.271000 804.932007
40632.000000 1333.129028 1.271000 805.049988
40633.375000 1333.338867 1.271000 805.145996
40634.000000 1333.540405 1.271000 805.241028
40635.750000 1333.743286 1.271000 805.336975
40637.125000 1333.743286 1.271000 805.427002
40640.375000 1333.944580 1.271000 805.528015
40642.750000 1334.145752 1.271000 805.632019
40645.500000 1334.417114 1.271000 805.739014
40647.625000 1334.638672 1.271000 805.841980
40649.000000 1334.840210 1.271000 805.932007
40651.500000 1335.049683 1.271000 806.041016
40655.500000 1335.252808 1.329000 806.127014
40657.500000 1335.482666 1.329000 806.237000
40659.000000 1335.689819 1.329000 806.340027
40661.000000 1335.895386 1.329000 806.421997
40663.125000 1336.106323 1.329000 806.536987
40667.250000 1336.307495 1.329000 806.637024
40669.750000 1336.522461 1.329000 806.739014
40671.750000 1336.723633 1.329000 806.833984
40674.750000 1336.924927 1.329000 806.919006
40676.250000 1337.126343 1.329000 807.039001
40678.875000 1337.327637 1.329000 807.138977
40691.750000 1337.536499 1.329000 807.241028
40721.375000 1337.536499 1.329000 807.335999
40723.250000 1337.729004 1.329000 807.443970
40729.875000 1337.886841 1.329000 807.544006
40737.000000 1338.034546 1.329000 807.643982
40741.000000 1338.136963 1.493000 807.744019
40747.625000 1338.188110 1.493000 807.843994
40750.625000 1338.188110 1.493000 807.939026
40772.875000 1338.206055 1.493000 808.044006
40778.500000 1338.206055 1.493000 808.135986
40781.875000 1338.206055 1.493000 808.236023
40783.375000 1338.206055 1.493000 808.343018
40784.250000 1338.206055 1.493000 808.422974
40787.625000 1338.206055 1.493000 808.543030
40788.875000 1338.206299 1.493000 808.643005
40789.750000 1338.206299 1.493000 808.731018
40790.625000 1338.206543 1.493000 808.838013
40791.875000 1338.206543 1.493000 808.945007
40793.000000 1338.216064 1.493000 809.044983
40793.125000 1338.216064 1.493000 809.142029
40793.375000 1338.216064 1.493000 809.231018
40794.500000 1338.269043 1.497000 809.323975
40795.625000 1338.269043 1.497000 809.434021
40796.875000 1338.269043 1.497000 809.541016
40797.500000 1338.470947 1.497000 809.633972
40798.375000 1338.677490 1.497000 809.723999
40799.125000 1338.677490 1.497000 809.833984
40800.500000 1338.886230 1.497000 809.934021
40802.625000 1339.110840 1.497000 810.039001
40804.500000 1339.376831 1.497000 810.138977
40805.500000 1339.578003 1.497000 810.236023
40808.375000 1339.779419 1.497000 810.335999
40810.875000 1339.984985 1.497000 810.437988
40812.125000 1340.186401 1.497000 810.538025
40813.000000 1340.424194 1.497000 810.640991
40815.000000 1340.645264 1.497000 810.741028
40819.125000 1340.846191 1.465000 810.835999
40822.125000 1341.047363 1.465000 810.935974
40823.875000 1341.248535 1.465000 811.038025
40824.875000 1341.449951 1.465000 811.130981
40826.625000 1341.651001 1.465000 811.241028
40828.000000 1341.851929 1.465000 811.341003
40829.750000 1342.052979 1.465000 811.440979
40831.625000 1342.254150 1.465000 811.541016
40833.125000 1342.455322 1.465000 811.637024
40835.125000 1342.656982 1.465000 811.736023
40837.250000 1342.858154 1.465000 811.836975
40839.250000 1343.059326 1.465000 811.937012
40841.125000 1343.270874 1.465000 812.046021
40843.750000 1343.472168 1.465000 812.145996
40845.625000 1343.673218 1.465000 812.250977
40848.000000 1343.874634 1.465000 812.341003
40855.875000 1344.087769 1.479000 812.442017
40857.875000 1344.294067 1.479000 812.541992
40860.125000 1344.495239 1.479000 812.642029
40862.500000 1344.696045 1.479000 812.742004
40866.000000 1344.903198 1.479000 812.849976
40870.000000 1345.108398 1.479000 812.942017
40873.375000 1345.108398 1.479000 813.031982
40876.875000 1345.511108 1.479000 813.142029
40881.500000 1345.718262 1.479000 813.244995
40885.250000 1345.718262 1.479000 813.341980
40889.375000 1345.923584 1.479000 813.442017
40893.750000 1346.142944 1.479000 813.541992
40898.125000 1346.346069 1.479000 813.642029
40901.125000 1346.611572 1.479000 813.742981
40904.750000 1346.828735 1.479000 813.836975
40913.375000 1347.032104 1.339000 813.942017
40918.750000 1347.236450 1.339000 814.041992
40923.750000 1347.437622 1.339000 814.142029
40931.125000 1347.661133 1.339000 814.242004
40936.625000 1347.880371 1.339000 814.343018
40941.250000 1348.081787 1.339000 814.442017
40945.625000 1348.283203 1.339000 814.544006
40951.625000 1348.486450 1.339000 814.632019
40957.375000 1348.695923 1.339000 814.742004
40961.625000 1348.897217 1.339000 814.841980
40966.625000 1349.098633 1.339000 814.942017
40971.625000 1349.303955 1.339000 815.028992
40977.000000 1349.511841 1.339000 815.142029
40984.375000 1349.717529 1.339000 815.249023
40989.000000 1349.926880 1.339000 815.348022
40995.625000 1349.926880 1.351000 815.432983
41001.250000 1350.138550 1.351000 815.536987
41008.500000 1350.347656 1.351000 815.642029
41015.625000 1350.614990 1.351000 815.742004
41023.125000 1350.832397 1.351000 815.851013
41028.125000 1351.039062 1.351000 815.945984
41032.875000 1351.039062 1.351000 816.031006
41035.125000 1351.245605 1.351000 816.140991
41037.125000 1351.245605 1.351000 816.241028
41038.500000 1351.245605 1.351000 816.330994
41042.500000 1351.245605 1.351000 816.445984
41047.875000 1351.245605 1.351000 816.546997
41051.500000 1351.446899 1.351000 816.648010
41054.750000 1351.446899 1.351000 816.750000
41058.750000 1351.649170 1.351000 816.849976
41061.750000 1351.649170 1.351000 816.940979
41066.125000 1351.849365 1.417000 817.041992
41069.000000 1352.081299 1.417000 817.140991
41072.375000 1352.286255 1.417000 817.241028
41079.000000 1352.507568 1.417000 817.341003
41083.500000 1352.728516 1.417000 817.431030
41088.000000 1352.960449 1.417000 817.546021
41092.000000 1353.167969 1.417000 817.640991
41095.750000 1353.373169 1.417000 817.742004
41100.000000 1353.574219 1.417000 817.841003
41103.750000 1353.775391 1.417000 817.942017
41107.500000 1353.976807 1.417000 818.041016
41113.000000 1354.178467 1.417000 818.145996
41118.375000 1354.379761 1.417000 818.241028
41124.625000 1354.584961 1.417000 818.353027
41130.500000 1354.792358 1.304000 818.440979
41138.625000 1354.993286 1.304000 818.546021
41144.250000 1355.194580 1.304000 818.640991
41147.875000 1355.194580 1.304000 818.731995
41150.875000 1355.598633 1.304000 818.846985
41155.000000 1355.598633 1.304000 818.932007
41161.375000 1356.000977 1.304000 819.041992
41166.750000 1356.000977 1.304000 819.132019
41172.500000 1356.282471 1.304000 819.242004
41177.625000 1356.483765 1.304000 819.343018
41181.375000 1356.687012 1.304000 819.432007
41186.625000 1356.926514 1.304000 819.541992
41190.625000 1357.127930 1.304000 819.642029
41196.750000 1357.354980 1.304000 819.729980
41202.375000 1357.576416 1.304000 819.840027
41205.125000 1357.797729 1.304000 819.950012
41208.875000 1357.999390 1.304000 820.049988
41215.875000 1358.206299 1.501000 820.150024
41221.125000 1358.408081 1.501000 820.250000
41225.125000 1358.613281 1.501000 820.341980
41229.000000 1358.818359 1.501000 820.448975
41232.750000 1359.025757 1.501000 820.546997
41237.750000 1359.235229 1.501000 820.651001
41242.500000 1359.235229 1.501000 820.741028
41246.125000 1359.436401 1.501000 820.851013
41251.875000 1359.642334 1.501000 820.950989
41256.000000 1359.847900 1.501000 821.041992
41261.500000 1360.054077 1.501000 821.142029
41265.500000 1360.259521 1.501000 821.242004
41267.500000 1360.465942 1.501000 821.346985
41272.625000 1360.667480 1.501000 821.445007
41276.125000 1360.870850 1.501000 821.552979
41279.875000 1361.072021 1.501000 821.643982
41282.375000 1361.281372 1.354000 821.752014
41286.375000 1361.281372 1.354000 821.841980
41289.875000 1361.482666 1.354000 821.942017
41292.875000 1361.685791 1.354000 822.031982
41299.125000 1361.901245 1.354000 822.142029
41302.875000 1362.166748 1.354000 822.242004
41306.625000 1362.428711 1.354000 822.341980
41309.000000 1362.629883 1.354000 822.442017
41312.375000 1362.831055 1.354000 822.541992
41315.000000 1363.032349 1.354000 822.617004
41318.625000 1363.237427 1.354000 822.742004
41321.500000 1363.450684 1.354000 822.849976
41325.250000 1363.656250 1.354000 822.947021
41328.250000 1363.857544 1.354000 823.041992
41331.125000 1364.064941 1.354000 823.140015
41335.125000 1364.271973 1.326000 823.234985
41337.125000 1364.481934 1.326000 823.341980
41340.125000 1364.683350 1.326000 823.442017
41342.750000 1364.884277 1.326000 823.541992
41344.750000 1365.085205 1.326000 823.646973
41348.500000 1365.290161 1.326000 823.744019
41350.875000 1365.493530 1.326000 823.844971
41353.625000 1365.493530 1.326000 823.942993
41355.750000 1365.700684 1.326000 824.043030
41360.375000 1365.901978 1.326000 824.117981
41368.375000 1366.229004 1.326000 824.242981
41371.250000 1366.433472 1.326000 824.343994
41374.375000 1366.634644 1.326000 824.442993
41377.375000 1366.836060 1.326000 824.543030
41380.000000 1367.051514 1.326000 824.650024
41384.375000 1367.252808 1.268000 824.750000
41387.125000 1367.460083 1.268000 824.843018
41389.375000 1367.661133 1.268000 824.942993
41392.500000 1367.862183 1.268000 825.043030
41395.125000 1368.063477 1.268000 825.143005
41398.625000 1368.264526 1.268000 825.242981
41400.750000 1368.465942 1.268000 825.348999
41404.000000 1368.669312 1.268000 825.448975
41407.875000 1368.878540 1.268000 825.538025
41410.625000 1368.878540 1.268000 825.632996
41412.625000 1369.079956 1.268000 825.732971
41414.625000 1369.482178 1.268000 825.843018
41416.750000 1369.683472 1.268000 825.942993
41418.875000 1369.884521 1.268000 826.052979
41421.125000 1370.085815 1.268000 826.153015
41430.000000 1370.291870 1.303000 826.252991
41432.375000 1370.494385 1.303000 826.353027
41434.875000 1370.695801 1.303000 826.453003
41437.125000 1370.896973 1.303000 826.552979
41439.750000 1370.896973 1.303000 826.640991
41444.000000 1371.164917 1.303000 826.755981
41446.375000 1371.366089 1.303000 826.835999
41448.250000 1371.577393 1.303000 826.950989
41450.375000 1371.818726 1.303000 827.043030
41454.125000 1372.024048 1.303000 827.148010
41458.375000 1372.224854 1.303000 827.247986
41460.000000 1372.460083 1.303000 827.343018
41461.000000 1372.667114 1.303000 827.442993
41462.500000 1372.870361 1.303000 827.544006
41464.625000 1373.079712 1.303000 827.653015
41466.250000 1373.280884 1.232000 827.747986
41468.250000 1373.481445 1.232000 827.843018
41469.500000 1373.682617 1.232000 827.932983
41471.000000 1373.682617 1.232000 828.023010
41472.500000 1374.085449 1.232000 828.138000
41473.875000 1374.292969 1.232000 828.250977
41477.625000 1374.498169 1.232000 828.341003
41478.875000 1374.705566 1.232000 828.445984
41480.000000 1374.912842 1.232000 828.554016
41480.875000 1375.114258 1.232000 828.648987
41483.750000 1375.315674 1.232000 828.754028
41484.750000 1375.516724 1.232000 828.854004
41486.250000 1375.722412 1.232000 828.945984
41487.000000 1375.722412 1.232000 829.043030
41487.875000 1375.925659 1.232000 829.145996
41489.375000 1376.204712 1.232000 829.245972
41499.250000 1376.413574 1.288000 829.348999
41500.750000 1376.613647 1.288000 829.445984
41501.875000 1376.831055 1.288000 829.531006
41503.750000 1377.062378 1.288000 829.645996
41504.875000 1377.263672 1.288000 829.736023
41506.500000 1377.465088 1.288000 829.843018
41507.875000 1377.666382 1.288000 829.942017
41509.500000 1377.869385 1.288000 830.046997
41510.500000 1378.080688 1.288000 830.151978
41511.500000 1378.292603 1.288000 830.257019
41512.375000 1378.494019 1.288000 830.356995
41513.125000 1378.695190 1.288000 830.456970
41515.125000 1378.898560 1.288000 830.546997
41516.125000 1379.108032 1.288000 830.642029
41517.375000 1379.108032 1.288000 830.737000
41529.500000 1379.512939 1.273000 830.846985
41531.125000 1379.512939 1.273000 830.937012
41532.250000 1379.717285 1.273000 831.036987
41533.125000 1379.920654 1.273000 831.142029
41537.875000 1380.190430 1.273000 831.247986
41538.625000 1380.393799 1.273000 831.343018
41539.500000 1380.635376 1.273000 831.427979
41541.125000 1380.887207 1.273000 831.552979
41553.125000 1380.887207 1.273000 831.617004
41555.000000 1381.170410 1.273000 831.739014
41557.000000 1381.400146 1.273000 831.848022
41557.875000 1381.601318 1.273000 831.937988
41559.125000 1381.802368 1.273000 832.057983
41559.750000 1382.003540 1.273000 832.148987
41560.625000 1382.206909 1.273000 832.249023
41565.500000 1382.408203 1.222000 832.348999
41567.000000 1382.627686 1.222000 832.445007
41569.625000 1382.829224 1.222000 832.554993
41570.750000 1383.040283 1.222000 832.625000
41571.750000 1383.281860 1.222000 832.750000
41573.375000 1383.483154 1.222000 832.844971
41574.750000 1383.704712 1.222000 832.955017
41576.875000 1383.906128 1.222000 833.054993
41578.625000 1384.107422 1.222000 833.140015
41580.625000 1384.308716 1.222000 833.255005
41584.250000 1384.510376 1.222000 833.354980
41586.000000 1384.711914 1.222000 833.455017
41588.375000 1384.913696 1.222000 833.554993
41589.500000 1384.913696 1.222000 833.627014
41590.375000 1385.217529 1.222000 833.744995
41591.625000 1385.440674 1.222000 833.844971
41595.500000 1385.672363 1.209000 833.945007
41597.250000 1385.887207 1.209000 834.049988
41598.125000 1386.092651 1.209000 834.150024
41598.875000 1386.300415 1.209000 834.244995
41600.000000 1386.505493 1.209000 834.338989
41600.750000 1386.712646 1.209000 834.445007
41601.625000 1386.913696 1.209000 834.544983
41602.500000 1386.913696 1.209000 834.635010
41604.250000 1387.283447 1.209000 834.744019
41605.750000 1387.505127 1.209000 834.854004
41607.000000 1387.710693 1.209000 834.945007
41608.500000 1387.919678 1.209000 835.039978
41610.125000 1388.121216 1.209000 835.143005
41611.000000 1388.121216 1.209000 835.213013
41612.500000 1388.529907 1.209000 835.343018
41613.375000 1388.529907 1.209000 835.419006
41618.500000 1388.733276 1.294000 835.533020
41619.750000 1388.943726 1.294000 835.648010
41621.250000 1389.252075 1.294000 835.732971
41624.000000 1389.493286 1.294000 835.848022
41626.125000 1389.493286 1.294000 835.922974
41627.750000 1389.905762 1.294000 836.038025
41629.875000 1390.106934 1.294000 836.148010
41632.000000 1390.312256 1.294000 836.250000
41634.875000 1390.521606 1.294000 836.343994
41639.875000 1390.521606 1.294000 836.447998
41642.125000 1390.727173 1.294000 836.541992
41644.000000 1390.946655 1.294000 836.646973
41646.375000 1390.946655 1.294000 836.731995
41648.625000 1391.155029 1.294000 836.848022
41652.625000 1391.377441 1.294000 836.947021
41655.125000 1391.619019 1.228000 837.033020
41658.250000 1391.823730 1.228000 837.122986
41662.250000 1392.025146 1.228000 837.250000
41665.875000 1392.234253 1.228000 837.338013
41669.500000 1392.439331 1.228000 837.448975
41676.500000 1392.648682 1.228000 837.544006
41682.625000 1392.850220 1.228000 837.633972
41687.125000 1393.051392 1.228000 837.744019
41692.250000 1393.252686 1.228000 837.843994
41696.625000 1393.463745 1.228000 837.948975
41700.875000 1393.671265 1.228000 838.036987
41706.250000 1393.876831 1.228000 838.143982
41711.000000 1393.876831 1.228000 838.228027
41715.875000 1394.297974 1.228000 838.343018
41719.375000 1394.297974 1.228000 838.414001
41724.625000 1394.501221 1.228000 838.539001
41729.500000 1394.911499 1.228000 838.648010
41734.000000 1394.911499 1.228000 838.734985
41740.125000 1395.116943 1.550000 838.840027
41743.875000 1395.317993 1.550000 838.945007
41747.750000 1395.519165 1.550000 839.044983
41754.625000 1395.923584 1.550000 839.151001
41759.375000 1396.126587 1.550000 839.252014
41765.250000 1396.126587 1.550000 839.349976
41770.250000 1396.348022 1.550000 839.414978
41774.750000 1396.563721 1.550000 839.530029
41779.000000 1396.786743 1.550000 839.645020
41784.250000 1396.988037 1.550000 839.744995
41791.125000 1397.207520 1.550000 839.844971
41795.625000 1397.413452 1.550000 839.945007
41802.250000 1397.413452 1.550000 840.036987
41806.000000 1397.615845 1.550000 840.150024
41809.500000 1397.840088 1.550000 840.219971
41813.250000 1398.057861 1.550000 840.344971
41816.750000 1398.268677 1.200000 840.445007
41822.125000 1398.469849 1.200000 840.544983
41825.250000 1398.671143 1.200000 840.630005
41827.000000 1398.872803 1.200000 840.744995
41829.625000 1399.084106 1.200000 840.859009
41832.500000 1399.286865 1.200000 840.940002
41837.250000 1399.498169 1.200000 841.044983
41839.625000 1399.707397 1.200000 841.150024
41843.125000 1399.707397 1.200000 841.219971
41846.125000 1400.109863 1.200000 841.346985
41848.250000 1400.311035 1.200000 841.445007
41848.875000 1400.518066 1.200000 841.557983
41851.125000 1400.723511 1.200000 841.645020
41853.875000 1400.723511 1.200000 841.724976
41854.875000 1401.125488 1.200000 841.849976
41855.375000 1401.326538 1.200000 841.950012
41859.500000 1401.326538 1.241000 842.039978
41861.000000 1401.533813 1.241000 842.150024
41863.125000 1401.822632 1.241000 842.250000
41864.125000 1402.027588 1.241000 842.356995
41865.000000 1402.229126 1.241000 842.445007
41866.000000 1402.435913 1.241000 842.554993
41867.125000 1402.667358 1.241000 842.635010
41869.125000 1402.872192 1.241000 842.734985
41870.500000 1403.117310 1.241000 842.859009
41872.000000 1403.117310 1.241000 842.934021
41873.250000 1403.529541 1.241000 843.049011
41874.750000 1403.529541 1.241000 843.119019
41876.000000 1403.803101 1.241000 843.239990
41877.625000 1404.054932 1.241000 843.325012
41878.500000 1404.255859 1.241000 843.460022
41887.375000 1404.457031 1.168000 843.565002
41888.625000 1404.723389 1.168000 843.659973
41889.375000 1404.924438 1.168000 843.750000
41890.000000 1404.924438 1.168000 843.830017
41890.875000 1405.327148 1.168000 843.940002
41892.375000 1405.532104 1.168000 844.057007
41894.375000 1405.737183 1.168000 844.158997
41896.125000 1405.737183 1.168000 844.239014
41896.750000 1406.139771 1.168000 844.354004
41897.500000 1406.343140 1.168000 844.450989
41899.250000 1406.548462 1.168000 844.546997
41900.500000 1406.548462 1.168000 844.645020
41901.500000 1406.896606 1.168000 844.744995
41902.875000 1407.117920 1.168000 844.849976
41904.625000 1407.325562 1.168000 844.942993
41906.250000 1407.526611 1.228000 845.052979
41907.000000 1407.731567 1.228000 845.150024
41907.125000 1407.932617 1.228000 845.254028
41907.875000 1408.133667 1.228000 845.349976
41909.125000 1408.133667 1.228000 845.419983
41909.750000 1408.535889 1.228000 845.539978
41910.500000 1408.737061 1.228000 845.650024
41911.625000 1408.737061 1.228000 845.729980
41913.875000 1409.153687 1.228000 845.854980
41916.500000 1409.361084 1.228000 845.955017
41917.875000 1409.562378 1.228000 846.051025
41918.875000 1409.562378 1.228000 846.140015
41920.125000 1409.924561 1.228000 846.244995
41921.250000 1410.125732 1.228000 846.354980
41922.250000 1410.327026 1.228000 846.445007
41923.125000 1410.527954 1.228000 846.546021
41925.500000 1410.527954 1.168000 846.625000
41926.750000 1410.839722 1.168000 846.757996
41927.625000 1411.046753 1.168000 846.853027
41928.375000 1411.257812 1.168000 846.963013
41930.125000 1411.488892 1.168000 847.057983
41930.875000 1411.714600 1.168000 847.145020
41931.625000 1411.925781 1.168000 847.250000
41932.000000 1412.126831 1.168000 847.369995
41932.000000 1412.328247 1.168000 847.465027
41932.625000 1412.529541 1.168000 847.559998
41933.375000 1412.730591 1.168000 847.650024
41934.125000 1412.941772 1.168000 847.755005
41935.000000 1413.142700 1.168000 847.849976
41936.000000 1413.363770 1.168000 847.965027
41937.125000 1413.564941 1.168000 848.060974
41941.375000 1413.774170 1.180000 848.150024
41942.250000 1413.774170 1.180000 848.244995
41942.500000 1414.189087 1.180000 848.364014
41942.750000 1414.390259 1.180000 848.463989
41943.625000 1414.591431 1.180000 848.564026
41944.250000 1414.591431 1.180000 848.655029
41944.750000 1414.874756 1.180000 848.755005
41945.125000 1415.074951 1.180000 848.844971
41951.250000 1415.289429 1.180000 848.955017
41953.750000 1415.441162 1.180000 849.049988
41956.750000 1415.441162 1.180000 849.156006
41957.875000 1415.614014 1.180000 849.239990
41958.750000 1415.687744 1.180000 849.344971
41959.375000 1415.728638 1.180000 849.450989
41960.375000 1415.728638 1.180000 849.541016
41960.625000 1415.737549 1.160000 849.656006
41960.875000 1415.737549 1.160000 849.721008
41961.125000 1415.737549 1.160000 849.856018
41961.625000 1415.737549 1.160000 849.952026
41961.750000 1415.737549 1.160000 850.031006
41963.500000 1415.737549 1.160000 850.145996
41963.875000 1415.737549 1.160000 850.257019
41965.750000 1415.737549 1.160000 850.366028
41965.875000 1415.737549 1.160000 850.455017
41969.000000 1415.737549 1.160000 850.554993
41971.750000 1415.737549 1.160000 850.659973
41971.875000 1415.737549 1.160000 850.763000
41971.875000 1415.737549 1.160000 850.857971
41972.125000 1415.737549 1.160000 850.953003
41972.375000 1415.737793 1.140000 851.057983
41972.500000 1415.737793 1.140000 851.158020
41972.500000 1415.737793 1.140000 851.252991
41972.625000 1415.789062 1.140000 851.333008
41973.250000 1415.789062 1.140000 851.460022
41973.250000 1415.789062 1.140000 851.557983
41973.375000 1415.789062 1.140000 851.643005
41973.750000 1415.990601 1.140000 851.747986
41974.125000 1415.990601 1.140000 851.857971
41975.250000 1416.194580 1.140000 851.922974
41975.375000 1416.194580 1.140000 852.052979
41976.375000 1416.396240 1.140000 852.148010
41977.375000 1416.526855 1.140000 852.252991
41977.875000 1416.602417 1.140000 852.354004
41978.000000 1416.602417 1.140000 852.432983
41980.125000 1416.602417 1.081000 852.570984
41980.375000 1416.818970 1.081000 852.633972
41981.000000 1416.818970 1.081000 852.758972
41981.375000 1417.031372 1.081000 852.854004
41981.875000 1417.276733 1.081000 852.955017
41984.000000 1417.485718 1.081000 853.039001
41986.875000 1417.676147 1.081000 853.153992
41995.125000 1417.676147 1.081000 853.258972
41995.875000 1417.881226 1.081000 853.354004
41996.875000 1417.881226 1.081000 853.424011
41997.500000 1418.085449 1.081000 853.554016
42000.250000 1418.289551 1.081000 853.653992
42003.625000 1418.423828 1.081000 853.758972
42007.375000 1418.423828 1.081000 853.843994
42010.250000 1418.525146 1.081000 853.948975
42012.500000 1418.600464 1.202000 854.044983
42013.625000 1418.632446 1.202000 854.158020
42015.500000 1418.635376 1.202000 854.255981
42015.875000 1418.635376 1.202000 854.335022
42018.000000 1418.635376 1.202000 854.465027
42021.625000 1418.635376 1.202000 854.565002
42022.000000 1418.635376 1.202000 854.664978
42025.125000 1418.635376 1.202000 854.755981
42026.125000 1418.635376 1.202000 854.856018
42036.375000 1418.635376 1.202000 854.934021
42038.250000 1418.635376 1.202000 855.060974
42040.750000 1418.644653 1.202000 855.161011
42046.375000 1418.644653 1.202000 855.255981
42048.500000 1418.644653 1.202000 855.356018
42052.625000 1418.644653 1.202000 855.460999
42054.625000 1418.644653 1.140000 855.562988
42058.125000 1418.644653 1.140000 855.663025
42060.125000 1418.644653 1.140000 855.752991
42062.750000 1418.644653 1.140000 855.862976
42066.875000 1418.644653 1.140000 855.963013
42068.500000 1418.644653 1.140000 856.033020
42069.375000 1418.644653 1.140000 856.158020
42070.125000 1418.644653 1.140000 856.257996
42070.375000 1418.688354 1.140000 856.357971
42070.875000 1418.688354 1.140000 856.463013
42071.500000 1418.688354 1.140000 856.557983
42072.000000 1418.892700 1.140000 856.658020
42072.375000 1418.892700 1.140000 856.757996
42073.125000 1419.096558 1.140000 856.857971
42073.875000 1419.322388 1.140000 856.947998
42075.375000 1419.322388 1.150000 857.065002
42075.875000 1419.551270 1.150000 857.159973
42079.500000 1419.752197 1.150000 857.267029
42079.750000 1419.752197 1.150000 857.367004
42080.375000 1419.983887 1.150000 857.456970
42080.750000 1420.186523 1.150000 857.567017
42081.375000 1420.391724 1.150000 857.666992
42082.250000 1420.593018 1.150000 857.767029
42082.750000 1420.796509 1.150000 857.862976
42083.125000 1420.796509 1.150000 857.958008
42083.875000 1420.997925 1.150000 858.059021
42084.250000 1421.400513 1.150000 858.163025
42085.000000 1421.400513 1.150000 858.228027
42085.000000 1421.601685 1.150000 858.357971
42085.500000 1421.802979 1.150000 858.447998
42088.000000 1422.004395 1.132000 858.557983
42088.500000 1422.215698 1.132000 858.658020
42089.500000 1422.484253 1.132000 858.768005
42091.750000 1422.685303 1.132000 858.867981
42092.125000 1422.890381 1.132000 858.965027
42092.375000 1423.101562 1.132000 859.065002
42092.875000 1423.308838 1.132000 859.158020
42092.875000 1423.546265 1.132000 859.257996
42093.625000 1423.751099 1.132000 859.348022
42093.750000 1423.958374 1.132000 859.458008
42094.000000 1424.163574 1.132000 859.557983
42094.250000 1424.366699 1.132000 859.658997
42094.500000 1424.571899 1.132000 859.765991
42094.750000 1424.773193 1.132000 859.866028
42095.250000 1424.773193 1.132000 859.934998
42095.625000 1425.191895 1.132000 860.049011
42124.000000 1425.399536 1.209000 860.174988
42124.875000 1425.399536 1.209000 860.257019
42125.625000 1425.638306 1.209000 860.362976
42126.000000 1425.869385 1.209000 860.456970
42126.125000 1426.090698 1.209000 860.562012
42126.250000 1426.291870 1.209000 860.656982
42126.375000 1426.533691 1.209000 860.747986
42126.500000 1426.744751 1.209000 860.856995
42127.375000 1426.950195 1.209000 860.968018
42130.500000 1427.166138 1.209000 861.068970
42130.875000 1427.166138 1.209000 861.138000
42132.375000 1427.392822 1.209000 861.268005
42136.000000 1427.553101 1.209000 861.357971
42144.375000 1427.678955 1.209000 861.469971
42149.625000 1427.771973 1.209000 861.536011
42151.500000 1427.833862 1.209000 861.658020
42152.750000 1427.833862 1.161000 861.757019
42153.250000 1427.862305 1.161000 861.846985
42153.500000 1427.862305 1.161000 861.963013
42157.000000 1427.862305 1.161000 862.065979
42157.500000 1427.862305 1.161000 862.140015
42157.875000 1427.862305 1.161000 862.260986
42158.875000 1427.862305 1.161000 862.361023
42159.875000 1427.862305 1.161000 862.437988
42160.875000 1427.862305 1.161000 862.559998
42162.500000 1427.862549 1.161000 862.668030
42165.000000 1427.862549 1.161000 862.755005
42165.375000 1427.862549 1.161000 862.849976
42166.125000 1427.862549 1.161000 862.950012
42166.375000 1427.862549 1.161000 863.052002
42166.875000 1427.862549 1.161000 863.159973
42169.375000 1427.864380 1.174000 863.255005
42169.750000 1427.864380 1.174000 863.344971
42170.625000 1427.864380 1.174000 863.452026
42170.625000 1427.872314 1.174000 863.559998
42170.750000 1427.872314 1.174000 863.659973
42172.875000 1427.872314 1.174000 863.757019
42172.875000 1427.956299 1.174000 863.859985
42173.250000 1427.956299 1.174000 863.960022
42173.375000 1427.956299 1.174000 864.070007
42174.125000 1428.180786 1.174000 864.169983
42178.250000 1428.290649 1.174000 864.268982
42178.625000 1428.376953 1.174000 864.359985
42178.625000 1428.376953 1.174000 864.455017
42179.375000 1428.414917 1.174000 864.554993
42181.125000 1428.421753 1.174000 864.659973
42184.750000 1428.421753 1.124000 864.760010
42185.125000 1428.421753 1.124000 864.875000
42188.625000 1428.421753 1.124000 864.973022
42189.500000 1428.421753 1.124000 865.057983
42190.125000 1428.421753 1.124000 865.156006
42190.375000 1428.421753 1.124000 865.255981
42190.375000 1428.422607 1.124000 865.362976
42191.000000 1428.422607 1.124000 865.460999
42191.000000 1428.436646 1.124000 865.560974
42191.000000 1428.436646 1.124000 865.625977
42191.125000 1428.436646 1.124000 865.760986
42191.125000 1428.436646 1.124000 865.861023
42191.125000 1428.562012 1.124000 865.935974
42191.500000 1428.562012 1.124000 866.064026
42191.750000 1428.762695 1.124000 866.161011
42191.875000 1428.762695 1.109000 866.262024
42192.000000 1428.968018 1.109000 866.361023
42192.000000 1429.177612 1.109000 866.460999
42192.250000 1429.380249 1.109000 866.560974
42192.250000 1429.593262 1.109000 866.661011
42192.500000 1429.822998 1.109000 866.760986
42192.625000 1430.030151 1.109000 866.830994
42192.625000 1430.251465 1.109000 866.945984
42193.000000 1430.486938 1.109000 867.062988
42193.000000 1430.692383 1.109000 867.164978
42193.000000 1430.903931 1.109000 867.270020
42193.250000 1430.903931 1.109000 867.344971
42193.500000 1431.326294 1.109000 867.469971
42193.875000 1431.326294 1.109000 867.534973
42194.000000 1431.734863 1.109000 867.663025
42194.125000 1431.734863 1.109000 867.762024
42195.250000 1431.948486 1.215000 867.856995
42195.375000 1432.154175 1.215000 867.965027
42195.500000 1432.361694 1.215000 868.062012
42195.500000 1432.567017 1.215000 868.161987
42195.500000 1432.830688 1.215000 868.263000
42195.625000 1433.040039 1.215000 868.362000
42195.875000 1433.249390 1.215000 868.466003
42196.500000 1433.480835 1.215000 868.551025
42196.875000 1433.692139 1.215000 868.656006
42197.000000 1433.903320 1.215000 868.760986
42197.125000 1434.104492 1.215000 868.861023
42198.125000 1434.317871 1.215000 868.963989
42198.250000 1434.527466 1.215000 869.060974
42198.875000 1434.728638 1.215000 869.164001
42199.250000 1434.929810 1.215000 869.250977
42199.500000 1435.131226 1.215000 869.361023
42202.000000 1435.336182 1.211000 869.460999
42202.375000 1435.546997 1.211000 869.564026
42203.375000 1435.546997 1.211000 869.658997
42203.375000 1435.786377 1.211000 869.758972
42203.500000 1435.987671 1.211000 869.848999
42203.750000 1436.188843 1.211000 869.960022
42204.250000 1436.391968 1.211000 870.039978
42204.500000 1436.603027 1.211000 870.150024
42204.875000 1436.894775 1.211000 870.254028
42205.250000 1437.117554 1.211000 870.361023
42205.750000 1437.321167 1.211000 870.460022
42206.000000 1437.528076 1.211000 870.544983
42206.375000 1437.729126 1.211000 870.661011
42207.125000 1437.930664 1.211000 870.760010
42207.750000 1438.132446 1.211000 870.849976
42208.125000 1438.333496 1.211000 870.960022
42210.250000 1438.534058 1.167000 871.059998
42210.500000 1438.744995 1.167000 871.159973
42210.875000 1438.954102 1.167000 871.260010
42211.250000 1439.155396 1.167000 871.359985
42211.500000 1439.155396 1.167000 871.440002
42211.625000 1439.356812 1.167000 871.544983
42212.250000 1439.759033 1.167000 871.661011
42212.875000 1439.966675 1.167000 871.768005
42213.750000 1440.167847 1.167000 871.867981
42214.000000 1440.373413 1.167000 871.960022
42214.375000 1440.582642 1.167000 872.068970
42214.625000 1440.582642 1.167000 872.153992
42214.875000 1440.932739 1.167000 872.257996
42215.125000 1441.133789 1.167000 872.357971
42215.875000 1441.334717 1.167000 872.458008
42216.125000 1441.536133 1.142000 872.543030
42216.625000 1441.736694 1.142000 872.648010
42217.250000 1441.937866 1.142000 872.752991
42217.375000 1442.139160 1.142000 872.853027
42217.750000 1442.340576 1.142000 872.963989
42217.875000 1442.558105 1.142000 873.065979
42218.125000 1442.779541 1.142000 873.176025
42218.750000 1442.980713 1.142000 873.265991
42219.250000 1443.182007 1.142000 873.370972
42219.500000 1443.390991 1.142000 873.479980
42220.000000 1443.390991 1.142000 873.549988
42220.750000 1443.811523 1.142000 873.672974
42221.750000 1444.014648 1.142000 873.770020
42222.500000 1444.014648 1.142000 873.848022
42223.000000 1444.424805 1.142000 873.973999
42223.750000 1444.625977 1.142000 874.083984
42224.375000 1444.625977 1.142000 874.166016
42233.625000 1444.907715 1.397000 874.283997
42234.375000 1445.117432 1.397000 874.379028
42234.625000 1445.326782 1.397000 874.473022
42235.375000 1445.548096 1.397000 874.572998
42235.875000 1445.769531 1.397000 874.663025
42236.375000 1445.970825 1.397000 874.752991
42237.250000 1446.185181 1.397000 874.872986
42237.750000 1446.389282 1.397000 874.973022
42238.125000 1446.389282 1.397000 875.072998
42248.250000 1446.593628 1.397000 875.174988
42250.250000 1446.712158 1.397000 875.273010
42251.500000 1446.803589 1.397000 875.374023
42252.375000 1446.803589 1.397000 875.463013
42253.000000 1446.868652 1.397000 875.567993
42253.375000 1446.868652 1.397000 875.663025
42253.625000 1446.868652 1.182000 875.773010
42253.750000 1446.868652 1.182000 875.857971
42254.000000 1447.018433 1.182000 875.973022
42254.375000 1447.018433 1.182000 876.080994
42254.500000 1447.018433 1.182000 876.151001
42254.625000 1447.279907 1.182000 876.268005
42255.125000 1447.487427 1.182000 876.377991
42255.500000 1447.700317 1.182000 876.473999
42256.125000 1447.901489 1.182000 876.552979
42256.500000 1448.102905 1.182000 876.663025
42257.250000 1448.308105 1.182000 876.780029
42257.625000 1448.515503 1.182000 876.880005
42258.125000 1448.716797 1.182000 876.976990
42258.500000 1448.934448 1.182000 877.085999
42258.750000 1449.135742 1.182000 877.176025
42259.000000 1449.341309 1.182000 877.273010
42259.375000 1449.542358 1.219000 877.372986
42259.625000 1449.749268 1.219000 877.484009
42260.125000 1449.954468 1.219000 877.572998
42260.250000 1450.155640 1.219000 877.677979
42261.000000 1450.356934 1.219000 877.773010
42261.250000 1450.557983 1.219000 877.872986
42261.750000 1450.759277 1.219000 877.973022
42262.000000 1450.960693 1.219000 878.078003
42262.250000 1451.163818 1.219000 878.179016
42262.375000 1451.163818 1.219000 878.273010
42262.500000 1451.580322 1.219000 878.385986
42262.750000 1451.580322 1.219000 878.466003
42263.125000 1451.781860 1.219000 878.575989
42263.500000 1452.184326 1.219000 878.681030
42263.500000 1452.184326 1.219000 878.778015
42265.250000 1452.389526 1.178000 878.872986
42265.750000 1452.589722 1.178000 878.973022
42266.125000 1452.996216 1.178000 879.090027
42267.250000 1452.996216 1.178000 879.168030
42267.750000 1453.199463 1.178000 879.273010
42267.875000 1453.404785 1.178000 879.372986
42268.000000 1453.606079 1.178000 879.473022
42268.250000 1453.837280 1.178000 879.572998
42268.500000 1454.038330 1.178000 879.672974
42269.125000 1454.330322 1.178000 879.768005
42269.500000 1454.531494 1.178000 879.867981
42269.750000 1454.732910 1.178000 879.963013
42270.125000 1454.954224 1.178000 880.078003
42270.125000 1455.155518 1.178000 880.177979
42270.625000 1455.359009 1.178000 880.273010
42272.875000 1455.566284 1.181000 880.377991
42273.375000 1455.767090 1.181000 880.481995
42273.625000 1455.968506 1.181000 880.578003
42274.250000 1456.174072 1.181000 880.684021
42274.875000 1456.381348 1.181000 880.776978
42275.750000 1456.582520 1.181000 880.877014
42276.125000 1456.784180 1.181000 880.981995
42276.750000 1456.985107 1.181000 881.081970
42277.875000 1457.186279 1.181000 881.177002
42278.250000 1457.389404 1.181000 881.273010
42278.375000 1457.598511 1.181000 881.377014
42279.250000 1457.598511 1.181000 881.447021
42280.250000 1457.799805 1.181000 881.567017
42280.625000 1458.003174 1.181000 881.674011
42281.250000 1458.283081 1.181000 881.771973
42288.250000 1458.484619 1.234000 881.877991
42289.250000 1458.728882 1.234000 881.976990
42289.750000 1458.950317 1.234000 882.072021
42290.250000 1459.151611 1.234000 882.184998
42291.000000 1459.359253 1.234000 882.270020
42291.750000 1459.580322 1.234000 882.385010
42292.750000 1459.782227 1.234000 882.484985
42293.125000 1459.987549 1.234000 882.581970
42294.750000 1460.192871 1.234000 882.684021
42296.000000 1460.400146 1.234000 882.776978
42296.750000 1460.605469 1.234000 882.877014
42297.625000 1460.814575 1.234000 882.982971
42300.250000 1461.015625 1.234000 883.083008
42300.750000 1461.015625 1.234000 883.177002
42301.625000 1461.275269 1.234000 883.263000
42302.125000 1461.476562 1.211000 883.372009
42302.875000 1461.687256 1.211000 883.476990
42304.000000 1461.908691 1.211000 883.578979
42304.750000 1462.112061 1.211000 883.681030
42305.750000 1462.321289 1.211000 883.776978
42306.000000 1462.530884 1.211000 883.875977
42307.125000 1462.731934 1.211000 883.976013
42307.375000 1462.943115 1.211000 884.075989
42308.125000 1463.184692 1.211000 884.177002
42308.375000 1463.385986 1.211000 884.265991
42309.000000 1463.587158 1.211000 884.375977
42309.500000 1463.788574 1.211000 884.476013
42310.000000 1463.989746 1.211000 884.575989
42312.500000 1464.191040 1.211000 884.677002
42313.375000 1464.404175 1.211000 884.781982
42317.875000 1464.611694 1.215000 884.877014
42319.000000 1464.819458 1.215000 884.971985
42319.750000 1465.020386 1.215000 885.075989
42320.750000 1465.229492 1.215000 885.176025
42322.500000 1465.432739 1.215000 885.276978
42323.250000 1465.432739 1.215000 885.375977
42323.625000 1465.646118 1.215000 885.476013
42324.125000 1465.855591 1.215000 885.575989
42324.625000 1466.068970 1.215000 885.666016
42325.875000 1466.306152 1.215000 885.776001
42326.875000 1466.547485 1.215000 885.880981
42327.625000 1466.750732 1.215000 885.976013
42328.375000 1466.990234 1.215000 886.075989
42329.000000 1467.208008 1.215000 886.184021
42329.000000 1467.411499 1.215000 886.275024
42329.625000 1467.613037 1.215000 886.380005
42332.750000 1467.813354 1.235000 886.489990
42334.000000 1468.027832 1.235000 886.590027
42335.375000 1468.230469 1.235000 886.671021
42336.000000 1468.431641 1.235000 886.786011
42336.625000 1468.632812 1.235000 886.890991
42337.375000 1468.836060 1.235000 886.981995
42338.125000 1469.045166 1.235000 887.075989
42338.500000 1469.246460 1.235000 887.176025
42339.250000 1469.447754 1.235000 887.281006
42362.000000 1469.650879 1.235000 887.382996
42366.875000 1469.650879 1.235000 887.476013
42370.750000 1469.842163 1.235000 887.580994
42375.875000 1470.000977 1.235000 887.676025
42380.125000 1470.128662 1.235000 887.776001
42383.250000 1470.211548 1.235000 887.875977
42388.375000 1470.211548 1.240000 887.976990
42391.375000 1470.211548 1.240000 888.077026
42391.750000 1470.277710 1.240000 888.177002
42395.000000 1470.277710 1.240000 888.276978
42430.125000 1470.277710 1.240000 888.375000
42431.125000 1470.277710 1.240000 888.476990
42431.625000 1470.277710 1.240000 888.577026
42433.375000 1470.277710 1.240000 888.677002
42435.000000 1470.277710 1.240000 888.771973
42435.875000 1470.277710 1.240000 888.877014
42446.500000 1470.277710 1.240000 888.999023
42446.500000 1470.281250 1.240000 889.083008
42446.625000 1470.281250 1.240000 889.177002
42447.250000 1470.288330 1.240000 889.267029
42448.000000 1470.288330 1.240000 889.377014
42448.250000 1470.288330 1.250000 889.478027
42448.500000 1470.288330 1.250000 889.581970
42448.625000 1470.394653 1.250000 889.677002
42449.500000 1470.394653 1.250000 889.776978
42449.750000 1470.596558 1.250000 889.867004
42449.875000 1470.799561 1.250000 889.976990
42450.125000 1470.799561 1.250000 890.077026
42450.250000 1471.032349 1.250000 890.166992
42450.250000 1471.248169 1.250000 890.276978
42450.500000 1471.459595 1.250000 890.377014
42452.000000 1471.660889 1.250000 890.476990
42452.625000 1471.861938 1.250000 890.577026
42453.125000 1472.062744 1.250000 890.671997
42453.375000 1472.276245 1.250000 890.776978
42454.000000 1472.485962 1.250000 890.877991
42454.375000 1472.687256 1.250000 890.976990
42455.000000 1472.888428 1.250000 891.078003
42470.375000 1473.089600 1.184000 891.182007
42472.000000 1473.295532 1.184000 891.281982
42472.750000 1473.496826 1.184000 891.382019
42473.000000 1473.697632 1.184000 891.476990
42473.250000 1473.899414 1.184000 891.577026
42474.125000 1474.130981 1.184000 891.666992
42475.500000 1474.332275 1.184000 891.767029
42475.750000 1474.543579 1.184000 891.872009
42476.000000 1474.744751 1.184000 891.976990
42476.375000 1474.968262 1.184000 892.083008
42477.125000 1475.173584 1.184000 892.177002
42477.250000 1475.378784 1.184000 892.276978
42478.000000 1475.582153 1.184000 892.377991
42478.000000 1475.582153 1.184000 892.463013
42478.125000 1475.992676 1.238000 892.580017
42478.250000 1475.992676 1.238000 892.669983
42478.375000 1476.270386 1.238000 892.781006
42478.500000 1476.491943 1.238000 892.875000
42478.750000 1476.733154 1.238000 892.960022
42480.500000 1476.944458 1.238000 893.080017
42481.250000 1477.176025 1.238000 893.190002
42481.750000 1477.393921 1.238000 893.288025
42482.125000 1477.599121 1.238000 893.375000
42482.500000 1477.800293 1.238000 893.479980
42482.875000 1478.001953 1.238000 893.578003
42483.125000 1478.203125 1.238000 893.674988
42483.250000 1478.404541 1.238000 893.780029
42483.375000 1478.605835 1.238000 893.880005
42483.875000 1478.807495 1.238000 893.989990
42484.125000 1479.008667 1.303000 894.080994
42484.125000 1479.209473 1.303000 894.179993
42484.375000 1479.410522 1.303000 894.281006
42484.625000 1479.612061 1.303000 894.380005
42484.875000 1479.813354 1.303000 894.479980
42485.125000 1480.018555 1.303000 894.580017
42485.375000 1480.225830 1.303000 894.674988
42485.625000 1480.427490 1.303000 894.780029
42485.750000 1480.635132 1.303000 894.888000
42486.000000 1480.838379 1.303000 894.979004
42486.375000 1480.838379 1.303000 895.054993
42486.375000 1481.042114 1.303000 895.168030
42486.875000 1481.380127 1.303000 895.278992
42487.125000 1481.583618 1.303000 895.388977
42487.250000 1481.804932 1.303000 895.484009
42487.625000 1482.007935 1.303000 895.585022
42487.875000 1482.215454 1.303000 895.679016
42496.625000 1482.425171 1.374000 895.773010
42496.750000 1482.625732 1.374000 895.877991
42497.000000 1482.834717 1.374000 895.987000
42497.125000 1483.035767 1.374000 896.086975
42497.125000 1483.244995 1.374000 896.185974
42497.250000 1483.244995 1.374000 896.284973
42497.500000 1483.454712 1.374000 896.377991
42497.500000 1483.692017 1.374000 896.468018
42497.750000 1483.923218 1.374000 896.578003
42498.000000 1484.128296 1.374000 896.684998
42498.125000 1484.335693 1.374000 896.778015
42498.250000 1484.536987 1.374000 896.877991
42498.250000 1484.738037 1.374000 896.978027
42498.375000 1484.939453 1.374000 897.078003
42498.375000 1485.140869 1.374000 897.179016
42500.000000 1485.360596 1.221000 897.278015
42500.125000 1485.569336 1.221000 897.367981
42500.125000 1485.807373 1.221000 897.486023
42500.375000 1486.016357 1.221000 897.585022
42500.500000 1486.223389 1.221000 897.679993
42500.500000 1486.428589 1.221000 897.775024
42500.750000 1486.629883 1.221000 897.880005
42500.875000 1486.830811 1.221000 897.979980
42500.875000 1487.035767 1.221000 898.080994
42501.000000 1487.035767 1.221000 898.176025
42501.000000 1487.295410 1.221000 898.276001
42501.125000 1487.496582 1.221000 898.382996
42501.250000 1487.697266 1.221000 898.478027
42501.375000 1487.932739 1.221000 898.585022
42501.375000 1488.137695 1.221000 898.672974
42501.375000 1488.374878 1.221000 898.788025
42501.625000 1488.606567 1.221000 898.877991
42501.750000 1488.818115 1.205000 898.987976
42501.750000 1489.021240 1.205000 899.078979
42501.750000 1489.230347 1.205000 899.172974
42501.750000 1489.431396 1.205000 899.268005
42501.875000 1489.632446 1.205000 899.379028
42502.125000 1489.841919 1.205000 899.492004
42502.375000 1490.043213 1.205000 899.586975
42502.625000 1490.244751 1.205000 899.677002
42502.625000 1490.446045 1.205000 899.776978
42502.875000 1490.647461 1.205000 899.887024
42503.375000 1490.848389 1.205000 899.971985
42503.375000 1491.049683 1.205000 900.086975
42503.750000 1491.254395 1.205000 900.177002
42503.875000 1491.461426 1.205000 900.281982
42503.875000 1491.461426 1.205000 900.372009
42505.750000 1491.673096 1.263000 900.476990
42505.750000 1491.876343 1.263000 900.578979
42506.125000 1492.085693 1.263000 900.677002
42506.125000 1492.317017 1.263000 900.763000
42506.125000 1492.528442 1.263000 900.872009
42506.125000 1492.767944 1.263000 900.986023
42506.125000 1492.971558 1.263000 901.081970
42506.250000 1493.187500 1.263000 901.189026
42506.250000 1493.394409 1.263000 901.276978
42506.250000 1493.645996 1.263000 901.382996
42506.500000 1493.847290 1.263000 901.476990
42506.875000 1494.055054 1.263000 901.580017
42507.000000 1494.258179 1.263000 901.681030
42507.375000 1494.459839 1.263000 901.776001
42507.375000 1494.670898 1.263000 901.890991
42507.625000 1494.872070 1.230000 901.986023
42507.625000 1495.078369 1.230000 902.078979
42507.625000 1495.287964 1.230000 902.187988
42507.625000 1495.489136 1.230000 902.278015
42507.750000 1495.692139 1.230000 902.379028
42507.875000 1495.692139 1.230000 902.469971
42508.000000 1495.895386 1.230000 902.578979
42510.875000 1496.313843 1.230000 902.687988
42511.125000 1496.515015 1.230000 902.788025
42511.125000 1496.716309 1.230000 902.888000
42511.375000 1496.716309 1.230000 902.987976
42511.375000 1496.949585 1.230000 903.083008
42516.125000 1497.129883 1.230000 903.187988
42517.500000 1497.277344 1.230000 903.288025
42517.750000 1497.396118 1.230000 903.382019
42517.750000 1497.396118 1.206000 903.468994
42517.875000 1497.471680 1.206000 903.578979
42519.375000 1497.520508 1.206000 903.679016
42520.000000 1497.528442 1.206000 903.783020
42520.750000 1497.528442 1.206000 903.879028
42521.125000 1497.528442 1.206000 903.979004
42522.000000 1497.528442 1.206000 904.078979
42522.000000 1497.528442 1.206000 904.174011
42522.625000 1497.528442 1.206000 904.278992
42523.125000 1497.528442 1.206000 904.379028
42523.500000 1497.528809 1.206000 904.479004
42523.500000 1497.528809 1.206000 904.581970
42524.375000 1497.528809 1.206000 904.664001
42524.625000 1497.533325 1.206000 904.773987
42525.750000 1497.533325 1.206000 904.870972
42525.875000 1497.533325 1.206000 904.953003
42526.000000 1497.581055 1.206000 905.078003
42526.500000 1497.581055 1.187000 905.182983
42526.500000 1497.784424 1.187000 905.284973
42526.625000 1497.784424 1.187000 905.367981
42526.625000 1498.034912 1.187000 905.481018
42526.625000 1498.242310 1.187000 905.581970
42526.750000 1498.242310 1.187000 905.682007
42526.750000 1498.650269 1.187000 905.786987
42526.750000 1498.650269 1.187000 905.875977
42527.000000 1498.859497 1.187000 905.981018
42527.125000 1499.062744 1.187000 906.065979
42527.250000 1499.301880 1.187000 906.181030
42527.250000 1499.523315 1.187000 906.276001
42527.250000 1499.734741 1.187000 906.380981
42527.375000 1499.956177 1.187000 906.486023
42527.375000 1500.166016 1.124000 906.585022
42527.625000 1500.367432 1.124000 906.690002
42527.875000 1500.588745 1.124000 906.789978
42528.000000 1500.820190 1.124000 906.885010
42528.000000 1501.023682 1.124000 906.966003
42528.125000 1501.226929 1.124000 907.075989
42528.250000 1501.436401 1.124000 907.181030
42528.500000 1501.637573 1.124000 907.281006
42528.625000 1501.840942 1.124000 907.375977
42528.750000 1502.050171 1.124000 907.486023
42528.875000 1502.253662 1.124000 907.577026
42528.875000 1502.253662 1.124000 907.671021
42528.875000 1502.523315 1.124000 907.770996
42529.000000 1502.724609 1.124000 907.866028
42529.000000 1502.935547 1.124000 907.976013
42529.250000 1503.136963 1.201000 908.065979
42529.250000 1503.338379 1.201000 908.176025
42529.375000 1503.579834 1.201000 908.255981
42529.375000 1503.841553 1.201000 908.380981
42529.500000 1504.044922 1.201000 908.481995
42529.625000 1504.246338 1.201000 908.581970
42529.625000 1504.447754 1.201000 908.682007
42529.750000 1504.649414 1.201000 908.776978
42529.750000 1504.850708 1.201000 908.877014
42529.750000 1505.052246 1.201000 908.981995
42529.750000 1505.253418 1.201000 909.081970
42529.750000 1505.454956 1.201000 909.177002
42530.000000 1505.661987 1.201000 909.275024
42530.125000 1505.867432 1.201000 909.382019
42530.125000 1506.074585 1.201000 909.474976
42530.250000 1506.281738 1.159000 909.578003
42530.250000 1506.281738 1.159000 909.671997
42530.250000 1506.611816 1.159000 909.786987
42530.250000 1506.830811 1.159000 909.870972
42530.375000 1507.052246 1.159000 909.986023
42530.500000 1507.253662 1.159000 910.075989
42530.500000 1507.454834 1.159000 910.185974
42530.625000 1507.655884 1.159000 910.286011
42531.250000 1507.861206 1.159000 910.388000
42531.375000 1508.072388 1.159000 910.476990
42531.750000 1508.274048 1.159000 910.581970
42531.875000 1508.481445 1.159000 910.690979
42532.125000 1508.686768 1.159000 910.783020
42532.250000 1508.888062 1.159000 910.882996
42532.875000 1509.088623 1.194000 910.982971
42533.000000 1509.297119 1.194000 911.088013
42533.500000 1509.498657 1.194000 911.187988
42533.625000 1509.699951 1.194000 911.288025
42533.875000 1509.699951 1.194000 911.367981
42534.000000 1509.901001 1.194000 911.468018
42534.125000 1510.303711 1.194000 911.588013
42534.250000 1510.504883 1.194000 911.692993
42534.500000 1510.706055 1.194000 911.783020
42534.625000 1510.907349 1.194000 911.888000
42534.625000 1511.108398 1.194000 911.992981
42534.875000 1511.309448 1.194000 912.078003
42535.125000 1511.510376 1.194000 912.177979
42535.625000 1511.711792 1.194000 912.278015
42535.875000 1511.913086 1.194000 912.377991
42536.625000 1511.913086 1.178000 912.463013
42536.625000 1512.117676 1.178000 912.567993
42536.750000 1512.321655 1.178000 912.672974
42536.750000 1512.569458 1.178000 912.781982
42537.000000 1512.798950 1.178000 912.887024
42537.125000 1513.000244 1.178000 912.963013
42537.250000 1513.213379 1.178000 913.088013
42537.375000 1513.420654 1.178000 913.179993
42539.250000 1513.622314 1.178000 913.281006
42539.250000 1513.823364 1.178000 913.382996
42539.375000 1514.026733 1.178000 913.473022
42539.500000 1514.266235 1.178000 913.570984
42539.500000 1514.467407 1.178000 913.666016
42539.500000 1514.668579 1.178000 913.781006
42539.875000 1514.891846 1.178000 913.882019
42541.625000 1515.100464 1.277000 913.981995
42542.125000 1515.304565 1.277000 914.075989
42542.500000 1515.511719 1.277000 914.181030
42542.625000 1515.712891 1.277000 914.281006
42542.875000 1515.914185 1.277000 914.375977
42543.125000 1516.121216 1.277000 914.489014
42543.250000 1516.322388 1.277000 914.588989
42543.500000 1516.322388 1.277000 914.671021
42543.500000 1516.547729 1.277000 914.768982
42543.625000 1516.962402 1.277000 914.896973
42543.625000 1517.165649 1.277000 914.992981
42543.875000 1517.165649 1.277000 915.078003
42544.125000 1517.367065 1.277000 915.182983
42544.500000 1517.588501 1.277000 915.273010
42544.625000 1517.820312 1.277000 915.388000
42544.750000 1518.045776 1.274000 915.489990
42545.250000 1518.246826 1.274000 915.580017
42545.250000 1518.448120 1.274000 915.684998
42545.625000 1518.649414 1.274000 915.784973
42545.875000 1518.900757 1.274000 915.885010
42545.875000 1519.121948 1.274000 915.984985
42545.875000 1519.337524 1.274000 916.078003
42546.125000 1519.540771 1.274000 916.177979
42546.625000 1519.747681 1.274000 916.281006
42546.750000 1519.747681 1.274000 916.361023
42547.125000 1520.154663 1.274000 916.487976
42547.250000 1520.356201 1.274000 916.588013
42547.750000 1520.563477 1.274000 916.681030
42547.875000 1520.764648 1.274000 916.781006
42547.875000 1520.965698 1.274000 916.880981
42548.375000 1521.166992 1.274000 916.981018
42549.500000 1521.370361 1.283000 917.086975
42550.125000 1521.571533 1.283000 917.182007
42551.125000 1521.571533 1.283000 917.275024
42551.375000 1521.780518 1.283000 917.380005
42551.750000 1521.989624 1.283000 917.469971
42552.250000 1522.192871 1.283000 917.585999
42552.375000 1522.394409 1.283000 917.682007
42552.750000 1522.662476 1.283000 917.781982
42553.250000 1522.869873 1.283000 917.882019
42554.000000 1523.070801 1.283000 917.976990
42554.625000 1523.322021 1.283000 918.081970
42554.750000 1523.543457 1.283000 918.182007
42555.000000 1523.744751 1.283000 918.281982
42555.375000 1523.950073 1.283000 918.382019
42556.000000 1524.157471 1.283000 918.471985
42556.250000 1524.358398 1.283000 918.586975
42556.875000 1524.565308 1.397000 918.690002
42556.875000 1524.766479 1.397000 918.789978
42557.125000 1524.968018 1.397000 918.890015
42557.625000 1525.173218 1.397000 918.981995
42558.250000 1525.374756 1.397000 919.081970
42558.625000 1525.578125 1.397000 919.187988
42559.000000 1525.787231 1.397000 919.281982
42559.625000 1525.787231 1.397000 919.367004
42560.375000 1526.201904 1.397000 919.482971
42561.125000 1526.406982 1.397000 919.590027
42561.750000 1526.406982 1.397000 919.682007
42562.000000 1526.743164 1.397000 919.783997
42562.125000 1526.964722 1.397000 919.882019
42562.750000 1527.166016 1.397000 919.981995
42563.250000 1527.377197 1.397000 920.086975
42563.750000 1527.578735 1.311000 920.182007
42564.125000 1527.780029 1.311000 920.281982
42564.875000 1527.981323 1.311000 920.382019
42565.625000 1528.182861 1.311000 920.478027
42566.000000 1528.182861 1.311000 920.562012
42566.625000 1528.584717 1.311000 920.677002
42567.000000 1528.786133 1.311000 920.781982
42567.875000 1528.991455 1.311000 920.872009
42568.500000 1529.192749 1.311000 920.981995
42569.125000 1529.406372 1.311000 921.083008
42570.250000 1529.617798 1.311000 921.182007
42570.875000 1529.617798 1.311000 921.278015
42572.125000 1530.032349 1.311000 921.390991
42572.625000 1530.032349 1.311000 921.455994
42573.375000 1530.233887 1.311000 921.580994
42574.125000 1530.441162 1.264000 921.684021
42574.875000 1530.773193 1.264000 921.781006
42575.500000 1530.988525 1.264000 921.880981
42576.000000 1531.189575 1.264000 921.981018
42577.000000 1531.390869 1.264000 922.081970
42577.500000 1531.592041 1.264000 922.182007
42578.125000 1531.793335 1.264000 922.281006
42578.375000 1531.996460 1.264000 922.367004
42579.500000 1532.205688 1.264000 922.482971
42579.875000 1532.205688 1.264000 922.564026
42580.500000 1532.624146 1.264000 922.689026
42581.375000 1532.829468 1.264000 922.786011
42582.250000 1533.030884 1.264000 922.880981
42582.375000 1533.232056 1.264000 922.981018
42583.125000 1533.435303 1.264000 923.080994
42583.625000 1533.644653 1.307000 923.181030
42584.125000 1533.852295 1.307000 923.289001
42584.500000 1533.852295 1.307000 923.380981
42585.000000 1534.258301 1.307000 923.495972
42585.375000 1534.459595 1.307000 923.591003
42586.000000 1534.459595 1.307000 923.681030
42587.000000 1534.862183 1.307000 923.791016
42587.750000 1535.063477 1.307000 923.895996
42589.250000 1535.264771 1.307000 923.991028
42591.000000 1535.465698 1.307000 924.091003
42591.750000 1535.666992 1.307000 924.190979
42592.750000 1535.868286 1.307000 924.296021
42593.625000 1536.069214 1.307000 924.385986
42594.500000 1536.069214 1.307000 924.481018
42594.875000 1536.270630 1.307000 924.560974
42595.500000 1536.672974 1.355000 924.685974
42596.125000 1536.672974 1.355000 924.781006
42596.875000 1537.075195 1.355000 924.885986
42597.375000 1537.075195 1.355000 924.981018
42597.625000 1537.276245 1.355000 925.080994
42598.500000 1537.678589 1.355000 925.185974
42599.125000 1537.678589 1.355000 925.281006
42599.500000 1537.885864 1.355000 925.380981
42599.875000 1538.111206 1.355000 925.476013
42600.500000 1538.342407 1.355000 925.580994
42601.250000 1538.547729 1.355000 925.682983
42601.875000 1538.831421 1.355000 925.778992
42602.750000 1539.040649 1.355000 925.872986
42603.375000 1539.243896 1.355000 925.982971
42604.375000 1539.447632 1.355000 926.080017
42605.875000 1539.648804 1.374000 926.185974
42607.625000 1539.850098 1.374000 926.280029
42608.750000 1540.051270 1.374000 926.380005
42609.500000 1540.252686 1.374000 926.484985
42610.250000 1540.453979 1.374000 926.580017
42611.000000 1540.655151 1.374000 926.681030
42612.000000 1540.856445 1.374000 926.784973
42612.500000 1541.064209 1.374000 926.888000
42613.000000 1541.265503 1.374000 926.992981
42614.000000 1541.466797 1.374000 927.088013
42614.375000 1541.672241 1.374000 927.184998
42615.375000 1541.873413 1.374000 927.286987
42615.750000 1542.076904 1.374000 927.390991
42616.250000 1542.286743 1.374000 927.484985
42616.625000 1542.488159 1.374000 927.585999
42617.000000 1542.689697 1.388000 927.681030
42617.750000 1542.891113 1.388000 927.784973
42619.125000 1543.092285 1.388000 927.875000
42619.625000 1543.301636 1.388000 927.984985
42620.000000 1543.505127 1.388000 928.085022
42620.500000 1543.706177 1.388000 928.184998
42621.375000 1543.907593 1.388000 928.284973
42621.750000 1543.907593 1.388000 928.375000
42622.875000 1544.320557 1.388000 928.484985
42623.375000 1544.523926 1.388000 928.585999
42623.750000 1544.727173 1.388000 928.692017
42625.125000 1544.930420 1.388000 928.788025
42626.375000 1544.930420 1.388000 928.885010
42629.000000 1545.135742 1.388000 928.984985
42630.000000 1545.336914 1.388000 929.085022
42630.125000 1545.537964 1.388000 929.169983
42631.000000 1545.739380 1.486000 929.275024
42632.125000 1546.145508 1.486000 929.392029
42634.000000 1546.346558 1.486000 929.492004
42634.750000 1546.346558 1.486000 929.588013
42635.000000 1546.549683 1.486000 929.682007
42635.625000 1546.819580 1.486000 929.786987
42635.875000 1547.020752 1.486000 929.882019
42636.875000 1547.298950 1.486000 929.984985
42637.125000 1547.500122 1.486000 930.085022
42637.625000 1547.711548 1.486000 930.190002
42638.750000 1547.912842 1.486000 930.294983
42639.375000 1548.124146 1.486000 930.395020
42639.875000 1548.325317 1.486000 930.494995
42641.000000 1548.526367 1.486000 930.594971
42641.500000 1548.730103 1.486000 930.690979
42642.125000 1548.931396 1.339000 930.786011
42642.875000 1549.138794 1.339000 930.885986
42643.875000 1549.344238 1.339000 930.986023
42645.125000 1549.544922 1.339000 931.096008
42646.250000 1549.748291 1.339000 931.192017
42647.375000 1549.748291 1.339000 931.281006
42648.000000 1550.160278 1.339000 931.387024
42649.375000 1550.160278 1.339000 931.486023
42650.750000 1550.371826 1.339000 931.588013
42651.750000 1550.581177 1.339000 931.685974
42653.750000 1550.832642 1.339000 931.781006
42654.875000 1551.033813 1.339000 931.882019
42655.750000 1551.236938 1.339000 931.981995
42656.875000 1551.445923 1.339000 932.086975
42658.250000 1551.647095 1.339000 932.185974
42659.500000 1551.858032 1.339000 932.291992
42660.375000 1552.059326 1.432000 932.385986
42662.000000 1552.272583 1.432000 932.491028
42663.250000 1552.481934 1.432000 932.598022
42664.875000 1552.685425 1.432000 932.690979
42666.250000 1552.896606 1.432000 932.791016
42667.250000 1553.105957 1.432000 932.893005
42668.625000 1553.307251 1.432000 932.995972
42669.250000 1553.548828 1.432000 933.098022
42670.500000 1553.750122 1.432000 933.190979
42672.000000 1553.955322 1.432000 933.296021
42673.125000 1554.166870 1.432000 933.390991
42674.625000 1554.367554 1.432000 933.497009
42676.625000 1554.367554 1.432000 933.591003
42678.625000 1554.560059 1.432000 933.695984
42781.250000 1554.744019 1.432000 933.802979
42788.625000 1554.861328 1.432000 933.895996
42790.625000 1554.945557 1.432000 933.986023
42792.250000 1554.945557 1.524000 934.091003
42793.750000 1554.945557 1.524000 934.197021
42795.375000 1555.058716 1.524000 934.293030
42797.125000 1555.064087 1.524000 934.390991
42802.375000 1555.064087 1.524000 934.495972
42803.000000 1555.064087 1.524000 934.585999
42804.375000 1555.082520 1.524000 934.692993
42805.750000 1555.082520 1.524000 934.796997
42806.625000 1555.082520 1.524000 934.892029
42807.375000 1555.158203 1.524000 934.991028
42818.375000 1555.158203 1.524000 935.096008
42820.625000 1555.158203 1.524000 935.195984
42822.625000 1555.301636 1.524000 935.296021
42823.375000 1555.301636 1.524000 935.395996
42825.000000 1555.301636 1.524000 935.495972
42826.000000 1555.456299 1.524000 935.596008
42828.375000 1555.456299 1.486000 935.692017
42829.375000 1555.660522 1.486000 935.786987
42831.500000 1555.660522 1.486000 935.888977
42832.875000 1555.862305 1.486000 935.992004
42833.250000 1556.066650 1.486000 936.093994
42834.750000 1556.266724 1.486000 936.197021
42836.875000 1556.474243 1.486000 936.299988
42837.875000 1556.677368 1.486000 936.390991
42839.125000 1556.886475 1.486000 936.500000
42840.375000 1557.087524 1.486000 936.604980
42849.000000 1557.296387 1.486000 936.705017
42854.750000 1557.530029 1.486000 936.804993
42874.750000 1557.530029 1.486000 936.900024
42876.750000 1557.715332 1.486000 936.994995
42878.750000 1557.715332 1.486000 937.094971
42881.125000 1557.936401 1.428000 937.195984
42882.750000 1557.936401 1.428000 937.289978
42883.875000 1558.137207 1.428000 937.395020
42885.250000 1558.339478 1.428000 937.494995
42887.000000 1558.339478 1.428000 937.594971
42889.250000 1558.559937 1.428000 937.700012
42890.750000 1558.766968 1.428000 937.789978
42892.375000 1558.998169 1.428000 937.905029
42894.125000 1559.199341 1.428000 938.000000
42895.875000 1559.400391 1.428000 938.101013
42897.125000 1559.611206 1.428000 938.195007
42898.250000 1559.812500 1.428000 938.294983
42900.500000 1560.015137 1.428000 938.406006
42902.375000 1560.246338 1.428000 938.495972
42903.875000 1560.467773 1.428000 938.596008
42905.500000 1560.672852 1.428000 938.697998
42928.750000 1560.877075 1.403000 938.796021
42934.000000 1561.082886 1.403000 938.903992
42936.500000 1561.288208 1.403000 938.995972
42938.875000 1561.489502 1.403000 939.096008
42940.625000 1561.690918 1.403000 939.200989
42943.250000 1561.900391 1.403000 939.304993
42946.375000 1562.101685 1.403000 939.405029
42947.875000 1562.303345 1.403000 939.500000
42949.500000 1562.504761 1.403000 939.604980
42951.125000 1562.706055 1.403000 939.705017
42954.125000 1562.909302 1.403000 939.804993
42955.750000 1562.909302 1.403000 939.893005
43014.750000 1563.113403 1.403000 940.000977
43016.875000 1563.315308 1.403000 940.098022
43018.750000 1563.526123 1.403000 940.182983
43020.375000 1563.806030 1.403000 940.293030
43026.375000 1564.017456 1.408000 940.398010
43028.750000 1564.227783 1.408000 940.497986
43030.625000 1564.436401 1.408000 940.598022
43032.750000 1564.637451 1.408000 940.697998
43034.250000 1564.838867 1.408000 940.797974
43035.625000 1565.040405 1.408000 940.898987
43036.750000 1565.244141 1.408000 940.999023
43038.125000 1565.445557 1.408000 941.098999
43039.500000 1565.646729 1.408000 941.198975
43042.625000 1565.848145 1.408000 941.299011
43044.250000 1566.049927 1.408000 941.400024
43046.000000 1566.049927 1.408000 941.484009
43048.125000 1566.452148 1.408000 941.598999
43049.500000 1566.659058 1.408000 941.706970
43051.250000 1566.860474 1.408000 941.807007
43053.375000 1566.860474 1.408000 941.898987
43055.500000 1567.067749 1.408000 941.999023
43057.000000 1567.286987 1.586000 942.098999
43058.625000 1567.488281 1.586000 942.198975
43061.000000 1567.768433 1.586000 942.307983
43062.750000 1567.985474 1.586000 942.395996
43064.125000 1568.186279 1.586000 942.505981
43066.250000 1568.437744 1.586000 942.606018
43067.125000 1568.638672 1.586000 942.685974
43067.750000 1568.839966 1.586000 942.801025
43069.250000 1569.041504 1.586000 942.895996
43071.000000 1569.244507 1.586000 942.987000
43076.250000 1569.244507 1.586000 943.091003
43082.000000 1569.452393 1.586000 943.195984
43087.750000 1569.639526 1.586000 943.312988
43092.375000 1569.790649 1.586000 943.395996
43095.500000 1569.912109 1.586000 943.507019
43098.250000 1570.004517 1.586000 943.606018
43100.250000 1570.070801 1.524000 943.705994
43101.625000 1570.070801 1.524000 943.806030
43102.625000 1570.094482 1.524000 943.901001
43103.375000 1570.094482 1.524000 944.007019
43103.750000 1570.094482 1.524000 944.106018
43104.250000 1570.107300 1.524000 944.205994
43104.625000 1570.107300 1.524000 944.310974
43105.000000 1570.162598 1.524000 944.406006
43105.500000 1570.162598 1.524000 944.507996
43105.750000 1570.162598 1.524000 944.606018
43106.375000 1570.367798 1.524000 944.705994
43106.750000 1570.367798 1.524000 944.801025
43107.250000 1570.582397 1.524000 944.906006
43108.000000 1570.786255 1.524000 945.000977
43108.750000 1570.991333 1.524000 945.112976
43109.125000 1571.192627 1.524000 945.213013
43110.000000 1571.192627 1.524000 945.306030
43111.375000 1571.399658 1.524000 945.385986
43112.125000 1571.600708 1.524000 945.505981
43113.375000 1571.803955 1.524000 945.606018
43114.125000 1572.013550 1.524000 945.705994
43114.875000 1572.237061 1.524000 945.806030
43115.375000 1572.446533 1.524000 945.906982
43116.500000 1572.668091 1.524000 946.013000
43117.500000 1572.871094 1.524000 946.111023
43118.375000 1573.080322 1.524000 946.206970
43119.375000 1573.293335 1.524000 946.296997
43119.625000 1573.494629 1.524000 946.406982
43120.250000 1573.766357 1.524000 946.507019
43120.750000 1573.967651 1.524000 946.609985
43121.625000 1574.182739 1.524000 946.713989
43122.750000 1574.389893 1.524000 946.807007
43123.875000 1574.591187 1.558000 946.906982
43124.125000 1574.792725 1.558000 947.007019
43124.500000 1574.994019 1.558000 947.101990
43125.000000 1575.199463 1.558000 947.202026
43126.000000 1575.408325 1.558000 947.312988
43126.500000 1575.609497 1.558000 947.403015
43127.125000 1575.609497 1.558000 947.497986
43127.750000 1576.011597 1.558000 947.607971
43127.875000 1576.213135 1.558000 947.713013
43129.500000 1576.414429 1.558000 947.809021
43130.375000 1576.616211 1.558000 947.908020
43130.500000 1576.819824 1.558000 948.004028
43131.125000 1576.819824 1.558000 948.103027
43131.875000 1577.028809 1.558000 948.203003
43133.625000 1577.270142 1.558000 948.293030
43133.875000 1577.501221 1.405000 948.403015
43136.000000 1577.702271 1.405000 948.500977
43136.250000 1577.903687 1.405000 948.598022
43136.625000 1578.105225 1.405000 948.705017
43137.250000 1578.376587 1.405000 948.802979
43137.250000 1578.579346 1.405000 948.909973
43137.375000 1578.579346 1.405000 948.999023
43137.625000 1578.786011 1.405000 949.103027
43138.625000 1578.994141 1.405000 949.208008
43139.375000 1578.994141 1.405000 949.307983
43149.500000 1578.994141 1.405000 949.408997
43150.000000 1579.195068 1.405000 949.502991
43150.125000 1579.195068 1.405000 949.603027
43150.500000 1579.258789 1.405000 949.684998
43150.625000 1579.258789 1.405000 949.807983
43150.625000 1579.258789 1.405000 949.908020
43151.250000 1579.271973 1.423000 950.007996
43151.750000 1579.271973 1.423000 950.107971
43151.750000 1579.271973 1.423000 950.203003
43152.125000 1579.345947 1.423000 950.302979
43152.375000 1579.345947 1.423000 950.398010
43152.375000 1579.553589 1.423000 950.497986
43152.750000 1579.553589 1.423000 950.611023
43152.875000 1579.781860 1.423000 950.708008
43153.000000 1579.983521 1.423000 950.807983
43153.125000 1580.189209 1.423000 950.877991
43153.375000 1580.410278 1.423000 950.992981
43154.375000 1580.611328 1.423000 951.107971
43155.125000 1580.842896 1.423000 951.208008
43155.875000 1581.045898 1.423000 951.309021
43156.625000 1581.247192 1.423000 951.403992
43156.875000 1581.450684 1.360000 951.510010
43157.250000 1581.661743 1.360000 951.609009
43158.000000 1581.869263 1.360000 951.718018
43158.500000 1582.070679 1.360000 951.812988
43158.875000 1582.273682 1.360000 951.914001
43159.375000 1582.474731 1.360000 952.013977
43159.750000 1582.676147 1.360000 952.114014
43160.250000 1582.877319 1.360000 952.213989
43160.750000 1583.078735 1.360000 952.309021
43160.875000 1583.285889 1.360000 952.416992
43161.250000 1583.487183 1.360000 952.517029
43161.625000 1583.692627 1.360000 952.609009
43161.625000 1583.894043 1.360000 952.703979
43162.250000 1583.894043 1.360000 952.799011
43162.375000 1584.095093 1.360000 952.895996
43163.875000 1584.300171 1.366000 953.005005
43164.125000 1584.506836 1.366000 953.104004
43164.250000 1584.713257 1.366000 953.198975
43164.250000 1584.914062 1.366000 953.304016
43165.375000 1585.115479 1.366000 953.409973
43165.750000 1585.322510 1.366000 953.507996
43165.875000 1585.545776 1.366000 953.606995
43166.000000 1585.775146 1.366000 953.708984
43166.625000 1586.066528 1.366000 953.812012
43167.375000 1586.287720 1.366000 953.916992
43170.125000 1586.488770 1.366000 954.017029
43171.750000 1586.677734 1.366000 954.117004
43174.500000 1586.677734 1.366000 954.216980
43176.500000 1586.896118 1.366000 954.317017
43177.750000 1586.896118 1.366000 954.406982
43180.250000 1587.018311 1.332000 954.513977
43181.250000 1587.018311 1.332000 954.606995
43182.000000 1587.018311 1.332000 954.697021
43183.000000 1587.163696 1.332000 954.820984
43183.250000 1587.163696 1.332000 954.906006
43183.500000 1587.198242 1.332000 955.010986
43183.750000 1587.198242 1.332000 955.119995
43184.250000 1587.198242 1.332000 955.215027
43184.375000 1587.256714 1.332000 955.312012
43184.500000 1587.256714 1.332000 955.406982
43186.625000 1587.385864 1.332000 955.507019
43188.500000 1587.385864 1.332000 955.606995
43199.125000 1587.436035 1.332000 955.706970
43199.750000 1587.451904 1.332000 955.807007
43200.250000 1587.451904 1.332000 955.896973
43202.625000 1587.451904 1.349000 956.007019
43203.875000 1587.451904 1.349000 956.109009
43215.750000 1587.451904 1.349000 956.206970
43216.500000 1587.451904 1.349000 956.307007
43217.125000 1587.451904 1.349000 956.406982
43217.375000 1587.451904 1.349000 956.497009
43217.375000 1587.452515 1.349000 956.606995
43217.375000 1587.452515 1.349000 956.706970
43217.875000 1587.471924 1.349000 956.794983
43221.125000 1587.471924 1.349000 956.909973
43225.750000 1587.496216 1.349000 957.005005
43225.750000 1587.496216 1.349000 957.104980
43226.375000 1587.496216 1.349000 957.210022
43227.125000 1587.498535 1.349000 957.307007
43228.000000 1587.498779 1.349000 957.405029
43235.625000 1587.498779 1.250000 957.505005
43235.750000 1587.498779 1.250000 957.609985
43236.875000 1587.517456 1.250000 957.715027
43237.000000 1587.517456 1.250000 957.812012
43237.000000 1587.517456 1.250000 957.909973
43237.250000 1587.517456 1.250000 958.010986
43237.500000 1587.731079 1.250000 958.099976
43237.500000 1587.731079 1.250000 958.210022
43237.625000 1587.935791 1.250000 958.309998
43238.375000 1588.143677 1.250000 958.406006
43239.875000 1588.292847 1.250000 958.507019
43245.500000 1588.414185 1.250000 958.617004
43246.375000 1588.414185 1.250000 958.716980
43254.125000 1588.502441 1.250000 958.822021
43255.625000 1588.557861 1.250000 958.914001
43258.375000 1588.579712 1.285000 959.018982
43259.000000 1588.579712 1.285000 959.109985
43259.750000 1588.579712 1.285000 959.210022
43260.000000 1588.579712 1.285000 959.309998
43260.500000 1588.579956 1.285000 959.400024
43260.500000 1588.579956 1.285000 959.500000
43260.750000 1588.580078 1.285000 959.609985
43261.000000 1588.580078 1.285000 959.710022
43261.000000 1588.588379 1.285000 959.815002
43261.000000 1588.588379 1.285000 959.900024
43263.625000 1588.588379 1.285000 960.018982
43264.750000 1588.646851 1.285000 960.119019
43266.875000 1588.646851 1.285000 960.208984
43269.500000 1588.646851 1.285000 960.306030
43271.250000 1588.646851 1.285000 960.395020
43272.375000 1588.646851 1.285000 960.510010
43278.375000 1588.646851 1.320000 960.616028
43278.875000 1588.646851 1.320000 960.710022
43280.000000 1588.647095 1.320000 960.820984
43280.375000 1588.647095 1.320000 960.900024
43280.625000 1588.647705 1.320000 961.015015
43280.875000 1588.647705 1.320000 961.109985
43281.375000 1588.647705 1.320000 961.205017
43281.750000 1588.666748 1.320000 961.309998
43282.125000 1588.666748 1.320000 961.405029
43288.000000 1588.666748 1.320000 961.523010
43321.750000 1588.733521 1.320000 961.616028
43322.500000 1588.733521 1.320000 961.710022
43329.250000 1588.733521 1.320000 961.812988
43329.375000 1588.733521 1.320000 961.913025
43329.750000 1588.733521 1.320000 962.005981
43329.750000 1588.733521 1.292000 962.117981
43330.000000 1588.733521 1.292000 962.213013
43331.125000 1588.733521 1.292000 962.312988
43331.250000 1588.733521 1.292000 962.398010
43331.375000 1588.733521 1.292000 962.513000
43339.625000 1588.733765 1.292000 962.611023
43339.875000 1588.734009 1.292000 962.710999
43340.000000 1588.734009 1.292000 962.801025
43340.375000 1588.734009 1.292000 962.906006
43340.625000 1588.746948 1.292000 963.010986
43341.375000 1588.750977 1.292000 963.106018
43342.125000 1588.750977 1.292000 963.213013
43343.875000 1588.750977 1.292000 963.294983
43345.625000 1588.750977 1.292000 963.400024
43346.875000 1588.750977 1.250000 963.523010
43350.000000 1588.750977 1.250000 963.603027
43351.250000 1588.750977 1.250000 963.715027
43351.375000 1588.750977 1.250000 963.815002
43351.625000 1588.751221 1.250000 963.921021
43351.750000 1588.751221 1.250000 964.015991
43352.375000 1588.751221 1.250000 964.116028
43352.625000 1588.767944 1.250000 964.210022
43352.875000 1588.767944 1.250000 964.315002
43352.875000 1588.767944 1.250000 964.411011
43353.000000 1588.846680 1.250000 964.500000
43353.000000 1588.846680 1.250000 964.609985
43353.375000 1588.846680 1.250000 964.715027
43353.500000 1589.051514 1.250000 964.810974
43353.500000 1589.051514 1.250000 964.914978
43353.625000 1589.256836 1.250000 965.015991
43353.875000 1589.471069 1.250000 965.109985
43354.375000 1589.671387 1.540000 965.210022
43354.750000 1589.923218 1.540000 965.314026
43355.250000 1590.132080 1.540000 965.419006
43355.750000 1590.333252 1.540000 965.518982
43355.875000 1590.534668 1.540000 965.609009
43356.250000 1590.738037 1.540000 965.705017
43357.125000 1590.947388 1.540000 965.815002
43357.750000 1590.947388 1.540000 965.895020
43357.875000 1591.351807 1.540000 966.015015
43358.000000 1591.553101 1.540000 966.109985
43358.250000 1591.754395 1.540000 966.210022
43358.625000 1591.955566 1.540000 966.304993
43358.750000 1592.156616 1.540000 966.409973
43359.000000 1592.358032 1.540000 966.515015
43359.250000 1592.563354 1.540000 966.606995
43359.750000 1592.770264 1.280000 966.715027
43360.125000 1592.971558 1.280000 966.815002
43360.250000 1593.172607 1.280000 966.909973
43361.375000 1593.374023 1.280000 967.010010
43362.000000 1593.374023 1.280000 967.094971
43362.500000 1593.776611 1.280000 967.219971
43362.875000 1593.978149 1.280000 967.325012
43363.375000 1594.179199 1.280000 967.424988
43364.125000 1594.179199 1.280000 967.505005
43364.625000 1594.388550 1.280000 967.604004
43365.000000 1594.597900 1.280000 967.715027
43365.125000 1594.867676 1.280000 967.822021
43365.500000 1595.094971 1.280000 967.919983
43365.750000 1595.304443 1.280000 968.018982
43366.125000 1595.505859 1.259000 968.124023
43367.125000 1595.738892 1.259000 968.213989
43367.500000 1595.948120 1.259000 968.304016
43368.000000 1596.159546 1.259000 968.414001
43371.750000 1596.370483 1.259000 968.518982
43372.000000 1596.572144 1.259000 968.598999
43372.625000 1596.779541 1.259000 968.721985
43373.250000 1596.989136 1.259000 968.820984
43374.500000 1597.196289 1.259000 968.908997
43375.125000 1597.397095 1.259000 969.023987
43376.375000 1597.598022 1.259000 969.124023
43376.875000 1597.805298 1.259000 969.211975
43377.375000 1597.805298 1.259000 969.307007
43377.750000 1598.209595 1.259000 969.413025
43384.125000 1598.410767 1.328000 969.518005
43385.000000 1598.410767 1.328000 969.612000
43385.750000 1598.622559 1.328000 969.706970
43386.125000 1598.870117 1.328000 969.812012
43387.125000 1599.075195 1.328000 969.911987
43388.000000 1599.292480 1.328000 970.013000
43388.625000 1599.495483 1.328000 970.112000
43389.125000 1599.747070 1.328000 970.197998
43389.750000 1599.966553 1.328000 970.314026
43396.500000 1600.173340 1.328000 970.411987
43403.125000 1600.367554 1.328000 970.512024
43406.750000 1600.367554 1.328000 970.612000
43414.000000 1600.527466 1.328000 970.711975
43430.625000 1600.701904 1.328000 970.807007
43440.500000 1600.782959 1.328000 970.911987
43444.875000 1600.782959 1.324000 971.012024
43450.750000 1600.844971 1.324000 971.112976
43452.000000 1600.846924 1.324000 971.218018
43453.000000 1600.846924 1.324000 971.312012
43454.625000 1600.846924 1.324000 971.411987
43455.125000 1600.846924 1.324000 971.512024
43455.875000 1600.847900 1.324000 971.612000
43457.125000 1600.847900 1.324000 971.711975
43457.750000 1600.849121 1.324000 971.812012
43458.125000 1600.849121 1.324000 971.911987
43467.750000 1600.851440 1.324000 972.007019
43468.125000 1600.851440 1.324000 972.112976
43468.375000 1600.851440 1.324000 972.213013
43469.500000 1600.851440 1.324000 972.304016
43469.875000 1600.851440 1.324000 972.411011
43470.375000 1600.851440 1.281000 972.517029
43470.375000 1600.851440 1.281000 972.598999
43470.750000 1600.851440 1.281000 972.708984
43471.375000 1600.851440 1.281000 972.814026
43472.250000 1600.851440 1.281000 972.916992
43472.375000 1600.851807 1.281000 973.008972
43472.750000 1600.851807 1.281000 973.114014
43473.125000 1600.858398 1.281000 973.215027
43473.250000 1600.858398 1.281000 973.312012
43473.250000 1600.858398 1.281000 973.411987
43473.750000 1600.898682 1.281000 973.512024
43474.125000 1600.903687 1.281000 973.612000
43474.250000 1600.903687 1.281000 973.711975
43474.375000 1600.903687 1.281000 973.801025
43474.500000 1600.916748 1.281000 973.916992
43477.000000 1600.916748 1.330000 974.010986
43477.125000 1600.916748 1.330000 974.111023
43477.125000 1600.916748 1.330000 974.211975
43477.125000 1600.916748 1.330000 974.315979
43477.250000 1601.060303 1.330000 974.416016
43477.875000 1601.060303 1.330000 974.500977
43478.125000 1601.261719 1.330000 974.612000
43478.625000 1601.261719 1.330000 974.716980
43479.000000 1601.463745 1.330000 974.822998
43479.875000 1601.666626 1.330000 974.918030
43480.750000 1601.871582 1.330000 975.015015
43494.500000 1601.871582 1.330000 975.085022
43495.625000 1602.074829 1.330000 975.213013
43495.625000 1602.305298 1.330000 975.318970
43499.250000 1602.512207 1.239000 975.424011
43499.500000 1602.725098 1.239000 975.518005
43501.000000 1602.725098 1.239000 975.603027
43501.750000 1602.927979 1.239000 975.715027
43503.000000 1602.927979 1.239000 975.812988
43503.625000 1603.128906 1.239000 975.913025
43504.500000 1603.128906 1.239000 976.007996
43506.250000 1603.258057 1.239000 976.114990
43509.875000 1603.258057 1.239000 976.208984
43512.625000 1603.283203 1.239000 976.309021
43516.125000 1603.283203 1.239000 976.414001
43518.500000 1603.283203 1.239000 976.518982
43520.375000 1603.283203 1.239000 976.619019
43522.500000 1603.283203 1.239000 976.718994
43530.625000 1603.283203 1.239000 976.823975
43534.375000 1603.283203 1.312000 976.919983
43534.500000 1603.283691 1.312000 977.020020
43535.625000 1603.283691 1.312000 977.119019
43536.000000 1603.283691 1.312000 977.218994
43536.250000 1603.292603 1.312000 977.325989
43536.250000 1603.292603 1.312000 977.414001
43536.500000 1603.292603 1.312000 977.499023
43536.625000 1603.345581 1.312000 977.604980
43537.000000 1603.345581 1.312000 977.718994
43537.125000 1603.345581 1.312000 977.820007
43537.375000 1603.501587 1.312000 977.919983
43537.500000 1603.501587 1.312000 978.020020
43537.750000 1603.705566 1.312000 978.119995
43538.000000 1603.913818 1.312000 978.218018
43538.375000 1604.113892 1.312000 978.322998
43538.875000 1604.316772 1.312000 978.429016
43542.125000 1604.526733 1.285000 978.518005
43542.750000 1604.734497 1.285000 978.617981
43543.000000 1604.936157 1.285000 978.718018
43543.875000 1605.137329 1.285000 978.822998
43543.875000 1605.338257 1.285000 978.924988
43544.250000 1605.539917 1.285000 979.023987
43544.500000 1605.741333 1.285000 979.122986
43545.250000 1605.942749 1.285000 979.218018
43545.875000 1606.145508 1.285000 979.318970
43547.375000 1606.361084 1.285000 979.426025
43548.000000 1606.361084 1.285000 979.518005
43548.500000 1606.616577 1.285000 979.617981
43548.875000 1606.817871 1.285000 979.718018
43549.000000 1607.047852 1.285000 979.827026
43549.125000 1607.249146 1.285000 979.921997
43550.000000 1607.458374 1.289000 980.026978
43550.500000 1607.719238 1.289000 980.127991
43551.000000 1607.922485 1.289000 980.218018
43551.875000 1608.128296 1.289000 980.325012
43552.000000 1608.329590 1.289000 980.419983
43552.250000 1608.329590 1.289000 980.510010
43553.125000 1608.737915 1.289000 980.622986
43554.125000 1608.737915 1.289000 980.705994
43554.125000 1609.010010 1.289000 980.820007
43554.625000 1609.215332 1.289000 980.919983
43555.250000 1609.436523 1.289000 981.020996
43555.375000 1609.637939 1.289000 981.127014
43555.375000 1609.869019 1.289000 981.219971
43555.500000 1610.070068 1.289000 981.322021
43557.625000 1610.271484 1.268000 981.419983
43558.000000 1610.524048 1.268000 981.526001
43558.125000 1610.732910 1.268000 981.619995
43558.625000 1610.934082 1.268000 981.719971
43558.625000 1611.134888 1.268000 981.815002
43558.625000 1611.336304 1.268000 981.909973
43559.125000 1611.543457 1.268000 982.028015
43559.625000 1611.750610 1.268000 982.127014
43560.500000 1611.750610 1.268000 982.215027
43560.875000 1612.006592 1.268000 982.320007
43561.375000 1612.207642 1.268000 982.421997
43561.625000 1612.418945 1.268000 982.520020
43561.625000 1612.620239 1.268000 982.619995
43561.875000 1612.830200 1.268000 982.729004
43562.250000 1613.031494 1.268000 982.828979
43562.250000 1613.232910 1.268000 982.929016
43565.500000 1613.474854 1.348000 983.020020
43566.125000 1613.682251 1.348000 983.119995
43566.750000 1613.883545 1.348000 983.219971
43566.875000 1614.084839 1.348000 983.320007
43567.500000 1614.293945 1.348000 983.419983
43567.625000 1614.495361 1.348000 983.510010
43567.750000 1614.696655 1.348000 983.619995
43568.000000 1614.897949 1.348000 983.710022
43568.000000 1615.101074 1.348000 983.814026
43568.000000 1615.310303 1.348000 983.919983
43568.125000 1615.519409 1.348000 984.020996
43568.250000 1615.720825 1.348000 984.120972
43568.250000 1615.925903 1.348000 984.221008
43568.375000 1616.127319 1.348000 984.320984
43570.125000 1616.336670 1.226000 984.421021
43570.125000 1616.536743 1.226000 984.520996
43570.125000 1616.746216 1.226000 984.630005
43570.250000 1616.947388 1.226000 984.729980
43570.250000 1617.148438 1.226000 984.830017
43570.250000 1617.349731 1.226000 984.924988
43570.250000 1617.551025 1.226000 985.030029
43570.375000 1617.752441 1.226000 985.125000
43570.875000 1617.955444 1.226000 985.231018
43572.750000 1617.955444 1.226000 985.330994
43575.250000 1618.162842 1.226000 985.431030
43584.250000 1618.354614 1.226000 985.520996
43586.625000 1618.510620 1.226000 985.620972
43587.875000 1618.510620 1.226000 985.731018
43588.500000 1618.683838 1.322000 985.830994
43588.625000 1618.683838 1.322000 985.931030
43590.625000 1618.785400 1.322000 986.031006
43591.000000 1618.785400 1.322000 986.130981
43591.125000 1618.923096 1.322000 986.231018
43591.500000 1618.923096 1.322000 986.327026
43591.875000 1619.123169 1.322000 986.427002
43592.125000 1619.123169 1.322000 986.515991
43592.250000 1619.333862 1.322000 986.620972
43592.500000 1619.571777 1.322000 986.710999
43594.750000 1619.775635 1.322000 986.810974
43595.375000 1619.964600 1.322000 986.918030
43596.750000 1620.127563 1.322000 987.028015
43604.125000 1620.127563 1.322000 987.122009
43604.125000 1620.252808 1.322000 987.216003
43605.000000 1620.352417 1.322000 987.315979
43606.125000 1620.413330 1.312000 987.421021
43610.875000 1620.441895 1.312000 987.520996
43612.250000 1620.443359 1.312000 987.622009
43613.000000 1620.443359 1.312000 987.721008
43613.125000 1620.443359 1.312000 987.818970
43613.875000 1620.443359 1.312000 987.921021
43614.000000 1620.443359 1.312000 988.010986
43614.375000 1620.443359 1.312000 988.122009
43614.500000 1620.445557 1.312000 988.216003
43614.750000 1620.447754 1.312000 988.317017
43615.625000 1620.447754 1.312000 988.421021
43617.125000 1620.447754 1.312000 988.520996
43618.000000 1620.447754 1.312000 988.620972
43618.250000 1620.447754 1.312000 988.721008
43618.625000 1620.447754 1.250000 988.820984
43619.000000 1620.447754 1.250000 988.921021
43619.500000 1620.447754 1.250000 989.031006
43619.750000 1620.447754 1.250000 989.130981
43620.000000 1620.447754 1.250000 989.231018
43620.250000 1620.447754 1.250000 989.330994
43620.250000 1620.447754 1.250000 989.431030
43620.375000 1620.447754 1.250000 989.531006
43620.375000 1620.447754 1.250000 989.630981
43620.375000 1620.459839 1.250000 989.726013
43620.625000 1620.459839 1.250000 989.828979
43620.750000 1620.459839 1.250000 989.916992
43620.750000 1620.597778 1.250000 990.020996
43620.750000 1620.597778 1.250000 990.125977
43620.875000 1620.802246 1.187000 990.216003
43620.875000 1620.802246 1.187000 990.322021
43621.000000 1621.013306 1.187000 990.421021
43621.000000 1621.218262 1.187000 990.526978
43621.125000 1621.419800 1.187000 990.620972
43621.375000 1621.659302 1.187000 990.721008
43621.375000 1621.860718 1.187000 990.820984
43621.375000 1622.063599 1.187000 990.913025
43621.375000 1622.283447 1.187000 991.021973
43621.750000 1622.486694 1.187000 991.122009
43621.875000 1622.687988 1.187000 991.226990
43622.125000 1622.888916 1.187000 991.317017
43622.375000 1623.090332 1.187000 991.422974
43622.625000 1623.293579 1.187000 991.512024
43624.375000 1623.501953 1.185000 991.622009
43624.625000 1623.709229 1.185000 991.716980
43624.625000 1623.910522 1.185000 991.827026
43624.625000 1624.111694 1.185000 991.921997
43624.625000 1624.312988 1.185000 992.026978
43624.625000 1624.514160 1.185000 992.122986
43624.750000 1624.715332 1.185000 992.221985
43624.750000 1624.916748 1.185000 992.317017
43624.875000 1624.916748 1.185000 992.411987
43624.875000 1625.325562 1.185000 992.530029
43624.875000 1625.526855 1.185000 992.630005
43624.875000 1625.734131 1.185000 992.728027
43624.875000 1625.941162 1.185000 992.830994
43624.875000 1626.142456 1.185000 992.931030
43624.875000 1626.142456 1.302000 993.021973
43624.875000 1626.554810 1.302000 993.130981
43624.875000 1626.554810 1.302000 993.221985
43624.875000 1626.788086 1.302000 993.323975
43624.875000 1627.009644 1.302000 993.421997
43624.875000 1627.214966 1.302000 993.513977
43625.000000 1627.416260 1.302000 993.624023
43625.000000 1627.621216 1.302000 993.718994
43625.000000 1627.889282 1.302000 993.823975
43625.000000 1628.090576 1.302000 993.916016
43625.000000 1628.317627 1.302000 994.023987
43625.000000 1628.519043 1.302000 994.124023
43625.125000 1628.724365 1.302000 994.223999
43625.125000 1628.925659 1.302000 994.318970
43625.125000 1629.127319 1.302000 994.424011
43625.125000 1629.328735 1.302000 994.523987
43625.125000 1629.536377 1.302000 994.619995
43625.250000 1629.741699 1.355000 994.723999
43625.250000 1629.943115 1.355000 994.814026
43625.250000 1630.144653 1.355000 994.924011
43625.250000 1630.345947 1.355000 995.018982
43625.375000 1630.547363 1.355000 995.119019
43625.375000 1630.748657 1.355000 995.219971
43625.375000 1630.949707 1.355000 995.318970
43625.375000 1631.151245 1.355000 995.421021
43625.375000 1631.352661 1.355000 995.520020
43625.375000 1631.557617 1.355000 995.630981
43625.375000 1631.765137 1.355000 995.718994
43625.375000 1631.966309 1.355000 995.818970
43625.375000 1632.167725 1.355000 995.919006
43625.375000 1632.167725 1.355000 996.012024
43626.000000 1632.581665 1.314000 996.127014
43626.000000 1632.581665 1.314000 996.226990
43626.250000 1632.786621 1.314000 996.330017
43626.250000 1632.993896 1.314000 996.429993
43626.250000 1633.223389 1.314000 996.526001
43626.375000 1633.432983 1.314000 996.622986
43626.375000 1633.653809 1.314000 996.728027
43626.375000 1633.861084 1.314000 996.822998
43626.375000 1634.066162 1.314000 996.922974
43626.750000 1634.269409 1.314000 997.028015
43627.125000 1634.470703 1.314000 997.122009
43627.375000 1634.678101 1.314000 997.221008
43627.375000 1634.887207 1.314000 997.322998
43627.750000 1635.088257 1.314000 997.421021
43628.500000 1635.309692 1.236000 997.520996
43628.625000 1635.525635 1.236000 997.619019
43628.750000 1635.726807 1.236000 997.723999
43628.875000 1635.952393 1.236000 997.823975
43628.875000 1636.159668 1.236000 997.919006
43629.000000 1636.360962 1.236000 998.018982
43629.250000 1636.562744 1.236000 998.129028
43629.250000 1636.764404 1.236000 998.229004
43629.375000 1636.969849 1.236000 998.330994
43629.500000 1637.175415 1.236000 998.419006
43629.625000 1637.378540 1.236000 998.518982
43629.750000 1637.579712 1.236000 998.614014
43630.000000 1637.780884 1.236000 998.713989
43630.000000 1637.985840 1.236000 998.830994
43630.125000 1638.195190 1.272000 998.924011
43630.125000 1638.195190 1.272000 999.018982
43630.125000 1638.406128 1.272000 999.119019
43630.125000 1638.615356 1.272000 999.218994
43630.125000 1638.816406 1.272000 999.328003
43630.125000 1639.227417 1.272000 999.432983
43630.250000 1639.227417 1.272000 999.521973
43630.250000 1639.436768 1.272000 999.625977
43630.250000 1639.642212 1.272000 999.723999
43630.250000 1639.893921 1.272000 999.823975
43630.250000 1640.094971 1.272000 999.924011
43630.250000 1640.305908 1.272000 1000.023987
43630.250000 1640.509399 1.272000 1000.104004
43630.250000 1640.712646 1.272000 1000.226013
43630.250000 1640.913940 1.253000 1000.330994
43630.250000 1641.115112 1.253000 1000.411011
43630.250000 1641.316406 1.253000 1000.531006
43630.250000 1641.519531 1.253000 1000.632019
43630.375000 1641.721069 1.253000 1000.726990
43630.375000 1641.922485 1.253000 1000.822998
43630.500000 1642.127808 1.253000 1000.929016
43630.750000 1642.329102 1.253000 1001.028992
43630.750000 1642.530396 1.253000 1001.114014
43630.750000 1642.731567 1.253000 1001.229004
43630.750000 1642.936523 1.253000 1001.325989
43630.750000 1643.143799 1.253000 1001.424011
43630.875000 1643.397339 1.253000 1001.523987
43630.875000 1643.606689 1.253000 1001.614014
43631.000000 1643.807983 1.253000 1001.723999
43631.000000 1644.025146 1.253000 1001.836975
43632.250000 1644.225220 1.326000 1001.932007
43632.375000 1644.432373 1.326000 1002.021973
43632.375000 1644.432373 1.326000 1002.112000
43632.375000 1644.834839 1.326000 1002.231995
43632.375000 1645.040039 1.326000 1002.323975
43632.375000 1645.241333 1.326000 1002.424011
43632.375000 1645.442383 1.326000 1002.523987
43638.250000 1645.442383 1.326000 1002.622009
43638.375000 1645.856689 1.326000 1002.734985
43638.500000 1646.058105 1.326000 1002.835022
43638.750000 1646.259521 1.326000 1002.929993
43638.875000 1646.460815 1.326000 1003.030029
43639.000000 1646.662109 1.326000 1003.135010
43639.000000 1646.662109 1.326000 1003.219971
43639.375000 1646.903442 1.189000 1003.335022
43639.375000 1647.124023 1.189000 1003.419006
43639.500000 1647.331665 1.189000 1003.513000
43639.500000 1647.532715 1.189000 1003.622986
43639.625000 1647.735718 1.189000 1003.723022
43639.750000 1647.945068 1.189000 1003.828003
43640.250000 1648.148071 1.189000 1003.927979
43640.250000 1648.349243 1.189000 1004.018005
43640.625000 1648.558472 1.189000 1004.117981
43640.750000 1648.761353 1.189000 1004.229004
43641.250000 1648.970459 1.189000 1004.333008
43641.375000 1649.226074 1.189000 1004.427979
43641.875000 1649.429565 1.189000 1004.520996
43642.000000 1649.429565 1.189000 1004.612976
43642.250000 1649.835815 1.189000 1004.728027
43642.250000 1650.036987 1.189000 1004.828003
43643.875000 1650.237671 1.277000 1004.927979
43643.875000 1650.437744 1.277000 1005.023010
43644.000000 1650.640991 1.277000 1005.129028
43644.000000 1650.842285 1.277000 1005.223022
43644.000000 1651.051392 1.277000 1005.323975
43644.000000 1651.252441 1.277000 1005.427979
43644.125000 1651.455566 1.277000 1005.523987
43644.125000 1651.656982 1.277000 1005.624023
43644.125000 1651.858154 1.277000 1005.723999
43644.250000 1652.065430 1.277000 1005.827026
43650.000000 1652.065430 1.277000 1005.929016
43650.750000 1652.290649 1.277000 1006.021973
43651.375000 1652.514282 1.277000 1006.127014
43651.750000 1652.514282 1.277000 1006.236023
43651.875000 1652.727905 1.277000 1006.341003
43651.875000 1652.727905 1.363000 1006.426025
43651.875000 1652.931030 1.363000 1006.526978
43651.875000 1652.931030 1.363000 1006.622009
43652.125000 1652.931030 1.363000 1006.724976
43652.125000 1653.158447 1.363000 1006.833008
43652.250000 1653.364380 1.363000 1006.924988
43652.625000 1653.364380 1.363000 1007.025024
43652.625000 1653.569580 1.363000 1007.114990
43652.875000 1653.776123 1.363000 1007.229980
43653.000000 1654.007446 1.363000 1007.325012
43653.375000 1654.244629 1.363000 1007.418030
43653.500000 1654.460205 1.363000 1007.528015
43653.625000 1654.687378 1.363000 1007.607971
43653.875000 1654.918823 1.363000 1007.728027
43654.500000 1655.121826 1.363000 1007.833984
43654.625000 1655.323120 1.363000 1007.924011
43654.625000 1655.529907 1.292000 1008.028992
43654.750000 1655.729858 1.292000 1008.125000
43654.875000 1655.930908 1.292000 1008.234985
43654.875000 1656.132080 1.292000 1008.335022
43655.000000 1656.333374 1.292000 1008.424988
43655.000000 1656.543213 1.292000 1008.523987
43655.000000 1656.752563 1.292000 1008.627991
43655.125000 1656.752563 1.292000 1008.718994
43655.250000 1657.128052 1.292000 1008.833984
43655.625000 1657.330322 1.292000 1008.934021
43656.375000 1657.330322 1.292000 1009.033997
43656.625000 1657.536011 1.292000 1009.133972
43657.000000 1657.758057 1.292000 1009.234009
43657.000000 1657.758057 1.292000 1009.333984
43657.125000 1657.963867 1.292000 1009.434021
43657.250000 1657.963867 1.298000 1009.539001
43657.625000 1658.170532 1.298000 1009.629028
43657.875000 1658.374390 1.298000 1009.739014
43658.000000 1658.580200 1.298000 1009.814026
43658.000000 1658.789795 1.298000 1009.922974
43658.000000 1659.003174 1.298000 1010.028992
43658.000000 1659.206421 1.298000 1010.130005
43659.125000 1659.415649 1.298000 1010.242004
43659.375000 1659.623291 1.298000 1010.327026
43659.375000 1659.623291 1.298000 1010.406982
43659.375000 1660.036011 1.298000 1010.526978
43659.500000 1660.237671 1.298000 1010.627014
43659.500000 1660.237671 1.298000 1010.711975
43659.625000 1660.589844 1.298000 1010.817017
43659.625000 1660.813110 1.287000 1010.927979
43659.625000 1661.013428 1.287000 1011.023010
43659.625000 1661.214478 1.287000 1011.122986
43659.625000 1661.427979 1.287000 1011.234009
43659.750000 1661.629150 1.287000 1011.323975
43659.750000 1661.629150 1.287000 1011.398987
43659.750000 1662.031250 1.287000 1011.528992
43659.750000 1662.232178 1.287000 1011.614014
43659.750000 1662.433472 1.287000 1011.713989
43659.875000 1662.637085 1.287000 1011.823975
43660.125000 1662.846802 1.287000 1011.929993
43660.250000 1663.047974 1.287000 1012.028992
43660.250000 1663.254761 1.287000 1012.137024
43660.250000 1663.460205 1.287000 1012.229004
43660.250000 1663.669434 1.287000 1012.328979
43660.375000 1663.669434 1.374000 1012.419006
43660.500000 1664.073242 1.374000 1012.528992
43660.500000 1664.274536 1.374000 1012.629028
43660.750000 1664.475708 1.374000 1012.729004
43660.750000 1664.475708 1.374000 1012.827026
43661.125000 1664.884277 1.374000 1012.932007
43661.125000 1664.884277 1.374000 1013.026978
43661.375000 1665.129272 1.374000 1013.129028
43661.375000 1665.330566 1.374000 1013.237000
43661.375000 1665.578125 1.374000 1013.336975
43661.500000 1665.779541 1.374000 1013.432007
43661.625000 1665.990723 1.374000 1013.536987
43661.750000 1666.232178 1.374000 1013.632996
43661.750000 1666.447266 1.374000 1013.729004
43661.875000 1666.648193 1.374000 1013.838989
43662.750000 1666.849365 1.325000 1013.929016
43662.875000 1667.055298 1.325000 1014.028015
43662.875000 1667.257080 1.325000 1014.130005
43663.125000 1667.458130 1.325000 1014.232971
43663.125000 1667.659302 1.325000 1014.330994
43663.125000 1667.864746 1.325000 1014.434998
43663.125000 1668.072388 1.325000 1014.528015
43663.125000 1668.273682 1.325000 1014.627991
43663.375000 1668.481079 1.325000 1014.736023
43663.375000 1668.682495 1.325000 1014.835999
43663.500000 1668.883545 1.325000 1014.927979
43663.500000 1669.090820 1.325000 1015.028015
43663.875000 1669.296509 1.325000 1015.135986
43664.625000 1669.498047 1.325000 1015.236023
43665.125000 1669.703735 1.325000 1015.338013
43665.375000 1669.904419 1.245000 1015.442993
43665.375000 1670.105713 1.245000 1015.538025
43666.125000 1670.307129 1.245000 1015.643005
43666.125000 1670.508179 1.245000 1015.737976
43666.125000 1670.709595 1.245000 1015.838013
43666.250000 1670.910889 1.245000 1015.937988
43666.625000 1671.112671 1.245000 1016.028015
43666.875000 1671.315918 1.245000 1016.129028
43667.125000 1671.520874 1.245000 1016.231018
43667.125000 1671.520874 1.245000 1016.328003
43667.500000 1671.728516 1.245000 1016.427979
43668.000000 1671.937744 1.245000 1016.528992
43668.500000 1672.139038 1.245000 1016.625000
43668.875000 1672.348389 1.245000 1016.728027
43669.500000 1672.627686 1.245000 1016.835999
43669.625000 1672.828491 1.314000 1016.940979
43670.125000 1673.033691 1.314000 1017.028015
43670.500000 1673.235229 1.314000 1017.129028
43671.250000 1673.466553 1.314000 1017.223999
43671.500000 1673.677979 1.314000 1017.323975
43672.000000 1673.887085 1.314000 1017.427979
43672.875000 1674.100342 1.314000 1017.533020
43674.125000 1674.301514 1.314000 1017.627991
43674.875000 1674.502808 1.314000 1017.728027
43675.250000 1674.704224 1.314000 1017.822998
43675.875000 1674.913818 1.314000 1017.937012
43676.750000 1675.114868 1.314000 1018.036987
43677.125000 1675.318115 1.314000 1018.132996
43677.750000 1675.519409 1.314000 1018.229004
43679.750000 1675.722534 1.298000 1018.328003
43680.000000 1675.929077 1.298000 1018.427979
43680.000000 1676.130371 1.298000 1018.523010
43680.125000 1676.130371 1.298000 1018.617981
43680.500000 1676.533081 1.298000 1018.728027
43681.000000 1676.734131 1.298000 1018.822998
43681.250000 1676.935059 1.298000 1018.927979
43681.750000 1677.137817 1.298000 1019.033997
43682.000000 1677.137817 1.298000 1019.122986
43682.375000 1677.548096 1.298000 1019.228027
43685.375000 1677.749146 1.298000 1019.333008
43690.500000 1677.749146 1.298000 1019.432983
43690.875000 1677.984985 1.298000 1019.530029
43696.500000 1678.187988 1.298000 1019.642029
43697.000000 1678.187988 1.298000 1019.728027
43702.250000 1678.518433 1.352000 1019.836975
43703.250000 1678.724854 1.352000 1019.927979
43704.125000 1678.930420 1.352000 1020.028015
43705.375000 1679.139771 1.352000 1020.132019
43706.750000 1679.340820 1.352000 1020.237000
43707.625000 1679.543945 1.352000 1020.333008
43708.875000 1679.751587 1.352000 1020.435974
43709.125000 1679.751587 1.352000 1020.518982
43709.125000 1679.956909 1.352000 1020.627991
43709.375000 1680.158325 1.352000 1020.728027
43710.250000 1680.402222 1.352000 1020.828979
43710.625000 1680.605591 1.352000 1020.934021
43711.375000 1680.814941 1.352000 1021.028992
43711.750000 1681.018311 1.352000 1021.109009
43712.125000 1681.219360 1.352000 1021.218994
43715.375000 1681.427734 1.302000 1021.323975
43716.750000 1681.630737 1.302000 1021.429016
43717.750000 1681.899292 1.302000 1021.533997
43719.250000 1682.100220 1.302000 1021.629028
43719.375000 1682.301636 1.302000 1021.723999
43719.750000 1682.504883 1.302000 1021.835022
43721.000000 1682.706055 1.302000 1021.934998
43721.625000 1682.907593 1.302000 1022.028992
43722.125000 1683.108521 1.302000 1022.114990
43722.125000 1683.309448 1.302000 1022.231995
43723.125000 1683.510620 1.302000 1022.330017
43723.500000 1683.711792 1.302000 1022.429993
43724.000000 1683.913086 1.302000 1022.530029
43724.750000 1684.120605 1.302000 1022.630005
43725.375000 1684.325684 1.302000 1022.732971
43726.000000 1684.539062 1.302000 1022.835999
43727.875000 1684.745361 1.418000 1022.935974
43728.750000 1684.745361 1.418000 1023.020020
43729.125000 1684.947144 1.418000 1023.130005
43729.250000 1685.353638 1.418000 1023.237000
43729.500000 1685.353638 1.418000 1023.330017
43729.750000 1685.560791 1.418000 1023.429993
43730.000000 1685.822266 1.418000 1023.531982
43730.250000 1686.023682 1.418000 1023.630005
43730.375000 1686.224976 1.418000 1023.729980
43731.125000 1686.486938 1.418000 1023.820007
43731.625000 1686.708252 1.418000 1023.929993
43732.250000 1686.909546 1.418000 1024.030029
43732.500000 1687.114502 1.418000 1024.131958
43733.000000 1687.329346 1.418000 1024.239014
43733.250000 1687.536743 1.418000 1024.332031
43733.875000 1687.737915 1.495000 1024.427002
43734.000000 1687.943115 1.495000 1024.531982
43735.000000 1688.150269 1.495000 1024.631958
43735.125000 1688.353516 1.495000 1024.728027
43735.625000 1688.562622 1.495000 1024.832031
43736.375000 1688.769775 1.495000 1024.939941
43736.625000 1688.769775 1.495000 1025.035034
43737.000000 1688.974609 1.495000 1025.133057
43738.375000 1689.179565 1.495000 1025.222046
43738.500000 1689.384277 1.495000 1025.332031
43738.625000 1689.384277 1.495000 1025.432007
43738.750000 1689.629883 1.495000 1025.536011
43739.500000 1689.833252 1.495000 1025.633057
43740.000000 1690.036377 1.495000 1025.727051
43740.750000 1690.289673 1.495000 1025.838989
43741.000000 1690.490479 1.281000 1025.918945
43742.000000 1690.700317 1.281000 1026.036987
43742.250000 1690.700317 1.281000 1026.109009
43742.750000 1690.908081 1.281000 1026.223022
43743.125000 1691.182251 1.281000 1026.333008
43743.500000 1691.383545 1.281000 1026.432983
43744.000000 1691.604248 1.281000 1026.532959
43744.500000 1691.805298 1.281000 1026.628052
43745.375000 1692.010376 1.281000 1026.734985
43745.625000 1692.217651 1.281000 1026.833008
43746.500000 1692.459473 1.281000 1026.917969
43746.500000 1692.660767 1.281000 1027.032959
43747.125000 1692.872437 1.281000 1027.123047
43747.500000 1693.083618 1.281000 1027.234009
43747.875000 1693.284302 1.281000 1027.322998
43748.125000 1693.485474 1.330000 1027.427979
43748.625000 1693.713013 1.330000 1027.541016
43750.000000 1693.917236 1.330000 1027.630981
43750.125000 1694.117432 1.330000 1027.733032
43750.500000 1694.318481 1.330000 1027.833008
43751.000000 1694.519653 1.330000 1027.932983
43751.875000 1694.519653 1.330000 1028.027954
43752.500000 1694.720459 1.330000 1028.128052
43753.375000 1695.125366 1.330000 1028.234009
43753.750000 1695.326660 1.330000 1028.333984
43754.500000 1695.326660 1.330000 1028.422974
43755.250000 1695.526733 1.330000 1028.532959
43755.750000 1695.734131 1.330000 1028.628052
43756.125000 1695.937378 1.330000 1028.734985
43758.000000 1696.257812 1.330000 1028.817993
43760.500000 1696.464355 1.335000 1028.930054
43761.250000 1696.665649 1.335000 1029.027954
43762.875000 1696.665649 1.335000 1029.128052
43764.125000 1696.870117 1.335000 1029.234009
43764.625000 1696.870117 1.335000 1029.333008
43765.125000 1697.075684 1.335000 1029.432983
43766.625000 1697.075684 1.335000 1029.532959
43767.000000 1697.270508 1.335000 1029.628052
43767.375000 1697.270508 1.335000 1029.723022
43770.625000 1697.482666 1.335000 1029.843018
43771.625000 1697.482666 1.335000 1029.937988
43772.125000 1697.686646 1.335000 1030.042969
43773.125000 1697.894287 1.335000 1030.142944
43774.250000 1698.096680 1.335000 1030.243042
43775.250000 1698.305664 1.355000 1030.333008
43776.625000 1698.506104 1.355000 1030.442993
43778.625000 1698.707153 1.355000 1030.547974
43779.375000 1698.912720 1.355000 1030.645020
43780.250000 1699.119995 1.355000 1030.728027
43781.625000 1699.321167 1.355000 1030.833008
43783.125000 1699.522583 1.355000 1030.932983
43784.250000 1699.723877 1.355000 1031.032959
43785.625000 1699.925171 1.355000 1031.133057
43786.375000 1700.126343 1.355000 1031.233032
43787.625000 1700.327881 1.355000 1031.336060
43788.625000 1700.529175 1.355000 1031.432983
43789.625000 1700.730469 1.355000 1031.532959
43790.125000 1700.931763 1.355000 1031.637939
43791.125000 1701.141357 1.355000 1031.741943
43792.125000 1701.342407 1.340000 1031.837036
43795.625000 1701.543091 1.340000 1031.942017
43796.125000 1701.744385 1.340000 1032.041992
43796.625000 1701.951660 1.340000 1032.135010
43797.625000 1702.157104 1.340000 1032.241943
43798.500000 1702.358887 1.340000 1032.337036
43799.125000 1702.358887 1.340000 1032.431030
43799.875000 1702.567871 1.340000 1032.536987
43800.500000 1702.781250 1.340000 1032.641968
43801.875000 1702.982422 1.340000 1032.741943
43805.125000 1703.183594 1.340000 1032.843018
43810.250000 1703.386841 1.340000 1032.944946
43815.375000 1703.591919 1.340000 1033.036987
43818.625000 1703.807007 1.340000 1033.133057
43821.500000 1704.038086 1.340000 1033.232056
43826.625000 1704.243286 1.340000 1033.337036
43846.375000 1704.468628 1.334000 1033.437012
43850.375000 1704.681274 1.334000 1033.521973
43855.500000 1704.901489 1.334000 1033.631958
43859.250000 1705.102783 1.334000 1033.727051
43865.000000 1705.304199 1.334000 1033.832031
43869.625000 1705.515625 1.334000 1033.937012
43873.375000 1705.718506 1.334000 1034.027954
43876.375000 1705.921875 1.334000 1034.139038
43880.125000 1706.133301 1.334000 1034.237061
43884.375000 1706.340576 1.334000 1034.337036
43888.000000 1706.541748 1.334000 1034.432007
43890.750000 1706.742920 1.334000 1034.532959
43893.000000 1706.742920 1.334000 1034.621948
43897.000000 1707.145752 1.334000 1034.737061
43899.750000 1707.346924 1.334000 1034.837036
43907.125000 1707.547363 1.343000 1034.932007
43909.750000 1707.755981 1.343000 1035.041016
43913.625000 1707.959229 1.343000 1035.137939
43915.625000 1708.169067 1.343000 1035.244019
43916.375000 1708.373779 1.343000 1035.340942
43917.750000 1708.575073 1.343000 1035.446045
43919.000000 1708.776489 1.343000 1035.546021
43920.250000 1708.977783 1.343000 1035.640991
43921.625000 1708.977783 1.343000 1035.732056
43923.125000 1709.311890 1.343000 1035.832031
43924.875000 1709.523315 1.343000 1035.939941
43926.625000 1709.724609 1.343000 1036.032959
43927.500000 1709.934082 1.343000 1036.142944
43930.750000 1710.147339 1.343000 1036.234009
43932.625000 1710.361084 1.343000 1036.348022
43940.000000 1710.567505 1.281000 1036.442993
43943.625000 1710.769409 1.281000 1036.547974
43945.625000 1710.974365 1.281000 1036.640015
43946.750000 1710.974365 1.281000 1036.733032
43952.375000 1711.242676 1.281000 1036.858032
43955.375000 1711.467773 1.281000 1036.939941
43958.875000 1711.725464 1.281000 1037.032959
43962.125000 1711.941162 1.281000 1037.140015
43965.625000 1712.148804 1.281000 1037.234009
43969.125000 1712.352051 1.281000 1037.348022
43972.750000 1712.561157 1.281000 1037.437988
43975.000000 1712.762451 1.281000 1037.542969
43978.000000 1712.963745 1.281000 1037.642944
43981.375000 1713.165039 1.281000 1037.743042
43984.375000 1713.370239 1.281000 1037.829956
44009.000000 1713.571167 1.348000 1037.939941
44012.625000 1713.571167 1.348000 1038.032959
44016.375000 1713.806396 1.348000 1038.133057
44020.250000 1714.019775 1.348000 1038.233032
44024.250000 1714.229004 1.348000 1038.338989
44029.500000 1714.486694 1.348000 1038.442993
44033.750000 1714.702393 1.348000 1038.542969
44038.750000 1714.933960 1.348000 1038.637939
44044.875000 1715.161133 1.348000 1038.750977
44051.000000 1715.161133 1.348000 1038.828003
44055.250000 1715.569946 1.348000 1038.933960
44061.000000 1715.771362 1.348000 1039.037964
44071.375000 1715.972534 1.348000 1039.147949
44078.000000 1716.186035 1.348000 1039.248047
44085.375000 1716.389648 1.246000 1039.343994
44091.250000 1716.590210 1.246000 1039.441040
44097.875000 1716.590210 1.246000 1039.529053
44106.000000 1716.797974 1.246000 1039.634033
44113.625000 1717.200928 1.246000 1039.744019
44123.000000 1717.402588 1.246000 1039.843994
44132.500000 1717.609497 1.246000 1039.947021
44143.125000 1717.609497 1.246000 1040.038940
44152.125000 1717.814941 1.246000 1040.139038
44163.625000 1718.016235 1.246000 1040.240967
44174.250000 1718.342041 1.246000 1040.343018
44184.500000 1718.563721 1.246000 1040.441040
44195.625000 1718.766968 1.246000 1040.541016
44206.375000 1718.976440 1.246000 1040.640991
44217.625000 1719.177856 1.246000 1040.740967
44254.250000 1719.383179 1.267000 1040.853027
44265.500000 1719.592651 1.267000 1040.947998
44277.500000 1719.803711 1.267000 1041.042969
44289.875000 1720.004883 1.267000 1041.144043
44301.500000 1720.208008 1.267000 1041.249023
44313.000000 1720.417114 1.267000 1041.343018
44324.000000 1720.417114 1.267000 1041.437988
44332.750000 1720.620605 1.267000 1041.542969
44340.875000 1721.030762 1.267000 1041.647949
44349.750000 1721.030762 1.267000 1041.733032
44358.500000 1721.282104 1.267000 1041.843018
44368.125000 1721.483643 1.267000 1041.937988
44377.125000 1721.715088 1.267000 1042.042969
44383.625000 1721.917969 1.267000 1042.142944
44390.875000 1722.126953 1.267000 1042.244019
44399.000000 1722.329834 1.267000 1042.348999
44406.375000 1722.530151 1.343000 1042.438965
44414.875000 1722.773804 1.343000 1042.542969
44421.625000 1722.990967 1.343000 1042.651001
44429.125000 1723.192017 1.343000 1042.750977
44435.750000 1723.399048 1.343000 1042.848022
44444.125000 1723.399048 1.343000 1042.932983
44450.750000 1723.612671 1.343000 1043.025024
44459.000000 1724.021118 1.343000 1043.142944
44465.125000 1724.222046 1.343000 1043.243042
44470.875000 1724.222046 1.343000 1043.333984
44475.125000 1724.626221 1.343000 1043.443970
44481.375000 1724.827759 1.343000 1043.548950
44487.000000 1724.827759 1.343000 1043.637939
44491.375000 1725.028931 1.343000 1043.743042
44497.125000 1725.378662 1.343000 1043.838013
44503.500000 1725.591675 1.343000 1043.948975
44508.125000 1725.798706 1.318000 1044.046997
44512.875000 1726.000366 1.318000 1044.152954
44517.375000 1726.201538 1.318000 1044.237061
44521.750000 1726.403076 1.318000 1044.347046
44527.000000 1726.604492 1.318000 1044.437012
44530.750000 1726.805908 1.318000 1044.546997
44537.000000 1727.007324 1.318000 1044.636963
44541.500000 1727.212280 1.318000 1044.739014
44546.625000 1727.419434 1.318000 1044.843018
44552.500000 1727.620483 1.318000 1044.942017
44554.875000 1727.821655 1.318000 1045.041992
44557.875000 1728.024902 1.318000 1045.141968
44561.500000 1728.228271 1.318000 1045.241943
44565.500000 1728.429199 1.318000 1045.347046
44569.375000 1728.636475 1.318000 1045.447021
44575.625000 1728.636475 1.290000 1045.521973
44578.750000 1729.038940 1.290000 1045.641968
44583.250000 1729.240112 1.290000 1045.741943
44586.750000 1729.443359 1.290000 1045.842041
44592.875000 1729.443359 1.290000 1045.927002
44598.000000 1729.654541 1.290000 1046.041992
44600.625000 1729.869751 1.290000 1046.133057
44604.000000 1730.083618 1.290000 1046.244995
44605.750000 1730.423828 1.290000 1046.344971
44610.500000 1730.625000 1.290000 1046.444946
44614.750000 1730.826050 1.290000 1046.546997
44618.750000 1731.027222 1.290000 1046.635010
44621.750000 1731.230591 1.290000 1046.750977
44625.750000 1731.437622 1.290000 1046.847046
44629.000000 1731.640869 1.290000 1046.944946
44685.250000 1731.852295 1.317000 1047.055054
44690.125000 1732.062988 1.317000 1047.145020
44693.875000 1732.272461 1.317000 1047.244995
44696.125000 1732.272461 1.317000 1047.339966
44699.125000 1732.674683 1.317000 1047.444946
44701.375000 1732.875977 1.317000 1047.545044
44726.500000 1733.083496 1.317000 1047.652954
44728.875000 1733.292358 1.317000 1047.751953
44731.125000 1733.495605 1.317000 1047.858032
44734.000000 1733.495605 1.317000 1047.943970
44736.875000 1733.728760 1.317000 1048.043945
44740.250000 1733.962402 1.317000 1048.145020
44743.875000 1734.163940 1.317000 1048.234985
44746.750000 1734.367310 1.317000 1048.344971
44750.375000 1734.576660 1.317000 1048.444946
44753.750000 1734.836426 1.317000 1048.545044
44756.500000 1735.041260 1.293000 1048.635010
44759.500000 1735.249146 1.293000 1048.739014
44763.750000 1735.456421 1.293000 1048.848999
44767.000000 1735.661499 1.293000 1048.944946
44769.375000 1735.862671 1.293000 1049.043945
44773.500000 1736.073853 1.293000 1049.149048
44777.500000 1736.275024 1.293000 1049.244019
44781.125000 1736.484375 1.293000 1049.343994
44784.750000 1736.484375 1.293000 1049.418945
44788.375000 1736.892700 1.293000 1049.541016
44793.625000 1736.892700 1.293000 1049.629028
44797.875000 1737.303589 1.293000 1049.744995
44802.125000 1737.303589 1.293000 1049.843994
44806.375000 1737.512939 1.293000 1049.944946
44810.750000 1737.754517 1.293000 1050.045044
44816.500000 1737.958130 1.287000 1050.149048
44822.375000 1738.177734 1.287000 1050.244995
44827.000000 1738.459351 1.287000 1050.343994
44831.625000 1738.674194 1.287000 1050.441040
44837.250000 1738.881226 1.287000 1050.543945
44841.500000 1739.082153 1.287000 1050.649048
44846.250000 1739.082153 1.287000 1050.744019
44852.125000 1739.374023 1.287000 1050.847046
44856.750000 1739.374023 1.287000 1050.948975
44880.625000 1739.593506 1.287000 1051.048950
44882.875000 1739.670776 1.287000 1051.150024
44895.625000 1739.670776 1.287000 1051.255005
44902.750000 1739.723633 1.287000 1051.334961
44904.125000 1739.725586 1.287000 1051.442993
44912.125000 1739.725586 0.000000 1051.552002
44917.125000 1739.725586 0.000000 1051.636963
44963.000000 1739.725586 0.000000 1051.753052
44973.750000 1739.725586 0.000000 1051.847046
44976.125000 1739.725586 0.000000 1051.921997
44979.125000 1739.725586 0.000000 1052.041992
44980.500000 1739.725586 0.000000 1052.141968
44981.500000 1739.725830 0.000000 1052.241943
44983.125000 1739.725830 0.000000 1052.347046
44985.000000 1739.734009 0.000000 1052.437012
44986.125000 1739.734009 0.000000 1052.546997
44986.750000 1739.734009 0.000000 1052.646973
44987.125000 1739.744995 0.000000 1052.744995
44987.750000 1739.744995 0.000000 1052.837036
44989.500000 1739.744995 0.000000 1052.953979
44990.125000 1739.865112 0.000000 1053.041992
44991.625000 1739.865112 0.000000 1053.146973
44993.500000 1740.065796 0.000000 1053.241943
44994.500000 1740.065796 0.000000 1053.332031
44996.125000 1740.271973 0.000000 1053.447021
44997.750000 1740.477539 0.000000 1053.541992
44999.750000 1740.694458 0.000000 1053.646973
45001.875000 1740.919922 0.000000 1053.754028
45004.750000 1741.127197 0.000000 1053.842041
45006.875000 1741.328491 0.000000 1053.947021
45009.375000 1741.529663 0.000000 1054.047974
45023.875000 1741.738281 0.000000 1054.161011
45027.250000 1741.946533 0.000000 1054.255981
45028.750000 1742.149780 0.000000 1054.352051
45031.125000 1742.351074 0.000000 1054.452026
45034.000000 1742.552368 0.000000 1054.546997
45037.500000 1742.753784 0.000000 1054.646973
45041.250000 1742.954956 0.000000 1054.746948
45043.500000 1743.156006 0.000000 1054.847046
45047.500000 1743.359497 0.000000 1054.947998
45050.500000 1743.569214 0.000000 1055.052002
45052.875000 1743.569214 0.000000 1055.137939
45056.000000 1743.772583 0.000000 1055.246948
45059.375000 1743.995972 0.000000 1055.343994
45067.750000 1744.212891 0.000000 1055.456055
45071.250000 1744.427002 0.000000 1055.551025
45075.875000 1744.628052 0.000000 1055.640991
45078.375000 1744.835449 0.000000 1055.750000
45082.125000 1745.116943 0.000000 1055.848999
45084.875000 1745.318359 0.000000 1055.944946
45088.125000 1745.545410 0.000000 1056.057007
45091.250000 1745.750854 0.000000 1056.149048
45095.000000 1745.952026 0.000000 1056.250000
45098.875000 1746.153442 0.000000 1056.343994
45101.250000 1746.153442 0.000000 1056.428955
45104.625000 1746.555664 0.000000 1056.548950
45107.250000 1746.765381 0.000000 1056.647949
45109.500000 1746.966675 0.000000 1056.748047
45116.250000 1747.176147 0.000000 1056.858032
45119.250000 1747.384277 0.000000 1056.958008
45121.125000 1747.585449 0.000000 1057.057983
45123.375000 1747.786865 0.000000 1057.152954
45126.375000 1747.786865 0.000000 1057.248047
45128.500000 1748.062622 0.000000 1057.355957
45131.500000 1748.271973 0.000000 1057.443970
45133.875000 1748.472900 0.000000 1057.543945
45136.375000 1748.731934 0.000000 1057.657959
45139.000000 1748.938965 0.000000 1057.740967
45141.750000 1749.145996 0.000000 1057.838013
45143.875000 1749.355225 0.000000 1057.948975
45146.625000 1749.556519 0.000000 1058.042969
45150.500000 1749.757935 0.000000 1058.147949
45156.250000 1749.961914 0.000000 1058.249023
45160.000000 1750.168457 0.000000 1058.348022
45162.125000 1750.369873 0.000000 1058.447998
45165.875000 1750.573242 0.000000 1058.548950
45168.250000 1750.573242 0.000000 1058.647949
45169.875000 1750.782593 0.000000 1058.748047
45170.875000 1751.042114 0.000000 1058.853027
45172.000000 1751.251221 0.000000 1058.953003
45173.000000 1751.456299 0.000000 1059.047974
45175.250000 1751.661255 0.000000 1059.150024
45177.250000 1751.862549 0.000000 1059.250000
45179.875000 1752.063843 0.000000 1059.344971
45194.000000 1752.264771 0.000000 1059.453003
45195.750000 1752.472412 0.000000 1059.543945
45199.375000 1752.673706 0.000000 1059.651001
45202.875000 1752.884644 0.000000 1059.749023
45206.000000 1753.126099 0.000000 1059.848022
45208.375000 1753.327271 0.000000 1059.927979
45212.125000 1753.548828 0.000000 1060.047974
45216.500000 1753.764648 0.000000 1060.155029
45220.500000 1753.965454 0.000000 1060.255005
45223.125000 1754.172607 0.000000 1060.348022
45226.250000 1754.373413 0.000000 1060.447998
45228.750000 1754.574707 0.000000 1060.553955
45233.750000 1754.777588 0.000000 1060.642944
45237.125000 1754.983154 0.000000 1060.748047
45253.250000 1755.183838 0.000000 1060.850952
45256.500000 1755.387939 0.000000 1060.957031
45258.875000 1755.589111 0.000000 1061.046021
45262.875000 1755.793945 0.000000 1061.155029
45266.875000 1755.995239 0.000000 1061.255005
45270.375000 1756.200439 0.000000 1061.347046
45273.375000 1756.401611 0.000000 1061.457031
45276.125000 1756.602783 0.000000 1061.557007
45280.625000 1756.602783 0.000000 1061.641968
45283.750000 1757.005493 0.000000 1061.756958
45287.500000 1757.005493 0.000000 1061.843018
45289.875000 1757.213257 0.000000 1061.947998
45293.625000 1757.420166 0.000000 1062.047974
45298.250000 1757.621460 0.000000 1062.140015
45299.750000 1757.826416 0.000000 1062.248047
45300.750000 1758.072144 0.000000 1062.348022
45303.375000 1758.295532 0.000000 1062.458008
45304.875000 1758.516357 0.000000 1062.557983
45307.250000 1758.722046 0.000000 1062.650024
45309.250000 1758.931641 0.000000 1062.754028
45311.625000 1759.183472 0.000000 1062.848999
45314.625000 1759.394775 0.000000 1062.947998
45316.250000 1759.604004 0.000000 1063.037964
45318.500000 1759.805542 0.000000 1063.147949
45320.750000 1760.010498 0.000000 1063.255005
45323.750000 1760.211548 0.000000 1063.349976
45326.625000 1760.419922 0.000000 1063.454956
45329.000000 1760.419922 0.000000 1063.542969
45330.875000 1760.828247 0.000000 1063.647949
45332.625000 1761.029663 0.000000 1063.748047
45335.500000 1761.230835 0.000000 1063.848022
45338.250000 1761.230835 0.000000 1063.942993
45339.750000 1761.633667 0.000000 1064.052979
45341.875000 1761.834961 0.000000 1064.147949
45342.750000 1761.834961 0.000000 1064.233032
45344.000000 1762.205566 0.000000 1064.352051
45346.125000 1762.406738 0.000000 1064.457031
45346.750000 1762.627808 0.000000 1064.562012
45348.000000 1762.828979 0.000000 1064.656982
45348.625000 1763.030151 0.000000 1064.756958
45349.125000 1763.231689 0.000000 1064.862061
45349.750000 1763.433105 0.000000 1064.957031
45350.125000 1763.638672 0.000000 1065.048950
45350.250000 1763.839966 0.000000 1065.150024
45350.625000 1764.048828 0.000000 1065.258057
45351.000000 1764.256226 0.000000 1065.350952
45351.250000 1764.461792 0.000000 1065.458008
45351.750000 1764.461792 0.000000 1065.546021
45352.250000 1764.669312 0.000000 1065.651001
45352.250000 1764.910767 0.000000 1065.745972
45352.500000 1765.136230 0.000000 1065.848022
45352.500000 1765.367065 0.000000 1065.946045
45352.750000 1765.610229 0.000000 1066.053955
45352.875000 1765.811035 0.000000 1066.139038
45353.125000 1766.012573 0.000000 1066.239014
45353.125000 1766.213379 0.000000 1066.343994
45353.250000 1766.424438 0.000000 1066.448975
45353.500000 1766.629883 0.000000 1066.550049
45355.125000 1766.830200 0.000000 1066.649048
45356.875000 1767.025024 0.000000 1066.759033
45357.000000 1767.025024 0.000000 1066.848999
45357.125000 1767.188110 0.000000 1066.958008
45358.125000 1767.336670 0.000000 1067.050049
45358.125000 1767.425537 0.000000 1067.150024
45358.125000 1767.425537 0.000000 1067.250977
45358.125000 1767.501221 0.000000 1067.344971
45358.375000 1767.503784 0.000000 1067.444946
45358.625000 1767.503784 0.000000 1067.545044
45363.000000 1767.503784 0.000000 1067.651001
45365.875000 1767.503784 0.000000 1067.750977
45367.750000 1767.503784 0.000000 1067.850952
45372.000000 1767.503784 0.000000 1067.949951
45378.375000 1767.503784 0.000000 1068.050049
45383.125000 1767.503784 0.000000 1068.130005
45383.125000 1767.504150 0.000000 1068.250977
45383.125000 1767.504150 0.000000 1068.349976
45383.125000 1767.504150 0.000000 1068.449951
45386.125000 1767.509033 0.000000 1068.551025
45386.250000 1767.509033 0.000000 1068.640015
45386.375000 1767.509033 0.000000 1068.750000
45386.500000 1767.621338 0.000000 1068.844971
45386.500000 1767.621338 0.000000 1068.944946
45386.500000 1767.827271 0.000000 1069.045044
45387.125000 1767.827271 0.000000 1069.150024
45387.250000 1768.061646 0.000000 1069.245972
45387.375000 1768.269043 0.000000 1069.350952
45387.500000 1768.469849 0.000000 1069.451050
45387.750000 1768.673096 0.000000 1069.552002
45388.000000 1768.876221 0.000000 1069.652954
45388.125000 1769.095581 0.000000 1069.737061
45388.500000 1769.331055 0.000000 1069.854004
45388.625000 1769.546509 0.000000 1069.947021
45389.000000 1769.755981 0.000000 1070.050049
45389.000000 1769.957153 0.000000 1070.150024
45389.125000 1770.160278 0.000000 1070.245972
45389.250000 1770.371582 0.000000 1070.350952
45389.375000 1770.578735 0.000000 1070.458984
45389.500000 1770.779907 0.000000 1070.558960
45389.750000 1770.980957 0.000000 1070.659058
45389.750000 1771.184204 0.000000 1070.756958
45389.750000 1771.385742 0.000000 1070.864990
45411.500000 1771.586792 0.000000 1070.959961
45414.500000 1771.586792 0.000000 1071.062988
45415.000000 1771.796021 0.000000 1071.155029
45415.125000 1772.031372 0.000000 1071.258057
45415.875000 1772.329346 0.000000 1071.358032
45416.250000 1772.542969 0.000000 1071.458984
45416.625000 1772.754395 0.000000 1071.552979
45417.000000 1772.963989 0.000000 1071.657959
45417.500000 1773.169434 0.000000 1071.765015
45418.125000 1773.370728 0.000000 1071.849976
45419.375000 1773.577759 0.000000 1071.953003
45421.125000 1773.779053 0.000000 1072.052979
45425.000000 1773.980347 0.000000 1072.157959
45428.000000 1773.980347 0.000000 1072.244019
45430.000000 1774.317871 0.000000 1072.348022
45433.250000 1774.539429 0.000000 1072.458008
45436.500000 1774.742920 0.000000 1072.558960
45440.500000 1774.958008 0.000000 1072.666016
45443.875000 1775.169067 0.000000 1072.750977
45447.750000 1775.378296 0.000000 1072.859985
45451.500000 1775.378296 0.000000 1072.956055
45454.750000 1775.584106 0.000000 1073.055054
45461.125000 1775.770996 0.000000 1073.155029
45467.125000 1775.923462 0.000000 1073.260010
45471.125000 1776.050537 0.000000 1073.339966
45477.875000 1776.133667 0.000000 1073.454956
45480.375000 1776.182983 0.000000 1073.552979
45481.875000 1776.182983 0.000000 1073.652954
45484.625000 1776.202393 0.000000 1073.767944
45486.250000 1776.202515 0.000000 1073.868042
45498.625000 1776.202515 0.000000 1073.951050
45500.375000 1776.202515 0.000000 1074.061035
45502.000000 1776.202515 0.000000 1074.151001
45503.000000 1776.202515 0.000000 1074.255981
45506.625000 1776.202515 0.000000 1074.360962
45514.750000 1776.202515 0.000000 1074.457031
45514.875000 1776.202515 0.000000 1074.569946
45516.375000 1776.202515 0.000000 1074.645996
45516.875000 1776.202515 0.000000 1074.760986
45518.125000 1776.203491 0.000000 1074.864014
45518.250000 1776.203491 0.000000 1074.958984
45518.625000 1776.203491 0.000000 1075.063965
45518.625000 1776.203491 0.000000 1075.151001
45519.375000 1776.334961 0.000000 1075.255981
45520.250000 1776.334961 0.000000 1075.365967
45521.250000 1776.556274 0.000000 1075.456055
45521.875000 1776.759644 0.000000 1075.561035
45522.500000 1776.961182 0.000000 1075.656006
45523.500000 1777.163940 0.000000 1075.755981
45524.375000 1777.373169 0.000000 1075.860962
45524.875000 1777.574219 0.000000 1075.967041
45525.500000 1777.777466 0.000000 1076.057007
45529.750000 1777.986572 0.000000 1076.161987
45530.750000 1778.190674 0.000000 1076.270020
45531.000000 1778.400024 0.000000 1076.369019
45531.375000 1778.607178 0.000000 1076.467041
45531.500000 1778.607178 0.000000 1076.552979
45531.625000 1779.014038 0.000000 1076.668945
45531.875000 1779.014038 0.000000 1076.764038
45532.000000 1779.324097 0.000000 1076.863037
45532.125000 1779.545410 0.000000 1076.963013
45532.625000 1779.764771 0.000000 1077.072021
45533.250000 1779.972290 0.000000 1077.170044
45533.500000 1780.173706 0.000000 1077.270020
45533.500000 1780.374878 0.000000 1077.369995
45533.500000 1780.581909 0.000000 1077.463013
45533.625000 1780.581909 0.000000 1077.543945
45533.750000 1780.983398 0.000000 1077.663940
45534.000000 1781.184937 0.000000 1077.762939
45534.125000 1781.386230 0.000000 1077.863037
45534.750000 1781.593750 0.000000 1077.951050
45534.875000 1781.806885 0.000000 1078.062012
45534.875000 1782.016113 0.000000 1078.161011
45535.000000 1782.217529 0.000000 1078.265991
45535.000000 1782.420410 0.000000 1078.366943
45535.000000 1782.629517 0.000000 1078.470947
45535.000000 1782.839111 0.000000 1078.574951
45535.125000 1783.040405 0.000000 1078.670044
45535.250000 1783.241333 0.000000 1078.770020
45535.250000 1783.442749 0.000000 1078.875000
45540.875000 1783.442749 0.000000 1078.964966
45541.250000 1783.643433 0.000000 1079.061035
45541.250000 1783.845337 0.000000 1079.166016
45541.375000 1784.048584 0.000000 1079.265991
45541.500000 1784.393066 0.000000 1079.363037
45541.500000 1784.600464 0.000000 1079.456055
45541.750000 1784.801758 0.000000 1079.556030
45541.875000 1785.002930 0.000000 1079.666016
45542.125000 1785.212158 0.000000 1079.760986
45542.500000 1785.415283 0.000000 1079.865967
45542.750000 1785.616577 0.000000 1079.965942
45543.000000 1785.823608 0.000000 1080.073975
45543.000000 1786.028931 0.000000 1080.166016
45544.250000 1786.238281 0.000000 1080.265991
45546.250000 1786.447998 0.000000 1080.369995
45546.750000 1786.649414 0.000000 1080.473022
45547.000000 1786.850586 0.000000 1080.572998
45547.125000 1786.850586 0.000000 1080.645996
45547.250000 1787.059692 0.000000 1080.765991
45547.750000 1787.319458 0.000000 1080.865967
45548.000000 1787.524658 0.000000 1080.961060
45548.250000 1787.731934 0.000000 1081.061035
45548.875000 1787.933105 0.000000 1081.166016
45549.875000 1788.134399 0.000000 1081.266968
45551.500000 1788.396118 0.000000 1081.366943
45556.000000 1788.601440 0.000000 1081.465942
45557.500000 1788.807373 0.000000 1081.566040
45558.500000 1789.010376 0.000000 1081.671997
45560.250000 1789.219482 0.000000 1081.760986
45561.250000 1789.422729 0.000000 1081.855957
45562.625000 1789.631958 0.000000 1081.965942
45564.125000 1789.833374 0.000000 1082.056030
45565.375000 1790.034790 0.000000 1082.166016
45566.500000 1790.241821 0.000000 1082.274048
45568.125000 1790.443237 0.000000 1082.369019
45568.750000 1790.650024 0.000000 1082.467041
45570.375000 1790.650024 0.000000 1082.552002
45571.625000 1790.923584 0.000000 1082.642944
45577.375000 1791.141479 0.000000 1082.750977
45579.500000 1791.349854 0.000000 1082.857056
45580.625000 1791.551147 0.000000 1082.963013
45582.625000 1791.802246 0.000000 1083.051025
45584.000000 1792.013428 0.000000 1083.165039
45586.625000 1792.217407 0.000000 1083.267944
45588.250000 1792.217407 0.000000 1083.352051
45589.500000 1792.441040 0.000000 1083.467041
45591.250000 1792.441040 0.000000 1083.562012
45592.750000 1792.661011 0.000000 1083.661987
45593.125000 1792.661011 0.000000 1083.758057
45594.250000 1792.882202 0.000000 1083.863037
45595.250000 1792.882202 0.000000 1083.962036
45595.875000 1793.086304 0.000000 1084.069946
45596.875000 1793.086304 0.000000 1084.162964
45598.250000 1793.287109 0.000000 1084.258057
45601.750000 1793.491089 0.000000 1084.369019
45602.500000 1793.708374 0.000000 1084.472046
45602.625000 1793.915405 0.000000 1084.567017
45603.375000 1794.116821 0.000000 1084.661987
45603.500000 1794.317993 0.000000 1084.766968
45605.000000 1794.583496 0.000000 1084.865967
45605.875000 1794.791016 0.000000 1084.962036
45606.000000 1794.992065 0.000000 1085.062988
45606.500000 1795.203247 0.000000 1085.166992
45606.625000 1795.404419 0.000000 1085.266968
45610.000000 1795.609863 0.000000 1085.366943
45610.000000 1795.821533 0.000000 1085.467041
45610.875000 1796.030640 0.000000 1085.567017
45611.250000 1796.231812 0.000000 1085.666992
45611.375000 1796.231812 0.000000 1085.761963
45612.250000 1796.513794 0.000000 1085.875000
45613.000000 1796.744995 0.000000 1085.972046
45613.500000 1796.956177 0.000000 1086.067017
45614.000000 1797.167480 0.000000 1086.166992
45614.625000 1797.371094 0.000000 1086.272949
45615.125000 1797.580444 0.000000 1086.371948
45615.750000 1797.812012 0.000000 1086.472046
45617.000000 1798.017212 0.000000 1086.573975
45629.250000 1798.222168 0.000000 1086.676025
45629.375000 1798.424683 0.000000 1086.774048
45629.625000 1798.629883 0.000000 1086.875977
45630.000000 1798.837280 0.000000 1086.973999
45630.625000 1799.038452 0.000000 1087.068970
45631.125000 1799.239502 0.000000 1087.168945
45631.500000 1799.239502 0.000000 1087.249023
45632.250000 1799.637451 0.000000 1087.379028
45649.500000 1799.637451 0.000000 1087.458984
45651.250000 1799.846313 0.000000 1087.568970
45652.375000 1800.054688 0.000000 1087.668945
45652.750000 1800.258179 0.000000 1087.779053
45654.375000 1800.258179 0.000000 1087.874023
45654.750000 1800.441895 0.000000 1087.968994
45656.750000 1800.441895 0.000000 1088.069946
45656.875000 1800.507935 0.000000 1088.175049
45657.375000 1800.507935 0.000000 1088.276001
45657.750000 1800.507935 0.000000 1088.375000
45657.875000 1800.730469 0.000000 1088.473999
45657.875000 1800.730469 0.000000 1088.568970
45658.250000 1800.932129 0.000000 1088.668945
45658.250000 1801.139160 0.000000 1088.764038
45658.750000 1801.339722 0.000000 1088.869019
45659.250000 1801.559204 0.000000 1088.968994
45659.625000 1801.760620 0.000000 1089.073975
45660.000000 1801.982178 0.000000 1089.168945
45660.125000 1802.224243 0.000000 1089.275024
45662.125000 1802.429199 0.000000 1089.375977
45662.375000 1802.630615 0.000000 1089.477051
45662.750000 1802.831787 0.000000 1089.572021
45662.875000 1803.033081 0.000000 1089.671997
45663.250000 1803.234253 0.000000 1089.765015
45663.625000 1803.443726 0.000000 1089.874023
45663.750000 1803.651001 0.000000 1089.973999
45663.875000 1803.852051 0.000000 1090.068970
45664.375000 1804.053711 0.000000 1090.168945
45664.625000 1804.254883 0.000000 1090.269043
45664.750000 1804.455933 0.000000 1090.369019
45665.000000 1804.656982 0.000000 1090.468994
45665.125000 1804.858276 0.000000 1090.573975
45665.250000 1805.060669 0.000000 1090.670044
45666.875000 1805.060669 0.000000 1090.770020
45667.125000 1805.269287 0.000000 1090.869995
45667.250000 1805.493042 0.000000 1090.969971
45667.500000 1805.714111 0.000000 1091.061035
45667.625000 1805.915405 0.000000 1091.161987
45667.750000 1806.128662 0.000000 1091.270996
45668.000000 1806.362183 0.000000 1091.370972
45669.000000 1806.569580 0.000000 1091.470947
45669.000000 1806.784668 0.000000 1091.567993
45669.750000 1807.005615 0.000000 1091.672974
45670.375000 1807.207275 0.000000 1091.777954
45673.375000 1807.438721 0.000000 1091.878052
45673.500000 1807.640015 0.000000 1091.983032
45673.625000 1807.851196 0.000000 1092.083008
45673.625000 1808.052734 0.000000 1092.177979
45674.000000 1808.254028 0.000000 1092.277954
45674.000000 1808.461182 0.000000 1092.370972
45674.250000 1808.666260 0.000000 1092.468018
45674.250000 1808.867798 0.000000 1092.572998
45674.500000 1809.072998 0.000000 1092.670044
45674.750000 1809.280273 0.000000 1092.772949
45675.000000 1809.280273 0.000000 1092.869995
45675.250000 1809.485352 0.000000 1092.972046
45675.625000 1809.898438 0.000000 1093.079956
45675.875000 1809.898438 0.000000 1093.173950
45676.000000 1810.107544 0.000000 1093.271973
45676.250000 1810.334839 0.000000 1093.362061
45676.250000 1810.546143 0.000000 1093.479004
45676.250000 1810.747437 0.000000 1093.567017
45676.250000 1810.948608 0.000000 1093.666992
45676.375000 1811.170166 0.000000 1093.769043
45677.750000 1811.373901 0.000000 1093.869019
45678.000000 1811.576416 0.000000 1093.968994
45678.750000 1811.828247 0.000000 1094.073975
45678.875000 1812.037598 0.000000 1094.168945
45678.875000 1812.240723 0.000000 1094.269043
45679.000000 1812.450317 0.000000 1094.374023
45679.875000 1812.651245 0.000000 1094.475952
45680.000000 1812.651245 0.000000 1094.568970
45680.125000 1812.862183 0.000000 1094.668945
45680.250000 1813.071411 0.000000 1094.770996
45680.250000 1813.272583 0.000000 1094.878052
45680.500000 1813.482056 0.000000 1094.978027
45680.500000 1813.683350 0.000000 1095.066040
45680.750000 1813.916626 0.000000 1095.168945
45681.000000 1814.117920 0.000000 1095.269043
45681.125000 1814.416138 0.000000 1095.376953
45681.375000 1814.621704 0.000000 1095.468994
45681.625000 1814.823120 0.000000 1095.568970
45681.875000 1815.032593 0.000000 1095.668945
45682.000000 1815.240356 0.000000 1095.765015
45682.250000 1815.445312 0.000000 1095.881958
45682.250000 1815.646606 0.000000 1095.974976
45682.250000 1815.851807 0.000000 1096.068970
45682.750000 1816.055176 0.000000 1096.173950
45683.250000 1816.258545 0.000000 1096.271973
45685.750000 1816.467407 0.000000 1096.387939
45701.000000 1816.467407 0.000000 1096.483032
45702.625000 1816.661377 0.000000 1096.582031
45704.750000 1816.821411 0.000000 1096.672974
45710.250000 1816.955200 0.000000 1096.776978
45711.750000 1817.056274 0.000000 1096.873047
45711.750000 1817.056274 0.000000 1096.983032
45720.625000 1817.124023 0.000000 1097.078003
45723.250000 1817.133301 0.000000 1097.186035
45724.250000 1817.133301 0.000000 1097.281006
45724.375000 1817.133301 0.000000 1097.368042
45724.750000 1817.133301 0.000000 1097.468018
45728.000000 1817.133301 0.000000 1097.572998
45728.375000 1817.133301 0.000000 1097.673950
45736.875000 1817.133301 0.000000 1097.777954
45738.500000 1817.133301 0.000000 1097.878052
45739.750000 1817.133301 0.000000 1097.968018
45743.875000 1817.133301 0.000000 1098.078003
45744.625000 1817.133301 0.000000 1098.178955
45747.125000 1817.133301 0.000000 1098.277954
45747.750000 1817.133301 0.000000 1098.373047
45748.000000 1817.133301 0.000000 1098.473022
45748.250000 1817.133301 0.000000 1098.572998
45748.375000 1817.135986 0.000000 1098.682983
45749.125000 1817.135986 0.000000 1098.767944
45749.500000 1817.151611 0.000000 1098.878052
45750.000000 1817.151611 0.000000 1098.978027
45750.125000 1817.151611 0.000000 1099.078003
45750.250000 1817.213379 0.000000 1099.167969
45750.500000 1817.213379 0.000000 1099.277954
45750.875000 1817.415649 0.000000 1099.373047
45751.375000 1817.415649 0.000000 1099.480957
45751.750000 1817.616943 0.000000 1099.586060
45752.125000 1817.833862 0.000000 1099.675049
45752.250000 1818.037109 0.000000 1099.775024
45752.375000 1818.244263 0.000000 1099.881958
45752.625000 1818.445679 0.000000 1099.984985
45753.625000 1818.651001 0.000000 1100.073975
45754.750000 1818.852173 0.000000 1100.173950
45755.125000 1818.852173 0.000000 1100.264038
45755.500000 1819.113770 0.000000 1100.369019
45755.875000 1819.338867 0.000000 1100.480957
45756.625000 1819.546021 0.000000 1100.573975
45759.625000 1819.747437 0.000000 1100.678955
45760.250000 1819.957275 0.000000 1100.775024
45760.375000 1820.158325 0.000000 1100.879028
45761.000000 1820.359497 0.000000 1100.989014
45761.375000 1820.560669 0.000000 1101.078979
45761.875000 1820.762085 0.000000 1101.183960
45762.500000 1820.963379 0.000000 1101.275024
45767.500000 1821.164185 0.000000 1101.380981
45768.250000 1821.379272 0.000000 1101.475952
45780.000000 1821.564453 0.000000 1101.584961
45781.250000 1821.564453 0.000000 1101.678955
45781.875000 1821.766724 0.000000 1101.781006
45787.125000 1821.766724 0.000000 1101.887939
45788.875000 1821.926025 0.000000 1101.987061
45790.250000 1821.926025 0.000000 1102.078003
45791.375000 1822.126221 0.000000 1102.177979
45792.375000 1822.126221 0.000000 1102.277954
45794.250000 1822.331299 0.000000 1102.378052
45796.000000 1822.331299 0.000000 1102.478027
45797.000000 1822.566406 0.000000 1102.578003
45798.500000 1822.799683 0.000000 1102.678955
45800.000000 1823.010742 0.000000 1102.777954
45801.750000 1823.212036 0.000000 1102.878052
45803.500000 1823.413208 0.000000 1102.968018
45807.375000 1823.614502 0.000000 1103.083008
45809.000000 1823.822632 0.000000 1103.167969
45810.125000 1824.023804 0.000000 1103.277954
45811.250000 1824.225098 0.000000 1103.378052
45813.000000 1824.426147 0.000000 1103.473022
45814.500000 1824.629517 0.000000 1103.578979
45816.125000 1824.846436 0.000000 1103.682983
45816.750000 1825.049805 0.000000 1103.767944
45818.125000 1825.251221 0.000000 1103.880981
45819.125000 1825.251221 0.000000 1103.963013
45819.875000 1825.653809 0.000000 1104.083008
45820.625000 1825.855713 0.000000 1104.177979
45824.000000 1826.057739 0.000000 1104.277954
45826.250000 1826.057739 0.000000 1104.373047
45827.875000 1826.257935 0.000000 1104.478027
45829.125000 1826.469604 0.000000 1104.578003
45829.875000 1826.721069 0.000000 1104.677979
45830.500000 1826.922241 0.000000 1104.767944
45832.000000 1827.155640 0.000000 1104.875000
45833.375000 1827.356934 0.000000 1104.964966
45834.250000 1827.558105 0.000000 1105.074951
45835.250000 1827.767456 0.000000 1105.183960
45836.625000 1827.970581 0.000000 1105.279053
45837.750000 1828.179810 0.000000 1105.379028
45843.125000 1828.406128 0.000000 1105.482056
45843.875000 1828.610352 0.000000 1105.573975
45845.000000 1828.811279 0.000000 1105.676025
45846.250000 1829.012329 0.000000 1105.781006
45846.625000 1829.214966 0.000000 1105.879028
45847.000000 1829.416382 0.000000 1105.974976
45848.000000 1829.617676 0.000000 1106.069946
45848.625000 1829.818970 0.000000 1106.167969
45849.750000 1830.028442 0.000000 1106.284058
45850.500000 1830.232178 0.000000 1106.375000
45851.000000 1830.433228 0.000000 1106.474976
45851.500000 1830.636719 0.000000 1106.574951
45865.375000 1830.849121 0.000000 1106.681030
45866.875000 1831.053955 0.000000 1106.780029
45868.125000 1831.263306 0.000000 1106.889038
45869.250000 1831.472168 0.000000 1106.988037
45870.500000 1831.673828 0.000000 1107.088013
45871.250000 1831.874878 0.000000 1107.182983
45872.625000 1831.874878 0.000000 1107.281982
45873.250000 1832.114624 0.000000 1107.369995
45874.250000 1832.342285 0.000000 1107.474976
45875.250000 1832.553467 0.000000 1107.579956
45876.250000 1832.755249 0.000000 1107.680054
45876.875000 1832.956421 0.000000 1107.775024
45877.750000 1833.228027 0.000000 1107.880005
45878.375000 1833.428955 0.000000 1107.980957
45879.250000 1833.630371 0.000000 1108.069946
45879.500000 1833.862305 0.000000 1108.189941
45880.250000 1834.063354 0.000000 1108.290039
45881.500000 1834.264771 0.000000 1108.390015
45881.875000 1834.466064 0.000000 1108.479980
45882.125000 1834.669556 0.000000 1108.579956
45882.500000 1834.878662 0.000000 1108.680054
45884.125000 1835.082153 0.000000 1108.788940
45885.500000 1835.291626 0.000000 1108.885986
45886.125000 1835.496948 0.000000 1108.991943
45886.875000 1835.496948 0.000000 1109.074951
45887.750000 1835.710571 0.000000 1109.186035
45891.000000 1835.915527 0.000000 1109.290039
45892.750000 1836.121582 0.000000 1109.383057
45893.750000 1836.322510 0.000000 1109.483032
45894.750000 1836.581543 0.000000 1109.592041
45895.750000 1836.787842 0.000000 1109.697021
45897.625000 1837.008423 0.000000 1109.791992
45898.875000 1837.008423 0.000000 1109.884033
45899.750000 1837.210327 0.000000 1109.983032
45901.125000 1837.210327 0.000000 1110.083008
45902.125000 1837.437988 0.000000 1110.182007
45903.125000 1837.655884 0.000000 1110.286987
45904.375000 1837.856445 0.000000 1110.387939
45905.625000 1838.057251 0.000000 1110.482056
45906.750000 1838.266846 0.000000 1110.586060
45907.875000 1838.468140 0.000000 1110.686035
45909.000000 1838.671265 0.000000 1110.781982
45910.000000 1838.874512 0.000000 1110.883057
45911.125000 1838.874512 0.000000 1110.982056
45911.875000 1839.083984 0.000000 1111.082031
45912.750000 1839.284912 0.000000 1111.182007
45914.000000 1839.485840 0.000000 1111.281982
45914.250000 1839.757568 0.000000 1111.381958
45915.000000 1839.971313 0.000000 1111.482056
45915.500000 1840.254761 0.000000 1111.588989
45916.000000 1840.461670 0.000000 1111.682983
45917.125000 1840.662842 0.000000 1111.781982
45917.500000 1840.872314 0.000000 1111.875977
45918.375000 1841.082275 0.000000 1111.989990
45918.875000 1841.082275 0.000000 1112.076050
45920.125000 1841.285400 0.000000 1112.171021
45921.875000 1841.689819 0.000000 1112.286987
45923.000000 1841.689819 0.000000 1112.380981
45923.625000 1842.102783 0.000000 1112.487061
45924.625000 1842.305908 0.000000 1112.593018
45925.625000 1842.507202 0.000000 1112.687988
45926.250000 1842.708618 0.000000 1112.792969
45928.500000 1842.708618 0.000000 1112.885986
45929.500000 1842.955811 0.000000 1112.980957
45932.125000 1843.162964 0.000000 1113.086060
45932.500000 1843.385986 0.000000 1113.187012
45933.375000 1843.591187 0.000000 1113.288940
45939.125000 1843.852783 0.000000 1113.384033
45939.625000 1844.074219 0.000000 1113.494019
45942.625000 1844.274292 0.000000 1113.586060
45954.500000 1844.274292 0.000000 1113.686035
45955.625000 1844.494629 0.000000 1113.781006
45956.625000 1844.696289 0.000000 1113.869995
45958.000000 1844.814087 0.000000 1113.975952
45970.875000 1844.814087 0.000000 1114.076050
45971.750000 1844.814087 0.000000 1114.181030
45973.500000 1844.971924 0.000000 1114.286011
45974.625000 1844.976318 0.000000 1114.385986
45975.625000 1844.976318 0.000000 1114.485962
45976.625000 1844.976318 0.000000 1114.592041
45976.750000 1844.976318 0.000000 1114.686035
45977.750000 1844.976318 0.000000 1114.776001
45978.500000 1844.976318 0.000000 1114.890991
45982.750000 1844.976318 0.000000 1114.985962
45984.375000 1844.976318 0.000000 1115.086060
45984.750000 1844.976318 0.000000 1115.186035
45986.000000 1844.976318 0.000000 1115.286011
45986.500000 1844.976318 0.000000 1115.385986
45986.625000 1844.976318 0.000000 1115.485962
45986.625000 1844.976440 0.000000 1115.595947
45986.875000 1844.976440 0.000000 1115.686035
45987.125000 1844.981079 0.000000 1115.781982
45987.500000 1844.981079 0.000000 1115.886963
45987.625000 1844.981079 0.000000 1115.988037
45987.875000 1844.981079 0.000000 1116.084961
45988.250000 1845.182739 0.000000 1116.183960
45988.375000 1845.182739 0.000000 1116.284058
45988.750000 1845.418457 0.000000 1116.379028
45997.875000 1845.418457 0.000000 1116.479980
45999.000000 1845.622192 0.000000 1116.578979
45999.125000 1845.878052 0.000000 1116.697021
45999.750000 1845.878052 0.000000 1116.791992
46000.125000 1846.189697 0.000000 1116.881958
46001.375000 1846.394287 0.000000 1116.984009
46001.625000 1846.596558 0.000000 1117.093994
46004.250000 1846.796753 0.000000 1117.198975
46014.125000 1846.796753 0.000000 1117.293945
46015.250000 1847.076660 0.000000 1117.384033
46016.375000 1847.213013 0.000000 1117.494019
46017.250000 1847.213013 0.000000 1117.583984
46017.875000 1847.341309 0.000000 1117.693970
46022.750000 1847.407593 0.000000 1117.788940
46024.000000 1847.427979 0.000000 1117.885010
46024.375000 1847.427979 0.000000 1117.977051
46024.875000 1847.428101 0.000000 1118.088013
46029.250000 1847.428101 0.000000 1118.187988
46029.375000 1847.428101 0.000000 1118.286987
46029.625000 1847.428101 0.000000 1118.381958
46029.625000 1847.428101 0.000000 1118.477051
46029.750000 1847.428101 0.000000 1118.582031
46029.750000 1847.435181 0.000000 1118.687012
46030.250000 1847.435181 0.000000 1118.786987
46030.250000 1847.442871 0.000000 1118.887939
46030.375000 1847.442871 0.000000 1118.987061
46030.625000 1847.442871 0.000000 1119.087036
46031.000000 1847.442871 0.000000 1119.187012
46031.500000 1847.625732 0.000000 1119.282959
46031.500000 1847.625732 0.000000 1119.390015
46031.625000 1847.625732 0.000000 1119.489014
46032.375000 1847.830811 0.000000 1119.583984
46032.750000 1848.035278 0.000000 1119.683960
46032.875000 1848.035278 0.000000 1119.784058
46033.250000 1848.315796 0.000000 1119.884033
46034.875000 1848.574829 0.000000 1119.984009
46035.250000 1848.781494 0.000000 1120.083984
46035.875000 1848.982788 0.000000 1120.183960
46036.875000 1849.184204 0.000000 1120.284058
46037.625000 1849.385376 0.000000 1120.384033
46038.625000 1849.586304 0.000000 1120.489014
46039.000000 1849.787842 0.000000 1120.583984
46039.500000 1849.991333 0.000000 1120.692017
46040.250000 1850.204224 0.000000 1120.788940
46041.125000 1850.411499 0.000000 1120.884033
46042.375000 1850.616821 0.000000 1120.989014
46044.500000 1850.616821 0.000000 1121.078979
46055.250000 1850.826294 0.000000 1121.189941
46057.000000 1851.029785 0.000000 1121.288940
46058.500000 1851.263672 0.000000 1121.384033
46059.875000 1851.474731 0.000000 1121.489014
46061.125000 1851.679688 0.000000 1121.583984
46061.875000 1851.887329 0.000000 1121.683960
46062.875000 1852.088745 0.000000 1121.788940
46065.000000 1852.330444 0.000000 1121.891968
46067.625000 1852.527344 0.000000 1121.991943
46070.250000 1852.687500 0.000000 1122.093994
46079.125000 1852.817505 0.000000 1122.197021
46080.000000 1852.817505 0.000000 1122.291992
46082.625000 1852.916870 0.000000 1122.386963
46089.625000 1852.991089 0.000000 1122.491943
46091.375000 1853.019653 0.000000 1122.592041
46091.625000 1853.020630 0.000000 1122.683960
46092.375000 1853.020630 0.000000 1122.793945
46093.750000 1853.020630 0.000000 1122.894043
46094.500000 1853.020630 0.000000 1122.994019
46097.500000 1853.020630 0.000000 1123.093994
46099.125000 1853.020630 0.000000 1123.193970
46100.750000 1853.020630 0.000000 1123.291016
46102.875000 1853.020630 0.000000 1123.385986
46103.750000 1853.020630 0.000000 1123.485962
46104.625000 1853.020630 0.000000 1123.586060
46111.875000 1853.020630 0.000000 1123.697998
46112.000000 1853.020630 0.000000 1123.786011
46112.750000 1853.020630 0.000000 1123.886963
46112.750000 1853.020630 0.000000 1123.985962
46114.000000 1853.021484 0.000000 1124.099976
46114.000000 1853.021484 0.000000 1124.189941
46114.250000 1853.021484 0.000000 1124.295044
46114.625000 1853.044922 0.000000 1124.395020
46115.000000 1853.044922 0.000000 1124.500000
46115.500000 1853.044922 0.000000 1124.594971
46115.875000 1853.124756 0.000000 1124.694946
46116.500000 1853.124756 0.000000 1124.795044
46117.250000 1853.124756 0.000000 1124.885986
46117.625000 1853.336914 0.000000 1124.985962
46118.125000 1853.336914 0.000000 1125.086060
46118.750000 1853.543945 0.000000 1125.186035
46119.125000 1853.754517 0.000000 1125.286011
46119.750000 1853.954834 0.000000 1125.385986
46120.875000 1854.162354 0.000000 1125.494019
46123.000000 1854.377930 0.000000 1125.595947
46124.250000 1854.581299 0.000000 1125.692017
46125.000000 1854.782471 0.000000 1125.787964
46126.500000 1854.990234 0.000000 1125.895020
46127.500000 1855.191528 0.000000 1125.994995
46135.250000 1855.394775 0.000000 1126.087036
46136.500000 1855.597290 0.000000 1126.187012
46137.750000 1855.798462 0.000000 1126.291992
46138.625000 1855.999756 0.000000 1126.386963
46139.500000 1856.200928 0.000000 1126.487061
46141.375000 1856.402832 0.000000 1126.592041
46144.875000 1856.612061 0.000000 1126.696045
46147.125000 1856.813477 0.000000 1126.796021
46148.125000 1856.813477 0.000000 1126.881958
46149.625000 1857.016724 0.000000 1126.978027
46150.375000 1857.232178 0.000000 1127.088989
46151.375000 1857.634888 0.000000 1127.198975
46152.875000 1857.634888 0.000000 1127.295044
46154.125000 1857.966553 0.000000 1127.389038
46155.500000 1858.177856 0.000000 1127.489014
46156.125000 1858.393677 0.000000 1127.597046
46157.125000 1858.602661 0.000000 1127.693970
46158.000000 1858.811890 0.000000 1127.795044
46159.000000 1859.014771 0.000000 1127.895020
46160.250000 1859.215942 0.000000 1127.984985
46161.625000 1859.425415 0.000000 1128.088989
46163.125000 1859.626587 0.000000 1128.188965
46164.375000 1859.827881 0.000000 1128.288940
46166.125000 1860.029297 0.000000 1128.394043
46169.375000 1860.229614 0.000000 1128.489014
46171.625000 1860.431885 0.000000 1128.595947
46172.125000 1860.431885 0.000000 1128.686035
46173.625000 1860.633057 0.000000 1128.790039
46174.750000 1860.912598 0.000000 1128.894043
46175.625000 1861.152100 0.000000 1128.989014
46176.000000 1861.397583 0.000000 1129.090942
46177.125000 1861.600952 0.000000 1129.183960
46177.875000 1861.804810 0.000000 1129.288940
46178.125000 1862.010620 0.000000 1129.389038
46178.500000 1862.010620 0.000000 1129.489014
46178.750000 1862.216919 0.000000 1129.588989
46181.125000 1862.216919 0.000000 1129.691040
46181.375000 1862.421997 0.000000 1129.787964
46181.375000 1862.421997 0.000000 1129.891968
46181.500000 1862.421997 0.000000 1129.982056
46181.500000 1862.421997 0.000000 1130.092041
46181.500000 1862.421997 0.000000 1130.187012
46181.500000 1862.421997 0.000000 1130.281982
46181.500000 1862.421997 0.000000 1130.391968
46181.500000 1862.421997 0.000000 1130.488037
46181.500000 1862.421997 0.000000 1130.597046
46181.500000 1862.421997 0.000000 1130.687012
46181.500000 1862.421997 0.000000 1130.791992
46203.750000 1862.421997 0.000000 1130.890015
46204.000000 1862.421997 0.000000 1130.989990
46204.000000 1862.421997 0.000000 1131.089966
46204.000000 1862.421997 0.000000 1131.186035
46204.000000 1862.421997 0.000000 1131.290039
46204.125000 1862.421997 0.000000 1131.390015
46204.125000 1862.421997 0.000000 1131.488037
46204.125000 1862.421997 0.000000 1131.589966
46204.125000 1862.421997 0.000000 1131.680054
46204.125000 1862.421997 0.000000 1131.786011
46204.125000 1862.421997 0.000000 1131.890991
46204.125000 1862.421997 0.000000 1131.989990
46205.250000 1862.553101 0.000000 1132.089966
46205.375000 1862.553101 0.000000 1132.189941
46205.375000 1862.553101 0.000000 1132.300049
46205.375000 1862.553101 0.000000 1132.390015
46205.375000 1862.553101 0.000000 1132.505005
46205.375000 1862.553101 0.000000 1132.597046
46205.375000 1862.553101 0.000000 1132.702026
46205.375000 1862.553101 0.000000 1132.790039
46205.375000 1862.553101 0.000000 1132.890015
46205.375000 1862.553101 0.000000 1132.995972
46205.375000 1862.553101 0.000000 1133.095947
46205.375000 1862.553101 0.000000 1133.189941
46208.250000 1862.553101 0.000000 1133.290039
46208.250000 1862.553101 0.000000 1133.402954
46208.375000 1862.553101 0.000000 1133.484985
46208.375000 1862.553101 0.000000 1133.589966
46208.375000 1862.553101 0.000000 1133.689941
46208.375000 1862.553101 0.000000 1133.791016
46208.375000 1862.553101 0.000000 1133.895996
46208.375000 1862.553101 0.000000 1133.998047
46208.375000 1862.553101 0.000000 1134.098022
46208.375000 1862.553101 0.000000 1134.189941
46208.375000 1862.553101 0.000000 1134.290039
46208.375000 1862.553101 0.000000 1134.396973
46209.875000 1862.553101 0.000000 1134.490967
46210.000000 1862.553101 0.000000 1134.588989
46210.000000 1862.553101 0.000000 1134.688965
46210.000000 1862.553101 0.000000 1134.788940
46210.000000 1862.553101 0.000000 1134.889038
46210.000000 1862.553101 0.000000 1134.989014
46210.000000 1862.553101 0.000000 1135.095947
46210.000000 1862.553101 0.000000 1135.197021
46210.000000 1862.553101 0.000000 1135.288940
46210.000000 1862.553101 0.000000 1135.401978
46210.000000 1862.553101 0.000000 1135.499023
46210.000000 1862.553101 0.000000 1135.598999
46210.000000 1862.553101 0.000000 1135.697998
46224.875000 1862.553101 0.000000 1135.802002
46225.250000 1862.553101 0.000000 1135.896973
46225.250000 1862.553101 0.000000 1136.006958
46225.250000 1862.553101 0.000000 1136.102051
46225.375000 1862.553101 0.000000 1136.187012
46225.375000 1862.553101 0.000000 1136.302002
46225.375000 1862.553101 0.000000 1136.401978
46225.375000 1862.553101 0.000000 1136.504028
46225.375000 1862.553101 0.000000 1136.593994
46225.375000 1862.553101 0.000000 1136.698975
46225.375000 1862.553101 0.000000 1136.788940
46225.375000 1862.553101 0.000000 1136.904053
46225.375000 1862.553101 0.000000 1137.005981
46225.375000 1862.553101 0.000000 1137.104004
46225.375000 1862.553101 0.000000 1137.204956
46225.375000 1862.553101 0.000000 1137.303955
46225.375000 1862.553101 0.000000 1137.400024
46225.375000 1862.553101 0.000000 1137.501953
46225.375000 1862.553101 0.000000 1137.605957
46225.375000 1862.553101 0.000000 1137.701050
46225.500000 1862.553101 0.000000 1137.810059
46225.500000 1862.553101 0.000000 1137.907959
46225.500000 1862.553101 0.000000 1138.014038
46225.500000 1862.553101 0.000000 1138.109009
46225.500000 1862.553101 0.000000 1138.203979
46227.375000 1862.553101 0.000000 1138.291016
46227.375000 1862.553101 0.000000 1138.409058
46227.375000 1862.553101 0.000000 1138.510986
46227.375000 1862.553101 0.000000 1138.610962
46227.375000 1862.553101 0.000000 1138.711060
46227.375000 1862.553101 0.000000 1138.803955
46227.375000 1862.553101 0.000000 1138.899048
46227.375000 1862.553101 0.000000 1139.006958
46227.375000 1862.553101 0.000000 1139.099976
46227.375000 1862.553101 0.000000 1139.209961
46227.375000 1862.553101 0.000000 1139.310059
46227.375000 1862.553101 0.000000 1139.404053
46227.375000 1862.553101 0.000000 1139.508057
46227.375000 1862.553101 0.000000 1139.608032
46227.625000 1862.553101 0.000000 1139.703003
46227.625000 1862.553101 0.000000 1139.801025
46227.625000 1862.553101 0.000000 1139.906982
46227.625000 1862.553101 0.000000 1140.011963
46227.625000 1862.553101 0.000000 1140.105957
46227.625000 1862.553101 0.000000 1140.208984
46227.625000 1862.553101 0.000000 1140.308960
46227.625000 1862.553101 0.000000 1140.409058
46227.625000 1862.553101 0.000000 1140.498047
46227.625000 1862.553101 0.000000 1140.603027
46228.625000 1862.553101 0.000000 1140.703003
46228.625000 1862.553101 0.000000 1140.802979
46228.625000 1862.553101 0.000000 1140.902954
46228.750000 1862.553101 0.000000 1141.003052
46228.875000 1862.553101 0.000000 1141.098022
46228.875000 1862.553101 0.000000 1141.203979
46229.000000 1862.553101 0.000000 1141.303955
46229.125000 1862.553101 0.000000 1141.412964
46229.125000 1862.553101 0.000000 1141.509033
46229.125000 1862.553101 0.000000 1141.603027
46229.125000 1862.553101 0.000000 1141.707031
46229.125000 1862.553101 0.000000 1141.812012
46234.375000 1862.553101 0.000000 1141.911987
46234.375000 1862.553101 0.000000 1142.011963
46234.375000 1862.553101 0.000000 1142.103027
46234.375000 1862.553101 0.000000 1142.203003
46234.375000 1862.553101 0.000000 1142.311035
46234.375000 1862.553101 0.000000 1142.401978
46234.375000 1862.553101 0.000000 1142.500977
46234.375000 1862.553101 0.000000 1142.600952
46234.375000 1862.553101 0.000000 1142.703003
46234.375000 1862.553101 0.000000 1142.806030
46234.375000 1862.553101 0.000000 1142.901001
46234.375000 1862.553101 0.000000 1143.001953
46234.875000 1862.553101 0.000000 1143.105957
46235.000000 1862.553101 0.000000 1143.206055
46235.000000 1862.553101 0.000000 1143.306030
46235.000000 1862.553101 0.000000 1143.401001
46235.000000 1862.553101 0.000000 1143.500977
46235.000000 1862.553101 0.000000 1143.600952
46235.125000 1862.553101 0.000000 1143.707031
46235.125000 1862.553101 0.000000 1143.806030
46235.125000 1862.553101 0.000000 1143.906982
46235.125000 1862.553101 0.000000 1144.001953
46235.125000 1862.553101 0.000000 1144.093994
46235.125000 1862.553101 0.000000 1144.208008
46235.125000 1862.553101 0.000000 1144.291992
46235.125000 1862.553101 0.000000 1144.396973
46235.125000 1862.553101 0.000000 1144.506958
46235.125000 1862.553101 0.000000 1144.609985
46235.125000 1862.553101 0.000000 1144.702026
46235.125000 1862.553101 0.000000 1144.802002
46235.125000 1862.553101 0.000000 1144.901978
46235.250000 1862.553101 0.000000 1145.011963
46235.250000 1862.553101 0.000000 1145.112061
46235.250000 1862.553101 0.000000 1145.212036
46235.250000 1862.553101 0.000000 1145.312012
46235.250000 1862.553101 0.000000 1145.411987
46236.500000 1862.553101 0.000000 1145.511963
46236.500000 1862.553101 0.000000 1145.616943
46236.500000 1862.553101 0.000000 1145.712036
46236.500000 1862.553101 0.000000 1145.803955
46236.500000 1862.553101 0.000000 1145.895996
46236.500000 1862.553101 0.000000 1146.010986
46236.500000 1862.553101 0.000000 1146.110962
46236.500000 1862.553101 0.000000 1146.211060
46236.500000 1862.553101 0.000000 1146.302979
46236.500000 1862.553101 0.000000 1146.397949
46236.500000 1862.553101 0.000000 1146.508057
46236.500000 1862.553101 0.000000 1146.608032
46239.875000 1862.553101 0.000000 1146.708008
46239.875000 1862.553101 0.000000 1146.808960
46239.875000 1862.553101 0.000000 1146.902954
46239.875000 1862.553101 0.000000 1147.015015
46239.875000 1862.553101 0.000000 1147.114990
46239.875000 1862.553101 0.000000 1147.214966
46239.875000 1862.553101 0.000000 1147.302979
46240.000000 1862.553101 0.000000 1147.412964
46240.000000 1862.553101 0.000000 1147.510010
46240.125000 1862.553101 0.000000 1147.612061
46240.125000 1862.553101 0.000000 1147.709961
46240.250000 1862.553101 0.000000 1147.810059
46240.375000 1862.553101 0.000000 1147.910034
46240.375000 1862.553101 0.000000 1148.010010
46240.375000 1862.553101 0.000000 1148.109985
46240.375000 1862.553101 0.000000 1148.204956
46240.375000 1862.553101 0.000000 1148.307983
46240.500000 1862.553101 0.000000 1148.410034
46240.625000 1862.553101 0.000000 1148.512939
46240.625000 1862.553101 0.000000 1148.608032
46240.625000 1862.553101 0.000000 1148.713013
46240.750000 1862.553101 0.000000 1148.814941
46240.750000 1862.553101 0.000000 1148.910034
46240.750000 1862.553101 0.000000 1149.011963
46240.875000 1862.553101 0.000000 1149.113037
46240.875000 1862.553101 0.000000 1149.202026
46241.000000 1862.553101 0.000000 1149.307007
46241.125000 1862.553101 0.000000 1149.391968
46241.125000 1862.553101 0.000000 1149.506958
46241.250000 1862.553101 0.000000 1149.612061
46241.250000 1862.553101 0.000000 1149.712036
46241.375000 1862.553101 0.000000 1149.817993
46241.375000 1862.553101 0.000000 1149.911011
46241.500000 1862.553101 0.000000 1150.011963
46241.625000 1862.553101 0.000000 1150.107056
46241.625000 1862.553101 0.000000 1150.213989
46241.625000 1862.553101 0.000000 1150.307007
46241.750000 1862.553101 0.000000 1150.396973
46241.750000 1862.553101 0.000000 1150.515015
46241.875000 1862.553101 0.000000 1150.607056
46241.875000 1862.553101 0.000000 1150.687012
46241.875000 1862.553101 0.000000 1150.802002
46242.000000 1862.553101 0.000000 1150.901978
46242.000000 1862.553101 0.000000 1151.001953
46242.125000 1862.553101 0.000000 1151.107056
46242.250000 1862.553101 0.000000 1151.211060
46242.375000 1862.553101 0.000000 1151.307007
46242.375000 1862.553101 0.000000 1151.406006
46242.375000 1862.553101 0.000000 1151.512939
46242.500000 1862.553101 0.000000 1151.605957
46242.500000 1862.553101 0.000000 1151.713013
46242.500000 1862.553101 0.000000 1151.819946
46242.500000 1862.553101 0.000000 1151.899048
46242.500000 1862.553101 0.000000 1152.019043
46242.500000 1862.553101 0.000000 1152.113037
46242.500000 1862.553101 0.000000 1152.201050
46242.500000 1862.553101 0.000000 1152.312012
46242.500000 1862.553101 0.000000 1152.411987
46242.500000 1862.553101 0.000000 1152.517944
46242.500000 1862.553101 0.000000 1152.613037
46242.500000 1862.553101 0.000000 1152.709961
46242.500000 1862.553101 0.000000 1152.810059
46242.500000 1862.553101 0.000000 1152.910034
46242.500000 1862.553101 0.000000 1153.015991
46242.500000 1862.553101 0.000000 1153.109985
46242.500000 1862.553101 0.000000 1153.209961
46242.500000 1862.553101 0.000000 1153.310059
46242.500000 1862.553101 0.000000 1153.411987
46242.500000 1862.553101 0.000000 1153.508057
46242.500000 1862.553101 0.000000 1153.609985
46242.500000 1862.553101 0.000000 1153.709961
46242.500000 1862.553101 0.000000 1153.814941
46242.500000 1862.553101 0.000000 1153.910034
46242.500000 1862.553101 0.000000 1154.010010
46242.500000 1862.553101 0.000000 1154.109985
46242.500000 1862.553101 0.000000 1154.214966
46242.500000 1862.553101 0.000000 1154.312012
46242.500000 1862.553101 0.000000 1154.410034
46242.500000 1862.553101 0.000000 1154.510010
46242.500000 1862.553101 0.000000 1154.614990
46242.500000 1862.553101 0.000000 1154.719971
46242.500000 1862.553101 0.000000 1154.819946
46242.500000 1862.553101 0.000000 1154.920044
46242.500000 1862.553101 0.000000 1155.005981
46242.500000 1862.553101 0.000000 1155.116943
46242.500000 1862.553101 0.000000 1155.217041
46242.500000 1862.553101 0.000000 1155.311035
46242.500000 1862.553101 0.000000 1155.406006
46242.500000 1862.553101 0.000000 1155.515991
46242.500000 1862.553101 0.000000 1155.615967
46242.500000 1862.553101 0.000000 1155.711060
46242.500000 1862.553101 0.000000 1155.817993
46242.500000 1862.553101 0.000000 1155.917969
46242.500000 1862.553101 0.000000 1156.015991
46242.500000 1862.553101 0.000000 1156.110962
46242.500000 1862.553101 0.000000 1156.215942
46242.500000 1862.553101 0.000000 1156.316040
46242.500000 1862.553101 0.000000 1156.411011
46242.500000 1862.553101 0.000000 1156.510986
46242.500000 1862.553101 0.000000 1156.605957
46242.500000 1862.553101 0.000000 1156.714966
46242.500000 1862.553101 0.000000 1156.814941
46242.500000 1862.553101 0.000000 1156.915039
46242.500000 1862.553101 0.000000 1157.015015
46242.500000 1862.553101 0.000000 1157.099976
46242.500000 1862.553101 0.000000 1157.213013
46242.500000 1862.553101 0.000000 1157.310059
46242.500000 1862.553101 0.000000 1157.410034
46242.500000 1862.553101 0.000000 1157.516968
46242.500000 1862.553101 0.000000 1157.609985
46242.625000 1862.553101 0.000000 1157.713989
46242.625000 1862.553101 0.000000 1157.823975
46242.625000 1862.553101 0.000000 1157.923950
46242.625000 1862.553101 0.000000 1158.019043
46242.625000 1862.553101 0.000000 1158.109009
46242.750000 1862.553101 0.000000 1158.213013
46242.750000 1862.553101 0.000000 1158.317993
46242.875000 1862.553101 0.000000 1158.416016
46242.875000 1862.553101 0.000000 1158.520020
46242.875000 1862.553101 0.000000 1158.619995
46242.875000 1862.553101 0.000000 1158.719971
46243.000000 1862.553101 0.000000 1158.803955
46243.000000 1862.553101 0.000000 1158.905029
46243.000000 1862.553101 0.000000 1159.014038
46243.125000 1862.553101 0.000000 1159.114014
46243.250000 1862.553101 0.000000 1159.199951
46243.375000 1862.553101 0.000000 1159.316040
46243.375000 1862.553101 0.000000 1159.411011
46243.375000 1862.553101 0.000000 1159.510986
46243.500000 1862.553101 0.000000 1159.610962
46243.500000 1862.553101 0.000000 1159.711060
46243.500000 1862.553101 0.000000 1159.806030
46243.500000 1862.553101 0.000000 1159.911011
46243.500000 1862.553101 0.000000 1160.005981
46243.625000 1862.553101 0.000000 1160.086060
46243.625000 1862.553101 0.000000 1160.225952
46243.625000 1862.553101 0.000000 1160.326050
46243.625000 1862.553101 0.000000 1160.426025
46243.750000 1862.553101 0.000000 1160.526001
46244.000000 1862.553101 0.000000 1160.615967
46244.125000 1862.553101 0.000000 1160.711060
46244.125000 1862.553101 0.000000 1160.813965
46244.250000 1862.553101 0.000000 1160.913940
46244.500000 1862.553101 0.000000 1161.022949
46244.500000 1862.553101 0.000000 1161.123047
46244.500000 1862.553101 0.000000 1161.223022
46244.750000 1862.553101 0.000000 1161.307983
46244.875000 1862.553101 0.000000 1161.407959
46244.875000 1862.553101 0.000000 1161.522949
46245.000000 1862.553101 0.000000 1161.614990
46245.125000 1862.553101 0.000000 1161.714966
46245.125000 1862.553101 0.000000 1161.810059
46245.125000 1862.553101 0.000000 1161.922974
46245.125000 1862.553101 0.000000 1162.016968
46245.250000 1862.553101 0.000000 1162.110962
46245.375000 1862.553101 0.000000 1162.214966
46245.500000 1862.553101 0.000000 1162.322998
46245.500000 1862.553101 0.000000 1162.415039
46245.500000 1862.553101 0.000000 1162.515015
46245.625000 1862.553101 0.000000 1162.614990
46245.750000 1862.553101 0.000000 1162.714966
46245.750000 1862.553101 0.000000 1162.816040
46245.875000 1862.553101 0.000000 1162.910034
46245.875000 1862.553101 0.000000 1163.015015
46245.875000 1862.553101 0.000000 1163.109985
46246.125000 1862.553101 0.000000 1163.204956
46246.125000 1862.553101 0.000000 1163.317017
46246.250000 1862.553101 0.000000 1163.416016
46246.250000 1862.553101 0.000000 1163.520996
46246.250000 1862.553101 0.000000 1163.615967
46246.375000 1862.553101 0.000000 1163.711060
46246.500000 1862.553101 0.000000 1163.814941
46246.500000 1862.553101 0.000000 1163.925049
46246.625000 1862.553101 0.000000 1164.025024
46246.625000 1862.553101 0.000000 1164.118042
46246.625000 1862.553101 0.000000 1164.219971
46246.625000 1862.553101 0.000000 1164.300049
46246.625000 1862.553101 0.000000 1164.410034
46246.625000 1862.553101 0.000000 1164.510010
46246.625000 1862.553101 0.000000 1164.614990
46246.625000 1862.553101 0.000000 1164.709961
46246.625000 1862.553101 0.000000 1164.822021
46246.625000 1862.553101 0.000000 1164.910034
46246.625000 1862.553101 0.000000 1165.011963
46246.625000 1862.553101 0.000000 1165.104004
46246.625000 1862.553101 0.000000 1165.213989
46246.625000 1862.553101 0.000000 1165.322021
46246.625000 1862.553101 0.000000 1165.421997
46246.625000 1862.553101 0.000000 1165.521973
46246.625000 1862.553101 0.000000 1165.619019
46246.625000 1862.553101 0.000000 1165.708984
46246.625000 1862.553101 0.000000 1165.814941
46246.625000 1862.553101 0.000000 1165.921021
46246.625000 1862.553101 0.000000 1166.024048
46246.625000 1862.553101 0.000000 1166.123047
46246.625000 1862.553101 0.000000 1166.223022
46246.625000 1862.553101 0.000000 1166.317993
46246.625000 1862.553101 0.000000 1166.413940
46246.625000 1862.553101 0.000000 1166.514038
46246.625000 1862.553101 0.000000 1166.614990
46246.625000 1862.553101 0.000000 1166.713989
46246.625000 1862.553101 0.000000 1166.813965
46246.625000 1862.553101 0.000000 1166.906006
46246.625000 1862.553101 0.000000 1167.021973
46246.625000 1862.553101 0.000000 1167.121948
46246.625000 1862.553101 0.000000 1167.222046
46246.625000 1862.553101 0.000000 1167.314941
46246.625000 1862.553101 0.000000 1167.413940
46246.625000 1862.553101 0.000000 1167.514038
46246.625000 1862.553101 0.000000 1167.614014
46246.625000 1862.553101 0.000000 1167.698975
46246.625000 1862.553101 0.000000 1167.813965
46246.625000 1862.553101 0.000000 1167.909058
46246.625000 1862.553101 0.000000 1168.021973
46246.625000 1862.553101 0.000000 1168.121948
46246.625000 1862.553101 0.000000 1168.222046
46246.625000 1862.553101 0.000000 1168.322021
46246.625000 1862.553101 0.000000 1168.421997
46246.625000 1862.553101 0.000000 1168.529053
46246.625000 1862.553101 0.000000 1168.624023
46246.625000 1862.553101 0.000000 1168.722046
46246.625000 1862.553101 0.000000 1168.822021
46246.625000 1862.553101 0.000000 1168.927002
46246.625000 1862.553101 0.000000 1169.014038
46246.625000 1862.553101 0.000000 1169.114990
46246.625000 1862.553101 0.000000 1169.222046
46246.625000 1862.553101 0.000000 1169.322021
46246.625000 1862.553101 0.000000 1169.413940
46246.625000 1862.553101 0.000000 1169.521973
46246.625000 1862.553101 0.000000 1169.614014
46246.625000 1862.553101 0.000000 1169.713989
46246.625000 1862.553101 0.000000 1169.816040
46246.625000 1862.553101 0.000000 1169.922974
46246.625000 1862.553101 0.000000 1170.021973
46246.625000 1862.553101 0.000000 1170.114014
46246.625000 1862.553101 0.000000 1170.214966
46246.625000 1862.553101 0.000000 1170.317993
46246.625000 1862.553101 0.000000 1170.412964
46246.625000 1862.553101 0.000000 1170.517944
46246.625000 1862.553101 0.000000 1170.624023
46246.625000 1862.553101 0.000000 1170.718018
46246.625000 1862.553101 0.000000 1170.817993
46246.625000 1862.553101 0.000000 1170.917969
46246.625000 1862.553101 0.000000 1171.017944
46246.625000 1862.553101 0.000000 1171.124023
46246.625000 1862.553101 0.000000 1171.224976
46246.625000 1862.553101 0.000000 1171.317993
46246.625000 1862.553101 0.000000 1171.418945
46246.625000 1862.553101 0.000000 1171.517944
46246.625000 1862.553101 0.000000 1171.603027
46246.625000 1862.553101 0.000000 1171.706055
46246.625000 1862.553101 0.000000 1171.822021
46246.625000 1862.553101 0.000000 1171.911987
46246.625000 1862.553101 0.000000 1172.016968
46246.625000 1862.553101 0.000000 1172.116943
46246.625000 1862.553101 0.000000 1172.218018
46246.625000 1862.553101 0.000000 1172.319946
46246.625000 1862.553101 0.000000 1172.416992
46246.625000 1862.553101 0.000000 1172.520996
46246.625000 1862.553101 0.000000 1172.614990
46246.625000 1862.553101 0.000000 1172.703003
46246.625000 1862.553101 0.000000 1172.817993
46246.625000 1862.553101 0.000000 1172.912964
46246.625000 1862.553101 0.000000 1173.017944
46246.625000 1862.553101 0.000000 1173.113037
46246.625000 1862.553101 0.000000 1173.203003
46246.625000 1862.553101 0.000000 1173.313965
46246.625000 1862.553101 0.000000 1173.415039
46246.625000 1862.553101 0.000000 1173.515015
46246.625000 1862.553101 0.000000 1173.614990
46246.625000 1862.553101 0.000000 1173.714966
46246.625000 1862.553101 0.000000 1173.813965
46246.625000 1862.553101 0.000000 1173.913940
46246.625000 1862.553101 0.000000 1174.019043
46246.625000 1862.553101 0.000000 1174.114014
46246.625000 1862.553101 0.000000 1174.203979
46246.625000 1862.553101 0.000000 1174.321045
46246.625000 1862.553101 0.000000 1174.413940
46246.625000 1862.553101 0.000000 1174.526978
46246.625000 1862.553101 0.000000 1174.624023
46246.625000 1862.553101 0.000000 1174.723999
46246.625000 1862.553101 0.000000 1174.823975
46246.625000 1862.553101 0.000000 1174.921021
46246.625000 1862.553101 0.000000 1175.004028
46246.625000 1862.553101 0.000000 1175.114014
46246.625000 1862.553101 0.000000 1175.213989
46246.625000 1862.553101 0.000000 1175.313965
46246.625000 1862.553101 0.000000 1175.410034
46246.625000 1862.553101 0.000000 1175.525024
46246.625000 1862.553101 0.000000 1175.619019
46246.625000 1862.553101 0.000000 1175.723999
46246.625000 1862.553101 0.000000 1175.818970
46246.625000 1862.553101 0.000000 1175.917969
46246.625000 1862.553101 0.000000 1176.017944
46246.625000 1862.553101 0.000000 1176.118042
46246.625000 1862.553101 0.000000 1176.214966
46246.625000 1862.553101 0.000000 1176.319946
46246.625000 1862.553101 0.000000 1176.421021
46246.625000 1862.553101 0.000000 1176.515991
46246.625000 1862.553101 0.000000 1176.610962
46246.625000 1862.553101 0.000000 1176.701050
46246.625000 1862.553101 0.000000 1176.816040
46246.625000 1862.553101 0.000000 1176.916016
46246.625000 1862.553101 0.000000 1177.015991
46246.625000 1862.553101 0.000000 1177.121948
46246.625000 1862.553101 0.000000 1177.217041
46246.625000 1862.553101 0.000000 1177.316040
46246.625000 1862.553101 0.000000 1177.416016
46246.625000 1862.553101 0.000000 1177.515991
46246.625000 1862.553101 0.000000 1177.615967
46246.625000 1862.553101 0.000000 1177.722046
46246.625000 1862.553101 0.000000 1177.816040
46246.625000 1862.553101 0.000000 1177.916992
46246.625000 1862.553101 0.000000 1178.015991
46246.625000 1862.553101 0.000000 1178.115967
46246.625000 1862.553101 0.000000 1178.215942
46246.625000 1862.553101 0.000000 1178.317017
46246.625000 1862.553101 0.000000 1178.406982
46246.625000 1862.553101 0.000000 1178.519043
46246.625000 1862.553101 0.000000 1178.618042
46246.625000 1862.553101 0.000000 1178.718994
46246.625000 1862.553101 0.000000 1178.812988
46246.625000 1862.553101 0.000000 1178.917969
46246.625000 1862.553101 0.000000 1179.012939
46246.625000 1862.553101 0.000000 1179.114990
46246.625000 1862.553101 0.000000 1179.218018
46246.625000 1862.553101 0.000000 1179.322998
46246.625000 1862.553101 0.000000 1179.422974
46246.625000 1862.553101 0.000000 1179.517944
46246.625000 1862.553101 0.000000 1179.625977
46246.625000 1862.553101 0.000000 1179.725952
46246.625000 1862.553101 0.000000 1179.807983
46246.625000 1862.553101 0.000000 1179.920044
46246.625000 1862.553101 0.000000 1180.015015
46246.625000 1862.553101 0.000000 1180.119995
46246.625000 1862.553101 0.000000 1180.208008
46246.625000 1862.553101 0.000000 1180.312988
46246.625000 1862.553101 0.000000 1180.427002
46246.625000 1862.553101 0.000000 1180.516968
46246.625000 1862.553101 0.000000 1180.614014
46246.625000 1862.553101 0.000000 1180.713989
46246.625000 1862.553101 0.000000 1180.818970
46246.625000 1862.553101 0.000000 1180.913940
46246.625000 1862.553101 0.000000 1181.009033
46246.625000 1862.553101 0.000000 1181.114014
46246.625000 1862.553101 0.000000 1181.219971
46246.625000 1862.553101 0.000000 1181.313965
46246.625000 1862.553101 0.000000 1181.428955
46246.625000 1862.553101 0.000000 1181.519043
46246.625000 1862.553101 0.000000 1181.628052
46246.625000 1862.553101 0.000000 1181.719971
46246.625000 1862.553101 0.000000 1181.818970
46246.625000 1862.553101 0.000000 1181.918945
46246.625000 1862.553101 0.000000 1182.014038
46246.625000 1862.553101 0.000000 1182.114014
46246.625000 1862.553101 0.000000 1182.208984
46246.625000 1862.553101 0.000000 1182.318970
46246.625000 1862.553101 0.000000 1182.413940
46246.625000 1862.553101 0.000000 1182.515015
46246.625000 1862.553101 0.000000 1182.614014
46246.625000 1862.553101 0.000000 1182.720947
46246.625000 1862.553101 0.000000 1182.819946
46246.625000 1862.553101 0.000000 1182.913940
46246.625000 1862.553101 0.000000 1183.014038
46246.625000 1862.553101 0.000000 1183.114014
46246.625000 1862.553101 0.000000 1183.198975
46246.625000 1862.553101 0.000000 1183.303955
46246.625000 1862.553101 0.000000 1183.416992
46246.625000 1862.553101 0.000000 1183.521973
46246.625000 1862.553101 0.000000 1183.623047
46246.625000 1862.553101 0.000000 1183.713989
46246.625000 1862.553101 0.000000 1183.828979
46246.625000 1862.553101 0.000000 1183.909058
46246.625000 1862.553101 0.000000 1184.015015
46246.625000 1862.553101 0.000000 1184.116943
46246.625000 1862.553101 0.000000 1184.223999
46246.625000 1862.553101 0.000000 1184.318970
46246.625000 1862.553101 0.000000 1184.417969
46246.625000 1862.553101 0.000000 1184.515991
46246.625000 1862.553101 0.000000 1184.615967
46246.625000 1862.553101 0.000000 1184.718018
46246.625000 1862.553101 0.000000 1184.822021
46246.625000 1862.553101 0.000000 1184.916016
46246.625000 1862.553101 0.000000 1185.015991
46246.625000 1862.553101 0.000000 1185.121948
46246.625000 1862.553101 0.000000 1185.215942
46246.625000 1862.553101 0.000000 1185.321045
46246.625000 1862.553101 0.000000 1185.423950
46246.625000 1862.553101 0.000000 1185.515991
46246.625000 1862.553101 0.000000 1185.615967
46246.625000 1862.553101 0.000000 1185.717041
46246.625000 1862.553101 0.000000 1185.816040
46246.625000 1862.553101 0.000000 1185.916016
46246.625000 1862.553101 0.000000 1186.010010
46246.625000 1862.553101 0.000000 1186.119995
46246.625000 1862.553101 0.000000 1186.229980
46246.625000 1862.553101 0.000000 1186.329956
46246.625000 1862.553101 0.000000 1186.430054
46246.625000 1862.553101 0.000000 1186.525024
46246.625000 1862.553101 0.000000 1186.635010
46246.625000 1862.553101 0.000000 1186.729980
46246.625000 1862.553101 0.000000 1186.829956
46246.625000 1862.553101 0.000000 1186.926025
46246.625000 1862.553101 0.000000 1187.020996
46246.625000 1862.553101 0.000000 1187.120972
46246.625000 1862.553101 0.000000 1187.220947
46246.625000 1862.553101 0.000000 1187.321045
46246.625000 1862.553101 0.000000 1187.421021
46246.625000 1862.553101 0.000000 1187.522949
46246.625000 1862.553101 0.000000 1187.624023
46246.625000 1862.553101 0.000000 1187.715942
46246.625000 1862.553101 0.000000 1187.821045
46246.625000 1862.553101 0.000000 1187.921997
46246.625000 1862.553101 0.000000 1188.022949
46246.625000 1862.553101 0.000000 1188.124023
46246.625000 1862.553101 0.000000 1188.223999
46246.625000 1862.553101 0.000000 1188.323975
46246.625000 1862.553101 0.000000 1188.432983
46246.625000 1862.553101 0.000000 1188.532959
46246.625000 1862.553101 0.000000 1188.624023
46246.625000 1862.553101 0.000000 1188.718994
46246.625000 1862.553101 0.000000 1188.824951
46246.625000 1862.553101 0.000000 1188.923950
46246.625000 1862.553101 0.000000 1189.024048
46246.625000 1862.553101 0.000000 1189.114014
46246.625000 1862.553101 0.000000 1189.223022
46246.625000 1862.553101 0.000000 1189.333008
46246.625000 1862.553101 0.000000 1189.432983
46246.625000 1862.553101 0.000000 1189.526001
46246.625000 1862.553101 0.000000 1189.624023
46246.625000 1862.553101 0.000000 1189.729980
46246.625000 1862.553101 0.000000 1189.823975
46246.625000 1862.553101 0.000000 1189.932007
46246.625000 1862.553101 0.000000 1190.031982
46246.625000 1862.553101 0.000000 1190.131958
46246.625000 1862.553101 0.000000 1190.230957
46246.625000 1862.553101 0.000000 1190.323975
46246.625000 1862.553101 0.000000 1190.418945
46246.625000 1862.553101 0.000000 1190.521973
46246.625000 1862.553101 0.000000 1190.621948
46246.625000 1862.553101 0.000000 1190.708984
46246.625000 1862.553101 0.000000 1190.827026
46246.625000 1862.553101 0.000000 1190.925049
46246.625000 1862.553101 0.000000 1191.029053
46246.625000 1862.553101 0.000000 1191.124023
46246.625000 1862.553101 0.000000 1191.224976
46246.625000 1862.553101 0.000000 1191.313965
46246.625000 1862.553101 0.000000 1191.423950
46246.625000 1862.553101 0.000000 1191.519043
46246.625000 1862.553101 0.000000 1191.624023
46246.625000 1862.553101 0.000000 1191.713989
46246.625000 1862.553101 0.000000 1191.824951
46246.625000 1862.553101 0.000000 1191.925049
46246.625000 1862.553101 0.000000 1192.024048
46246.625000 1862.553101 0.000000 1192.130005
46246.625000 1862.553101 0.000000 1192.223022
46246.625000 1862.553101 0.000000 1192.333984
46246.625000 1862.553101 0.000000 1192.433960
46246.625000 1862.553101 0.000000 1192.534058
46246.625000 1862.553101 0.000000 1192.628052
46246.625000 1862.553101 0.000000 1192.719971
46246.625000 1862.553101 0.000000 1192.827026
46246.625000 1862.553101 0.000000 1192.933960
46246.625000 1862.553101 0.000000 1193.032959
46246.625000 1862.553101 0.000000 1193.133057
46246.625000 1862.553101 0.000000 1193.224976
46246.625000 1862.553101 0.000000 1193.319946
46246.625000 1862.553101 0.000000 1193.420044
46246.625000 1862.553101 0.000000 1193.525024
46246.625000 1862.553101 0.000000 1193.630981
46246.625000 1862.553101 0.000000 1193.725952
46246.625000 1862.553101 0.000000 1193.831055
46246.625000 1862.553101 0.000000 1193.925049
46246.625000 1862.553101 0.000000 1194.026001
46246.625000 1862.553101 0.000000 1194.125000
46246.625000 1862.553101 0.000000 1194.225952
46246.625000 1862.553101 0.000000 1194.331055
46246.625000 1862.553101 0.000000 1194.420044
46246.625000 1862.553101 0.000000 1194.520020
46246.625000 1862.553101 0.000000 1194.605957
46246.625000 1862.553101 0.000000 1194.724976
46246.625000 1862.553101 0.000000 1194.810059
46246.625000 1862.553101 0.000000 1194.915039
46246.625000 1862.553101 0.000000 1195.025024
46246.625000 1862.553101 0.000000 1195.125000
46246.625000 1862.553101 0.000000 1195.225952
46246.625000 1862.553101 0.000000 1195.319946
46246.625000 1862.553101 0.000000 1195.420044
46246.625000 1862.553101 0.000000 1195.515015
46246.625000 1862.553101 0.000000 1195.619995
46246.625000 1862.553101 0.000000 1195.720947
46246.625000 1862.553101 0.000000 1195.819946
46246.625000 1862.553101 0.000000 1195.920044
46246.625000 1862.553101 0.000000 1196.025024
46246.625000 1862.553101 0.000000 1196.119995
46246.625000 1862.553101 0.000000 1196.219971
46246.625000 1862.553101 0.000000 1196.326050
46246.625000 1862.553101 0.000000 1196.410034
46246.625000 1862.553101 0.000000 1196.520020
46246.625000 1862.553101 0.000000 1196.625977
46246.625000 1862.553101 0.000000 1196.724976
46246.625000 1862.553101 0.000000 1196.824951
46246.625000 1862.553101 0.000000 1196.930054
46246.625000 1862.553101 0.000000 1197.020996
46246.625000 1862.553101 0.000000 1197.119995
46246.625000 1862.553101 0.000000 1197.224976
46246.625000 1862.553101 0.000000 1197.319946
46246.625000 1862.553101 0.000000 1197.410034
46246.625000 1862.553101 0.000000 1197.520020
46246.625000 1862.553101 0.000000 1197.620972
46246.625000 1862.553101 0.000000 1197.722046
46246.625000 1862.553101 0.000000 1197.826050
46246.625000 1862.553101 0.000000 1197.921997
46246.625000 1862.553101 0.000000 1198.030029
46246.625000 1862.553101 0.000000 1198.128052
46246.625000 1862.553101 0.000000 1198.229980
46246.625000 1862.553101 0.000000 1198.328003
46246.625000 1862.553101 0.000000 1198.432983
46246.625000 1862.553101 0.000000 1198.522949
46246.625000 1862.553101 0.000000 1198.621948
46246.625000 1862.553101 0.000000 1198.722046
46246.625000 1862.553101 0.000000 1198.824951
46246.625000 1862.553101 0.000000 1198.930054
46246.625000 1862.553101 0.000000 1199.034058
46246.625000 1862.553101 0.000000 1199.129028
46246.625000 1862.553101 0.000000 1199.207031
46246.625000 1862.553101 0.000000 1199.322021
46246.625000 1862.553101 0.000000 1199.421997
46246.625000 1862.553101 0.000000 1199.526978
46246.625000 1862.553101 0.000000 1199.626953
46246.625000 1862.553101 0.000000 1199.727051
46246.625000 1862.553101 0.000000 1199.827026
46246.625000 1862.553101 0.000000 1199.921997
46246.625000 1862.553101 0.000000 1200.027954
46246.625000 1862.553101 0.000000 1200.119995
46246.625000 1862.553101 0.000000 1200.224976
46246.625000 1862.553101 0.000000 1200.322998
46246.625000 1862.553101 0.000000 1200.421021
46246.625000 1862.553101 0.000000 1200.536011
46246.625000 1862.553101 0.000000 1200.635986
46246.625000 1862.553101 0.000000 1200.732056
46246.625000 1862.553101 0.000000 1200.833984
46246.625000 1862.553101 0.000000 1200.937012
46246.625000 1862.553101 0.000000 1201.036987
46246.625000 1862.553101 0.000000 1201.135986
46246.625000 1862.553101 0.000000 1201.233032
46246.625000 1862.553101 0.000000 1201.328979
46246.625000 1862.553101 0.000000 1201.427002
46246.625000 1862.553101 0.000000 1201.526978
46246.625000 1862.553101 0.000000 1201.616943
46246.625000 1862.553101 0.000000 1201.717041
46246.625000 1862.553101 0.000000 1201.828979
46246.625000 1862.553101 0.000000 1201.906982
46246.625000 1862.553101 0.000000 1202.017944
46246.625000 1862.553101 0.000000 1202.126953
46246.625000 1862.553101 0.000000 1202.227051
46246.625000 1862.553101 0.000000 1202.323975
46246.625000 1862.553101 0.000000 1202.422974
46246.625000 1862.553101 0.000000 1202.526978
46246.625000 1862.553101 0.000000 1202.623047
46246.625000 1862.553101 0.000000 1202.712036
46246.625000 1862.553101 0.000000 1202.817017
46246.625000 1862.553101 0.000000 1202.927979
46246.625000 1862.553101 0.000000 1203.029053
46246.625000 1862.553101 0.000000 1203.129028
46246.625000 1862.553101 0.000000 1203.223999
46246.625000 1862.553101 0.000000 1203.327026
46246.625000 1862.553101 0.000000 1203.427979
46246.625000 1862.553101 0.000000 1203.526978
46246.625000 1862.553101 0.000000 1203.612061
46246.625000 1862.553101 0.000000 1203.727051
46246.625000 1862.553101 0.000000 1203.822998
46246.625000 1862.553101 0.000000 1203.927002
46246.625000 1862.553101 0.000000 1204.035034
46246.625000 1862.553101 0.000000 1204.135010
46246.625000 1862.553101 0.000000 1204.229980
46246.625000 1862.553101 0.000000 1204.327026
46246.625000 1862.553101 0.000000 1204.421997
46246.625000 1862.553101 0.000000 1204.530029
46246.625000 1862.553101 0.000000 1204.633057
46246.625000 1862.553101 0.000000 1204.727051
46246.625000 1862.553101 0.000000 1204.822021
46246.625000 1862.553101 0.000000 1204.921997
46246.625000 1862.553101 0.000000 1205.021973
46246.625000 1862.553101 0.000000 1205.124023
46246.625000 1862.553101 0.000000 1205.227051
46246.625000 1862.553101 0.000000 1205.327026
46246.625000 1862.553101 0.000000 1205.427979
46246.625000 1862.553101 0.000000 1205.521973
46246.625000 1862.553101 0.000000 1205.628052
46246.625000 1862.553101 0.000000 1205.722046
46246.625000 1862.553101 0.000000 1205.832031
46246.625000 1862.553101 0.000000 1205.927002
46246.625000 1862.553101 0.000000 1206.029053
46246.625000 1862.553101 0.000000 1206.123047
46246.625000 1862.553101 0.000000 1206.222046
46246.625000 1862.553101 0.000000 1206.327026
46246.625000 1862.553101 0.000000 1206.411987
46246.625000 1862.553101 0.000000 1206.521973
46246.625000 1862.553101 0.000000 1206.620972
46246.625000 1862.553101 0.000000 1206.730957
46246.625000 1862.553101 0.000000 1206.826050
46246.625000 1862.553101 0.000000 1206.927002
46246.625000 1862.553101 0.000000 1207.032959
46246.625000 1862.553101 0.000000 1207.128052
46246.625000 1862.553101 0.000000 1207.235962
46246.625000 1862.553101 0.000000 1207.331055
46246.625000 1862.553101 0.000000 1207.421021
46246.625000 1862.553101 0.000000 1207.530029
46246.625000 1862.553101 0.000000 1207.625000
46246.625000 1862.553101 0.000000 1207.724976
46246.625000 1862.553101 0.000000 1207.824951
46246.625000 1862.553101 0.000000 1207.925049
46246.625000 1862.553101 0.000000 1208.025024
46246.625000 1862.553101 0.000000 1208.125000
46246.625000 1862.553101 0.000000 1208.234009
46246.625000 1862.553101 0.000000 1208.333984
46246.625000 1862.553101 0.000000 1208.433960
46246.625000 1862.553101 0.000000 1208.534058
46246.625000 1862.553101 0.000000 1208.634033
46246.625000 1862.553101 0.000000 1208.734009
46246.625000 1862.553101 0.000000 1208.828979
46246.625000 1862.553101 0.000000 1208.933960
46246.625000 1862.553101 0.000000 1209.032959
46246.625000 1862.553101 0.000000 1209.131958
46246.625000 1862.553101 0.000000 1209.227051
46246.625000 1862.553101 0.000000 1209.324951
46246.625000 1862.553101 0.000000 1209.428955
46246.625000 1862.553101 0.000000 1209.534058
46246.625000 1862.553101 0.000000 1209.625000
46246.625000 1862.553101 0.000000 1209.724976
46246.625000 1862.553101 0.000000 1209.829956
46246.625000 1862.553101 0.000000 1209.920044
46246.625000 1862.553101 0.000000 1210.015991
46246.625000 1862.553101 0.000000 1210.125977
46246.625000 1862.553101 0.000000 1210.228027
46246.625000 1862.553101 0.000000 1210.316040
46246.625000 1862.553101 0.000000 1210.426025
46246.625000 1862.553101 0.000000 1210.526978
46246.625000 1862.553101 0.000000 1210.620972
46246.625000 1862.553101 0.000000 1210.725952
46246.625000 1862.553101 0.000000 1210.826050
46246.625000 1862.553101 0.000000 1210.921021
46246.625000 1862.553101 0.000000 1211.026001
46246.625000 1862.553101 0.000000 1211.130981
46246.625000 1862.553101 0.000000 1211.225952
46246.625000 1862.553101 0.000000 1211.326050
46246.625000 1862.553101 0.000000 1211.426025
46246.625000 1862.553101 0.000000 1211.534058
46246.625000 1862.553101 0.000000 1211.634033
46246.625000 1862.553101 0.000000 1211.734009
46246.625000 1862.553101 0.000000 1211.832031
46246.625000 1862.553101 0.000000 1211.926025
46246.625000 1862.553101 0.000000 1212.032959
46246.625000 1862.553101 0.000000 1212.125977
46246.625000 1862.553101 0.000000 1212.225952
46246.625000 1862.553101 0.000000 1212.327026
46246.625000 1862.553101 0.000000 1212.426025
46246.625000 1862.553101 0.000000 1212.527954
46246.625000 1862.553101 0.000000 1212.629028
46246.625000 1862.553101 0.000000 1212.727051
46246.625000 1862.553101 0.000000 1212.822021
46246.625000 1862.553101 0.000000 1212.921997
46246.625000 1862.553101 0.000000 1213.026978
46246.625000 1862.553101 0.000000 1213.121948
46246.625000 1862.553101 0.000000 1213.227051
46246.625000 1862.553101 0.000000 1213.333984
46246.625000 1862.553101 0.000000 1213.427002
46246.625000 1862.553101 0.000000 1213.521973
46246.625000 1862.553101 0.000000 1213.626953
46246.625000 1862.553101 0.000000 1213.717041
46246.625000 1862.553101 0.000000 1213.827026
46246.625000 1862.553101 0.000000 1213.930054
46246.625000 1862.553101 0.000000 1214.024048
46246.625000 1862.553101 0.000000 1214.131958
46246.625000 1862.553101 0.000000 1214.232056
46246.625000 1862.553101 0.000000 1214.329956
46246.625000 1862.553101 0.000000 1214.435059
46246.625000 1862.553101 0.000000 1214.524048
46246.625000 1862.553101 0.000000 1214.625977
46246.625000 1862.553101 0.000000 1214.723999
46246.625000 1862.553101 0.000000 1214.828979
46246.625000 1862.553101 0.000000 1214.932007
46246.625000 1862.553101 0.000000 1215.030029
46246.625000 1862.553101 0.000000 1215.129028
46246.625000 1862.553101 0.000000 1215.228027
46246.625000 1862.553101 0.000000 1215.322998
46246.625000 1862.553101 0.000000 1215.432983
46246.625000 1862.553101 0.000000 1215.527954
46246.625000 1862.553101 0.000000 1215.623047
46246.625000 1862.553101 0.000000 1215.718018
46246.625000 1862.553101 0.000000 1215.822998
46246.625000 1862.553101 0.000000 1215.927979
46246.625000 1862.553101 0.000000 1216.024048
46246.625000 1862.553101 0.000000 1216.128052
46246.625000 1862.553101 0.000000 1216.232056
46246.625000 1862.553101 0.000000 1216.322998
46246.625000 1862.553101 0.000000 1216.426025
46246.625000 1862.553101 0.000000 1216.526978
46246.625000 1862.553101 0.000000 1216.625977
46246.625000 1862.553101 0.000000 1216.725952
46246.625000 1862.553101 0.000000 1216.826050
46246.625000 1862.553101 0.000000 1216.931030
46246.625000 1862.553101 0.000000 1217.026001
46246.625000 1862.553101 0.000000 1217.126953
46246.625000 1862.553101 0.000000 1217.225952
46246.625000 1862.553101 0.000000 1217.332031
46246.625000 1862.553101 0.000000 1217.426025
46246.625000 1862.553101 0.000000 1217.526001
46246.625000 1862.553101 0.000000 1217.626953
46246.625000 1862.553101 0.000000 1217.725952
46246.625000 1862.553101 0.000000 1217.826050
46246.625000 1862.553101 0.000000 1217.927002
46246.625000 1862.553101 0.000000 1218.026001
46246.625000 1862.553101 0.000000 1218.121948
46246.625000 1862.553101 0.000000 1218.225952
46246.625000 1862.553101 0.000000 1218.326050
46246.625000 1862.553101 0.000000 1218.427002
46246.625000 1862.553101 0.000000 1218.526001
46246.625000 1862.553101 0.000000 1218.630981
46246.625000 1862.553101 0.000000 1218.725952
46246.625000 1862.553101 0.000000 1218.827026
46246.625000 1862.553101 0.000000 1218.918945
46246.625000 1862.553101 0.000000 1219.029053
46246.625000 1862.553101 0.000000 1219.125977
46246.625000 1862.553101 0.000000 1219.225952
46246.625000 1862.553101 0.000000 1219.326050
46246.625000 1862.553101 0.000000 1219.426025
46246.625000 1862.553101 0.000000 1219.526001
46246.625000 1862.553101 0.000000 1219.625977
46246.625000 1862.553101 0.000000 1219.725952
46246.625000 1862.553101 0.000000 1219.826050
46246.625000 1862.553101 0.000000 1219.926025
46246.625000 1862.553101 0.000000 1220.025024
46246.625000 1862.553101 0.000000 1220.125977
46246.625000 1862.553101 0.000000 1220.225952
46246.625000 1862.553101 0.000000 1220.326050
46246.625000 1862.553101 0.000000 1220.435059
46246.625000 1862.553101 0.000000 1220.526978
46246.625000 1862.553101 0.000000 1220.625977
46246.625000 1862.553101 0.000000 1220.730957
46246.625000 1862.553101 0.000000 1220.827026
46246.625000 1862.553101 0.000000 1220.926025
46246.625000 1862.553101 0.000000 1221.034058
46246.625000 1862.553101 0.000000 1221.126953
46246.625000 1862.553101 0.000000 1221.225952
46246.625000 1862.553101 0.000000 1221.326050
46246.625000 1862.553101 0.000000 1221.426025
46246.625000 1862.553101 0.000000 1221.515991
46246.625000 1862.553101 0.000000 1221.618042
46246.625000 1862.553101 0.000000 1221.730957
46246.625000 1862.553101 0.000000 1221.827026
46246.625000 1862.553101 0.000000 1221.926025
46246.625000 1862.553101 0.000000 1222.026001
46246.625000 1862.553101 0.000000 1222.120972
46246.625000 1862.553101 0.000000 1222.224976
46246.625000 1862.553101 0.000000 1222.323975
46246.625000 1862.553101 0.000000 1222.423950
46246.625000 1862.553101 0.000000 1222.512939
46246.625000 1862.553101 0.000000 1222.629028
46246.625000 1862.553101 0.000000 1222.713013
46246.625000 1862.553101 0.000000 1222.828003
46246.625000 1862.553101 0.000000 1222.927979
46246.625000 1862.553101 0.000000 1223.022949
46246.625000 1862.553101 0.000000 1223.128052
46246.625000 1862.553101 0.000000 1223.229004
46246.625000 1862.553101 0.000000 1223.322998
46246.625000 1862.553101 0.000000 1223.427979
46246.625000 1862.553101 0.000000 1223.524048
46246.625000 1862.553101 0.000000 1223.628052
46246.625000 1862.553101 0.000000 1223.728027
46246.625000 1862.553101 0.000000 1223.828979
46246.625000 1862.553101 0.000000 1223.927979
46246.625000 1862.553101 0.000000 1224.017944
46246.625000 1862.553101 0.000000 1224.119019
46246.625000 1862.553101 0.000000 1224.228027
46246.625000 1862.553101 0.000000 1224.328003
46246.625000 1862.553101 0.000000 1224.437012
46246.625000 1862.553101 0.000000 1224.536987
46246.625000 1862.553101 0.000000 1224.636963
46246.625000 1862.553101 0.000000 1224.729004
46246.625000 1862.553101 0.000000 1224.817993
46246.625000 1862.553101 0.000000 1224.917969
46246.625000 1862.553101 0.000000 1225.034058
46246.625000 1862.553101 0.000000 1225.128052
46246.625000 1862.553101 0.000000 1225.228027
46246.625000 1862.553101 0.000000 1225.322998
46246.625000 1862.553101 0.000000 1225.427979
46246.625000 1862.553101 0.000000 1225.527954
46246.625000 1862.553101 0.000000 1225.628052
46246.625000 1862.553101 0.000000 1225.734985
46246.625000 1862.553101 0.000000 1225.826050
46246.625000 1862.553101 0.000000 1225.922974
46246.625000 1862.553101 0.000000 1226.027954
46246.625000 1862.553101 0.000000 1226.123047
46246.625000 1862.553101 0.000000 1226.228027
46246.625000 1862.553101 0.000000 1226.328003
46246.625000 1862.553101 0.000000 1226.427979
46246.625000 1862.553101 0.000000 1226.527954
46246.625000 1862.553101 0.000000 1226.630005
46246.625000 1862.553101 0.000000 1226.729004
46246.625000 1862.553101 0.000000 1226.822998
46246.625000 1862.553101 0.000000 1226.922974
46246.625000 1862.553101 0.000000 1227.027954
46246.625000 1862.553101 0.000000 1227.135010
46246.625000 1862.553101 0.000000 1227.228027
46246.625000 1862.553101 0.000000 1227.323975
46246.625000 1862.553101 0.000000 1227.427979
46246.625000 1862.553101 0.000000 1227.532959
46246.625000 1862.553101 0.000000 1227.633057
46246.625000 1862.553101 0.000000 1227.728027
46246.625000 1862.553101 0.000000 1227.828979
46246.625000 1862.553101 0.000000 1227.927979
46246.625000 1862.553101 0.000000 1228.027954
46246.625000 1862.553101 0.000000 1228.128052
46246.625000 1862.553101 0.000000 1228.229004
46246.625000 1862.553101 0.000000 1228.322998
46246.625000 1862.553101 0.000000 1228.428955
46246.625000 1862.553101 0.000000 1228.527954
46246.625000 1862.553101 0.000000 1228.636963
46246.625000 1862.553101 0.000000 1228.728027
46246.625000 1862.553101 0.000000 1228.829956
46246.625000 1862.553101 0.000000 1228.932983
46246.625000 1862.553101 0.000000 1229.027954
46246.625000 1862.553101 0.000000 1229.129028
46246.625000 1862.553101 0.000000 1229.228027
46246.625000 1862.553101 0.000000 1229.336060
46246.625000 1862.553101 0.000000 1229.427979
46246.625000 1862.553101 0.000000 1229.527954
46246.625000 1862.553101 0.000000 1229.635010
46246.625000 1862.553101 0.000000 1229.723999
46246.625000 1862.553101 0.000000 1229.828979
46246.625000 1862.553101 0.000000 1229.928955
46246.625000 1862.553101 0.000000 1230.035034
46246.625000 1862.553101 0.000000 1230.135010
46246.625000 1862.553101 0.000000 1230.233032
46246.625000 1862.553101 0.000000 1230.328979
46246.625000 1862.553101 0.000000 1230.436035
46246.625000 1862.553101 0.000000 1230.534058
46246.625000 1862.553101 0.000000 1230.614014
46246.625000 1862.553101 0.000000 1230.723999
46246.625000 1862.553101 0.000000 1230.838013
46246.625000 1862.553101 0.000000 1230.928955
46246.625000 1862.553101 0.000000 1231.029053
46246.625000 1862.553101 0.000000 1231.130981
46246.625000 1862.553101 0.000000 1231.237061
46246.625000 1862.553101 0.000000 1231.328979
46246.625000 1862.553101 0.000000 1231.428955
46246.625000 1862.553101 0.000000 1231.519043
46246.625000 1862.553101 0.000000 1231.629028
46246.625000 1862.553101 0.000000 1231.723999
46246.625000 1862.553101 0.000000 1231.828979
46246.625000 1862.553101 0.000000 1231.928955
46246.625000 1862.553101 0.000000 1232.024048
46246.625000 1862.553101 0.000000 1232.129028
46246.625000 1862.553101 0.000000 1232.229004
46246.625000 1862.553101 0.000000 1232.328979
46246.625000 1862.553101 0.000000 1232.427979
46246.625000 1862.553101 0.000000 1232.527954
46246.625000 1862.553101 0.000000 1232.628052
46246.625000 1862.553101 0.000000 1232.728027
46246.625000 1862.553101 0.000000 1232.828003
46246.625000 1862.553101 0.000000 1232.927979
46246.625000 1862.553101 0.000000 1233.035034
46246.625000 1862.553101 0.000000 1233.128052
46246.625000 1862.553101 0.000000 1233.228027
46246.625000 1862.553101 0.000000 1233.328003
46246.625000 1862.553101 0.000000 1233.416016
46246.625000 1862.553101 0.000000 1233.531006
46246.625000 1862.553101 0.000000 1233.615967
46246.625000 1862.553101 0.000000 1233.730957
46246.625000 1862.553101 0.000000 1233.826050
46246.625000 1862.553101 0.000000 1233.927002
46246.625000 1862.553101 0.000000 1234.036011
46246.625000 1862.553101 0.000000 1234.126953
46246.625000 1862.553101 0.000000 1234.222046
46246.625000 1862.553101 0.000000 1234.327026
46246.625000 1862.553101 0.000000 1234.416992
46246.625000 1862.553101 0.000000 1234.526978
46246.625000 1862.553101 0.000000 1234.631958
46246.625000 1862.553101 0.000000 1234.727051
46246.625000 1862.553101 0.000000 1234.827026
46246.625000 1862.553101 0.000000 1234.927002
46246.625000 1862.553101 0.000000 1235.026978
46246.625000 1862.553101 0.000000 1235.121948
46246.625000 1862.553101 0.000000 1235.232056
46246.625000 1862.553101 0.000000 1235.317993
46246.625000 1862.553101 0.000000 1235.432007
46246.625000 1862.553101 0.000000 1235.526978
46246.625000 1862.553101 0.000000 1235.631958
46246.625000 1862.553101 0.000000 1235.732056
46246.625000 1862.553101 0.000000 1235.827026
46246.625000 1862.553101 0.000000 1235.927002
46246.625000 1862.553101 0.000000 1236.036011
46246.625000 1862.553101 0.000000 1236.126953
46246.625000 1862.553101 0.000000 1236.227051
46246.625000 1862.553101 0.000000 1236.328003
46246.625000 1862.553101 0.000000 1236.427002
46246.625000 1862.553101 0.000000 1236.526978
46246.625000 1862.553101 0.000000 1236.626953
46246.625000 1862.553101 0.000000 1236.732056
46246.625000 1862.553101 0.000000 1236.832031
46246.625000 1862.553101 0.000000 1236.932007
46246.625000 1862.553101 0.000000 1237.031982
46246.625000 1862.553101 0.000000 1237.135010
46246.625000 1862.553101 0.000000 1237.232056
46246.625000 1862.553101 0.000000 1237.332031
46246.625000 1862.553101 0.000000 1237.427002
46246.625000 1862.553101 0.000000 1237.516968
46246.625000 1862.553101 0.000000 1237.630005
46246.625000 1862.553101 0.000000 1237.729004
46246.625000 1862.553101 0.000000 1237.833984
46246.625000 1862.553101 0.000000 1237.928955
46246.625000 1862.553101 0.000000 1238.029053
46246.625000 1862.553101 0.000000 1238.129028
46246.625000 1862.553101 0.000000 1238.229004
46246.625000 1862.553101 0.000000 1238.328979
46246.625000 1862.553101 0.000000 1238.433960
46246.625000 1862.553101 0.000000 1238.530029
46246.625000 1862.553101 0.000000 1238.630005
46246.625000 1862.553101 0.000000 1238.729980
46246.625000 1862.553101 0.000000 1238.819946
46246.625000 1862.553101 0.000000 1238.928955
46246.625000 1862.553101 0.000000 1239.029053
46246.625000 1862.553101 0.000000 1239.129028
46246.625000 1862.553101 0.000000 1239.229004
46246.625000 1862.553101 0.000000 1239.323975
46246.625000 1862.553101 0.000000 1239.430054
46246.625000 1862.553101 0.000000 1239.535034
46246.625000 1862.553101 0.000000 1239.635010
46246.625000 1862.553101 0.000000 1239.729004
46246.625000 1862.553101 0.000000 1239.828979
46246.625000 1862.553101 0.000000 1239.930054
46246.625000 1862.553101 0.000000 1240.029053
46246.625000 1862.553101 0.000000 1240.133057
46246.625000 1862.553101 0.000000 1240.229004
46246.625000 1862.553101 0.000000 1240.328003
46246.625000 1862.553101 0.000000 1240.437012
46246.625000 1862.553101 0.000000 1240.536987
46246.625000 1862.553101 0.000000 1240.635010
46246.625000 1862.553101 0.000000 1240.737061
46246.625000 1862.553101 0.000000 1240.831055
46246.625000 1862.553101 0.000000 1240.930054
46246.625000 1862.553101 0.000000 1241.027954
46246.625000 1862.553101 0.000000 1241.128052
46246.625000 1862.553101 0.000000 1241.233032
46246.625000 1862.553101 0.000000 1241.342041
46246.625000 1862.553101 0.000000 1241.437012
46246.625000 1862.553101 0.000000 1241.536987
46246.625000 1862.553101 0.000000 1241.636963
46246.625000 1862.553101 0.000000 1241.738037
46246.625000 1862.553101 0.000000 1241.839966
46246.625000 1862.553101 0.000000 1241.939941
46246.625000 1862.553101 0.000000 1242.034058
46246.625000 1862.553101 0.000000 1242.119019
46246.625000 1862.553101 0.000000 1242.233032
46246.625000 1862.553101 0.000000 1242.333008
46246.625000 1862.553101 0.000000 1242.432983
46246.625000 1862.553101 0.000000 1242.538940
46246.625000 1862.553101 0.000000 1242.623047
46246.625000 1862.553101 0.000000 1242.740967
46246.625000 1862.553101 0.000000 1242.838989
46246.625000 1862.553101 0.000000 1242.922974
46246.625000 1862.553101 0.000000 1243.032959
46246.625000 1862.553101 0.000000 1243.130981
46246.625000 1862.553101 0.000000 1243.233032
46246.625000 1862.553101 0.000000 1243.333008
46246.625000 1862.553101 0.000000 1243.432983
46246.625000 1862.553101 0.000000 1243.532959
46246.625000 1862.553101 0.000000 1243.642944
46246.625000 1862.553101 0.000000 1243.733032
46246.625000 1862.553101 0.000000 1243.814941
46246.625000 1862.553101 0.000000 1243.931030
46246.625000 1862.553101 0.000000 1244.015015
46246.625000 1862.553101 0.000000 1244.130005
46246.625000 1862.553101 0.000000 1244.234985
46246.625000 1862.553101 0.000000 1244.331055
46246.625000 1862.553101 0.000000 1244.436035
46246.625000 1862.553101 0.000000 1244.531982
46246.625000 1862.553101 0.000000 1244.631958
46246.625000 1862.553101 0.000000 1244.745972
46246.625000 1862.553101 0.000000 1244.845947
46246.625000 1862.553101 0.000000 1244.941040
46246.625000 1862.553101 0.000000 1245.036011
46246.625000 1862.553101 0.000000 1245.140991
46246.625000 1862.553101 0.000000 1245.225952
46246.625000 1862.553101 0.000000 1245.336060
46246.625000 1862.553101 0.000000 1245.437988
46246.625000 1862.553101 0.000000 1245.537964
46246.625000 1862.553101 0.000000 1245.631958
46246.625000 1862.553101 0.000000 1245.732056
46246.625000 1862.553101 0.000000 1245.831055
46246.625000 1862.553101 0.000000 1245.936035
46246.625000 1862.553101 0.000000 1246.031006
46246.625000 1862.553101 0.000000 1246.130981
46246.625000 1862.553101 0.000000 1246.230957
46246.625000 1862.553101 0.000000 1246.331055
46246.625000 1862.553101 0.000000 1246.431030
46246.625000 1862.553101 0.000000 1246.536011
46246.625000 1862.553101 0.000000 1246.631958
46246.625000 1862.553101 0.000000 1246.717041
46246.625000 1862.553101 0.000000 1246.831055
46246.625000 1862.553101 0.000000 1246.931030
46246.625000 1862.553101 0.000000 1247.031982
46246.625000 1862.553101 0.000000 1247.129028
46246.625000 1862.553101 0.000000 1247.234009
46246.625000 1862.553101 0.000000 1247.333984
46246.625000 1862.553101 0.000000 1247.437012
46246.625000 1862.553101 0.000000 1247.531982
46246.625000 1862.553101 0.000000 1247.631958
46246.625000 1862.553101 0.000000 1247.733032
46246.625000 1862.553101 0.000000 1247.833984
46246.625000 1862.553101 0.000000 1247.932983
46246.625000 1862.553101 0.000000 1248.031982
46246.625000 1862.553101 0.000000 1248.131958
46246.625000 1862.553101 0.000000 1248.232056
46246.625000 1862.553101 0.000000 1248.332031
46246.625000 1862.553101 0.000000 1248.432007
46246.625000 1862.553101 0.000000 1248.537964
46246.625000 1862.553101 0.000000 1248.636963
46246.625000 1862.553101 0.000000 1248.733032
46246.625000 1862.553101 0.000000 1248.833008
46246.625000 1862.553101 0.000000 1248.933960
46246.625000 1862.553101 0.000000 1249.032959
46246.625000 1862.553101 0.000000 1249.133057
46246.625000 1862.553101 0.000000 1249.233032
46246.625000 1862.553101 0.000000 1249.333008
46246.625000 1862.553101 0.000000 1249.433960
46246.625000 1862.553101 0.000000 1249.538940
46246.625000 1862.553101 0.000000 1249.634033
46246.625000 1862.553101 0.000000 1249.734009
46246.625000 1862.553101 0.000000 1249.823975
46246.625000 1862.553101 0.000000 1249.933960
46246.625000 1862.553101 0.000000 1250.034058
46246.625000 1862.553101 0.000000 1250.145996
46246.625000 1862.553101 0.000000 1250.245972
46246.625000 1862.553101 0.000000 1250.333984
46246.625000 1862.553101 0.000000 1250.438965
46246.625000 1862.553101 0.000000 1250.538940
46246.625000 1862.553101 0.000000 1250.634033
46246.625000 1862.553101 0.000000 1250.746948
46246.625000 1862.553101 0.000000 1250.842041
46246.625000 1862.553101 0.000000 1250.933960
46246.625000 1862.553101 0.000000 1251.026978
46246.625000 1862.553101 0.000000 1251.140015
46246.625000 1862.553101 0.000000 1251.234009
46246.625000 1862.553101 0.000000 1251.328979
46246.625000 1862.553101 0.000000 1251.433960
46246.625000 1862.553101 0.000000 1251.540039
46246.625000 1862.553101 0.000000 1251.630005
46246.625000 1862.553101 0.000000 1251.734985
46246.625000 1862.553101 0.000000 1251.844971
46246.625000 1862.553101 0.000000 1251.933960
46246.625000 1862.553101 0.000000 1252.034058
46246.625000 1862.553101 0.000000 1252.134033
46246.625000 1862.553101 0.000000 1252.234009
46246.625000 1862.553101 0.000000 1252.344971
46246.625000 1862.553101 0.000000 1252.428955
46246.625000 1862.553101 0.000000 1252.538940
46246.625000 1862.553101 0.000000 1252.640015
46246.625000 1862.553101 0.000000 1252.723999
46246.625000 1862.553101 0.000000 1252.838989
46246.625000 1862.553101 0.000000 1252.933960
46246.625000 1862.553101 0.000000 1253.041016
46246.625000 1862.553101 0.000000 1253.134033
46246.625000 1862.553101 0.000000 1253.244019
46246.625000 1862.553101 0.000000 1253.336060
46246.625000 1862.553101 0.000000 1253.436035
46246.625000 1862.553101 0.000000 1253.536011
46246.625000 1862.553101 0.000000 1253.642944
46246.625000 1862.553101 0.000000 1253.725952
46246.625000 1862.553101 0.000000 1253.836060
46246.625000 1862.553101 0.000000 1253.936035
46246.625000 1862.553101 0.000000 1254.045044
46246.625000 1862.553101 0.000000 1254.145020
46246.625000 1862.553101 0.000000 1254.235962
46246.625000 1862.553101 0.000000 1254.336060
46246.625000 1862.553101 0.000000 1254.426025
46246.625000 1862.553101 0.000000 1254.545044
46246.625000 1862.553101 0.000000 1254.635010
46246.625000 1862.553101 0.000000 1254.734985
46246.625000 1862.553101 0.000000 1254.844971
46246.625000 1862.553101 0.000000 1254.944946
46246.625000 1862.553101 0.000000 1255.045044
46246.625000 1862.553101 0.000000 1255.145020
46246.625000 1862.553101 0.000000 1255.244995
46246.625000 1862.553101 0.000000 1255.344971
46246.625000 1862.553101 0.000000 1255.435059
46246.625000 1862.553101 0.000000 1255.545044
46246.625000 1862.553101 0.000000 1255.645020
46246.625000 1862.553101 0.000000 1255.735962
46246.625000 1862.553101 0.000000 1255.834961
46246.625000 1862.553101 0.000000 1255.942993
46246.625000 1862.553101 0.000000 1256.040039
46246.625000 1862.553101 0.000000 1256.140015
46246.625000 1862.553101 0.000000 1256.239990
46246.625000 1862.553101 0.000000 1256.331055
46246.625000 1862.553101 0.000000 1256.442017
46246.625000 1862.553101 0.000000 1256.525024
46246.625000 1862.553101 0.000000 1256.630005
46246.625000 1862.553101 0.000000 1256.734985
46246.625000 1862.553101 0.000000 1256.834961
46246.625000 1862.553101 0.000000 1256.936035
46246.625000 1862.553101 0.000000 1257.035034
46246.625000 1862.553101 0.000000 1257.135010
46246.625000 1862.553101 0.000000 1257.234985
46246.625000 1862.553101 0.000000 1257.322998
46246.625000 1862.553101 0.000000 1257.436035
46246.625000 1862.553101 0.000000 1257.548950
46246.625000 1862.553101 0.000000 1257.644043
46246.625000 1862.553101 0.000000 1257.744019
46246.625000 1862.553101 0.000000 1257.831055
46246.625000 1862.553101 0.000000 1257.936035
46246.625000 1862.553101 0.000000 1258.036011
46246.625000 1862.553101 0.000000 1258.135986
46246.625000 1862.553101 0.000000 1258.235962
46246.625000 1862.553101 0.000000 1258.336060
46246.625000 1862.553101 0.000000 1258.441040
46246.625000 1862.553101 0.000000 1258.540039
46246.625000 1862.553101 0.000000 1258.635986
46246.625000 1862.553101 0.000000 1258.730957
46246.625000 1862.553101 0.000000 1258.840942
46246.625000 1862.553101 0.000000 1258.947998
46246.625000 1862.553101 0.000000 1259.041016
46246.625000 1862.553101 0.000000 1259.135986
46246.625000 1862.553101 0.000000 1259.237061
46246.625000 1862.553101 0.000000 1259.331055
46246.625000 1862.553101 0.000000 1259.441040
46246.625000 1862.553101 0.000000 1259.526001
46246.625000 1862.553101 0.000000 1259.640991
46246.625000 1862.553101 0.000000 1259.735962
46246.625000 1862.553101 0.000000 1259.837036
46246.625000 1862.553101 0.000000 1259.936035
46246.625000 1862.553101 0.000000 1260.036011
46246.625000 1862.553101 0.000000 1260.135986
46246.625000 1862.553101 0.000000 1260.235962
46246.625000 1862.553101 0.000000 1260.336060
46246.625000 1862.553101 0.000000 1260.436035
46246.625000 1862.553101 0.000000 1260.536011
46246.625000 1862.553101 0.000000 1260.635986
46246.625000 1862.553101 0.000000 1260.727051
46246.625000 1862.553101 0.000000 1260.842041
46246.625000 1862.553101 0.000000 1260.936035
46246.625000 1862.553101 0.000000 1261.036011
46246.625000 1862.553101 0.000000 1261.130981
46246.625000 1862.553101 0.000000 1261.235962
46246.625000 1862.553101 0.000000 1261.336060
46246.625000 1862.553101 0.000000 1261.436035
46246.625000 1862.553101 0.000000 1261.542969
46246.625000 1862.553101 0.000000 1261.644043
46246.625000 1862.553101 0.000000 1261.735962
46246.625000 1862.553101 0.000000 1261.836060
46246.625000 1862.553101 0.000000 1261.936035
46246.625000 1862.553101 0.000000 1262.041016
46246.625000 1862.553101 0.000000 1262.140991
46246.625000 1862.553101 0.000000 1262.239014
46246.625000 1862.553101 0.000000 1262.336060
46246.625000 1862.553101 0.000000 1262.436035
46246.625000 1862.553101 0.000000 1262.536011
46246.625000 1862.553101 0.000000 1262.636963
46246.625000 1862.553101 0.000000 1262.730957
46246.625000 1862.553101 0.000000 1262.831055
46246.625000 1862.553101 0.000000 1262.941040
46246.625000 1862.553101 0.000000 1263.041016
46246.625000 1862.553101 0.000000 1263.135986
46246.625000 1862.553101 0.000000 1263.240967
46246.625000 1862.553101 0.000000 1263.336060
46246.625000 1862.553101 0.000000 1263.416016
46246.625000 1862.553101 0.000000 1263.536011
46246.625000 1862.553101 0.000000 1263.642944
46246.625000 1862.553101 0.000000 1263.744995
46246.625000 1862.553101 0.000000 1263.844971
46246.625000 1862.553101 0.000000 1263.944946
46246.625000 1862.553101 0.000000 1264.045044
46246.625000 1862.553101 0.000000 1264.145020
46246.625000 1862.553101 0.000000 1264.234985
46246.625000 1862.553101 0.000000 1264.336060
46246.625000 1862.553101 0.000000 1264.436035
46246.625000 1862.553101 0.000000 1264.536011
46246.625000 1862.553101 0.000000 1264.635986
46246.625000 1862.553101 0.000000 1264.735962
46246.625000 1862.553101 0.000000 1264.840942
46246.625000 1862.553101 0.000000 1264.938965
46246.625000 1862.553101 0.000000 1265.043945
46246.625000 1862.553101 0.000000 1265.144043
46246.625000 1862.553101 0.000000 1265.237061
46246.625000 1862.553101 0.000000 1265.338989
46246.625000 1862.553101 0.000000 1265.435059
46246.625000 1862.553101 0.000000 1265.536987
46246.625000 1862.553101 0.000000 1265.636963
46246.625000 1862.553101 0.000000 1265.744995
46246.625000 1862.553101 0.000000 1265.837036
46246.625000 1862.553101 0.000000 1265.937988
46246.625000 1862.553101 0.000000 1266.036987
46246.625000 1862.553101 0.000000 1266.140015
46246.625000 1862.553101 0.000000 1266.237061
46246.625000 1862.553101 0.000000 1266.337036
46246.625000 1862.553101 0.000000 1266.442017
46246.625000 1862.553101 0.000000 1266.541992
46246.625000 1862.553101 0.000000 1266.636963
46246.625000 1862.553101 0.000000 1266.737061
46246.625000 1862.553101 0.000000 1266.837036
46246.625000 1862.553101 0.000000 1266.937012
46246.625000 1862.553101 0.000000 1267.036987
46246.625000 1862.553101 0.000000 1267.139038
46246.625000 1862.553101 0.000000 1267.239014
46246.625000 1862.553101 0.000000 1267.332031
46246.625000 1862.553101 0.000000 1267.428955
46246.625000 1862.553101 0.000000 1267.529053
46246.625000 1862.553101 0.000000 1267.635010
46246.625000 1862.553101 0.000000 1267.734009
46246.625000 1862.553101 0.000000 1267.833984
46246.625000 1862.553101 0.000000 1267.918945
46246.625000 1862.553101 0.000000 1268.038940
46246.625000 1862.553101 0.000000 1268.134033
46246.625000 1862.553101 0.000000 1268.234009
46246.625000 1862.553101 0.000000 1268.333984
46246.625000 1862.553101 0.000000 1268.433960
46246.625000 1862.553101 0.000000 1268.547974
46246.625000 1862.553101 0.000000 1268.635986
46246.625000 1862.553101 0.000000 1268.739014
46246.625000 1862.553101 0.000000 1268.838013
46246.625000 1862.553101 0.000000 1268.937988
46246.625000 1862.553101 0.000000 1269.037964
46246.625000 1862.553101 0.000000 1269.144043
46246.625000 1862.553101 0.000000 1269.238037
46246.625000 1862.553101 0.000000 1269.333008
46246.625000 1862.553101 0.000000 1269.437988
46246.625000 1862.553101 0.000000 1269.541016
46246.625000 1862.553101 0.000000 1269.637939
46246.625000 1862.553101 0.000000 1269.739990
46246.625000 1862.553101 0.000000 1269.845947
46246.625000 1862.553101 0.000000 1269.946045
46246.625000 1862.553101 0.000000 1270.034058
46246.625000 1862.553101 0.000000 1270.133057
46246.625000 1862.553101 0.000000 1270.238037
46246.625000 1862.553101 0.000000 1270.340942
46246.625000 1862.553101 0.000000 1270.437988
46246.625000 1862.553101 0.000000 1270.537964
46246.625000 1862.553101 0.000000 1270.635010
46246.625000 1862.553101 0.000000 1270.734985
46246.625000 1862.553101 0.000000 1270.829956
46246.625000 1862.553101 0.000000 1270.939941
46246.625000 1862.553101 0.000000 1271.026001
46246.625000 1862.553101 0.000000 1271.125000
46246.625000 1862.553101 0.000000 1271.239990
46246.625000 1862.553101 0.000000 1271.334961
46246.625000 1862.553101 0.000000 1271.432007
46246.625000 1862.553101 0.000000 1271.540039
46246.625000 1862.553101 0.000000 1271.645020
46246.625000 1862.553101 0.000000 1271.740967
46246.625000 1862.553101 0.000000 1271.834961
46246.625000 1862.553101 0.000000 1271.930054
46246.625000 1862.553101 0.000000 1272.046021
46246.625000 1862.553101 0.000000 1272.146973
46246.625000 1862.553101 0.000000 1272.246948
46246.625000 1862.553101 0.000000 1272.347046
46246.625000 1862.553101 0.000000 1272.447998
46246.625000 1862.553101 0.000000 1272.547974
46246.625000 1862.553101 0.000000 1272.640015
46246.625000 1862.553101 0.000000 1272.739990
46246.625000 1862.553101 0.000000 1272.839966
46246.625000 1862.553101 0.000000 1272.939941
46246.625000 1862.553101 0.000000 1273.040039
46246.625000 1862.553101 0.000000 1273.150024
46246.625000 1862.553101 0.000000 1273.239990
46246.625000 1862.553101 0.000000 1273.344971
46246.625000 1862.553101 0.000000 1273.441040
46246.625000 1862.553101 0.000000 1273.536011
46246.625000 1862.553101 0.000000 1273.640991
46246.625000 1862.553101 0.000000 1273.730957
46246.625000 1862.553101 0.000000 1273.837036
46246.625000 1862.553101 0.000000 1273.936035
46246.625000 1862.553101 0.000000 1274.038940
46246.625000 1862.553101 0.000000 1274.131958
46246.625000 1862.553101 0.000000 1274.237061
46246.625000 1862.553101 0.000000 1274.336060
46246.625000 1862.553101 0.000000 1274.439941
46246.625000 1862.553101 0.000000 1274.540039
46246.625000 1862.553101 0.000000 1274.636963
46246.625000 1862.553101 0.000000 1274.734985
46246.625000 1862.553101 0.000000 1274.837036
46246.625000 1862.553101 0.000000 1274.932007
46246.625000 1862.553101 0.000000 1275.041992
46246.625000 1862.553101 0.000000 1275.136963
46246.625000 1862.553101 0.000000 1275.245972
46246.625000 1862.553101 0.000000 1275.345947
46246.625000 1862.553101 0.000000 1275.446045
46246.625000 1862.553101 0.000000 1275.546021
46246.625000 1862.553101 0.000000 1275.645996
46246.625000 1862.553101 0.000000 1275.737061
46246.625000 1862.553101 0.000000 1275.837036
46246.625000 1862.553101 0.000000 1275.942017
46246.625000 1862.553101 0.000000 1276.036987
46246.625000 1862.553101 0.000000 1276.136963
46246.625000 1862.553101 0.000000 1276.237061
46246.625000 1862.553101 0.000000 1276.337036
46246.625000 1862.553101 0.000000 1276.437012
46246.625000 1862.553101 0.000000 1276.538940
46246.625000 1862.553101 0.000000 1276.639038
46246.625000 1862.553101 0.000000 1276.734009
46246.625000 1862.553101 0.000000 1276.838989
46246.625000 1862.553101 0.000000 1276.923950
46246.625000 1862.553101 0.000000 1277.041016
46246.625000 1862.553101 0.000000 1277.135010
46246.625000 1862.553101 0.000000 1277.239014
46246.625000 1862.553101 0.000000 1277.338989
46246.625000 1862.553101 0.000000 1277.433960
46246.625000 1862.553101 0.000000 1277.538940
46246.625000 1862.553101 0.000000 1277.624023
46246.625000 1862.553101 0.000000 1277.734009
46246.625000 1862.553101 0.000000 1277.838989
46246.625000 1862.553101 0.000000 1277.935059
46246.625000 1862.553101 0.000000 1278.041016
46246.625000 1862.553101 0.000000 1278.140015
46246.625000 1862.553101 0.000000 1278.234009
46246.625000 1862.553101 0.000000 1278.333984
46246.625000 1862.553101 0.000000 1278.438965
46246.625000 1862.553101 0.000000 1278.534058
46246.625000 1862.553101 0.000000 1278.640015
46246.625000 1862.553101 0.000000 1278.734009
46246.625000 1862.553101 0.000000 1278.833984
46246.625000 1862.553101 0.000000 1278.931030
46246.625000 1862.553101 0.000000 1279.030029
46246.625000 1862.553101 0.000000 1279.135010
46246.625000 1862.553101 0.000000 1279.244995
46246.625000 1862.553101 0.000000 1279.334961
46246.625000 1862.553101 0.000000 1279.436035
46246.625000 1862.553101 0.000000 1279.535034
46246.625000 1862.553101 0.000000 1279.641968
46246.625000 1862.553101 0.000000 1279.746948
46246.625000 1862.553101 0.000000 1279.839966
46246.625000 1862.553101 0.000000 1279.930054
46246.625000 1862.553101 0.000000 1280.035034
46246.625000 1862.553101 0.000000 1280.135010
46246.625000 1862.553101 0.000000 1280.239990
46246.625000 1862.553101 0.000000 1280.340942
46246.625000 1862.553101 0.000000 1280.439941
46246.625000 1862.553101 0.000000 1280.548950
46246.625000 1862.553101 0.000000 1280.644043
46246.625000 1862.553101 0.000000 1280.744019
46246.625000 1862.553101 0.000000 1280.850952
46246.625000 1862.553101 0.000000 1280.946045
46246.625000 1862.553101 0.000000 1281.046021
46246.625000 1862.553101 0.000000 1281.145996
46246.625000 1862.553101 0.000000 1281.245972
46246.625000 1862.553101 0.000000 1281.336060
46246.625000 1862.553101 0.000000 1281.446045
46246.625000 1862.553101 0.000000 1281.546021
46246.625000 1862.553101 0.000000 1281.652954
46246.625000 1862.553101 0.000000 1281.745972
46246.625000 1862.553101 0.000000 1281.831055
46246.625000 1862.553101 0.000000 1281.943970
46246.625000 1862.553101 0.000000 1282.053955
46246.625000 1862.553101 0.000000 1282.154053
46246.625000 1862.553101 0.000000 1282.251953
46246.625000 1862.553101 0.000000 1282.345947
46246.625000 1862.553101 0.000000 1282.446045
46246.625000 1862.553101 0.000000 1282.546021
46246.625000 1862.553101 0.000000 1282.645996
46246.625000 1862.553101 0.000000 1282.740967
46246.625000 1862.553101 0.000000 1282.853027
46246.625000 1862.553101 0.000000 1282.946045
46246.625000 1862.553101 0.000000 1283.046021
46246.625000 1862.553101 0.000000 1283.154053
46246.625000 1862.553101 0.000000 1283.254028
46246.625000 1862.553101 0.000000 1283.370972
46246.625000 1862.553101 0.000000 1283.461060
46246.625000 1862.553101 0.000000 1283.562012
46246.625000 1862.553101 0.000000 1283.657959
46246.625000 1862.553101 0.000000 1283.758057
46246.625000 1862.553101 0.000000 1283.852051
46246.625000 1862.553101 0.000000 1283.957031
46246.625000 1862.553101 0.000000 1284.057983
46246.625000 1862.553101 0.000000 1284.160034
46246.625000 1862.553101 0.000000 1284.266968
46246.625000 1862.553101 0.000000 1284.357056
46246.625000 1862.553101 0.000000 1284.465942
46246.625000 1862.553101 0.000000 1284.557007
46246.625000 1862.553101 0.000000 1284.663940
46246.625000 1862.553101 0.000000 1284.751953
46246.625000 1862.553101 0.000000 1284.862061
46246.625000 1862.553101 0.000000 1284.967041
46246.625000 1862.553101 0.000000 1285.067993
46246.625000 1862.553101 0.000000 1285.166992
46246.625000 1862.553101 0.000000 1285.261963
46246.625000 1862.553101 0.000000 1285.362061
46246.625000 1862.553101 0.000000 1285.462036
46246.625000 1862.553101 0.000000 1285.567017
46246.625000 1862.553101 0.000000 1285.661987
46246.625000 1862.553101 0.000000 1285.761963
46246.625000 1862.553101 0.000000 1285.866943
46246.625000 1862.553101 0.000000 1285.962036
46246.625000 1862.553101 0.000000 1286.062012
46246.625000 1862.553101 0.000000 1286.161987
46246.625000 1862.553101 0.000000 1286.261963
46246.625000 1862.553101 0.000000 1286.364014
46246.625000 1862.553101 0.000000 1286.462036
46246.625000 1862.553101 0.000000 1286.562012
46246.625000 1862.553101 0.000000 1286.661987
46246.625000 1862.553101 0.000000 1286.761963
46246.625000 1862.553101 0.000000 1286.862061
46246.625000 1862.553101 0.000000 1286.963013
46246.625000 1862.553101 0.000000 1287.074951
46246.625000 1862.553101 0.000000 1287.156982
46246.625000 1862.553101 0.000000 1287.264038
46246.625000 1862.553101 0.000000 1287.362061
46246.625000 1862.553101 0.000000 1287.467041
46246.625000 1862.553101 0.000000 1287.562012
46246.625000 1862.553101 0.000000 1287.661987
46246.625000 1862.553101 0.000000 1287.770996
46246.625000 1862.553101 0.000000 1287.870972
46246.625000 1862.553101 0.000000 1287.970947
46246.625000 1862.553101 0.000000 1288.071045
46246.625000 1862.553101 0.000000 1288.168945
46246.625000 1862.553101 0.000000 1288.272949
46246.625000 1862.553101 0.000000 1288.374023
46246.625000 1862.553101 0.000000 1288.468994
46246.625000 1862.553101 0.000000 1288.567017
46246.625000 1862.553101 0.000000 1288.667969
46246.625000 1862.553101 0.000000 1288.761963
46246.625000 1862.553101 0.000000 1288.866943
46246.625000 1862.553101 0.000000 1288.962036
46246.625000 1862.553101 0.000000 1289.067017
46246.625000 1862.553101 0.000000 1289.161987
46246.625000 1862.553101 0.000000 1289.267944
46246.625000 1862.553101 0.000000 1289.371948
46246.625000 1862.553101 0.000000 1289.457031
46246.625000 1862.553101 0.000000 1289.562012
46246.625000 1862.553101 0.000000 1289.666992
46246.625000 1862.553101 0.000000 1289.761963
46246.625000 1862.553101 0.000000 1289.857056
46246.625000 1862.553101 0.000000 1289.967041
46246.625000 1862.553101 0.000000 1290.067017
46246.625000 1862.553101 0.000000 1290.161987
46246.625000 1862.553101 0.000000 1290.261963
46246.625000 1862.553101 0.000000 1290.359009
46246.625000 1862.553101 0.000000 1290.463989
46246.625000 1862.553101 0.000000 1290.547974
46246.625000 1862.553101 0.000000 1290.662964
46246.625000 1862.553101 0.000000 1290.762939
46246.625000 1862.553101 0.000000 1290.864990
46246.625000 1862.553101 0.000000 1290.963989
46246.625000 1862.553101 0.000000 1291.063965
46246.625000 1862.553101 0.000000 1291.166016
46246.625000 1862.553101 0.000000 1291.264038
46246.625000 1862.553101 0.000000 1291.354980
46246.625000 1862.553101 0.000000 1291.454956
46246.625000 1862.553101 0.000000 1291.561035
46246.625000 1862.553101 0.000000 1291.665039
46246.625000 1862.553101 0.000000 1291.755005
46246.625000 1862.553101 0.000000 1291.864990
46246.625000 1862.553101 0.000000 1291.959961
46246.625000 1862.553101 0.000000 1292.064941
46246.625000 1862.553101 0.000000 1292.175049
46246.625000 1862.553101 0.000000 1292.275024
46246.625000 1862.553101 0.000000 1292.375000
46246.625000 1862.553101 0.000000 1292.469971
46246.625000 1862.553101 0.000000 1292.560059
46246.625000 1862.553101 0.000000 1292.670044
46246.625000 1862.553101 0.000000 1292.760010
46246.625000 1862.553101 0.000000 1292.859985
46246.625000 1862.553101 0.000000 1292.964966
46246.625000 1862.553101 0.000000 1293.074951
46246.625000 1862.553101 0.000000 1293.170044
46246.625000 1862.553101 0.000000 1293.275024
46246.625000 1862.553101 0.000000 1293.375000
46246.625000 1862.553101 0.000000 1293.469971
46246.625000 1862.553101 0.000000 1293.571045
46246.625000 1862.553101 0.000000 1293.660034
46246.625000 1862.553101 0.000000 1293.766968
46246.625000 1862.553101 0.000000 1293.864990
46246.625000 1862.553101 0.000000 1293.954956
46246.625000 1862.553101 0.000000 1294.060059
46246.625000 1862.553101 0.000000 1294.160034
46246.625000 1862.553101 0.000000 1294.265015
46246.625000 1862.553101 0.000000 1294.373047
46246.625000 1862.553101 0.000000 1294.473022
46246.625000 1862.553101 0.000000 1294.578003
46246.625000 1862.553101 0.000000 1294.672974
46246.625000 1862.553101 0.000000 1294.772949
46246.625000 1862.553101 0.000000 1294.873047
46246.625000 1862.553101 0.000000 1294.973022
46246.625000 1862.553101 0.000000 1295.062988
46246.625000 1862.553101 0.000000 1295.162964
46246.625000 1862.553101 0.000000 1295.262939
46246.625000 1862.553101 0.000000 1295.369019
46246.625000 1862.553101 0.000000 1295.468994
46246.625000 1862.553101 0.000000 1295.568970
46246.625000 1862.553101 0.000000 1295.662964
46246.625000 1862.553101 0.000000 1295.764038
46246.625000 1862.553101 0.000000 1295.853027
46246.625000 1862.553101 0.000000 1295.963013
46246.625000 1862.553101 0.000000 1296.067993
46246.625000 1862.553101 0.000000 1296.152954
46246.625000 1862.553101 0.000000 1296.264038
46246.625000 1862.553101 0.000000 1296.363037
46246.625000 1862.553101 0.000000 1296.468994
46246.625000 1862.553101 0.000000 1296.562988
46246.625000 1862.553101 0.000000 1296.662964
46246.625000 1862.553101 0.000000 1296.762939
46246.625000 1862.553101 0.000000 1296.853027
46246.625000 1862.553101 0.000000 1296.963013
46246.625000 1862.553101 0.000000 1297.069946
46246.625000 1862.553101 0.000000 1297.170044
46246.625000 1862.553101 0.000000 1297.262939
46246.625000 1862.553101 0.000000 1297.363037
46246.625000 1862.553101 0.000000 1297.463989
46246.625000 1862.553101 0.000000 1297.567993
46246.625000 1862.553101 0.000000 1297.663940
46246.625000 1862.553101 0.000000 1297.767944
46246.625000 1862.553101 0.000000 1297.869019
46246.625000 1862.553101 0.000000 1297.958008
46246.625000 1862.553101 0.000000 1298.067993
46246.625000 1862.553101 0.000000 1298.162964
46246.625000 1862.553101 0.000000 1298.262939
46246.625000 1862.553101 0.000000 1298.363037
46246.625000 1862.553101 0.000000 1298.463013
46246.625000 1862.553101 0.000000 1298.567993
46246.625000 1862.553101 0.000000 1298.662964
46246.625000 1862.553101 0.000000 1298.762939
46246.625000 1862.553101 0.000000 1298.866943
46246.625000 1862.553101 0.000000 1298.967041
46246.625000 1862.553101 0.000000 1299.055054
46246.625000 1862.553101 0.000000 1299.165039
46246.625000 1862.553101 0.000000 1299.260010
46246.625000 1862.553101 0.000000 1299.364990
46246.625000 1862.553101 0.000000 1299.465942
46246.625000 1862.553101 0.000000 1299.564941
46246.625000 1862.553101 0.000000 1299.665039
46246.625000 1862.553101 0.000000 1299.760010
46246.625000 1862.553101 0.000000 1299.866943
46246.625000 1862.553101 0.000000 1299.961060
46246.625000 1862.553101 0.000000 1300.066040
46246.625000 1862.553101 0.000000 1300.156006
46246.625000 1862.553101 0.000000 1300.266968
46246.625000 1862.553101 0.000000 1300.370972
46246.625000 1862.553101 0.000000 1300.465942
46246.625000 1862.553101 0.000000 1300.566040
46246.625000 1862.553101 0.000000 1300.661011
46246.625000 1862.553101 0.000000 1300.760986
46246.625000 1862.553101 0.000000 1300.865967
46246.625000 1862.553101 0.000000 1300.967041
46246.625000 1862.553101 0.000000 1301.051025
46246.625000 1862.553101 0.000000 1301.166016
46246.625000 1862.553101 0.000000 1301.265991
46246.625000 1862.553101 0.000000 1301.365967
46246.625000 1862.553101 0.000000 1301.475952
46246.625000 1862.553101 0.000000 1301.576050
46246.625000 1862.553101 0.000000 1301.676025
46246.625000 1862.553101 0.000000 1301.776001
46246.625000 1862.553101 0.000000 1301.870972
46246.625000 1862.553101 0.000000 1301.975952
46246.625000 1862.553101 0.000000 1302.076050
46246.625000 1862.553101 0.000000 1302.176025
46246.625000 1862.553101 0.000000 1302.276001
46246.625000 1862.553101 0.000000 1302.370972
46246.625000 1862.553101 0.000000 1302.473022
46246.625000 1862.553101 0.000000 1302.561035
46246.625000 1862.553101 0.000000 1302.666016
46246.625000 1862.553101 0.000000 1302.760986
46246.625000 1862.553101 0.000000 1302.865967
46246.625000 1862.553101 0.000000 1302.965942
46246.625000 1862.553101 0.000000 1303.078003
46246.625000 1862.553101 0.000000 1303.172974
46246.625000 1862.553101 0.000000 1303.277954
46246.625000 1862.553101 0.000000 1303.373047
46246.625000 1862.553101 0.000000 1303.473022
46246.625000 1862.553101 0.000000 1303.571045
46246.625000 1862.553101 0.000000 1303.665039
46246.625000 1862.553101 0.000000 1303.771973
46246.625000 1862.553101 0.000000 1303.876953
46246.625000 1862.553101 0.000000 1303.965942
46246.625000 1862.553101 0.000000 1304.066040
46246.625000 1862.553101 0.000000 1304.175049
46246.625000 1862.553101 0.000000 1304.275024
46246.625000 1862.553101 0.000000 1304.375000
46246.625000 1862.553101 0.000000 1304.474976
46246.625000 1862.553101 0.000000 1304.579956
46246.625000 1862.553101 0.000000 1304.675049
46246.625000 1862.553101 0.000000 1304.775024
46246.625000 1862.553101 0.000000 1304.876953
46246.625000 1862.553101 0.000000 1304.973022
46246.625000 1862.553101 0.000000 1305.072998
46246.625000 1862.553101 0.000000 1305.167969
46246.625000 1862.553101 0.000000 1305.265015
46246.625000 1862.553101 0.000000 1305.368042
46246.625000 1862.553101 0.000000 1305.468018
46246.625000 1862.553101 0.000000 1305.562988
46246.625000 1862.553101 0.000000 1305.667969
46246.625000 1862.553101 0.000000 1305.767944
46246.625000 1862.553101 0.000000 1305.875000
46246.625000 1862.553101 0.000000 1305.959961
46246.625000 1862.553101 0.000000 1306.068970
46246.625000 1862.553101 0.000000 1306.168945
46246.625000 1862.553101 0.000000 1306.276978
46246.625000 1862.553101 0.000000 1306.374023
46246.625000 1862.553101 0.000000 1306.468994
46246.625000 1862.553101 0.000000 1306.568970
46246.625000 1862.553101 0.000000 1306.663940
46246.625000 1862.553101 0.000000 1306.769043
46246.625000 1862.553101 0.000000 1306.869019
46246.625000 1862.553101 0.000000 1306.970947
46246.625000 1862.553101 0.000000 1307.063965
46246.625000 1862.553101 0.000000 1307.168945
46246.625000 1862.553101 0.000000 1307.265015
46246.625000 1862.553101 0.000000 1307.364990
46246.625000 1862.553101 0.000000 1307.469971
46246.625000 1862.553101 0.000000 1307.564941
46246.625000 1862.553101 0.000000 1307.667969
46246.625000 1862.553101 0.000000 1307.770020
46246.625000 1862.553101 0.000000 1307.864990
46246.625000 1862.553101 0.000000 1307.969971
46246.625000 1862.553101 0.000000 1308.064941
46246.625000 1862.553101 0.000000 1308.165039
46246.625000 1862.553101 0.000000 1308.265015
46246.625000 1862.553101 0.000000 1308.370972
46246.625000 1862.553101 0.000000 1308.477051
46246.625000 1862.553101 0.000000 1308.571045
46246.625000 1862.553101 0.000000 1308.661987
46246.625000 1862.553101 0.000000 1308.760010
46246.625000 1862.553101 0.000000 1308.869995
46246.625000 1862.553101 0.000000 1308.972046
46246.625000 1862.553101 0.000000 1309.069946
46246.625000 1862.553101 0.000000 1309.170044
46246.625000 1862.553101 0.000000 1309.265991
46246.625000 1862.553101 0.000000 1309.369995
46246.625000 1862.553101 0.000000 1309.469971
46246.625000 1862.553101 0.000000 1309.560059
46246.625000 1862.553101 0.000000 1309.665039
46246.625000 1862.553101 0.000000 1309.765991
46246.625000 1862.553101 0.000000 1309.875977
46246.625000 1862.553101 0.000000 1309.978027
46246.625000 1862.553101 0.000000 1310.072998
46246.625000 1862.553101 0.000000 1310.172974
46246.625000 1862.553101 0.000000 1310.277954
46246.625000 1862.553101 0.000000 1310.378052
46246.625000 1862.553101 0.000000 1310.473022
46246.625000 1862.553101 0.000000 1310.578003
46246.625000 1862.553101 0.000000 1310.677979
46246.625000 1862.553101 0.000000 1310.750000
46246.625000 1862.553101 0.000000 1310.869995
46246.625000 1862.553101 0.000000 1310.959961
46246.625000 1862.553101 0.000000 1311.069946
46246.625000 1862.553101 0.000000 1311.165039
46246.625000 1862.553101 0.000000 1311.265015
46246.625000 1862.553101 0.000000 1311.369995
46246.625000 1862.553101 0.000000 1311.470947
46246.625000 1862.553101 0.000000 1311.572998
46246.625000 1862.553101 0.000000 1311.667969
46246.625000 1862.553101 0.000000 1311.767944
46246.625000 1862.553101 0.000000 1311.869019
46246.625000 1862.553101 0.000000 1311.968994
46246.625000 1862.553101 0.000000 1312.067993
46246.625000 1862.553101 0.000000 1312.176025
46246.625000 1862.553101 0.000000 1312.276001
46246.625000 1862.553101 0.000000 1312.375977
46246.625000 1862.553101 0.000000 1312.475952
46246.625000 1862.553101 0.000000 1312.581055
46246.625000 1862.553101 0.000000 1312.681030
46246.625000 1862.553101 0.000000 1312.762939
46246.625000 1862.553101 0.000000 1312.873047
46246.625000 1862.553101 0.000000 1312.958008
46246.625000 1862.553101 0.000000 1313.067993
46246.625000 1862.553101 0.000000 1313.167969
46246.625000 1862.553101 0.000000 1313.267944
46246.625000 1862.553101 0.000000 1313.368042
46246.625000 1862.553101 0.000000 1313.479980
46246.625000 1862.553101 0.000000 1313.573975
46246.625000 1862.553101 0.000000 1313.673950
46246.625000 1862.553101 0.000000 1313.767944
46246.625000 1862.553101 0.000000 1313.868042
46246.625000 1862.553101 0.000000 1313.963013
46246.625000 1862.553101 0.000000 1314.073975
46246.625000 1862.553101 0.000000 1314.177979
46246.625000 1862.553101 0.000000 1314.270996
46246.625000 1862.553101 0.000000 1314.369019
46246.625000 1862.553101 0.000000 1314.468018
46246.625000 1862.553101 0.000000 1314.567993
46246.625000 1862.553101 0.000000 1314.676025
46246.625000 1862.553101 0.000000 1314.767944
46246.625000 1862.553101 0.000000 1314.869019
46246.625000 1862.553101 0.000000 1314.973022
46246.625000 1862.553101 0.000000 1315.074951
46246.625000 1862.553101 0.000000 1315.165039
46246.625000 1862.553101 0.000000 1315.265015
46246.625000 1862.553101 0.000000 1315.378052
46246.625000 1862.553101 0.000000 1315.475952
46246.625000 1862.553101 0.000000 1315.571045
46246.625000 1862.553101 0.000000 1315.670044
46246.625000 1862.553101 0.000000 1315.770020
46246.625000 1862.553101 0.000000 1315.869995
46246.625000 1862.553101 0.000000 1315.964966
46246.625000 1862.553101 0.000000 1316.069946
46246.625000 1862.553101 0.000000 1316.160034
46246.625000 1862.553101 0.000000 1316.260010
46246.625000 1862.553101 0.000000 1316.370972
46246.625000 1862.553101 0.000000 1316.470947
46246.625000 1862.553101 0.000000 1316.582031
46246.625000 1862.553101 0.000000 1316.670044
46246.625000 1862.553101 0.000000 1316.769043
46246.625000 1862.553101 0.000000 1316.858032
46246.625000 1862.553101 0.000000 1316.968994
46246.625000 1862.553101 0.000000 1317.067993
46246.625000 1862.553101 0.000000 1317.167969
46246.625000 1862.553101 0.000000 1317.271973
46246.625000 1862.553101 0.000000 1317.381958
46246.625000 1862.553101 0.000000 1317.482056
46246.625000 1862.553101 0.000000 1317.577026
46246.625000 1862.553101 0.000000 1317.673950
46246.625000 1862.553101 0.000000 1317.772949
46246.625000 1862.553101 0.000000 1317.878052
46246.625000 1862.553101 0.000000 1317.968018
46246.625000 1862.553101 0.000000 1318.073975
46246.625000 1862.553101 0.000000 1318.157959
46246.625000 1862.553101 0.000000 1318.267944
46246.625000 1862.553101 0.000000 1318.353027
46246.625000 1862.553101 0.000000 1318.468994
46246.625000 1862.553101 0.000000 1318.571045
46246.625000 1862.553101 0.000000 1318.671021
46246.625000 1862.553101 0.000000 1318.770996
46246.625000 1862.553101 0.000000 1318.863037
46246.625000 1862.553101 0.000000 1318.967041
46246.625000 1862.553101 0.000000 1319.067993
46246.625000 1862.553101 0.000000 1319.170044
46246.625000 1862.553101 0.000000 1319.270020
46246.625000 1862.553101 0.000000 1319.369995
46246.625000 1862.553101 0.000000 1319.474976
46246.625000 1862.553101 0.000000 1319.571045
46246.625000 1862.553101 0.000000 1319.671021
46246.625000 1862.553101 0.000000 1319.770996
46246.625000 1862.553101 0.000000 1319.869995
46246.625000 1862.553101 0.000000 1319.970947
46246.625000 1862.553101 0.000000 1320.071045
46246.625000 1862.553101 0.000000 1320.170044
46246.625000 1862.553101 0.000000 1320.277954
46246.625000 1862.553101 0.000000 1320.369995
46246.625000 1862.553101 0.000000 1320.469971
46246.625000 1862.553101 0.000000 1320.569946
46246.625000 1862.553101 0.000000 1320.670044
46246.625000 1862.553101 0.000000 1320.770020
46246.625000 1862.553101 0.000000 1320.869995
46246.625000 1862.553101 0.000000 1320.970947
46246.625000 1862.553101 0.000000 1321.069946
46246.625000 1862.553101 0.000000 1321.170044
46246.625000 1862.553101 0.000000 1321.275024
46246.625000 1862.553101 0.000000 1321.369995
46246.625000 1862.553101 0.000000 1321.473022
46246.625000 1862.553101 0.000000 1321.577026
46246.625000 1862.553101 0.000000 1321.672974
46246.625000 1862.553101 0.000000 1321.765991
46246.625000 1862.553101 0.000000 1321.870972
46246.625000 1862.553101 0.000000 1321.970947
46246.625000 1862.553101 0.000000 1322.071045
46246.625000 1862.553101 0.000000 1322.171021
46246.625000 1862.553101 0.000000 1322.270996
46246.625000 1862.553101 0.000000 1322.365967
46246.625000 1862.553101 0.000000 1322.473022
46246.625000 1862.553101 0.000000 1322.567993
46246.625000 1862.553101 0.000000 1322.667969
46246.625000 1862.553101 0.000000 1322.767944
46246.625000 1862.553101 0.000000 1322.858032
46246.625000 1862.553101 0.000000 1322.968018
46246.625000 1862.553101 0.000000 1323.067993
46246.625000 1862.553101 0.000000 1323.162964
46246.625000 1862.553101 0.000000 1323.267944
46246.625000 1862.553101 0.000000 1323.373047
46246.625000 1862.553101 0.000000 1323.478027
46246.625000 1862.553101 0.000000 1323.568970
46246.625000 1862.553101 0.000000 1323.678955
46246.625000 1862.553101 0.000000 1323.775024
46246.625000 1862.553101 0.000000 1323.868042
46246.625000 1862.553101 0.000000 1323.978027
46246.625000 1862.553101 0.000000 1324.078003
46246.625000 1862.553101 0.000000 1324.177979
46246.625000 1862.553101 0.000000 1324.282959
46246.625000 1862.553101 0.000000 1324.378052
46246.625000 1862.553101 0.000000 1324.483032
46246.625000 1862.553101 0.000000 1324.578003
46246.625000 1862.553101 0.000000 1324.677979
46246.625000 1862.553101 0.000000 1324.777954
46246.625000 1862.553101 0.000000 1324.883057
46246.625000 1862.553101 0.000000 1324.978027
46246.625000 1862.553101 0.000000 1325.072998
46246.625000 1862.553101 0.000000 1325.171997
46246.625000 1862.553101 0.000000 1325.276978
46246.625000 1862.553101 0.000000 1325.376953
46246.625000 1862.553101 0.000000 1325.473022
46246.625000 1862.553101 0.000000 1325.562988
46246.625000 1862.553101 0.000000 1325.672974
46246.625000 1862.553101 0.000000 1325.762939
46246.625000 1862.553101 0.000000 1325.868042
46246.625000 1862.553101 0.000000 1325.968994
46246.625000 1862.553101 0.000000 1326.067993
46246.625000 1862.553101 0.000000 1326.167969
46246.625000 1862.553101 0.000000 1326.269043
46246.625000 1862.553101 0.000000 1326.369995
46246.625000 1862.553101 0.000000 1326.472046
46246.625000 1862.553101 0.000000 1326.572998
46246.625000 1862.553101 0.000000 1326.671021
46246.625000 1862.553101 0.000000 1326.771973
46246.625000 1862.553101 0.000000 1326.870972
46246.625000 1862.553101 0.000000 1326.972046
46246.625000 1862.553101 0.000000 1327.071045
46246.625000 1862.553101 0.000000 1327.171021
46246.625000 1862.553101 0.000000 1327.270996
46246.625000 1862.553101 0.000000 1327.370972
46246.625000 1862.553101 0.000000 1327.477051
46246.625000 1862.553101 0.000000 1327.572021
46246.625000 1862.553101 0.000000 1327.671997
46246.625000 1862.553101 0.000000 1327.771973
46246.625000 1862.553101 0.000000 1327.866943
46246.625000 1862.553101 0.000000 1327.972046
46246.625000 1862.553101 0.000000 1328.072021
46246.625000 1862.553101 0.000000 1328.177979
46246.625000 1862.553101 0.000000 1328.271973
46246.625000 1862.553101 0.000000 1328.362061
46246.625000 1862.553101 0.000000 1328.479980
46246.625000 1862.553101 0.000000 1328.572021
46246.625000 1862.553101 0.000000 1328.677002
46246.625000 1862.553101 0.000000 1328.780029
46246.625000 1862.553101 0.000000 1328.875977
46246.625000 1862.553101 0.000000 1328.972046
46246.625000 1862.553101 0.000000 1329.072998
46246.625000 1862.553101 0.000000 1329.170044
46246.625000 1862.553101 0.000000 1329.271973
46246.625000 1862.553101 0.000000 1329.371948
46246.625000 1862.553101 0.000000 1329.478027
46246.625000 1862.553101 0.000000 1329.578003
46246.625000 1862.553101 0.000000 1329.666992
46246.625000 1862.553101 0.000000 1329.780029
46246.625000 1862.553101 0.000000 1329.880005
46246.625000 1862.553101 0.000000 1329.972046
46246.625000 1862.553101 0.000000 1330.076050
46246.625000 1862.553101 0.000000 1330.171021
46246.625000 1862.553101 0.000000 1330.270996
46246.625000 1862.553101 0.000000 1330.370972
46246.625000 1862.553101 0.000000 1330.480957
46246.625000 1862.553101 0.000000 1330.571045
46246.625000 1862.553101 0.000000 1330.681030
46246.625000 1862.553101 0.000000 1330.781006
46246.625000 1862.553101 0.000000 1330.880981
46246.625000 1862.553101 0.000000 1330.980957
46246.625000 1862.553101 0.000000 1331.081055
46246.625000 1862.553101 0.000000 1331.181030
46246.625000 1862.553101 0.000000 1331.281006
46246.625000 1862.553101 0.000000 1331.380981
46246.625000 1862.553101 0.000000 1331.485962
46246.625000 1862.553101 0.000000 1331.590942
46246.625000 1862.553101 0.000000 1331.691040
46246.625000 1862.553101 0.000000 1331.791016
46246.625000 1862.553101 0.000000 1331.884033
46246.625000 1862.553101 0.000000 1331.999023
46246.625000 1862.553101 0.000000 1332.098999
46246.625000 1862.553101 0.000000 1332.198975
46246.625000 1862.553101 0.000000 1332.308960
46246.625000 1862.553101 0.000000 1332.404053
46246.625000 1862.553101 0.000000 1332.509033
46246.625000 1862.553101 0.000000 1332.609009
46246.625000 1862.553101 0.000000 1332.708984
46246.625000 1862.553101 0.000000 1332.808960
46246.625000 1862.553101 0.000000 1332.909058
46246.625000 1862.553101 0.000000 1333.009033
46246.625000 1862.553101 0.000000 1333.109009
46246.625000 1862.553101 0.000000 1333.204956
46246.625000 1862.553101 0.000000 1333.298950
46246.625000 1862.553101 0.000000 1333.399048
46246.625000 1862.553101 0.000000 1333.500977
46246.625000 1862.553101 0.000000 1333.588989
46246.625000 1862.553101 0.000000 1333.706055
46246.625000 1862.553101 0.000000 1333.798950
46246.625000 1862.553101 0.000000 1333.899048
46246.625000 1862.553101 0.000000 1333.999023
46246.625000 1862.553101 0.000000 1334.098999
46246.625000 1862.553101 0.000000 1334.198975
46246.625000 1862.553101 0.000000 1334.298950
46246.625000 1862.553101 0.000000 1334.404053
46246.625000 1862.553101 0.000000 1334.504028
46246.625000 1862.553101 0.000000 1334.607056
46246.625000 1862.553101 0.000000 1334.702026
46246.625000 1862.553101 0.000000 1334.807007
46246.625000 1862.553101 0.000000 1334.906982
46246.625000 1862.553101 0.000000 1335.009033
46246.625000 1862.553101 0.000000 1335.109009
46246.625000 1862.553101 0.000000 1335.208984
46246.625000 1862.553101 0.000000 1335.308960
46246.625000 1862.553101 0.000000 1335.405029
46246.625000 1862.553101 0.000000 1335.500000
46246.625000 1862.553101 0.000000 1335.600952
46246.625000 1862.553101 0.000000 1335.698975
46246.625000 1862.553101 0.000000 1335.798950
46246.625000 1862.553101 0.000000 1335.907959
46246.625000 1862.553101 0.000000 1336.009033
46246.625000 1862.553101 0.000000 1336.109009
46246.625000 1862.553101 0.000000 1336.198975
46246.625000 1862.553101 0.000000 1336.308960
46246.625000 1862.553101 0.000000 1336.409058
46246.625000 1862.553101 0.000000 1336.505981
46246.625000 1862.553101 0.000000 1336.598999
46246.625000 1862.553101 0.000000 1336.699951
46246.625000 1862.553101 0.000000 1336.798950
46246.625000 1862.553101 0.000000 1336.897949
46246.625000 1862.553101 0.000000 1336.999023
46246.625000 1862.553101 0.000000 1337.098999
46246.625000 1862.553101 0.000000 1337.198975
46246.625000 1862.553101 0.000000 1337.298950
46246.625000 1862.553101 0.000000 1337.399048
46246.625000 1862.553101 0.000000 1337.499023
46246.625000 1862.553101 0.000000 1337.599976
46246.625000 1862.553101 0.000000 1337.701050
46246.625000 1862.553101 0.000000 1337.803955
46246.625000 1862.553101 0.000000 1337.904053
46246.625000 1862.553101 0.000000 1337.999023
46246.625000 1862.553101 0.000000 1338.098999
46246.625000 1862.553101 0.000000 1338.198975
46246.625000 1862.553101 0.000000 1338.298950
46246.625000 1862.553101 0.000000 1338.394043
46246.625000 1862.553101 0.000000 1338.500000
46246.625000 1862.553101 0.000000 1338.599976
46246.625000 1862.553101 0.000000 1338.699951
46246.625000 1862.553101 0.000000 1338.791992
46246.625000 1862.553101 0.000000 1338.901978
46246.625000 1862.553101 0.000000 1338.991943
46246.625000 1862.553101 0.000000 1339.108032
46246.625000 1862.553101 0.000000 1339.198975
46246.625000 1862.553101 0.000000 1339.302002
46246.625000 1862.553101 0.000000 1339.383057
46246.625000 1862.553101 0.000000 1339.498047
46246.625000 1862.553101 0.000000 1339.602051
46246.625000 1862.553101 0.000000 1339.703003
46246.625000 1862.553101 0.000000 1339.796997
46246.625000 1862.553101 0.000000 1339.896973
46246.625000 1862.553101 0.000000 1340.010986
46246.625000 1862.553101 0.000000 1340.102051
46246.625000 1862.553101 0.000000 1340.197021
46246.625000 1862.553101 0.000000 1340.291992
46246.625000 1862.553101 0.000000 1340.396973
46246.625000 1862.553101 0.000000 1340.498047
46246.625000 1862.553101 0.000000 1340.597046
46246.625000 1862.553101 0.000000 1340.697998
46246.625000 1862.553101 0.000000 1340.806030
46246.625000 1862.553101 0.000000 1340.894043
46246.625000 1862.553101 0.000000 1340.991943
46246.625000 1862.553101 0.000000 1341.089966
46246.625000 1862.553101 0.000000 1341.194946
46246.625000 1862.553101 0.000000 1341.296021
46246.625000 1862.553101 0.000000 1341.400024
46246.625000 1862.553101 0.000000 1341.500000
46246.625000 1862.553101 0.000000 1341.599976
46246.625000 1862.553101 0.000000 1341.706055
46246.625000 1862.553101 0.000000 1341.806030
46246.625000 1862.553101 0.000000 1341.907959
46246.625000 1862.553101 0.000000 1342.005981
46246.625000 1862.553101 0.000000 1342.099976
46246.625000 1862.553101 0.000000 1342.208984
46246.625000 1862.553101 0.000000 1342.303955
46246.625000 1862.553101 0.000000 1342.409058
46246.625000 1862.553101 0.000000 1342.504028
46246.625000 1862.553101 0.000000 1342.609009
46246.625000 1862.553101 0.000000 1342.706055
46246.625000 1862.553101 0.000000 1342.806030
46246.625000 1862.553101 0.000000 1342.890015
46246.625000 1862.553101 0.000000 1343.000000
46246.625000 1862.553101 0.000000 1343.104980
46246.625000 1862.553101 0.000000 1343.189941
46246.625000 1862.553101 0.000000 1343.300049
46246.625000 1862.553101 0.000000 1343.385010
46246.625000 1862.553101 0.000000 1343.505005
46246.625000 1862.553101 0.000000 1343.612061
46246.625000 1862.553101 0.000000 1343.707031
46246.625000 1862.553101 0.000000 1343.790039
46246.625000 1862.553101 0.000000 1343.895020
46246.625000 1862.553101 0.000000 1344.005005
46246.625000 1862.553101 0.000000 1344.107056
46246.625000 1862.553101 0.000000 1344.204956
46246.625000 1862.553101 0.000000 1344.305054
46246.625000 1862.553101 0.000000 1344.405029
46246.625000 1862.553101 0.000000 1344.500000
46246.625000 1862.553101 0.000000 1344.614014
46246.625000 1862.553101 0.000000 1344.713989
46246.625000 1862.553101 0.000000 1344.813965
46246.625000 1862.553101 0.000000 1344.905029
46246.625000 1862.553101 0.000000 1345.005005
46246.625000 1862.553101 0.000000 1345.107056
46246.625000 1862.553101 0.000000 1345.204956
46246.625000 1862.553101 0.000000 1345.312988
46246.625000 1862.553101 0.000000 1345.412964
46246.625000 1862.553101 0.000000 1345.503052
46246.625000 1862.553101 0.000000 1345.604980
46246.625000 1862.553101 0.000000 1345.704956
46246.625000 1862.553101 0.000000 1345.800049
46246.625000 1862.553101 0.000000 1345.900024
46246.625000 1862.553101 0.000000 1346.012939
46246.625000 1862.553101 0.000000 1346.104980
46246.625000 1862.553101 0.000000 1346.206055
46246.625000 1862.553101 0.000000 1346.305054
46246.625000 1862.553101 0.000000 1346.406006
46246.625000 1862.553101 0.000000 1346.506958
46246.625000 1862.553101 0.000000 1346.594971
46246.625000 1862.553101 0.000000 1346.699951
46246.625000 1862.553101 0.000000 1346.805054
46246.625000 1862.553101 0.000000 1346.905029
46246.625000 1862.553101 0.000000 1347.010986
46246.625000 1862.553101 0.000000 1347.110962
46246.625000 1862.553101 0.000000 1347.199951
46246.625000 1862.553101 0.000000 1347.300049
46246.625000 1862.553101 0.000000 1347.410034
46246.625000 1862.553101 0.000000 1347.485962
46246.625000 1862.553101 0.000000 1347.599976
46246.625000 1862.553101 0.000000 1347.704956
46246.625000 1862.553101 0.000000 1347.805054
46246.625000 1862.553101 0.000000 1347.905029
46246.625000 1862.553101 0.000000 1347.994995
46246.625000 1862.553101 0.000000 1348.104980
46246.625000 1862.553101 0.000000 1348.209961
46246.625000 1862.553101 0.000000 1348.305054
46246.625000 1862.553101 0.000000 1348.406982
46246.625000 1862.553101 0.000000 1348.505005
46246.625000 1862.553101 0.000000 1348.604980
46246.625000 1862.553101 0.000000 1348.704956
46246.625000 1862.553101 0.000000 1348.805054
46246.625000 1862.553101 0.000000 1348.905029
46246.625000 1862.553101 0.000000 1349.005005
46246.625000 1862.553101 0.000000 1349.104980
46246.625000 1862.553101 0.000000 1349.204956
46246.625000 1862.553101 0.000000 1349.306030
46246.625000 1862.553101 0.000000 1349.406006
46246.625000 1862.553101 0.000000 1349.505005
46246.625000 1862.553101 0.000000 1349.604980
46246.625000 1862.553101 0.000000 1349.704956
46246.625000 1862.553101 0.000000 1349.795044
46246.625000 1862.553101 0.000000 1349.905029
46246.625000 1862.553101 0.000000 1350.008057
46246.625000 1862.553101 0.000000 1350.113037
46246.625000 1862.553101 0.000000 1350.213013
46246.625000 1862.553101 0.000000 1350.313965
46246.625000 1862.553101 0.000000 1350.400024
46246.625000 1862.553101 0.000000 1350.515015
46246.625000 1862.553101 0.000000 1350.614990
46246.625000 1862.553101 0.000000 1350.715942
46246.625000 1862.553101 0.000000 1350.823975
46246.625000 1862.553101 0.000000 1350.923950
46246.625000 1862.553101 0.000000 1351.024048
46246.625000 1862.553101 0.000000 1351.115967
46246.625000 1862.553101 0.000000 1351.215942
46246.625000 1862.553101 0.000000 1351.316040
46246.625000 1862.553101 0.000000 1351.421021
46246.625000 1862.553101 0.000000 1351.515991
46246.625000 1862.553101 0.000000 1351.613037
46246.625000 1862.553101 0.000000 1351.718018
46246.625000 1862.553101 0.000000 1351.813965
46246.625000 1862.553101 0.000000 1351.923950
46246.625000 1862.553101 0.000000 1352.022949
46246.625000 1862.553101 0.000000 1352.128052
46246.625000 1862.553101 0.000000 1352.220947
46246.625000 1862.553101 0.000000 1352.303955
46246.625000 1862.553101 0.000000 1352.413940
46246.625000 1862.553101 0.000000 1352.515015
46246.625000 1862.553101 0.000000 1352.619019
46246.625000 1862.553101 0.000000 1352.713989
46246.625000 1862.553101 0.000000 1352.808960
46246.625000 1862.553101 0.000000 1352.921997
46246.625000 1862.553101 0.000000 1353.014038
46246.625000 1862.553101 0.000000 1353.119995
46246.625000 1862.553101 0.000000 1353.214966
46246.625000 1862.553101 0.000000 1353.319946
46246.625000 1862.553101 0.000000 1353.413940
46246.625000 1862.553101 0.000000 1353.520020
46246.625000 1862.553101 0.000000 1353.614014
46246.625000 1862.553101 0.000000 1353.713013
46246.625000 1862.553101 0.000000 1353.817017
46246.625000 1862.553101 0.000000 1353.904053
46246.625000 1862.553101 0.000000 1354.014038
46246.625000 1862.553101 0.000000 1354.109009
46246.625000 1862.553101 0.000000 1354.218994
46246.625000 1862.553101 0.000000 1354.319946
46246.625000 1862.553101 0.000000 1354.413940
46246.625000 1862.553101 0.000000 1354.509033
46246.625000 1862.553101 0.000000 1354.620972
46246.625000 1862.553101 0.000000 1354.720947
46246.625000 1862.553101 0.000000 1354.821045
46246.625000 1862.553101 0.000000 1354.899048
46246.625000 1862.553101 0.000000 1355.014038
46246.625000 1862.553101 0.000000 1355.109009
46246.625000 1862.553101 0.000000 1355.213989
46246.625000 1862.553101 0.000000 1355.316040
46246.625000 1862.553101 0.000000 1355.415039
46246.625000 1862.553101 0.000000 1355.515015
46246.625000 1862.553101 0.000000 1355.621948
46246.625000 1862.553101 0.000000 1355.722046
46246.625000 1862.553101 0.000000 1355.819946
46246.625000 1862.553101 0.000000 1355.915039
46246.625000 1862.553101 0.000000 1356.016968
46246.625000 1862.553101 0.000000 1356.114990
46246.625000 1862.553101 0.000000 1356.217041
46246.625000 1862.553101 0.000000 1356.312012
46246.625000 1862.553101 0.000000 1356.411987
46246.625000 1862.553101 0.000000 1356.516968
46246.625000 1862.553101 0.000000 1356.612061
46246.625000 1862.553101 0.000000 1356.718018
46246.625000 1862.553101 0.000000 1356.812012
46246.625000 1862.553101 0.000000 1356.911987
46246.625000 1862.553101 0.000000 1357.015991
46246.625000 1862.553101 0.000000 1357.107056
46246.625000 1862.553101 0.000000 1357.217041
46246.625000 1862.553101 0.000000 1357.323975
46246.625000 1862.553101 0.000000 1357.417969
46246.625000 1862.553101 0.000000 1357.516968
46246.625000 1862.553101 0.000000 1357.616943
46246.625000 1862.553101 0.000000 1357.722046
46246.625000 1862.553101 0.000000 1357.818970
46246.625000 1862.553101 0.000000 1357.916992
46246.625000 1862.553101 0.000000 1358.016968
46246.625000 1862.553101 0.000000 1358.114014
46246.625000 1862.553101 0.000000 1358.217041
46246.625000 1862.553101 0.000000 1358.317017
46246.625000 1862.553101 0.000000 1358.416992
46246.625000 1862.553101 0.000000 1358.514038
46246.625000 1862.553101 0.000000 1358.619019
46246.625000 1862.553101 0.000000 1358.718994
46246.625000 1862.553101 0.000000 1358.817017
46246.625000 1862.553101 0.000000 1358.913940
46246.625000 1862.553101 0.000000 1359.019043
46246.625000 1862.553101 0.000000 1359.112061
46246.625000 1862.553101 0.000000 1359.213013
46246.625000 1862.553101 0.000000 1359.317017
46246.625000 1862.553101 0.000000 1359.416992
46246.625000 1862.553101 0.000000 1359.520020
46246.625000 1862.553101 0.000000 1359.614990
46246.625000 1862.553101 0.000000 1359.713013
46246.625000 1862.553101 0.000000 1359.807983
46246.625000 1862.553101 0.000000 1359.917969
46246.625000 1862.553101 0.000000 1360.017944
46246.625000 1862.553101 0.000000 1360.118042
46246.625000 1862.553101 0.000000 1360.203003
46246.625000 1862.553101 0.000000 1360.308960
46246.625000 1862.553101 0.000000 1360.407959
46246.625000 1862.553101 0.000000 1360.526001
46246.625000 1862.553101 0.000000 1360.610962
46246.625000 1862.553101 0.000000 1360.720947
46246.625000 1862.553101 0.000000 1360.821045
46246.625000 1862.553101 0.000000 1360.921021
46246.625000 1862.553101 0.000000 1361.026001
46246.625000 1862.553101 0.000000 1361.125977
46246.625000 1862.553101 0.000000 1361.220947
46246.625000 1862.553101 0.000000 1361.312988
46246.625000 1862.553101 0.000000 1361.415039
46246.625000 1862.553101 0.000000 1361.521973
46246.625000 1862.553101 0.000000 1361.616943
46246.625000 1862.553101 0.000000 1361.717041
46246.625000 1862.553101 0.000000 1361.817017
46246.625000 1862.553101 0.000000 1361.911987
46246.625000 1862.553101 0.000000 1362.016968
46246.625000 1862.553101 0.000000 1362.123047
46246.625000 1862.553101 0.000000 1362.207031
46246.625000 1862.553101 0.000000 1362.324951
46246.625000 1862.553101 0.000000 1362.421997
46246.625000 1862.553101 0.000000 1362.520020
46246.625000 1862.553101 0.000000 1362.625000
46246.625000 1862.553101 0.000000 1362.717041
46246.625000 1862.553101 0.000000 1362.812012
46246.625000 1862.553101 0.000000 1362.916992
46246.625000 1862.553101 0.000000 1363.011963
46246.625000 1862.553101 0.000000 1363.116943
46246.625000 1862.553101 0.000000 1363.217041
46246.625000 1862.553101 0.000000 1363.317993
46246.625000 1862.553101 0.000000 1363.411011
46246.625000 1862.553101 0.000000 1363.515015
46246.625000 1862.553101 0.000000 1363.615967
46246.625000 1862.553101 0.000000 1363.714966
46246.625000 1862.553101 0.000000 1363.814941
46246.625000 1862.553101 0.000000 1363.916992
46246.625000 1862.553101 0.000000 1364.015015
46246.625000 1862.553101 0.000000 1364.114990
46246.625000 1862.553101 0.000000 1364.214966
46246.625000 1862.553101 0.000000 1364.314941
46246.625000 1862.553101 0.000000 1364.415039
46246.625000 1862.553101 0.000000 1364.515015
46246.625000 1862.553101 0.000000 1364.621948
46246.625000 1862.553101 0.000000 1364.702026
46246.625000 1862.553101 0.000000 1364.812012
46246.625000 1862.553101 0.000000 1364.925049
46246.625000 1862.553101 0.000000 1365.020020
46246.625000 1862.553101 0.000000 1365.125000
46246.625000 1862.553101 0.000000 1365.212036
46246.625000 1862.553101 0.000000 1365.312012
46246.625000 1862.553101 0.000000 1365.426025
46246.625000 1862.553101 0.000000 1365.520996
46246.625000 1862.553101 0.000000 1365.625977
46246.625000 1862.553101 0.000000 1365.725952
46246.625000 1862.553101 0.000000 1365.817017
46246.625000 1862.553101 0.000000 1365.916992
46246.625000 1862.553101 0.000000 1366.016968
46246.625000 1862.553101 0.000000 1366.116943
46246.625000 1862.553101 0.000000 1366.217041
46246.625000 1862.553101 0.000000 1366.317017
46246.625000 1862.553101 0.000000 1366.417969
46246.625000 1862.553101 0.000000 1366.520996
46246.625000 1862.553101 0.000000 1366.625977
46246.625000 1862.553101 0.000000 1366.720947
46246.625000 1862.553101 0.000000 1366.816040
46246.625000 1862.553101 0.000000 1366.922974
46246.625000 1862.553101 0.000000 1367.017944
46246.625000 1862.553101 0.000000 1367.113037
46246.625000 1862.553101 0.000000 1367.213013
46246.625000 1862.553101 0.000000 1367.312988
46246.625000 1862.553101 0.000000 1367.407959
46246.625000 1862.553101 0.000000 1367.510010
46246.625000 1862.553101 0.000000 1367.618042
46246.625000 1862.553101 0.000000 1367.720947
46246.625000 1862.553101 0.000000 1367.816040
46246.625000 1862.553101 0.000000 1367.912964
46246.625000 1862.553101 0.000000 1368.012939
46246.625000 1862.553101 0.000000 1368.118042
46246.625000 1862.553101 0.000000 1368.224976
46246.625000 1862.553101 0.000000 1368.312988
46246.625000 1862.553101 0.000000 1368.417969
46246.625000 1862.553101 0.000000 1368.526978
46246.625000 1862.553101 0.000000 1368.614990
46246.625000 1862.553101 0.000000 1368.718994
46246.625000 1862.553101 0.000000 1368.818970
46246.625000 1862.553101 0.000000 1368.917969
46246.625000 1862.553101 0.000000 1369.012939
46246.625000 1862.553101 0.000000 1369.118042
46246.625000 1862.553101 0.000000 1369.227051
46246.625000 1862.553101 0.000000 1369.327026
46246.625000 1862.553101 0.000000 1369.427002
46246.625000 1862.553101 0.000000 1369.517944
46246.625000 1862.553101 0.000000 1369.628052
46246.625000 1862.553101 0.000000 1369.728027
46246.625000 1862.553101 0.000000 1369.831055
46246.625000 1862.553101 0.000000 1369.902954
46246.625000 1862.553101 0.000000 1370.017944
46246.625000 1862.553101 0.000000 1370.125977
46246.625000 1862.553101 0.000000 1370.208008
46246.625000 1862.553101 0.000000 1370.317993
46246.625000 1862.553101 0.000000 1370.416992
46246.625000 1862.553101 0.000000 1370.517944
46246.625000 1862.553101 0.000000 1370.630981
46246.625000 1862.553101 0.000000 1370.723022
46246.625000 1862.553101 0.000000 1370.822998
46246.625000 1862.553101 0.000000 1370.907959
46246.625000 1862.553101 0.000000 1371.022949
46246.625000 1862.553101 0.000000 1371.125977
46246.625000 1862.553101 0.000000 1371.223022
46246.625000 1862.553101 0.000000 1371.319946
46246.625000 1862.553101 0.000000 1371.404053
46246.625000 1862.553101 0.000000 1371.514038
46246.625000 1862.553101 0.000000 1371.609985
46246.625000 1862.553101 0.000000 1371.724976
46246.625000 1862.553101 0.000000 1371.824951
46246.625000 1862.553101 0.000000 1371.925049
46246.625000 1862.553101 0.000000 1372.032959
46246.625000 1862.553101 0.000000 1372.125000
46246.625000 1862.553101 0.000000 1372.224976
46246.625000 1862.553101 0.000000 1372.324951
46246.625000 1862.553101 0.000000 1372.425049
46246.625000 1862.553101 0.000000 1372.516968
46246.625000 1862.553101 0.000000 1372.625000
46246.625000 1862.553101 0.000000 1372.720947
46246.625000 1862.553101 0.000000 1372.819946
46246.625000 1862.553101 0.000000 1372.920044
46246.625000 1862.553101 0.000000 1373.025024
46246.625000 1862.553101 0.000000 1373.125000
46246.625000 1862.553101 0.000000 1373.225952
46246.625000 1862.553101 0.000000 1373.326050
46246.625000 1862.553101 0.000000 1373.425049
46246.625000 1862.553101 0.000000 1373.530029
46246.625000 1862.553101 0.000000 1373.625000
46246.625000 1862.553101 0.000000 1373.724976
46246.625000 1862.553101 0.000000 1373.821045
46246.625000 1862.553101 0.000000 1373.921021
46246.625000 1862.553101 0.000000 1374.020996
46246.625000 1862.553101 0.000000 1374.124023
46246.625000 1862.553101 0.000000 1374.220947
46246.625000 1862.553101 0.000000 1374.326050
46246.625000 1862.553101 0.000000 1374.411011
46246.625000 1862.553101 0.000000 1374.526978
46246.625000 1862.553101 0.000000 1374.615967
46246.625000 1862.553101 0.000000 1374.720947
46246.625000 1862.553101 0.000000 1374.822021
46246.625000 1862.553101 0.000000 1374.920044
46246.625000 1862.553101 0.000000 1375.025024
46246.625000 1862.553101 0.000000 1375.125000
46246.625000 1862.553101 0.000000 1375.224976
46246.625000 1862.553101 0.000000 1375.319946
46246.625000 1862.553101 0.000000 1375.425049
46246.625000 1862.553101 0.000000 1375.525024
46246.625000 1862.553101 0.000000 1375.633057
46246.625000 1862.553101 0.000000 1375.733032
46246.625000 1862.553101 0.000000 1375.828003
46246.625000 1862.553101 0.000000 1375.930054
46246.625000 1862.553101 0.000000 1376.030029
46246.625000 1862.553101 0.000000 1376.135010
46246.625000 1862.553101 0.000000 1376.229980
46246.625000 1862.553101 0.000000 1376.329956
46246.625000 1862.553101 0.000000 1376.421997
46246.625000 1862.553101 0.000000 1376.524048
46246.625000 1862.553101 0.000000 1376.626953
46246.625000 1862.553101 0.000000 1376.723999
46246.625000 1862.553101 0.000000 1376.823975
46246.625000 1862.553101 0.000000 1376.923950
46246.625000 1862.553101 0.000000 1377.019043
46246.625000 1862.553101 0.000000 1377.124023
46246.625000 1862.553101 0.000000 1377.223999
46246.625000 1862.553101 0.000000 1377.323975
46246.625000 1862.553101 0.000000 1377.423950
46246.625000 1862.553101 0.000000 1377.531006
46246.625000 1862.553101 0.000000 1377.624023
46246.625000 1862.553101 0.000000 1377.723999
46246.625000 1862.553101 0.000000 1377.823975
46246.625000 1862.553101 0.000000 1377.923950
46246.625000 1862.553101 0.000000 1378.024048
46246.625000 1862.553101 0.000000 1378.130005
46246.625000 1862.553101 0.000000 1378.223999
46246.625000 1862.553101 0.000000 1378.333008
46246.625000 1862.553101 0.000000 1378.432983
46246.625000 1862.553101 0.000000 1378.531982
46246.625000 1862.553101 0.000000 1378.631958
46246.625000 1862.553101 0.000000 1378.723999
46246.625000 1862.553101 0.000000 1378.832031
46246.625000 1862.553101 0.000000 1378.922974
46246.625000 1862.553101 0.000000 1379.029053
46246.625000 1862.553101 0.000000 1379.126953
46246.625000 1862.553101 0.000000 1379.222046
46246.625000 1862.553101 0.000000 1379.322021
46246.625000 1862.553101 0.000000 1379.416992
46246.625000 1862.553101 0.000000 1379.521973
46246.625000 1862.553101 0.000000 1379.629028
46246.625000 1862.553101 0.000000 1379.729980
46246.625000 1862.553101 0.000000 1379.824951
46246.625000 1862.553101 0.000000 1379.923950
46246.625000 1862.553101 0.000000 1380.024048
46246.625000 1862.553101 0.000000 1380.125977
46246.625000 1862.553101 0.000000 1380.234009
46246.625000 1862.553101 0.000000 1380.333984
46246.625000 1862.553101 0.000000 1380.416992
46246.625000 1862.553101 0.000000 1380.526001
46246.625000 1862.553101 0.000000 1380.615967
46246.625000 1862.553101 0.000000 1380.720947
46246.625000 1862.553101 0.000000 1380.828979
46246.625000 1862.553101 0.000000 1380.928955
46246.625000 1862.553101 0.000000 1381.021973
46246.625000 1862.553101 0.000000 1381.120972
46246.625000 1862.553101 0.000000 1381.225952
46246.625000 1862.553101 0.000000 1381.321045
46246.625000 1862.553101 0.000000 1381.427979
46246.625000 1862.553101 0.000000 1381.532959
46246.625000 1862.553101 0.000000 1381.620972
46246.625000 1862.553101 0.000000 1381.723999
46246.625000 1862.553101 0.000000 1381.823975
46246.625000 1862.553101 0.000000 1381.923950
46246.625000 1862.553101 0.000000 1382.014038
46246.625000 1862.553101 0.000000 1382.124023
46246.625000 1862.553101 0.000000 1382.224976
46246.625000 1862.553101 0.000000 1382.323975
46246.625000 1862.553101 0.000000 1382.413940
46246.625000 1862.553101 0.000000 1382.524048
46246.625000 1862.553101 0.000000 1382.624023
46246.625000 1862.553101 0.000000 1382.718994
46246.625000 1862.553101 0.000000 1382.823975
46246.625000 1862.553101 0.000000 1382.921997
46246.625000 1862.553101 0.000000 1383.026001
46246.625000 1862.553101 0.000000 1383.124023
46246.625000 1862.553101 0.000000 1383.234009
46246.625000 1862.553101 0.000000 1383.323975
46246.625000 1862.553101 0.000000 1383.427002
46246.625000 1862.553101 0.000000 1383.531982
46246.625000 1862.553101 0.000000 1383.624023
46246.625000 1862.553101 0.000000 1383.718994
46246.625000 1862.553101 0.000000 1383.827026
46246.625000 1862.553101 0.000000 1383.932007
46246.625000 1862.553101 0.000000 1384.021973
46246.625000 1862.553101 0.000000 1384.131958
46246.625000 1862.553101 0.000000 1384.232056
46246.625000 1862.553101 0.000000 1384.326050
46246.625000 1862.553101 0.000000 1384.423950
46246.625000 1862.553101 0.000000 1384.524048
46246.625000 1862.553101 0.000000 1384.620972
46246.625000 1862.553101 0.000000 1384.723999
46246.625000 1862.553101 0.000000 1384.822021
46246.625000 1862.553101 0.000000 1384.911987
46246.625000 1862.553101 0.000000 1385.021973
46246.625000 1862.553101 0.000000 1385.123047
46246.625000 1862.553101 0.000000 1385.222046
46246.625000 1862.553101 0.000000 1385.322021
46246.625000 1862.553101 0.000000 1385.427002
46246.625000 1862.553101 0.000000 1385.521973
46246.625000 1862.553101 0.000000 1385.626953
46246.625000 1862.553101 0.000000 1385.734985
46246.625000 1862.553101 0.000000 1385.824951
46246.625000 1862.553101 0.000000 1385.930054
46246.625000 1862.553101 0.000000 1386.030029
46246.625000 1862.553101 0.000000 1386.130005
46246.625000 1862.553101 0.000000 1386.229980
46246.625000 1862.553101 0.000000 1386.329956
46246.625000 1862.553101 0.000000 1386.421997
46246.625000 1862.553101 0.000000 1386.521973
46246.625000 1862.553101 0.000000 1386.621948
46246.625000 1862.553101 0.000000 1386.728027
46246.625000 1862.553101 0.000000 1386.822998
46246.625000 1862.553101 0.000000 1386.932007
46246.625000 1862.553101 0.000000 1387.030029
46246.625000 1862.553101 0.000000 1387.125000
46246.625000 1862.553101 0.000000 1387.222046
46246.625000 1862.553101 0.000000 1387.322998
46246.625000 1862.553101 0.000000 1387.416992
46246.625000 1862.553101 0.000000 1387.521973
46246.625000 1862.553101 0.000000 1387.621948
46246.625000 1862.553101 0.000000 1387.732056
46246.625000 1862.553101 0.000000 1387.827026
46246.625000 1862.553101 0.000000 1387.926025
46246.625000 1862.553101 0.000000 1388.022949
46246.625000 1862.553101 0.000000 1388.130005
46246.625000 1862.553101 0.000000 1388.219971
46246.625000 1862.553101 0.000000 1388.331055
46246.625000 1862.553101 0.000000 1388.422974
46246.625000 1862.553101 0.000000 1388.530029
46246.625000 1862.553101 0.000000 1388.623047
46246.625000 1862.553101 0.000000 1388.723022
46246.625000 1862.553101 0.000000 1388.822998
46246.625000 1862.553101 0.000000 1388.923950
46246.625000 1862.553101 0.000000 1389.020996
46246.625000 1862.553101 0.000000 1389.125000
46246.625000 1862.553101 0.000000 1389.223999
46246.625000 1862.553101 0.000000 1389.322998
46246.625000 1862.553101 0.000000 1389.421997
46246.625000 1862.553101 0.000000 1389.521973
46246.625000 1862.553101 0.000000 1389.616943
46246.625000 1862.553101 0.000000 1389.722046
46246.625000 1862.553101 0.000000 1389.827026
46246.625000 1862.553101 0.000000 1389.921997
46246.625000 1862.553101 0.000000 1390.021973
46246.625000 1862.553101 0.000000 1390.121948
46246.625000 1862.553101 0.000000 1390.228027
46246.625000 1862.553101 0.000000 1390.328003
46246.625000 1862.553101 0.000000 1390.405029
46246.625000 1862.553101 0.000000 1390.535034
46246.625000 1862.553101 0.000000 1390.625000
46246.625000 1862.553101 0.000000 1390.729980
46246.625000 1862.553101 0.000000 1390.822998
46246.625000 1862.553101 0.000000 1390.927979
46246.625000 1862.553101 0.000000 1391.024048
46246.625000 1862.553101 0.000000 1391.124023
46246.625000 1862.553101 0.000000 1391.218994
46246.625000 1862.553101 0.000000 1391.323975
46246.625000 1862.553101 0.000000 1391.423950
46246.625000 1862.553101 0.000000 1391.525024
46246.625000 1862.553101 0.000000 1391.624023
46246.625000 1862.553101 0.000000 1391.706055
46246.625000 1862.553101 0.000000 1391.821045
46246.625000 1862.553101 0.000000 1391.921997
46246.625000 1862.553101 0.000000 1392.020996
46246.625000 1862.553101 0.000000 1392.120972
46246.625000 1862.553101 0.000000 1392.220947
46246.625000 1862.553101 0.000000 1392.321045
46246.625000 1862.553101 0.000000 1392.426025
46246.625000 1862.553101 0.000000 1392.527954
46246.625000 1862.553101 0.000000 1392.625000
46246.625000 1862.553101 0.000000 1392.727051
46246.625000 1862.553101 0.000000 1392.822021
46246.625000 1862.553101 0.000000 1392.921997
46246.625000 1862.553101 0.000000 1393.021973
46246.625000 1862.553101 0.000000 1393.130005
46246.625000 1862.553101 0.000000 1393.229980
46246.625000 1862.553101 0.000000 1393.322021
46246.625000 1862.553101 0.000000 1393.421997
46246.625000 1862.553101 0.000000 1393.530029
46246.625000 1862.553101 0.000000 1393.630005
46246.625000 1862.553101 0.000000 1393.734985
46246.625000 1862.553101 0.000000 1393.829956
46246.625000 1862.553101 0.000000 1393.935059
46246.625000 1862.553101 0.000000 1394.021973
46246.625000 1862.553101 0.000000 1394.121948
46246.625000 1862.553101 0.000000 1394.217041
46246.625000 1862.553101 0.000000 1394.328003
46246.625000 1862.553101 0.000000 1394.421997
46246.625000 1862.553101 0.000000 1394.521973
46246.625000 1862.553101 0.000000 1394.621948
46246.625000 1862.553101 0.000000 1394.727051
46246.625000 1862.553101 0.000000 1394.824951
46246.625000 1862.553101 0.000000 1394.916992
46246.625000 1862.553101 0.000000 1395.021973
46246.625000 1862.553101 0.000000 1395.121948
46246.625000 1862.553101 0.000000 1395.223999
46246.625000 1862.553101 0.000000 1395.322021
46246.625000 1862.553101 0.000000 1395.427002
46246.625000 1862.553101 0.000000 1395.521973
46246.625000 1862.553101 0.000000 1395.621948
46246.625000 1862.553101 0.000000 1395.717041
46246.625000 1862.553101 0.000000 1395.822021
46246.625000 1862.553101 0.000000 1395.926025
46246.625000 1862.553101 0.000000 1396.016968
46246.625000 1862.553101 0.000000 1396.121948
46246.625000 1862.553101 0.000000 1396.224976
46246.625000 1862.553101 0.000000 1396.324951
46246.625000 1862.553101 0.000000 1396.425049
46246.625000 1862.553101 0.000000 1396.525024
46246.625000 1862.553101 0.000000 1396.621948
46246.625000 1862.553101 0.000000 1396.712036
46246.625000 1862.553101 0.000000 1396.812012
46246.625000 1862.553101 0.000000 1396.921997
46246.625000 1862.553101 0.000000 1397.029053
46246.625000 1862.553101 0.000000 1397.129028
46246.625000 1862.553101 0.000000 1397.222046
46246.625000 1862.553101 0.000000 1397.333008
46246.625000 1862.553101 0.000000 1397.421997
46246.625000 1862.553101 0.000000 1397.522949
46246.625000 1862.553101 0.000000 1397.621948
46246.625000 1862.553101 0.000000 1397.723022
46246.625000 1862.553101 0.000000 1397.832031
46246.625000 1862.553101 0.000000 1397.932007
46246.625000 1862.553101 0.000000 1398.026001
46246.625000 1862.553101 0.000000 1398.120972
46246.625000 1862.553101 0.000000 1398.211060
46246.625000 1862.553101 0.000000 1398.311035
46246.625000 1862.553101 0.000000 1398.427002
46246.625000 1862.553101 0.000000 1398.520996
46246.625000 1862.553101 0.000000 1398.625977
46246.625000 1862.553101 0.000000 1398.735962
46246.625000 1862.553101 0.000000 1398.836060
46246.625000 1862.553101 0.000000 1398.936035
46246.625000 1862.553101 0.000000 1399.036011
46246.625000 1862.553101 0.000000 1399.135986
46246.625000 1862.553101 0.000000 1399.235962
46246.625000 1862.553101 0.000000 1399.331055
46246.625000 1862.553101 0.000000 1399.427979
46246.625000 1862.553101 0.000000 1399.526978
46246.625000 1862.553101 0.000000 1399.625977
46246.625000 1862.553101 0.000000 1399.725952
46246.625000 1862.553101 0.000000 1399.826050
46246.625000 1862.553101 0.000000 1399.927002
46246.625000 1862.553101 0.000000 1400.026978
46246.625000 1862.553101 0.000000 1400.123047
46246.625000 1862.553101 0.000000 1400.227051
46246.625000 1862.553101 0.000000 1400.332031
46246.625000 1862.553101 0.000000 1400.427002
46246.625000 1862.553101 0.000000 1400.516968
46246.625000 1862.553101 0.000000 1400.631958
46246.625000 1862.553101 0.000000 1400.727051
46246.625000 1862.553101 0.000000 1400.822998
46246.625000 1862.553101 0.000000 1400.927979
46246.625000 1862.553101 0.000000 1401.031006
46246.625000 1862.553101 0.000000 1401.121948
46246.625000 1862.553101 0.000000 1401.227051
46246.625000 1862.553101 0.000000 1401.332031
46246.625000 1862.553101 0.000000 1401.427002
46246.625000 1862.553101 0.000000 1401.526978
46246.625000 1862.553101 0.000000 1401.626953
46246.625000 1862.553101 0.000000 1401.727051
46246.625000 1862.553101 0.000000 1401.834961
46246.625000 1862.553101 0.000000 1401.936035
46246.625000 1862.553101 0.000000 1402.015991
46246.625000 1862.553101 0.000000 1402.125977
46246.625000 1862.553101 0.000000 1402.230957
46246.625000 1862.553101 0.000000 1402.331055
46246.625000 1862.553101 0.000000 1402.421021
46246.625000 1862.553101 0.000000 1402.520996
46246.625000 1862.553101 0.000000 1402.631958
46246.625000 1862.553101 0.000000 1402.720947
46246.625000 1862.553101 0.000000 1402.826050
46246.625000 1862.553101 0.000000 1402.921021
46246.625000 1862.553101 0.000000 1403.026001
46246.625000 1862.553101 0.000000 1403.120972
46246.625000 1862.553101 0.000000 1403.230957
46246.625000 1862.553101 0.000000 1403.326050
46246.625000 1862.553101 0.000000 1403.421021
46246.625000 1862.553101 0.000000 1403.531982
46246.625000 1862.553101 0.000000 1403.630981
46246.625000 1862.553101 0.000000 1403.725952
46246.625000 1862.553101 0.000000 1403.816040
46246.625000 1862.553101 0.000000 1403.927002
46246.625000 1862.553101 0.000000 1404.031006
46246.625000 1862.553101 0.000000 1404.125000
46246.625000 1862.553101 0.000000 1404.234985
46246.625000 1862.553101 0.000000 1404.331055
46246.625000 1862.553101 0.000000 1404.421021
46246.625000 1862.553101 0.000000 1404.531006
46246.625000 1862.553101 0.000000 1404.633057
46246.625000 1862.553101 0.000000 1404.730957
46246.625000 1862.553101 0.000000 1404.831055
46246.625000 1862.553101 0.000000 1404.931030
46246.625000 1862.553101 0.000000 1405.031006
46246.625000 1862.553101 0.000000 1405.130981
46246.625000 1862.553101 0.000000 1405.230957
46246.625000 1862.553101 0.000000 1405.331055
46246.625000 1862.553101 0.000000 1405.432007
46246.625000 1862.553101 0.000000 1405.531006
46246.625000 1862.553101 0.000000 1405.630981
46246.625000 1862.553101 0.000000 1405.730957
46246.625000 1862.553101 0.000000 1405.831055
46246.625000 1862.553101 0.000000 1405.931030
46246.625000 1862.553101 0.000000 1406.031006
46246.625000 1862.553101 0.000000 1406.130981
46246.625000 1862.553101 0.000000 1406.230957
46246.625000 1862.553101 0.000000 1406.331055
46246.625000 1862.553101 0.000000 1406.432983
46246.625000 1862.553101 0.000000 1406.531006
46246.625000 1862.553101 0.000000 1406.630981
46246.625000 1862.553101 0.000000 1406.730957
46246.625000 1862.553101 0.000000 1406.831055
46246.625000 1862.553101 0.000000 1406.916016
46246.625000 1862.553101 0.000000 1407.036987
46246.625000 1862.553101 0.000000 1407.136963
46246.625000 1862.553101 0.000000 1407.237061
46246.625000 1862.553101 0.000000 1407.339966
46246.625000 1862.553101 0.000000 1407.439941
46246.625000 1862.553101 0.000000 1407.535034
46246.625000 1862.553101 0.000000 1407.636963
46246.625000 1862.553101 0.000000 1407.730957
46246.625000 1862.553101 0.000000 1407.821045
46246.625000 1862.553101 0.000000 1407.931030
46246.625000 1862.553101 0.000000 1408.031006
46246.625000 1862.553101 0.000000 1408.131958
46246.625000 1862.553101 0.000000 1408.230957
46246.625000 1862.553101 0.000000 1408.331055
46246.625000 1862.553101 0.000000 1408.431030
46246.625000 1862.553101 0.000000 1408.526978
46246.625000 1862.553101 0.000000 1408.637939
46246.625000 1862.553101 0.000000 1408.737061
46246.625000 1862.553101 0.000000 1408.831055
46246.625000 1862.553101 0.000000 1408.931030
46246.625000 1862.553101 0.000000 1409.031006
46246.625000 1862.553101 0.000000 1409.131958
46246.625000 1862.553101 0.000000 1409.232056
46246.625000 1862.553101 0.000000 1409.332031
46246.625000 1862.553101 0.000000 1409.432007
46246.625000 1862.553101 0.000000 1409.541016
46246.625000 1862.553101 0.000000 1409.631958
46246.625000 1862.553101 0.000000 1409.737061
46246.625000 1862.553101 0.000000 1409.837036
46246.625000 1862.553101 0.000000 1409.930054
46246.625000 1862.553101 0.000000 1410.037964
46246.625000 1862.553101 0.000000 1410.131958
46246.625000 1862.553101 0.000000 1410.228027
46246.625000 1862.553101 0.000000 1410.332031
46246.625000 1862.553101 0.000000 1410.427002
46246.625000 1862.553101 0.000000 1410.537964
46246.625000 1862.553101 0.000000 1410.631958
46246.625000 1862.553101 0.000000 1410.732056
46246.625000 1862.553101 0.000000 1410.827026
46246.625000 1862.553101 0.000000 1410.927002
46246.625000 1862.553101 0.000000 1411.031982
46246.625000 1862.553101 0.000000 1411.141968
46246.625000 1862.553101 0.000000 1411.238037
46246.625000 1862.553101 0.000000 1411.332031
46246.625000 1862.553101 0.000000 1411.432007
46246.625000 1862.553101 0.000000 1411.531982
46246.625000 1862.553101 0.000000 1411.631958
46246.625000 1862.553101 0.000000 1411.727051
46246.625000 1862.553101 0.000000 1411.832031
46246.625000 1862.553101 0.000000 1411.921997
46246.625000 1862.553101 0.000000 1412.031982
46246.625000 1862.553101 0.000000 1412.131958
46246.625000 1862.553101 0.000000 1412.232056
46246.625000 1862.553101 0.000000 1412.332031
46246.625000 1862.553101 0.000000 1412.432007
46246.625000 1862.553101 0.000000 1412.531982
46246.625000 1862.553101 0.000000 1412.626953
46246.625000 1862.553101 0.000000 1412.732056
46246.625000 1862.553101 0.000000 1412.832031
46246.625000 1862.553101 0.000000 1412.932007
46246.625000 1862.553101 0.000000 1413.031982
46246.625000 1862.553101 0.000000 1413.133057
46246.625000 1862.553101 0.000000 1413.233032
46246.625000 1862.553101 0.000000 1413.322021
46246.625000 1862.553101 0.000000 1413.437012
46246.625000 1862.553101 0.000000 1413.541992
46246.625000 1862.553101 0.000000 1413.637939
46246.625000 1862.553101 0.000000 1413.732056
46246.625000 1862.553101 0.000000 1413.832031
46246.625000 1862.553101 0.000000 1413.927002
46246.625000 1862.553101 0.000000 1414.036987
46246.625000 1862.553101 0.000000 1414.131958
46246.625000 1862.553101 0.000000 1414.232056
46246.625000 1862.553101 0.000000 1414.332031
46246.625000 1862.553101 0.000000 1414.438965
46246.625000 1862.553101 0.000000 1414.536987
46246.625000 1862.553101 0.000000 1414.631958
46246.625000 1862.553101 0.000000 1414.741943
46246.625000 1862.553101 0.000000 1414.838989
46246.625000 1862.553101 0.000000 1414.937012
46246.625000 1862.553101 0.000000 1415.038940
46246.625000 1862.553101 0.000000 1415.136963
46246.625000 1862.553101 0.000000 1415.227051
46246.625000 1862.553101 0.000000 1415.337036
46246.625000 1862.553101 0.000000 1415.437012
46246.625000 1862.553101 0.000000 1415.536987
46246.625000 1862.553101 0.000000 1415.636963
46246.625000 1862.553101 0.000000 1415.727051
46246.625000 1862.553101 0.000000 1415.847046
46246.625000 1862.553101 0.000000 1415.947021
46246.625000 1862.553101 0.000000 1416.046997
46246.625000 1862.553101 0.000000 1416.129028
46246.625000 1862.553101 0.000000 1416.239014
46246.625000 1862.553101 0.000000 1416.339966
46246.625000 1862.553101 0.000000 1416.438965
46246.625000 1862.553101 0.000000 1416.538940
46246.625000 1862.553101 0.000000 1416.641968
46246.625000 1862.553101 0.000000 1416.739014
46246.625000 1862.553101 0.000000 1416.829956
46246.625000 1862.553101 0.000000 1416.946045
46246.625000 1862.553101 0.000000 1417.040039
46246.625000 1862.553101 0.000000 1417.135010
46246.625000 1862.553101 0.000000 1417.239990
46246.625000 1862.553101 0.000000 1417.339966
46246.625000 1862.553101 0.000000 1417.435059
46246.625000 1862.553101 0.000000 1417.545044
46246.625000 1862.553101 0.000000 1417.640015
46246.625000 1862.553101 0.000000 1417.741943
46246.625000 1862.553101 0.000000 1417.843018
46246.625000 1862.553101 0.000000 1417.941040
46246.625000 1862.553101 0.000000 1418.040039
46246.625000 1862.553101 0.000000 1418.135010
46246.625000 1862.553101 0.000000 1418.239990
46246.625000 1862.553101 0.000000 1418.339966
46246.625000 1862.553101 0.000000 1418.439941
46246.625000 1862.553101 0.000000 1418.535034
46246.625000 1862.553101 0.000000 1418.625000
46246.625000 1862.553101 0.000000 1418.734985
46246.625000 1862.553101 0.000000 1418.824951
46246.625000 1862.553101 0.000000 1418.942993
46246.625000 1862.553101 0.000000 1419.047974
46246.625000 1862.553101 0.000000 1419.130005
46246.625000 1862.553101 0.000000 1419.239990
46246.625000 1862.553101 0.000000 1419.334961
46246.625000 1862.553101 0.000000 1419.443970
46246.625000 1862.553101 0.000000 1419.543945
46246.625000 1862.553101 0.000000 1419.635010
46246.625000 1862.553101 0.000000 1419.739990
46246.625000 1862.553101 0.000000 1419.839966
46246.625000 1862.553101 0.000000 1419.947021
46246.625000 1862.553101 0.000000 1420.046997
46246.625000 1862.553101 0.000000 1420.141968
46246.625000 1862.553101 0.000000 1420.246948
46246.625000 1862.553101 0.000000 1420.329956
46246.625000 1862.553101 0.000000 1420.444946
46246.625000 1862.553101 0.000000 1420.540039
46246.625000 1862.553101 0.000000 1420.645020
46246.625000 1862.553101 0.000000 1420.739990
46246.625000 1862.553101 0.000000 1420.839966
46246.625000 1862.553101 0.000000 1420.939941
46246.625000 1862.553101 0.000000 1421.045044
46246.625000 1862.553101 0.000000 1421.140015
46246.625000 1862.553101 0.000000 1421.239990
46246.625000 1862.553101 0.000000 1421.339966
46246.625000 1862.553101 0.000000 1421.444946
46246.625000 1862.553101 0.000000 1421.546021
46246.625000 1862.553101 0.000000 1421.645020
46246.625000 1862.553101 0.000000 1421.740967
46246.625000 1862.553101 0.000000 1421.839966
46246.625000 1862.553101 0.000000 1421.925049
46246.625000 1862.553101 0.000000 1422.040039
46246.625000 1862.553101 0.000000 1422.151001
46246.625000 1862.553101 0.000000 1422.244995
46246.625000 1862.553101 0.000000 1422.334961
46246.625000 1862.553101 0.000000 1422.443970
46246.625000 1862.553101 0.000000 1422.543945
46246.625000 1862.553101 0.000000 1422.629028
46246.625000 1862.553101 0.000000 1422.739990
46246.625000 1862.553101 0.000000 1422.838989
46246.625000 1862.553101 0.000000 1422.938965
46246.625000 1862.553101 0.000000 1423.040039
46246.625000 1862.553101 0.000000 1423.145020
46246.625000 1862.553101 0.000000 1423.244995
46246.625000 1862.553101 0.000000 1423.339966
46246.625000 1862.553101 0.000000 1423.439941
46246.625000 1862.553101 0.000000 1423.541016
46246.625000 1862.553101 0.000000 1423.645020
46246.625000 1862.553101 0.000000 1423.749023
46246.625000 1862.553101 0.000000 1423.848999
46246.625000 1862.553101 0.000000 1423.948975
46246.625000 1862.553101 0.000000 1424.041992
46246.625000 1862.553101 0.000000 1424.141968
46246.625000 1862.553101 0.000000 1424.241943
46246.625000 1862.553101 0.000000 1424.342041
46246.625000 1862.553101 0.000000 1424.432007
46246.625000 1862.553101 0.000000 1424.541992
46246.625000 1862.553101 0.000000 1424.646973
46246.625000 1862.553101 0.000000 1424.746948
46246.625000 1862.553101 0.000000 1424.847046
46246.625000 1862.553101 0.000000 1424.947021
46246.625000 1862.553101 0.000000 1425.055054
46246.625000 1862.553101 0.000000 1425.155029
46246.625000 1862.553101 0.000000 1425.250000
46246.625000 1862.553101 0.000000 1425.343018
46246.625000 1862.553101 0.000000 1425.442993
46246.625000 1862.553101 0.000000 1425.542969
46246.625000 1862.553101 0.000000 1425.647949
46246.625000 1862.553101 0.000000 1425.743042
46246.625000 1862.553101 0.000000 1425.848022
46246.625000 1862.553101 0.000000 1425.947998
46246.625000 1862.553101 0.000000 1426.037964
46246.625000 1862.553101 0.000000 1426.142944
46246.625000 1862.553101 0.000000 1426.248047
46246.625000 1862.553101 0.000000 1426.343018
46246.625000 1862.553101 0.000000 1426.443970
46246.625000 1862.553101 0.000000 1426.543945
46246.625000 1862.553101 0.000000 1426.644043
46246.625000 1862.553101 0.000000 1426.744019
46246.625000 1862.553101 0.000000 1426.844971
46246.625000 1862.553101 0.000000 1426.933960
46246.625000 1862.553101 0.000000 1427.050049
46246.625000 1862.553101 0.000000 1427.140991
46246.625000 1862.553101 0.000000 1427.245972
46246.625000 1862.553101 0.000000 1427.345947
46246.625000 1862.553101 0.000000 1427.452026
46246.625000 1862.553101 0.000000 1427.546021
46246.625000 1862.553101 0.000000 1427.645996
46246.625000 1862.553101 0.000000 1427.754028
46246.625000 1862.553101 0.000000 1427.854980
46246.625000 1862.553101 0.000000 1427.954956
46246.625000 1862.553101 0.000000 1428.055054
46246.625000 1862.553101 0.000000 1428.155029
46246.625000 1862.553101 0.000000 1428.255005
46246.625000 1862.553101 0.000000 1428.354980
46246.625000 1862.553101 0.000000 1428.454956
46246.625000 1862.553101 0.000000 1428.541992
46246.625000 1862.553101 0.000000 1428.645996
46246.625000 1862.553101 0.000000 1428.745972
46246.625000 1862.553101 0.000000 1428.840942
46246.625000 1862.553101 0.000000 1428.947021
46246.625000 1862.553101 0.000000 1429.052002
46246.625000 1862.553101 0.000000 1429.156982
46246.625000 1862.553101 0.000000 1429.245972
46246.625000 1862.553101 0.000000 1429.345947
46246.625000 1862.553101 0.000000 1429.447021
46246.625000 1862.553101 0.000000 1429.541016
46246.625000 1862.553101 0.000000 1429.651978
46246.625000 1862.553101 0.000000 1429.745972
46246.625000 1862.553101 0.000000 1429.848022
46246.625000 1862.553101 0.000000 1429.946045
46246.625000 1862.553101 0.000000 1430.046021
46246.625000 1862.553101 0.000000 1430.156006
46246.625000 1862.553101 0.000000 1430.255981
46246.625000 1862.553101 0.000000 1430.355957
46246.625000 1862.553101 0.000000 1430.456055
46246.625000 1862.553101 0.000000 1430.551025
46246.625000 1862.553101 0.000000 1430.639038
46246.625000 1862.553101 0.000000 1430.755981
46246.625000 1862.553101 0.000000 1430.855957
46246.625000 1862.553101 0.000000 1430.956055
46246.625000 1862.553101 0.000000 1431.056030
46246.625000 1862.553101 0.000000 1431.156006
46246.625000 1862.553101 0.000000 1431.250977
46246.625000 1862.553101 0.000000 1431.345947
46246.625000 1862.553101 0.000000 1431.446045
46246.625000 1862.553101 0.000000 1431.546021
46246.625000 1862.553101 0.000000 1431.647949
46246.625000 1862.553101 0.000000 1431.750977
46246.625000 1862.553101 0.000000 1431.854004
46246.625000 1862.553101 0.000000 1431.953979
46246.625000 1862.553101 0.000000 1432.053955
46246.625000 1862.553101 0.000000 1432.145996
46246.625000 1862.553101 0.000000 1432.245972
46246.625000 1862.553101 0.000000 1432.352051
46246.625000 1862.553101 0.000000 1432.456055
46246.625000 1862.553101 0.000000 1432.556030
46246.625000 1862.553101 0.000000 1432.656006
46246.625000 1862.553101 0.000000 1432.755981
46246.625000 1862.553101 0.000000 1432.845947
46246.625000 1862.553101 0.000000 1432.956055
46246.625000 1862.553101 0.000000 1433.046021
46246.625000 1862.553101 0.000000 1433.156006
46246.625000 1862.553101 0.000000 1433.250977
46246.625000 1862.553101 0.000000 1433.342041
46246.625000 1862.553101 0.000000 1433.439941
46246.625000 1862.553101 0.000000 1433.546021
46246.625000 1862.553101 0.000000 1433.645020
46246.625000 1862.553101 0.000000 1433.750000
46246.625000 1862.553101 0.000000 1433.849976
46246.625000 1862.553101 0.000000 1433.949951
46246.625000 1862.553101 0.000000 1434.035034
46246.625000 1862.553101 0.000000 1434.145020
46246.625000 1862.553101 0.000000 1434.244995
46246.625000 1862.553101 0.000000 1434.344971
46246.625000 1862.553101 0.000000 1434.446045
46246.625000 1862.553101 0.000000 1434.534058
46246.625000 1862.553101 0.000000 1434.644043
46246.625000 1862.553101 0.000000 1434.749023
46246.625000 1862.553101 0.000000 1434.849976
46246.625000 1862.553101 0.000000 1434.948975
46246.625000 1862.553101 0.000000 1435.043945
46246.625000 1862.553101 0.000000 1435.155029
46246.625000 1862.553101 0.000000 1435.259033
46246.625000 1862.553101 0.000000 1435.342041
46246.625000 1862.553101 0.000000 1435.452026
46246.625000 1862.553101 0.000000 1435.552979
46246.625000 1862.553101 0.000000 1435.647949
46246.625000 1862.553101 0.000000 1435.746948
46246.625000 1862.553101 0.000000 1435.853027
46246.625000 1862.553101 0.000000 1435.963013
46246.625000 1862.553101 0.000000 1436.048950
46246.625000 1862.553101 0.000000 1436.152954
46246.625000 1862.553101 0.000000 1436.253052
46246.625000 1862.553101 0.000000 1436.360962
46246.625000 1862.553101 0.000000 1436.456055
46246.625000 1862.553101 0.000000 1436.550049
46246.625000 1862.553101 0.000000 1436.650024
46246.625000 1862.553101 0.000000 1436.759033
46246.625000 1862.553101 0.000000 1436.859009
46246.625000 1862.553101 0.000000 1436.958984
46246.625000 1862.553101 0.000000 1437.058960
46246.625000 1862.553101 0.000000 1437.150024
46246.625000 1862.553101 0.000000 1437.250000
46246.625000 1862.553101 0.000000 1437.344971
46246.625000 1862.553101 0.000000 1437.449951
46246.625000 1862.553101 0.000000 1437.550049
46246.625000 1862.553101 0.000000 1437.641968
46246.625000 1862.553101 0.000000 1437.751953
46246.625000 1862.553101 0.000000 1437.852051
46246.625000 1862.553101 0.000000 1437.952026
46246.625000 1862.553101 0.000000 1438.052979
46246.625000 1862.553101 0.000000 1438.161011
46246.625000 1862.553101 0.000000 1438.251953
46246.625000 1862.553101 0.000000 1438.352051
46246.625000 1862.553101 0.000000 1438.452026
46246.625000 1862.553101 0.000000 1438.552002
46246.625000 1862.553101 0.000000 1438.652954
46246.625000 1862.553101 0.000000 1438.749023
46246.625000 1862.553101 0.000000 1438.859009
46246.625000 1862.553101 0.000000 1438.959961
46246.625000 1862.553101 0.000000 1439.052979
46246.625000 1862.553101 0.000000 1439.151978
46246.625000 1862.553101 0.000000 1439.246948
46246.625000 1862.553101 0.000000 1439.352051
46246.625000 1862.553101 0.000000 1439.453003
46246.625000 1862.553101 0.000000 1439.553955
46246.625000 1862.553101 0.000000 1439.652954
46246.625000 1862.553101 0.000000 1439.753052
46246.625000 1862.553101 0.000000 1439.854004
46246.625000 1862.553101 0.000000 1439.953003
46246.625000 1862.553101 0.000000 1440.052979
46246.625000 1862.553101 0.000000 1440.152954
46246.625000 1862.553101 0.000000 1440.250000
46246.625000 1862.553101 0.000000 1440.343994
46246.625000 1862.553101 0.000000 1440.453979
46246.625000 1862.553101 0.000000 1440.556030
46246.625000 1862.553101 0.000000 1440.645996
46246.625000 1862.553101 0.000000 1440.760986
46246.625000 1862.553101 0.000000 1440.850952
46246.625000 1862.553101 0.000000 1440.951050
46246.625000 1862.553101 0.000000 1441.051025
46246.625000 1862.553101 0.000000 1441.152954
46246.625000 1862.553101 0.000000 1441.251953
46246.625000 1862.553101 0.000000 1441.352051
46246.625000 1862.553101 0.000000 1441.452026
46246.625000 1862.553101 0.000000 1441.556030
46246.625000 1862.553101 0.000000 1441.651978
46246.625000 1862.553101 0.000000 1441.751953
46246.625000 1862.553101 0.000000 1441.858032
46246.625000 1862.553101 0.000000 1441.958008
46246.625000 1862.553101 0.000000 1442.057983
46246.625000 1862.553101 0.000000 1442.147949
46246.625000 1862.553101 0.000000 1442.256958
46246.625000 1862.553101 0.000000 1442.352051
46246.625000 1862.553101 0.000000 1442.458008
46246.625000 1862.553101 0.000000 1442.562012
46246.625000 1862.553101 0.000000 1442.661987
46246.625000 1862.553101 0.000000 1442.761963
46246.625000 1862.553101 0.000000 1442.862061
46246.625000 1862.553101 0.000000 1442.962036
46246.625000 1862.553101 0.000000 1443.062012
46246.625000 1862.553101 0.000000 1443.166992
46246.625000 1862.553101 0.000000 1443.261963
46246.625000 1862.553101 0.000000 1443.362061
46246.625000 1862.553101 0.000000 1443.462036
46246.625000 1862.553101 0.000000 1443.553955
46246.625000 1862.553101 0.000000 1443.661011
46246.625000 1862.553101 0.000000 1443.754028
46246.625000 1862.553101 0.000000 1443.854004
46246.625000 1862.553101 0.000000 1443.954956
46246.625000 1862.553101 0.000000 1444.063965
46246.625000 1862.553101 0.000000 1444.163940
46246.625000 1862.553101 0.000000 1444.264038
46246.625000 1862.553101 0.000000 1444.360962
46246.625000 1862.553101 0.000000 1444.449951
46246.625000 1862.553101 0.000000 1444.564941
46246.625000 1862.553101 0.000000 1444.654053
46246.625000 1862.553101 0.000000 1444.754028
46246.625000 1862.553101 0.000000 1444.848999
46246.625000 1862.553101 0.000000 1444.953979
46246.625000 1862.553101 0.000000 1445.053955
46246.625000 1862.553101 0.000000 1445.154053
46246.625000 1862.553101 0.000000 1445.255981
46246.625000 1862.553101 0.000000 1445.354004
46246.625000 1862.553101 0.000000 1445.456055
46246.625000 1862.553101 0.000000 1445.553955
46246.625000 1862.553101 0.000000 1445.654053
46246.625000 1862.553101 0.000000 1445.754028
46246.625000 1862.553101 0.000000 1445.855957
46246.625000 1862.553101 0.000000 1445.953979
46246.625000 1862.553101 0.000000 1446.053955
46246.625000 1862.553101 0.000000 1446.159058
46246.625000 1862.553101 0.000000 1446.255981
46246.625000 1862.553101 0.000000 1446.343994
46246.625000 1862.553101 0.000000 1446.453979
46246.625000 1862.553101 0.000000 1446.553955
46246.625000 1862.553101 0.000000 1446.662964
46246.625000 1862.553101 0.000000 1446.765015
46246.625000 1862.553101 0.000000 1446.854980
46246.625000 1862.553101 0.000000 1446.953979
46246.625000 1862.553101 0.000000 1447.053955
46246.625000 1862.553101 0.000000 1447.144043
46246.625000 1862.553101 0.000000 1447.244995
46246.625000 1862.553101 0.000000 1447.348999
46246.625000 1862.553101 0.000000 1447.453979
46246.625000 1862.553101 0.000000 1447.553955
46246.625000 1862.553101 0.000000 1447.644043
46246.625000 1862.553101 0.000000 1447.759033
46246.625000 1862.553101 0.000000 1447.854980
46246.625000 1862.553101 0.000000 1447.956055
46246.625000 1862.553101 0.000000 1448.055054
46246.625000 1862.553101 0.000000 1448.149048
46246.625000 1862.553101 0.000000 1448.260010
46246.625000 1862.553101 0.000000 1448.354004
46246.625000 1862.553101 0.000000 1448.452026
46246.625000 1862.553101 0.000000 1448.562012
46246.625000 1862.553101 0.000000 1448.654053
46246.625000 1862.553101 0.000000 1448.755005
46246.625000 1862.553101 0.000000 1448.854004
46246.625000 1862.553101 0.000000 1448.948975
46246.625000 1862.553101 0.000000 1449.062988
46246.625000 1862.553101 0.000000 1449.162964
46246.625000 1862.553101 0.000000 1449.258057
46246.625000 1862.553101 0.000000 1449.359009
46246.625000 1862.553101 0.000000 1449.453979
46246.625000 1862.553101 0.000000 1449.555054
46246.625000 1862.553101 0.000000 1449.654053
46246.625000 1862.553101 0.000000 1449.754028
46246.625000 1862.553101 0.000000 1449.854004
46246.625000 1862.553101 0.000000 1449.943970
46246.625000 1862.553101 0.000000 1450.053955
46246.625000 1862.553101 0.000000 1450.155029
46246.625000 1862.553101 0.000000 1450.255981
46246.625000 1862.553101 0.000000 1450.358032
46246.625000 1862.553101 0.000000 1450.463013
46246.625000 1862.553101 0.000000 1450.560059
46246.625000 1862.553101 0.000000 1450.654053
46246.625000 1862.553101 0.000000 1450.754028
46246.625000 1862.553101 0.000000 1450.854004
46246.625000 1862.553101 0.000000 1450.953979
46246.625000 1862.553101 0.000000 1451.058960
46246.625000 1862.553101 0.000000 1451.163940
46246.625000 1862.553101 0.000000 1451.259033
46246.625000 1862.553101 0.000000 1451.364014
46246.625000 1862.553101 0.000000 1451.463989
46246.625000 1862.553101 0.000000 1451.563965
46246.625000 1862.553101 0.000000 1451.663940
46246.625000 1862.553101 0.000000 1451.764038
46246.625000 1862.553101 0.000000 1451.859009
46246.625000 1862.553101 0.000000 1451.953979
46246.625000 1862.553101 0.000000 1452.055054
46246.625000 1862.553101 0.000000 1452.155029
46246.625000 1862.553101 0.000000 1452.255005
46246.625000 1862.553101 0.000000 1452.355957
46246.625000 1862.553101 0.000000 1452.463989
46246.625000 1862.553101 0.000000 1452.563965
46246.625000 1862.553101 0.000000 1452.659058
46246.625000 1862.553101 0.000000 1452.759033
46246.625000 1862.553101 0.000000 1452.862061
46246.625000 1862.553101 0.000000 1452.954956
46246.625000 1862.553101 0.000000 1453.050049
46246.625000 1862.553101 0.000000 1453.155029
46246.625000 1862.553101 0.000000 1453.244995
46246.625000 1862.553101 0.000000 1453.352051
46246.625000 1862.553101 0.000000 1453.449951
46246.625000 1862.553101 0.000000 1453.556030
46246.625000 1862.553101 0.000000 1453.650024
46246.625000 1862.553101 0.000000 1453.750000
46246.625000 1862.553101 0.000000 1453.854980
46246.625000 1862.553101 0.000000 1453.949951
46246.625000 1862.553101 0.000000 1454.055054
46246.625000 1862.553101 0.000000 1454.155029
46246.625000 1862.553101 0.000000 1454.250000
46246.625000 1862.553101 0.000000 1454.349976
46246.625000 1862.553101 0.000000 1454.444946
46246.625000 1862.553101 0.000000 1454.555054
46246.625000 1862.553101 0.000000 1454.655029
46246.625000 1862.553101 0.000000 1454.750000
46246.625000 1862.553101 0.000000 1454.854980
46246.625000 1862.553101 0.000000 1454.954956
46246.625000 1862.553101 0.000000 1455.050049
46246.625000 1862.553101 0.000000 1455.155029
46246.625000 1862.553101 0.000000 1455.250000
46246.625000 1862.553101 0.000000 1455.336060
46246.625000 1862.553101 0.000000 1455.449951
46246.625000 1862.553101 0.000000 1455.541992
46246.625000 1862.553101 0.000000 1455.650024
46246.625000 1862.553101 0.000000 1455.755005
46246.625000 1862.553101 0.000000 1455.854980
46246.625000 1862.553101 0.000000 1455.954956
46246.625000 1862.553101 0.000000 1456.055054
46246.625000 1862.553101 0.000000 1456.150024
46246.625000 1862.553101 0.000000 1456.250000
46246.625000 1862.553101 0.000000 1456.349976
46246.625000 1862.553101 0.000000 1456.458008
46246.625000 1862.553101 0.000000 1456.552979
46246.625000 1862.553101 0.000000 1456.661011
46246.625000 1862.553101 0.000000 1456.758057
46246.625000 1862.553101 0.000000 1456.858032
46246.625000 1862.553101 0.000000 1456.959961
46246.625000 1862.553101 0.000000 1457.058960
46246.625000 1862.553101 0.000000 1457.157959
46246.625000 1862.553101 0.000000 1457.258057
46246.625000 1862.553101 0.000000 1457.358032
46246.625000 1862.553101 0.000000 1457.458008
46246.625000 1862.553101 0.000000 1457.557983
46246.625000 1862.553101 0.000000 1457.659058
46246.625000 1862.553101 0.000000 1457.758057
46246.625000 1862.553101 0.000000 1457.858032
46246.625000 1862.553101 0.000000 1457.958984
46246.625000 1862.553101 0.000000 1458.057983
46246.625000 1862.553101 0.000000 1458.166016
46246.625000 1862.553101 0.000000 1458.258057
46246.625000 1862.553101 0.000000 1458.358032
46246.625000 1862.553101 0.000000 1458.462036
46246.625000 1862.553101 0.000000 1458.567017
46246.625000 1862.553101 0.000000 1458.661987
46246.625000 1862.553101 0.000000 1458.766968
46246.625000 1862.553101 0.000000 1458.866943
46246.625000 1862.553101 0.000000 1458.962036
46246.625000 1862.553101 0.000000 1459.067017
46246.625000 1862.553101 0.000000 1459.166992
46246.625000 1862.553101 0.000000 1459.260986
46246.625000 1862.553101 0.000000 1459.348022
46246.625000 1862.553101 0.000000 1459.458008
46246.625000 1862.553101 0.000000 1459.557983
46246.625000 1862.553101 0.000000 1459.657959
46246.625000 1862.553101 0.000000 1459.760010
46246.625000 1862.553101 0.000000 1459.858032
46246.625000 1862.553101 0.000000 1459.958008
46246.625000 1862.553101 0.000000 1460.057983
46246.625000 1862.553101 0.000000 1460.156006
46246.625000 1862.553101 0.000000 1460.258057
46246.625000 1862.553101 0.000000 1460.364014
46246.625000 1862.553101 0.000000 1460.453003
46246.625000 1862.553101 0.000000 1460.558960
46246.625000 1862.553101 0.000000 1460.661987
46246.625000 1862.553101 0.000000 1460.759033
46246.625000 1862.553101 0.000000 1460.859985
46246.625000 1862.553101 0.000000 1460.953003
46246.625000 1862.553101 0.000000 1461.062988
46246.625000 1862.553101 0.000000 1461.159058
46246.625000 1862.553101 0.000000 1461.243042
46246.625000 1862.553101 0.000000 1461.358032
46246.625000 1862.553101 0.000000 1461.458984
46246.625000 1862.553101 0.000000 1461.552979
46246.625000 1862.553101 0.000000 1461.657959
46246.625000 1862.553101 0.000000 1461.758057
46246.625000 1862.553101 0.000000 1461.864990
46246.625000 1862.553101 0.000000 1461.968018
46246.625000 1862.553101 0.000000 1462.057983
46246.625000 1862.553101 0.000000 1462.159058
46246.625000 1862.553101 0.000000 1462.258057
46246.625000 1862.553101 0.000000 1462.353027
46246.625000 1862.553101 0.000000 1462.458008
46246.625000 1862.553101 0.000000 1462.553955
46246.625000 1862.553101 0.000000 1462.657959
46246.625000 1862.553101 0.000000 1462.758057
46246.625000 1862.553101 0.000000 1462.858032
46246.625000 1862.553101 0.000000 1462.958008
46246.625000 1862.553101 0.000000 1463.057983
46246.625000 1862.553101 0.000000 1463.163940
46246.625000 1862.553101 0.000000 1463.248047
46246.625000 1862.553101 0.000000 1463.358032
46246.625000 1862.553101 0.000000 1463.453003
46246.625000 1862.553101 0.000000 1463.557983
46246.625000 1862.553101 0.000000 1463.657959
46246.625000 1862.553101 0.000000 1463.758057
46246.625000 1862.553101 0.000000 1463.853027
46246.625000 1862.553101 0.000000 1463.967041
46246.625000 1862.553101 0.000000 1464.057983
46246.625000 1862.553101 0.000000 1464.162964
46246.625000 1862.553101 0.000000 1464.266968
46246.625000 1862.553101 0.000000 1464.366943
46246.625000 1862.553101 0.000000 1464.461060
46246.625000 1862.553101 0.000000 1464.558960
46246.625000 1862.553101 0.000000 1464.659058
46246.625000 1862.553101 0.000000 1464.765015
46246.625000 1862.553101 0.000000 1464.865967
46246.625000 1862.553101 0.000000 1464.965942
46246.625000 1862.553101 0.000000 1465.058960
46246.625000 1862.553101 0.000000 1465.159058
46246.625000 1862.553101 0.000000 1465.248047
46246.625000 1862.553101 0.000000 1465.358032
46246.625000 1862.553101 0.000000 1465.447998
46246.625000 1862.553101 0.000000 1465.558960
46246.625000 1862.553101 0.000000 1465.657959
46246.625000 1862.553101 0.000000 1465.753052
46246.625000 1862.553101 0.000000 1465.848022
46246.625000 1862.553101 0.000000 1465.959961
46246.625000 1862.553101 0.000000 1466.060059
46246.625000 1862.553101 0.000000 1466.155029
46246.625000 1862.553101 0.000000 1466.260010
46246.625000 1862.553101 0.000000 1466.359985
46246.625000 1862.553101 0.000000 1466.459961
46246.625000 1862.553101 0.000000 1466.561035
46246.625000 1862.553101 0.000000 1466.660034
46246.625000 1862.553101 0.000000 1466.760010
46246.625000 1862.553101 0.000000 1466.859985
46246.625000 1862.553101 0.000000 1466.959961
46246.625000 1862.553101 0.000000 1467.066040
46246.625000 1862.553101 0.000000 1467.160034
46246.625000 1862.553101 0.000000 1467.265015
46246.625000 1862.553101 0.000000 1467.365967
46246.625000 1862.553101 0.000000 1467.459961
46246.625000 1862.553101 0.000000 1467.560059
46246.625000 1862.553101 0.000000 1467.656006
46246.625000 1862.553101 0.000000 1467.767944
46246.625000 1862.553101 0.000000 1467.868042
46246.625000 1862.553101 0.000000 1467.965942
46246.625000 1862.553101 0.000000 1468.051025
46246.625000 1862.553101 0.000000 1468.156006
46246.625000 1862.553101 0.000000 1468.260986
46246.625000 1862.553101 0.000000 1468.362061
46246.625000 1862.553101 0.000000 1468.461060
46246.625000 1862.553101 0.000000 1468.561035
46246.625000 1862.553101 0.000000 1468.661011
46246.625000 1862.553101 0.000000 1468.761963
46246.625000 1862.553101 0.000000 1468.850952
46246.625000 1862.553101 0.000000 1468.957031
46246.625000 1862.553101 0.000000 1469.061035
46246.625000 1862.553101 0.000000 1469.162964
46246.625000 1862.553101 0.000000 1469.267944
46246.625000 1862.553101 0.000000 1469.360962
46246.625000 1862.553101 0.000000 1469.456055
46246.625000 1862.553101 0.000000 1469.558960
46246.625000 1862.553101 0.000000 1469.656006
46246.625000 1862.553101 0.000000 1469.760986
46246.625000 1862.553101 0.000000 1469.855957
46246.625000 1862.553101 0.000000 1469.968018
46246.625000 1862.553101 0.000000 1470.061035
46246.625000 1862.553101 0.000000 1470.161011
46246.625000 1862.553101 0.000000 1470.250977
46246.625000 1862.553101 0.000000 1470.365967
46246.625000 1862.553101 0.000000 1470.461060
46246.625000 1862.553101 0.000000 1470.567017
46246.625000 1862.553101 0.000000 1470.661011
46246.625000 1862.553101 0.000000 1470.760986
46246.625000 1862.553101 0.000000 1470.862061
46246.625000 1862.553101 0.000000 1470.961060
46246.625000 1862.553101 0.000000 1471.057007
46246.625000 1862.553101 0.000000 1471.161011
46246.625000 1862.553101 0.000000 1471.260986
46246.625000 1862.553101 0.000000 1471.360962
46246.625000 1862.553101 0.000000 1471.453003
46246.625000 1862.553101 0.000000 1471.561035
46246.625000 1862.553101 0.000000 1471.656982
46246.625000 1862.553101 0.000000 1471.755981
46246.625000 1862.553101 0.000000 1471.862061
46246.625000 1862.553101 0.000000 1471.961060
46246.625000 1862.553101 0.000000 1472.061035
46246.625000 1862.553101 0.000000 1472.162964
46246.625000 1862.553101 0.000000 1472.255981
46246.625000 1862.553101 0.000000 1472.360962
46246.625000 1862.553101 0.000000 1472.461060
46246.625000 1862.553101 0.000000 1472.566040
46246.625000 1862.553101 0.000000 1472.666016
46246.625000 1862.553101 0.000000 1472.760986
46246.625000 1862.553101 0.000000 1472.866943
46246.625000 1862.553101 0.000000 1472.965942
46246.625000 1862.553101 0.000000 1473.061035
46246.625000 1862.553101 0.000000 1473.176025
46246.625000 1862.553101 0.000000 1473.276001
46246.625000 1862.553101 0.000000 1473.375977
46246.625000 1862.553101 0.000000 1473.475952
46246.625000 1862.553101 0.000000 1473.576050
46246.625000 1862.553101 0.000000 1473.676025
46246.625000 1862.553101 0.000000 1473.776001
46246.625000 1862.553101 0.000000 1473.878052
46246.625000 1862.553101 0.000000 1473.975952
46246.625000 1862.553101 0.000000 1474.077026
46246.625000 1862.553101 0.000000 1474.182007
46246.625000 1862.553101 0.000000 1474.281982
46246.625000 1862.553101 0.000000 1474.383057
46246.625000 1862.553101 0.000000 1474.468018
46246.625000 1862.553101 0.000000 1474.578003
46246.625000 1862.553101 0.000000 1474.672974
46246.625000 1862.553101 0.000000 1474.762939
46246.625000 1862.553101 0.000000 1474.873047
46246.625000 1862.553101 0.000000 1474.979004
46246.625000 1862.553101 0.000000 1475.073975
46246.625000 1862.553101 0.000000 1475.172974
46246.625000 1862.553101 0.000000 1475.274048
46246.625000 1862.553101 0.000000 1475.374023
46246.625000 1862.553101 0.000000 1475.473022
46246.625000 1862.553101 0.000000 1475.567993
46246.625000 1862.553101 0.000000 1475.672974
46246.625000 1862.553101 0.000000 1475.775024
46246.625000 1862.553101 0.000000 1475.876953
46246.625000 1862.553101 0.000000 1475.982056
46246.625000 1862.553101 0.000000 1476.073975
46246.625000 1862.553101 0.000000 1476.178955
46246.625000 1862.553101 0.000000 1476.274048
46246.625000 1862.553101 0.000000 1476.375000
46246.625000 1862.553101 0.000000 1476.479004
46246.625000 1862.553101 0.000000 1476.574951
46246.625000 1862.553101 0.000000 1476.675049
46246.625000 1862.553101 0.000000 1476.775024
46246.625000 1862.553101 0.000000 1476.869995
46246.625000 1862.553101 0.000000 1476.980957
46246.625000 1862.553101 0.000000 1477.071045
46246.625000 1862.553101 0.000000 1477.175049
46246.625000 1862.553101 0.000000 1477.269043
46246.625000 1862.553101 0.000000 1477.375000
46246.625000 1862.553101 0.000000 1477.479980
46246.625000 1862.553101 0.000000 1477.586060
46246.625000 1862.553101 0.000000 1477.680054
46246.625000 1862.553101 0.000000 1477.781006
46246.625000 1862.553101 0.000000 1477.887939
46246.625000 1862.553101 0.000000 1477.988037
46246.625000 1862.553101 0.000000 1478.088013
46246.625000 1862.553101 0.000000 1478.188965
46246.625000 1862.553101 0.000000 1478.290039
46246.625000 1862.553101 0.000000 1478.390015
46246.625000 1862.553101 0.000000 1478.489990
46246.625000 1862.553101 0.000000 1478.590942
46246.625000 1862.553101 0.000000 1478.680054
46246.625000 1862.553101 0.000000 1478.780029
46246.625000 1862.553101 0.000000 1478.875000
46246.625000 1862.553101 0.000000 1478.982056
46246.625000 1862.553101 0.000000 1479.079956
46246.625000 1862.553101 0.000000 1479.180054
46246.625000 1862.553101 0.000000 1479.280029
46246.625000 1862.553101 0.000000 1479.380005
46246.625000 1862.553101 0.000000 1479.479980
46246.625000 1862.553101 0.000000 1479.589966
46246.625000 1862.553101 0.000000 1479.687012
46246.625000 1862.553101 0.000000 1479.785034
46246.625000 1862.553101 0.000000 1479.890015
46246.625000 1862.553101 0.000000 1479.979980
46246.625000 1862.553101 0.000000 1480.086060
46246.625000 1862.553101 0.000000 1480.186035
46246.625000 1862.553101 0.000000 1480.286011
46246.625000 1862.553101 0.000000 1480.375977
46246.625000 1862.553101 0.000000 1480.485962
46246.625000 1862.553101 0.000000 1480.595947
46246.625000 1862.553101 0.000000 1480.696045
46246.625000 1862.553101 0.000000 1480.795044
46246.625000 1862.553101 0.000000 1480.890015
46246.625000 1862.553101 0.000000 1481.000000
46246.625000 1862.553101 0.000000 1481.090942
46246.625000 1862.553101 0.000000 1481.197998
46246.625000 1862.553101 0.000000 1481.282959
46246.625000 1862.553101 0.000000 1481.390015
46246.625000 1862.553101 0.000000 1481.494995
46246.625000 1862.553101 0.000000 1481.588013
46246.625000 1862.553101 0.000000 1481.682983
46246.625000 1862.553101 0.000000 1481.792969
46246.625000 1862.553101 0.000000 1481.887939
46246.625000 1862.553101 0.000000 1481.988037
46246.625000 1862.553101 0.000000 1482.078003
46246.625000 1862.553101 0.000000 1482.192993
46246.625000 1862.553101 0.000000 1482.287964
46246.625000 1862.553101 0.000000 1482.387939
46246.625000 1862.553101 0.000000 1482.493042
46246.625000 1862.553101 0.000000 1482.583008
46246.625000 1862.553101 0.000000 1482.682983
46246.625000 1862.553101 0.000000 1482.782959
46246.625000 1862.553101 0.000000 1482.889038
46246.625000 1862.553101 0.000000 1482.989014
46246.625000 1862.553101 0.000000 1483.088013
46246.625000 1862.553101 0.000000 1483.187988
46246.625000 1862.553101 0.000000 1483.282959
46246.625000 1862.553101 0.000000 1483.390015
46246.625000 1862.553101 0.000000 1483.489014
46246.625000 1862.553101 0.000000 1483.583984
46246.625000 1862.553101 0.000000 1483.688965
46246.625000 1862.553101 0.000000 1483.788940
46246.625000 1862.553101 0.000000 1483.889038
46246.625000 1862.553101 0.000000 1483.994019
46246.625000 1862.553101 0.000000 1484.088989
46246.625000 1862.553101 0.000000 1484.188965
46246.625000 1862.553101 0.000000 1484.288940
46246.625000 1862.553101 0.000000 1484.389038
46246.625000 1862.553101 0.000000 1484.489990
46246.625000 1862.553101 0.000000 1484.599976
46246.625000 1862.553101 0.000000 1484.699951
46246.625000 1862.553101 0.000000 1484.800049
46246.625000 1862.553101 0.000000 1484.895020
46246.625000 1862.553101 0.000000 1485.000000
46246.625000 1862.553101 0.000000 1485.099976
46246.625000 1862.553101 0.000000 1485.199951
46246.625000 1862.553101 0.000000 1485.295044
46246.625000 1862.553101 0.000000 1485.405029
46246.625000 1862.553101 0.000000 1485.500000
46246.625000 1862.553101 0.000000 1485.584961
46246.625000 1862.553101 0.000000 1485.699951
46246.625000 1862.553101 0.000000 1485.795044
46246.625000 1862.553101 0.000000 1485.895996
46246.625000 1862.553101 0.000000 1485.998047
46246.625000 1862.553101 0.000000 1486.098022
46246.625000 1862.553101 0.000000 1486.197998
46246.625000 1862.553101 0.000000 1486.297974
46246.625000 1862.553101 0.000000 1486.397949
46246.625000 1862.553101 0.000000 1486.494995
46246.625000 1862.553101 0.000000 1486.589966
46246.625000 1862.553101 0.000000 1486.689941
46246.625000 1862.553101 0.000000 1486.790039
46246.625000 1862.553101 0.000000 1486.887939
46246.625000 1862.553101 0.000000 1486.998047
46246.625000 1862.553101 0.000000 1487.084961
46246.625000 1862.553101 0.000000 1487.185059
46246.625000 1862.553101 0.000000 1487.290039
46246.625000 1862.553101 0.000000 1487.395020
46246.625000 1862.553101 0.000000 1487.499023
46246.625000 1862.553101 0.000000 1487.598999
46246.625000 1862.553101 0.000000 1487.680054
46246.625000 1862.553101 0.000000 1487.790039
46246.625000 1862.553101 0.000000 1487.885010
46246.625000 1862.553101 0.000000 1487.989990
46246.625000 1862.553101 0.000000 1488.089966
46246.625000 1862.553101 0.000000 1488.189941
46246.625000 1862.553101 0.000000 1488.295044
46246.625000 1862.553101 0.000000 1488.395020
46246.625000 1862.553101 0.000000 1488.495972
46246.625000 1862.553101 0.000000 1488.589966
46246.625000 1862.553101 0.000000 1488.694946
46246.625000 1862.553101 0.000000 1488.790039
46246.625000 1862.553101 0.000000 1488.895020
46246.625000 1862.553101 0.000000 1488.994995
46246.625000 1862.553101 0.000000 1489.094971
46246.625000 1862.553101 0.000000 1489.199951
46246.625000 1862.553101 0.000000 1489.293945
46246.625000 1862.553101 0.000000 1489.392944
46246.625000 1862.553101 0.000000 1489.499023
46246.625000 1862.553101 0.000000 1489.593994
46246.625000 1862.553101 0.000000 1489.697998
46246.625000 1862.553101 0.000000 1489.792969
46246.625000 1862.553101 0.000000 1489.892944
46246.625000 1862.553101 0.000000 1489.994019
46246.625000 1862.553101 0.000000 1490.093018
46246.625000 1862.553101 0.000000 1490.192993
46246.625000 1862.553101 0.000000 1490.277954
46246.625000 1862.553101 0.000000 1490.397949
46246.625000 1862.553101 0.000000 1490.493042
46246.625000 1862.553101 0.000000 1490.593018
46246.625000 1862.553101 0.000000 1490.692993
46246.625000 1862.553101 0.000000 1490.801025
46246.625000 1862.553101 0.000000 1490.901001
46246.625000 1862.553101 0.000000 1491.003052
46246.625000 1862.553101 0.000000 1491.104980
46246.625000 1862.553101 0.000000 1491.204956
46246.625000 1862.553101 0.000000 1491.300049
46246.625000 1862.553101 0.000000 1491.400024
46246.625000 1862.553101 0.000000 1491.500000
46246.625000 1862.553101 0.000000 1491.593994
46246.625000 1862.553101 0.000000 1491.703979
46246.625000 1862.553101 0.000000 1491.797974
46246.625000 1862.553101 0.000000 1491.894043
46246.625000 1862.553101 0.000000 1492.000977
46246.625000 1862.553101 0.000000 1492.095947
46246.625000 1862.553101 0.000000 1492.186035
46246.625000 1862.553101 0.000000 1492.296021
46246.625000 1862.553101 0.000000 1492.392944
